depth-size
160 90
timestamp
1317859671857723
intrinsics
130.86836 130.80324 80.38718 45.643036
camera-pose
0.07107282
-0.8240726
0.56200796
0.0
0.98997355
-0.010676146
-0.14084864
0.0
0.12206955
0.56638354
0.8150513
0.0
0.07246904
0.017042559
0.010343667
1.0
depth
0
0
0
0
0
0
1373
1373
1380
1368
1345
1306
1280
1294
1331
1369
1396
1387
1378
1390
1412
1421
1402
1401
1407
1408
1416
1408
1399
1408
1408
1405
1404
1405
1427
1414
1416
1425
1441
1467
1471
1462
1495
1514
1511
1491
1470
1536
1530
1518
1529
1569
1595
1622
1620
1640
1670
1663
1654
1650
1657
1692
1679
1639
1655
1735
1798
1845
1843
1807
1777
1791
1782
1760
1754
1752
1710
1696
1693
1706
1714
1702
1730
1639
1685
1652
1667
1684
1677
1657
1618
1605
1586
1559
1559
1574
1556
1497
1456
1342
1355
1377
1394
1434
1450
1440
1411
1400
1394
1371
1356
1313
1284
1274
1273
1262
1236
1217
1230
1229
1246
1263
1272
1275
1265
1243
1239
1230
1212
1216
1205
1193
1182
1166
1127
1106
1080
1065
1061
1068
1091
1127
1089
1045
1044
1072
1049
1040
1030
1066
1074
1062
1062
638
623
807
804
804
0
0
0
0
0
0
0
0
0
0
1376
1346
1324
1275
1237
1255
1301
1399
1426
1428
1417
1402
1412
1417
1407
1403
1397
1404
1423
1416
1408
1415
1413
1409
1405
1400
1413
1412
1414
1423
1438
1473
1471
1470
1494
1537
1531
1521
1511
1540
1525
1490
1523
1558
1607
1588
1560
1574
1650
1638
1662
1636
1662
1135
1688
1658
1659
1735
1822
1837
1835
1808
1786
1785
1780
1756
1742
1748
1714
1703
1695
1693
1706
1740
1831
1644
1691
1665
1678
1698
1689
1668
1505
1462
1473
1531
1538
1562
1548
1498
1152
1145
1139
1132
1400
1451
1464
1440
1423
1407
1395
1381
1384
1361
1319
1298
1305
1297
1212
1209
1206
1236
1259
1278
1273
1277
1267
1244
1234
1226
1231
1239
1215
1207
1202
1168
1141
1116
1098
1098
1081
1069
1091
792
1043
1032
1027
1036
1059
1052
1072
1049
1046
1018
983
650
634
809
809
808
0
0
0
0
0
0
0
0
0
0
0
1298
1281
1245
1220
1268
1365
1411
1434
1442
1438
1430
1426
1423
1419
1404
1392
1405
1419
1409
1415
1424
1408
1407
1406
1395
1398
1392
1405
1439
1449
1462
1463
1460
1482
1517
1521
1514
1519
1344
1344
1444
1079
1570
1569
1553
1547
1585
1643
1621
1649
1641
1662
1128
1141
1715
1684
1752
1841
1785
1814
1804
1771
1761
1764
1753
1741
1731
1716
1703
1703
1711
1736
1776
1666
1655
1643
1670
1709
1732
1721
1703
1646
1478
1304
1522
1542
1567
1553
1497
1139
1132
1126
1496
1462
1447
1441
1425
1418
1412
1406
1419
1435
1376
1330
1302
1316
1326
1229
1225
1218
1231
1255
1267
1267
1274
1262
1251
1246
1231
1224
1227
1216
1198
1213
1189
1155
1137
1111
1080
1069
1063
1060
1100
1068
1030
1033
1008
1007
1039
1043
1038
1045
1030
988
822
646
630
812
812
0
0
0
0
0
0
0
0
0
0
0
1263
1258
1245
1243
1322
1388
1414
1433
1432
1442
1449
1439
1420
1412
1409
1394
1406
1418
1409
1420
1433
1416
1409
1407
1392
1389
1388
1407
1443
1458
1469
1457
1440
1457
1473
1474
1461
1220
1105
1106
1065
1583
1566
1594
1569
1566
1559
1579
1628
1640
1640
1655
1121
1135
1148
1131
1149
1835
1815
1822
1797
1765
1765
1754
1734
1725
1724
1718
1708
1730
1754
1758
1777
1733
1659
1723
1706
1745
1755
1732
1712
1675
1305
1296
1479
1499
1536
1397
1475
1311
1140
1134
1518
1471
1432
1422
1423
1428
1431
1432
1429
1400
1373
1334
1329
1349
1328
1268
1224
1211
1218
1249
1274
1272
1276
1257
1244
1234
1216
1210
1227
1215
1184
1188
1181
1149
1126
1119
1092
1080
1065
1045
1052
1059
1019
1003
1011
1006
1040
1051
1050
1038
1010
593
813
821
641
815
814
0
0
0
0
0
0
0
0
0
1250
1289
1284
1280
1282
1300
1359
1399
1412
1409
1411
1428
1439
1432
1420
1411
1413
1415
1416
1416
1414
1429
1442
1427
1389
1412
1396
1389
1391
1428
1444
1438
1446
1400
1405
1445
1456
1366
1089
1090
1091
1093
1522
1600
1566
1583
1568
1550
1567
1598
1607
1633
1652
1667
1164
1153
1141
1129
1147
1166
1788
1792
1782
1776
1772
1760
1738
1726
1726
1721
1723
1751
1767
1776
1801
1715
1717
1738
1707
1708
1732
1717
1676
1654
1195
1195
1460
1482
1522
1533
1500
1194
1132
1126
1464
1445
1443
1434
1422
1428
1436
1437
1424
1408
1387
1350
1346
1353
1326
1277
1231
1225
1227
1245
1265
1264
1265
1240
1245
1223
1211
1201
1206
1190
1178
1179
1166
1158
1138
1103
1092
1075
1058
1054
1067
1063
1033
1013
994
1006
1019
1042
1055
819
659
953
792
824
817
817
817
0
0
0
0
0
0
0
0
1158
1198
1267
1320
1325
1329
1347
1382
1401
1400
1398
1409
1427
1439
1437
1421
1401
1399
1413
1417
1412
1409
1423
1445
1437
1422
1398
1393
1390
1401
1442
1445
1422
1411
1394
1431
1448
1449
1470
1417
1077
1017
1020
1504
1543
1562
1556
1582
1558
1555
1590
1630
1656
1660
1668
1127
1121
1134
1127
1145
1164
1184
1754
1777
1779
1773
1759
1746
1735
1734
1721
1735
1768
1765
1762
1776
1796
1464
1703
1691
1691
1714
1679
1635
1636
1195
1195
1497
1506
1511
1507
1455
1190
1123
1118
1180
1432
1429
1415
1403
1404
1423
1428
1411
1401
1389
1355
1341
1340
1323
1281
1232
1217
1220
1237
1257
1262
1258
1232
1223
1204
1166
1165
1194
1174
1156
1167
1156
1134
1105
1089
1085
1090
1067
1068
1082
1072
1030
1000
994
1008
1016
1038
1063
829
666
935
824
824
820
819
818
0
0
0
0
0
0
0
0
1158
1218
1293
1351
1362
1355
1345
1368
1398
1380
1403
1419
1434
1440
1432
1423
1414
1408
1407
1419
1421
1409
1417
1441
1439
1422
1404
1395
1392
1420
1463
1460
1447
1445
1425
1436
1447
1458
1505
1510
1486
1514
1494
1521
1541
1573
1577
1600
1584
1583
1604
1645
1657
1651
1649
1497
1560
1637
1701
1683
1162
1181
1760
1793
1803
1791
1770
1758
1749
1747
1751
1750
1760
1769
1773
1793
1834
1850
1461
1728
1753
1766
1714
1653
1637
1620
1601
1616
1590
1564
1448
1427
1367
1182
1178
1178
1438
1408
1403
1409
1423
1446
1437
1439
1430
1407
1379
1355
1352
1336
1154
1240
1223
1242
1255
1265
1267
1268
1233
1208
1197
1183
1167
1169
1153
1140
1159
1152
1132
1119
1103
1092
1099
1086
1079
1085
1091
1081
1043
1042
1024
1041
1051
1064
1049
1018
649
854
825
822
820
819
0
0
0
0
0
0
0
0
1161
1289
1348
1375
1375
1360
1342
1357
1383
1389
1413
1429
1430
1430
1433
1426
1413
1402
1397
1414
1420
1416
1419
1440
1442
1424
1406
1393
1384
1419
1476
1484
1490
1468
1028
1442
1452
1480
1546
1556
1531
1546
1547
1532
1550
1579
1591
1610
1607
1590
1613
1637
1643
1620
1623
1617
1631
1652
1665
1669
1666
1741
1777
1776
1789
1783
1772
1765
1753
1758
1749
1731
1754
1775
1766
1773
1808
1157
1155
1750
1777
1787
1215
1650
1634
1622
1612
1651
1619
1558
1508
1465
1184
1325
1175
1220
1214
1401
1444
1452
1449
1462
1446
1433
1438
1435
1407
1388
1355
1313
1276
1262
1240
1238
1249
1254
1261
1260
1241
1227
1113
1156
1145
1156
1145
1140
1162
1165
1141
1119
1110
1093
1097
1081
1084
1086
1108
1099
1061
1062
1029
1043
1078
1079
1069
738
657
858
682
823
821
820
0
0
0
0
0
0
0
0
1233
1258
1258
1254
1263
1295
1324
1339
1398
1407
1415
1432
1434
1426
1430
1409
1386
1376
1374
1398
1430
1431
1427
1438
1441
1424
1407
1388
1363
1414
1492
1479
1482
1462
967
1449
1462
1489
1538
1542
1558
1533
1537
1484
1560
1580
1603
1614
1620
1611
1617
1620
1614
1596
1596
1635
1634
1634
1655
1705
1748
1809
1801
1761
1762
1767
1766
1763
1757
1752
1736
1745
1758
1769
1771
1765
1840
1875
1152
1758
1768
1768
1734
1676
1625
1596
1594
1633
1621
1584
1530
1278
1180
1176
1135
1476
1126
1122
1506
1479
1456
1461
1450
1447
1443
1438
1416
1391
1354
1312
1290
1249
1230
1233
1248
1264
1257
1271
1258
1229
1048
1146
1155
1165
1152
1156
1156
1165
1146
1134
1122
1117
1116
1093
1096
1090
1111
1106
1096
1077
1069
1068
1088
1073
1067
734
720
696
680
829
830
835
856
0
0
0
0
0
0
0
1233
1258
1258
1256
1247
1257
1336
1343
1388
1426
1439
1445
1453
1454
1451
1421
1392
1374
1363
1368
1410
1430
1430
1432
1432
1417
1405
1381
1346
1416
1496
1463
1465
1468
958
1465
1465
1502
1519
1523
1556
1539
1008
1031
1036
1595
1609
1077
1663
1647
1625
1620
1613
1589
1589
1620
1609
1617
1658
1711
1776
1801
1778
1758
1762
1765
1766
1758
1749
1757
1744
1747
1758
1757
1762
1791
1851
1136
1774
1749
1763
1776
1736
1660
1608
1574
1552
1582
1627
1603
1550
1497
1484
1144
1135
1483
1476
1484
1490
1474
1466
1468
1453
1444
1434
1428
1420
1401
1360
1155
1259
1237
1224
1234
1256
1273
1271
1288
1264
1256
1223
1181
1186
1167
1154
1155
1174
1174
1148
1130
1114
1121
1118
1115
1119
1123
1142
1118
1105
1085
1079
1098
1101
1079
1076
1058
770
693
677
845
850
855
857
0
0
0
0
0
0
0
0
1258
1258
1364
1354
1347
1347
1341
1387
1424
1438
1440
1449
1462
1469
1458
1432
1408
1389
1396
1421
1431
1429
1428
1427
1412
1407
1373
1336
1351
1452
1459
1475
1485
950
1462
1460
1497
1501
1509
1564
1542
1547
1537
1528
1599
1631
1625
1668
1654
1624
1611
1622
1604
1597
1621
1604
1614
1664
1727
1775
1776
1778
1783
1781
1777
1762
1739
1733
1754
1736
1751
1761
1757
1763
1784
1822
1130
1764
1734
1733
1734
1702
1657
1615
1586
1575
1607
1611
1576
1542
1518
1541
1145
1135
1135
1487
1519
1500
1462
1467
1451
1439
1435
1427
1419
1408
1396
1358
1322
1278
1085
1211
1232
1246
1269
1281
1297
1275
1267
1007
1186
1189
1182
1178
1164
1163
1162
1139
1119
1108
1109
1131
1123
1120
1125
1137
1127
1118
1112
1103
1090
1098
1093
1092
1062
1053
690
675
857
858
654
857
0
0
0
0
0
0
0
0
0
0
1425
1423
1413
1389
1382
1404
1415
1411
1420
1434
1450
1462
1463
1452
1442
1434
1442
1454
1454
1451
1442
1426
1407
1414
1375
1340
1349
1434
1468
1493
1477
1486
1465
1457
1489
1477
1491
1530
1526
1561
1535
1543
1594
1620
1619
1652
1641
1622
1613
1605
1610
1611
1626
1612
1619
1664
1724
1776
1789
1782
1798
1806
1782
1755
1728
1704
1728
1301
1729
1770
1772
1777
1792
1127
1124
1802
1760
1734
1718
1720
1702
1635
1600
1591
1605
1611
1604
1567
1274
1177
1179
1170
1170
1509
1548
1514
1476
1465
1464
1452
1435
1421
1413
1410
1393
1367
1353
1285
1240
1230
1250
1261
1284
1287
1280
1268
1282
1008
1198
1213
1199
1172
1156
1158
1158
1145
1124
1107
1101
1115
1119
1120
1131
1143
1135
1121
1111
1100
1097
1105
1114
1099
1061
702
686
889
861
661
652
857
0
0
0
0
0
0
0
0
0
1434
1433
1432
1431
1426
1421
1425
1419
1411
1421
1436
1446
1454
1458
1452
1446
1452
1476
1483
1473
1467
1452
1430
1408
1420
1388
1360
1366
1451
1448
1473
1487
1491
1467
1479
1477
1471
1505
1528
1552
1577
1532
1561
1608
1614
1623
1632
1632
1625
1618
1604
1612
1636
1655
1643
1631
1672
1732
1767
1794
1801
1803
1796
1776
1747
1733
1716
1357
1658
1225
1786
1779
1768
1209
1843
1865
1821
1772
1732
1727
1753
743
1557
1615
1626
1617
1611
1637
1641
1129
1124
1285
508
732
1519
1530
1514
1498
1475
1459
1443
1419
1410
1410
1411
1396
1383
1358
1321
1069
1178
1251
1288
1266
1304
1294
1291
1276
1273
1219
1207
1198
1179
1162
1159
1150
1126
1111
1096
1095
1120
1122
1106
1128
1137
1129
1130
1122
1110
1107
1106
1109
1094
1068
698
683
881
861
659
650
0
662
0
0
0
0
0
0
0
1443
1437
1432
1427
1425
1424
1418
1405
1405
1416
1432
1448
1447
1449
1450
1445
1436
1450
1479
1490
1476
1464
1451
1422
1410
1420
1398
1377
1425
1481
1457
1446
1502
1488
1467
1484
1476
1471
1524
1551
1019
1020
1556
1579
1596
1029
1034
1062
1610
1617
1610
1607
1624
1666
1667
1630
1636
1676
1732
1780
1799
1786
1787
1783
1773
1753
1761
1750
1703
1735
1796
1795
1789
1782
1793
1831
1870
1764
1737
584
585
580
579
583
743
1644
1629
542
542
1695
542
573
615
512
549
1526
1436
1436
1494
1474
1447
1449
1433
1405
1393
1382
1374
1368
1374
1334
1062
1102
1137
1151
1142
1134
1126
1117
1081
1297
1237
1208
1199
1177
1154
1158
1161
1135
1115
1104
1105
1107
1100
1006
1135
1143
1133
1123
1119
1109
1109
1110
1095
1080
1055
694
882
879
861
657
649
664
657
0
0
0
0
0
0
1442
1443
1440
1437
1433
1427
1420
1414
1407
1411
1426
1429
1435
1438
1434
1434
1433
1427
1445
1464
1476
1472
1455
1441
1409
1412
1425
1402
1383
1486
1495
1476
1457
1500
1486
1467
1470
1468
1475
1048
1018
1021
1024
1027
1595
1578
1028
1034
1045
1064
1615
1602
1604
1625
1680
1671
1625
1638
1688
1712
1735
1777
1775
1779
1773
1768
1755
1756
1752
1769
1800
1812
1804
1787
1799
650
649
649
649
610
600
594
595
588
587
586
572
565
558
560
571
566
555
550
550
532
525
521
520
1475
1461
1475
1498
1160
1150
1141
1410
1081
1074
1067
1052
1040
892
1020
1380
553
1050
1123
1115
1081
1012
1000
1029
1024
1159
1154
1166
1175
1154
1129
1128
1122
1107
1092
1014
1123
1139
1126
1130
1125
1120
1109
1100
1089
1081
1061
1011
882
879
862
855
848
659
653
0
0
0
0
0
0
1442
1443
1443
1443
1441
1436
1427
1420
1418
1422
1431
1434
1436
1427
1416
1422
1427
1428
1443
1449
1455
1454
1443
1429
1414
1418
1434
1413
1416
1500
1508
1488
1468
1504
1478
1472
1485
1471
1499
1047
1073
1020
1023
1026
1616
1585
1028
1033
1046
1051
1616
1596
1604
1628
1671
1668
1630
1638
1670
1684
1734
1776
1790
1799
1788
1769
1750
1768
1779
1770
1784
1790
1800
640
641
644
653
652
638
613
606
598
598
593
589
583
573
568
564
562
564
558
547
545
542
529
524
519
514
509
507
508
507
504
505
607
616
611
619
628
1051
718
722
571
565
548
548
821
542
542
545
568
934
1022
1167
1144
1161
1177
1172
1151
1131
1122
1123
1118
1119
1134
1148
1128
1124
1118
1118
1114
1103
1091
1088
1012
948
876
875
861
855
850
655
649
0
0
0
0
0
0
1442
1443
1444
1445
1445
1442
1433
1426
1428
1435
1439
1438
1434
1420
1410
1419
1431
1435
1446
1440
1438
1429
1428
1417
1415
1417
1441
1423
1447
1488
1508
1500
1468
1513
1473
1484
1508
1502
1050
1047
1063
1018
1021
1565
1597
1583
1036
1042
1047
1052
1616
1599
1615
1643
1663
1661
1635
1641
1669
1687
1749
1813
1825
1813
1786
1760
1753
1772
1775
1766
1774
626
629
649
653
536
648
641
529
615
607
602
598
594
589
582
576
572
566
560
555
549
542
537
531
527
523
517
514
509
507
507
505
508
515
496
488
488
567
575
610
664
642
566
526
532
519
514
504
533
537
556
527
531
912
1147
1168
1185
1176
1147
1119
1131
1145
1126
1116
1135
1144
1127
1121
1129
1128
1115
1105
1093
1092
1019
1010
869
870
859
855
852
0
0
0
0
0
0
0
0
1442
1443
1444
1443
1441
1438
1431
1427
1431
1435
1435
1430
1421
1422
1418
1419
1441
1447
1448
1428
1423
1416
1406
1405
1403
1408
1442
1427
1460
1502
1493
1496
1474
1517
1486
1496
1517
1525
1462
1039
1037
1035
1024
1563
1585
1593
1579
1042
1047
1618
1613
1616
1633
1653
1665
1669
1641
1644
1682
1715
1756
1802
1820
1804
1761
1737
1742
1768
1775
714
677
651
649
656
657
651
647
638
630
617
611
605
600
594
589
584
578
571
565
559
556
552
544
536
530
528
523
517
514
510
508
507
503
505
496
492
487
498
507
495
502
660
581
531
523
516
515
514
510
519
528
539
546
551
999
1182
1098
1126
1155
1148
1134
1117
1141
1144
1120
1143
1153
1135
1126
1128
1127
1114
1106
1103
1101
1002
1017
885
874
858
855
853
0
0
0
0
0
0
0
0
1442
1437
1433
1424
1412
1406
1412
1416
1422
1425
1429
1433
1430
1428
1425
1412
1443
1455
1449
1426
1412
1418
1394
1400
1385
1397
1434
1436
1485
1512
1497
1484
1491
1521
1504
1520
1522
1535
1529
1460
1033
1032
1576
1569
1594
1596
1571
1039
1043
1627
1616
1619
1638
1664
1676
1672
1649
1656
1695
1723
1758
1791
1798
1776
1745
1728
1730
698
698
704
689
681
675
663
659
653
647
635
627
617
612
608
607
601
590
582
576
569
563
558
557
552
546
540
531
529
526
520
515
512
510
508
500
497
493
487
486
492
498
488
471
493
475
511
524
512
512
516
513
511
515
524
522
526
531
553
613
820
1037
1045
512
537
509
509
1057
1152
1146
1129
1125
1126
1127
1122
1108
1097
1090
1068
1069
899
886
857
855
854
0
0
0
0
0
0
0
0
1438
1341
1327
1317
1347
1349
1375
1390
1403
1417
1434
1441
1445
1444
1434
1416
1439
1448
1447
1435
1414
1419
1403
1398
1389
1398
1434
1431
1013
1487
1492
1480
1509
1523
1513
1544
1529
1530
1542
1544
1473
1520
1579
1564
1574
1585
1035
1040
1045
1639
1630
1622
1646
1669
1679
1674
1648
1662
1694
1716
1741
1769
509
1761
1754
681
691
701
697
701
693
683
677
668
660
654
645
636
627
617
614
610
606
600
588
580
573
569
565
559
556
552
547
540
531
528
526
522
518
515
512
508
500
495
490
487
487
485
481
477
469
461
462
468
496
521
519
515
509
509
510
512
517
523
529
540
546
581
606
500
511
518
509
511
508
966
1134
1132
1126
1124
1127
1122
1112
1105
1102
1086
1083
882
884
856
856
856
0
0
0
0
0
0
0
0
1436
1331
1305
1293
1294
1312
1351
1371
1386
1403
1424
1447
1463
1461
1454
1437
1447
1447
1443
1438
1420
1420
1416
1404
1410
1416
1439
1416
1021
1378
1026
1003
1515
1510
1534
1556
1533
1523
1541
1554
1500
1541
1574
1564
1554
1559
1037
1041
1615
1640
1641
1639
1651
1665
1676
1674
1652
1663
1695
1728
1754
1772
1770
503
694
705
709
713
699
696
688
681
678
669
660
653
642
635
628
621
616
609
600
592
586
583
577
571
568
564
561
556
549
544
535
529
524
521
517
514
512
507
501
498
493
490
488
485
479
470
463
459
456
462
454
456
467
484
505
503
514
508
508
514
521
525
511
527
547
542
492
507
507
507
505
505
948
1139
1128
1133
1139
1129
1123
1116
1106
1086
1083
865
871
857
857
856
0
0
0
0
0
0
0
0
1437
1319
1278
1255
1256
1289
1349
1369
1368
1394
1420
1448
1473
1470
1465
1453
1448
1447
1440
1433
1428
1424
1428
1420
1422
1428
1438
1405
1400
1404
1418
1492
1508
1505
1564
1562
1535
1521
1551
1560
1517
1567
1586
1570
1548
1545
1568
1057
1625
1653
1655
1656
1647
1660
1675
1671
1652
1666
1706
1734
1751
1767
1770
507
718
724
728
719
703
690
680
677
675
668
658
649
643
636
630
623
616
609
600
592
588
585
580
577
576
571
564
559
550
543
533
528
524
518
513
511
512
506
501
497
493
490
489
485
475
465
456
453
452
452
452
454
463
453
456
453
491
506
512
509
510
514
511
515
510
506
495
496
497
497
501
505
939
1121
1125
1125
1132
1129
1127
1124
1111
1091
1097
1009
857
857
857
857
0
0
0
0
0
0
0
0
1432
1324
1245
1224
1214
1224
1348
1379
1369
1406
1426
1438
1451
1475
1460
1459
1434
1426
1433
1428
1441
1433
1437
1434
1434
1430
1436
1400
1412
1458
1444
1050
1045
1537
1573
1555
1525
1521
1547
1559
1540
1593
1601
1582
1558
1552
1573
1605
1635
1655
1648
1652
1650
1658
1680
1676
1656
1676
1717
1730
1732
527
518
746
744
733
725
718
705
691
683
679
675
669
658
649
644
637
630
623
616
610
603
597
592
589
583
578
577
572
564
556
545
538
531
525
522
516
514
514
511
506
500
496
490
487
488
482
472
463
452
447
446
447
446
447
450
451
453
453
436
407
403
400
396
506
507
509
507
501
497
494
488
488
489
501
529
756
1074
1124
1142
1137
1122
1118
1107
1096
1108
1148
857
857
857
856
0
0
0
0
0
0
0
0
1251
1210
1205
1193
1184
1220
1343
1395
1386
1414
1429
1436
1430
1452
1452
1456
1437
1420
1429
1432
1458
1451
1446
1447
1448
1432
1435
1400
1403
1434
1408
1385
1057
1052
1047
1542
1518
1519
1533
1551
1556
1606
1617
1595
1568
1569
1588
1612
1634
1642
1634
1635
1647
1663
1686
1687
1668
1681
1710
1721
735
537
745
744
740
728
719
713
705
695
686
680
673
667
659
650
645
639
631
624
618
611
605
600
594
589
583
577
571
565
559
552
540
531
529
527
522
517
512
510
507
505
501
496
491
487
486
481
470
459
449
446
446
444
446
445
443
443
441
448
384
384
446
395
428
485
500
509
505
464
475
489
483
480
486
500
504
552
997
1114
1142
1135
1112
1108
1106
1105
1118
1149
906
864
856
855
0
0
0
0
0
0
0
1338
1180
1156
1182
1170
1173
1223
1335
1393
1381
1402
1430
1433
1426
1435
1439
1430
1447
1434
1434
1439
1463
1464
1456
1460
1452
1432
1427
1397
1388
1435
1414
1403
1070
1065
1059
1054
1049
1075
1062
1582
1562
1619
1644
1603
1572
1584
1605
1630
1642
1646
1641
1636
1631
1651
1673
1675
1661
1672
1698
730
732
650
745
742
740
732
721
713
703
695
685
675
669
665
661
654
646
640
635
627
620
613
606
597
591
585
579
573
565
560
556
550
541
534
530
527
523
518
513
508
504
502
502
499
492
487
484
475
464
457
453
450
449
449
448
445
443
441
438
435
434
433
432
431
428
427
425
502
511
479
480
486
482
476
483
495
504
528
580
908
1072
1014
1034
1070
1099
1108
1121
1141
1185
852
854
853
0
0
0
0
0
0
0
1339
1211
1185
1171
1167
1177
1262
1366
1406
1390
1421
1435
1434
1429
1441
1414
1415
1433
1437
1449
1442
1449
1472
1472
1466
1452
1431
1420
1398
1397
1434
1408
1397
1092
1226
1191
1067
1061
1072
1068
1060
1061
1633
1646
1611
1599
1609
1617
1633
1635
1643
1642
1642
1627
1629
1651
1652
1636
1648
738
745
741
744
739
737
739
736
724
711
699
692
682
673
667
667
668
661
649
640
634
628
622
615
605
594
588
580
575
571
563
559
555
549
542
537
532
529
522
514
506
503
503
499
499
499
493
487
483
477
471
464
457
453
451
452
448
446
444
441
439
436
435
433
431
429
427
426
424
421
421
463
475
486
481
478
477
486
502
526
600
866
1012
999
1001
1066
1090
1103
1116
1112
850
852
852
851
0
0
0
0
0
0
0
1339
1310
1291
1274
1256
1240
1327
1402
1427
1404
1452
1455
1440
1430
1437
1431
1415
1430
1445
1451
1438
1444
1477
1487
1469
1451
1432
1420
1405
1412
1426
1376
1361
1270
1257
1222
1180
1154
1080
1079
1070
1071
1073
1633
1601
1609
1620
1608
1619
1600
1621
1635
1645
1628
1625
1639
1631
1615
790
744
754
749
741
735
737
739
736
721
709
701
693
684
675
669
670
672
667
651
640
633
626
618
612
603
592
585
579
575
570
565
560
556
552
544
536
530
526
524
514
505
503
499
496
495
491
489
481
478
476
469
463
458
455
454
452
451
451
447
444
442
439
435
432
430
429
426
426
424
421
421
420
421
468
483
480
485
495
499
477
493
864
1009
921
950
1044
1088
1094
1104
1101
850
850
850
848
0
0
0
0
0
0
0
1337
1337
1337
1334
1324
1314
1345
1374
1386
1397
1447
1465
1434
1432
1444
1458
1429
1455
1469
1432
1427
1440
1470
1486
1466
1438
1427
1421
1406
1412
1415
1353
1336
1274
1296
1257
1178
1145
1124
1116
1054
1054
1055
1084
1507
1597
1599
1601
1608
1583
1608
1647
1664
1641
1632
1626
1609
1598
738
788
764
750
740
737
741
741
735
721
713
709
705
694
680
675
672
671
665
652
642
632
621
614
609
604
596
587
578
573
573
569
562
558
555
548
539
532
524
519
513
506
504
504
499
492
486
481
478
477
476
473
466
460
456
455
455
455
452
450
453
452
443
437
429
426
423
421
423
423
422
421
419
420
420
448
448
494
469
469
477
488
762
986
922
952
1044
1091
1097
1103
1100
0
0
0
0
0
0
0
0
0
0
0
1318
1322
1324
1326
1331
1346
1368
1380
1384
1399
1443
1447
1450
1441
1461
1466
1463
1475
1469
1421
1412
1426
1441
1445
1444
1434
1419
1411
1396
1391
1398
1366
1323
1321
1326
1274
1192
1150
1126
1117
1113
1064
1064
1259
1322
1412
1487
1530
1463
1367
1135
1133
1092
1667
1646
1618
1594
756
750
791
775
751
736
736
739
741
742
729
719
714
709
698
687
681
676
670
662
652
642
628
618
614
610
603
598
590
579
576
575
571
565
560
558
554
541
530
524
518
514
511
508
504
500
497
490
482
476
474
474
474
469
462
457
455
455
453
452
452
453
451
441
437
430
423
421
421
421
421
420
419
417
416
417
420
419
419
469
469
470
470
0
0
1074
1075
1086
1095
1102
0
0
0
0
0
0
0
0
0
0
0
0
0
1286
1289
1293
1302
1328
1368
1390
1395
1403
1405
1438
1453
1469
1472
1457
1462
1481
1487
1467
1422
1412
1414
1424
1415
1428
1427
1416
1402
1392
1384
1399
1385
1362
1391
1284
1333
1236
1172
1136
1122
1115
1083
1149
1217
1136
1398
1333
1302
1275
1147
1138
1129
1661
1676
1661
1630
831
789
809
797
785
765
745
743
744
743
735
726
719
714
707
699
690
685
678
670
660
649
638
625
617
615
611
604
596
587
580
578
576
571
566
563
559
552
541
530
524
519
515
513
509
504
501
498
491
483
477
476
477
475
469
464
459
454
450
449
449
451
452
441
435
436
420
419
419
418
418
418
418
417
416
415
417
420
417
419
0
470
470
470
0
0
0
0
0
0
0
0
0
0
0
0
0
0
0
0
0
0
0
0
1277
1278
1281
1292
1321
1370
1396
1399
1412
1414
1436
1457
1472
1533
1570
1471
1477
1484
1487
1457
1440
1422
1417
1417
1425
1423
1421
1410
1396
1401
1415
1407
1398
1292
1282
1400
1267
1203
1158
1135
1090
1086
1137
1141
1146
1151
1154
1152
1431
1150
1141
1132
1123
1679
1664
801
790
823
811
803
794
776
758
753
747
739
725
713
709
709
701
696
690
682
677
670
663
649
636
624
616
613
609
603
595
587
582
580
577
571
567
565
558
549
538
528
521
516
515
513
510
504
497
491
489
484
482
482
477
473
468
463
458
452
448
450
445
443
447
445
439
432
427
425
424
420
418
416
411
415
417
416
416
416
418
420
13768
13979
14135
14216
0
0
0
0
0
0
0
0
0
0
0
0
0
0
0
0
0
0
0
0
1278
1279
1282
1291
1318
1373
1393
1398
1399
1413
1441
1472
1480
1476
1483
1483
1493
1497
1496
1474
1455
1441
1426
1425
1429
1426
1424
1429
1402
1408
1408
1389
1382
1413
1353
1352
1318
1238
1173
1154
1143
1096
1100
1103
1156
1161
1164
1162
1160
1599
1617
1673
1688
1669
837
806
795
827
816
809
800
780
760
753
747
740
729
713
704
702
703
700
688
679
673
666
660
648
631
620
617
612
608
603
595
590
585
580
577
571
567
565
562
550
537
530
523
518
515
515
515
510
501
497
491
486
483
479
475
472
465
458
456
454
446
442
443
443
444
442
439
434
429
427
427
424
422
421
408
412
416
415
416
418
419
421
13774
13995
14300
14633
14898
0
0
0
0
0
0
0
0
0
0
0
0
0
0
0
0
0
0
0
1321
1321
1321
1321
1390
1391
1395
1405
1410
1431
1461
1493
1447
1449
1439
1439
1490
1490
1482
1468
1455
1450
1442
1430
1426
1421
1418
1426
1404
1421
1408
1386
1395
1311
1266
1256
1267
1248
1189
1165
1154
1160
1110
1113
1167
1172
1173
1156
1677
1646
1639
1651
1130
1564
848
811
838
829
822
815
805
784
766
757
751
739
729
718
708
707
705
699
690
683
677
668
656
644
630
622
618
614
609
602
596
591
585
581
575
570
567
567
564
556
542
535
526
521
521
522
520
516
506
499
495
489
478
472
470
466
466
459
456
455
450
442
439
436
433
435
437
437
431
429
429
426
421
418
413
409
413
416
419
421
422
424
13782
14015
14330
14726
15208
15921
0
0
0
0
0
0
0
0
0
0
0
0
0
0
0
0
0
0
1226
1226
1226
1226
1394
1397
1407
1421
1427
1447
1451
1480
1441
1432
1406
1413
1421
1422
1463
1462
1454
1454
1454
1427
1428
1415
1412
1418
1407
1405
1391
1368
1272
1284
1257
1221
1272
1259
1221
1192
1180
1184
1191
1173
1206
1636
1675
1689
1694
1651
1633
1142
1578
860
848
849
834
827
822
813
797
786
751
745
745
741
735
731
720
710
703
695
690
684
672
663
653
642
634
627
620
614
607
599
596
591
586
581
576
571
570
569
563
549
539
530
523
523
522
521
519
516
509
503
499
488
441
469
450
451
451
454
451
442
440
436
438
445
442
440
441
440
436
432
429
425
425
405
411
421
410
414
422
424
424
7543
13788
14019
20181
15056
15251
15923
0
0
0
0
0
0
0
0
0
0
0
0
0
0
0
0
0
0
1226
1226
1227
1226
1346
1406
1421
1436
1440
1447
1483
1493
1503
1494
1401
1408
1416
1417
1448
1456
1461
1462
1450
1443
1441
1427
1415
1415
1401
1381
1362
1332
1294
1254
1229
1252
1179
1179
1260
1229
1218
1220
1205
1209
1175
1660
1667
1672
1673
1640
1626
1171
1514
831
855
805
831
817
804
796
787
778
763
744
749
747
739
731
720
710
700
691
687
680
668
660
655
648
638
625
613
610
604
598
593
588
585
583
579
573
572
570
568
558
545
532
523
521
518
516
511
512
510
500
488
479
445
452
437
453
450
449
438
436
437
435
440
442
440
440
441
441
439
435
428
426
402
420
416
419
421
420
421
421
419
419
13788
14020
13915
13979
18814
18943
18975
0
0
0
0
0
0
0
0
0
0
0
0
0
0
0
0
1208
1219
1221
1228
1281
1348
1408
1431
1446
1445
1447
1493
1500
1487
1488
1485
1501
1475
1448
1440
1449
1460
1463
1453
1457
1449
1441
1425
1411
1391
1368
1343
1302
1269
1245
1224
1209
1179
1179
1290
1276
1272
1273
1309
1219
1607
1640
1646
1656
1660
1631
1182
1170
767
827
851
816
812
812
804
791
777
770
765
752
752
750
743
732
721
708
696
691
683
676
670
664
656
514
513
514
516
518
603
594
588
584
584
583
579
574
573
571
569
558
542
534
527
524
522
516
514
516
509
494
482
453
449
444
440
436
432
444
440
438
433
432
433
434
435
438
439
417
417
427
416
391
405
413
392
405
421
421
420
420
419
3124
21096
0
18444
18501
18980
18982
18983
0
15991
15986
15980
15973
15968
0
0
0
0
0
0
0
0
0
0
1208
1210
1213
1230
1290
1357
1414
1436
1447
1444
1436
1472
1480
1481
1474
1467
1489
1469
1449
1437
1440
1455
1466
1461
1454
1450
1453
1428
1392
1376
1367
1346
1295
1272
1248
1211
1189
1196
1179
1267
1336
1351
1356
1426
1563
1622
1628
1631
1662
1689
1626
1182
1170
948
823
834
824
812
808
799
781
774
768
765
760
759
756
747
733
713
697
696
694
687
675
670
665
510
514
514
514
518
519
529
531
581
582
584
582
578
575
573
572
570
567
498
528
521
519
518
515
515
513
510
466
461
457
452
448
444
450
449
432
441
438
433
428
424
427
427
431
429
420
419
420
409
398
395
405
393
401
418
419
419
419
419
419
21096
0
19037
19006
18977
18945
16941
16021
16009
16000
15974
15974
15975
0
0
0
0
0
0
0
0
0
0
1208
1208
1214
1233
1291
1411
1423
1438
1440
1434
1427
1458
1466
1476
1470
1460
1475
1466
1450
1436
1437
1445
1457
1463
1456
1442
1444
1427
1407
1377
1363
1355
1301
1289
1249
1202
1182
1179
1202
1243
1361
1419
1430
1502
1593
1621
1622
1638
1670
1697
1660
1183
979
880
825
825
817
810
805
794
785
779
770
768
769
767
764
753
732
716
709
709
701
506
513
512
516
516
514
514
503
514
519
525
530
532
586
585
580
578
575
574
573
571
565
500
499
487
487
507
476
487
505
506
470
465
461
449
446
447
443
406
404
402
428
429
429
435
437
428
425
421
414
408
407
405
402
400
399
393
402
417
418
418
417
417
419
420
0
18993
18500
17731
17681
17003
16589
16051
16005
16001
15996
15977
0
0
0
0
0
0
0
0
0
0
0
0
1237
1237
1298
1411
1427
1434
1436
1435
1444
1461
1460
1461
1465
1464
1410
1408
1456
1446
1443
1449
1455
1461
1451
1432
1422
1416
1411
1386
1358
1348
1334
1321
1244
1199
1178
1173
1186
1236
1385
1469
1491
1498
1542
1608
1623
1647
1664
1686
1703
947
894
884
851
844
830
822
815
795
787
782
775
774
773
778
780
762
732
716
715
712
508
505
514
515
516
516
516
497
503
510
503
506
507
543
543
586
578
575
574
573
573
571
565
502
500
486
490
493
488
489
497
496
484
469
465
440
453
451
412
410
408
406
404
402
434
438
436
431
428
424
403
395
392
397
399
393
384
385
407
414
416
418
418
424
802
856
865
867
16950
4149
4469
16956
16945
16655
16008
16004
16001
15979
0
0
0
0
0
0
0
0
0
0
0
0
0
0
0
0
1427
1430
1435
1447
1429
1430
1470
1422
1424
1427
1417
1417
1467
1460
1457
1457
1464
1462
1449
1429
1420
1412
1413
1404
1366
1356
1351
1345
1168
1196
1180
1182
1182
1275
1419
1516
1542
1545
1554
1571
1598
1634
1657
1685
1714
942
899
887
866
850
835
825
819
807
796
787
779
773
774
786
793
750
731
715
713
511
507
514
514
515
516
520
520
505
498
500
503
506
507
504
526
543
502
551
572
570
569
566
505
503
502
492
489
494
491
485
484
473
459
454
461
440
440
452
416
414
412
410
408
406
404
431
434
430
427
422
414
405
399
396
395
393
388
391
441
425
423
428
456
616
694
864
648
648
16961
4618
5919
16966
16967
16953
16010
16006
16004
0
0
0
0
0
0
0
0
0
0
0
0
0
0
0
0
1419
1428
1430
1435
1445
1465
1462
1446
1455
1426
1440
1442
1508
1485
1472
1465
1465
1465
1459
1450
1441
1428
1411
1414
1407
1378
1371
1362
1342
1289
1239
1211
1184
1202
1421
1475
1525
1535
1553
1571
1576
1625
1653
1654
1658
927
937
890
655
643
786
822
829
818
810
807
798
787
780
777
781
780
759
735
516
513
510
511
514
513
515
516
516
483
501
504
490
507
507
506
504
525
588
502
504
524
516
562
558
506
505
504
488
484
480
477
472
465
471
468
454
448
441
442
450
420
418
416
414
412
410
408
455
447
424
416
409
409
403
392
389
389
384
388
389
418
431
589
583
613
661
690
734
686
656
1460
16966
16968
16969
16965
16798
16261
13607
11464
11177
11040
11041
0
0
0
0
0
0
0
0
0
0
0
0
0
1418
1424
1431
1435
1441
1459
1467
1455
1453
1442
1444
1445
1533
1498
1481
1473
1472
1469
1459
1459
1449
1428
1407
1397
1403
1395
1390
1371
1362
1332
1299
1289
1199
1206
1444
1468
1515
1522
1526
1153
1136
1654
1660
1649
1646
939
927
895
855
792
639
775
805
795
802
803
798
797
791
783
780
763
743
727
713
516
513
511
515
513
516
516
516
485
483
482
486
502
475
477
477
468
0
502
464
465
481
485
481
485
503
468
461
479
477
472
465
461
457
454
450
449
446
444
448
450
422
420
418
416
414
412
432
437
432
419
408
400
395
391
391
389
384
388
393
419
439
502
523
714
767
724
770
795
870
886
16969
16971
16972
16619
16597
16310
13921
11530
11198
11045
11046
0
0
0
0
0
0
0
0
0
0
1389
1391
1395
1413
1417
1428
1435
1441
1465
1462
1460
1458
1462
1458
1449
1542
1517
1497
1486
1483
1473
1463
1455
1442
1427
1407
1400
1409
1411
1418
1411
1413
1410
1387
1381
1407
1454
1472
1478
1497
1496
1486
1502
1568
1632
1641
1642
929
937
926
918
873
814
646
760
789
788
800
795
793
791
781
767
762
531
726
717
531
520
514
512
512
511
513
516
512
488
484
483
483
487
490
477
477
468
533
533
464
465
470
483
480
484
462
473
464
461
457
463
461
460
458
455
452
451
450
448
450
456
457
455
452
435
435
436
454
454
452
441
401
398
396
395
392
392
392
388
499
551
434
443
481
597
690
863
704
709
872
873
0
0
0
16257
16227
15977
13349
11193
11091
11048
11051
0
0
0
0
0
0
0
0
0
0
1392
1394
1397
1406
1416
1426
1436
1441
1458
1458
1459
1459
1460
1460
1525
1525
1518
1501
1495
1495
1483
1474
1460
1443
1429
1415
1416
1411
1415
1433
1438
1445
1449
1456
1471
1476
1486
1503
1492
1471
1470
1479
1498
1568
1619
1642
959
940
932
925
914
896
841
654
767
787
793
793
795
793
789
552
546
540
534
712
523
532
520
520
518
513
511
513
516
491
489
491
493
489
483
472
476
476
468
463
463
464
464
464
476
477
475
464
460
449
451
456
466
461
458
457
455
453
453
452
451
452
452
457
455
450
450
444
451
452
451
451
432
407
406
393
393
394
392
393
393
405
413
431
418
437
426
426
876
711
714
874
874
0
0
0
14780
14620
14269
12796
11304
11105
11013
11058
0
0
0
0
0
0
0
0
0
0
1403
1404
1405
1408
1412
1420
1430
1439
1457
1460
1460
1454
1460
1461
1501
1508
1504
1510
1511
1502
1490
1473
1459
1446
1436
1425
1420
1413
1417
1435
1439
1445
1459
1482
1450
1495
1486
1494
1501
1496
1517
1532
1541
1573
1616
1496
973
952
934
925
915
904
875
848
816
805
805
808
809
803
799
802
550
544
537
719
526
654
520
520
519
513
513
513
516
510
501
503
502
483
475
474
514
514
463
463
463
522
456
455
458
464
464
461
457
449
450
455
457
458
457
457
455
453
452
451
451
450
448
448
447
445
447
451
453
452
450
439
444
413
412
394
394
394
394
394
394
404
412
415
418
432
418
420
431
523
876
876
876
1519
1519
1519
2231
10534
11765
11376
10956
10671
10493
11061
0
0
0
0
0
0
0
0
0
0
1418
1417
1415
1412
1409
1410
1422
1435
1445
1461
1460
1455
1461
1462
1463
1500
1502
1506
1508
1500
1492
1478
1470
1461
1447
1434
1417
1409
1425
1440
1438
1432
1301
1302
1337
1337
1465
1487
1519
1543
1572
1589
1593
1591
1601
964
970
958
937
927
918
906
902
894
657
811
805
806
807
805
799
791
776
547
541
535
529
523
607
529
526
520
519
519
515
508
501
493
476
472
478
479
460
460
459
460
463
481
475
463
469
448
445
445
448
449
448
450
453
453
453
454
452
449
449
449
449
448
446
444
443
442
441
443
447
445
445
446
444
446
442
435
428
395
395
411
403
398
403
412
416
417
418
421
433
523
0
0
968
968
1520
1520
1598
4875
10850
10810
10634
10533
10472
0
0
0
0
0
0
0
0
0
0
0
1417
1418
1417
1413
1411
1415
1426
1436
1435
1455
1456
1457
1461
1462
1463
1464
1487
1481
1477
1476
1487
1484
1475
1462
1442
1425
1406
1404
1424
1434
1418
1299
1376
1341
1243
1280
1280
1472
1510
1501
1594
1617
1619
1613
976
963
959
945
930
909
900
906
902
881
862
843
827
812
812
809
801
752
557
550
544
538
532
526
536
530
527
521
520
519
516
507
498
470
475
474
469
465
477
473
469
471
480
481
487
462
450
448
445
445
445
446
453
453
453
452
452
452
451
448
446
445
444
442
444
444
441
439
438
438
441
408
443
442
442
445
443
437
431
405
401
404
410
415
418
421
421
421
430
448
524
523
0
0
968
972
1520
1520
1531
1532
1587
10830
10761
0
0
0
0
0
0
0
0
0
0
0
0
0
1417
1419
1420
1420
1427
1439
1429
1425
1431
1441
1457
1458
1459
1463
1478
1471
1464
1457
1455
1456
1463
1473
1477
1458
1436
1413
1392
1394
1414
1419
1391
1356
1334
1316
1297
1330
1280
1280
1354
1390
1484
1393
1607
1475
995
963
953
944
891
889
897
850
878
858
845
839
829
815
808
805
789
721
560
554
548
542
536
530
529
534
523
526
525
525
519
482
478
475
468
477
480
478
480
480
480
482
480
481
488
492
492
448
416
417
439
441
444
445
447
451
453
454
452
449
447
444
442
441
441
440
438
438
436
433
436
438
438
439
442
413
404
438
431
419
411
407
416
422
423
423
420
418
415
415
524
524
0
0
1521
1521
1521
1521
1522
1522
1565
0
0
0
0
0
0
0
0
0
0
0
0
0
0
0
1438
1457
1457
1468
1476
1475
1440
1420
1426
1423
1431
1448
1452
1453
1455
1454
1454
1455
1456
1456
1465
1477
1475
1462
1442
1419
1405
1400
1409
1408
1389
1365
1348
1342
1319
1344
1344
1280
1342
1383
1409
1400
1379
1045
1001
961
949
933
909
900
898
875
849
849
855
841
823
811
803
794
779
737
716
558
551
545
539
655
529
529
524
523
528
524
519
514
500
482
480
482
480
480
481
481
482
482
483
491
495
499
498
435
420
420
419
424
443
443
441
454
455
451
450
449
446
442
441
441
440
440
438
434
432
431
430
405
423
435
414
406
398
438
411
406
401
411
417
416
415
415
415
416
417
417
524
524
0
0
1521
1521
1521
1522
1522
1522
0
0
0
0
0
0
0
0
0
0
0
0
0
0
0
0
1438
1454
1462
1474
1485
1493
1459
1420
1423
1434
1434
1444
1448
1444
1447
1444
1445
1455
1461
1467
1472
1477
1480
1477
1459
1439
1427
1421
1416
1408
1393
1380
1384
1397
1388
1404
1394
1379
1389
1425
1419
1401
1116
1054
1018
986
965
949
934
918
897
871
850
844
855
841
815
806
790
785
776
710
725
698
555
549
542
539
529
529
525
524
524
520
516
509
496
488
486
486
486
484
484
485
484
483
486
493
499
501
445
427
428
424
427
433
444
440
440
440
443
448
448
445
443
442
440
440
439
438
436
432
429
428
428
428
429
416
407
400
392
411
406
401
396
421
415
412
412
415
416
417
418
418
524
524
0
0
1521
1521
1522
1522
1522
1522
0
0
0
0
0
0
0
0
0
0
0
0
0
0
0
0
1438
1446
1459
1472
1480
1492
1428
1386
1448
1457
1458
1459
1474
1461
1452
1440
1435
1448
1461
1466
1468
1473
1473
1473
1462
1440
1424
1416
1413
1420
1421
1398
1406
1424
1421
1419
1312
1435
1438
1453
1497
1410
1395
1174
1027
991
969
960
950
941
914
879
860
807
801
806
806
798
789
790
780
758
723
712
683
667
547
542
529
523
527
522
519
515
511
509
508
503
495
490
487
484
485
485
484
484
489
493
498
501
464
445
424
422
424
428
431
437
437
435
436
440
443
442
442
441
438
437
436
435
435
432
428
427
427
424
413
409
401
393
411
406
401
396
391
423
414
410
411
415
417
418
418
419
0
0
0
0
0
0
0
0
0
0
0
0
0
0
0
0
0
0
0
0
0
0
0
0
0
0
0
0
1419
1448
1455
1475
1430
1472
1629
1642
1629
1608
1564
1500
1458
1437
1427
1435
1460
1468
1469
1473
1467
1467
1454
1440
1427
1410
1403
1405
1422
1424
1407
1423
1430
1379
1167
1444
1444
1447
1470
1515
1556
1381
1003
994
980
965
958
953
916
876
859
814
805
802
806
801
794
802
804
782
768
577
703
669
549
544
534
524
514
511
512
510
509
510
507
499
497
498
496
488
487
488
487
489
490
492
497
505
507
441
433
430
423
421
423
428
436
432
433
437
441
442
442
440
439
437
434
433
432
431
428
427
428
419
410
402
395
387
406
401
390
386
382
429
416
411
411
413
416
418
418
419
0
0
0
0
0
0
0
0
0
0
0
0
0
0
0
0
0
0
0
0
0
0
0
0
0
0
0
0
1419
1425
1429
1436
1438
1570
1979
1807
1775
1747
1651
1522
1443
1448
1431
1431
1452
1466
1473
1476
1465
1463
1459
1440
1421
1398
1389
1389
1400
1396
1396
1419
1434
1386
1390
1459
1499
1465
1462
1509
1559
1037
1005
994
978
962
955
947
898
882
874
831
817
818
817
815
811
804
804
804
739
582
563
641
645
547
520
514
504
503
507
508
507
509
512
507
503
504
510
505
493
491
489
491
496
497
499
505
458
442
449
422
426
432
434
434
426
427
432
435
438
440
440
439
437
435
433
432
429
426
426
427
420
412
404
396
389
398
400
392
388
384
380
431
420
415
414
414
414
415
416
419
0
0
0
0
0
0
0
0
0
0
0
0
0
0
0
0
0
0
0
0
0
0
0
0
0
0
1416
1416
1418
1419
1421
1422
1435
1507
1982
2015
1960
1906
1813
1628
1524
1479
1454
1445
1455
1468
1474
1470
1459
1459
1458
1444
1306
1372
1359
1357
1363
1354
1367
1395
1441
1428
1425
1501
1533
1483
1479
1524
1565
993
1009
994
981
959
950
939
907
895
799
832
820
820
816
809
806
808
806
741
740
587
742
693
668
534
531
536
505
504
508
509
509
512
517
516
513
513
516
511
502
495
492
492
496
500
501
504
474
441
433
425
418
421
434
422
415
415
416
430
437
436
436
436
436
435
434
431
428
425
425
427
413
405
398
390
402
396
394
390
386
382
378
435
427
424
423
421
420
419
419
0
0
0
0
0
0
0
0
0
0
0
0
0
0
0
0
0
0
0
0
0
0
0
0
0
0
0
1416
1416
1417
1418
1419
1421
1429
1491
1666
1970
1955
1893
1828
1743
1547
1521
1491
1481
1477
1471
1472
1470
1462
1462
1468
1463
1380
1344
1337
1333
1338
1342
1357
1377
1416
1450
1466
1499
1515
1508
1535
1574
1583
1072
954
982
968
961
955
939
936
925
839
830
835
827
821
807
803
812
748
753
757
751
731
718
707
535
532
524
529
526
523
513
513
518
524
517
516
515
518
520
515
506
498
495
492
500
504
505
497
449
416
415
416
417
419
415
415
415
416
426
431
433
434
435
435
434
433
430
428
426
422
423
407
399
391
405
400
393
391
388
384
377
376
439
434
432
431
430
430
430
430
0
0
0
0
0
0
0
0
0
0
0
0
0
0
0
0
0
0
0
0
0
0
0
0
0
0
0
1416
1417
1417
1418
1420
1422
1430
1475
1634
1732
1768
1776
1646
1550
1548
1544
1539
1515
1487
1486
1478
1474
1475
1466
1468
1465
1376
1336
1323
1319
1306
1307
1355
1383
1406
1438
1476
1492
1506
1539
1564
1559
1272
987
959
949
953
962
952
926
915
910
876
858
854
830
819
813
809
809
773
765
766
756
743
730
721
720
701
529
529
527
521
518
520
528
539
522
513
513
512
512
519
515
511
505
502
503
508
509
504
432
416
414
412
411
410
534
415
415
416
426
432
432
432
433
435
436
432
429
427
425
423
408
400
393
405
400
395
391
390
386
381
376
372
439
364
435
434
433
433
433
433
0
0
0
0
0
0
0
0
0
0
0
0
0
0
0
0
0
0
0
0
0
0
0
0
0
0
0
1415
1415
1415
1416
1418
1421
1429
1485
1633
1716
1687
1663
1536
1535
1485
1544
1555
1482
1495
1484
1475
1470
1464
1466
1462
1449
1372
1334
1321
1312
1292
1205
1199
1403
1408
1432
1485
1492
1496
1147
1232
1534
1263
990
973
947
952
899
913
923
906
901
856
849
848
833
823
818
817
805
790
770
757
755
734
720
708
707
527
523
519
529
527
526
531
530
542
523
522
514
512
507
507
507
520
514
510
507
509
510
450
416
414
412
410
409
411
417
417
417
419
425
430
431
433
436
436
434
431
429
427
426
426
402
394
409
400
395
395
398
388
384
380
376
371
436
364
438
369
435
433
433
433
0
0
0
0
0
0
0
0
0
0
0
0
0
0
0
0
0
0
0
0
0
0
0
0
0
0
1415
1415
1414
1413
1411
1411
1414
1424
1491
1597
1668
1681
1676
1532
1508
1483
1514
1492
1547
1510
1481
1458
1451
1455
1459
1461
1443
1410
1323
1310
1308
1292
1201
1195
1454
1424
1440
1488
1490
1153
1142
1130
1209
1253
995
983
971
969
801
839
873
907
898
871
863
856
840
833
819
807
802
798
790
778
768
727
712
706
692
530
526
522
518
528
527
535
534
543
542
541
539
510
507
520
507
517
515
520
515
512
508
424
419
415
411
410
412
416
417
417
418
419
423
429
431
435
437
436
434
432
430
427
426
426
426
411
407
402
399
393
390
386
382
378
375
371
381
365
437
370
434
432
428
427
427
427
427
0
0
0
0
0
0
0
0
0
0
0
0
0
0
0
0
0
0
0
0
0
0
0
1415
1415
1415
1413
1406
1404
1405
1418
1462
1496
1534
1512
1465
1467
1482
1474
1474
1487
1503
1494
1462
1440
1438
1442
1453
1455
1442
1415
1336
1323
1309
1297
1229
1205
1482
1456
1471
1192
1496
1148
1136
1224
1281
1244
1010
989
973
969
832
857
891
816
861
823
847
867
848
835
754
748
647
766
792
661
747
745
722
712
693
683
674
526
522
518
521
535
535
544
534
533
522
510
507
507
519
516
521
523
516
519
513
440
418
416
413
410
408
411
418
419
420
421
424
426
431
437
438
438
435
433
430
428
427
427
428
409
404
400
397
395
391
394
397
391
374
376
372
365
433
371
433
431
427
427
427
427
427
0
0
0
0
0
0
0
0
0
0
0
0
0
0
0
0
0
0
0
0
0
0
0
1416
1415
1410
1411
1410
1408
1409
1419
1436
1478
1434
1419
1423
1446
1475
1437
1457
1456
1463
1461
1443
1434
1435
1435
1448
1448
1436
1412
1319
1313
1310
1308
1225
1534
1530
1512
1521
1556
1137
1139
1131
1192
1162
1235
1005
996
973
968
915
849
782
767
769
779
785
736
818
832
799
756
659
653
634
658
668
722
732
725
541
537
697
529
690
696
517
533
532
530
535
534
523
510
510
510
516
519
521
521
522
518
509
486
453
422
413
410
410
417
416
420
422
423
426
429
434
438
440
438
435
433
430
428
428
427
428
429
402
397
401
396
391
395
387
384
380
377
373
366
433
373
433
429
427
427
427
427
427
0
0
0
0
0
0
0
0
0
0
0
0
0
0
0
0
0
0
0
0
0
0
0
0
1384
1382
1400
1410
1414
1414
1415
1424
1435
1429
1417
1420
1379
1430
1430
1439
1446
1454
1455
1457
1448
1447
1438
1446
1449
1431
1286
1331
1319
1317
1300
1179
1197
1508
1535
1554
1578
1133
1136
1222
1186
1157
1226
960
986
965
965
953
919
758
725
720
701
693
703
734
754
763
771
724
676
670
711
727
726
731
726
545
541
711
701
699
703
705
517
534
609
517
516
515
514
516
520
527
521
518
520
521
516
513
508
500
446
443
425
423
421
421
422
424
425
426
429
435
438
440
440
437
433
430
429
426
426
429
430
399
406
401
396
391
396
388
385
381
377
435
366
434
374
430
427
427
427
427
428
428
0
0
0
0
0
0
0
0
0
0
0
0
0
0
0
0
0
0
0
0
0
0
0
0
1384
1368
1385
1408
1415
1408
1400
1410
1420
1416
1414
1417
1424
1439
1427
1429
1440
1461
1476
1496
1429
1480
1453
1452
1457
1437
1340
1330
1333
1323
1305
1178
1298
1410
1505
1565
1616
1132
1117
1192
1180
1253
993
955
969
965
970
970
939
862
783
731
714
703
715
749
763
759
759
751
730
696
723
738
734
735
726
720
711
706
696
702
707
707
520
522
521
520
519
518
517
516
515
524
519
518
518
518
519
514
510
475
447
442
437
430
425
424
422
427
428
429
432
437
441
442
438
439
435
433
430
428
430
431
401
396
411
401
396
392
397
389
386
382
378
372
380
377
430
426
423
426
427
427
427
428
0
0
0
0
0
0
0
0
0
0
0
0
0
0
0
0
0
0
0
0
0
0
0
0
1306
1342
1355
1392
1405
1395
1386
1402
1420
1412
1418
1433
1433
1442
1428
1431
1445
1473
1479
1484
1485
1467
1464
1466
1470
1445
1341
1331
1331
1318
1315
1182
1348
1401
1505
1559
1586
1545
1118
1180
1175
1241
1030
981
967
972
977
977
961
924
915
843
815
768
770
796
795
780
776
776
753
721
725
731
732
732
730
720
711
694
693
702
707
705
692
526
524
523
522
521
520
519
518
535
514
514
514
518
515
513
512
503
445
440
435
431
429
428
426
425
431
434
440
444
445
443
442
439
436
433
433
433
435
436
398
414
410
418
462
461
410
390
450
383
379
372
379
377
428
424
421
422
424
425
425
426
0
0
0
0
0
0
0
0
0
0
0
0
0
0
0
0
0
0
0
0
0
0
0
1300
1306
1322
1342
1374
1393
1389
1388
1408
1433
1426
1442
1447
1451
1450
1455
1453
1461
1482
1489
1483
1477
1477
1477
1475
1472
1387
1361
1336
1329
1336
1325
1365
1341
1383
1508
1139
1555
1523
1120
1175
1169
1622
1004
990
968
972
968
973
965
956
933
909
904
874
833
821
832
820
802
799
782
743
643
650
729
720
709
714
711
698
693
698
702
702
689
529
528
527
526
525
524
522
521
520
514
514
514
519
519
515
512
463
444
441
437
435
440
444
448
450
449
451
451
450
447
443
441
438
436
434
436
439
439
400
415
412
409
458
462
462
459
453
449
447
379
371
378
378
427
423
421
421
421
421
421
421
0
0
0
0
0
0
0
0
0
0
0
0
0
0
0
0
0
0
0
0
0
0
0
1300
1307
1318
1337
1365
1386
1398
1408
1425
1448
1455
1470
1459
1464
1467
1484
1490
1504
1500
1506
1492
1483
1488
1494
1489
1479
1443
1367
1347
1332
1320
1324
1385
1377
1400
1503
1575
1558
1537
1121
1173
1163
1644
997
990
970
973
971
969
965
959
930
935
918
903
894
860
857
839
820
821
815
797
681
658
688
691
708
677
642
699
693
697
702
699
689
547
531
530
529
528
520
520
525
556
548
555
550
543
536
514
491
475
450
451
454
461
465
466
466
464
460
458
455
451
447
444
440
438
437
436
439
442
441
416
413
410
409
456
461
462
458
453
449
385
381
371
377
378
427
422
420
420
421
421
421
421
0
0
0
0
0
0
0
0
0
0
0
0
0
0
0
0
0
0
0
0
0
0
0
1301
1309
1319
1335
1362
1386
1392
1410
1443
1466
1493
1496
1497
1502
1520
1537
1544
1577
1524
1515
1511
1497
1505
1499
1494
1486
1445
1396
1362
1338
1329
1365
1391
1428
1458
1348
1538
1529
1571
1122
1177
1539
1547
961
987
974
977
981
971
958
945
946
940
917
908
891
890
871
842
828
828
822
736
669
680
686
685
678
673
634
696
698
700
705
701
692
553
552
534
533
524
524
523
523
549
532
569
563
523
506
525
521
502
497
487
460
465
467
467
468
465
460
458
455
452
447
444
439
438
437
438
436
434
430
414
411
409
456
457
461
463
459
454
401
406
403
400
397
436
426
421
420
420
421
421
421
0
0
0
0
0
0
0
0
0
0
0
0
0
0
0
0
0
0
0
0
0
0
0
0
0
1316
1322
1339
1362
1366
1370
1382
1409
1461
1490
1511
1526
1533
1565
1554
1572
1606
1567
1533
1523
1501
1508
1494
1496
1486
1448
1403
1365
1341
1206
1200
1381
1472
1515
1171
1461
1515
1173
1152
1195
1212
1024
992
980
972
977
978
969
958
943
903
895
902
890
890
829
859
833
827
828
820
771
703
681
687
680
669
643
625
689
696
703
709
704
691
560
559
558
537
636
527
527
526
528
533
517
600
523
520
525
507
502
459
493
486
477
474
469
470
466
462
460
455
447
444
440
438
437
430
438
434
423
420
413
410
407
457
458
461
463
460
457
453
405
402
398
395
443
316
312
309
305
421
421
421
0
0
0
0
0
0
0
0
0
0
0
0
0
0
0
0
0
0
0
0
0
0
0
0
0
0
0
1396
1345
1337
1343
1362
1396
1440
1459
1470
1505
1514
1556
1567
1594
1611
1402
1553
1532
1525
1507
1489
1494
1480
1444
1412
1387
1353
1214
1209
1395
1500
1186
1473
1458
1507
1270
1160
1225
1120
996
983
972
964
971
965
955
939
908
935
926
914
903
907
819
836
790
812
815
767
770
691
693
705
668
669
634
670
685
693
703
709
703
687
683
569
565
568
534
534
534
533
533
532
518
473
523
520
525
472
470
498
493
485
477
474
520
460
460
471
464
457
454
440
440
436
433
430
429
426
422
419
416
414
411
458
460
461
463
462
459
455
388
385
373
367
403
442
317
313
310
307
420
0
0
0
0
0
0
0
0
0
0
0
0
0
0
0
0
0
0
0
0
0
0
0
0
0
0
0
0
1389
1336
1331
1337
1352
1389
1438
1477
1504
1518
1508
1553
1562
1592
1601
1580
1554
1510
1500
1499
1492
1489
1477
1441
1423
1431
1397
1395
1217
1457
1500
1184
1448
1459
1525
1323
1376
1298
1106
998
995
986
966
960
965
965
914
931
918
928
911
914
911
813
835
797
789
788
784
768
707
690
666
663
643
625
662
669
686
698
702
697
686
682
674
669
572
539
539
538
538
536
533
530
526
472
520
472
508
503
462
493
536
544
561
559
549
460
460
457
463
456
449
439
435
433
429
426
424
421
418
415
412
410
407
460
462
464
463
459
381
386
377
361
366
443
440
438
319
315
311
308
314
312
0
0
0
0
0
0
0
0
0
0
0
0
0
0
0
0
0
0
0
0
0
0
0
0
0
0
0
1350
1330
1332
1336
1374
1376
1489
1541
1527
1506
1547
1569
1249
1572
1587
1543
1520
1500
1485
1499
1496
1475
1438
1459
1485
1470
1410
1217
1464
1487
1196
1458
1467
1550
1554
1453
1155
1091
1039
1006
1000
976
986
984
960
888
904
824
920
906
920
895
876
860
837
792
782
779
752
733
690
667
666
674
672
666
667
677
690
694
689
683
681
671
576
575
575
575
543
543
536
533
530
475
473
520
516
508
503
498
494
485
481
474
558
468
465
462
458
453
459
453
445
443
432
429
425
421
420
417
414
411
409
406
461
463
464
463
383
380
378
376
361
349
439
438
439
440
323
322
313
318
317
315
0
0
0
0
0
0
0
0
0
0
0
0
0
0
0
0
0
0
0
0
0
0
0
0
0
1563
1567
1547
1457
1378
1380
1386
1472
1495
1489
1488
1534
1584
1575
1577
1267
1520
1522
1484
1476
1497
1493
1484
1437
1441
1474
1473
1424
1398
1449
1459
1481
1455
1470
1548
1554
1331
1164
1070
1021
1034
953
997
1015
990
958
831
879
869
898
901
919
890
867
811
806
795
783
763
748
737
689
677
679
683
686
689
667
672
679
682
681
607
609
610
591
591
591
589
588
574
593
482
530
477
475
520
516
508
503
499
481
489
481
481
471
468
464
461
458
453
460
454
449
435
431
426
423
420
414
411
413
410
408
405
459
462
465
464
376
368
368
374
361
350
344
339
334
439
439
439
439
323
321
0
0
0
0
0
0
0
0
0
0
0
0
0
0
0
0
0
0
0
0
0
0
0
0
1482
1489
1527
1551
1563
1539
1390
1394
1425
1417
1465
1463
1476
1494
1350
1250
1528
1516
1500
1490
1461
1455
1469
1481
1471
1429
1427
1458
1459
1464
1444
1464
1315
1458
1444
1496
1534
1542
1539
1361
1073
1069
1061
945
1034
1024
985
950
905
873
883
912
919
916
892
873
797
798
779
777
778
745
739
711
700
699
701
644
630
663
664
665
558
625
609
610
582
576
576
576
546
552
532
490
503
528
489
499
520
517
499
486
499
466
464
458
456
479
547
464
473
460
453
451
437
437
434
405
405
405
407
407
410
412
409
407
400
456
462
464
465
376
368
367
364
361
351
345
342
337
332
438
437
438
0
0
0
0
0
0
0
0
0
0
0
0
0
0
0
0
0
0
0
0
0
0
0
0
0
0
1480
1486
1502
1523
1537
1537
1468
1401
1385
1403
1447
1454
1450
1468
1350
1352
1496
1545
1525
1550
1389
1459
1469
1466
1456
1438
1431
1450
1447
1491
1499
1475
1319
1442
1447
1520
1535
1547
1423
1168
1100
1069
953
1073
1039
1023
982
947
914
892
913
947
879
915
893
878
793
791
773
771
749
743
718
713
715
707
661
646
663
660
658
568
561
554
635
553
552
576
576
576
587
503
584
533
530
527
522
524
521
513
506
493
499
484
477
459
479
479
472
477
473
459
453
451
437
437
434
405
405
405
407
407
408
411
408
402
400
458
463
467
392
376
368
367
364
361
361
345
355
340
335
330
436
0
0
0
0
0
0
0
0
0
0
0
0
0
0
0
0
0
0
0
0
0
0
0
0
0
0
0
1476
1480
1489
1502
1513
1508
1485
1435
1393
1385
1406
1414
1423
1370
1367
1371
1375
1379
1384
1388
1397
1444
1481
1462
1470
1457
1440
1423
1465
1514
1511
1329
1426
1419
1435
1295
1519
1530
1153
1157
1124
1074
987
1071
1043
1022
982
952
927
910
923
952
878
886
878
873
777
783
768
760
751
742
727
703
697
673
673
648
615
670
579
572
565
558
551
551
550
549
567
565
563
573
581
533
482
527
518
515
521
517
513
504
486
484
479
479
475
479
472
468
458
459
455
448
437
437
427
405
405
405
407
407
407
405
407
402
461
459
463
468
467
460
368
368
364
364
361
433
436
352
333
330
327
325
0
0
0
0
0
0
0
0
0
0
0
0
0
0
0
0
0
0
0
0
0
0
0
0
0
0
1437
1437
1441
1451
1459
1459
1451
1439
1423
1406
1398
1405
1375
1377
1378
1380
1381
1394
1505
1403
1473
1442
1463
1465
1472
1458
1433
1419
1517
1539
1508
1377
1437
1418
1410
1390
1277
1190
1110
1124
1037
1050
978
1087
1057
1024
987
972
953
925
922
925
921
878
881
875
762
770
763
760
756
750
697
696
685
679
679
651
612
603
583
575
568
561
549
548
547
566
565
563
561
573
550
487
529
487
507
515
511
517
514
510
486
484
526
538
475
472
471
462
458
454
431
448
430
430
427
423
419
415
417
401
401
401
406
404
464
461
465
469
465
460
456
373
364
364
363
431
435
354
335
332
329
326
324
0
0
0
0
0
0
0
0
0
0
0
0
0
0
0
0
0
0
0
0
0
0
0
0
0
1424
1425
1431
1445
1459
1463
1453
1440
1440
1446
1440
1421
1425
1383
1385
1386
1388
1404
1408
1454
1453
1463
1466
1476
1470
1477
1439
1456
1397
1552
1507
1462
1439
1419
1397
1408
1319
1178
1108
1109
1076
1050
1079
952
938
927
996
994
975
941
922
898
906
830
836
872
774
763
758
756
758
759
734
704
683
678
681
648
638
619
603
579
572
565
558
551
544
564
563
561
641
559
644
530
499
496
517
515
511
518
497
493
487
484
545
540
469
551
472
462
446
437
432
427
430
430
428
423
419
415
413
401
401
401
405
465
465
465
472
472
464
459
390
383
364
364
364
360
431
432
429
334
331
328
325
0
0
0
0
0
0
0
0
0
0
0
0
0
0
0
0
0
0
0
0
0
0
0
0
0
1424
1425
1432
1471
1510
1535
1531
1510
1514
1487
1498
1439
1428
1390
1392
1393
1471
1473
1417
1460
1468
1489
1485
1485
1496
1483
1473
1512
1578
1568
1499
1454
1430
1407
1394
1451
1333
1185
1108
1088
1067
1066
1078
1040
1011
985
993
1006
986
959
942
899
878
830
868
792
782
773
763
751
759
759
736
723
697
685
687
676
641
622
605
583
575
568
561
554
548
632
561
572
566
560
646
531
510
504
518
514
511
500
497
468
468
468
469
469
468
473
472
463
448
443
432
427
430
430
428
424
409
409
409
401
401
401
408
470
466
470
475
473
398
402
384
383
364
364
372
369
426
364
364
364
333
330
327
0
0
0
0
0
0
0
0
0
0
0
0
0
0
0
0
0
0
0
0
0
0
0
0
0
1425
1425
1428
1674
1710
1702
1657
1603
1584
1584
1490
1490
1474
1474
1489
1524
1486
1485
1447
1459
1456
1473
1473
1478
1513
1470
1491
1518
1410
1426
1466
1453
1447
1413
1407
1463
1442
1250
1156
1055
1084
1009
965
1025
1000
981
978
1008
985
965
945
914
891
866
810
802
802
784
778
773
771
763
749
731
710
694
684
678
662
646
607
552
579
572
565
558
551
544
623
618
554
562
557
532
512
511
510
515
504
500
497
468
468
468
469
469
469
458
472
456
449
444
433
428
423
430
428
424
409
409
409
413
408
408
481
473
467
470
475
400
397
402
384
384
380
377
372
374
363
359
359
364
0
0
0
0
0
0
0
0
0
0
0
0
0
0
0
0
0
0
0
0
0
0
0
0
0
0
0
0
0
0
0
1808
1798
1779
1745
1703
1674
1660
1634
1493
1462
1454
1478
1543
1532
1520
1453
1450
1451
1451
1459
1470
1492
1464
1477
1483
1437
1423
1458
1455
1482
1450
1529
1413
1474
1020
1019
993
1022
973
1050
1022
994
979
981
921
989
962
940
918
899
838
815
814
800
791
785
782
779
773
759
740
719
703
685
682
666
647
633
553
582
575
568
561
554
548
626
582
526
538
524
521
514
507
502
509
504
500
488
468
468
468
480
478
461
460
485
457
450
446
434
428
437
431
414
411
409
409
409
417
414
483
480
476
475
475
423
400
397
389
384
384
380
377
373
374
363
359
359
364
0
0
0
0
0
0
0
0
0
0
0
0
0
0
0
0
0
0
0
0
0
0
0
0
0
0
0
0
0
0
0
1770
1769
1769
1768
1764
1752
1725
1672
1490
1453
1453
1515
1550
1456
1515
1438
1430
1443
1435
1459
1473
1469
1468
1458
1469
1462
1479
1484
1533
1520
1464
1559
1527
1505
1443
1019
993
1012
1045
953
1016
996
983
981
976
999
961
932
919
898
849
844
824
807
800
793
789
787
782
770
749
724
705
694
685
670
653
638
623
545
579
572
565
558
551
658
641
527
526
522
519
512
502
497
492
504
500
473
492
490
486
483
496
544
495
474
459
454
447
443
438
438
433
416
412
409
414
411
412
412
482
480
478
477
478
479
400
393
389
384
384
381
377
373
370
362
357
338
336
0
0
0
0
0
0
0
0
0
0
0
0
0
0
0
0
0
0
0
0
0
0
0
0
0
0
0
0
0
0
0
1745
1749
1755
1759
1755
1739
1697
1521
1426
1439
1429
1420
1491
1459
1489
1412
1449
1434
1451
1488
1476
1483
1474
1462
1486
1511
1535
1511
1562
1534
1535
1537
1558
1504
1492
1020
986
972
1037
948
1014
999
988
979
976
993
958
933
920
901
851
851
831
815
805
795
789
787
785
778
757
727
705
694
687
674
660
645
628
615
613
575
568
519
516
676
539
538
528
517
506
501
501
497
492
487
481
477
492
490
486
483
527
486
547
486
460
456
449
448
444
439
434
426
414
410
409
409
408
412
412
483
481
477
478
479
400
392
388
384
384
380
376
371
368
362
356
338
335
330
329
328
0
0
0
0
0
0
0
0
0
0
0
0
0
0
0
0
0
0
0
0
0
0
0
0
0
0
0
0
1746
1746
1745
1729
1551
1550
1504
1401
1427
1416
1398
1406
1465
1507
1488
1443
1480
1474
1484
1511
1500
1491
1480
1474
1504
1443
1490
1513
1458
1498
1610
1583
1633
1584
1056
1056
983
969
1037
936
1031
1001
989
976
972
977
907
934
921
895
875
863
826
817
803
790
781
780
782
779
759
729
706
696
687
678
665
651
637
624
550
614
615
522
518
515
542
512
509
513
507
504
496
496
492
487
489
490
493
489
486
483
479
486
543
466
472
457
449
449
454
440
435
428
424
419
409
409
409
412
484
486
411
408
405
401
395
391
387
386
382
379
366
366
359
359
348
337
331
330
328
327
0
0
0
0
0
0
0
0
0
0
0
0
0
0
0
0
0
0
0
0
0
0
0
0
0
0
0
1394
1394
1389
1365
1365
1379
1433
1498
1442
1448
1415
1418
1394
1470
1530
1500
1495
1476
1481
1501
1553
1524
1503
1494
1497
1530
1496
1560
1572
1523
1491
1560
848
841
1585
1108
1104
920
915
1039
1043
1040
1006
982
977
970
967
906
931
911
880
867
823
824
812
797
782
775
773
778
776
720
696
705
695
685
678
667
658
651
641
554
615
618
578
572
567
525
514
510
512
508
495
490
495
493
488
495
492
489
484
481
483
479
478
483
485
466
466
449
449
454
453
436
431
425
421
409
409
409
415
486
488
404
407
405
400
394
390
386
385
457
455
362
359
359
351
348
336
334
329
328
327
0
0
0
0
0
0
0
0
0
0
0
0
0
0
0
0
0
0
0
0
0
0
0
0
0
0
1335
1349
1387
1392
1370
1397
1398
1438
1443
1481
1465
1437
1424
1421
1463
1492
1481
1490
1456
1459
1506
1461
1551
1546
1506
1453
1453
1453
1453
1348
1338
1582
1586
1546
1617
838
1139
1097
917
911
1037
1052
1041
1012
981
975
971
962
858
922
906
884
860
864
834
812
795
777
774
777
782
778
702
691
701
693
684
674
666
663
661
654
558
619
614
580
574
569
527
523
512
516
512
478
474
470
493
488
496
492
489
484
502
478
480
477
472
466
466
477
449
449
454
452
449
445
436
426
423
420
418
414
488
491
403
400
396
399
396
378
374
384
458
453
452
359
359
351
348
346
337
336
327
326
0
0
0
0
0
0
0
0
0
0
0
0
0
0
0
0
0
0
0
0
0
0
0
0
0
0
1336
1343
1374
1392
1375
1410
1424
1459
1476
1483
1449
1433
1420
1452
1459
1465
1472
1482
1487
1481
1432
1427
1450
1342
1339
1496
1502
1511
1471
1345
1335
1326
1485
1637
850
843
1133
918
1081
907
1041
925
1050
885
979
973
974
970
856
915
902
890
866
866
832
816
791
775
772
778
778
770
761
686
702
665
657
663
660
663
671
667
659
676
688
689
689
691
565
526
521
517
513
479
475
471
493
488
495
477
474
472
517
511
480
468
473
466
468
477
464
461
454
454
448
445
436
426
422
421
419
413
410
406
403
399
396
393
380
376
458
459
458
455
452
452
359
351
351
344
335
334
334
481
477
0
0
0
0
0
0
0
0
0
0
0
0
0
0
0
0
0
0
0
0
0
0
0
0
0
1336
1359
1360
1383
1376
1413
1437
1515
1544
1436
1437
1423
1446
1472
1472
1475
1499
1504
1448
1427
1498
1538
1560
1474
1493
1467
1446
1376
1351
1341
1332
1323
1382
1594
1488
1124
1113
914
1077
904
1050
1041
879
879
975
975
975
980
855
924
896
892
868
835
820
811
787
770
766
773
774
765
761
755
733
662
655
663
655
663
678
632
673
683
685
681
579
573
567
562
524
520
518
515
476
472
494
489
471
471
471
472
474
471
468
467
464
461
473
477
465
469
452
450
448
446
436
427
423
423
419
413
409
406
402
327
396
392
369
369
464
462
459
456
452
452
450
355
351
344
343
333
340
482
482
354
354
354
0
0
0
0
0
0
0
0
0
0
0
0
0
0
0
0
0
0
0
0
0
0
0
1370
1357
1367
1367
1430
1466
1512
1514
1439
1446
1449
1489
1489
1498
1514
1535
1537
1538
1507
1390
1327
1321
1310
1320
1318
1344
1363
1372
1366
1357
1320
1361
1466
1548
1148
1101
952
1096
900
1057
880
873
975
892
978
984
986
958
927
895
889
867
834
816
807
789
772
771
770
770
767
766
759
750
743
744
710
673
657
636
631
667
672
676
676
680
575
569
564
517
519
519
520
525
520
553
501
471
471
471
472
486
471
468
472
463
460
472
472
458
456
452
457
442
438
435
430
425
423
419
490
409
405
327
323
395
392
369
465
464
462
459
455
454
452
451
457
349
347
345
343
0
483
483
352
352
353
353
0
0
0
0
0
0
0
0
0
0
0
0
0
0
0
0
0
0
0
0
0
1367
1372
1361
1349
1355
1464
1505
1503
1428
1457
1457
1487
1527
1503
1479
1558
1587
1433
1410
1389
1320
1318
1380
1355
1340
1346
1352
1358
1372
1366
1407
1380
1359
1569
1571
1260
825
813
934
1055
881
874
988
965
968
882
879
1001
949
921
894
878
854
829
813
807
797
785
785
779
776
773
773
764
755
754
753
736
706
656
640
630
656
662
663
667
676
577
572
555
492
510
518
521
526
520
514
480
471
471
471
472
476
470
474
471
462
459
469
457
453
454
451
446
441
437
433
429
419
423
419
412
408
405
324
320
395
391
369
467
379
462
458
455
454
454
452
452
342
341
340
450
0
0
0
351
351
351
351
0
0
0
0
0
0
0
0
0
0
0
0
0
0
0
0
0
0
0
0
0
1370
1374
1370
1345
1365
1458
1495
1512
1474
1510
1484
1494
1501
1504
1574
1612
1617
1471
1388
1381
1420
1308
1379
1369
1340
1331
1346
1361
1361
1371
1398
1385
1382
1389
1523
836
823
811
799
883
957
977
971
953
959
960
969
876
936
912
894
873
842
820
809
805
800
793
799
793
789
780
780
769
755
755
753
736
703
677
621
613
661
665
663
669
673
573
567
514
509
535
539
533
527
521
515
481
478
572
475
478
475
473
469
471
468
461
458
456
452
453
452
445
440
436
432
422
412
412
418
411
408
404
320
397
394
391
369
462
376
461
458
456
454
455
454
451
342
341
339
338
477
477
0
0
0
350
0
0
0
0
0
0
0
0
0
0
0
0
0
0
0
0
0
0
0
0
1318
1318
1377
1380
1383
1382
1440
1500
1527
1552
1575
1580
1544
1562
1673
1666
1648
1634
1613
1474
1493
1459
1437
1389
1388
1366
1340
1334
1345
1352
1350
1366
1390
1397
1413
1392
1369
834
821
809
797
935
949
957
951
945
954
962
962
869
866
923
899
884
845
812
804
802
798
792
793
796
790
787
783
772
754
745
745
734
716
697
666
611
670
674
668
666
674
681
567
555
538
504
531
533
527
521
603
507
495
490
486
454
458
454
458
467
467
460
457
455
451
453
452
444
439
425
425
421
412
399
399
411
407
404
400
397
394
391
465
463
395
392
458
455
455
454
455
453
457
340
339
338
474
480
0
0
0
0
0
0
0
0
0
0
0
0
0
0
0
0
0
0
0
confidence
0.0
0.0
0.0
0.0
0.0
0.0
0.0
0.0
0.0
0.02745098
0.09411765
0.17254902
0.23137255
0.21176471
0.3764706
0.35686275
0.3764706
0.42745098
0.41568628
-0.49411765
-0.3137255
-0.28235295
-0.33333334
-0.19607843
-0.003921569
-0.003921569
-0.003921569
-0.003921569
-0.003921569
-0.003921569
-0.003921569
-0.003921569
-0.003921569
-0.003921569
-0.003921569
-0.003921569
-0.003921569
-0.003921569
-0.003921569
-0.1764706
-0.101960786
-0.14509805
-0.003921569
-0.003921569
-0.003921569
-0.003921569
-0.16862746
-0.25882354
0.42745098
0.36862746
-0.44705883
0.24313726
0.39607844
-0.1764706
-0.30980393
-0.3254902
-0.20784314
-0.18039216
-0.003921569
-0.27450982
-0.41568628
-0.47058824
-0.40392157
-0.4
0.48235294
0.41568628
-0.44313726
-0.3254902
-0.18431373
-0.13725491
-0.47058824
-0.19607843
-0.003921569
-0.003921569
-0.20392157
0.38039216
-0.32941177
-0.003921569
-0.003921569
-0.05490196
-0.28235295
0.46666667
0.40784314
0.06666667
-0.48235294
-0.2901961
-0.2509804
-0.15294118
-0.13725491
-0.3372549
0.49411765
-0.40392157
-0.2784314
-0.27058825
-0.14901961
-0.03137255
-0.003921569
-0.007843138
-0.047058824
0.19607843
-0.4862745
-0.4862745
-0.3764706
-0.3137255
-0.30980393
-0.105882354
-0.07450981
-0.11764706
-0.039215688
-0.003921569
-0.003921569
-0.015686275
-0.003921569
-0.003921569
-0.003921569
-0.003921569
-0.003921569
-0.003921569
-0.003921569
-0.003921569
-0.003921569
-0.003921569
-0.21960784
-0.003921569
-0.003921569
-0.003921569
-0.003921569
-0.003921569
-0.1764706
-0.11764706
-0.07450981
-0.011764706
-0.17254902
-0.003921569
-0.003921569
-0.003921569
-0.003921569
-0.003921569
-0.003921569
-0.003921569
-0.23921569
-0.43137255
-0.13333334
-0.11372549
-0.16470589
-0.22352941
-0.34901962
-0.3254902
-0.4509804
-0.43137255
-0.41960785
-0.43529412
0.3019608
-0.26666668
-0.26666668
0.0
0.0
0.0
0.0
0.0
0.0
0.0
0.0
0.0
0.0
0.0
0.0
0.0
0.0
0.015686275
0.08627451
0.17254902
0.23529412
0.21176471
-0.4
0.33333334
0.49019608
-0.41568628
-0.49411765
-0.33333334
-0.2
-0.20784314
-0.18431373
-0.07450981
-0.003921569
-0.003921569
-0.003921569
-0.015686275
-0.003921569
-0.003921569
-0.003921569
-0.003921569
-0.003921569
-0.003921569
-0.003921569
-0.003921569
-0.003921569
-0.003921569
-0.015686275
-0.003921569
-0.003921569
-0.003921569
0.09411765
-0.003921569
-0.003921569
-0.003921569
-0.1882353
-0.36862746
0.37254903
0.23137255
-0.44705883
0.38431373
-0.36078432
-0.19607843
-0.43137255
-0.39607844
-0.2509804
-0.09019608
-0.08627451
-0.21960784
-0.4509804
-0.003921569
0.4509804
0.45882353
0.38039216
0.36862746
-0.4627451
-0.32941177
-0.2
-0.09019608
-0.22352941
-0.13333334
-0.003921569
-0.003921569
-0.14117648
-0.44313726
-0.1882353
-0.003921569
-0.003921569
-0.2784314
-0.48235294
0.2901961
0.3254902
0.06666667
-0.4627451
-0.3764706
-0.38431373
-0.3019608
-0.32156864
0.49803922
-0.003921569
0.03529412
-0.003921569
-0.45882353
-0.2627451
-0.13333334
-0.050980393
-0.03137255
-0.13333334
-0.13333334
-0.13333334
-0.13333334
0.41960785
-0.1882353
-0.003921569
-0.003921569
-0.003921569
-0.043137256
-0.050980393
-0.2509804
-0.38431373
-0.18039216
-0.003921569
-0.003921569
-0.003921569
-0.003921569
0.35686275
-0.003921569
-0.003921569
-0.003921569
-0.003921569
-0.003921569
-0.003921569
-0.003921569
-0.003921569
-0.12941177
-0.14901961
-0.06666667
-0.003921569
-0.003921569
-0.07058824
-0.003921569
-0.12156863
-0.19607843
-0.003921569
-0.003921569
-0.003921569
-0.003921569
-0.003921569
-0.003921569
-0.18431373
0.07058824
-0.33333334
-0.050980393
-0.078431375
-0.16470589
-0.003921569
-0.14117648
-0.105882354
-0.32156864
-0.32156864
-0.4
0.43529412
-0.26666668
-0.26666668
0.0
0.0
0.0
0.0
0.0
0.0
0.0
0.0
0.0
0.0
0.0
0.0
0.0
0.0
0.011764706
0.08627451
0.17254902
0.19607843
0.21176471
0.3647059
0.45490196
0.4862745
-0.43529412
-0.37254903
-0.19607843
-0.11764706
-0.1764706
-0.15294118
-0.050980393
-0.003921569
-0.003921569
-0.12156863
-0.023529412
-0.003921569
-0.003921569
-0.003921569
-0.003921569
-0.003921569
-0.003921569
-0.003921569
-0.003921569
-0.003921569
-0.003921569
-0.05490196
-0.003921569
-0.003921569
-0.003921569
0.09411765
-0.003921569
-0.019607844
-0.18431373
-0.5019608
0.0
0.13725491
0.12941177
-0.34509805
0.34901962
-0.46666667
-0.33333334
-0.28235295
-0.38431373
-0.3254902
-0.19215687
-0.06666667
-0.30980393
0.47843137
-0.003921569
0.09803922
0.36862746
0.36078432
0.30588236
0.43137255
-0.32941177
-0.2
-0.11372549
-0.07058824
-0.16078432
-0.08627451
-0.003921569
-0.12941177
-0.37254903
-0.2
-0.003921569
-0.011764706
-0.1764706
-0.3764706
0.34509805
0.06666667
-0.11764706
0.08627451
-0.49411765
-0.45882353
-0.3882353
-0.34509805
-0.4745098
0.3019608
0.039215688
0.42352942
0.4392157
-0.22352941
-0.08627451
-0.03529412
-0.08627451
0.08627451
-0.13333334
-0.13333334
0.34509805
-0.3372549
-0.003921569
-0.003921569
-0.003921569
-0.003921569
-0.039215688
-0.16078432
-0.21568628
-0.37254903
-0.24705882
-0.003921569
-0.003921569
-0.14117648
-0.28627452
0.4117647
-0.003921569
-0.003921569
-0.003921569
-0.003921569
-0.003921569
-0.003921569
-0.003921569
-0.003921569
-0.06666667
-0.0627451
-0.05490196
-0.043137256
-0.003921569
-0.10980392
-0.18039216
-0.003921569
-0.043137256
-0.003921569
-0.003921569
-0.003921569
-0.003921569
-0.003921569
-0.003921569
-0.28627452
0.37254903
-0.05490196
-0.015686275
-0.003921569
-0.09411765
-0.20392157
-0.12941177
-0.2509804
-0.28235295
-0.09411765
-0.1882353
-0.47843137
0.003921569
-0.26666668
-0.26666668
0.0
0.0
0.0
0.0
0.0
0.0
0.0
0.0
0.0
0.0
0.0
0.0
0.0
0.011764706
0.09803922
0.1764706
0.17254902
-0.4
0.41960785
0.45882353
-0.49019608
-0.34509805
-0.25882354
-0.1764706
-0.07058824
-0.050980393
-0.08235294
-0.05490196
-0.003921569
-0.003921569
-0.003921569
-0.003921569
-0.003921569
-0.003921569
-0.003921569
-0.003921569
-0.003921569
-0.003921569
-0.003921569
-0.003921569
-0.003921569
-0.003921569
-0.05490196
-0.08235294
-0.015686275
-0.13725491
0.07450981
-0.03137255
-0.21176471
0.45490196
0.0
-0.37254903
-0.37254903
-0.34509805
0.38039216
0.45882353
-0.4392157
-0.2901961
-0.22745098
-0.39215687
-0.45882353
-0.4627451
-0.21176471
-0.17254902
0.4117647
-0.003921569
0.09803922
0.09803922
0.08627451
-0.11764706
0.3529412
0.49803922
-0.36862746
-0.2627451
-0.22352941
-0.10980392
-0.03529412
-0.003921569
-0.14901961
-0.21568628
-0.18039216
-0.13725491
-0.09803922
-0.03529412
-0.20392157
0.44705883
0.05882353
-0.11764706
0.4509804
-0.4509804
-0.48235294
-0.39607844
-0.37254903
-0.4862745
0.40392157
0.42352942
0.42352942
0.34901962
-0.4
-0.21176471
-0.003921569
-0.16862746
0.09803922
-0.32156864
-0.32156864
0.4745098
-0.16470589
-0.003921569
-0.003921569
-0.003921569
-0.003921569
-0.003921569
-0.003921569
-0.03137255
-0.30588236
-0.24313726
-0.101960786
-0.023529412
-0.11764706
-0.13333334
-0.003921569
-0.003921569
-0.003921569
-0.003921569
-0.003921569
-0.003921569
-0.003921569
-0.003921569
-0.05882353
-0.16078432
-0.1764706
-0.16470589
-0.11372549
-0.003921569
-0.007843138
-0.043137256
-0.09411765
-0.11372549
-0.019607844
-0.003921569
-0.003921569
-0.003921569
-0.003921569
-0.003921569
-0.24705882
0.32941177
-0.07058824
-0.003921569
-0.003921569
-0.003921569
-0.003921569
-0.003921569
-0.019607844
-0.21960784
-0.32156864
-0.4509804
-0.43137255
0.36078432
0.050980393
-0.26666668
0.0
0.0
0.0
0.0
0.0
0.0
0.0
0.0
0.0
0.0
0.0
0.0
0.0
0.015686275
0.11764706
0.19607843
0.18039216
0.20392157
0.32156864
0.39215687
-0.38039216
-0.1882353
-0.23921569
-0.2
-0.019607844
-0.003921569
-0.003921569
-0.003921569
-0.003921569
-0.003921569
-0.003921569
-0.003921569
-0.003921569
-0.003921569
-0.003921569
-0.4
-0.003921569
-0.003921569
-0.003921569
-0.003921569
-0.003921569
-0.003921569
-0.105882354
-0.30588236
0.09803922
0.09803922
0.44705883
-0.2
0.007843138
-0.37254903
-0.37254903
-0.37254903
-0.37254903
0.3372549
-0.46666667
-0.43137255
-0.4117647
-0.4117647
-0.27450982
-0.3647059
0.48235294
-0.45882353
-0.17254902
-0.16862746
-0.45490196
0.3529412
0.39607844
-0.003921569
-0.11764706
-0.11764706
-0.11764706
0.32156864
0.45490196
-0.38431373
-0.19607843
-0.09019608
-0.09803922
-0.23529412
-0.34117648
-0.34509805
-0.28235295
-0.1764706
-0.1254902
-0.07058824
-0.22352941
0.4392157
0.07450981
-0.003921569
0.39215687
-0.47843137
-0.4862745
-0.4509804
-0.48235294
0.46666667
0.39215687
0.4745098
0.4745098
0.3019608
-0.39215687
-0.20784314
-0.14509805
-0.003921569
-0.039215688
-0.32156864
-0.32156864
0.4392157
-0.21960784
-0.003921569
-0.003921569
-0.003921569
-0.003921569
-0.003921569
-0.019607844
-0.101960786
-0.18039216
-0.21568628
-0.24705882
-0.3019608
-0.36078432
-0.09019608
-0.011764706
-0.003921569
-0.003921569
-0.003921569
-0.003921569
-0.003921569
-0.003921569
-0.003921569
-0.12941177
-0.078431375
-0.2
-0.08627451
-0.043137256
-0.015686275
-0.07058824
-0.003921569
-0.003921569
-0.003921569
-0.003921569
-0.003921569
-0.003921569
-0.003921569
-0.003921569
-0.003921569
-0.09411765
-0.13725491
-0.05882353
-0.003921569
-0.003921569
-0.003921569
-0.003921569
-0.003921569
-0.003921569
-0.16862746
-0.1254902
-0.02745098
0.42352942
-0.49803922
0.05882353
0.007843138
0.0
0.0
0.0
0.0
0.0
0.0
0.0
0.0
0.0
0.0
0.0
0.0
0.007843138
0.039215688
0.1254902
0.19215687
0.1882353
0.23529412
0.3137255
0.3529412
0.4627451
-0.38039216
-0.33333334
-0.2627451
-0.10980392
-0.011764706
-0.003921569
-0.015686275
-0.003921569
-0.003921569
-0.003921569
-0.003921569
-0.003921569
-0.003921569
-0.003921569
-0.003921569
-0.003921569
-0.003921569
-0.003921569
-0.003921569
-0.3254902
-0.35686275
-0.07450981
-0.11764706
-0.36862746
-0.42352942
-0.49411765
-0.32941177
-0.3647059
0.39215687
-0.37254903
-0.21568628
-0.21568628
0.33333334
0.3647059
-0.43529412
0.4862745
0.46666667
-0.4745098
-0.5019608
-0.49803922
-0.4862745
-0.29803923
-0.34901962
0.49803922
-0.011764706
-0.003921569
-0.003921569
-0.11764706
-0.11764706
-0.11764706
-0.11764706
0.3254902
-0.45882353
-0.31764707
-0.20392157
-0.16078432
-0.36862746
-0.46666667
-0.44705883
-0.4117647
-0.33333334
-0.23137255
-0.15686275
-0.3019608
0.41960785
0.30588236
0.05490196
0.09803922
0.31764707
0.3372549
0.42745098
0.4745098
-0.5019608
0.47843137
0.4745098
0.4745098
0.32941177
-0.35686275
-0.22352941
-0.15294118
-0.05490196
-0.039215688
-0.32156864
-0.32156864
0.06666667
-0.23921569
-0.12941177
-0.15294118
-0.003921569
-0.043137256
-0.047058824
-0.08235294
-0.18431373
-0.2627451
-0.27058825
-0.3372549
-0.34901962
-0.17254902
-0.003921569
-0.07058824
-0.003921569
-0.003921569
-0.003921569
-0.003921569
-0.043137256
-0.011764706
-0.07450981
-0.11764706
-0.2
-0.24705882
-0.25882354
-0.16470589
-0.003921569
-0.003921569
-0.003921569
-0.003921569
-0.003921569
-0.003921569
-0.003921569
-0.003921569
-0.003921569
-0.003921569
-0.003921569
-0.043137256
-0.039215688
-0.09019608
-0.11372549
-0.03137255
-0.003921569
-0.003921569
-0.05490196
-0.1254902
-0.20784314
-0.13725491
-0.02745098
-0.49803922
0.011764706
0.06666667
0.011764706
0.0
0.0
0.0
0.0
0.0
0.0
0.0
0.0
0.0
0.0
0.0
0.0
0.003921569
0.03137255
0.09803922
0.15294118
0.15294118
0.16078432
0.22352941
-0.41960785
0.34509805
-0.4627451
-0.30588236
-0.17254902
-0.03529412
-0.003921569
-0.003921569
-0.003921569
-0.003921569
-0.003921569
-0.003921569
-0.003921569
-0.003921569
-0.003921569
-0.003921569
-0.003921569
-0.003921569
-0.003921569
-0.003921569
-0.003921569
-0.16078432
-0.10980392
-0.011764706
-0.003921569
-0.20784314
-0.29411766
-0.37254903
0.43529412
-0.21176471
-0.38039216
0.41568628
0.42352942
0.39215687
0.43137255
-0.49803922
-0.49019608
0.49803922
0.43137255
0.46666667
0.49019608
-0.34901962
-0.29803923
-0.12156863
-0.14509805
-0.34901962
0.36078432
0.31764707
0.40784314
-0.48235294
0.40392157
-0.11764706
-0.11764706
-0.48235294
-0.3137255
-0.20784314
-0.07058824
-0.03137255
-0.003921569
-0.050980393
-0.21176471
-0.3254902
-0.3254902
-0.24705882
-0.12941177
-0.17254902
-0.36862746
0.49411765
0.39607844
0.05490196
0.34117648
0.43529412
-0.45882353
-0.4
-0.3019608
-0.25490198
-0.4745098
0.32156864
0.33333334
-0.40392157
-0.12156863
0.32941177
-0.047058824
-0.16862746
-0.11764706
-0.11764706
0.06666667
-0.43529412
-0.10980392
-0.050980393
-0.12156863
-0.11372549
-0.003921569
-0.11372549
-0.15294118
-0.15294118
-0.16862746
-0.19607843
-0.18039216
-0.03529412
-0.003921569
-0.003921569
-0.16862746
-0.003921569
-0.003921569
-0.003921569
-0.007843138
-0.09411765
-0.105882354
-0.17254902
-0.2627451
-0.21176471
-0.078431375
-0.003921569
-0.003921569
-0.003921569
-0.03529412
-0.003921569
-0.003921569
-0.003921569
-0.003921569
-0.003921569
-0.003921569
-0.003921569
-0.003921569
-0.05490196
-0.11764706
-0.12156863
-0.003921569
-0.019607844
-0.003921569
-0.023529412
-0.003921569
-0.14509805
-0.21176471
-0.40784314
-0.23921569
-0.02745098
0.23137255
0.08235294
0.015686275
0.0
0.0
0.0
0.0
0.0
0.0
0.0
0.0
0.0
0.0
0.0
0.0
0.0
0.015686275
0.05490196
0.101960786
0.14117648
0.14509805
0.2
0.28627452
0.43529412
-0.38039216
-0.32941177
-0.21960784
-0.050980393
-0.003921569
-0.003921569
-0.003921569
-0.003921569
-0.003921569
-0.003921569
-0.003921569
-0.003921569
-0.003921569
-0.003921569
-0.003921569
-0.003921569
-0.003921569
-0.003921569
-0.03529412
-0.43137255
-0.16078432
-0.28235295
-0.003921569
-0.47843137
-0.28627452
-0.25882354
-0.2627451
-0.3372549
-0.26666668
0.48235294
-0.3019608
-0.28235295
0.41568628
-0.45882353
0.4392157
-0.5019608
-0.49411765
0.48235294
-0.38431373
-0.32941177
-0.21568628
-0.003921569
-0.14509805
-0.2901961
-0.40784314
-0.47058824
-0.34509805
-0.28235295
-0.5019608
0.3764706
0.41960785
-0.40784314
-0.24313726
-0.15686275
-0.047058824
-0.003921569
-0.003921569
-0.003921569
-0.0627451
-0.29411766
-0.33333334
-0.20784314
-0.08627451
-0.20784314
-0.4117647
0.43137255
-0.22352941
0.07450981
0.42352942
-0.48235294
-0.37254903
0.039215688
-0.26666668
-0.06666667
-0.15294118
-0.4627451
0.44313726
-0.47843137
-0.29803923
-0.078431375
-0.003921569
-0.11764706
0.35686275
-0.11764706
-0.09019608
-0.09019608
0.3254902
-0.2627451
-0.29411766
-0.1882353
-0.03529412
-0.13725491
-0.16862746
-0.050980393
-0.08235294
-0.11372549
-0.043137256
-0.03137255
-0.1254902
-0.26666668
-0.06666667
-0.003921569
-0.003921569
-0.003921569
-0.17254902
-0.2509804
-0.2784314
-0.19607843
-0.19607843
-0.003921569
-0.27058825
-0.15294118
-0.003921569
-0.007843138
-0.003921569
-0.003921569
-0.003921569
-0.003921569
-0.003921569
-0.003921569
-0.003921569
-0.003921569
-0.003921569
-0.07058824
-0.11372549
-0.17254902
-0.16470589
-0.23137255
-0.078431375
-0.32941177
-0.26666668
-0.0627451
-0.09411765
-0.1882353
-0.003921569
-0.02745098
0.28235295
-0.14117648
0.011764706
0.0
0.0
0.0
0.0
0.0
0.0
0.0
0.0
0.0
0.0
0.0
0.0
0.0
0.011764706
0.023529412
0.039215688
0.09411765
0.09803922
0.19607843
0.29411766
0.4117647
-0.40392157
-0.35686275
-0.35686275
-0.25882354
-0.039215688
-0.003921569
-0.003921569
-0.003921569
-0.2901961
-0.3137255
-0.003921569
-0.003921569
-0.003921569
-0.003921569
-0.003921569
-0.003921569
-0.003921569
-0.003921569
-0.08235294
0.42745098
-0.08235294
-0.12156863
-0.050980393
0.039215688
-0.32941177
0.38431373
-0.12941177
-0.1764706
-0.08235294
0.3529412
-0.34509805
-0.3372549
0.05882353
0.4
0.34117648
-0.3019608
-0.42352942
0.47058824
-0.33333334
-0.3137255
-0.18039216
-0.003921569
-0.05490196
-0.07450981
-0.18039216
-0.30980393
-0.23921569
-0.16470589
-0.24313726
-0.49019608
-0.4745098
-0.3254902
-0.18039216
-0.08235294
-0.003921569
-0.003921569
-0.003921569
-0.015686275
-0.18039216
-0.29803923
-0.28627452
-0.21960784
-0.1254902
-0.27058825
0.40784314
0.3137255
0.29803923
0.07450981
0.48235294
-0.47843137
-0.43529412
-0.3764706
-0.15294118
-0.007843138
-0.078431375
-0.35686275
0.45490196
-0.44313726
-0.18431373
-0.003921569
-0.003921569
-0.11764706
-0.11764706
0.48235294
0.34901962
-0.22745098
-0.22745098
0.4862745
-0.37254903
-0.2627451
-0.05882353
-0.003921569
-0.003921569
-0.023529412
-0.14901961
-0.12156863
-0.09411765
-0.08235294
-0.1882353
-0.10980392
-0.050980393
-0.003921569
-0.003921569
-0.003921569
-0.1254902
-0.4
-0.34117648
-0.23529412
-0.30588236
-0.03137255
-0.38039216
-0.16862746
-0.003921569
-0.003921569
-0.003921569
-0.003921569
-0.10980392
-0.003921569
-0.003921569
-0.003921569
-0.003921569
-0.003921569
-0.08235294
-0.18431373
-0.34117648
-0.33333334
-0.31764707
-0.14901961
-0.26666668
-0.32941177
-0.30588236
-0.22352941
-0.4117647
-0.29803923
-0.003921569
-0.003921569
-0.14117648
-0.14117648
0.011764706
0.0
0.0
0.0
0.0
0.0
0.0
0.0
0.0
0.0
0.0
0.0
0.0
0.0
0.019607844
0.043137256
0.039215688
0.1254902
0.12941177
0.13333334
0.27450982
0.30980393
0.4627451
-0.4627451
-0.40784314
-0.30588236
-0.2
-0.015686275
-0.003921569
-0.003921569
-0.13333334
-0.07450981
-0.003921569
-0.003921569
-0.003921569
-0.003921569
-0.003921569
-0.003921569
-0.003921569
-0.003921569
-0.2627451
0.41960785
-0.15686275
-0.003921569
-0.015686275
0.039215688
-0.003921569
-0.050980393
-0.003921569
-0.003921569
-0.003921569
-0.38431373
-0.24705882
0.0627451
-0.16470589
-0.16470589
0.4
-0.4509804
0.078431375
0.41568628
-0.3647059
-0.2901961
-0.24313726
-0.08627451
-0.003921569
-0.003921569
-0.043137256
-0.16470589
-0.1254902
-0.043137256
-0.15686275
-0.3372549
-0.2901961
-0.28627452
-0.2509804
-0.0627451
-0.039215688
-0.11764706
-0.14117648
-0.27058825
-0.36078432
-0.3372549
-0.30980393
-0.20784314
-0.12156863
-0.29411766
0.45490196
0.36862746
-0.43529412
0.38431373
0.47058824
-0.4862745
-0.3372549
-0.24705882
-0.16862746
-0.03529412
-0.02745098
-0.29411766
0.43529412
-0.29803923
-0.08235294
-0.05882353
-0.3137255
0.41568628
0.43529412
0.48235294
0.40392157
0.41568628
0.3254902
0.4745098
-0.3529412
-0.2627451
-0.10980392
-0.003921569
-0.019607844
-0.078431375
-0.08235294
-0.019607844
-0.050980393
-0.15294118
-0.003921569
-0.3372549
-0.14117648
-0.003921569
-0.003921569
-0.003921569
-0.16078432
-0.4392157
-0.41568628
-0.3647059
-0.2
-0.4
-0.33333334
-0.05882353
-0.003921569
-0.003921569
-0.003921569
-0.003921569
-0.09019608
-0.023529412
-0.003921569
-0.003921569
-0.003921569
-0.003921569
-0.07058824
-0.29411766
-0.24313726
-0.24313726
-0.36078432
-0.23529412
-0.34509805
-0.38039216
-0.105882354
-0.1764706
-0.47058824
-0.35686275
-0.47843137
-0.003921569
0.08627451
-0.14117648
0.011764706
0.0
0.0
0.0
0.0
0.0
0.0
0.0
0.0
0.0
0.0
0.0
0.0
0.0
0.03137255
0.07450981
0.09803922
0.14509805
0.14509805
0.18431373
0.2509804
0.2901961
0.43137255
-0.45882353
-0.34901962
-0.19607843
-0.10980392
-0.08235294
-0.09803922
-0.09411765
-0.05882353
-0.003921569
-0.003921569
-0.003921569
-0.003921569
-0.003921569
-0.003921569
-0.003921569
-0.003921569
-0.003921569
-0.4392157
-0.32156864
-0.25490198
-0.30980393
-0.3372549
0.039215688
-0.003921569
-0.003921569
-0.003921569
-0.003921569
-0.03137255
0.46666667
-0.2784314
0.43529412
-0.42745098
-0.41568628
-0.42352942
-0.4745098
0.48235294
-0.4
-0.23137255
-0.13725491
-0.21960784
-0.34901962
-0.003921569
-0.003921569
-0.06666667
-0.14117648
-0.078431375
-0.03137255
-0.13725491
-0.28235295
-0.26666668
-0.28627452
-0.2784314
-0.09019608
-0.14117648
-0.33333334
-0.38039216
0.4862745
0.41568628
0.39607844
-0.49803922
-0.32941177
-0.1882353
-0.2784314
-0.49411765
0.41568628
-0.43529412
0.3647059
0.38431373
0.44313726
-0.35686275
-0.31764707
-0.21960784
-0.06666667
-0.003921569
-0.14901961
-0.2901961
-0.26666668
-0.22352941
-0.25490198
-0.34509805
0.4509804
0.43529412
0.48235294
0.48235294
0.40392157
0.42352942
0.4509804
-0.43529412
-0.20784314
-0.27058825
-0.14509805
-0.023529412
-0.011764706
-0.003921569
-0.047058824
-0.078431375
-0.25882354
-0.46666667
-0.34117648
0.49019608
-0.07450981
-0.003921569
-0.07058824
-0.2901961
-0.4392157
-0.35686275
-0.31764707
-0.23921569
0.4
-0.4117647
-0.18431373
-0.003921569
-0.003921569
-0.003921569
-0.003921569
-0.23529412
-0.05490196
-0.003921569
-0.003921569
-0.003921569
-0.003921569
-0.16078432
-0.42352942
-0.37254903
-0.34509805
-0.24313726
-0.16862746
-0.09019608
-0.09803922
-0.15686275
-0.18039216
-0.4117647
-0.26666668
-0.44705883
0.43529412
-0.003921569
-0.14117648
0.019607844
0.0
-0.45882353
0.0
0.0
0.0
0.0
0.0
0.0
0.0
0.0
0.0
0.0
0.0
0.047058824
0.105882354
0.12941177
0.14117648
0.16470589
0.19607843
0.23137255
0.34509805
-0.47058824
-0.37254903
-0.30980393
-0.13333334
-0.007843138
-0.043137256
-0.07058824
-0.25882354
-0.21960784
-0.003921569
-0.003921569
-0.003921569
-0.003921569
-0.003921569
-0.003921569
-0.003921569
-0.003921569
-0.003921569
-0.101960786
-0.14117648
-0.22745098
-0.36862746
-0.14117648
-0.003921569
-0.003921569
-0.003921569
-0.003921569
-0.003921569
-0.11764706
0.3137255
-0.4117647
-0.4
-0.34901962
-0.29411766
-0.30980393
-0.3254902
-0.37254903
-0.31764707
-0.22745098
-0.003921569
-0.003921569
-0.003921569
-0.003921569
-0.13725491
-0.2
-0.15294118
-0.14509805
-0.11764706
-0.16078432
-0.27058825
-0.19607843
-0.25490198
-0.3019608
-0.105882354
-0.039215688
-0.11372549
-0.30588236
0.42352942
0.23529412
0.0
-0.16470589
-0.44705883
-0.28235295
-0.37254903
0.40784314
-0.43529412
-0.43529412
0.32941177
0.38039216
0.43529412
-0.4745098
-0.42352942
-0.45882353
-0.34509805
-0.16470589
-0.2784314
-0.4392157
-0.4392157
-0.30980393
-0.3882353
0.007843138
0.015686275
0.043137256
0.4392157
0.4392157
0.3019608
0.46666667
0.4392157
-0.45882353
-0.2784314
-0.14509805
-0.03137255
-0.047058824
-0.039215688
-0.07058824
-0.078431375
-0.18039216
-0.3254902
-0.34509805
-0.40392157
-0.3882353
-0.13333334
-0.019607844
-0.11764706
-0.32156864
-0.45882353
-0.46666667
-0.44705883
-0.38431373
0.4
0.49019608
-0.12156863
-0.003921569
-0.003921569
-0.003921569
-0.003921569
-0.15686275
-0.003921569
-0.003921569
-0.003921569
-0.003921569
-0.003921569
-0.14901961
-0.3254902
-0.2509804
-0.14901961
-0.09411765
-0.15294118
-0.19215687
-0.20784314
-0.003921569
-0.047058824
-0.15686275
-0.30588236
-0.5019608
-0.003921569
-0.003921569
0.11764706
0.03137255
-0.45882353
-0.45882353
0.0
0.0
0.0
0.0
0.0
0.0
0.0
0.0
0.0
0.0
0.011764706
0.078431375
0.14509805
0.16078432
0.15294118
0.16862746
0.1882353
0.25882354
0.42352942
-0.44313726
-0.34901962
-0.2901961
-0.09019608
-0.047058824
-0.11764706
-0.12941177
-0.25882354
-0.25882354
-0.05490196
-0.003921569
-0.003921569
-0.003921569
-0.003921569
-0.003921569
-0.003921569
-0.003921569
-0.003921569
-0.12156863
-0.06666667
-0.24313726
-0.32156864
-0.41960785
-0.003921569
-0.003921569
-0.003921569
-0.003921569
-0.003921569
-0.18431373
0.47058824
0.3372549
0.4
-0.45490196
-0.4392157
-0.34901962
-0.3764706
0.48235294
-0.45490196
-0.28235295
-0.003921569
-0.003921569
-0.003921569
-0.08235294
-0.32156864
-0.33333334
-0.23529412
-0.1764706
-0.17254902
-0.31764707
-0.3647059
-0.24313726
-0.33333334
-0.27058825
-0.0627451
-0.003921569
-0.003921569
-0.21568628
-0.5019608
0.03137255
0.08235294
-0.19607843
0.47843137
-0.39215687
0.47843137
0.078431375
0.23137255
0.2509804
0.019607844
0.3137255
0.34117648
0.23921569
0.1764706
0.0
0.047058824
0.37254903
0.41568628
0.24705882
0.14509805
0.17254902
0.12941177
0.023529412
0.06666667
0.050980393
0.023529412
0.039215688
0.11764706
0.27450982
0.44313726
-0.45490196
-0.3882353
-0.23921569
-0.15686275
-0.24705882
-0.26666668
-0.25490198
-0.21568628
-0.32156864
-0.40392157
0.4745098
-0.3529412
0.49019608
0.3764706
-0.34117648
-0.43529412
0.46666667
0.36862746
-0.45490196
-0.4509804
-0.4627451
0.4745098
-0.4509804
-0.21568628
-0.019607844
-0.003921569
-0.003921569
-0.003921569
-0.003921569
-0.003921569
-0.003921569
-0.003921569
-0.003921569
-0.003921569
-0.09803922
-0.42745098
-0.30588236
-0.06666667
-0.101960786
-0.023529412
-0.06666667
-0.13725491
-0.03137255
-0.15686275
-0.13725491
-0.21568628
-0.2784314
-0.003921569
-0.003921569
0.18039216
0.050980393
-0.45882353
-0.45882353
0.0
0.49411765
0.0
0.0
0.0
0.0
0.0
0.0
0.0
0.003921569
0.03529412
0.12156863
0.21176471
0.24313726
0.25882354
0.2901961
0.3137255
0.3764706
0.4627451
-0.47058824
-0.3647059
-0.27450982
-0.14117648
-0.18039216
-0.29803923
-0.32941177
-0.28235295
-0.1764706
-0.0627451
-0.003921569
-0.003921569
-0.003921569
-0.003921569
-0.003921569
-0.003921569
-0.003921569
-0.14901961
-0.16862746
-0.03137255
-0.105882354
-0.3372549
-0.3529412
-0.003921569
-0.003921569
-0.003921569
-0.003921569
-0.02745098
-0.30588236
0.40784314
-0.30980393
-0.30980393
0.40392157
0.44705883
-0.4862745
-0.003921569
-0.003921569
0.09411765
-0.47843137
-0.023529412
-0.003921569
-0.003921569
-0.25882354
-0.36078432
-0.34117648
-0.25882354
-0.1882353
-0.25882354
-0.36862746
-0.41568628
-0.34509805
-0.24313726
-0.14117648
-0.02745098
-0.003921569
-0.003921569
-0.20784314
-0.4392157
0.3529412
0.19607843
0.21568628
0.44313726
-0.4745098
0.4392157
0.25490198
0.16078432
0.015686275
0.003921569
0.011764706
0.015686275
0.03137255
0.03137255
0.05490196
0.039215688
0.0
0.07450981
0.039215688
0.0
0.003921569
0.023529412
0.0
0.0
0.0
0.047058824
0.05882353
0.015686275
0.0
0.019607844
0.18039216
0.25490198
0.36862746
-0.4745098
-0.4627451
0.34117648
0.31764707
0.44313726
0.4117647
0.40392157
-0.44705883
-0.44705883
0.49019608
0.07058824
0.07450981
-0.40784314
-0.40784314
-0.40784314
-0.40784314
-0.40784314
0.4
0.31764707
0.46666667
-0.2627451
-0.08235294
-0.05490196
-0.015686275
-0.003921569
-0.003921569
-0.015686275
-0.003921569
-0.003921569
-0.003921569
-0.07450981
-0.4509804
-0.003921569
-0.3137255
-0.09411765
-0.047058824
-0.11764706
-0.07058824
-0.07450981
-0.003921569
-0.019607844
-0.14901961
-0.07450981
-0.19215687
-0.003921569
0.078431375
0.24705882
0.07058824
-0.45882353
-0.45882353
0.49411765
0.49411765
0.0
0.0
0.0
0.0
0.0
0.0
0.0
0.011764706
0.05490196
0.14509805
0.25490198
0.3372549
0.41568628
-0.49411765
-0.42352942
-0.3882353
-0.36078432
-0.35686275
-0.3019608
-0.16862746
-0.1764706
-0.11764706
-0.21960784
-0.3137255
-0.12941177
-0.05490196
-0.003921569
-0.003921569
-0.003921569
-0.003921569
-0.003921569
-0.003921569
-0.003921569
-0.003921569
-0.39607844
-0.24313726
-0.13333334
-0.003921569
-0.13333334
-0.105882354
-0.003921569
-0.003921569
-0.003921569
-0.003921569
-0.101960786
-0.30980393
-0.03529412
-0.03529412
0.09411765
0.09411765
0.34509805
0.44313726
-0.003921569
-0.003921569
-0.019607844
0.043137256
-0.17254902
-0.011764706
-0.1882353
-0.4
-0.34117648
-0.23921569
-0.09803922
-0.1764706
-0.29411766
-0.37254903
0.37254903
-0.40392157
-0.28627452
-0.18431373
-0.07450981
-0.003921569
-0.003921569
-0.24313726
-0.4509804
-0.44705883
0.41568628
0.38039216
0.40392157
0.32156864
0.27058825
0.0
0.039215688
0.019607844
0.0
0.003921569
0.06666667
0.21568628
0.3254902
0.35686275
0.33333334
0.22745098
0.25490198
0.23137255
0.27450982
0.3254902
0.22352941
0.16862746
0.16862746
0.16078432
0.11764706
0.09803922
0.105882354
0.05490196
0.003921569
0.015686275
0.050980393
0.14509805
0.17254902
-0.39607844
-0.39607844
-0.39607844
0.15686275
0.49019608
0.49019608
0.49019608
0.0
0.039215688
0.015686275
0.047058824
0.07450981
0.003921569
0.02745098
-0.40784314
-0.40784314
0.4
0.4
0.4
-0.49019608
-0.49019608
-0.34117648
-0.17254902
-0.06666667
-0.20392157
-0.19215687
-0.003921569
-0.003921569
-0.003921569
-0.22352941
0.42745098
-0.003921569
-0.32941177
-0.22352941
-0.21176471
-0.003921569
-0.003921569
-0.003921569
-0.08627451
-0.2
-0.22352941
-0.19215687
-0.09803922
-0.2901961
0.08627451
0.2784314
0.078431375
0.011764706
0.0
0.49411765
0.49411765
0.0
0.0
0.0
0.0
0.0
0.0
0.0
0.015686275
0.05882353
0.13725491
0.2509804
0.36862746
0.46666667
-0.4392157
-0.35686275
-0.30588236
-0.2509804
-0.26666668
-0.1882353
-0.11764706
-0.16470589
-0.011764706
-0.050980393
-0.101960786
-0.003921569
-0.003921569
-0.003921569
-0.003921569
-0.003921569
-0.003921569
-0.003921569
-0.003921569
-0.003921569
-0.003921569
-0.45882353
-0.3372549
-0.101960786
-0.007843138
-0.03137255
-0.078431375
-0.003921569
-0.003921569
-0.003921569
-0.003921569
0.49803922
-0.30980393
0.33333334
-0.03529412
-0.03529412
0.09411765
0.35686275
0.3647059
0.09803922
-0.003921569
-0.019607844
-0.019607844
-0.3372549
-0.18039216
-0.21960784
-0.33333334
-0.23921569
-0.16862746
-0.105882354
-0.15686275
-0.33333334
-0.4862745
-0.5019608
-0.43137255
-0.3254902
-0.1882353
-0.08235294
-0.039215688
-0.12941177
-0.1882353
-0.27058825
-0.40784314
-0.5019608
0.3764706
0.25490198
0.023529412
0.019607844
0.007843138
0.13725491
0.101960786
0.003921569
0.21176471
0.31764707
-0.42352942
-0.14509805
-0.07058824
-0.14117648
-0.22745098
-0.16078432
-0.3137255
-0.3647059
-0.24313726
-0.3254902
0.48235294
0.4627451
-0.5019608
0.39607844
0.41960785
0.42352942
0.2784314
0.15294118
0.1254902
0.10980392
0.08627451
0.039215688
0.015686275
0.0
0.03529412
0.003921569
0.0
0.03137255
0.039215688
0.003921569
0.019607844
0.05882353
0.02745098
0.07058824
0.0627451
0.0627451
0.078431375
0.039215688
0.09019608
0.050980393
0.05490196
0.08235294
-0.49019608
0.3882353
-0.4
-0.30588236
-0.37254903
-0.33333334
-0.16862746
-0.22352941
-0.26666668
-0.32941177
-0.44313726
-0.47843137
-0.3019608
-0.15294118
-0.15294118
-0.050980393
-0.07450981
-0.003921569
-0.047058824
-0.2784314
-0.21568628
-0.14117648
0.15686275
0.13333334
0.07058824
0.23921569
0.07450981
0.011764706
0.0
0.49411765
0.49411765
0.0
0.0
0.0
0.0
0.0
0.0
0.0
0.011764706
0.050980393
0.11764706
0.2
0.2627451
0.32156864
0.43529412
-0.42745098
-0.36078432
-0.29411766
-0.2784314
-0.23137255
-0.21176471
-0.24705882
-0.08235294
-0.015686275
-0.03137255
-0.003921569
-0.003921569
-0.003921569
-0.003921569
-0.003921569
-0.003921569
-0.003921569
-0.003921569
-0.003921569
-0.05490196
-0.37254903
-0.42745098
-0.09019608
-0.15294118
-0.06666667
-0.003921569
-0.101960786
-0.003921569
-0.003921569
-0.003921569
-0.30980393
-0.30980393
0.40784314
-0.03529412
0.09411765
0.3019608
0.42745098
0.47058824
0.09803922
-0.019607844
-0.019607844
-0.019607844
-0.39607844
-0.20392157
-0.09411765
-0.13725491
-0.101960786
-0.015686275
-0.05882353
-0.078431375
-0.2901961
-0.47058824
-0.48235294
-0.44705883
-0.34509805
-0.21176471
-0.13725491
-0.10980392
-0.23529412
-0.2784314
-0.30980393
-0.48235294
0.29411766
0.06666667
0.09019608
0.15294118
0.13725491
0.06666667
0.37254903
0.3019608
0.09803922
-0.4862745
-0.22352941
-0.05490196
-0.003921569
-0.003921569
-0.003921569
-0.003921569
-0.003921569
-0.09019608
-0.14509805
-0.08235294
-0.11764706
-0.23529412
-0.24705882
-0.25490198
-0.32156864
-0.22745098
-0.27450982
-0.38039216
-0.47843137
0.49411765
0.4392157
0.34117648
0.19215687
0.13725491
0.09019608
0.05490196
0.023529412
0.0
0.02745098
0.06666667
0.043137256
0.03137255
0.023529412
0.039215688
0.03529412
0.21176471
0.1882353
0.16862746
0.09803922
0.26666668
0.24705882
0.1882353
0.003921569
0.023529412
0.07450981
0.34117648
-0.49803922
-0.43529412
-0.43529412
-0.41960785
0.4745098
-0.39607844
-0.42352942
0.40392157
0.43529412
-0.47843137
-0.30980393
-0.23921569
-0.11372549
-0.003921569
-0.003921569
-0.023529412
-0.13333334
-0.18431373
-0.1882353
0.14901961
0.45882353
0.039215688
0.15294118
0.05490196
0.007843138
0.0
0.0
0.0
0.0
0.0
0.0
0.0
0.0
0.0
0.0
0.007843138
0.03529412
0.08627451
0.14901961
0.16862746
0.19607843
0.30980393
0.45882353
-0.42352942
-0.2901961
-0.27450982
-0.2784314
-0.2784314
-0.30980393
-0.20392157
-0.09411765
-0.08627451
-0.003921569
-0.003921569
-0.003921569
-0.003921569
-0.003921569
-0.003921569
-0.003921569
-0.003921569
-0.003921569
-0.20392157
-0.4392157
-0.38039216
-0.10980392
-0.13333334
-0.03529412
-0.003921569
-0.15294118
-0.003921569
-0.019607844
-0.003921569
-0.4745098
-0.003921569
-0.003921569
-0.003921569
0.09803922
0.4745098
-0.4627451
-0.40392157
0.35686275
-0.019607844
-0.019607844
0.29803923
-0.43529412
-0.11764706
-0.003921569
-0.003921569
-0.21960784
-0.14509805
-0.003921569
-0.003921569
-0.11764706
-0.31764707
-0.45882353
-0.49411765
-0.41568628
-0.3019608
-0.24705882
-0.15294118
-0.3254902
0.4117647
0.34901962
0.0
0.0
0.23137255
0.29803923
0.3882353
0.3764706
-0.44705883
-0.25882354
-0.29411766
-0.34509805
-0.16862746
-0.003921569
-0.003921569
-0.003921569
-0.003921569
-0.003921569
-0.003921569
-0.003921569
-0.003921569
-0.003921569
-0.11372549
-0.09803922
-0.12941177
-0.08627451
-0.003921569
-0.05490196
-0.0627451
-0.07058824
-0.105882354
-0.23137255
-0.2509804
-0.30588236
-0.44313726
0.39607844
0.32941177
0.16470589
0.23529412
0.14901961
0.08235294
0.078431375
0.039215688
0.003921569
0.03529412
0.039215688
0.03529412
0.16862746
0.34901962
-0.47058824
-0.3882353
0.49019608
0.44705883
0.4745098
0.37254903
0.15686275
0.09411765
0.03137255
0.14901961
0.007843138
0.07058824
0.34901962
0.45882353
0.4862745
0.4509804
0.35686275
0.18431373
0.25490198
0.43137255
-0.23921569
-0.19215687
-0.17254902
-0.023529412
-0.003921569
-0.015686275
-0.03137255
-0.039215688
-0.16470589
0.07450981
0.35686275
0.019607844
0.078431375
0.023529412
0.003921569
0.0
0.0
0.0
0.0
0.0
0.0
0.0
0.0
0.0
0.0
0.003921569
0.019607844
0.05490196
0.10980392
0.14901961
0.19215687
0.28235295
0.3647059
-0.46666667
-0.34901962
-0.28627452
-0.23529412
-0.1882353
-0.21960784
-0.19607843
-0.050980393
-0.003921569
-0.003921569
-0.003921569
-0.003921569
-0.003921569
-0.003921569
-0.003921569
-0.003921569
-0.003921569
-0.05490196
-0.32941177
0.39607844
-0.30980393
-0.09019608
-0.07450981
-0.05882353
-0.007843138
-0.14509805
-0.03137255
-0.023529412
-0.02745098
-0.4
0.35686275
-0.20784314
-0.003921569
0.37254903
-0.39607844
-0.36862746
-0.3882353
0.31764707
-0.003921569
-0.003921569
0.34901962
-0.5019608
-0.26666668
-0.0627451
-0.003921569
-0.09411765
-0.047058824
-0.003921569
-0.003921569
-0.11764706
-0.29803923
-0.46666667
0.4745098
0.4117647
0.4509804
-0.43529412
-0.30588236
-0.46666667
0.06666667
0.003921569
0.011764706
0.27450982
0.4509804
0.49411765
-0.34509805
-0.28235295
-0.09019608
-0.05882353
-0.07450981
-0.003921569
-0.003921569
-0.003921569
-0.003921569
-0.003921569
-0.003921569
-0.003921569
-0.003921569
-0.003921569
-0.003921569
-0.003921569
-0.09803922
-0.03529412
-0.003921569
-0.003921569
-0.007843138
-0.08627451
-0.0627451
-0.043137256
-0.039215688
-0.06666667
-0.17254902
-0.18431373
-0.32941177
0.49803922
0.44313726
0.39215687
0.40784314
0.3647059
0.30588236
0.28235295
0.16862746
0.043137256
0.05882353
0.007843138
0.03529412
0.2901961
0.38039216
-0.4745098
-0.18431373
-0.1254902
-0.31764707
-0.41960785
-0.40784314
0.2627451
0.1882353
0.105882354
0.050980393
0.043137256
0.015686275
0.03137255
0.05882353
0.003921569
0.023529412
0.03137255
0.05490196
0.05490196
0.29411766
-0.4509804
-0.26666668
-0.15294118
-0.101960786
-0.019607844
-0.003921569
-0.078431375
-0.15686275
-0.27450982
0.44313726
0.43137255
0.007843138
0.03529412
0.007843138
0.003921569
0.0
0.0
0.0
0.0
0.0
0.0
0.0
0.0
0.0
0.0
0.0
0.007843138
0.023529412
0.09411765
0.1254902
0.18039216
0.30980393
0.42352942
-0.40392157
-0.4117647
-0.23529412
-0.16470589
-0.10980392
-0.05490196
-0.043137256
-0.003921569
-0.003921569
-0.003921569
-0.003921569
-0.003921569
-0.003921569
-0.003921569
-0.003921569
-0.003921569
-0.003921569
-0.003921569
-0.33333334
0.46666667
-0.3137255
-0.25490198
-0.21960784
-0.2
-0.105882354
-0.23921569
-0.07058824
-0.02745098
-0.17254902
-0.34117648
-0.34117648
0.34509805
0.39607844
0.49411765
-0.3764706
-0.3137255
-0.4745098
-0.003921569
-0.003921569
-0.003921569
0.39607844
0.4627451
-0.40784314
-0.21568628
-0.047058824
-0.003921569
-0.003921569
-0.003921569
-0.003921569
-0.14509805
-0.2627451
-0.43137255
0.4117647
0.03529412
0.3137255
0.37254903
0.019607844
0.03137255
0.15686275
0.23921569
0.40784314
-0.38039216
-0.30980393
-0.24313726
-0.078431375
-0.003921569
-0.003921569
-0.011764706
-0.0627451
-0.003921569
-0.003921569
-0.003921569
-0.003921569
-0.003921569
-0.003921569
-0.003921569
-0.003921569
-0.003921569
-0.003921569
-0.003921569
-0.003921569
-0.003921569
-0.003921569
-0.003921569
-0.003921569
-0.1254902
-0.17254902
-0.07058824
-0.05882353
-0.14117648
-0.19215687
-0.18039216
-0.3372549
-0.45490196
-0.4509804
-0.5019608
-0.49019608
-0.48235294
0.45882353
0.39607844
0.3019608
0.21960784
0.09411765
0.101960786
0.05882353
0.07450981
0.38431373
0.43529412
-0.4
-0.19215687
-0.18431373
-0.23921569
-0.23921569
-0.29803923
-0.5019608
0.30980393
0.2
0.105882354
0.05882353
0.050980393
0.0
0.047058824
0.13725491
0.17254902
0.17254902
0.015686275
0.09411765
0.40784314
-0.38039216
-0.31764707
-0.2
-0.06666667
-0.101960786
-0.101960786
-0.07450981
-0.19607843
0.49803922
0.36862746
0.003921569
0.015686275
0.003921569
0.0
0.0
0.0
0.0
0.0
0.0
0.0
0.0
0.0
0.0
0.0
0.003921569
0.023529412
0.06666667
0.101960786
0.12156863
0.18431373
0.3529412
0.48235294
-0.3254902
-0.3529412
-0.21176471
-0.12156863
-0.13725491
-0.003921569
-0.003921569
-0.003921569
-0.003921569
-0.003921569
-0.003921569
-0.003921569
-0.003921569
-0.003921569
-0.003921569
-0.003921569
-0.003921569
-0.003921569
-0.2901961
0.043137256
0.34117648
0.46666667
-0.39607844
-0.42745098
-0.3137255
-0.30588236
-0.14117648
-0.1254902
-0.2627451
-0.34509805
-0.28627452
-0.40784314
-0.44313726
-0.39215687
-0.30588236
-0.30980393
-0.4627451
-0.003921569
-0.003921569
0.37254903
0.46666667
0.44313726
-0.42352942
-0.1254902
-0.015686275
-0.003921569
-0.003921569
-0.003921569
-0.003921569
-0.003921569
-0.12941177
-0.32156864
-0.44313726
0.44705883
0.03529412
0.06666667
0.16470589
0.1254902
0.16078432
0.49019608
-0.29411766
-0.28627452
-0.3137255
-0.22745098
-0.015686275
-0.003921569
-0.003921569
-0.003921569
-0.003921569
-0.003921569
-0.003921569
-0.003921569
-0.003921569
-0.003921569
-0.003921569
-0.003921569
-0.003921569
-0.003921569
-0.003921569
-0.003921569
-0.007843138
-0.007843138
-0.08235294
-0.07450981
-0.03137255
-0.20392157
-0.23529412
-0.08627451
-0.09803922
-0.20784314
-0.23921569
-0.23921569
-0.31764707
-0.38039216
-0.39607844
-0.43137255
-0.41568628
-0.42745098
0.49411765
0.43529412
0.39215687
0.39607844
0.44705883
0.37254903
0.27450982
0.09019608
0.105882354
0.12941177
0.13725491
0.49803922
0.07450981
-0.30588236
-0.19607843
-0.34117648
-0.4862745
0.41960785
0.39215687
0.09019608
0.047058824
0.09803922
0.11764706
0.019607844
0.23921569
0.28235295
0.20784314
0.15294118
0.10980392
0.05490196
0.36078432
-0.44705883
-0.23137255
-0.05882353
-0.12941177
-0.14117648
-0.2509804
-0.4117647
0.4509804
0.37254903
0.0
0.003921569
0.0
0.0
0.0
0.0
0.0
0.0
0.0
0.0
0.0
0.0
0.0
0.0
0.003921569
0.02745098
0.07450981
0.105882354
0.11372549
0.1882353
0.3764706
0.40784314
-0.36862746
-0.34901962
-0.37254903
-0.19215687
-0.18431373
-0.105882354
-0.03137255
-0.003921569
-0.003921569
-0.003921569
-0.003921569
-0.003921569
-0.003921569
-0.003921569
-0.003921569
-0.003921569
-0.003921569
-0.003921569
-0.1764706
-0.25490198
-0.40392157
0.3882353
0.41568628
0.3019608
0.42745098
-0.44705883
-0.2
-0.13725491
-0.22352941
-0.35686275
-0.2901961
-0.2509804
-0.33333334
-0.28235295
-0.28235295
-0.23921569
-0.2901961
0.4392157
0.09803922
0.43137255
-0.4117647
-0.47843137
-0.3372549
-0.050980393
-0.02745098
-0.015686275
-0.003921569
-0.003921569
-0.003921569
-0.003921569
-0.05882353
-0.3019608
-0.36862746
0.4509804
0.03529412
0.24313726
0.41960785
0.3647059
0.47843137
-0.18039216
-0.023529412
-0.019607844
-0.078431375
-0.12941177
-0.07450981
-0.011764706
-0.003921569
-0.003921569
-0.003921569
-0.003921569
-0.003921569
-0.003921569
-0.003921569
-0.003921569
-0.003921569
-0.003921569
-0.003921569
-0.08627451
-0.15686275
-0.23137255
-0.2901961
-0.1882353
-0.20784314
-0.1764706
-0.06666667
-0.09803922
-0.10980392
-0.15686275
-0.1254902
-0.06666667
-0.14509805
-0.25490198
-0.28235295
-0.34901962
-0.4
-0.39215687
-0.3529412
-0.3882353
-0.46666667
0.49411765
0.47058824
-0.4862745
-0.4
-0.49411765
0.42745098
0.44705883
-0.49019608
-0.4509804
0.11372549
0.101960786
0.07058824
0.08627451
-0.42352942
-0.43529412
-0.43529412
0.49803922
0.4627451
0.34117648
0.23921569
0.09803922
0.07450981
0.13333334
0.28235295
0.26666668
0.2509804
0.3137255
0.24705882
0.019607844
0.09019608
0.3647059
-0.45490196
-0.36862746
-0.43137255
-0.34901962
-0.31764707
0.49411765
0.4117647
0.36078432
0.0
0.0
0.0
0.0
0.0
0.0
0.0
0.0
0.0
0.0
0.0
0.0
0.0
0.0
0.0
0.015686275
0.06666667
0.101960786
0.03529412
0.16862746
0.38039216
0.3647059
-0.47058824
-0.40392157
-0.4627451
-0.25882354
-0.30588236
-0.21960784
-0.05490196
-0.003921569
-0.003921569
-0.003921569
-0.003921569
-0.003921569
-0.003921569
-0.003921569
-0.003921569
-0.003921569
-0.003921569
-0.003921569
-0.003921569
-0.03529412
0.4392157
0.39215687
0.06666667
0.06666667
0.3372549
0.4
-0.24313726
-0.15686275
-0.23921569
-0.3254902
-0.2784314
-0.20784314
-0.27450982
-0.2901961
-0.28627452
-0.15686275
-0.18431373
-0.30980393
0.48235294
-0.49411765
-0.37254903
-0.4627451
-0.3529412
-0.08627451
-0.023529412
-0.011764706
-0.003921569
-0.003921569
-0.003921569
-0.003921569
-0.07450981
-0.33333334
0.03137255
0.03137255
0.30980393
0.4117647
-0.35686275
-0.21568628
-0.023529412
-0.003921569
-0.003921569
-0.003921569
-0.003921569
-0.003921569
-0.023529412
-0.047058824
-0.003921569
-0.003921569
-0.003921569
-0.003921569
-0.003921569
-0.003921569
-0.003921569
-0.003921569
-0.003921569
-0.003921569
-0.14117648
-0.25882354
-0.3647059
-0.49411765
-0.48235294
-0.37254903
-0.37254903
-0.28235295
-0.16862746
-0.043137256
-0.03137255
-0.13725491
-0.05490196
-0.13725491
-0.28235295
-0.3019608
-0.27450982
-0.31764707
-0.3764706
-0.3529412
-0.31764707
-0.3764706
-0.3882353
-0.3764706
-0.40784314
-0.31764707
-0.20784314
-0.34509805
-0.49019608
-0.4392157
-0.30980393
-0.34509805
-0.47058824
0.47058824
0.40784314
0.015686275
0.0627451
0.0627451
0.0627451
0.0627451
0.32941177
0.4392157
0.42352942
0.31764707
0.33333334
0.4
-0.4745098
0.4745098
0.3647059
0.27058825
0.1882353
0.08235294
0.043137256
0.09803922
0.39215687
-0.4862745
0.4392157
0.49411765
-0.36078432
-0.48235294
0.40392157
0.34117648
0.09019608
0.0
0.0
0.0
0.0
0.0
0.0
0.0
0.0
0.0
0.0
0.0
0.0
0.0
0.0
0.015686275
0.05882353
0.09803922
0.105882354
0.16078432
0.36862746
0.43529412
0.43529412
-0.42352942
-0.3882353
-0.36862746
-0.40392157
-0.2627451
-0.21568628
-0.27058825
-0.1254902
-0.003921569
-0.003921569
-0.003921569
-0.003921569
-0.003921569
-0.003921569
-0.003921569
-0.003921569
-0.003921569
-0.003921569
-0.003921569
0.37254903
0.43137255
0.45882353
-0.32156864
-0.32156864
0.06666667
-0.40392157
-0.4745098
0.4745098
-0.43529412
-0.37254903
-0.29803923
-0.34901962
-0.40392157
-0.36862746
-0.19215687
-0.10980392
-0.18039216
-0.3764706
-0.43137255
-0.40392157
-0.45490196
-0.4117647
-0.21568628
-0.050980393
-0.043137256
-0.003921569
-0.003921569
-0.003921569
-0.011764706
-0.1254902
0.0
0.03137255
0.3764706
-0.32941177
-0.30980393
-0.11764706
-0.003921569
-0.003921569
-0.003921569
-0.003921569
-0.003921569
-0.003921569
-0.003921569
-0.003921569
-0.003921569
-0.003921569
-0.003921569
-0.003921569
-0.003921569
-0.003921569
-0.003921569
-0.09411765
-0.101960786
-0.11764706
-0.16470589
-0.24313726
-0.3647059
-0.43137255
0.45882353
-0.4862745
-0.34509805
-0.3372549
-0.27058825
-0.16078432
-0.105882354
-0.2
-0.1882353
-0.15294118
-0.28235295
-0.36862746
-0.29411766
-0.21176471
-0.21568628
-0.2784314
-0.32941177
-0.35686275
-0.4117647
-0.40784314
-0.28627452
-0.2
-0.1764706
-0.15686275
-0.19607843
-0.31764707
-0.39215687
-0.29803923
-0.3137255
-0.43137255
-0.42745098
-0.3372549
-0.4627451
-0.4627451
0.3254902
0.0627451
0.015686275
0.019607844
0.30588236
0.31764707
0.38431373
0.03137255
0.09803922
-0.40784314
-0.4509804
0.41960785
0.3764706
0.38039216
0.06666667
0.047058824
0.023529412
0.08235294
0.34901962
0.3372549
0.3137255
0.4745098
0.48235294
0.38039216
0.29411766
0.12156863
0.0
0.0
0.0
0.0
0.0
0.0
0.0
0.0
0.0
0.0
0.0
0.0
0.0
0.0
0.015686275
0.047058824
0.08235294
0.105882354
0.18431373
0.3254902
0.42352942
-0.49411765
-0.41960785
-0.3647059
-0.44313726
-0.45490196
-0.42352942
-0.39215687
0.4392157
-0.29411766
-0.003921569
-0.003921569
-0.003921569
-0.003921569
-0.003921569
-0.003921569
-0.003921569
-0.003921569
-0.003921569
-0.003921569
-0.003921569
-0.13725491
-0.49411765
-0.49411765
0.06666667
-0.32156864
-0.32156864
-0.32156864
-0.32156864
0.05882353
0.05882353
0.49019608
-0.4862745
-0.44313726
-0.48235294
0.4862745
-0.41568628
-0.15686275
-0.2
-0.3647059
-0.44313726
-0.4
-0.32941177
-0.21176471
-0.16862746
-0.11764706
-0.105882354
-0.0627451
-0.039215688
-0.07450981
-0.15294118
0.019607844
0.007843138
0.015686275
-0.3647059
-0.12941177
-0.078431375
-0.003921569
-0.003921569
-0.003921569
-0.003921569
-0.003921569
-0.003921569
-0.003921569
-0.003921569
-0.003921569
-0.003921569
-0.003921569
-0.003921569
-0.003921569
-0.003921569
-0.003921569
-0.003921569
-0.02745098
-0.13333334
-0.2509804
-0.2901961
-0.32941177
-0.38431373
-0.36862746
-0.4
-0.3137255
-0.13725491
-0.13725491
-0.21568628
-0.23137255
-0.13333334
-0.19215687
-0.29803923
-0.34117648
-0.4117647
-0.33333334
-0.21960784
-0.15294118
-0.1764706
-0.22352941
-0.28235295
-0.36862746
-0.47843137
-0.39215687
-0.13333334
-0.047058824
-0.11372549
-0.16862746
-0.23921569
-0.39607844
-0.49019608
-0.34901962
-0.30588236
-0.34901962
-0.2901961
-0.27058825
-0.32156864
-0.3529412
-0.28235295
-0.49803922
0.2
0.078431375
0.007843138
0.015686275
0.34901962
0.18431373
0.41960785
-0.4509804
-0.42745098
0.45882353
0.39607844
0.3137255
0.050980393
0.16862746
0.047058824
0.023529412
0.039215688
0.023529412
0.06666667
0.105882354
0.29803923
0.2627451
0.15294118
0.047058824
0.0
0.0
0.0
0.0
0.0
0.0
0.0
0.0
0.0
0.0
0.0
0.0
0.0
0.0
0.011764706
0.02745098
0.047058824
0.08627451
0.24313726
0.39215687
0.36078432
-0.40784314
0.4745098
-0.42745098
-0.41568628
0.49019608
0.33333334
-0.38039216
0.46666667
-0.2627451
-0.003921569
-0.019607844
-0.003921569
-0.003921569
-0.003921569
-0.003921569
-0.003921569
-0.003921569
-0.003921569
-0.003921569
-0.003921569
-0.05490196
-0.43529412
-0.47058824
-0.1882353
0.3254902
0.33333334
0.06666667
0.06666667
-0.1882353
0.078431375
0.47843137
0.047058824
0.45490196
-0.5019608
0.45882353
0.4627451
-0.42745098
-0.49411765
0.49411765
0.42745098
-0.4862745
-0.42745098
-0.21176471
-0.019607844
-0.023529412
-0.047058824
-0.09019608
-0.1254902
-0.2784314
0.011764706
0.14901961
0.45490196
-0.38039216
-0.23921569
-0.003921569
-0.003921569
-0.003921569
-0.003921569
-0.003921569
-0.003921569
-0.003921569
-0.003921569
-0.003921569
-0.003921569
-0.003921569
-0.003921569
-0.003921569
-0.003921569
-0.003921569
-0.003921569
-0.003921569
-0.003921569
-0.003921569
-0.12156863
-0.34901962
-0.34117648
-0.25490198
-0.23137255
-0.23921569
-0.15686275
-0.043137256
-0.007843138
-0.050980393
-0.1882353
-0.2509804
-0.21960784
-0.28627452
-0.3137255
-0.36078432
-0.42352942
-0.29411766
-0.27058825
-0.21176471
-0.21568628
-0.28235295
-0.3019608
-0.38431373
-0.46666667
-0.4117647
-0.2901961
-0.18431373
-0.16470589
-0.21960784
-0.15686275
-0.2901961
-0.34509805
-0.2627451
-0.3372549
-0.36078432
-0.4117647
0.49803922
-0.42352942
-0.21176471
-0.17254902
-0.30588236
-0.27450982
-0.46666667
0.16078432
0.047058824
0.0
0.03529412
0.09019608
-0.4745098
-0.47843137
0.49019608
0.34901962
0.20784314
0.14901961
0.15294118
0.0
0.019607844
0.007843138
0.03137255
0.02745098
0.09019608
0.11764706
0.09411765
0.039215688
0.007843138
0.0
0.0
0.0
0.0
0.0
0.0
0.0
0.0
0.0
0.0
0.0
0.0
0.0
0.0
0.007843138
0.015686275
0.023529412
0.05490196
0.22352941
0.4
0.3019608
0.40392157
0.43137255
-0.4862745
0.49803922
0.39215687
0.39215687
-0.43529412
0.45882353
-0.42745098
-0.19607843
-0.16078432
-0.003921569
-0.003921569
-0.003921569
-0.003921569
-0.003921569
-0.003921569
-0.003921569
-0.003921569
-0.003921569
-0.003921569
-0.30980393
-0.3764706
0.34117648
-0.42745098
-0.36862746
0.4627451
0.40784314
-0.16862746
-0.16862746
0.47843137
0.47843137
0.47843137
0.3764706
0.40784314
0.39607844
0.36862746
0.28627452
0.41568628
0.4627451
-0.4
-0.4392157
-0.32156864
-0.0627451
-0.02745098
-0.03529412
-0.13333334
-0.3137255
0.0
0.039215688
0.33333334
-0.1254902
-0.003921569
-0.003921569
-0.003921569
-0.003921569
-0.003921569
-0.003921569
-0.003921569
-0.003921569
-0.003921569
-0.003921569
-0.003921569
-0.003921569
-0.003921569
-0.003921569
-0.003921569
-0.003921569
-0.003921569
-0.003921569
-0.003921569
-0.003921569
-0.003921569
-0.003921569
-0.08627451
-0.18431373
-0.015686275
-0.003921569
-0.03137255
-0.015686275
-0.003921569
-0.003921569
-0.003921569
-0.14901961
-0.22352941
-0.23921569
-0.32156864
-0.34117648
-0.25882354
-0.20392157
-0.050980393
-0.003921569
-0.09019608
-0.27058825
-0.34901962
-0.30980393
-0.22352941
-0.22745098
-0.32941177
-0.24705882
-0.2784314
-0.3647059
-0.32156864
-0.28235295
-0.3019608
-0.17254902
-0.16078432
-0.22745098
-0.2784314
-0.43529412
0.44313726
-0.49019608
-0.38431373
-0.3254902
-0.3529412
-0.39215687
-0.28627452
-0.31764707
0.3529412
0.105882354
0.0627451
0.03529412
0.023529412
0.27058825
0.36862746
0.42352942
0.29803923
0.105882354
0.0
0.0
0.0
0.007843138
0.0
0.003921569
0.003921569
0.02745098
0.015686275
0.003921569
0.0
0.0
0.0
0.0
0.0
0.0
0.0
0.0
0.0
0.0
0.0
0.0
0.0
0.0
0.0
0.007843138
0.019607844
0.02745098
0.050980393
0.13725491
0.2901961
0.2627451
-0.003921569
0.32156864
0.30588236
0.41568628
0.28627452
0.42352942
0.30588236
0.3372549
0.34117648
-0.49019608
-0.29803923
-0.05882353
-0.003921569
-0.003921569
-0.003921569
-0.003921569
-0.003921569
-0.003921569
-0.003921569
-0.003921569
-0.003921569
-0.3764706
-0.43137255
0.37254903
-0.32941177
-0.2509804
-0.45490196
-0.4509804
0.45490196
0.3372549
-0.28627452
-0.28627452
0.07058824
0.47843137
0.08235294
0.28235295
0.36078432
0.4117647
-0.46666667
-0.40784314
-0.3764706
-0.47843137
-0.42745098
-0.33333334
-0.32156864
-0.2509804
-0.40784314
0.3254902
0.039215688
0.15686275
0.45882353
-0.02745098
-0.003921569
-0.003921569
-0.015686275
-0.16470589
-0.15294118
-0.02745098
-0.003921569
-0.003921569
-0.003921569
-0.003921569
-0.003921569
-0.003921569
-0.003921569
-0.003921569
-0.003921569
-0.003921569
-0.003921569
-0.003921569
-0.003921569
-0.003921569
-0.003921569
-0.003921569
-0.003921569
-0.003921569
-0.003921569
-0.003921569
-0.003921569
-0.003921569
-0.003921569
-0.003921569
-0.003921569
-0.015686275
-0.14509805
-0.14117648
-0.14901961
-0.11372549
-0.003921569
-0.003921569
-0.003921569
-0.003921569
-0.003921569
-0.1764706
-0.4117647
-0.3019608
-0.24313726
-0.24705882
-0.34117648
-0.42352942
-0.43529412
-0.3647059
-0.28235295
-0.34117648
-0.40784314
-0.27450982
-0.07450981
-0.09803922
-0.3647059
-0.47843137
-0.48235294
0.48235294
-0.36862746
-0.26666668
-0.45490196
-0.47058824
-0.43529412
-0.42745098
-0.45882353
-0.43137255
0.4509804
0.23137255
0.0
0.007843138
0.007843138
0.015686275
0.0
0.0
0.003921569
0.0
0.0
0.0
0.0
0.0
0.0
0.0
0.0
0.0
0.0
0.0
0.0
0.0
0.0
0.0
0.0
0.0
0.0
0.0
0.0
0.0
0.0
0.0
0.0
0.011764706
0.023529412
0.039215688
0.07450981
0.15686275
0.24705882
0.35686275
-0.003921569
-0.003921569
0.23137255
0.25882354
-0.003921569
-0.003921569
0.19215687
0.2509804
0.2901961
0.47058824
-0.38431373
-0.11764706
-0.003921569
-0.003921569
-0.003921569
-0.003921569
-0.003921569
-0.003921569
-0.003921569
-0.047058824
-0.047058824
-0.28627452
0.42352942
0.34901962
0.49803922
0.49803922
0.4627451
-0.49019608
-0.4862745
-0.49019608
0.33333334
-0.28627452
-0.28627452
0.03137255
0.039215688
0.047058824
0.0627451
0.08235294
0.05490196
0.05490196
-0.003921569
0.49803922
-0.15686275
-0.49411765
0.49019608
0.49803922
0.28235295
0.039215688
0.039215688
-0.40784314
-0.2
-0.11764706
-0.08627451
-0.1254902
-0.14901961
-0.12156863
-0.16862746
-0.050980393
-0.003921569
-0.09803922
-0.15686275
-0.011764706
-0.003921569
-0.003921569
-0.003921569
-0.003921569
-0.003921569
-0.003921569
-0.003921569
-0.003921569
-0.003921569
-0.003921569
-0.003921569
-0.003921569
-0.003921569
-0.003921569
-0.003921569
-0.003921569
-0.003921569
-0.003921569
-0.003921569
-0.003921569
-0.003921569
-0.003921569
-0.003921569
-0.003921569
-0.003921569
-0.003921569
-0.003921569
-0.003921569
-0.003921569
-0.003921569
-0.003921569
-0.05490196
-0.42745098
-0.32156864
-0.16862746
-0.09803922
-0.20392157
-0.4392157
-0.44705883
-0.3882353
-0.27450982
-0.32941177
-0.42352942
-0.2901961
-0.2901961
-0.22352941
-0.2509804
-0.4392157
-0.41568628
-0.4509804
-0.41568628
-0.3254902
-0.38431373
-0.44705883
-0.40392157
-0.43137255
0.42745098
0.49803922
-0.47843137
0.23921569
0.007843138
0.003921569
0.0
0.0
0.0
0.0
0.0
0.0
0.0
0.0
0.0
0.0
0.0
0.0
0.0
0.0
0.0
0.0
0.0
0.0
0.0
0.0
0.0
0.0
0.0
0.0
0.0
0.0
0.0
0.0
0.003921569
0.015686275
0.03137255
0.0627451
0.12156863
0.23529412
0.39607844
0.40392157
0.42745098
0.41960785
0.34509805
0.34117648
-0.003921569
-0.003921569
-0.09411765
-0.09411765
0.20392157
0.34509805
-0.3764706
-0.17254902
-0.003921569
-0.003921569
-0.003921569
-0.003921569
-0.003921569
-0.003921569
-0.003921569
-0.003921569
-0.019607844
-0.2901961
0.43137255
0.3137255
-0.32156864
0.39607844
0.31764707
0.39215687
0.45490196
0.46666667
0.3372549
-0.38039216
0.023529412
0.03529412
0.05882353
0.08627451
0.03137255
0.039215688
0.043137256
-0.003921569
-0.003921569
-0.003921569
0.32156864
-0.46666667
-0.5019608
0.34509805
0.0
0.02745098
-0.38039216
-0.11372549
-0.003921569
-0.0627451
-0.07450981
-0.09411765
-0.101960786
-0.19215687
-0.3764706
-0.31764707
-0.20392157
-0.40392157
-0.29803923
-0.003921569
-0.003921569
-0.003921569
-0.003921569
-0.003921569
-0.003921569
-0.003921569
-0.003921569
-0.003921569
-0.003921569
-0.003921569
-0.003921569
-0.003921569
-0.003921569
-0.003921569
-0.003921569
-0.003921569
-0.003921569
-0.003921569
-0.003921569
-0.003921569
-0.003921569
-0.003921569
-0.003921569
-0.003921569
-0.003921569
-0.003921569
-0.003921569
-0.003921569
-0.003921569
-0.003921569
-0.003921569
-0.07450981
-0.21568628
-0.10980392
-0.07450981
-0.13725491
-0.2784314
-0.38431373
-0.32156864
-0.27450982
-0.39215687
0.48235294
-0.49803922
-0.40392157
-0.31764707
-0.29803923
-0.2901961
-0.078431375
-0.15686275
-0.43529412
-0.44705883
-0.047058824
-0.25882354
-0.41960785
-0.41960785
0.49803922
0.31764707
0.32156864
0.30980393
0.16862746
0.07450981
0.02745098
0.0
0.0
0.0
0.0
0.0
0.0
0.0
0.0
0.0
0.0
0.0
0.0
0.0
0.0
0.0
0.0
0.0
0.0
0.0
0.0
0.0
0.0
0.0
0.0
0.0
0.0
0.0
0.0
0.003921569
0.019607844
0.047058824
0.08627451
0.17254902
0.23529412
0.42745098
0.43137255
-0.49803922
0.4117647
0.36078432
0.34509805
0.3137255
0.09019608
0.09019608
0.09019608
0.1764706
0.35686275
-0.33333334
-0.15686275
-0.003921569
-0.003921569
-0.003921569
-0.003921569
-0.003921569
-0.003921569
-0.003921569
-0.003921569
-0.06666667
-0.39215687
0.3882353
0.06666667
0.06666667
0.24705882
0.1882353
0.20784314
0.32941177
0.32941177
-0.38039216
-0.25490198
-0.40392157
-0.40392157
-0.40392157
-0.40392157
-0.003921569
-0.003921569
0.10980392
-0.003921569
-0.003921569
-0.003921569
-0.003921569
0.49019608
0.44705883
0.03137255
0.03137255
0.34901962
-0.3529412
-0.21568628
-0.14509805
-0.08627451
-0.003921569
-0.003921569
-0.07058824
-0.24313726
-0.3529412
-0.3529412
-0.38039216
-0.33333334
-0.09019608
-0.003921569
-0.003921569
-0.003921569
-0.105882354
-0.28235295
-0.22352941
-0.08235294
-0.003921569
-0.003921569
-0.003921569
-0.003921569
-0.003921569
-0.003921569
-0.003921569
-0.003921569
-0.003921569
-0.003921569
-0.003921569
-0.003921569
-0.003921569
-0.003921569
-0.003921569
-0.003921569
-0.003921569
-0.003921569
-0.003921569
-0.003921569
-0.003921569
-0.003921569
-0.003921569
-0.003921569
-0.003921569
-0.003921569
-0.05490196
-0.06666667
-0.21960784
-0.38431373
-0.26666668
-0.22352941
-0.25490198
-0.21568628
-0.3529412
0.49019608
0.4745098
-0.49411765
-0.42745098
-0.23921569
-0.25882354
-0.3019608
-0.27450982
-0.28627452
-0.21176471
-0.31764707
-0.44705883
0.49803922
0.39215687
0.2509804
-0.4627451
-0.4627451
0.19607843
0.12941177
0.08235294
0.03137255
0.0
0.0
0.0
0.0
0.0
0.0
0.0
0.0
0.0
0.0
0.0
0.0
0.0
0.0
0.0
0.0
0.0
0.0
0.0
0.0
0.0
0.0
0.0
0.0
0.0
0.0
0.0
0.0
0.003921569
0.011764706
0.02745098
0.0627451
0.23529412
0.29411766
0.35686275
0.34509805
0.4627451
0.47843137
0.27450982
-0.003921569
-0.003921569
0.0627451
-0.3529412
-0.5019608
-0.5019608
0.48235294
-0.22352941
-0.003921569
-0.003921569
-0.003921569
-0.003921569
-0.003921569
-0.003921569
-0.047058824
-0.003921569
-0.003921569
-0.27450982
0.40392157
0.23137255
0.16078432
0.019607844
0.08627451
0.1254902
0.12941177
0.19607843
0.30588236
0.31764707
-0.25490198
-0.25490198
-0.22352941
-0.40392157
-0.40392157
-0.003921569
-0.003921569
-0.003921569
0.31764707
0.45490196
0.43529412
0.41568628
0.43529412
0.0
0.03137255
0.33333334
-0.4627451
-0.3647059
-0.4392157
-0.36862746
-0.26666668
-0.14509805
-0.03529412
-0.08627451
-0.19215687
-0.28627452
-0.35686275
-0.36078432
-0.3019608
-0.07450981
-0.003921569
-0.003921569
-0.003921569
-0.10980392
-0.14509805
-0.20392157
-0.34509805
-0.33333334
-0.11372549
-0.003921569
-0.003921569
-0.003921569
-0.003921569
-0.003921569
-0.003921569
-0.003921569
-0.003921569
-0.003921569
-0.003921569
-0.003921569
-0.003921569
-0.003921569
-0.003921569
-0.003921569
-0.003921569
-0.003921569
-0.003921569
-0.003921569
-0.003921569
-0.003921569
-0.003921569
-0.015686275
-0.26666668
-0.2627451
-0.18431373
-0.2627451
-0.3254902
-0.3254902
-0.3372549
-0.28627452
-0.13725491
-0.2784314
0.4745098
-0.48235294
-0.49019608
0.41568628
0.4627451
0.42745098
0.44705883
-0.4392157
-0.3882353
-0.3019608
-0.25490198
-0.38039216
0.4862745
0.3647059
0.20392157
-0.4627451
-0.4627451
0.13333334
0.101960786
0.09019608
0.050980393
0.007843138
0.0
0.0
0.0
0.003921569
0.007843138
0.0
0.0
0.0
0.0
0.0
0.0
0.0
0.0
0.0
0.0
0.0
0.0
0.0
0.0
0.0
0.0
0.0
0.0
0.0
0.0
0.0
0.0
0.0
0.0
0.0
0.023529412
0.32941177
0.42745098
-0.49019608
-0.5019608
0.44705883
0.3019608
-0.4745098
-0.4745098
-0.29411766
-0.29411766
-0.003921569
-0.5019608
0.33333334
-0.29803923
-0.019607844
-0.003921569
-0.043137256
-0.003921569
-0.003921569
-0.003921569
-0.003921569
-0.19607843
-0.003921569
-0.003921569
-0.20784314
0.42352942
0.26666668
0.039215688
0.02745098
0.03529412
0.03137255
0.09411765
0.16078432
0.32156864
0.39607844
0.39607844
-0.25490198
-0.22352941
-0.40392157
-0.40392157
-0.003921569
0.09803922
0.33333334
-0.42352942
-0.3019608
-0.3137255
-0.003921569
0.15686275
0.0
0.03137255
0.41960785
-0.30980393
-0.13725491
-0.20784314
-0.2901961
-0.20392157
-0.047058824
-0.003921569
-0.0627451
-0.21176471
-0.28627452
-0.3372549
-0.34117648
-0.24313726
-0.015686275
-0.003921569
-0.003921569
-0.07450981
-0.21176471
-0.21176471
-0.26666668
-0.25490198
-0.16470589
-0.10980392
-0.11764706
-0.003921569
-0.003921569
-0.003921569
-0.003921569
-0.003921569
-0.003921569
-0.003921569
-0.003921569
-0.003921569
-0.003921569
-0.003921569
-0.003921569
-0.003921569
-0.1254902
-0.019607844
-0.003921569
-0.003921569
-0.16470589
-0.06666667
-0.003921569
-0.003921569
-0.07058824
-0.33333334
-0.40784314
-0.40392157
-0.35686275
-0.39215687
-0.49019608
-0.49019608
-0.47843137
-0.2784314
-0.34509805
0.3882353
0.36862746
0.33333334
0.3372549
0.43137255
0.49803922
-0.4392157
-0.36078432
-0.38039216
-0.3254902
-0.2509804
-0.30980393
-0.3529412
-0.4117647
0.37254903
0.27058825
-0.4627451
-0.4627451
0.13725491
0.101960786
0.050980393
0.007843138
0.0
0.0
0.0
0.003921569
0.003921569
0.0
0.0
0.0
0.0
0.0
0.0
0.0
0.0
0.0
0.0
0.0
0.0
0.0
0.0
0.0
0.0
0.0
0.0
0.0
0.0
0.0
0.0
0.0
0.0
0.0
0.007843138
0.43529412
-0.46666667
-0.3882353
-0.45490196
-0.4509804
0.34117648
-0.4745098
-0.29411766
-0.41960785
-0.41960785
-0.41960785
-0.3882353
0.41568628
-0.09019608
-0.003921569
-0.003921569
-0.23137255
-0.003921569
-0.003921569
-0.003921569
-0.003921569
-0.22745098
-0.003921569
-0.003921569
-0.003921569
-0.3647059
-0.003921569
0.20392157
0.19215687
-0.3647059
0.1254902
0.11372549
0.16862746
0.28235295
0.36862746
0.3764706
-0.38039216
-0.40392157
-0.38039216
0.46666667
-0.45882353
0.40784314
0.49019608
-0.3254902
-0.26666668
-0.003921569
-0.49411765
0.0
0.08627451
0.22352941
-0.4627451
-0.12156863
-0.003921569
-0.21176471
-0.29411766
-0.22352941
0.48235294
-0.1764706
-0.12156863
-0.21176471
-0.25882354
-0.28627452
-0.3137255
-0.34901962
-0.3372549
-0.21568628
-0.09019608
-0.2
-0.2784314
-0.18039216
-0.16862746
-0.19215687
-0.2784314
-0.2901961
-0.32941177
-0.37254903
-0.23137255
-0.019607844
-0.003921569
-0.003921569
-0.003921569
-0.003921569
-0.003921569
-0.003921569
-0.003921569
-0.003921569
-0.003921569
-0.03529412
-0.13333334
-0.14901961
-0.21176471
-0.21568628
-0.2627451
-0.21568628
-0.023529412
-0.03529412
-0.20392157
-0.40784314
0.4509804
0.45882353
0.3647059
0.34117648
0.27450982
-0.49411765
-0.42745098
-0.3764706
-0.47058824
0.41960785
0.36078432
0.39215687
0.3647059
0.3529412
0.42352942
0.4392157
-0.4745098
-0.38431373
-0.38039216
-0.42352942
-0.49019608
-0.40392157
-0.38431373
0.3137255
0.42745098
0.30588236
-0.4627451
-0.4627451
0.07058824
0.02745098
0.003921569
0.003921569
0.0
0.0
0.007843138
0.0
0.0
0.0
0.0
0.0
0.0
0.0
0.0
0.0
0.0
0.0
0.0
0.0
0.0
0.0
0.0
0.0
0.0
0.0
0.0
0.0
0.0
0.0
0.0
0.0
0.015686275
0.03529412
-0.49803922
-0.4
-0.29803923
-0.32941177
0.4509804
0.41960785
0.34901962
0.35686275
-0.41960785
-0.41960785
-0.41960785
-0.3882353
0.44705883
-0.09803922
-0.003921569
-0.003921569
-0.050980393
-0.15294118
-0.003921569
-0.003921569
-0.003921569
-0.2
-0.003921569
-0.003921569
-0.003921569
-0.03529412
-0.33333334
-0.49803922
0.40392157
0.32156864
0.34117648
0.34117648
0.15686275
0.23921569
0.30980393
0.3137255
-0.38039216
-0.003921569
0.09803922
-0.33333334
-0.2627451
-0.4
-0.43137255
-0.38039216
-0.4392157
-0.37254903
0.3019608
0.0
0.078431375
0.039215688
-0.49411765
-0.22352941
-0.09803922
-0.24705882
-0.34509805
-0.23921569
-0.4
-0.32156864
-0.015686275
-0.043137256
-0.12156863
-0.08235294
-0.12156863
-0.3137255
-0.41568628
-0.34901962
-0.33333334
-0.3764706
-0.34117648
-0.1254902
-0.023529412
-0.3019608
0.45882353
0.36078432
0.31764707
0.39215687
-0.4745098
-0.35686275
-0.22745098
-0.003921569
-0.003921569
-0.003921569
-0.003921569
-0.003921569
-0.003921569
-0.003921569
-0.003921569
-0.24705882
-0.33333334
-0.34117648
-0.3764706
-0.2784314
-0.14901961
-0.003921569
-0.003921569
-0.11764706
-0.3647059
0.49803922
0.44705883
0.40392157
0.3647059
0.3764706
0.3647059
0.28627452
0.3647059
0.3647059
0.43137255
0.43137255
0.36862746
0.43137255
0.42352942
0.4745098
-0.42352942
-0.43529412
-0.41960785
-0.3019608
-0.24705882
-0.39607844
0.41568628
0.39607844
0.015686275
0.39607844
0.47843137
-0.4862745
0.42745098
0.22352941
0.07450981
0.02745098
0.007843138
0.0
0.0
0.0
0.007843138
0.007843138
0.0
0.0
0.0
0.0
0.0
0.0
0.0
0.0
0.0
0.0
0.0
0.0
0.0
0.0
0.0
0.0
0.0
0.0
0.0
0.0
0.0
0.0
0.007843138
0.003921569
0.09803922
0.20392157
-0.49019608
-0.39607844
-0.3882353
-0.40392157
0.4
0.4627451
-0.49411765
-0.4392157
0.42745098
0.36862746
0.40784314
0.43137255
-0.4392157
-0.05490196
-0.003921569
-0.003921569
-0.003921569
-0.101960786
-0.003921569
-0.003921569
-0.003921569
-0.08627451
-0.003921569
-0.003921569
-0.003921569
-0.003921569
-0.003921569
-0.047058824
-0.24705882
0.4862745
0.34117648
0.34117648
0.11372549
0.21960784
0.30980393
0.31764707
0.25490198
-0.003921569
-0.43529412
-0.15294118
-0.16470589
-0.31764707
-0.3882353
-0.41960785
0.4117647
0.4117647
0.0
0.0
0.25882354
0.2901961
0.49411765
-0.21568628
-0.003921569
-0.13333334
-0.3254902
-0.46666667
0.4
0.47058824
-0.36078432
-0.24705882
-0.23921569
-0.1882353
-0.105882354
-0.34117648
-0.41960785
-0.36078432
-0.43529412
-0.38039216
-0.2627451
-0.27058825
-0.48235294
0.08627451
0.07058824
0.07058824
0.08627451
0.08627451
0.38039216
0.41960785
0.47058824
-0.33333334
-0.003921569
-0.003921569
-0.003921569
-0.003921569
-0.003921569
-0.003921569
-0.003921569
-0.21960784
-0.4117647
-0.44313726
-0.3764706
-0.37254903
-0.32156864
-0.09411765
-0.11372549
-0.3254902
-0.46666667
0.3647059
0.3529412
0.3647059
0.3647059
0.3647059
0.3647059
0.3647059
0.3647059
0.34901962
0.30980393
0.3137255
-0.45882353
-0.5019608
0.33333334
0.4392157
-0.38039216
-0.3882353
-0.2901961
0.043137256
-0.003921569
-0.3647059
-0.42745098
0.007843138
0.39607844
0.40784314
0.011764706
0.019607844
0.27058825
0.1764706
0.08235294
0.043137256
0.015686275
0.0
0.007843138
0.0
0.011764706
0.011764706
0.003921569
0.003921569
0.0
0.0
0.0
0.0
0.0
0.0
0.0
0.0
0.0
0.0
0.0
0.0
0.0
0.0
0.0
0.0
0.0
0.0
0.0
0.0
0.0
0.03137255
0.16078432
0.32156864
0.4862745
-0.47058824
-0.4627451
-0.4627451
0.44313726
-0.42352942
-0.36862746
-0.38431373
0.49411765
0.4
0.43137255
-0.4509804
-0.29411766
-0.003921569
-0.003921569
-0.023529412
-0.003921569
-0.003921569
-0.003921569
-0.003921569
-0.003921569
-0.003921569
-0.003921569
-0.003921569
-0.003921569
-0.003921569
-0.003921569
-0.003921569
-0.003921569
-0.3137255
0.30980393
0.34117648
0.03529412
0.19607843
0.30980393
0.32156864
0.27058825
0.42352942
-0.18039216
-0.003921569
-0.02745098
-0.20392157
-0.3137255
0.4
0.4117647
0.4117647
0.0
0.09803922
0.3764706
-0.34117648
-0.2901961
-0.14117648
-0.15686275
-0.21568628
-0.2627451
-0.43137255
-0.49411765
-0.45490196
-0.43137255
-0.37254903
-0.24313726
-0.36078432
0.49019608
0.32941177
0.4
-0.40392157
0.4745098
0.3529412
0.43137255
0.4
0.09803922
0.08627451
0.08627451
0.08627451
0.05882353
0.05882353
0.09411765
0.09411765
0.33333334
-0.3372549
-0.11372549
-0.003921569
-0.003921569
-0.003921569
-0.003921569
-0.003921569
-0.003921569
-0.15686275
-0.003921569
0.4117647
0.46666667
0.45882353
-0.44705883
-0.34509805
-0.34117648
-0.35686275
0.43137255
0.3647059
0.3647059
0.3647059
0.3647059
0.3647059
0.3647059
0.34117648
0.3764706
0.3647059
-0.42352942
0.24313726
0.39607844
0.4
0.3647059
0.41960785
-0.4
-0.38039216
-0.27450982
-0.039215688
-0.16862746
-0.44705883
-0.47843137
-0.49803922
0.4627451
0.3529412
0.45882353
0.27450982
0.16470589
0.14117648
0.07058824
0.015686275
0.0
0.0
0.0
0.0
0.0
0.0
0.0
0.0
0.0
0.0
0.0
0.0
0.0
0.0
0.0
0.0
0.0
0.0
0.0
0.0
0.0
0.0
0.0
0.0
0.0
0.0
0.0
0.0
0.015686275
0.047058824
0.003921569
0.2627451
0.4117647
0.45882353
0.44705883
-0.4627451
0.4509804
-0.4392157
-0.3019608
-0.40392157
0.4862745
0.34509805
0.32941177
0.48235294
-0.3019608
-0.011764706
-0.003921569
-0.015686275
-0.003921569
-0.003921569
-0.003921569
-0.23529412
-0.14117648
-0.003921569
-0.003921569
-0.003921569
-0.003921569
-0.05882353
-0.003921569
-0.003921569
-0.003921569
-0.14117648
0.4392157
0.20784314
0.039215688
0.03137255
0.23921569
0.25882354
0.27058825
0.14901961
-0.101960786
-0.003921569
-0.003921569
-0.06666667
-0.2509804
0.45882353
0.4117647
0.047058824
0.011764706
0.15686275
0.4745098
-0.23529412
-0.101960786
-0.050980393
-0.18431373
-0.16470589
-0.14509805
-0.25490198
-0.2901961
-0.24313726
-0.23529412
-0.24313726
-0.20392157
-0.37254903
-0.49411765
0.39215687
0.33333334
0.32941177
0.09803922
0.09803922
0.09803922
0.09803922
0.09803922
0.08627451
0.08627451
0.0
0.0
0.05882353
0.05490196
0.09411765
0.09411765
0.34901962
-0.3882353
-0.101960786
-0.003921569
-0.003921569
-0.003921569
-0.003921569
-0.003921569
-0.24313726
-0.003921569
-0.003921569
-0.4392157
-0.4392157
0.35686275
0.007843138
-0.4392157
-0.45490196
0.38039216
0.3647059
0.3647059
0.3647059
0.0627451
0.23137255
0.2901961
0.3647059
0.27058825
0.27058825
0.27058825
0.28627452
0.28627452
0.28627452
0.24705882
0.42352942
-0.3882353
-0.41568628
-0.33333334
-0.42745098
0.39215687
0.44313726
-0.48235294
0.48235294
0.37254903
0.3137255
0.45882353
0.12941177
0.06666667
0.03529412
0.011764706
0.0
0.0
0.0
0.0
0.0
0.0
0.0
0.011764706
0.007843138
0.0
0.0
0.0
0.003921569
0.003921569
0.0
0.0
0.0
0.0
0.0
0.0
0.0
0.0
0.0
0.0
0.0
0.0
0.0
0.0
0.0
0.0
0.007843138
0.02745098
0.16470589
0.34509805
0.39215687
0.3647059
0.4117647
0.40392157
0.47843137
0.49411765
0.42352942
0.35686275
-0.003921569
-0.011764706
-0.49803922
-0.3019608
-0.21568628
-0.105882354
-0.003921569
-0.003921569
-0.003921569
-0.003921569
-0.003921569
-0.003921569
-0.003921569
-0.003921569
-0.003921569
-0.003921569
-0.003921569
-0.003921569
-0.49803922
-0.13725491
-0.14901961
-0.47843137
0.25882354
0.14117648
0.039215688
0.16470589
0.1882353
0.17254902
0.003921569
-0.4117647
-0.2
-0.039215688
-0.050980393
-0.16470589
-0.3372549
0.0
0.0
0.07450981
0.41568628
-0.25882354
-0.2
-0.16078432
-0.14117648
-0.18431373
-0.08627451
-0.16470589
-0.33333334
-0.27058825
-0.16078432
-0.13333334
-0.21176471
-0.28627452
-0.39215687
-0.47843137
0.44705883
0.3529412
0.09803922
0.09803922
0.09803922
0.09803922
0.09803922
0.09803922
0.09803922
0.0
0.0
0.003921569
0.0
0.0
0.0
0.09803922
0.09803922
0.32941177
-0.45490196
-0.4117647
-0.1764706
-0.003921569
-0.003921569
-0.09803922
0.49411765
0.09803922
0.09803922
0.011764706
0.05490196
0.34901962
0.4627451
0.38431373
0.42352942
0.4
0.4509804
0.3647059
0.3647059
0.0
0.015686275
0.3647059
0.27058825
0.27058825
0.27058825
0.27058825
0.27058825
0.27058825
0.20784314
0.25490198
0.42352942
-0.36078432
-0.39607844
-0.4862745
0.32941177
-0.4509804
-0.5019608
0.40392157
0.38039216
0.3372549
0.41960785
0.25490198
0.08235294
0.06666667
0.03529412
0.019607844
0.011764706
0.0
0.0
0.0
0.0
0.0
0.0
0.011764706
0.007843138
0.003921569
0.0
0.0
0.0
0.0
0.0
0.0
0.0
0.0
0.0
0.0
0.0
0.0
0.0
0.0
0.0
0.0
0.0
0.0
0.0
0.0
0.0
0.0
0.09019608
0.28235295
0.3137255
0.25490198
-0.42745098
-0.42745098
0.31764707
-0.019607844
-0.019607844
-0.019607844
0.0627451
0.0627451
-0.28627452
-0.16078432
-0.2627451
-0.3372549
-0.1882353
-0.07058824
-0.003921569
-0.003921569
-0.003921569
-0.003921569
-0.003921569
-0.003921569
-0.003921569
-0.003921569
-0.003921569
-0.003921569
-0.003921569
0.40784314
-0.3647059
0.47058824
-0.003921569
0.14509805
0.14901961
0.20784314
0.2
0.17254902
0.23921569
0.30588236
0.4117647
-0.31764707
-0.1764706
-0.31764707
0.4509804
0.0
0.0627451
0.2
-0.49019608
-0.21176471
-0.23921569
-0.33333334
-0.1882353
-0.003921569
-0.003921569
-0.2509804
-0.43529412
-0.41960785
-0.24705882
-0.17254902
-0.33333334
0.3529412
-0.4
0.46666667
0.3019608
0.09803922
0.09803922
0.09803922
0.09803922
0.09803922
0.09803922
0.07450981
0.07450981
0.0
0.0
0.003921569
0.007843138
0.003921569
0.0
0.0
0.09803922
0.09803922
0.0
-0.003921569
-0.39607844
-0.30588236
-0.41960785
0.40392157
0.09803922
0.09803922
0.09803922
0.2509804
0.33333334
-0.49803922
-0.4
-0.43529412
0.39607844
0.039215688
0.011764706
0.08235294
0.08235294
0.05490196
0.05490196
0.05490196
0.27058825
0.27058825
0.27058825
0.27058825
0.27058825
0.27058825
0.27058825
0.18039216
0.24705882
0.30588236
0.4627451
-0.21568628
-0.14117648
-0.32941177
0.4117647
0.3647059
0.40784314
0.34117648
0.45882353
0.14509805
0.101960786
0.0
0.039215688
0.050980393
0.03529412
0.03137255
0.019607844
0.015686275
0.047058824
0.023529412
0.0
0.0
0.0
0.0
0.0
0.0
0.0
0.0
0.0
0.0
0.0
0.0
0.0
0.0
0.0
0.0
0.0
0.0
0.0
0.0
0.0
0.0
0.0
0.0
0.0
0.0
0.06666667
0.20784314
0.22745098
0.16078432
0.34509805
0.34509805
0.42352942
-0.4117647
-0.019607844
-0.23137255
-0.23137255
0.39607844
-0.26666668
-0.14901961
-0.15294118
-0.31764707
-0.25490198
-0.14117648
-0.003921569
-0.003921569
-0.003921569
-0.003921569
-0.003921569
-0.003921569
-0.003921569
-0.003921569
-0.003921569
-0.003921569
-0.48235294
-0.41568628
0.48235294
0.09803922
0.49803922
0.11764706
0.21568628
0.31764707
0.32156864
0.28235295
0.29411766
0.2901961
0.40392157
-0.3137255
-0.2
-0.41960785
0.0
0.043137256
0.14901961
0.26666668
0.26666668
0.11372549
-0.36078432
-0.36078432
-0.42352942
-0.32156864
-0.10980392
-0.043137256
-0.23137255
-0.38039216
-0.29411766
-0.26666668
-0.39215687
0.4862745
0.36862746
0.09803922
0.09803922
0.09803922
0.09803922
0.09803922
0.08627451
0.09803922
0.09019608
0.09019608
0.0
0.0
0.0
0.0
0.015686275
0.011764706
0.003921569
0.0
-0.003921569
0.09019608
0.0
0.0
0.007843138
0.05490196
0.32156864
0.3137255
0.003921569
0.09803922
0.09803922
0.12941177
0.34509805
0.4509804
-0.3372549
-0.25882354
-0.4509804
0.42352942
0.38039216
0.34509805
0.15686275
0.003921569
0.101960786
0.15686275
0.023529412
0.27058825
0.27058825
0.023529412
0.023529412
0.27058825
0.27058825
0.07450981
0.14901961
0.15686275
0.3254902
-0.44313726
-0.29803923
-0.46666667
0.45882353
-0.4745098
0.46666667
0.45882353
0.45882353
0.08627451
0.0
0.007843138
0.047058824
0.06666667
0.043137256
0.047058824
0.06666667
0.07450981
0.09411765
0.03529412
0.0
0.0
0.0
0.0
0.0
0.0
0.0
0.0
0.0
0.0
0.0
0.0
0.0
0.0
0.0
0.0
0.0
0.0
0.0
0.0
0.0
0.0
0.0
0.0
0.0
0.02745098
0.05490196
0.16862746
0.19607843
0.30980393
0.07450981
0.34509805
0.32156864
0.32156864
-0.23137255
-0.23137255
-0.23137255
0.46666667
-0.22352941
-0.09411765
-0.17254902
-0.36862746
-0.34117648
-0.10980392
-0.003921569
-0.003921569
-0.003921569
-0.003921569
-0.003921569
-0.003921569
-0.003921569
-0.003921569
-0.003921569
-0.003921569
-0.2901961
-0.15686275
-0.47843137
0.49803922
0.49803922
0.23529412
0.30588236
0.4862745
-0.4862745
0.40392157
0.3647059
0.3647059
0.42352942
-0.3019608
-0.21176471
-0.3647059
0.023529412
0.13333334
0.19607843
0.47058824
0.4117647
0.26666668
0.05490196
0.34509805
0.2901961
-0.49411765
-0.3019608
-0.2784314
-0.26666668
-0.38039216
-0.3254902
-0.2784314
0.44313726
0.38431373
0.4
0.29803923
0.09803922
0.09803922
0.09803922
0.08627451
0.08627451
0.09019608
0.09019608
0.09019608
0.0
0.003921569
0.003921569
0.0
0.015686275
0.0
0.0
0.0
0.0
0.0
0.0
0.0
0.0
0.0
0.0
0.0
0.0
0.08235294
0.0
0.0
0.09411765
0.22745098
0.3254902
0.27058825
0.26666668
0.39607844
0.43137255
0.32941177
0.28235295
0.24705882
0.20392157
0.16078432
0.22745098
0.023529412
0.023529412
0.023529412
0.27058825
0.023529412
0.023529412
0.21960784
0.16862746
0.28235295
0.2901961
0.23137255
0.32156864
0.41568628
0.42352942
0.42352942
0.22745098
0.45882353
0.45882353
0.45882353
0.02745098
0.015686275
0.003921569
0.003921569
0.011764706
0.011764706
0.05490196
0.105882354
0.043137256
0.0
0.0
0.0
0.0
0.0
0.0
0.0
0.0
0.0
0.0
0.0
0.0
0.0
0.0
0.0
0.0
0.0
0.0
0.0
0.0
0.0
0.0
0.0
0.0
0.0
0.003921569
0.0627451
0.1254902
0.22745098
0.24313726
0.30980393
0.09411765
0.32156864
0.32156864
0.32156864
0.043137256
0.039215688
-0.23137255
0.43529412
-0.3529412
-0.15686275
-0.14117648
-0.29803923
-0.23529412
-0.007843138
-0.003921569
-0.003921569
-0.003921569
-0.003921569
-0.003921569
-0.003921569
-0.003921569
-0.003921569
-0.003921569
-0.003921569
-0.003921569
-0.011764706
-0.31764707
0.4509804
0.32156864
0.30588236
0.39607844
-0.4627451
-0.4392157
0.48235294
0.36078432
0.14901961
-0.43137255
-0.24313726
-0.30980393
0.003921569
0.13333334
0.40784314
0.4
0.30588236
0.40392157
0.26666668
0.3529412
0.39215687
0.33333334
0.46666667
-0.41960785
-0.4392157
-0.44705883
0.47843137
0.42745098
0.36078432
0.08235294
0.37254903
0.43137255
0.07058824
0.09803922
0.09803922
0.09803922
-0.003921569
-0.003921569
0.09803922
-0.08627451
0.003921569
0.019607844
0.05882353
0.08627451
0.07058824
0.03137255
0.007843138
0.0
0.0
0.0
0.08235294
0.08235294
0.0
0.0
0.0
0.003921569
0.003921569
0.007843138
0.0
0.015686275
0.02745098
0.015686275
0.0
0.22352941
-0.39215687
-0.03137255
-0.003921569
-0.27058825
-0.4627451
-0.43137255
-0.49803922
0.38039216
0.2509804
0.25490198
0.42745098
0.47843137
0.43137255
0.019607844
0.019607844
0.019607844
0.3254902
0.31764707
0.23921569
0.19607843
0.22745098
0.30980393
0.32941177
0.33333334
0.42352942
0.42352942
0.42352942
0.45882353
0.050980393
0.05490196
0.0
0.003921569
0.003921569
0.0
0.0
0.0
0.03529412
0.015686275
0.0
0.0
0.0
0.0
0.0
0.0
0.0
0.003921569
0.0
0.0
0.003921569
0.0
0.0
0.0
0.0
0.0
0.0
0.0
0.0
0.0
0.0
0.0
0.0
0.0
0.011764706
0.047058824
0.12156863
0.22352941
0.2901961
0.2901961
0.30980393
0.34117648
0.34117648
0.47843137
0.047058824
0.039215688
0.039215688
0.3019608
0.40392157
-0.49803922
-0.27450982
-0.08627451
-0.12156863
-0.011764706
-0.003921569
-0.003921569
-0.003921569
-0.003921569
-0.003921569
-0.003921569
-0.003921569
-0.003921569
-0.003921569
-0.003921569
-0.003921569
-0.003921569
-0.05882353
-0.29803923
-0.44313726
0.4509804
0.40784314
0.44705883
0.47058824
0.49803922
-0.49411765
0.41568628
0.43137255
-0.34901962
-0.22352941
0.015686275
0.07058824
0.28235295
-0.4862745
0.49019608
0.48235294
0.4
0.26666668
0.47058824
0.4627451
0.4627451
-0.4745098
-0.25882354
-0.28235295
0.3882353
0.08235294
0.08235294
0.08235294
0.08235294
0.3372549
0.08235294
0.07058824
0.09803922
0.09803922
-0.003921569
-0.003921569
-0.003921569
-0.007843138
0.07450981
0.003921569
0.039215688
0.09803922
0.105882354
0.10980392
0.08235294
0.05882353
0.15294118
0.12941177
0.015686275
0.0
0.0
0.007843138
0.05490196
0.047058824
0.03137255
0.19215687
0.20392157
0.0
0.0
0.0
0.0
0.0
0.12156863
0.3019608
-0.4745098
-0.21176471
-0.2509804
-0.4
-0.27058825
-0.3372549
0.49803922
0.4627451
0.34901962
0.34509805
0.43137255
0.48235294
0.42745098
0.03529412
0.36862746
-0.38039216
0.4627451
0.21960784
0.2
0.24705882
0.31764707
0.42352942
0.42352942
0.30588236
0.27450982
0.42352942
0.42352942
0.0
0.0
0.019607844
0.0
0.0
0.0
0.0
0.0
0.039215688
0.019607844
0.0
0.0
0.0
0.0
0.0
0.0
0.0
0.003921569
0.003921569
0.0
0.0
0.0
0.0
0.0
0.0
0.0
0.0
0.0
0.0
0.0
0.0
0.0
0.0
0.003921569
0.02745098
0.09411765
0.18039216
0.2509804
0.28235295
0.29803923
0.3254902
0.26666668
0.34117648
0.47843137
0.40392157
-0.05490196
-0.05490196
0.32941177
0.3882353
-0.47843137
-0.32156864
-0.23921569
-0.12156863
-0.003921569
-0.003921569
-0.003921569
-0.003921569
-0.003921569
-0.003921569
-0.003921569
-0.003921569
-0.003921569
-0.003921569
-0.003921569
-0.003921569
-0.003921569
-0.29411766
0.09803922
-0.43529412
-0.41960785
-0.43137255
-0.44313726
0.4862745
0.46666667
0.46666667
0.42745098
0.45490196
-0.42745098
-0.05490196
0.06666667
0.31764707
0.43529412
-0.46666667
-0.34117648
-0.23921569
0.32156864
0.33333334
0.4745098
0.42352942
0.40784314
0.42745098
-0.3764706
-0.34509805
0.42745098
0.3764706
0.08235294
0.08235294
0.08235294
0.36078432
0.08235294
0.0
0.09803922
-0.003921569
-0.003921569
-0.007843138
-0.007843138
0.09803922
0.023529412
0.02745098
0.039215688
0.05490196
0.07058824
0.15294118
0.22745098
0.12156863
0.050980393
0.050980393
0.0
0.0
0.0
0.050980393
0.0
0.015686275
0.007843138
0.015686275
0.20784314
0.11764706
0.023529412
0.050980393
0.08627451
0.11372549
0.25490198
-0.45882353
-0.08627451
-0.043137256
-0.30980393
-0.42352942
-0.24313726
-0.21960784
-0.4
-0.33333334
-0.4117647
0.4392157
0.3882353
0.37254903
0.47058824
0.4392157
0.3882353
-0.49019608
0.31764707
0.11372549
0.13333334
0.19607843
0.25490198
0.42352942
0.42352942
0.42352942
0.42352942
0.42352942
0.42352942
0.03137255
0.023529412
0.02745098
0.015686275
0.003921569
0.0
0.0
0.0
0.0
0.0
0.0
0.0
0.0
0.0
0.0
0.0
0.0
0.003921569
0.007843138
0.003921569
0.0
0.0
0.0
0.0
0.0
0.0
0.0
0.0
0.0
0.0
0.0
0.0
0.0
0.003921569
0.02745098
0.09019608
0.18039216
0.25490198
0.26666668
0.25882354
0.30980393
0.26666668
0.3529412
0.47843137
0.40392157
-0.05490196
-0.05490196
-0.05490196
0.3019608
0.42352942
-0.47843137
-0.4
-0.22745098
-0.003921569
-0.003921569
-0.003921569
-0.003921569
-0.003921569
-0.003921569
-0.003921569
-0.003921569
-0.003921569
-0.003921569
-0.003921569
-0.003921569
-0.003921569
-0.003921569
0.44705883
0.44705883
-0.41568628
-0.3764706
-0.39215687
-0.42352942
-0.44705883
-0.49411765
-0.45882353
-0.5019608
0.43137255
0.03137255
0.3254902
-0.38431373
-0.41568628
-0.36862746
-0.2627451
-0.2901961
-0.32941177
-0.30980393
0.26666668
0.11764706
0.34901962
-0.4862745
-0.4117647
-0.34117648
-0.43137255
0.46666667
0.35686275
0.08235294
0.08235294
0.08235294
0.08235294
0.08235294
0.0
-0.23529412
-0.23529412
-0.02745098
-0.02745098
-0.32156864
0.13725491
0.15294118
0.17254902
0.14117648
0.08627451
0.003921569
0.043137256
0.003921569
0.043137256
0.25490198
0.41568628
0.3019608
0.105882354
0.0
0.0
0.003921569
0.007843138
0.0
0.0
0.011764706
0.03529412
0.101960786
0.13725491
0.10980392
0.3647059
-0.18039216
-0.043137256
-0.15686275
-0.27450982
-0.42352942
-0.23529412
-0.003921569
-0.003921569
-0.039215688
-0.10980392
-0.13725491
-0.33333334
-0.5019608
-0.38431373
-0.48235294
0.3254902
-0.34117648
-0.24705882
0.28235295
0.0627451
0.11764706
0.11764706
0.09019608
0.08627451
0.42352942
0.42352942
0.13333334
0.09019608
0.050980393
0.023529412
0.007843138
0.0
0.0
0.0
0.0
0.0
0.0
0.0
0.0
0.039215688
0.011764706
0.0
0.0
0.0
0.0
0.0
0.003921569
0.0
0.0
0.0
0.0
0.0
0.0
0.0
0.0
0.0
0.0
0.0
0.0
0.0
0.0
0.003921569
0.023529412
0.08235294
0.16078432
0.22745098
0.23921569
0.23529412
0.26666668
0.023529412
-0.47843137
-0.47843137
-0.47843137
-0.05490196
-0.05490196
-0.05490196
-0.05490196
0.37254903
-0.4745098
-0.34901962
-0.16470589
-0.003921569
-0.003921569
-0.003921569
-0.003921569
-0.003921569
-0.003921569
-0.003921569
-0.003921569
-0.003921569
-0.003921569
-0.003921569
0.09803922
-0.003921569
-0.3372549
0.09803922
0.43529412
0.43529412
0.4627451
0.44705883
-0.003921569
0.44705883
-0.49411765
-0.44313726
0.4627451
0.0
0.18431373
0.49019608
-0.3019608
-0.28235295
-0.39607844
-0.32156864
-0.31764707
-0.47843137
0.4509804
0.38431373
0.28627452
0.43137255
-0.3882353
-0.24705882
-0.26666668
-0.3372549
0.011764706
0.08235294
0.08235294
0.08235294
0.08235294
0.08235294
0.08235294
0.08627451
-0.23529412
-0.23529412
-0.02745098
-0.02745098
-0.32156864
0.31764707
0.29411766
0.13725491
0.003921569
0.1254902
0.25490198
0.30980393
0.14117648
0.003921569
0.011764706
0.0
0.007843138
0.0
0.0
0.0
0.023529412
0.06666667
0.003921569
0.0
0.0
0.0
0.0
0.039215688
0.16862746
0.27450982
-0.49803922
-0.05490196
-0.003921569
-0.16862746
-0.050980393
0.101960786
0.09411765
-0.003921569
-0.003921569
-0.003921569
-0.07058824
-0.12156863
-0.11372549
-0.24705882
-0.40784314
-0.28235295
0.043137256
-0.3882353
0.36862746
0.24705882
0.1882353
0.13725491
0.1254902
0.11372549
0.0627451
0.09411765
0.08627451
0.078431375
0.0627451
0.02745098
0.003921569
0.0
0.0
0.0
0.0
0.0
0.0
0.0
0.0
0.019607844
0.007843138
0.0
0.0
0.0
0.0
0.0
0.0
0.0
0.0
0.0
0.0
0.0
0.0
0.0
0.0
0.0
0.0
0.0
0.0
0.0
0.0
0.0
0.011764706
0.043137256
0.08627451
0.13725491
0.2
0.34509805
0.41960785
0.34117648
0.2509804
-0.47843137
-0.47843137
-0.47843137
-0.05490196
0.32941177
0.38039216
-0.47843137
-0.25490198
-0.09803922
-0.003921569
-0.003921569
-0.003921569
-0.003921569
-0.003921569
-0.003921569
-0.003921569
-0.003921569
-0.003921569
-0.003921569
-0.003921569
-0.003921569
-0.003921569
-0.003921569
-0.30588236
0.34509805
0.3372549
0.43529412
0.43529412
0.015686275
0.03137255
-0.003921569
0.06666667
0.30980393
-0.06666667
0.019607844
0.33333334
-0.2
-0.14117648
0.15294118
0.33333334
-0.47843137
0.039215688
-0.45882353
-0.45490196
0.3882353
0.3529412
-0.3137255
-0.003921569
-0.023529412
-0.3254902
-0.45882353
0.015686275
0.08235294
0.08235294
0.08235294
0.08235294
0.08235294
0.08235294
0.09411765
-0.10980392
-0.003921569
-0.07450981
-0.07450981
0.35686275
0.42352942
0.007843138
0.28235295
0.27058825
0.105882354
0.16078432
0.2509804
0.25490198
0.2509804
0.38039216
0.30588236
0.06666667
0.14901961
0.16078432
0.105882354
0.14117648
0.0
0.0
0.003921569
0.05490196
0.019607844
0.05882353
0.101960786
0.11764706
0.007843138
0.18431373
0.47058824
-0.26666668
-0.13333334
-0.003921569
-0.003921569
-0.20392157
-0.09803922
-0.003921569
-0.06666667
-0.10980392
-0.003921569
-0.003921569
-0.03137255
-0.30588236
-0.20784314
-0.28235295
0.43137255
0.2784314
0.24705882
0.050980393
-0.47843137
0.1254902
0.12941177
0.13725491
0.105882354
0.043137256
0.023529412
0.019607844
0.007843138
0.0
0.0
0.0
0.0
0.0
0.0
0.0
0.0
0.0
0.0
0.0
0.0
0.007843138
0.007843138
0.0
0.0
0.0
0.0
0.0
0.0
0.0
0.0
0.0
0.0
0.0
0.0
0.0
0.0
0.0
0.0
0.0
0.0
0.0
0.019607844
0.050980393
0.09803922
0.15294118
0.2784314
0.4392157
0.36862746
0.4117647
0.3372549
0.29803923
0.38431373
-0.49019608
-0.42745098
-0.3254902
-0.22352941
-0.003921569
-0.003921569
-0.003921569
-0.003921569
-0.003921569
-0.003921569
-0.003921569
-0.003921569
-0.003921569
-0.003921569
-0.003921569
-0.003921569
-0.003921569
-0.003921569
-0.003921569
-0.003921569
-0.19215687
0.41568628
0.3882353
0.40392157
0.43529412
0.101960786
0.10980392
0.07450981
0.06666667
0.06666667
0.007843138
0.10980392
0.30588236
-0.26666668
-0.29411766
0.39215687
0.3529412
-0.44705883
-0.41568628
-0.38431373
-0.37254903
0.36862746
0.4509804
-0.13333334
-0.003921569
-0.003921569
-0.21960784
-0.4
0.17254902
0.28235295
0.08235294
0.08235294
0.08235294
0.08235294
0.34117648
-0.1764706
-0.1764706
-0.003921569
-0.003921569
0.29803923
0.42352942
0.4745098
0.30588236
0.09019608
0.11372549
0.22745098
0.3764706
-0.42745098
-0.32156864
-0.1882353
-0.043137256
-0.16078432
0.47058824
0.12941177
0.15294118
0.24705882
0.34509805
0.019607844
0.0
0.12941177
0.2509804
0.3529412
0.28235295
0.10980392
0.05490196
0.0
0.0
0.105882354
0.28235295
-0.21568628
-0.003921569
-0.003921569
-0.003921569
-0.14901961
-0.15294118
-0.003921569
-0.003921569
-0.09019608
-0.003921569
-0.003921569
-0.003921569
-0.41960785
0.043137256
0.047058824
0.21960784
0.050980393
0.050980393
0.050980393
0.11372549
0.42745098
0.42745098
0.42745098
0.023529412
0.023529412
0.02745098
0.019607844
0.007843138
0.0
0.0
0.0
0.0
0.0
0.0
0.0
0.0
0.0
0.0
0.0
0.007843138
0.007843138
0.0
0.0
0.0
0.0
0.0
0.0
0.0
0.0
0.0
0.0
0.0
0.0
0.0
0.0
0.0
0.0
0.0
0.0
0.003921569
0.019607844
0.05490196
0.10980392
0.12941177
0.15294118
0.27450982
0.30588236
0.29411766
0.39215687
0.39215687
0.47058824
-0.34901962
-0.26666668
-0.14117648
-0.03137255
-0.003921569
-0.003921569
-0.003921569
-0.003921569
-0.003921569
-0.003921569
-0.003921569
-0.003921569
-0.003921569
-0.003921569
-0.003921569
-0.003921569
-0.003921569
-0.003921569
-0.003921569
-0.003921569
-0.003921569
-0.13725491
-0.11764706
-0.24313726
-0.49411765
0.3254902
0.15686275
0.07450981
0.07450981
0.003921569
0.08235294
0.30588236
-0.2784314
-0.003921569
-0.003921569
-0.21568628
-0.42745098
0.47058824
0.4862745
-0.43137255
-0.43137255
0.47058824
0.43529412
-0.28627452
-0.043137256
-0.1882353
-0.29411766
-0.44313726
0.011764706
0.36078432
0.2784314
0.08235294
0.08235294
0.08235294
0.09411765
-0.1764706
-0.1764706
-0.003921569
-0.003921569
0.30588236
0.45490196
-0.46666667
-0.47843137
-0.40392157
-0.2509804
-0.19215687
-0.29411766
-0.28627452
-0.06666667
-0.003921569
-0.003921569
-0.003921569
-0.2
-0.40784314
-0.38431373
-0.32156864
-0.30980393
0.011764706
0.16078432
0.050980393
0.078431375
0.3137255
0.31764707
0.13333334
0.19607843
0.21176471
0.003921569
0.003921569
0.2509804
-0.49803922
-0.003921569
-0.003921569
-0.003921569
0.078431375
-0.003921569
-0.003921569
-0.003921569
-0.003921569
-0.003921569
-0.003921569
-0.003921569
-0.22745098
0.043137256
0.30588236
0.050980393
0.050980393
0.050980393
0.050980393
0.42745098
0.42745098
0.42745098
0.42745098
0.039215688
0.06666667
0.08235294
0.05490196
0.02745098
0.011764706
0.0
0.0
0.0
0.0
0.0
0.0
0.0
0.0
0.0
0.0
0.0
0.0
0.0
0.0
0.0
0.0
0.0
0.0
0.0
0.0
0.0
0.0
0.0
0.0
0.0
0.0
0.0
0.0
0.0
0.0
0.0
0.0
0.023529412
0.07058824
0.09019608
0.007843138
0.08235294
0.101960786
0.050980393
0.050980393
0.050980393
0.34509805
0.4392157
-0.30980393
-0.06666667
-0.007843138
-0.003921569
-0.003921569
-0.003921569
-0.003921569
-0.003921569
-0.003921569
-0.2784314
-0.17254902
-0.003921569
-0.003921569
-0.003921569
-0.003921569
-0.003921569
-0.003921569
-0.003921569
-0.003921569
-0.003921569
-0.003921569
-0.007843138
-0.003921569
-0.105882354
-0.27450982
0.47843137
0.3372549
0.07450981
0.06666667
0.21960784
-0.34509805
-0.003921569
-0.003921569
-0.003921569
-0.12941177
-0.41568628
0.3137255
0.20392157
0.2784314
0.011764706
0.03529412
0.25882354
-0.17254902
-0.003921569
-0.13725491
-0.101960786
-0.38431373
0.18039216
0.28627452
0.3019608
0.18431373
0.07058824
0.09411765
0.09411765
-0.1764706
0.0
-0.003921569
0.15294118
0.29411766
0.4627451
-0.42352942
-0.4627451
0.4509804
0.46666667
-0.35686275
-0.16862746
-0.23137255
-0.14117648
-0.003921569
-0.003921569
-0.015686275
-0.4745098
-0.21176471
-0.07058824
-0.047058824
-0.105882354
0.007843138
0.10980392
0.20392157
0.38039216
0.3647059
0.24313726
0.08235294
0.07450981
0.08235294
0.05490196
0.003921569
0.23529412
-0.1882353
-0.003921569
-0.003921569
-0.003921569
-0.015686275
0.08627451
-0.003921569
-0.003921569
-0.003921569
-0.003921569
-0.003921569
-0.003921569
0.09803922
0.047058824
0.047058824
0.050980393
0.050980393
0.050980393
0.039215688
0.42745098
0.42745098
0.42745098
0.42745098
0.047058824
0.09411765
0.10980392
0.07058824
0.039215688
0.019607844
0.003921569
0.0
0.0
0.0
0.0
0.0
0.0
0.0
0.0
0.0
0.0
0.0
0.0
0.0
0.0
0.0
0.0
0.0
0.0
0.0
0.0
0.0
0.0
0.0
0.0
0.0
0.0
0.0
0.0
0.0
0.0
0.0
0.0
0.003921569
0.050980393
0.05490196
0.05490196
0.03137255
0.05490196
0.09803922
0.16078432
0.20392157
0.2784314
0.45490196
-0.27058825
-0.011764706
-0.003921569
-0.003921569
-0.13725491
-0.039215688
-0.003921569
-0.003921569
-0.17254902
-0.011764706
-0.003921569
-0.003921569
-0.003921569
-0.003921569
-0.003921569
-0.003921569
-0.003921569
-0.003921569
-0.003921569
-0.003921569
-0.5019608
-0.003921569
-0.003921569
-0.023529412
-0.05882353
-0.18431373
-0.45490196
0.38039216
-0.30588236
0.003921569
-0.22745098
-0.003921569
-0.003921569
-0.28235295
-0.43137255
0.3137255
0.16078432
0.11372549
0.09411765
0.22352941
0.27058825
-0.5019608
-0.28627452
-0.3137255
-0.26666668
-0.40784314
0.17254902
0.3254902
0.2509804
0.10980392
0.13333334
0.09411765
0.09411765
-0.05490196
0.011764706
0.06666667
0.16078432
0.2784314
0.40784314
0.47058824
0.4117647
0.42745098
-0.35686275
-0.28627452
-0.4
-0.4862745
-0.30980393
-0.003921569
-0.003921569
-0.34117648
-0.3137255
-0.003921569
-0.003921569
-0.003921569
-0.16078432
0.42745098
0.0
0.24313726
0.44313726
0.45882353
0.039215688
0.019607844
0.05490196
0.007843138
0.011764706
0.003921569
0.22352941
0.46666667
-0.22745098
-0.003921569
-0.003921569
-0.16470589
-0.41960785
-0.02745098
-0.003921569
-0.003921569
-0.003921569
-0.003921569
-0.023529412
0.43529412
0.050980393
0.050980393
0.050980393
0.050980393
0.050980393
0.039215688
0.42745098
-0.37254903
-0.37254903
-0.37254903
0.043137256
0.09019608
0.101960786
0.0627451
0.02745098
0.007843138
0.0
0.0
0.0
0.0
0.0
0.0
0.0
0.0
0.0
0.0
0.0
0.0
0.0
0.0
0.0
0.0
0.0
0.0
0.0
0.0
0.0
0.0
0.0
0.0
0.0
0.0
0.0
0.0
0.0
0.0
0.0
0.003921569
0.0
0.003921569
0.03137255
0.0
0.0
0.0
0.02745098
0.0627451
0.105882354
0.078431375
0.105882354
-0.003921569
-0.3764706
-0.015686275
-0.003921569
-0.003921569
-0.14117648
-0.21960784
-0.003921569
-0.003921569
-0.003921569
-0.003921569
-0.003921569
-0.03137255
-0.003921569
-0.003921569
-0.003921569
-0.003921569
-0.4117647
-0.003921569
-0.003921569
-0.19215687
0.44313726
-0.13725491
-0.25882354
-0.34509805
-0.047058824
-0.003921569
-0.3254902
0.4862745
0.007843138
0.019607844
-0.36078432
-0.27058825
-0.38431373
-0.4509804
-0.48235294
0.14901961
0.22352941
0.15686275
0.17254902
0.30980393
0.3764706
0.43529412
-0.49803922
0.45490196
0.41568628
0.40392157
0.3137255
0.34117648
0.2509804
0.2509804
0.003921569
0.11372549
0.09411765
0.0
0.007843138
0.06666667
0.15294118
0.22745098
0.31764707
0.37254903
0.32156864
0.2784314
0.40784314
-0.43137255
0.49019608
0.37254903
0.39215687
-0.37254903
-0.1882353
-0.4392157
-0.44313726
-0.15686275
-0.003921569
-0.003921569
-0.08627451
0.0
0.10980392
0.29803923
0.2627451
0.43529412
0.33333334
0.019607844
0.003921569
0.0
0.0
0.0
0.003921569
0.23921569
-0.39215687
-0.02745098
-0.003921569
-0.05882353
-0.101960786
-0.003921569
-0.003921569
-0.003921569
-0.003921569
-0.003921569
-0.25490198
0.050980393
0.050980393
0.050980393
0.050980393
0.050980393
0.039215688
0.039215688
-0.37254903
-0.37254903
-0.37254903
-0.37254903
0.039215688
0.06666667
0.07058824
0.050980393
0.023529412
0.003921569
0.0
0.0
0.0
0.0
0.0
0.0
0.0
0.0
0.0
0.0
0.0
0.0
0.0
0.0
0.0
0.0
0.0
0.0
0.0
0.0
0.0
0.0
0.0
0.0
0.0
0.0
0.0
0.0
0.0
0.0
0.0
0.007843138
0.050980393
0.007843138
0.003921569
0.007843138
0.0
0.0
0.019607844
0.047058824
0.07450981
0.05882353
0.07450981
0.22745098
0.45490196
-0.29411766
-0.043137256
-0.003921569
-0.18039216
-0.14509805
-0.003921569
-0.003921569
-0.003921569
-0.003921569
-0.003921569
0.09803922
-0.003921569
-0.003921569
-0.003921569
-0.003921569
-0.37254903
-0.003921569
-0.101960786
-0.47843137
-0.25490198
-0.003921569
-0.23529412
-0.3529412
-0.16078432
-0.003921569
-0.33333334
0.35686275
0.0
0.2509804
-0.43137255
-0.30980393
-0.38431373
-0.41960785
0.4862745
0.44313726
0.3529412
0.007843138
0.23529412
0.32156864
0.40392157
0.4862745
0.49803922
0.4392157
0.3647059
0.24705882
0.003921569
0.34117648
0.2509804
0.41568628
0.13333334
0.18039216
0.05490196
0.05490196
-0.05490196
0.043137256
0.09411765
0.13333334
0.2
0.25882354
0.22352941
0.18039216
0.043137256
0.2901961
0.33333334
0.41568628
-0.4
-0.23529412
-0.15686275
-0.31764707
0.039215688
0.043137256
-0.1254902
-0.003921569
-0.007843138
0.023529412
0.18039216
0.38039216
-0.42745098
0.49803922
0.015686275
0.0
0.011764706
0.0
0.03137255
0.0
0.003921569
0.101960786
0.42352942
-0.31764707
-0.21960784
-0.23137255
0.0627451
0.05490196
-0.03529412
-0.003921569
-0.003921569
-0.2509804
0.35686275
0.050980393
0.050980393
0.050980393
0.050980393
0.039215688
0.039215688
0.0627451
-0.37254903
-0.37254903
-0.37254903
-0.37254903
0.03137255
0.043137256
0.047058824
0.03529412
0.011764706
0.0
0.0
0.0
0.0
0.0
0.0
0.0
0.0
0.0
0.0
0.0
0.0
0.0
0.0
0.0
0.0
0.0
0.0
0.0
0.0
0.0
0.0
0.0
0.0
0.0
0.0
0.0
0.0
0.0
0.0
0.0
0.0
0.019607844
0.0627451
0.007843138
0.05490196
0.015686275
0.007843138
0.0
0.003921569
0.011764706
0.011764706
0.011764706
0.0627451
0.37254903
0.16862746
0.49411765
-0.14117648
-0.003921569
-0.043137256
-0.003921569
-0.003921569
-0.003921569
-0.003921569
-0.003921569
-0.003921569
0.3254902
-0.003921569
-0.003921569
-0.003921569
-0.003921569
-0.09411765
-0.078431375
-0.101960786
-0.31764707
-0.36862746
-0.19607843
-0.21176471
-0.16078432
-0.17254902
-0.3882353
0.49411765
0.35686275
0.0
0.011764706
0.41960785
-0.4509804
-0.34117648
-0.30980393
0.49411765
-0.4745098
-0.49803922
0.105882354
0.28627452
0.41960785
0.47058824
-0.44705883
-0.4509804
0.41568628
0.26666668
0.0
0.03529412
0.14117648
0.27450982
0.30588236
-0.4627451
0.46666667
0.05490196
0.05490196
0.0
0.078431375
-0.003921569
0.047058824
0.07058824
0.14117648
0.14117648
0.36862746
0.043137256
0.44313726
0.44313726
0.34509805
-0.47843137
-0.29803923
-0.22352941
-0.2
0.06666667
0.4392157
-0.30980393
-0.003921569
-0.003921569
-0.023529412
0.12941177
0.3137255
-0.2784314
-0.30980393
0.023529412
0.039215688
0.0
0.03137255
0.07058824
0.003921569
0.003921569
0.22352941
-0.46666667
-0.23529412
-0.003921569
-0.003921569
-0.25490198
0.043137256
-0.23921569
-0.003921569
-0.003921569
-0.17254902
0.33333334
0.050980393
0.050980393
0.050980393
0.039215688
0.039215688
0.039215688
0.039215688
-0.37254903
-0.37254903
-0.39607844
-0.37254903
0.050980393
0.050980393
0.050980393
0.03137255
0.011764706
0.0
0.0
0.0
0.0
0.0
0.0
0.0
0.0
0.0
0.0
0.0
0.0
0.0
0.0
0.0
0.0
0.0
0.0
0.0
0.0
0.0
0.0
0.0
0.0
0.0
0.0
0.0
0.0
0.0
0.0
0.0
0.0
0.011764706
0.043137256
0.09019608
0.08627451
0.043137256
0.023529412
0.011764706
0.007843138
0.011764706
0.019607844
0.007843138
0.011764706
0.37254903
0.37254903
0.42745098
-0.34509805
-0.21960784
-0.07058824
-0.003921569
-0.003921569
-0.003921569
-0.003921569
-0.003921569
-0.12156863
0.30588236
-0.003921569
-0.003921569
-0.003921569
-0.09411765
0.4862745
-0.49019608
-0.06666667
-0.003921569
-0.003921569
-0.023529412
-0.21568628
-0.28627452
-0.20392157
-0.30588236
-0.24705882
-0.23137255
0.007843138
0.078431375
0.21568628
0.3019608
0.3882353
0.39215687
0.34509805
0.3647059
0.3647059
0.32156864
0.40784314
0.45490196
0.43137255
0.4392157
0.41568628
0.36862746
0.18431373
0.03529412
0.07450981
0.18039216
0.27450982
0.4117647
-0.36078432
-0.38039216
0.43137255
0.1882353
0.078431375
0.078431375
-0.003921569
0.015686275
0.043137256
0.05882353
0.078431375
0.078431375
0.047058824
0.0
0.015686275
0.047058824
-0.5019608
-0.42352942
-0.19607843
-0.19607843
-0.25490198
0.0627451
0.49411765
0.05882353
-0.19607843
-0.13333334
0.20784314
0.39607844
-0.3882353
-0.32941177
0.043137256
0.14901961
0.043137256
0.011764706
0.03529412
0.03137255
0.003921569
0.27450982
-0.45490196
-0.40784314
-0.34117648
-0.27058825
0.44313726
0.37254903
-0.09411765
-0.003921569
-0.003921569
-0.3137255
0.050980393
0.050980393
0.050980393
0.039215688
0.039215688
0.039215688
0.039215688
0.0627451
-0.37254903
-0.39607844
-0.39607844
-0.39607844
0.08627451
-0.003921569
0.0627451
0.03137255
0.007843138
0.0
0.0
0.0
0.0
0.0
0.0
0.0
0.0
0.0
0.0
0.0
0.0
0.0
0.0
0.0
0.0
0.0
0.0
0.0
0.0
0.0
0.0
0.0
0.0
0.0
0.0
0.0
0.0
0.0
0.0
0.0
0.0
0.0
0.03529412
0.09411765
0.10980392
0.06666667
0.03137255
0.02745098
0.047058824
0.011764706
0.007843138
0.31764707
0.31764707
0.050980393
0.33333334
-0.45490196
-0.22352941
-0.43137255
-0.2
-0.003921569
-0.003921569
-0.003921569
-0.003921569
-0.003921569
-0.22352941
0.3019608
-0.003921569
-0.003921569
-0.003921569
0.42352942
0.09803922
0.09803922
-0.3372549
-0.003921569
-0.003921569
-0.24705882
-0.17254902
-0.46666667
0.09803922
-0.050980393
-0.2
-0.23137255
0.011764706
0.14117648
0.1764706
0.2
0.003921569
0.02745098
0.37254903
0.4862745
-0.44313726
0.20392157
0.44705883
0.43137255
0.35686275
0.35686275
0.36078432
0.3647059
0.19215687
0.15294118
0.0627451
0.1764706
0.29411766
0.34901962
-0.48235294
0.49019608
0.3882353
0.078431375
0.078431375
0.078431375
0.078431375
-0.1254902
0.08627451
-0.13725491
-0.13725491
-0.42745098
-0.5019608
0.047058824
0.34509805
0.047058824
0.05882353
0.05882353
-0.4
-0.43529412
-0.2
-0.3019608
-0.4509804
0.05490196
0.40392157
0.0
0.015686275
-0.44705883
-0.30588236
0.43529412
0.019607844
0.105882354
0.0
0.011764706
0.02745098
0.047058824
0.101960786
0.2509804
0.42745098
-0.4627451
-0.3019608
-0.25490198
0.05490196
-0.30980393
-0.003921569
-0.003921569
-0.023529412
-0.3882353
0.050980393
0.050980393
0.043137256
0.039215688
0.039215688
0.05490196
0.03137255
-0.37254903
-0.37254903
-0.37254903
-0.39607844
-0.39607844
0.105882354
-0.003921569
0.0627451
-0.078431375
0.003921569
0.0
0.0
0.0
0.0
0.0
0.0
0.0
0.0
0.0
0.0
0.0
0.0
0.0
0.0
0.0
0.0
0.0
0.0
0.0
0.0
0.0
0.0
0.0
0.0
0.0
0.0
0.0
0.0
0.0
0.0
0.0
0.003921569
0.023529412
0.07058824
0.11764706
0.10980392
0.0627451
0.03137255
0.003921569
0.06666667
0.078431375
0.08627451
0.31764707
0.17254902
0.2627451
0.42352942
-0.31764707
-0.26666668
-0.27450982
-0.105882354
-0.003921569
-0.003921569
-0.043137256
-0.2627451
-0.3882353
-0.29411766
-0.3647059
-0.39607844
-0.003921569
-0.003921569
0.33333334
0.09803922
0.09803922
0.4
-0.003921569
-0.07058824
-0.35686275
-0.3019608
0.09803922
-0.003921569
-0.003921569
0.09411765
-0.23137255
0.007843138
0.1882353
0.21960784
0.1882353
0.0
0.015686275
0.03137255
0.40784314
0.44313726
0.38039216
0.48235294
-0.49803922
0.41568628
0.36862746
0.3137255
0.27450982
0.20392157
0.24313726
0.19607843
0.24705882
0.32941177
0.23529412
-0.49019608
-0.46666667
0.3254902
0.078431375
0.078431375
0.078431375
0.078431375
0.08627451
0.08627451
-0.14901961
-0.14901961
-0.42745098
-0.42745098
-0.42745098
0.05490196
0.0627451
0.05882353
-0.41960785
0.05882353
0.047058824
0.09411765
0.07058824
0.047058824
-0.5019608
0.30980393
0.0
0.19607843
0.47843137
-0.29411766
-0.43137255
0.16470589
0.047058824
0.078431375
0.13333334
0.18431373
0.14117648
0.09803922
0.21960784
0.4117647
-0.37254903
-0.015686275
-0.003921569
-0.30980393
-0.20392157
-0.003921569
-0.003921569
-0.003921569
-0.050980393
-0.34509805
0.043137256
0.043137256
0.043137256
0.039215688
0.039215688
0.05490196
-0.37254903
-0.37254903
-0.37254903
-0.39607844
-0.39607844
0.023529412
-0.003921569
0.047058824
-0.078431375
0.003921569
0.0
0.0
0.0
0.0
0.0
0.0
0.0
0.0
0.0
0.0
0.0
0.0
0.0
0.0
0.0
0.0
0.0
0.0
0.0
0.0
0.0
0.0
0.0
0.0
0.0
0.0
0.0
0.0
0.0
0.0
0.0
0.0
0.023529412
0.08235294
0.14901961
0.12941177
0.078431375
0.047058824
0.007843138
0.011764706
0.015686275
0.3372549
0.3372549
0.39607844
0.22352941
0.36078432
-0.42352942
-0.24705882
-0.15686275
-0.0627451
-0.003921569
-0.003921569
-0.05490196
-0.2784314
-0.44313726
-0.4
-0.38431373
-0.45490196
-0.003921569
-0.003921569
-0.4745098
0.08627451
0.09803922
0.31764707
-0.15294118
-0.2
-0.003921569
0.36078432
0.09803922
-0.003921569
0.09411765
0.07450981
-0.23137255
0.019607844
0.22352941
0.30588236
0.24705882
0.003921569
0.09803922
0.1882353
0.0
0.019607844
0.003921569
0.02745098
0.4392157
0.38431373
0.27450982
0.0
0.003921569
0.0
0.003921569
0.18431373
0.0
0.023529412
0.44313726
0.44705883
0.44313726
0.34117648
0.38039216
0.33333334
0.078431375
0.078431375
0.078431375
0.09803922
-0.14901961
-0.14901961
-0.42745098
-0.21960784
-0.21960784
0.08235294
-0.34117648
0.05882353
0.05882353
-0.40392157
-0.34901962
-0.26666668
0.09019608
0.09803922
0.03529412
0.26666668
0.003921569
0.38039216
-0.20392157
-0.14901961
-0.4117647
0.023529412
0.09019608
0.12941177
0.25882354
0.36078432
0.39215687
0.4
0.44705883
-0.39215687
-0.003921569
-0.003921569
-0.1254902
-0.19215687
-0.003921569
-0.003921569
-0.003921569
-0.003921569
-0.003921569
-0.08627451
0.043137256
0.043137256
0.043137256
0.039215688
0.05490196
0.05490196
0.43137255
0.3529412
0.3529412
-0.39607844
-0.40392157
-0.40392157
-0.003921569
0.039215688
-0.078431375
0.007843138
0.0
0.0
0.0
0.0
0.0
0.0
0.0
0.0
0.0
0.0
0.0
0.0
0.0
0.0
0.0
0.0
0.0
0.0
0.0
0.0
0.0
0.0
0.0
0.0
0.0
0.0
0.0
0.0
0.0
0.0
0.0
0.003921569
0.043137256
0.011764706
0.20392157
0.19215687
0.14509805
0.09411765
0.06666667
0.023529412
0.043137256
0.050980393
0.043137256
0.39607844
0.047058824
0.34509805
-0.45490196
-0.29803923
-0.105882354
-0.003921569
-0.003921569
-0.003921569
-0.003921569
-0.20784314
-0.46666667
0.43529412
0.44705883
0.47058824
-0.003921569
-0.003921569
-0.42745098
0.08627451
0.37254903
-0.44313726
-0.14117648
-0.20392157
0.40392157
0.09803922
0.09803922
-0.003921569
0.09803922
0.09803922
-0.23137255
0.023529412
0.3254902
0.3647059
0.2901961
0.05490196
0.0
0.0
0.0
0.0
0.0
0.003921569
0.0
0.003921569
0.13333334
0.023529412
0.03529412
0.0
0.0
0.0
0.003921569
0.0
0.03137255
0.3764706
0.38431373
0.078431375
0.078431375
0.36862746
0.078431375
0.34117648
0.43529412
0.078431375
0.08627451
-0.13333334
-0.13333334
-0.21960784
-0.21960784
0.08235294
-0.34117648
-0.34117648
0.0627451
0.05490196
-0.26666668
0.105882354
-0.003921569
-0.08627451
-0.2901961
0.09803922
0.11372549
0.15686275
0.23921569
0.24705882
0.27450982
0.24705882
0.18039216
0.38039216
0.34509805
0.39215687
0.42745098
-0.49803922
-0.34509805
-0.078431375
-0.003921569
-0.003921569
0.09803922
-0.003921569
-0.003921569
-0.003921569
-0.003921569
-0.003921569
-0.003921569
-0.003921569
-0.4862745
0.043137256
0.043137256
0.05490196
0.05490196
0.05490196
0.43137255
-0.41568628
-0.41568628
-0.41568628
-0.40392157
-0.40392157
-0.003921569
0.050980393
-0.078431375
0.011764706
0.003921569
0.007843138
0.007843138
0.0
0.0
0.0
0.0
0.0
0.0
0.0
0.0
0.0
0.0
0.0
0.0
0.0
0.0
0.0
0.0
0.0
0.0
0.0
0.0
0.0
0.0
0.0
0.0
0.0
0.0
0.0
0.0
0.011764706
0.078431375
0.015686275
0.25490198
0.2627451
0.23137255
0.1882353
0.16078432
0.20392157
0.3137255
0.37254903
0.043137256
0.047058824
0.047058824
0.3647059
-0.4
-0.18431373
-0.14509805
-0.023529412
-0.078431375
-0.1254902
-0.003921569
-0.08627451
-0.37254903
0.38431373
-0.003921569
-0.21176471
-0.003921569
-0.007843138
0.4117647
0.09803922
0.09803922
-0.39607844
-0.3019608
-0.28235295
-0.40784314
0.09803922
0.09803922
0.4862745
0.09803922
0.09803922
-0.23137255
-0.27058825
0.3764706
0.40392157
0.31764707
0.09803922
0.05882353
0.0
0.0
0.0
0.0
0.0
0.0
0.0
0.011764706
0.03529412
0.047058824
0.007843138
0.007843138
0.011764706
0.039215688
0.0627451
0.17254902
0.4392157
0.4117647
0.078431375
0.078431375
0.41568628
-0.4
-0.45490196
-0.43529412
0.34509805
0.078431375
0.08627451
0.3529412
0.42352942
0.42352942
0.42352942
0.42352942
0.05490196
0.45882353
0.3019608
-0.39215687
-0.11372549
-0.043137256
-0.003921569
-0.047058824
-0.34509805
0.47843137
0.36078432
0.0
0.015686275
0.38039216
0.16862746
0.29411766
0.3529412
0.3764706
0.40392157
0.40392157
0.40392157
-0.4862745
-0.11764706
-0.003921569
-0.09803922
-0.078431375
-0.003921569
-0.003921569
-0.003921569
-0.003921569
-0.003921569
-0.20392157
-0.29411766
0.30980393
0.043137256
0.05490196
0.05490196
0.05490196
-0.42352942
0.43137255
-0.41568628
-0.41568628
-0.41568628
-0.41568628
0.09411765
-0.003921569
0.08627451
-0.078431375
0.023529412
0.007843138
0.015686275
0.011764706
0.003921569
0.0
0.0
0.0
0.0
0.0
0.0
0.0
0.0
0.0
0.0
0.0
0.0
0.0
0.0
0.0
0.0
0.0
0.0
0.0
0.0
0.0
0.0
0.0
0.0
0.0
0.0
0.0
0.019607844
0.07058824
0.015686275
0.3019608
0.35686275
0.35686275
0.36078432
0.40784314
0.4745098
-0.38039216
-0.3254902
-0.46666667
0.39607844
0.38039216
0.45882353
0.039215688
-0.05490196
-0.22352941
-0.28627452
-0.14117648
-0.41568628
-0.1882353
-0.07058824
-0.29411766
0.44705883
0.39215687
-0.003921569
-0.003921569
-0.078431375
0.33333334
0.09803922
0.050980393
0.22352941
-0.4509804
-0.3647059
-0.40784314
0.09803922
-0.003921569
-0.38431373
0.09803922
0.07450981
0.007843138
-0.27058825
-0.46666667
-0.3764706
-0.48235294
0.35686275
0.47843137
0.0
0.03137255
0.019607844
0.015686275
0.015686275
0.011764706
0.019607844
0.05882353
0.12941177
0.09803922
0.047058824
0.015686275
0.03529412
0.12941177
0.21176471
0.27058825
0.48235294
0.4117647
0.43137255
0.40784314
-0.3764706
-0.1764706
-0.14901961
-0.18039216
-0.4509804
0.078431375
0.039215688
0.039215688
0.039215688
0.42352942
0.42352942
0.42352942
0.42352942
0.42352942
0.32941177
-0.47058824
0.35686275
-0.49019608
-0.05490196
-0.31764707
0.42745098
0.3372549
0.0
0.0
0.08627451
0.21960784
0.32156864
0.32941177
0.38039216
0.38039216
0.30980393
0.3254902
0.39215687
-0.49411765
-0.32941177
-0.15294118
-0.0627451
0.03137255
-0.003921569
-0.003921569
-0.003921569
-0.003921569
-0.03529412
-0.1764706
0.47843137
0.44705883
0.043137256
0.023529412
0.05490196
0.05490196
-0.42352942
0.43137255
-0.41568628
-0.41568628
-0.41568628
-0.41568628
-0.12156863
-0.36078432
-0.2509804
0.101960786
0.043137256
0.011764706
0.011764706
0.007843138
0.0
0.0
0.0
0.0
0.0
0.0
0.0
0.0
0.0
0.0
0.0
0.0
0.0
0.0
0.0
0.0
0.0
0.0
0.0
0.0
0.0
0.0
0.0
0.0
0.0
0.0
0.0
0.0
0.019607844
0.06666667
0.15686275
0.32941177
0.4862745
-0.39215687
-0.3529412
-0.23921569
-0.2
-0.08627451
-0.09803922
-0.17254902
-0.24705882
-0.26666668
-0.22352941
-0.023529412
-0.003921569
-0.003921569
-0.003921569
-0.003921569
0.09803922
-0.18039216
-0.003921569
-0.11764706
0.3254902
-0.47843137
-0.003921569
-0.003921569
-0.21568628
0.3137255
0.09803922
-0.44705883
-0.28235295
-0.45882353
-0.4862745
-0.4745098
0.44313726
-0.003921569
-0.39607844
-0.003921569
0.0
0.05882353
0.34901962
-0.19607843
-0.003921569
-0.16862746
-0.41960785
-0.5019608
0.47843137
0.05490196
0.039215688
0.03529412
0.023529412
0.019607844
0.03529412
0.08627451
0.14901961
0.11764706
0.07450981
0.0627451
0.043137256
0.09803922
0.19215687
0.19607843
0.27450982
0.29803923
0.41568628
-0.45882353
-0.36862746
-0.3019608
-0.20784314
-0.08627451
-0.2901961
0.32941177
0.039215688
0.039215688
0.039215688
0.039215688
0.039215688
0.42352942
0.42352942
0.42352942
-0.4
0.08235294
0.08235294
0.08235294
0.4117647
0.3137255
0.38039216
0.24313726
0.023529412
0.0
0.07450981
0.21960784
0.3019608
0.24313726
0.38039216
0.03529412
0.03529412
0.22745098
0.31764707
-0.45882353
-0.38039216
0.43529412
-0.3372549
-0.003921569
-0.003921569
-0.003921569
-0.015686275
-0.003921569
-0.15686275
-0.28627452
0.34901962
0.44705883
0.023529412
0.023529412
0.08627451
0.48235294
0.34117648
-0.11764706
-0.41568628
0.29803923
-0.41568628
-0.41568628
-0.12156863
-0.36078432
-0.2509804
0.1254902
0.0627451
0.023529412
0.011764706
0.003921569
0.0
0.0
0.0
0.0
0.0
0.0
0.0
0.0
0.0
0.0
0.0
0.0
0.0
0.0
0.0
0.0
0.0
0.0
0.0
0.0
0.0
0.0
0.0
0.0
0.0
0.0
0.0
0.0
0.019607844
0.07058824
0.15294118
0.2901961
-0.47843137
-0.2
-0.11764706
-0.015686275
-0.011764706
-0.003921569
-0.003921569
-0.003921569
-0.003921569
-0.003921569
-0.003921569
-0.003921569
-0.003921569
-0.003921569
-0.003921569
-0.003921569
-0.003921569
-0.003921569
-0.003921569
-0.15686275
0.09803922
0.4862745
-0.003921569
-0.003921569
-0.23921569
0.34509805
0.4509804
-0.25882354
-0.31764707
-0.39215687
0.09803922
0.47058824
-0.47058824
-0.003921569
-0.34509805
-0.003921569
0.09019608
0.03137255
-0.45882353
-0.019607844
-0.003921569
-0.05490196
-0.27450982
-0.34509805
0.43137255
-0.07058824
0.13333334
0.08235294
0.09411765
0.047058824
0.0627451
0.105882354
0.11764706
0.101960786
0.09803922
0.03529412
0.0627451
0.0
0.0
0.007843138
0.09411765
0.101960786
0.28627452
-0.4627451
-0.34509805
-0.21568628
-0.17254902
-0.10980392
-0.20392157
-0.4509804
0.039215688
0.039215688
0.039215688
0.039215688
0.039215688
0.039215688
0.039215688
0.039215688
0.039215688
0.08235294
0.08235294
0.08235294
0.07058824
0.31764707
0.4
0.30980393
0.0
0.007843138
0.050980393
0.13333334
0.15686275
0.11764706
0.13725491
0.21568628
0.27450982
0.22745098
0.36862746
-0.2784314
-0.28235295
-0.33333334
-0.003921569
-0.003921569
-0.003921569
-0.003921569
-0.015686275
-0.32941177
-0.47843137
0.49411765
0.44705883
0.023529412
0.023529412
0.023529412
0.32156864
-0.38039216
-0.4627451
0.38431373
0.32941177
0.34117648
0.30980393
-0.12156863
-0.12156863
-0.36078432
-0.2509804
0.10980392
0.0627451
0.03529412
0.015686275
0.003921569
0.0
0.0
0.0
0.0
0.0
0.0
0.0
0.0
0.0
0.0
0.0
0.0
0.0
0.0
0.0
0.0
0.0
0.0
0.0
0.0
0.0
0.0
0.0
0.0
0.0
0.0
0.0
0.0
0.011764706
0.043137256
0.09411765
0.18039216
0.41568628
-0.23137255
-0.101960786
-0.003921569
-0.003921569
-0.003921569
-0.003921569
-0.003921569
-0.003921569
-0.003921569
-0.003921569
-0.003921569
-0.003921569
-0.003921569
-0.003921569
-0.003921569
-0.003921569
-0.003921569
-0.003921569
-0.039215688
0.36078432
0.45490196
-0.003921569
-0.003921569
-0.49803922
0.49803922
-0.43137255
-0.1764706
-0.3137255
-0.30588236
-0.41568628
-0.4117647
-0.3882353
-0.003921569
-0.34509805
-0.003921569
0.27058825
0.02745098
-0.40392157
-0.011764706
-0.003921569
-0.003921569
-0.21960784
-0.3764706
0.41960785
-0.07058824
0.2627451
0.3137255
-0.4745098
-0.4745098
0.08235294
0.13333334
0.13725491
0.12156863
0.11764706
0.08235294
0.015686275
0.0
0.007843138
0.0
-0.03137255
0.105882354
0.039215688
0.2784314
-0.2784314
-0.21176471
-0.14509805
-0.14901961
-0.2627451
0.4117647
0.08627451
0.039215688
0.039215688
0.05490196
0.039215688
0.03137255
0.03137255
0.039215688
0.31764707
0.33333334
0.3764706
-0.49019608
-0.48235294
0.30980393
0.07058824
0.0
0.0
0.011764706
0.039215688
0.047058824
0.0
0.007843138
0.14117648
0.32941177
0.05490196
0.05490196
-0.3372549
-0.09803922
-0.003921569
-0.003921569
-0.003921569
-0.003921569
-0.003921569
-0.003921569
-0.20392157
-0.5019608
0.39215687
0.35686275
0.25882354
0.023529412
0.023529412
0.023529412
0.3764706
-0.36078432
-0.3254902
0.4392157
0.34509805
0.3019608
-0.41568628
-0.41568628
-0.12156863
-0.36078432
-0.2509804
0.07058824
0.050980393
0.03529412
0.019607844
0.003921569
0.0
0.0
0.0
0.0
0.0
0.0
0.0
0.0
0.0
0.0
0.0
0.0
0.0
0.0
0.0
0.0
0.0
0.0
0.0
0.0
0.0
0.0
0.0
0.0
0.0
0.0
0.0
0.0
0.003921569
0.011764706
0.03137255
0.07450981
0.23529412
-0.42352942
-0.13725491
-0.10980392
-0.003921569
-0.043137256
-0.047058824
-0.12941177
-0.11764706
-0.003921569
-0.023529412
-0.003921569
-0.011764706
-0.003921569
-0.003921569
-0.003921569
-0.003921569
-0.003921569
-0.003921569
-0.003921569
-0.101960786
-0.23921569
-0.003921569
-0.003921569
0.30980393
-0.5019608
-0.2784314
-0.101960786
-0.22745098
0.09019608
0.35686275
-0.3764706
-0.34901962
-0.003921569
0.4862745
0.03529412
0.003921569
-0.27058825
-0.3764706
-0.003921569
-0.003921569
-0.003921569
-0.07450981
-0.32156864
0.41960785
0.3254902
0.28627452
0.39607844
0.27450982
-0.4745098
0.12941177
0.13333334
0.12941177
0.1254902
0.1254902
0.09019608
0.0
0.0
0.011764706
0.015686275
0.023529412
0.0627451
0.14509805
0.2784314
-0.41568628
-0.15686275
-0.007843138
-0.003921569
-0.41960785
0.40392157
0.08627451
0.08627451
0.05490196
0.05490196
0.03137255
0.03137255
0.03137255
0.03137255
0.19607843
0.09019608
0.3137255
0.36078432
0.09019608
0.0
0.07058824
0.07058824
0.078431375
0.078431375
0.08235294
0.08235294
0.09803922
0.23137255
0.40392157
-0.5019608
-0.44705883
-0.25490198
-0.21960784
-0.21568628
-0.08235294
-0.003921569
-0.011764706
-0.03137255
-0.003921569
-0.2901961
0.41960785
0.36078432
-0.48235294
-0.48235294
0.023529412
0.023529412
0.023529412
0.41960785
-0.45490196
-0.3372549
-0.16078432
-0.44705883
0.3764706
-0.11764706
0.3764706
0.3764706
0.3764706
0.3764706
0.0627451
0.03529412
0.02745098
0.019607844
0.007843138
0.0
0.0
0.0
0.0
0.0
0.0
0.0
0.0
0.0
0.0
0.0
0.0
0.0
0.0
0.0
0.0
0.0
0.0
0.0
0.0
0.0
0.0
0.0
0.0
0.0
0.0
0.0
0.0
0.0
0.0
0.0
0.003921569
0.02745098
0.10980392
0.2901961
-0.4627451
-0.32941177
-0.29411766
-0.1882353
-0.12941177
-0.039215688
-0.039215688
-0.12941177
-0.14509805
-0.07058824
-0.003921569
-0.003921569
-0.003921569
-0.003921569
-0.003921569
-0.003921569
-0.003921569
-0.003921569
-0.003921569
-0.08235294
-0.003921569
-0.003921569
0.09803922
0.09803922
-0.30588236
-0.32156864
-0.1764706
-0.003921569
0.31764707
-0.27058825
0.09803922
-0.003921569
0.34117648
0.011764706
0.003921569
0.14117648
-0.38431373
-0.11372549
-0.003921569
-0.003921569
-0.09803922
-0.16862746
-0.35686275
0.09803922
0.015686275
0.29411766
0.3529412
0.20784314
0.003921569
0.09411765
0.101960786
0.10980392
0.105882354
0.078431375
0.015686275
0.007843138
0.019607844
0.02745098
0.050980393
0.08235294
0.2784314
0.2784314
-0.44705883
-0.15294118
-0.003921569
-0.003921569
-0.34901962
0.49803922
0.08627451
0.08627451
0.08627451
0.05490196
0.3372549
0.03137255
0.03137255
0.03137255
0.03529412
0.09019608
0.08627451
0.3647059
0.09019608
0.09019608
0.07058824
0.078431375
0.078431375
0.0
0.078431375
0.050980393
0.09411765
0.05882353
0.41568628
0.4117647
0.35686275
0.47843137
0.4
0.35686275
0.09803922
0.09803922
0.09803922
0.3019608
0.36078432
-0.003921569
0.36078432
0.36078432
-0.34117648
-0.34117648
0.023529412
0.023529412
0.023529412
0.4392157
-0.34117648
-0.2
-0.26666668
-0.4392157
-0.48235294
0.3137255
0.3764706
0.3764706
0.3764706
0.3764706
0.0627451
0.47058824
0.47058824
0.47058824
0.47058824
0.0
0.0
0.0
0.0
0.0
0.0
0.0
0.0
0.0
0.0
0.0
0.0
0.0
0.0
0.0
0.0
0.0
0.0
0.0
0.0
0.0
0.0
0.0
0.0
0.0
0.0
0.0
0.0
0.0
0.0
0.0
0.0
0.011764706
0.0627451
0.17254902
0.31764707
0.44313726
0.49411765
-0.4392157
-0.22745098
-0.043137256
-0.09019608
-0.3137255
-0.2627451
-0.16078432
-0.003921569
-0.37254903
0.45490196
-0.3137255
-0.003921569
-0.003921569
-0.003921569
-0.003921569
-0.003921569
-0.003921569
-0.003921569
-0.003921569
0.09803922
0.09803922
-0.41568628
-0.40784314
0.09803922
-0.1764706
-0.039215688
-0.3647059
0.09803922
-0.003921569
0.30980393
0.09803922
0.011764706
0.15686275
-0.44313726
-0.2
-0.003921569
-0.003921569
-0.37254903
-0.33333334
0.09803922
-0.09411765
0.4392157
-0.38431373
-0.3372549
0.40392157
0.003921569
0.08235294
0.003921569
0.09411765
0.08627451
0.0
0.019607844
0.003921569
0.03137255
-0.03137255
0.007843138
0.11372549
0.2784314
0.3254902
-0.45882353
-0.18431373
-0.003921569
-0.003921569
-0.13333334
-0.4509804
0.3372549
0.08235294
0.08627451
0.08235294
0.03529412
0.03529412
0.03529412
0.03529412
0.03529412
0.03529412
0.08627451
0.0
0.09019608
0.09019608
0.07058824
0.0
0.0
0.078431375
0.078431375
0.07450981
0.09411765
0.09411765
0.34117648
0.09019608
0.09019608
0.34117648
0.32941177
0.39215687
0.32941177
-0.3647059
0.09803922
0.09803922
0.09803922
-0.22745098
0.07450981
0.07450981
0.0627451
0.0627451
0.0627451
0.0627451
0.0627451
0.4392157
-0.32156864
-0.21568628
-0.37254903
-0.48235294
-0.38039216
0.3529412
-0.34901962
-0.34901962
-0.28627452
0.43137255
0.40392157
0.023529412
0.47058824
0.47058824
0.47058824
0.47058824
0.0
0.0
0.0
0.0
0.0
0.0
0.0
0.0
0.0
0.0
0.0
0.0
0.0
0.0
0.0
0.0
0.0
0.0
0.0
0.0
0.0
0.0
0.0
0.0
0.0
0.0
0.0
0.0
0.0
0.0
0.0
0.003921569
0.03137255
0.09411765
0.1764706
0.3019608
0.36862746
0.44705883
-0.29803923
-0.14509805
-0.14901961
-0.32941177
-0.4392157
-0.35686275
-0.28627452
-0.23529412
-0.14117648
-0.003921569
-0.003921569
-0.003921569
-0.003921569
-0.003921569
-0.003921569
-0.003921569
-0.003921569
-0.14117648
0.41960785
-0.003921569
-0.22352941
-0.12156863
0.09803922
-0.003921569
-0.003921569
-0.28627452
0.09803922
0.3019608
0.46666667
0.015686275
0.019607844
0.3529412
-0.33333334
-0.21176471
-0.14509805
-0.13333334
-0.4392157
0.09803922
-0.011764706
-0.07450981
-0.003921569
-0.30588236
-0.11764706
-0.48235294
0.003921569
0.09411765
0.050980393
0.12156863
0.101960786
0.0627451
0.05490196
0.019607844
0.05490196
0.023529412
0.06666667
0.2784314
0.2784314
0.32156864
0.4
-0.4509804
-0.25882354
-0.101960786
-0.25490198
-0.5019608
-0.46666667
0.40392157
0.3647059
0.08235294
0.03529412
0.03529412
0.03529412
0.03529412
0.09019608
0.09019608
0.09019608
0.09019608
0.0
0.07058824
0.0
0.078431375
0.078431375
0.0
0.078431375
0.35686275
0.4
0.34509805
0.38039216
0.42745098
0.09019608
0.09019608
0.09803922
0.32156864
0.31764707
0.30980393
0.09803922
0.09803922
-0.22745098
-0.22745098
-0.22745098
0.0627451
0.0627451
0.0627451
0.0627451
0.0627451
0.0627451
0.0627451
-0.4745098
-0.2784314
-0.27450982
0.41960785
0.36078432
-0.30588236
-0.34901962
-0.28627452
0.42352942
0.43137255
0.08235294
0.03529412
0.011764706
0.47058824
0.47058824
0.47058824
0.47058824
0.32941177
0.32941177
0.0
0.0
0.0
0.0
0.0
0.0
0.0
0.0
0.0
0.0
0.0
0.0
0.0
0.0
0.0
0.0
0.0
0.0
0.0
0.0
0.0
0.0
0.0
0.0
0.0
0.0
0.0
0.0
0.0
0.011764706
0.043137256
0.09019608
0.03137255
0.34509805
0.43529412
-0.42352942
-0.3372549
-0.3372549
-0.2901961
0.09803922
-0.39607844
-0.37254903
-0.33333334
-0.05490196
-0.003921569
-0.003921569
-0.003921569
-0.003921569
-0.003921569
-0.003921569
-0.003921569
-0.003921569
-0.22745098
-0.39607844
-0.003921569
-0.02745098
-0.019607844
0.09803922
-0.003921569
-0.003921569
-0.3019608
0.3647059
-0.44313726
-0.003921569
0.015686275
-0.49803922
0.4509804
-0.3647059
-0.4862745
0.47058824
-0.24705882
0.46666667
0.0627451
-0.003921569
-0.003921569
-0.21568628
-0.30588236
-0.20392157
0.4627451
-0.25490198
0.3764706
0.14117648
0.14509805
0.13725491
0.12941177
0.07450981
0.02745098
0.047058824
0.11764706
0.22745098
0.30980393
0.3254902
0.32156864
0.4117647
-0.49019608
-0.34509805
-0.2
-0.4745098
0.3529412
0.39607844
0.3019608
0.08235294
0.08235294
0.08235294
0.08235294
0.03529412
0.03529412
0.09019608
0.09019608
0.09019608
0.0
0.0
0.07058824
0.07058824
0.078431375
0.078431375
0.078431375
0.078431375
0.07450981
0.07450981
0.09411765
0.29803923
0.0627451
0.08627451
0.08627451
0.08627451
0.07450981
0.39215687
0.41960785
0.43529412
0.3882353
0.07450981
0.07450981
0.07450981
0.05882353
0.0627451
0.0627451
0.0627451
0.0627451
0.0627451
0.0627451
0.44705883
-0.3882353
-0.34509805
0.44313726
-0.30588236
-0.30588236
-0.30588236
-0.28627452
0.42352942
0.07450981
0.0627451
0.047058824
0.02745098
0.007843138
0.32941177
0.32941177
0.47058824
0.32941177
0.32941177
0.32941177
0.0
0.0
0.0
0.0
0.0
0.0
0.0
0.0
0.0
0.0
0.0
0.0
0.0
0.0
0.0
0.0
0.0
0.0
0.0
0.0
0.0
0.0
0.0
0.0
0.0
0.0
0.0
0.0
0.007843138
0.03137255
0.11764706
0.15294118
0.015686275
0.36862746
0.38039216
0.41960785
0.42352942
-0.34901962
-0.3882353
-0.30980393
-0.003921569
-0.29411766
-0.003921569
-0.003921569
-0.003921569
-0.003921569
-0.003921569
-0.003921569
-0.003921569
-0.003921569
-0.003921569
-0.02745098
-0.4627451
-0.14117648
-0.003921569
-0.003921569
-0.003921569
-0.003921569
-0.003921569
0.4392157
-0.1764706
0.09803922
-0.003921569
0.019607844
-0.49803922
0.43137255
0.09803922
0.31764707
0.3529412
-0.06666667
-0.003921569
-0.003921569
-0.003921569
-0.3372549
0.49019608
-0.30588236
-0.29803923
-0.47843137
0.09411765
0.007843138
0.0627451
0.13333334
0.17254902
0.08627451
0.13725491
0.11372549
0.011764706
0.20392157
0.3882353
0.4627451
0.45882353
0.46666667
0.4392157
0.49803922
-0.43137255
-0.39607844
0.45882353
0.05882353
0.05882353
0.05882353
0.09019608
0.09019608
0.09019608
0.07450981
0.07450981
0.0
0.05882353
0.0
0.09019608
0.0
0.0
0.07058824
0.07058824
0.078431375
0.078431375
0.078431375
0.0
0.078431375
0.07450981
0.078431375
0.09411765
0.09411765
0.0627451
0.08627451
0.08627451
0.07450981
0.35686275
0.49019608
0.42352942
0.07450981
0.07450981
0.05490196
0.05490196
0.05882353
0.09019608
0.09019608
0.0627451
0.0627451
0.0627451
0.0627451
0.47843137
-0.41568628
-0.43529412
-0.48235294
-0.4117647
-0.2627451
-0.2627451
-0.28627452
0.42352942
0.07450981
0.07450981
-0.34901962
-0.34901962
0.023529412
0.003921569
0.0
0.0
0.32941177
0.32941177
0.0
0.0
0.0
0.0
0.0
0.0
0.0
0.0
0.0
0.0
0.0
0.0
0.0
0.0
0.0
0.0
0.0
0.0
0.0
0.0
0.0
0.0
0.0
0.0
0.0
0.0
0.0
0.003921569
0.011764706
0.015686275
0.0
0.03529412
0.12941177
0.050980393
0.29803923
0.39215687
0.4117647
0.30980393
-0.36078432
-0.003921569
-0.4
-0.30588236
-0.29803923
-0.21176471
-0.10980392
-0.003921569
-0.003921569
-0.003921569
-0.003921569
-0.003921569
-0.003921569
-0.003921569
-0.003921569
0.42352942
-0.003921569
-0.003921569
0.09803922
-0.003921569
-0.003921569
-0.003921569
-0.19215687
-0.003921569
0.49019608
-0.09803922
0.0
0.32941177
0.3137255
0.09803922
0.48235294
-0.05882353
-0.003921569
-0.003921569
-0.21568628
-0.003921569
-0.11764706
-0.42745098
0.49803922
-0.41960785
-0.49019608
0.27450982
0.011764706
0.17254902
0.22352941
0.29411766
0.29411766
0.2
0.25490198
0.14509805
-0.03137255
0.40784314
0.48235294
-0.003921569
-0.003921569
0.4392157
0.42352942
0.42745098
0.043137256
0.06666667
0.05882353
0.05882353
0.078431375
0.09411765
0.09411765
0.09411765
0.0
0.0
0.0
0.0
0.0
0.09803922
0.0
0.003921569
0.09019608
0.07058824
0.0
0.003921569
0.078431375
0.0
0.0
0.0
0.0
0.039215688
0.31764707
0.0627451
0.06666667
0.08235294
0.07450981
0.078431375
0.03529412
0.03529412
0.07450981
0.07058824
0.07058824
0.07058824
0.09019608
0.09019608
0.09019608
0.0627451
0.0627451
0.0627451
0.07450981
0.4
-0.3647059
0.47058824
0.3647059
-0.4117647
-0.2627451
-0.08235294
-0.08235294
-0.08235294
0.07450981
-0.2509804
-0.34901962
-0.34901962
-0.34901962
0.003921569
0.0
0.0
0.0
0.0
0.0
0.0
0.0
0.0
0.0
0.0
0.0
0.0
0.0
0.0
0.0
0.0
0.0
0.0
0.0
0.0
0.0
0.0
0.0
0.0
0.0
0.0
0.0
0.0
0.0
0.0
0.0
0.007843138
0.03137255
0.0627451
0.03137255
0.1254902
0.1882353
0.2509804
0.34901962
0.4392157
0.40784314
0.30980393
-0.36078432
-0.36078432
0.37254903
0.39607844
-0.5019608
0.32156864
0.06666667
-0.12941177
-0.003921569
-0.003921569
-0.003921569
-0.003921569
-0.003921569
-0.003921569
-0.015686275
-0.2509804
-0.003921569
-0.003921569
0.09803922
-0.003921569
-0.003921569
-0.11372549
-0.003921569
-0.003921569
0.011764706
0.007843138
0.0
0.007843138
0.09803922
-0.2509804
-0.21176471
-0.003921569
-0.003921569
-0.003921569
-0.003921569
-0.003921569
-0.003921569
-0.25490198
0.078431375
0.30980393
0.42745098
0.30980393
0.015686275
0.23137255
0.29411766
0.36078432
0.15294118
0.2509804
0.12941177
0.29411766
0.34509805
0.34901962
-0.003921569
-0.003921569
0.36862746
0.42352942
0.3647059
0.043137256
0.043137256
0.043137256
0.1764706
0.06666667
0.06666667
0.09411765
0.09411765
0.09411765
0.09803922
0.0
0.09803922
0.09803922
0.09803922
0.09803922
0.007843138
0.09019608
0.07058824
0.011764706
0.02745098
0.02745098
0.078431375
0.09803922
0.011764706
0.003921569
0.039215688
0.039215688
0.05490196
0.047058824
0.047058824
0.08235294
0.07450981
0.078431375
0.03529412
0.03529412
0.07450981
0.07058824
0.07058824
0.07058824
0.09019608
0.09019608
0.07058824
0.0627451
0.0627451
0.07450981
0.07450981
0.49019608
-0.4117647
0.40392157
-0.32156864
-0.4117647
-0.2627451
-0.08235294
-0.08235294
-0.08235294
-0.29803923
-0.2509804
-0.16470589
-0.34901962
-0.34901962
-0.34901962
0.0
0.0
0.0
0.0
0.0
0.0
0.0
0.0
0.0
0.0
0.0
0.0
0.0
0.0
0.0
0.0
0.0
0.0
0.0
0.0
0.0
0.0
0.0
0.0
0.0
0.0
0.0
0.0
0.0
0.0
0.0
0.007843138
0.02745098
0.06666667
0.101960786
0.14901961
0.27058825
0.38039216
0.44705883
0.4
0.32156864
0.050980393
0.03137255
0.03137255
0.03137255
0.32941177
0.32941177
0.32941177
-0.32941177
-0.19215687
-0.003921569
-0.003921569
-0.003921569
-0.003921569
-0.003921569
-0.02745098
-0.22352941
-0.08235294
-0.003921569
0.09803922
-0.44705883
-0.003921569
-0.003921569
0.09803922
-0.3019608
-0.003921569
0.0
0.050980393
0.0
0.0
-0.003921569
-0.3764706
-0.08235294
-0.003921569
-0.003921569
-0.003921569
-0.003921569
-0.003921569
-0.003921569
-0.3254902
-0.2
0.41960785
0.29803923
0.3647059
0.011764706
0.23921569
0.30588236
0.30980393
0.35686275
0.32941177
0.25882354
0.18431373
-0.03137255
-0.003921569
-0.003921569
-0.003921569
0.38039216
0.3137255
0.043137256
0.043137256
0.043137256
0.043137256
0.043137256
0.06666667
0.06666667
0.06666667
0.09803922
0.09803922
0.09803922
0.09019608
0.09803922
0.09803922
0.0
0.09803922
-0.2901961
-0.2901961
0.07058824
0.07058824
0.07058824
0.0627451
0.09803922
0.09803922
0.043137256
0.043137256
0.09803922
0.039215688
0.05490196
0.05490196
0.09803922
0.08235294
0.08235294
0.0627451
0.03529412
0.03529412
0.09803922
0.07058824
0.07058824
0.07058824
0.09019608
0.09019608
0.07058824
0.07058824
0.0627451
0.07450981
0.30588236
0.47058824
-0.38039216
0.45882353
0.3137255
0.32156864
-0.2627451
-0.2627451
-0.08235294
-0.39215687
-0.29803923
0.08627451
0.07058824
-0.16470589
0.37254903
0.37254903
0.37254903
0.37254903
0.0
0.0
0.0
0.0
0.0
0.0
0.0
0.0
0.0
0.0
0.0
0.0
0.0
0.0
0.0
0.0
0.0
0.0
0.0
0.0
0.0
0.0
0.0
0.0
0.0
0.0
0.0
0.0
0.0
0.0
0.011764706
0.05490196
0.11764706
0.16470589
0.2784314
0.43529412
0.4627451
0.31764707
-0.47843137
-0.47843137
-0.47843137
-0.47843137
-0.47843137
0.32941177
0.30980393
-0.32941177
-0.37254903
-0.2627451
-0.003921569
-0.003921569
-0.003921569
-0.003921569
-0.20784314
-0.19607843
-0.44313726
-0.23137255
-0.003921569
-0.003921569
-0.003921569
-0.003921569
-0.003921569
-0.43529412
0.09803922
0.0
0.003921569
0.15294118
0.0
0.05882353
0.09803922
0.39607844
-0.105882354
-0.41960785
-0.003921569
-0.003921569
-0.003921569
-0.003921569
-0.003921569
-0.30980393
-0.40392157
0.007843138
0.23529412
0.30980393
0.007843138
0.21176471
0.3372549
0.3254902
0.3529412
0.3529412
0.003921569
0.10980392
0.13333334
-0.03137255
-0.21176471
-0.003921569
0.38039216
0.38039216
0.043137256
0.043137256
0.043137256
0.043137256
0.06666667
0.043137256
0.06666667
0.09803922
0.09803922
0.09803922
0.09803922
0.09019608
0.08235294
0.0
0.09803922
0.0
0.0
-0.2901961
-0.2901961
0.07058824
0.07058824
0.07058824
0.09803922
0.09803922
0.3254902
0.33333334
0.09803922
0.09803922
0.05490196
0.09803922
0.09803922
0.09803922
0.09411765
0.0627451
0.08235294
0.08235294
0.09803922
0.09803922
0.09803922
0.09803922
0.05882353
0.07058824
0.07058824
0.07058824
0.0627451
0.0627451
0.39215687
0.4627451
-0.47843137
0.37254903
0.39607844
0.42352942
0.3019608
-0.17254902
-0.39215687
-0.39215687
-0.44705883
0.09411765
0.06666667
-0.16470589
0.37254903
0.37254903
0.37254903
0.37254903
0.37254903
0.0
0.0
0.0
0.0
0.0
0.0
0.0
0.0
0.0
0.0
0.0
0.0
0.0
0.0
0.0
0.0
0.0
0.0
0.0
0.0
0.0
0.0
0.0
0.0
0.0
0.0
0.0
0.0
0.007843138
0.03529412
0.007843138
0.1254902
0.16078432
0.24313726
0.34901962
0.39607844
-0.49019608
0.45490196
-0.47843137
-0.47843137
-0.47843137
-0.47843137
-0.32941177
-0.32941177
0.36078432
0.4862745
-0.29803923
-0.03529412
-0.003921569
-0.003921569
-0.003921569
-0.24705882
-0.23137255
0.09803922
-0.34901962
-0.003921569
-0.003921569
-0.003921569
-0.003921569
-0.003921569
-0.18039216
0.003921569
0.0
0.003921569
0.23529412
0.003921569
0.08235294
0.30980393
0.05490196
0.09803922
-0.003921569
-0.003921569
-0.003921569
-0.003921569
-0.003921569
-0.003921569
-0.30588236
-0.38039216
0.078431375
0.039215688
0.19607843
0.0
0.14117648
0.27058825
0.31764707
0.29411766
0.28627452
0.02745098
0.007843138
0.16862746
-0.03137255
-0.21176471
0.0
-0.003921569
-0.38039216
-0.38039216
0.043137256
0.043137256
0.043137256
0.043137256
0.043137256
0.043137256
0.09803922
0.09803922
0.09803922
0.3372549
0.05490196
0.3254902
-0.3137255
0.0
0.0
-0.3137255
-0.2901961
-0.2901961
0.07058824
0.09803922
0.09803922
0.09803922
0.09803922
0.36078432
0.30588236
0.09803922
0.3019608
0.08235294
0.09803922
0.08235294
0.09411765
0.09411765
0.09411765
0.08235294
0.08235294
0.09803922
0.09803922
0.09803922
0.09803922
0.07058824
0.07058824
0.07058824
0.07058824
0.0627451
0.3254902
0.4862745
0.45882353
0.44313726
0.38039216
0.36078432
0.30588236
0.31764707
0.45882353
-0.39215687
-0.39215687
-0.44705883
-0.44705883
0.05882353
0.015686275
0.0
0.37254903
0.37254903
0.37254903
0.37254903
0.0
0.0
0.0
0.0
0.0
0.0
0.0
0.0
0.0
0.0
0.0
0.0
0.0
0.0
0.0
0.0
0.0
0.0
0.0
0.0
0.0
0.0
0.0
0.0
0.0
0.0
0.0
0.0
0.003921569
0.015686275
0.043137256
0.08235294
0.1254902
0.18039216
0.4745098
0.32941177
0.42352942
0.3882353
-0.47843137
-0.47843137
-0.47843137
0.20392157
0.20392157
-0.32941177
0.3254902
0.4392157
-0.42352942
-0.19607843
-0.078431375
-0.003921569
-0.003921569
-0.06666667
-0.21960784
-0.32156864
-0.3254902
-0.18431373
-0.047058824
-0.003921569
-0.16470589
-0.38039216
-0.4392157
0.0
0.0
0.0
0.03137255
0.31764707
0.007843138
0.47843137
-0.4117647
-0.003921569
-0.19607843
-0.003921569
-0.003921569
-0.003921569
-0.003921569
-0.09019608
-0.07450981
-0.47058824
0.078431375
0.3372549
0.06666667
0.06666667
0.06666667
0.03137255
0.03137255
0.02745098
0.02745098
0.02745098
0.019607844
0.023529412
0.38431373
0.31764707
0.050980393
-0.003921569
-0.38039216
-0.38039216
0.043137256
0.043137256
0.043137256
0.043137256
0.043137256
0.043137256
0.011764706
0.09803922
0.05490196
0.05490196
0.05490196
0.23921569
-0.3137255
0.0
0.007843138
-0.3137255
-0.3137255
-0.2901961
0.09803922
0.09803922
0.09803922
0.09803922
0.09803922
0.09803922
0.09803922
0.003921569
0.09803922
0.08235294
0.09803922
0.08235294
0.08235294
0.09411765
0.09411765
0.08235294
0.08235294
0.09803922
0.09803922
0.09411765
0.09411765
0.09411765
0.07058824
0.07058824
0.07058824
0.050980393
-0.46666667
-0.4862745
0.48235294
0.4745098
0.4509804
-0.34509805
0.36078432
-0.48235294
0.45882353
-0.39215687
-0.39215687
-0.4
-0.4
0.043137256
0.45490196
0.45490196
0.45490196
0.37254903
0.37254903
0.37254903
0.0
0.0
0.0
0.0
0.0
0.0
0.0
0.0
0.0
0.0
0.0
0.0
0.0
0.0
0.0
0.0
0.0
0.0
0.0
0.0
0.0
0.0
0.0
0.0
0.0
0.0
0.0
0.0
0.0
0.0
0.015686275
0.050980393
0.101960786
0.16862746
0.23137255
0.4745098
0.4745098
0.1882353
0.14901961
0.4745098
0.09411765
0.20392157
0.15294118
0.19607843
0.3882353
0.4392157
-0.49411765
-0.30980393
-0.18431373
-0.011764706
-0.003921569
-0.003921569
-0.24313726
0.007843138
0.34117648
-0.27450982
-0.17254902
-0.1254902
-0.49411765
0.34509805
0.32156864
0.15686275
0.0
0.0
0.0
0.015686275
0.0627451
0.07058824
0.3764706
-0.003921569
-0.003921569
-0.12941177
-0.003921569
-0.003921569
-0.003921569
-0.003921569
-0.003921569
-0.18431373
-0.4745098
-0.023529412
-0.023529412
0.36078432
0.36078432
0.39215687
0.34117648
0.3019608
0.3372549
0.35686275
0.3529412
0.35686275
0.38431373
0.078431375
0.14901961
0.10980392
0.14509805
0.05882353
0.4392157
0.043137256
0.043137256
0.043137256
0.043137256
0.043137256
0.043137256
0.16078432
0.11372549
0.019607844
0.05490196
0.05490196
-0.3137255
0.003921569
0.011764706
0.003921569
-0.3137255
0.09803922
0.09803922
0.09803922
0.09803922
0.09803922
0.09803922
0.09803922
0.09803922
0.09803922
0.0
0.09803922
0.078431375
0.08235294
0.08235294
0.09411765
0.09411765
0.09411765
0.08235294
0.09803922
0.09803922
0.09411765
0.09411765
0.09411765
0.07058824
0.050980393
0.050980393
0.45882353
-0.4627451
0.47843137
0.41960785
0.33333334
0.35686275
0.35686275
0.36078432
-0.48235294
0.45882353
0.45882353
0.45882353
-0.4
0.40392157
0.49411765
0.38431373
0.38431373
0.45490196
0.0
0.0
0.0
0.0
0.0
0.0
0.0
0.0
0.0
0.0
0.0
0.0
0.0
0.0
0.0
0.0
0.0
0.0
0.0
0.0
0.0
0.0
0.0
0.0
0.0
0.0
0.0
0.0
0.0
0.0
0.0
0.0
0.0
0.011764706
0.043137256
0.08627451
0.12156863
0.15686275
0.18039216
0.4745098
0.05882353
0.10980392
0.07058824
0.023529412
0.11372549
0.19607843
0.23921569
0.36078432
0.34117648
0.4745098
-0.22352941
-0.13333334
-0.03529412
-0.003921569
-0.003921569
-0.08235294
-0.34509805
-0.16470589
-0.23921569
-0.39215687
-0.30588236
0.28627452
0.34509805
-0.33333334
0.2784314
0.0
0.003921569
0.05490196
0.0627451
0.07058824
-0.20784314
-0.45490196
-0.003921569
-0.003921569
-0.003921569
-0.003921569
-0.003921569
-0.003921569
-0.003921569
-0.003921569
-0.06666667
0.019607844
-0.023529412
0.4
0.43529412
0.47058824
0.46666667
0.41568628
0.39215687
0.41960785
0.47058824
0.4745098
0.4117647
0.33333334
0.078431375
0.19215687
0.1764706
0.2
0.22352941
0.4392157
0.043137256
0.043137256
0.043137256
0.043137256
0.043137256
0.043137256
0.16862746
0.011764706
0.003921569
-0.30588236
0.011764706
0.043137256
0.05882353
0.05490196
0.039215688
0.05490196
0.09803922
0.09803922
0.007843138
0.09803922
0.09803922
0.09803922
0.09411765
0.09411765
0.0
0.0
0.078431375
0.078431375
0.08235294
0.08235294
0.09411765
0.09411765
0.09803922
0.05490196
0.09803922
0.09803922
0.09411765
0.09411765
0.09411765
0.09803922
0.09803922
0.39215687
-0.36078432
-0.3372549
-0.3882353
-0.49411765
-0.5019608
0.35686275
0.35686275
0.49019608
-0.48235294
-0.48235294
0.45882353
0.45882353
0.45882353
0.40392157
0.49411765
0.38431373
0.38431373
0.45490196
0.0
0.0
0.0
0.0
0.0
0.0
0.0
0.0
0.0
0.0
0.0
0.0
0.0
0.0
0.0
0.0
0.0
0.0
0.0
0.0
0.0
0.0
0.0
0.0
0.0
0.0
0.0
0.0
0.0
0.0
0.0
0.0
0.0
0.011764706
0.043137256
0.078431375
0.09411765
0.105882354
0.14509805
0.03137255
0.09411765
0.20392157
0.17254902
0.02745098
0.039215688
0.09019608
0.30588236
0.39215687
0.44313726
0.4745098
-0.34901962
-0.1254902
-0.13725491
-0.07058824
-0.08235294
-0.07450981
-0.101960786
-0.2509804
-0.47843137
-0.4392157
-0.4117647
0.06666667
0.4627451
-0.32941177
0.27058825
0.003921569
0.05490196
0.078431375
-0.3764706
0.40784314
0.07058824
-0.18431373
-0.003921569
-0.003921569
-0.003921569
-0.050980393
-0.003921569
-0.003921569
-0.003921569
-0.003921569
-0.15686275
-0.003921569
0.42745098
0.44705883
0.4745098
-0.47843137
-0.49411765
0.46666667
0.45490196
0.49019608
-0.45882353
-0.45882353
0.4509804
0.32941177
0.49019608
0.32941177
0.22352941
0.27450982
0.31764707
0.30588236
0.4392157
0.043137256
0.043137256
0.043137256
0.043137256
0.043137256
0.09803922
0.06666667
0.003921569
0.015686275
0.050980393
0.14117648
0.17254902
-0.40784314
-0.40784314
-0.40784314
0.09803922
0.09803922
0.0
0.09803922
0.09803922
0.09803922
0.09803922
0.09411765
0.3137255
0.05882353
0.043137256
0.078431375
0.078431375
0.08235294
0.08235294
0.08235294
0.09803922
0.09803922
0.09803922
0.09803922
0.09803922
0.09803922
0.09803922
0.05490196
0.05490196
0.3372549
-0.39607844
-0.28627452
-0.34901962
-0.4509804
0.38039216
0.35686275
-0.34901962
-0.34901962
-0.48235294
-0.48235294
-0.18039216
0.45882353
0.36862746
-0.26666668
-0.49803922
0.44705883
0.43529412
0.43529412
0.0
0.0
0.0
0.0
0.0
0.0
0.0
0.0
0.0
0.0
0.0
0.0
0.0
0.0
0.0
0.0
0.0
0.0
0.0
0.0
0.0
0.0
0.0
0.0
0.0
0.0
0.0
0.0
0.0
0.0
0.0
0.0
0.0
0.011764706
0.039215688
0.07450981
0.09019608
0.09803922
0.050980393
0.0627451
0.27450982
0.3372549
0.08235294
0.07450981
0.17254902
0.23529412
0.41960785
-0.3647059
-0.40784314
-0.38431373
-0.3372549
-0.30588236
-0.19215687
-0.21176471
-0.10980392
-0.101960786
-0.10980392
-0.32156864
-0.4
-0.16078432
-0.30980393
0.49411765
-0.4
-0.29411766
0.023529412
0.007843138
0.0
0.06666667
0.06666667
0.44313726
-0.26666668
-0.15294118
-0.003921569
-0.003921569
-0.003921569
-0.003921569
-0.003921569
-0.12941177
-0.003921569
-0.003921569
-0.14509805
0.015686275
0.42352942
0.43529412
-0.5019608
-0.41960785
-0.41960785
-0.47843137
0.49019608
0.49803922
-0.46666667
-0.47058824
0.44313726
0.33333334
0.25490198
0.23137255
0.25490198
0.32156864
0.3882353
0.39215687
0.3137255
0.2
0.043137256
0.043137256
0.0627451
0.0627451
0.11764706
0.09803922
0.011764706
0.05882353
0.09019608
0.3647059
0.3647059
0.22745098
-0.40784314
-0.40784314
-0.40784314
0.0
0.003921569
0.09803922
0.09803922
0.09803922
0.09803922
0.36862746
0.0627451
0.45882353
0.047058824
0.078431375
0.078431375
0.03137255
0.078431375
0.09803922
0.09803922
0.09803922
0.08627451
-0.003921569
-0.003921569
0.06666667
0.06666667
0.09803922
0.05490196
0.09803922
-0.5019608
-0.49411765
0.41960785
0.4117647
0.40392157
-0.1882353
-0.34901962
-0.34901962
-0.48235294
-0.18039216
-0.18039216
-0.18039216
-0.26666668
-0.26666668
-0.49803922
0.44705883
0.43529412
0.43529412
-0.49803922
-0.49803922
-0.49803922
0.0
0.0
0.0
0.0
0.0
0.0
0.0
0.0
0.0
0.0
0.0
0.0
0.0
0.0
0.0
0.0
0.0
0.0
0.0
0.0
0.0
0.0
0.0
0.0
0.0
0.0
0.0
0.0
0.0
0.0
0.007843138
0.02745098
0.015686275
0.019607844
0.03137255
0.09019608
0.2627451
0.40392157
0.39215687
0.20392157
0.09411765
0.33333334
0.35686275
-0.4509804
-0.29803923
-0.32156864
-0.25490198
-0.32941177
-0.2627451
-0.12156863
-0.043137256
-0.047058824
-0.003921569
0.21568628
-0.4745098
0.42352942
0.06666667
-0.41960785
0.45490196
0.39607844
0.41960785
0.011764706
0.0
0.0
0.06666667
0.06666667
-0.3137255
0.09019608
-0.35686275
-0.19215687
-0.003921569
-0.003921569
-0.003921569
-0.003921569
-0.003921569
-0.003921569
-0.003921569
-0.21960784
0.30980393
0.48235294
0.41568628
-0.45882353
-0.33333334
-0.29803923
-0.38431373
-0.4862745
0.45882353
0.43529412
0.41568628
0.36862746
0.29411766
0.49019608
0.3137255
0.25490198
0.3254902
0.40784314
0.44313726
0.3882353
-0.39215687
0.11372549
0.047058824
0.0627451
0.0627451
0.0627451
0.09803922
0.05882353
0.05882353
0.08627451
0.03529412
0.29803923
0.3647059
0.21568628
-0.40784314
-0.40784314
0.02745098
0.015686275
0.09803922
0.09803922
0.09803922
0.09803922
0.09803922
0.0627451
0.36862746
0.02745098
0.043137256
0.078431375
0.03137255
0.078431375
0.023529412
0.09803922
0.09803922
0.08627451
0.08627451
0.09803922
0.06666667
0.06666667
0.09803922
0.05490196
0.38431373
0.41960785
0.09803922
0.09803922
-0.003921569
-0.003921569
-0.34901962
-0.34901962
-0.34901962
-0.18039216
-0.18039216
-0.18039216
-0.11764706
-0.11764706
-0.24705882
-0.24313726
-0.3019608
0.43529412
-0.49803922
-0.49803922
-0.49803922
-0.49803922
0.0
0.0
0.0
0.0
0.0
0.0
0.0
0.0
0.0
0.0
0.0
0.0
0.0
0.0
0.0
0.0
0.0
0.0
0.0
0.0
0.0
0.0
0.0
0.0
0.0
0.0
0.0
0.0
0.0
0.003921569
0.0
0.0
0.003921569
0.007843138
0.17254902
0.32941177
0.4627451
0.47843137
0.3647059
0.23529412
0.011764706
0.39607844
-0.42352942
-0.38431373
-0.4509804
-0.4
-0.43137255
0.49019608
-0.4509804
-0.25490198
-0.13333334
-0.27058825
-0.34509805
-0.5019608
0.4
0.21568628
0.09803922
0.05490196
0.03137255
0.050980393
0.050980393
0.0
0.039215688
0.0
0.09019608
-0.07058824
-0.05882353
0.44313726
-0.30980393
-0.07450981
-0.003921569
-0.003921569
-0.003921569
-0.003921569
-0.003921569
-0.003921569
-0.003921569
-0.25490198
-0.42745098
0.019607844
0.4745098
-0.36862746
-0.18039216
-0.09411765
-0.16470589
-0.36862746
0.49803922
0.38431373
-0.1764706
-0.45882353
0.3137255
0.3137255
0.3137255
0.32156864
0.3019608
0.3764706
0.44705883
0.44705883
-0.39215687
0.35686275
0.047058824
0.09411765
0.09411765
0.09411765
0.08627451
0.05882353
0.05882353
0.050980393
0.15294118
-0.3019608
-0.3019608
0.22745098
-0.40784314
-0.40784314
0.039215688
0.09803922
0.09803922
0.09803922
0.09803922
0.09803922
0.09803922
0.08627451
0.0627451
0.047058824
0.011764706
0.023529412
0.03137255
0.03137255
0.023529412
0.003921569
0.09803922
0.09803922
-0.1254902
0.08627451
0.06666667
0.06666667
0.06666667
0.05490196
0.48235294
0.37254903
0.0627451
-0.003921569
-0.003921569
-0.003921569
-0.34901962
-0.34901962
-0.34901962
-0.18039216
0.3764706
0.34901962
-0.11764706
-0.18431373
-0.18431373
0.09803922
-0.3019608
0.43529412
0.43529412
-0.49803922
-0.49803922
-0.49803922
0.0
0.0
0.0
0.0
0.0
0.0
0.0
0.0
0.0
0.0
0.0
0.0
0.0
0.0
0.0
0.0
0.0
0.0
0.0
0.0
0.0
0.0
0.0
0.0
0.0
0.0
0.0
0.0
0.011764706
0.043137256
0.007843138
0.015686275
0.023529412
0.05490196
0.05490196
0.05882353
-0.44705883
-0.5019608
0.4117647
0.3764706
0.37254903
0.49803922
-0.23529412
-0.23529412
-0.4392157
-0.40784314
-0.38431373
-0.18039216
0.30588236
-0.40392157
-0.2901961
0.0627451
0.0627451
0.0627451
0.0627451
0.09803922
0.09803922
0.22745098
-0.30588236
-0.49411765
0.4
0.050980393
0.05490196
0.0
0.09019608
-0.07058824
-0.14117648
-0.30980393
-0.25490198
-0.007843138
-0.003921569
-0.003921569
-0.003921569
-0.003921569
0.4627451
-0.003921569
-0.003921569
-0.02745098
-0.36862746
0.4392157
-0.34117648
-0.17254902
-0.003921569
-0.003921569
-0.003921569
-0.003921569
-0.1254902
-0.46666667
-0.45882353
-0.45882353
0.12941177
0.3137255
-0.27450982
0.2
0.25882354
0.32156864
0.39215687
0.41960785
-0.39215687
0.35686275
0.35686275
0.09411765
0.09411765
0.09411765
0.08627451
0.08627451
0.05882353
0.043137256
0.043137256
0.3882353
0.3882353
0.3882353
0.12156863
-0.40784314
0.09803922
0.09803922
0.09803922
0.09803922
0.34901962
0.09803922
0.08627451
0.003921569
0.003921569
0.003921569
0.019607844
0.047058824
0.03137255
0.03137255
0.023529412
0.003921569
0.003921569
0.03529412
0.039215688
0.047058824
0.05490196
0.0627451
0.05490196
0.0627451
0.34901962
0.3372549
0.0627451
0.0627451
0.0627451
-0.003921569
-0.003921569
-0.003921569
-0.003921569
-0.18039216
-0.41960785
-0.44313726
0.36078432
-0.18431373
-0.18431373
-0.003921569
-0.3019608
-0.2
0.4117647
0.4117647
-0.49803922
-0.49803922
0.0
0.0
0.0
0.0
0.0
0.0
0.0
0.0
0.0
0.0
0.0
0.0
0.0
0.0
0.0
0.0
0.0
0.0
0.0
0.0
0.0
0.0
0.0
0.0
0.0
0.0
0.0
0.0
0.003921569
0.105882354
0.19607843
0.35686275
0.39215687
0.43529412
0.4
0.48235294
-0.43137255
-0.35686275
-0.29803923
-0.39607844
0.0627451
0.07450981
-0.15294118
-0.12941177
-0.20392157
-0.24705882
0.0627451
0.0627451
0.08235294
0.08235294
0.08235294
-0.05490196
-0.2
-0.21568628
0.3647059
0.09803922
0.09803922
0.09803922
0.011764706
0.03137255
0.050980393
0.050980393
0.03529412
0.09019608
0.41960785
-0.07058824
-0.2
0.09019608
-0.23921569
-0.21176471
-0.003921569
-0.003921569
-0.003921569
-0.003921569
0.4627451
-0.003921569
-0.003921569
-0.003921569
-0.29411766
-0.22352941
-0.3137255
-0.03137255
-0.003921569
-0.003921569
-0.003921569
-0.003921569
-0.003921569
-0.2901961
0.4392157
-0.45882353
0.3137255
0.06666667
0.06666667
0.16078432
0.20392157
0.25490198
0.34901962
0.36078432
0.29803923
0.32156864
0.4509804
0.45882353
0.4117647
0.39607844
0.09411765
0.08627451
0.08627451
0.043137256
0.043137256
0.3882353
0.3882353
0.3882353
0.08235294
-0.40784314
0.02745098
0.09803922
0.09803922
0.09803922
0.30980393
0.3254902
0.08627451
0.05490196
0.047058824
0.007843138
0.015686275
0.047058824
0.0
0.007843138
0.023529412
0.023529412
0.0
0.03529412
0.039215688
0.047058824
0.047058824
0.05490196
0.05490196
0.0627451
0.0627451
0.0627451
0.0627451
0.0627451
0.0627451
0.0627451
-0.003921569
-0.003921569
0.37254903
-0.4745098
-0.16862746
-0.08235294
-0.4627451
0.43529412
-0.18431373
-0.003921569
-0.003921569
-0.2
0.4117647
0.4117647
0.4117647
0.03137255
0.07450981
0.0
0.0
0.0
0.0
0.0
0.0
0.0
0.0
0.0
0.0
0.0
0.0
0.0
0.0
0.0
0.0
0.0
0.0
0.0
0.0
0.0
0.0
0.0
0.0
0.0
0.0
0.011764706
0.08627451
0.13333334
0.21960784
0.42352942
0.39215687
0.023529412
0.20784314
0.37254903
-0.38431373
-0.23529412
-0.25490198
-0.39607844
-0.19607843
-0.05882353
-0.2
-0.23921569
0.06666667
0.0627451
-0.32941177
-0.38039216
0.30980393
-0.4
-0.078431375
-0.27058825
0.02745098
0.015686275
0.09803922
0.09803922
0.09803922
0.09803922
0.02745098
0.11372549
0.015686275
0.06666667
0.003921569
0.09019608
0.3372549
-0.07058824
-0.30588236
0.05490196
-0.003921569
-0.21176471
-0.003921569
-0.003921569
-0.003921569
-0.18039216
0.4627451
-0.003921569
-0.003921569
-0.003921569
-0.21960784
0.38039216
-0.34117648
-0.039215688
-0.003921569
-0.003921569
-0.003921569
-0.003921569
-0.003921569
-0.039215688
-0.30588236
0.45882353
0.4
-0.30980393
0.06666667
0.17254902
0.17254902
0.20392157
0.32941177
0.08627451
0.3372549
-0.41960785
-0.21568628
-0.29411766
0.09411765
0.09411765
0.09411765
0.09411765
0.08627451
0.08627451
0.011764706
0.023529412
0.3882353
0.3882353
-0.40784314
-0.40784314
0.09803922
0.09803922
0.09803922
0.09803922
0.09803922
0.09803922
0.09803922
0.05490196
0.09019608
0.09019608
0.019607844
0.047058824
0.0
0.047058824
0.0
0.0
0.003921569
0.03529412
0.039215688
0.047058824
0.047058824
0.06666667
0.06666667
0.0627451
0.0627451
0.0627451
0.0627451
0.050980393
0.0627451
0.0627451
0.09803922
0.09803922
0.4862745
-0.16470589
-0.003921569
-0.12941177
-0.2509804
0.45882353
0.43529412
-0.1764706
-0.41960785
0.40392157
0.40392157
0.4117647
0.40392157
0.023529412
0.08627451
-0.4745098
-0.4745098
-0.4745098
0.0
0.0
0.0
0.0
0.0
0.0
0.0
0.0
0.0
0.0
0.0
0.0
0.0
0.0
0.0
0.0
0.0
0.0
0.0
0.0
0.0
0.0
0.0
0.0
0.007843138
0.11372549
0.14117648
0.3019608
0.36862746
0.29411766
0.3137255
-0.48235294
-0.32156864
-0.42352942
0.49803922
-0.44705883
-0.24313726
-0.27058825
-0.41568628
-0.39215687
-0.3137255
-0.47843137
0.043137256
0.08235294
0.0
0.003921569
0.08235294
0.08235294
0.48235294
-0.2627451
-0.16470589
-0.3882353
0.36862746
-0.003921569
0.08627451
0.043137256
0.1764706
0.07058824
0.019607844
0.08235294
0.3372549
-0.07058824
-0.43137255
0.09803922
-0.003921569
-0.4117647
0.09019608
-0.29411766
-0.007843138
-0.42745098
-0.27450982
-0.003921569
-0.003921569
-0.003921569
-0.15686275
-0.37254903
-0.3254902
-0.07058824
-0.003921569
-0.003921569
-0.003921569
-0.003921569
-0.003921569
-0.003921569
-0.07058824
-0.22745098
-0.36862746
-0.45882353
0.4392157
0.3764706
-0.09803922
0.09019608
0.015686275
0.08627451
0.31764707
-0.4117647
-0.3254902
-0.36078432
0.3882353
0.09411765
0.09411765
0.09411765
0.0
0.015686275
0.050980393
0.047058824
-0.08627451
-0.08627451
0.03529412
0.09803922
0.09803922
0.09803922
0.09803922
0.09803922
0.06666667
0.09803922
0.09803922
0.09019608
0.09019608
0.09019608
0.03529412
0.03529412
0.03137255
0.0
0.0
0.039215688
0.09803922
0.09803922
0.06666667
0.06666667
0.06666667
0.06666667
0.06666667
0.37254903
0.0627451
0.0627451
0.050980393
0.050980393
0.0627451
0.0627451
0.09803922
0.40392157
-0.46666667
-0.003921569
-0.003921569
-0.13725491
-0.32941177
-0.4862745
-0.4117647
0.47058824
0.05490196
-0.41960785
-0.41960785
-0.41960785
0.0
0.0
0.007843138
-0.4745098
-0.4745098
-0.4745098
-0.4745098
0.0
0.0
0.0
0.0
0.0
0.0
0.0
0.0
0.0
0.0
0.0
0.0
0.0
0.0
0.0
0.0
0.0
0.0
0.0
0.0
0.0
0.0
0.043137256
0.08627451
0.08627451
0.09411765
0.007843138
0.03137255
0.039215688
0.011764706
-0.44705883
-0.42745098
0.39215687
0.35686275
-0.44313726
0.043137256
0.07058824
0.4392157
0.003921569
-0.34901962
0.043137256
0.08235294
0.08235294
0.42745098
-0.36862746
-0.21960784
-0.003921569
-0.003921569
-0.003921569
-0.003921569
-0.003921569
-0.1764706
0.34117648
0.09803922
0.07450981
0.19607843
0.12156863
0.050980393
0.050980393
0.08235294
0.02745098
0.09803922
0.09803922
-0.3019608
-0.22352941
-0.22352941
-0.08235294
0.09019608
0.3764706
-0.05882353
-0.003921569
-0.003921569
-0.003921569
-0.20392157
-0.34901962
-0.30980393
-0.05490196
-0.003921569
-0.003921569
-0.003921569
-0.003921569
-0.003921569
-0.003921569
-0.003921569
-0.13333334
-0.2627451
-0.34901962
-0.33333334
-0.40784314
0.39607844
-0.06666667
0.08627451
0.08627451
0.34509805
-0.39215687
-0.31764707
-0.49019608
0.40784314
0.09411765
0.09411765
0.09803922
0.0
0.0
0.03529412
0.043137256
-0.08627451
-0.08627451
-0.08627451
-0.14509805
0.09803922
0.09803922
0.09803922
0.09803922
0.09803922
0.09803922
0.09019608
0.09019608
0.09019608
0.09019608
0.007843138
0.07450981
0.07450981
0.003921569
0.0
-0.003921569
0.09803922
0.09803922
0.09803922
0.06666667
0.05882353
0.06666667
0.06666667
0.0627451
0.0627451
0.0627451
0.050980393
0.050980393
0.0627451
0.0627451
0.09803922
0.44313726
0.07450981
-0.2
-0.003921569
-0.13333334
-0.050980393
-0.2784314
-0.39607844
0.45490196
0.05490196
-0.43529412
-0.43529412
0.0
0.0
0.0
0.0
-0.4745098
-0.4745098
-0.4745098
-0.4745098
0.0
0.0
0.0
0.0
0.0
0.0
0.0
0.0
0.0
0.0
0.0
0.0
0.0
0.0
0.0
0.0
0.0
0.0
0.0
0.0
0.0
0.0
0.003921569
0.007843138
0.007843138
0.1254902
0.1882353
0.33333334
0.4
0.3137255
0.46666667
0.4117647
0.39215687
0.043137256
0.043137256
-0.4745098
0.4745098
0.4509804
0.42745098
0.45490196
0.45490196
0.38039216
-0.17254902
-0.25490198
-0.003921569
-0.003921569
-0.003921569
-0.003921569
-0.003921569
-0.003921569
-0.003921569
-0.003921569
0.41568628
0.09803922
0.16862746
0.09803922
-0.49019608
0.050980393
0.050980393
0.050980393
0.09803922
0.44313726
-0.15294118
-0.21568628
-0.043137256
-0.22745098
-0.39215687
-0.3764706
0.09803922
0.49411765
-0.003921569
-0.003921569
-0.003921569
-0.1764706
-0.31764707
-0.2627451
-0.019607844
-0.003921569
-0.08627451
-0.003921569
-0.003921569
-0.003921569
-0.003921569
-0.003921569
-0.050980393
-0.27450982
-0.34117648
-0.32156864
-0.39607844
0.30980393
0.33333334
0.039215688
0.039215688
0.3137255
-0.4862745
-0.22745098
-0.28235295
0.36078432
0.09803922
0.09803922
0.0
0.0
0.07450981
-0.08627451
-0.08627451
-0.08627451
-0.08627451
-0.08627451
-0.14509805
0.08235294
0.0627451
0.007843138
0.07058824
0.007843138
0.09803922
0.09803922
0.09019608
0.08235294
0.07058824
0.07058824
0.07450981
0.07450981
0.003921569
0.0
0.09803922
0.09803922
0.09803922
0.09803922
0.05882353
0.09803922
0.09803922
0.05490196
0.0627451
0.0627451
0.0627451
0.050980393
0.0627451
0.0627451
0.0627451
0.09803922
0.36862746
-0.25882354
0.47843137
-0.003921569
-0.003921569
-0.16078432
-0.2
-0.5019608
0.38039216
0.05490196
-0.43529412
-0.43529412
-0.43529412
0.043137256
0.15294118
0.0
0.0
0.0
-0.4745098
0.0
0.0
0.0
0.0
0.0
0.0
0.0
0.0
0.0
0.0
0.0
0.0
0.0
0.0
0.0
0.0
0.0
0.0
0.0
0.0
0.0
0.0
0.015686275
0.07058824
0.08627451
0.078431375
0.10980392
0.015686275
0.3254902
0.2901961
0.2784314
0.3019608
0.19215687
0.26666668
0.3372549
0.3529412
0.40392157
0.42352942
0.41568628
0.42745098
0.3882353
0.43529412
-0.42745098
-0.45490196
-0.14901961
-0.003921569
-0.003921569
-0.003921569
-0.003921569
-0.003921569
-0.003921569
-0.003921569
-0.003921569
-0.28627452
-0.42745098
0.45490196
0.11764706
-0.49019608
0.050980393
0.050980393
0.050980393
0.37254903
-0.27450982
-0.12156863
-0.09411765
-0.003921569
-0.11372549
-0.39607844
-0.37254903
0.0627451
0.078431375
-0.13333334
-0.003921569
-0.003921569
-0.019607844
-0.27058825
-0.21568628
-0.03137255
-0.007843138
-0.36862746
-0.40392157
-0.003921569
-0.20784314
-0.2901961
-0.101960786
-0.003921569
-0.11372549
-0.23529412
-0.03529412
-0.2509804
0.46666667
0.4117647
0.3137255
0.4117647
0.3019608
-0.43529412
-0.16078432
-0.32156864
0.31764707
0.30588236
0.09803922
0.09803922
0.07450981
0.0
0.0
-0.08627451
-0.08627451
-0.08627451
0.3019608
-0.003921569
0.09803922
0.09803922
0.09803922
0.011764706
0.02745098
0.011764706
0.007843138
0.09803922
0.08235294
0.07058824
0.07058824
0.07450981
0.09803922
0.003921569
0.0
0.09803922
0.09803922
0.09803922
0.09803922
0.05882353
0.09803922
-0.23529412
-0.23529412
0.0627451
0.0627451
0.0627451
0.0627451
0.0627451
0.0627451
0.0627451
0.37254903
0.40392157
0.09803922
0.09803922
-0.003921569
-0.015686275
-0.14117648
-0.2
0.38431373
0.32941177
0.37254903
-0.43529412
-0.43529412
-0.43529412
0.11764706
0.15294118
0.0
0.0
0.0
0.0
0.0
0.0
0.0
0.0
0.0
0.0
0.0
0.0
0.0
0.0
0.0
0.0
0.0
0.0
0.0
colors
0.5868676 0.76251614 0.86402357
0.59628713 0.7636372 0.86794513
0.59628713 0.7636372 0.86794513
0.59628713 0.7636372 0.86794513
0.59236556 0.7597156 0.86402357
0.5672597 0.7429083 0.8444157
0.5437303 0.7180293 0.82783526
0.4849068 0.6578562 0.7759608
0.39628714 0.5609381 0.68184316
0.34922826 0.51387924 0.63478434
0.3453067 0.5099577 0.6308628
0.35080475 0.50715715 0.6308628
0.34688318 0.501886 0.63389015
0.35238117 0.49773595 0.6408391
0.35630274 0.50165755 0.64476067
0.35395756 0.4896643 0.64386666
0.36337712 0.4894358 0.6547373
0.355534 0.48159266 0.64689416
0.3610321 0.4774425 0.6538432
0.36495367 0.48001453 0.66471374
0.3492674 0.46432826 0.64902747
0.35868692 0.46409976 0.659898
0.36418492 0.4612992 0.659898
0.38144767 0.4689138 0.67861176
0.39478877 0.4739564 0.6864549
0.41205144 0.48427016 0.69127053
0.421471 0.4853912 0.6951921
0.4207023 0.47612268 0.6417333
0.4607258 0.50474596 0.59577256
0.48191008 0.52302986 0.58366275
0.44423175 0.5158467 0.58187455
0.28413808 0.44049048 0.5641961
0.16087587 0.43516004 0.60534114
0.20078218 0.56655157 0.75291765
0.27686846 0.63568884 0.81655693
0.3145077 0.6816266 0.8596941
0.21250787 0.6143718 0.81992936
0.21016276 0.6050776 0.80513716
0.44326788 0.6855061 0.8116
0.5860598 0.78660405 0.87970984
0.5978245 0.7983688 0.89147455
0.5617227 0.7844634 0.8857647
0.26740983 0.66927373 0.8748313
0.16148841 0.5994469 0.82419604
0.16540998 0.6033684 0.8281176
0.15364528 0.5902542 0.823302
0.14972371 0.5863326 0.8193804
0.15522173 0.5835321 0.8193804
0.15679818 0.57680994 0.81545883
0.16229615 0.5740094 0.81545883
0.16544902 0.56056523 0.8076157
0.18744105 0.5507126 0.80066663
0.19609192 0.5344678 0.7928235
0.21497011 0.49795526 0.75931776
0.22285229 0.46704382 0.7258117
0.23938535 0.4198876 0.68446267
0.25434196 0.38080305 0.6400863
0.27006727 0.36043385 0.6005254
0.31874153 0.37551144 0.53282356
0.35565117 0.3801739 0.44640782
0.3415413 0.35911506 0.41985095
0.18932976 0.25824562 0.34087056
0.12343179 0.20624566 0.2998667
0.12343179 0.20624566 0.2998667
0.12577695 0.21553978 0.3146588
0.14772995 0.24444173 0.3490588
0.17202806 0.28263786 0.39825094
0.22143203 0.34034032 0.4531529
0.27241242 0.3913207 0.5041333
0.32731438 0.44757223 0.55208623
0.36968297 0.47604278 0.56956077
0.35088277 0.43639573 0.51341957
0.3108984 0.38251334 0.44854122
0.29521212 0.36682707 0.43285495
0.28971416 0.3682781 0.4398039
0.28813767 0.3750002 0.44372547
0.24580821 0.3104741 0.37100396
0.21993364 0.2776506 0.33268234
0.20816894 0.26723543 0.3139686
0.19640422 0.2554707 0.3022039
0.18463951 0.243706 0.2904392
0.19248265 0.25154912 0.29828233
0.4270081 0.46947747 0.5218117
0.28894547 0.3522618 0.42109025
0.1628037 0.10258888 0.11114507
0.27660728 0.14690247 0.10047847
0.44288957 0.30758536 0.2473647
0.5377759 0.41771924 0.3601961
0.55188566 0.43742856 0.39370194
0.5244347 0.40997759 0.36625096
0.5205131 0.40605602 0.3623294
0.54012096 0.42566386 0.38193724
0.51267 0.39821288 0.35448626
0.5267799 0.42197078 0.36714512
0.52835625 0.4152487 0.36322355
0.52835625 0.41659823 0.35627455
0.48679549 0.36673886 0.30921572
0.47503078 0.35497415 0.29745102
0.48287392 0.3628173 0.30529416
0.49463862 0.374582 0.31705886
0.4711092 0.35105258 0.29352945
0.47895235 0.35889572 0.3013726
0.48679549 0.36538932 0.31616473
0.47895235 0.35754618 0.3083216
0.48129743 0.36818987 0.31616473
0.48129743 0.36818987 0.31616473
0.42797196 0.30521625 0.26429018
0.46326607 0.34051037 0.2995843
0.43189353 0.30913782 0.26821175
0.45150137 0.32874566 0.2878196
0.4475798 0.3248241 0.28389803
0.44365823 0.32090253 0.27997646
0.45542294 0.33266723 0.29174116
0.45542294 0.33266723 0.29174116
0.47737586 0.3642683 0.31224316
0.49306214 0.37995458 0.32792944
0.5009053 0.3877977 0.33577257
0.49463862 0.37323245 0.32400787
0.49071705 0.3693109 0.3200863
0.5001367 0.37043187 0.32400787
0.4844504 0.3547456 0.3083216
0.50248176 0.3810756 0.331851
0.51893675 0.4127781 0.36625096
0.56207395 0.4572649 0.40243924
0.5307014 0.42589235 0.3710667
0.5150151 0.41020608 0.35538042
0.53854454 0.43238595 0.3858588
0.5463877 0.44157863 0.38675296
0.5307014 0.42589235 0.3710667
0.52912503 0.43261445 0.37498826
0.54088974 0.4430296 0.39370194
0.5307014 0.4245428 0.37801567
0.51343876 0.41557863 0.36625096
0.56284267 0.47193158 0.42810193
0.54950154 0.46688902 0.4202588
0.5416584 0.4590459 0.41241565
0.5596899 0.48402628 0.4428942
0.540082 0.46306887 0.43023533
0.53381526 0.4485036 0.41847062
0.5416584 0.45769632 0.41936475
0.5502703 0.48290524 0.4389726
0.5659566 0.49724194 0.4616079
0.562035 0.49466994 0.45073733
0.5518467 0.47618315 0.43505102
0.51028585 0.42767334 0.3810431
0.5259721 0.44201005 0.40367848
0.52205056 0.43943805 0.3928078
0.518129 0.4341669 0.39583534
0.53223884 0.45657527 0.41544318
0.53223884 0.45657527 0.41544318
0.540082 0.4644184 0.42328632
0.52047414 0.44616014 0.39672938
0.54400355 0.46968955 0.4202588
0.5479251 0.4736111 0.42418036
0.540082 0.46711752 0.4093882
0.5534231 0.4721601 0.41723135
0.55107796 0.46286598 0.40243924
0.56441915 0.4679086 0.41028237
0.5330466 0.436536 0.37890983
0.54088974 0.44437915 0.38675296
0.5947107 0.7703593 0.8718667
0.60255384 0.7782024 0.87970984
0.610397 0.78604555 0.887553
0.610397 0.7873951 0.8806039
0.615895 0.783245 0.887553
0.5947107 0.7703593 0.8718667
0.5672597 0.7429083 0.8444157
0.50451463 0.67881364 0.7886196
0.40647542 0.5807744 0.69058037
0.3453067 0.51130724 0.6239137
0.34138513 0.5073857 0.61999214
0.3453067 0.51130724 0.6239137
0.3453067 0.51130724 0.6239137
0.3453067 0.51130724 0.6239137
0.34138513 0.5060361 0.6269412
0.35080475 0.50715715 0.6308628
0.35080475 0.50715715 0.6308628
0.33904004 0.49404287 0.626047
0.34688318 0.501886 0.63389015
0.35630274 0.50165755 0.64476067
0.34061646 0.48597124 0.6290744
0.35395756 0.4896643 0.64386666
0.35945556 0.48551422 0.6508157
0.36495367 0.48271364 0.6508157
0.3861379 0.4955994 0.666502
0.42693004 0.52944255 0.69484705
0.43634963 0.53056353 0.6987686
0.421471 0.49753714 0.632651
0.4607258 0.5060955 0.58882356
0.47406694 0.5165363 0.5688706
0.4458082 0.5091246 0.577953
0.2857145 0.43511793 0.5533255
0.16087587 0.43516004 0.60534114
0.20078218 0.56655157 0.75291765
0.28079003 0.6396104 0.82047844
0.30508813 0.679156 0.86272156
0.20466474 0.60652864 0.8120862
0.20231962 0.5972345 0.797294
0.44876587 0.68405515 0.80465096
0.5782167 0.7787609 0.8718667
0.5860598 0.78660405 0.87970984
0.549958 0.7726987 0.8740001
0.2595667 0.66278017 0.8600391
0.15756685 0.59552526 0.8202745
0.15364528 0.59160376 0.8163529
0.14972371 0.5863326 0.8193804
0.15364528 0.5902542 0.823302
0.14188057 0.5784895 0.81153727
0.14188057 0.5784895 0.81153727
0.14188057 0.5784895 0.81153727
0.1473786 0.57568896 0.81153727
0.14111191 0.56112367 0.79977256
0.1521079 0.5555226 0.79977256
0.16702548 0.5538431 0.8036941
0.16860193 0.5484705 0.7928235
0.16233519 0.53525484 0.77410984
0.17256251 0.5136375 0.7553961
0.19770743 0.4916902 0.73365486
0.24957362 0.4478213 0.65150577
0.34857672 0.38699746 0.4642275
0.33212176 0.35799402 0.41592938
0.20267096 0.26328823 0.3487137
0.12735336 0.21016723 0.30378827
0.12343179 0.20624566 0.2998667
0.12969851 0.21946135 0.31858036
0.14772995 0.24444173 0.3490588
0.17045164 0.28935996 0.4021725
0.22143203 0.34034032 0.4531529
0.27241242 0.3913207 0.5041333
0.3233928 0.44365066 0.54816467
0.3775261 0.4838859 0.5774039
0.35088277 0.4377453 0.50647056
0.3210867 0.40100014 0.4642275
0.30540043 0.38531387 0.44854122
0.30147886 0.3800428 0.4515686
0.30147886 0.3800428 0.4515686
0.2614945 0.32616037 0.38669023
0.22777678 0.28684327 0.33357644
0.21993364 0.27900013 0.3257333
0.20032579 0.25939226 0.30612546
0.18856108 0.24762757 0.29436076
0.19640422 0.2554707 0.3022039
0.4387728 0.48259172 0.5266274
0.2850239 0.34834024 0.41716868
0.17848997 0.11962469 0.11988239
0.2844504 0.15474561 0.10832161
0.44288957 0.30758536 0.2473647
0.5338543 0.41379768 0.35627455
0.55188566 0.4387781 0.38675296
0.5322778 0.41782072 0.3740941
0.5244347 0.40997759 0.36625096
0.54012096 0.42566386 0.38193724
0.51267 0.39821288 0.35448626
0.5322778 0.41917026 0.36714512
0.52835625 0.4152487 0.36322355
0.5322778 0.41917026 0.36714512
0.48679549 0.36538932 0.31616473
0.47895235 0.35754618 0.3083216
0.48679549 0.36673886 0.30921572
0.50248176 0.38242513 0.324902
0.48287392 0.36146775 0.31224316
0.49071705 0.3693109 0.3200863
0.49463862 0.37323245 0.32400787
0.49306214 0.37995458 0.32792944
0.4969837 0.38387614 0.331851
0.4969837 0.3825266 0.33879998
0.43816018 0.32370308 0.27997646
0.46561116 0.35115406 0.30742744
0.44600332 0.33154622 0.2878196
0.46561116 0.35115406 0.30742744
0.45776802 0.34331092 0.2995843
0.485219 0.3707619 0.32703528
0.48129743 0.36684033 0.3231137
0.46953273 0.35507563 0.311349
0.5087484 0.3942913 0.3505647
0.507172 0.40236294 0.34753728
0.51267 0.39956242 0.34753728
0.5087484 0.39564085 0.3436157
0.50248176 0.3810756 0.331851
0.5103249 0.38891873 0.33969414
0.49071705 0.36796135 0.32703528
0.51816803 0.39541233 0.35448626
0.5212819 0.42342177 0.3740941
0.5604976 0.46263745 0.41330978
0.54088974 0.4430296 0.39370194
0.5173603 0.4195002 0.37017253
0.5448113 0.44560164 0.40457252
0.53931326 0.4484022 0.40457252
0.5212819 0.42342177 0.3740941
0.5142074 0.4315949 0.38496467
0.5283173 0.4526537 0.4115216
0.518129 0.4341669 0.39583534
0.49852115 0.41455907 0.3762275
0.54400355 0.46699044 0.4341569
0.5306625 0.46194783 0.42631376
0.5188978 0.45018312 0.41454905
0.5424272 0.47236297 0.44502747
0.5149762 0.444912 0.4175765
0.52047414 0.44346103 0.41062748
0.53223884 0.45522574 0.4223922
0.5408507 0.4790851 0.44894904
0.56045854 0.498693 0.46855694
0.5526154 0.49084985 0.4607138
0.5385056 0.46979097 0.4341569
0.5142074 0.43024534 0.39191377
0.51655257 0.440889 0.3997569
0.51028585 0.42632377 0.3879922
0.51028585 0.42632377 0.3879922
0.51655257 0.440889 0.3997569
0.52047414 0.44481057 0.40367848
0.53223884 0.45657527 0.41544318
0.5188978 0.45153266 0.40760005
0.53458405 0.46721894 0.42328632
0.53458405 0.46721894 0.42328632
0.53458405 0.4685685 0.41633722
0.53773683 0.45512432 0.40849409
0.53773683 0.45512432 0.40849409
0.55107796 0.46151644 0.4093882
0.5212819 0.42342177 0.3740941
0.54088974 0.4430296 0.39370194
0.5868676 0.76251614 0.86402357
0.5986323 0.77428085 0.8757883
0.6064754 0.78347355 0.87668234
0.615895 0.7845946 0.8806039
0.610397 0.7873951 0.8806039
0.5947107 0.7703593 0.8718667
0.56333816 0.73898673 0.84049416
0.5084362 0.6827352 0.79254115
0.41431856 0.58861756 0.6984235
0.33588716 0.51153576 0.6130432
0.33588716 0.51153576 0.6130432
0.33588716 0.51153576 0.6130432
0.33588716 0.51153576 0.6130432
0.333542 0.5008921 0.60520005
0.33746356 0.5048137 0.60912156
0.34138513 0.5073857 0.61999214
0.35080475 0.5085067 0.6239137
0.333542 0.49954256 0.612149
0.3453067 0.51130724 0.6239137
0.35314983 0.5191504 0.63175684
0.3453067 0.51130724 0.6239137
0.34688318 0.5032356 0.6269412
0.3547263 0.5110787 0.63478434
0.35238117 0.50043505 0.6269412
0.39317328 0.53292865 0.6622354
0.45357323 0.58637965 0.7101882
0.48260075 0.608458 0.7267687
0.46145546 0.5581672 0.66278434
0.4630709 0.51808876 0.5897177
0.47014537 0.5126147 0.56494904
0.4473846 0.503752 0.5670824
0.2857145 0.43511793 0.5533255
0.16087587 0.43516004 0.60534114
0.1733312 0.5391006 0.7254666
0.20547244 0.5864894 0.775553
0.21958235 0.60754824 0.8021098
0.1929 0.59611344 0.79337245
0.21173921 0.5997051 0.79426664
0.45268744 0.6879767 0.80857253
0.5742951 0.7748394 0.86794513
0.58371466 0.7759604 0.8718667
0.54211485 0.76485556 0.86615694
0.24388042 0.6470939 0.84435284
0.15364528 0.59295326 0.8094039
0.14972371 0.5876821 0.81243134
0.14188057 0.5784895 0.81153727
0.14580214 0.58241105 0.81545883
0.14188057 0.5784895 0.81153727
0.137959 0.5745679 0.8076157
0.14345703 0.57176733 0.8076157
0.13953546 0.5678458 0.8036941
0.13561389 0.5639242 0.79977256
0.13719034 0.5572021 0.795851
0.15368432 0.55015004 0.7889019
0.15683722 0.53805536 0.77410984
0.15683722 0.53805536 0.77410984
0.15291566 0.5341338 0.7701882
0.15999007 0.5246111 0.7662667
0.201629 0.49831086 0.72367835
0.33131403 0.37668374 0.45941174
0.33212176 0.35799402 0.41592938
0.2105141 0.27113137 0.35655683
0.13127492 0.21273926 0.3146588
0.13519649 0.21666083 0.31858036
0.13754165 0.22730449 0.3264235
0.15007511 0.2550854 0.35690194
0.17829478 0.2972031 0.41001564
0.22143203 0.34034032 0.4531529
0.2606477 0.379556 0.49236858
0.31947124 0.4397291 0.5442431
0.36810648 0.4827649 0.57348233
0.34930634 0.4417683 0.5242902
0.32892984 0.40884328 0.47207063
0.30540043 0.38531387 0.44854122
0.2975573 0.37747073 0.4406981
0.30147886 0.3813923 0.44461966
0.25365135 0.31831723 0.3788471
0.22777678 0.28684327 0.33357644
0.22385521 0.2829217 0.32965487
0.2120905 0.271157 0.31789017
0.18856108 0.24762757 0.29436076
0.18856108 0.24762757 0.29436076
0.43092966 0.47474858 0.5187843
0.29444343 0.3494613 0.42109025
0.18241154 0.12354626 0.12380396
0.28837198 0.15866718 0.112243176
0.4507327 0.3154285 0.25520784
0.5338543 0.41379768 0.35627455
0.56365037 0.4505428 0.39851767
0.5244347 0.40997759 0.36625096
0.5244347 0.40997759 0.36625096
0.5361994 0.4217423 0.37801567
0.51267 0.39821288 0.35448626
0.5244347 0.41132712 0.35930198
0.5361994 0.42309183 0.3710667
0.5244347 0.41132712 0.35930198
0.49071705 0.3693109 0.3200863
0.49071705 0.3693109 0.3200863
0.49463862 0.374582 0.31705886
0.51424646 0.3928403 0.3436157
0.49463862 0.37323245 0.32400787
0.5009053 0.3877977 0.33577257
0.50482684 0.39171928 0.33969414
0.5009053 0.38644817 0.34272155
0.5032505 0.39709184 0.3505647
0.507172 0.4010134 0.35448626
0.4499249 0.3354678 0.29174116
0.47579947 0.36964086 0.3231137
0.4601132 0.35395458 0.30742744
0.4836426 0.37613446 0.33790585
0.4836426 0.377484 0.33095685
0.507172 0.4010134 0.35448626
0.49932888 0.39317027 0.34664312
0.5032505 0.39709184 0.3505647
0.5150151 0.41020608 0.35538042
0.5307014 0.42589235 0.3710667
0.5307014 0.42589235 0.3710667
0.51893675 0.41412765 0.35930198
0.5087484 0.39564085 0.3436157
0.51267 0.39821288 0.35448626
0.4969837 0.3825266 0.33879998
0.5205131 0.40605602 0.3623294
0.5197054 0.42879435 0.38496467
0.56284267 0.47193158 0.42810193
0.5314701 0.44055906 0.39672938
0.5118623 0.42095122 0.37712154
0.5259721 0.44201005 0.40367848
0.5298937 0.4459316 0.40760005
0.51028585 0.42632377 0.3879922
0.50870943 0.43169633 0.39886278
0.52281934 0.45275512 0.42541963
0.52281934 0.45275512 0.42541963
0.4930232 0.41466048 0.3901255
0.5251644 0.4633988 0.43326277
0.52124286 0.45812774 0.43629017
0.5173213 0.45420617 0.4323686
0.529086 0.46732038 0.43718433
0.5149762 0.444912 0.4175765
0.52047414 0.44211146 0.4175765
0.5149762 0.444912 0.4175765
0.5408507 0.4790851 0.44894904
0.556537 0.49477142 0.46463537
0.5643801 0.50261456 0.4724785
0.5424272 0.47236297 0.44502747
0.512631 0.4356179 0.40278435
0.51655257 0.43953946 0.40670592
0.518129 0.4341669 0.39583534
0.5142074 0.43024534 0.39191377
0.52047414 0.44481057 0.40367848
0.50870943 0.43304586 0.39191377
0.51655257 0.440889 0.3997569
0.5188978 0.45153266 0.40760005
0.53692913 0.47786266 0.43112946
0.54477227 0.4857058 0.4389726
0.5424272 0.4750621 0.43112946
0.52047414 0.44481057 0.40367848
0.5361604 0.46049684 0.41936475
0.5432348 0.45232376 0.40849409
0.5118623 0.42230076 0.37017253
0.5369682 0.43910804 0.38978037
0.52804404 0.70234305 0.812149
0.5476519 0.7219509 0.83175683
0.56333816 0.73763716 0.8474431
0.57510287 0.75075144 0.85225886
0.5868676 0.76251614 0.86402357
0.582946 0.7585946 0.860102
0.5672597 0.7429083 0.8444157
0.51627934 0.69057834 0.8003843
0.41431856 0.58996713 0.69147456
0.33980873 0.51545733 0.6169647
0.3319656 0.5076142 0.60912156
0.32804403 0.5036926 0.60520005
0.32804403 0.50504214 0.5982509
0.3319656 0.5076142 0.60912156
0.32962042 0.49697053 0.6012784
0.32962042 0.49697053 0.6012784
0.33746356 0.5048137 0.60912156
0.32962042 0.49697053 0.6012784
0.34922826 0.5165784 0.6208863
0.3570714 0.5244215 0.62872946
0.32569885 0.49169943 0.60430586
0.31785572 0.48520583 0.5895138
0.333542 0.5008921 0.60520005
0.3429616 0.5020131 0.60912156
0.38217732 0.54122883 0.6483373
0.45826355 0.6117156 0.70502746
0.50063205 0.6388367 0.72945094
0.48733002 0.5950394 0.68025887
0.4748356 0.531203 0.5945334
0.47014537 0.5139643 0.55799997
0.45130616 0.50902313 0.56405485
0.29671046 0.43221596 0.5394274
0.1758325 0.397425 0.55401564
0.1765231 0.4882513 0.6693255
0.16706452 0.52453536 0.71370196
0.18117434 0.54559416 0.7402588
0.19293904 0.5587084 0.7450745
0.2235429 0.57406473 0.75773335
0.42992672 0.679114 0.810706
0.5452677 0.7514113 0.8583138
0.55311084 0.760604 0.8592078
0.506013 0.74960077 0.86739606
0.23761374 0.6338782 0.8256392
0.15522173 0.5862311 0.8054824
0.15130016 0.5823096 0.80156076
0.14580214 0.5837606 0.80850977
0.14188057 0.579839 0.8045882
0.1473786 0.57703847 0.8045882
0.14345703 0.57176733 0.8076157
0.13953546 0.5678458 0.8036941
0.13953546 0.56919533 0.79674506
0.13561389 0.5639242 0.79977256
0.14818633 0.55295056 0.7889019
0.17729181 0.49886936 0.7158352
0.15068765 0.4126245 0.610502
0.1490331 0.49280718 0.7179686
0.15291566 0.5341338 0.7701882
0.15057048 0.52483964 0.7553961
0.19770743 0.4943893 0.71975684
0.33131403 0.37668374 0.45941174
0.33212176 0.35799402 0.41592938
0.21443567 0.27505293 0.3604784
0.13127492 0.21273926 0.3146588
0.13911806 0.22193193 0.31555298
0.14146322 0.23122606 0.33034506
0.15399668 0.25900698 0.3608235
0.1916359 0.30224568 0.41785878
0.23319674 0.35210502 0.4649176
0.25280458 0.37171286 0.48452544
0.30378497 0.42404282 0.5285568
0.36026335 0.47492176 0.5656392
0.34380838 0.4445688 0.5242902
0.33677298 0.41668642 0.47991377
0.30697682 0.3799413 0.43767062
0.29129055 0.36425504 0.42198434
0.27952585 0.35249034 0.41021964
0.24346305 0.30118 0.35621175
0.21366698 0.2657844 0.3070196
0.21366698 0.2657844 0.3070196
0.20424737 0.2646634 0.30309802
0.18856108 0.24897712 0.28741175
0.19248265 0.25154912 0.29828233
0.44111794 0.49323538 0.53447056
0.2866003 0.3429677 0.40629807
0.1651488 0.11458212 0.11203925
0.2844504 0.15474561 0.10832161
0.45857584 0.32327163 0.26305097
0.52601117 0.40595454 0.3484314
0.55580723 0.44269967 0.39067453
0.51893675 0.4127781 0.36625096
0.52285826 0.41669968 0.37017253
0.5440425 0.42958543 0.3858588
0.51267 0.39821288 0.35448626
0.5322778 0.41917026 0.36714512
0.5322778 0.41917026 0.36714512
0.5244347 0.41267666 0.35235298
0.50248176 0.38242513 0.324902
0.50248176 0.3810756 0.331851
0.50248176 0.3810756 0.331851
0.51267 0.39956242 0.34753728
0.50482684 0.39171928 0.33969414
0.50482684 0.39171928 0.33969414
0.5110936 0.4062845 0.35145885
0.507172 0.4010134 0.35448626
0.51893675 0.4127781 0.36625096
0.51343876 0.41557863 0.36625096
0.4601132 0.35260504 0.31437644
0.49148574 0.3839776 0.345749
0.47972104 0.3722129 0.3339843
0.5032505 0.3957423 0.3575137
0.5032505 0.3957423 0.3575137
0.5110936 0.40358543 0.36535683
0.507172 0.39966387 0.36143526
0.51893675 0.41142857 0.37319997
0.52912503 0.4312649 0.38193724
0.5330466 0.43518648 0.3858588
0.5448113 0.44695118 0.3976235
0.5307014 0.4245428 0.37801567
0.52285826 0.41669968 0.37017253
0.5330466 0.43518648 0.3858588
0.5032505 0.3957423 0.3575137
0.5095172 0.41030753 0.3692784
0.52047414 0.44346103 0.41062748
0.5424272 0.47371253 0.43807846
0.51655257 0.43953946 0.40670592
0.49694476 0.41858205 0.39404708
0.51105464 0.44099042 0.41365492
0.51105464 0.44099042 0.41365492
0.49536833 0.42530414 0.39796865
0.49379188 0.43202627 0.40189022
0.5133997 0.4502846 0.42844704
0.5251644 0.4620493 0.44021174
0.48202717 0.41891205 0.3970745
0.5251644 0.4620493 0.44021174
0.52750957 0.47269297 0.44805488
0.523588 0.4687714 0.4441333
0.53143114 0.47661453 0.45197645
0.5188978 0.44883355 0.42149806
0.51105464 0.44099042 0.41365492
0.5149762 0.444912 0.4175765
0.54869384 0.48557872 0.46374118
0.55103904 0.49622238 0.47158432
0.56280375 0.50933665 0.47640008
0.5502703 0.4802061 0.4528706
0.512631 0.4356179 0.40278435
0.5008663 0.4238532 0.39101964
0.518129 0.4341669 0.39583534
0.51028585 0.42632377 0.3879922
0.518129 0.4341669 0.39583534
0.5024427 0.41848063 0.38014907
0.512631 0.43696743 0.39583534
0.5149762 0.4476111 0.40367848
0.5408507 0.48043466 0.44200003
0.56045854 0.5000425 0.4616079
0.5424272 0.4750621 0.43112946
0.52047414 0.44481057 0.40367848
0.54400355 0.46833998 0.4272079
0.53773683 0.45512432 0.40849409
0.5118623 0.42095122 0.37712154
0.52754855 0.43798703 0.3858588
0.39078915 0.56373864 0.68184316
0.41431856 0.587268 0.7053726
0.43784797 0.6107974 0.728902
0.4574558 0.6317548 0.74156076
0.47706366 0.65136266 0.7611686
0.49274993 0.66704893 0.7768549
0.50059307 0.67489207 0.784698
0.46922052 0.6435195 0.75332546
0.39236557 0.5597156 0.6640236
0.333542 0.5008921 0.60520005
0.32569885 0.49304897 0.5973569
0.32962042 0.49832007 0.59432936
0.32962042 0.49832007 0.59432936
0.32569885 0.4943985 0.5904078
0.32962042 0.49697053 0.6012784
0.32569885 0.49304897 0.5973569
0.333542 0.5008921 0.60520005
0.32177728 0.4891274 0.5934353
0.333542 0.5008921 0.60520005
0.33746356 0.5048137 0.60912156
0.29040474 0.45775485 0.56206274
0.28648317 0.45383328 0.55814123
0.32177728 0.4891274 0.5934353
0.33511847 0.49416995 0.6012784
0.37825575 0.5386568 0.63746667
0.45826355 0.6130652 0.6980784
0.5045536 0.64275825 0.73337257
0.48575357 0.6031111 0.67723143
0.46541607 0.5300819 0.5906118
0.47564334 0.5111638 0.55799997
0.45288265 0.502301 0.5601333
0.29202026 0.41227812 0.5167921
0.18060084 0.34255275 0.4800548
0.18290696 0.39060143 0.5361962
0.19151877 0.4144608 0.56275296
0.20797376 0.44616333 0.5971529
0.24169141 0.48683 0.6433177
0.2636444 0.5170815 0.6707686
0.3295424 0.56908154 0.7117726
0.38444436 0.625333 0.7597256
0.41973847 0.6606271 0.79501975
0.4095112 0.67954534 0.8276314
0.22823319 0.59265304 0.7873177
0.16544902 0.5659634 0.7798195
0.15995103 0.56741434 0.7867687
0.14503348 0.5677443 0.7897961
0.14503348 0.5677443 0.7897961
0.13719034 0.5599012 0.781953
0.13953546 0.56919533 0.79674506
0.13561389 0.56527376 0.7928235
0.13953546 0.56919533 0.79674506
0.13719034 0.55855167 0.7889019
0.14584118 0.54365647 0.77410984
0.17025645 0.47098696 0.67145884
0.08636607 0.35390246 0.5655765
0.13807613 0.4610032 0.6696706
0.15057048 0.52349013 0.7623451
0.15057048 0.52483964 0.7553961
0.2032054 0.49428788 0.7058588
0.3470003 0.39237002 0.475098
0.33212176 0.35664448 0.4228784
0.21285918 0.28177503 0.36439997
0.13754165 0.22730449 0.3264235
0.13362008 0.22473246 0.31555298
0.14146322 0.23122606 0.33034506
0.16341622 0.26012802 0.36474508
0.18771434 0.2983241 0.4139372
0.22927517 0.34818345 0.46099603
0.24103987 0.35994816 0.47276074
0.28575355 0.39906242 0.4980784
0.34457707 0.4592355 0.5499529
0.3398868 0.43929768 0.5273177
0.31166708 0.39852962 0.46725488
0.2834474 0.35776147 0.40719214
0.26307088 0.3221374 0.36887056
0.21366698 0.26443487 0.3139686
0.18779239 0.23296085 0.26869807
0.1776041 0.21447405 0.2530118
0.17994925 0.22511771 0.26085493
0.17994925 0.22511771 0.26085493
0.17994925 0.22511771 0.26085493
0.18463951 0.24505556 0.28349018
0.4270081 0.470827 0.5148627
0.29444343 0.35081083 0.4141412
0.17299193 0.12242526 0.11988239
0.27660728 0.14690247 0.10047847
0.45857584 0.32327163 0.26305097
0.52601117 0.40595454 0.3484314
0.5659956 0.4611865 0.4063608
0.52285826 0.41804922 0.36322355
0.5267799 0.42062125 0.3740941
0.53854454 0.43238595 0.3858588
0.5244347 0.40997759 0.36625096
0.52835625 0.4152487 0.36322355
0.5322778 0.4205198 0.3601961
0.5361994 0.42444137 0.36411768
0.5064033 0.3863467 0.32882357
0.5064033 0.38499716 0.33577257
0.50482684 0.39171928 0.33969414
0.5205131 0.40740556 0.35538042
0.5087484 0.39564085 0.3436157
0.51893675 0.41412765 0.35930198
0.51893675 0.41412765 0.35930198
0.51343876 0.41557863 0.36625096
0.5212819 0.42342177 0.3740941
0.5330466 0.43383694 0.3928078
0.46637994 0.36717027 0.32614115
0.5055956 0.40638596 0.36535683
0.48990935 0.39069968 0.34967056
0.49932888 0.39182073 0.35359213
0.5212819 0.42207223 0.3810431
0.5307014 0.42319328 0.38496467
0.5055956 0.40638596 0.36535683
0.5330466 0.43383694 0.3928078
0.5314701 0.44055906 0.39672938
0.5353917 0.44448063 0.40065095
0.5589211 0.46801 0.42418036
0.54088974 0.44168007 0.40065095
0.5197054 0.4274448 0.39191377
0.53931326 0.44705263 0.4115216
0.49225444 0.3999938 0.3644628
0.49852115 0.4132095 0.3831765
0.5133997 0.4516341 0.42149806
0.53692913 0.473814 0.45197645
0.5055566 0.44244146 0.4206039
0.4875252 0.4161115 0.3970745
0.501635 0.4385199 0.41668233
0.5133997 0.4502846 0.42844704
0.4898703 0.4281047 0.39796865
0.49771345 0.43459833 0.41276076
0.501635 0.4385199 0.41668233
0.52124286 0.45812774 0.43629017
0.48202717 0.41891205 0.3970745
0.529086 0.4646213 0.45108232
0.52750957 0.4713434 0.4550039
0.53143114 0.47526497 0.45892546
0.5353527 0.47918653 0.46284702
0.5149762 0.44356248 0.42452547
0.5149762 0.444912 0.4175765
0.51105464 0.44099042 0.41365492
0.54869384 0.48557872 0.46374118
0.556537 0.49342185 0.47158432
0.5549606 0.5014935 0.46855694
0.54634875 0.47628453 0.44894904
0.5142074 0.42889577 0.39886278
0.49852115 0.4132095 0.3831765
0.5063643 0.42105263 0.39101964
0.49852115 0.41455907 0.3762275
0.51028585 0.42632377 0.3879922
0.49852115 0.41455907 0.3762275
0.50478786 0.42777476 0.3949412
0.51105464 0.44234 0.40670592
0.54477227 0.48435622 0.4459216
0.56045854 0.5000425 0.4616079
0.53458405 0.46721894 0.42328632
0.52047414 0.44481057 0.40367848
0.5479251 0.47226158 0.43112946
0.5416584 0.4590459 0.41241565
0.51028585 0.42767334 0.3810431
0.5298937 0.44728118 0.40065095
0.28179294 0.42849725 0.5633019
0.28021652 0.43521935 0.5672235
0.2943263 0.4589773 0.5798824
0.306091 0.47074202 0.5916471
0.32962042 0.49427143 0.6151765
0.34138513 0.5060361 0.6269412
0.34922826 0.5152288 0.6278353
0.33746356 0.5034641 0.61607057
0.32177728 0.48777786 0.6003843
0.31158906 0.47064054 0.577749
0.31158906 0.47064054 0.577749
0.31001258 0.4773627 0.58167064
0.31001258 0.4773627 0.58167064
0.32335377 0.48240525 0.5895138
0.32335377 0.48240525 0.5895138
0.3194322 0.47983325 0.5786431
0.32177728 0.4891274 0.5934353
0.31001258 0.4773627 0.58167064
0.32727534 0.4863268 0.5934353
0.32727534 0.4863268 0.5934353
0.2959028 0.45495427 0.56206274
0.29982436 0.45887583 0.56598437
0.32335377 0.4837548 0.58256465
0.3311969 0.49159795 0.5904078
0.37983215 0.53328425 0.62659603
0.4637615 0.61026466 0.6980784
0.5045536 0.6441078 0.7264235
0.4912516 0.60031056 0.67723143
0.47091404 0.528631 0.58366275
0.46780017 0.5033206 0.55015683
0.45288265 0.502301 0.5601333
0.30693787 0.41194814 0.5137647
0.17983216 0.32923558 0.44744313
0.19394201 0.35164398 0.46705097
0.21747142 0.3751734 0.49058038
0.2566871 0.41573858 0.52284706
0.32100862 0.47176158 0.58167064
0.34688318 0.50458515 0.61999214
0.33746356 0.500765 0.6299686
0.30920488 0.49605238 0.6251528
0.29036576 0.49111122 0.6312079
0.27387172 0.49681374 0.6451059
0.22519745 0.49118298 0.66416466
0.20712698 0.50360763 0.6819844
0.18905652 0.5146827 0.70675296
0.17098609 0.5257578 0.7315215
0.15999007 0.5300093 0.7384705
0.15683722 0.5434536 0.74631363
0.15683722 0.5407545 0.7602117
0.15918234 0.55139816 0.76805484
0.14976275 0.54892755 0.7710824
0.14976275 0.54892755 0.7710824
0.14349607 0.5343623 0.75931776
0.14980179 0.51017296 0.7297333
0.13023299 0.45181054 0.6687764
0.14588022 0.5062514 0.7258117
0.14664891 0.5209181 0.7514746
0.16548806 0.5245097 0.75236857
0.2196994 0.48858535 0.69196075
0.35641986 0.3948406 0.47207063
0.3399649 0.36448762 0.43072155
0.21678075 0.28434706 0.37527063
0.13754165 0.22730449 0.3264235
0.14146322 0.2325756 0.32339612
0.15322793 0.24299076 0.34210977
0.17283577 0.2625986 0.3617176
0.17594963 0.28790897 0.3952235
0.21124375 0.3232031 0.4305176
0.21908689 0.33104622 0.43836075
0.25203592 0.3570462 0.45886272
0.2912516 0.3976114 0.4911294
0.30851427 0.40792513 0.49594513
0.29990238 0.3867649 0.45549017
0.25207487 0.32638893 0.3758196
0.21366698 0.2657844 0.3070196
0.16583939 0.20270935 0.24124709
0.14623155 0.18445106 0.21469024
0.14780803 0.17907849 0.20381957
0.15565117 0.18692163 0.21166271
0.15015312 0.18972218 0.21166271
0.15957274 0.18949363 0.22253338
0.16660814 0.21872559 0.25996077
0.43719637 0.4893138 0.530549
0.298365 0.3547324 0.41806278
0.1769135 0.12634683 0.12380396
0.28287393 0.16146773 0.112243176
0.45857584 0.32327163 0.26305097
0.52601117 0.40595454 0.3484314
0.5659956 0.4611865 0.4063608
0.534623 0.42846438 0.38193724
0.53854454 0.43238595 0.3858588
0.53854454 0.43238595 0.3858588
0.5322778 0.41782072 0.3740941
0.53854454 0.4337355 0.37890983
0.5307014 0.4272419 0.36411768
0.5361994 0.42444137 0.36411768
0.51424646 0.39418983 0.3366667
0.50482684 0.39306882 0.33274513
0.5087484 0.39564085 0.3436157
0.52835625 0.4152487 0.36322355
0.51893675 0.41412765 0.35930198
0.534623 0.42846438 0.38193724
0.51893675 0.4127781 0.36625096
0.52520347 0.42734334 0.37801567
0.5448113 0.44695118 0.3976235
0.53931326 0.4484022 0.40457252
0.4820662 0.38285655 0.34182742
0.5212819 0.42207223 0.3810431
0.51343876 0.4142291 0.37319997
0.50167406 0.40111482 0.36838436
0.52912503 0.4285658 0.39583534
0.52912503 0.4285658 0.39583534
0.5173603 0.4168011 0.38407063
0.5487329 0.44817364 0.41544318
0.5259721 0.44201005 0.40367848
0.5416584 0.45769632 0.41936475
0.5518467 0.47618315 0.43505102
0.52047414 0.44346103 0.41062748
0.50478786 0.42777476 0.3949412
0.52047414 0.44211146 0.4175765
0.48125848 0.40289578 0.3783608
0.47968206 0.40826836 0.38923135
0.5000586 0.445242 0.4206039
0.53143114 0.47661453 0.45197645
0.5055566 0.44244146 0.4206039
0.4898703 0.4267552 0.40491763
0.50947815 0.44636303 0.42452547
0.52124286 0.45812774 0.43629017
0.49771345 0.43459833 0.41276076
0.49771345 0.43459833 0.41276076
0.5000586 0.445242 0.4206039
0.51574486 0.4595787 0.44323918
0.48202717 0.41891205 0.3970745
0.523588 0.46742183 0.45108232
0.52985466 0.4819871 0.46284702
0.53769785 0.4898303 0.4706902
0.5471175 0.4909513 0.47461176
0.5133997 0.4502846 0.42844704
0.50713307 0.43571934 0.41668233
0.51105464 0.44099042 0.41365492
0.5526154 0.48950028 0.46766275
0.5471175 0.4923008 0.46766275
0.55103904 0.49757195 0.46463537
0.5518467 0.47483358 0.44200003
0.5063643 0.4224022 0.38407063
0.5024427 0.41713107 0.38709807
0.5063643 0.4224022 0.38407063
0.5063643 0.42105263 0.39101964
0.50870943 0.43169633 0.39886278
0.50478786 0.42777476 0.3949412
0.51655257 0.43953946 0.40670592
0.5188978 0.45018312 0.41454905
0.54869384 0.4882778 0.4498432
0.556537 0.49612093 0.45768633
0.5306625 0.46329737 0.41936475
0.5243957 0.44873214 0.40760005
0.540082 0.4644184 0.42328632
0.5416584 0.4590459 0.41241565
0.51028585 0.42632377 0.3879922
0.5259721 0.44201005 0.40367848
0.2747576 0.3965662 0.5397725
0.26925948 0.3993668 0.5397725
0.2637615 0.40216732 0.5397725
0.26768306 0.4060889 0.5436941
0.26768306 0.4060889 0.5436941
0.27160463 0.41001046 0.54761565
0.25434196 0.40104628 0.53585094
0.25826353 0.40496784 0.5397725
0.25983992 0.39824575 0.53585094
0.25591835 0.39567372 0.5249804
0.25983992 0.3995953 0.528902
0.26768306 0.408788 0.52979606
0.2739498 0.42335322 0.54156077
0.2857145 0.43511793 0.5533255
0.29355764 0.44296107 0.5611686
0.2959028 0.45360476 0.56901175
0.2959028 0.45495427 0.56206274
0.29198122 0.4510327 0.55814123
0.3131655 0.46391845 0.5738275
0.31708705 0.46784002 0.577749
0.30532235 0.4560753 0.56598437
0.29982436 0.4602254 0.55903524
0.32335377 0.4837548 0.58256465
0.32885176 0.48095426 0.58256465
0.36414587 0.517598 0.61090976
0.4519968 0.59849995 0.68631375
0.5022086 0.63346404 0.71858037
0.49674958 0.59885955 0.67028236
0.47091404 0.528631 0.58366275
0.4638786 0.5007486 0.5392863
0.44896108 0.49972898 0.5492627
0.30693787 0.41329768 0.5068157
0.19317326 0.3342782 0.45528626
0.20728314 0.3580361 0.46794513
0.25983992 0.40364394 0.50805485
0.31866345 0.46246746 0.5668784
0.3892517 0.5330557 0.63746667
0.4457301 0.58123565 0.68844706
0.44415367 0.5866082 0.6993177
0.43238896 0.5734939 0.69450194
0.3947497 0.52620655 0.65831375
0.3108203 0.45057568 0.5798824
0.26295376 0.4249057 0.56240773
0.26606762 0.45156556 0.5889647
0.26683635 0.46623224 0.61462754
0.262107 0.4836995 0.64029014
0.23384827 0.47898686 0.63547456
0.20482089 0.45690843 0.6188941
0.18598177 0.4519673 0.624949
0.18125243 0.46808496 0.6575608
0.1749467 0.4895752 0.7010431
0.15687624 0.5033494 0.7119137
0.15922138 0.5126436 0.7267058
0.15922138 0.5126436 0.7267058
0.15922138 0.5126436 0.7267058
0.15922138 0.511294 0.73365486
0.15372336 0.51409453 0.73365486
0.16471937 0.509843 0.7267058
0.22442873 0.47111806 0.66629815
0.36034143 0.39876217 0.4759922
0.34388646 0.3684092 0.43464312
0.22854546 0.2974613 0.38008624
0.14930636 0.2390692 0.3381882
0.1469612 0.22842553 0.33034506
0.15322793 0.24299076 0.34210977
0.1689142 0.25867704 0.35779604
0.19086722 0.287579 0.39219606
0.19321238 0.29822266 0.4000392
0.20889865 0.31390893 0.41572547
0.21674179 0.3231016 0.4166196
0.24576917 0.3438305 0.440149
0.27087498 0.36198735 0.45280787
0.26852983 0.3540428 0.43106663
0.24031016 0.31327465 0.37100396
0.19171396 0.2355329 0.2795686
0.15407468 0.19094464 0.22948238
0.13054527 0.16876478 0.19900396
0.13604333 0.16596422 0.19900396
0.14780803 0.17907849 0.20381957
0.1517296 0.18165049 0.21469024
0.14388646 0.17380735 0.2068471
0.158765 0.21088246 0.25211763
0.41993362 0.47900012 0.5257333
0.30620813 0.36257553 0.4259059
0.19259977 0.1420331 0.13949023
0.28287393 0.16146773 0.112243176
0.4624974 0.3271932 0.26697254
0.51659155 0.40483353 0.34450984
0.5659956 0.4611865 0.4063608
0.5267799 0.42197078 0.36714512
0.534623 0.42981392 0.37498826
0.53854454 0.4337355 0.37890983
0.52835625 0.4152487 0.36322355
0.54012096 0.42836294 0.36803925
0.5307014 0.4272419 0.36411768
0.5361994 0.42444137 0.36411768
0.51267 0.40091196 0.34058827
0.51659155 0.403484 0.35145885
0.5205131 0.40740556 0.35538042
0.534623 0.42981392 0.37498826
0.5307014 0.42589235 0.3710667
0.5369682 0.43910804 0.38978037
0.5369682 0.43910804 0.38978037
0.52754855 0.43798703 0.3858588
0.55499953 0.46408847 0.4202588
0.5471564 0.45624533 0.41241565
0.49225444 0.3999938 0.3644628
0.5330466 0.43248737 0.3997569
0.52912503 0.4285658 0.39583534
0.5095172 0.40895796 0.3762275
0.5330466 0.43248737 0.3997569
0.52912503 0.4285658 0.39583534
0.5314701 0.4392095 0.40367848
0.5432348 0.4509742 0.41544318
0.52047414 0.44346103 0.41062748
0.5267409 0.4566767 0.4293412
0.53300756 0.46989244 0.44805488
0.51105464 0.44099042 0.41365492
0.4992899 0.4292257 0.40189022
0.5149762 0.444912 0.4175765
0.47968206 0.40826836 0.38923135
0.49144676 0.42003307 0.40099606
0.5118233 0.45565712 0.4393176
0.52750957 0.47269297 0.44805488
0.5055566 0.4410919 0.4275529
0.49379188 0.43067676 0.4088392
0.50398016 0.44916356 0.42452547
0.523588 0.46742183 0.45108232
0.49613702 0.43997085 0.42363134
0.49613702 0.43997085 0.42363134
0.5079017 0.45173556 0.43539605
0.523588 0.46742183 0.45108232
0.48437232 0.42820615 0.41186664
0.52985466 0.48063752 0.46979612
0.53769785 0.48848072 0.4776393
0.5337762 0.4845591 0.4737177
0.5392743 0.4831081 0.4667686
0.50947815 0.44636303 0.42452547
0.5188978 0.44748405 0.42844704
0.5149762 0.44356248 0.42452547
0.5431959 0.48837924 0.46374118
0.53143114 0.47796404 0.44502747
0.5471175 0.49365038 0.4607138
0.5424272 0.47371253 0.43807846
0.49852115 0.4132095 0.3831765
0.49852115 0.41455907 0.3762275
0.51028585 0.4249742 0.3949412
0.50478786 0.42777476 0.3949412
0.52047414 0.44346103 0.41062748
0.512631 0.4356179 0.40278435
0.52047414 0.44346103 0.41062748
0.5188978 0.45018312 0.41454905
0.54869384 0.4882778 0.4498432
0.54477227 0.48435622 0.4459216
0.52281934 0.45545423 0.4115216
0.5188978 0.45018312 0.41454905
0.54400355 0.46833998 0.4272079
0.53381526 0.44985318 0.4115216
0.5024427 0.41848063 0.38014907
0.5259721 0.44201005 0.40367848
0.36887524 0.4920334 0.6269412
0.35711053 0.4802687 0.6151765
0.3492674 0.47242555 0.60733336
0.33358112 0.45673928 0.5916471
0.32965955 0.4528177 0.5877255
0.3116281 0.42513824 0.57114506
0.29594183 0.4081024 0.56240773
0.28183198 0.38434446 0.549749
0.27556533 0.3697792 0.53798425
0.27164376 0.36585763 0.53406274
0.2677222 0.36193606 0.5301411
0.254381 0.35689348 0.522298
0.254381 0.35689348 0.522298
0.25672615 0.3688867 0.52319205
0.2606477 0.37415785 0.52016467
0.25280458 0.3663147 0.51232153
0.26849085 0.38200098 0.5280078
0.25514975 0.37695837 0.52016467
0.26141635 0.3928732 0.5249804
0.27318105 0.4046379 0.53674513
0.2637615 0.40486643 0.5258745
0.28336933 0.42447427 0.54548234
0.2857145 0.43646747 0.54637647
0.29355764 0.4443106 0.5542196
0.3382713 0.4820753 0.5864862
0.42220068 0.5604053 0.6510196
0.48025557 0.60321254 0.6911294
0.47871816 0.5725296 0.64675295
0.45914933 0.5168663 0.57189804
0.45995703 0.496827 0.53536475
0.4450395 0.4958074 0.54534113
0.314781 0.42249036 0.50770986
0.19709483 0.3395493 0.45225886
0.23865569 0.38940865 0.49931768
0.29355764 0.44566014 0.54727054
0.3735654 0.51736945 0.62178034
0.45591837 0.59972245 0.70413333
0.51866347 0.66246754 0.7668784
0.5421929 0.6846474 0.7973569
0.54534584 0.6698535 0.7964627
0.48733002 0.5882917 0.71500397
0.36418492 0.47344515 0.5973569
0.33200458 0.464811 0.5886196
0.35864788 0.5136507 0.64565486
0.39236557 0.555667 0.6848706
0.41666365 0.5952127 0.72711366
0.37744796 0.555997 0.687898
0.2715656 0.45146415 0.5750666
0.23392639 0.40552634 0.5319294
0.21116565 0.3966636 0.53406274
0.19075009 0.39844456 0.5440393
0.17506382 0.3800592 0.54225093
0.17348738 0.38543177 0.55312157
0.17817762 0.40402007 0.5827058
0.1718719 0.4282094 0.6122901
0.16322103 0.441755 0.6340314
0.16398972 0.45642173 0.65969414
0.18675044 0.4639349 0.6645098
0.25430292 0.4357522 0.5980471
0.36191782 0.3933896 0.4651216
0.35565117 0.38152343 0.4394588
0.24031016 0.30787647 0.39880005
0.14538479 0.23514763 0.33426663
0.14930636 0.2390692 0.3381882
0.15322793 0.24299076 0.34210977
0.16107106 0.2508339 0.3499529
0.17675735 0.26652017 0.3656392
0.17910251 0.27716386 0.37348235
0.19871035 0.29677168 0.3930902
0.19871035 0.29677168 0.3930902
0.2198946 0.31100696 0.40182748
0.22931415 0.31347758 0.39880005
0.21912593 0.29768986 0.36921567
0.2105141 0.27517998 0.33570984
0.19013755 0.24090543 0.2904392
0.15407468 0.19094464 0.22948238
0.13446684 0.17268635 0.20292553
0.14388646 0.17380735 0.2068471
0.1517296 0.18165049 0.21469024
0.14623155 0.18445106 0.21469024
0.15565117 0.18557206 0.2186118
0.16268657 0.21480402 0.2560392
0.45130616 0.51037264 0.55710584
0.30463174 0.36929762 0.42982748
0.19025467 0.13273895 0.12469807
0.28287393 0.16146773 0.112243176
0.46641898 0.33111477 0.2708941
0.52835625 0.41659823 0.35627455
0.5659956 0.4611865 0.4063608
0.534623 0.42981392 0.37498826
0.53854454 0.4337355 0.37890983
0.5479641 0.43485653 0.3828314
0.5205131 0.40740556 0.35538042
0.5361994 0.42309183 0.3710667
0.534623 0.43116346 0.36803925
0.54246616 0.4390066 0.3758824
0.51659155 0.403484 0.35145885
0.51659155 0.403484 0.35145885
0.51893675 0.41412765 0.35930198
0.5463877 0.44157863 0.38675296
0.5330466 0.43518648 0.3858588
0.5369682 0.43910804 0.38978037
0.53931326 0.4484022 0.40457252
0.5353917 0.44448063 0.40065095
0.56676424 0.47585315 0.4320235
0.56676424 0.47585315 0.4320235
0.5079407 0.41702965 0.37319997
0.5353917 0.44313106 0.40760005
0.5432348 0.4509742 0.41544318
0.5314701 0.43785995 0.41062748
0.55107796 0.4574678 0.43023533
0.5432348 0.44962466 0.4223922
0.54557997 0.46026832 0.43023533
0.5283173 0.4499546 0.42541963
0.52281934 0.4514056 0.4323686
0.5079017 0.45308512 0.42844704
0.529086 0.4646213 0.45108232
0.50947815 0.44636303 0.42452547
0.4898703 0.4267552 0.40491763
0.52124286 0.45812774 0.43629017
0.4875252 0.4161115 0.3970745
0.4898703 0.4267552 0.40491763
0.51574486 0.4595787 0.44323918
0.5353527 0.47918653 0.46284702
0.5118233 0.45565712 0.4393176
0.49771345 0.43324876 0.41970977
0.5079017 0.45173556 0.43539605
0.523588 0.46742183 0.45108232
0.5000586 0.44389242 0.4275529
0.5000586 0.44254285 0.434502
0.50632524 0.4571081 0.4462667
0.5259331 0.47671595 0.46587455
0.49221545 0.4346997 0.42665887
0.5259331 0.47671595 0.46587455
0.5337762 0.4845591 0.4737177
0.53769785 0.48848072 0.4776393
0.5392743 0.4831081 0.4667686
0.50947815 0.44501346 0.43147448
0.50947815 0.44636303 0.42452547
0.51105464 0.4396409 0.4206039
0.5431959 0.48837924 0.46374118
0.52750957 0.47404248 0.4411059
0.5431959 0.4897288 0.45679224
0.5385056 0.46979097 0.4341569
0.48910162 0.41208848 0.37925494
0.5142074 0.43024534 0.39191377
0.50478786 0.42777476 0.3949412
0.50870943 0.43169633 0.39886278
0.5283173 0.45130417 0.41847062
0.5243957 0.4473826 0.41454905
0.5188978 0.45018312 0.41454905
0.5385056 0.46979097 0.4341569
0.5385056 0.46979097 0.4341569
0.53458405 0.4658694 0.43023533
0.512631 0.4356179 0.40278435
0.53458405 0.4658694 0.43023533
0.54400355 0.46833998 0.4272079
0.53381526 0.44985318 0.4115216
0.49852115 0.41455907 0.3762275
0.52205056 0.43808848 0.3997569
0.4810242 0.6151802 0.73069024
0.4810242 0.61652976 0.7237412
0.47710264 0.6139577 0.7128706
0.4747576 0.6033139 0.70502746
0.45907134 0.58627814 0.6962902
0.44888303 0.5664418 0.687553
0.39713395 0.49539647 0.6387059
0.34930634 0.4282728 0.5937803
0.32892984 0.38860005 0.5763059
0.31716514 0.37548578 0.5714903
0.3226631 0.37268525 0.5714903
0.31324357 0.3715642 0.5675687
0.30382395 0.37044322 0.56364715
0.29990238 0.36652166 0.5597256
0.2959808 0.36394966 0.54885495
0.28813767 0.35475695 0.5479609
0.28263968 0.35890704 0.5410118
0.26929858 0.35386443 0.5331687
0.27322015 0.357786 0.53709024
0.26380062 0.35666496 0.5331687
0.25045943 0.3529719 0.51837647
0.254381 0.35689348 0.522298
0.25830257 0.36216462 0.5192705
0.25672615 0.37023628 0.5162431
0.2880987 0.40295833 0.5406667
0.33907908 0.45663786 0.577749
0.38771433 0.49967366 0.6069882
0.4097063 0.49386972 0.57919216
0.44111794 0.48918673 0.5553177
0.45761195 0.4861833 0.5275216
0.44269437 0.4865133 0.530549
0.3163574 0.41576827 0.5037883
0.21120471 0.36195767 0.4718667
0.2621851 0.41293806 0.52284706
0.33277333 0.48487583 0.5864862
0.4151263 0.56722885 0.6688392
0.5108203 0.6546244 0.7590353
0.56964386 0.71209836 0.8248079
0.582985 0.717141 0.832651
0.5782948 0.69585353 0.81696475
0.50067115 0.5946839 0.71589804
0.39871034 0.49272302 0.6139372
0.3963262 0.5208339 0.6474431
0.4519968 0.59040266 0.72800785
0.50766754 0.6626704 0.7946745
0.52177733 0.68507874 0.81428236
0.43707928 0.59343165 0.71713734
0.33277333 0.4835263 0.5934353
0.2974792 0.4495817 0.5511921
0.29982436 0.4602254 0.55903524
0.2959028 0.45360476 0.56901175
0.21197338 0.37662438 0.49752945
0.19628711 0.3609381 0.48184317
0.20255384 0.3741538 0.5005568
0.22450677 0.40440533 0.5280078
0.21116565 0.39801317 0.5271136
0.18213823 0.3745852 0.5174824
0.19078913 0.35968998 0.5026902
0.2536123 0.34897456 0.46189016
0.35799626 0.3908176 0.45425096
0.35957274 0.385445 0.44338036
0.24423173 0.31314757 0.39577252
0.14930636 0.2390692 0.3381882
0.15480433 0.23626867 0.3381882
0.1571495 0.24691233 0.34603134
0.16107106 0.24948435 0.35690194
0.15949465 0.257556 0.35387447
0.17518094 0.2732423 0.36956078
0.18694565 0.285007 0.38132548
0.18694565 0.285007 0.38132548
0.19244362 0.28220645 0.38132548
0.18383178 0.2596966 0.34781963
0.18148662 0.25175202 0.32607841
0.17679638 0.23316376 0.29649416
0.16660814 0.21737602 0.26690978
0.15641984 0.20023878 0.24427448
0.1485767 0.19239564 0.23643135
0.14465514 0.1898236 0.22556081
0.15249828 0.19766673 0.23340395
0.16034141 0.20550987 0.24124709
0.15641984 0.2015883 0.23732552
0.15326697 0.21233346 0.25906664
0.45757294 0.5235884 0.5758196
0.3218944 0.3782618 0.4415922
0.19809781 0.13923253 0.13949023
0.29071707 0.16931087 0.12008631
0.47034055 0.33503634 0.27481568
0.5322778 0.4205198 0.3601961
0.5659956 0.4611865 0.4063608
0.54246616 0.43630752 0.38978037
0.54246616 0.43630752 0.38978037
0.5361994 0.42309183 0.3710667
0.5244347 0.41132712 0.35930198
0.5307014 0.42589235 0.3710667
0.54246616 0.43765706 0.3828314
0.5463877 0.44157863 0.38675296
0.5322778 0.41917026 0.36714512
0.5150151 0.41020608 0.35538042
0.52285826 0.41804922 0.36322355
0.54088974 0.4430296 0.39370194
0.5330466 0.43518648 0.3858588
0.5471564 0.45759487 0.40546665
0.55107796 0.4601669 0.41633722
0.53773683 0.45512432 0.40849409
0.56910944 0.48649687 0.43986666
0.5746074 0.48234677 0.44681576
0.523627 0.43136635 0.39583534
0.5471564 0.45489576 0.41936475
0.55499953 0.4627389 0.4272079
0.5416584 0.45634675 0.42631376
0.53773683 0.4510756 0.4293412
0.54400355 0.46564087 0.4411059
0.5306625 0.45924875 0.44021174
0.5173213 0.45420617 0.4323686
0.51574486 0.4595787 0.44323918
0.50398016 0.447814 0.43147448
0.523588 0.46742183 0.45108232
0.50398016 0.447814 0.43147448
0.49771345 0.43324876 0.41970977
0.529086 0.46597087 0.4441333
0.49379188 0.43067676 0.4088392
0.49771345 0.43459833 0.41276076
0.523588 0.46742183 0.45108232
0.5431959 0.48702973 0.4706902
0.51574486 0.4595787 0.44323918
0.5000586 0.44389242 0.4275529
0.5079017 0.45173556 0.43539605
0.523588 0.46742183 0.45108232
0.5118233 0.45430756 0.4462667
0.5118233 0.45430756 0.4462667
0.5141684 0.46495125 0.45410985
0.5220115 0.47279438 0.46195298
0.49063897 0.44142184 0.43058044
0.52985466 0.48063752 0.46979612
0.5337762 0.4845591 0.4737177
0.53769785 0.48848072 0.4776393
0.5337762 0.48590866 0.4667686
0.50947815 0.44501346 0.43147448
0.5055566 0.44244146 0.4206039
0.50947815 0.44636303 0.42452547
0.5471175 0.4923008 0.46766275
0.5353527 0.4818856 0.44894904
0.5353527 0.4818856 0.44894904
0.53458405 0.4658694 0.43023533
0.48910162 0.41208848 0.37925494
0.52047414 0.44346103 0.41062748
0.50478786 0.42777476 0.3949412
0.50478786 0.42777476 0.3949412
0.53223884 0.45522574 0.4223922
0.52047414 0.44346103 0.41062748
0.53223884 0.45522574 0.4223922
0.53223884 0.45522574 0.4223922
0.50870943 0.43169633 0.39886278
0.5188978 0.45018312 0.41454905
0.50713307 0.43976796 0.39583534
0.5283173 0.4526537 0.4115216
0.54400355 0.46833998 0.4272079
0.53381526 0.44985318 0.4115216
0.5063643 0.4224022 0.38407063
0.5298937 0.44458205 0.41454905
0.53592616 0.6727812 0.7716941
0.5437693 0.68197393 0.77258825
0.55161244 0.6898171 0.7804314
0.54769087 0.6858955 0.77650976
0.5320046 0.6702092 0.7608235
0.5194713 0.6397291 0.74424314
0.4755653 0.576527 0.70323926
0.41128278 0.47500163 0.6378117
0.36345527 0.40517882 0.6067844
0.36268657 0.3864635 0.60196865
0.358765 0.38254192 0.5980471
0.35484344 0.37862036 0.5941255
0.34542382 0.37749934 0.59020394
0.34150225 0.37357777 0.5862824
0.34150225 0.37357777 0.5862824
0.3360043 0.3763783 0.5862824
0.32816115 0.36853516 0.57843924
0.33208272 0.37245673 0.5823608
0.320318 0.36069202 0.5705961
0.31481996 0.36349258 0.5705961
0.3108984 0.359571 0.56667453
0.29363573 0.35195637 0.5479609
0.29205924 0.35867852 0.55188245
0.28263968 0.35755748 0.5479609
0.2944044 0.37067175 0.5527765
0.30224752 0.37986442 0.5536705
0.3179338 0.4009489 0.54156077
0.34227094 0.4057886 0.5216078
0.40740025 0.44717053 0.516102
0.45761195 0.4861833 0.5275216
0.44269437 0.4865133 0.530549
0.31085944 0.4185688 0.5037883
0.23081255 0.3815655 0.49147454
0.28805965 0.44711113 0.5542196
0.36256945 0.5216209 0.62872946
0.44649884 0.59725183 0.70716083
0.5366949 0.6874479 0.7973569
0.5892517 0.7317062 0.8444157
0.6025928 0.7367488 0.85225886
0.5877143 0.6969746 0.8208863
0.49048287 0.576197 0.70021176
0.41831818 0.5123309 0.63354504
0.4512282 0.5743863 0.7092942
0.51708704 0.6637914 0.7985961
0.55472636 0.7097292 0.84173334
0.5468832 0.70323557 0.82694125
0.421393 0.57909495 0.69450194
0.36414587 0.51489884 0.62480783
0.35238117 0.5044837 0.60609406
0.41120473 0.5633073 0.66491765
0.39944002 0.5515425 0.65315294
0.3194322 0.47848368 0.58559215
0.29982436 0.45887583 0.56598437
0.31551063 0.47591168 0.5747215
0.33904004 0.4994411 0.5982509
0.32962042 0.49697053 0.6012784
0.29667148 0.47097054 0.58077645
0.26060867 0.41831064 0.53371763
0.27479655 0.36455938 0.46367842
0.3634943 0.38801703 0.45425096
0.36114913 0.38007244 0.43250978
0.25757292 0.31819016 0.40361565
0.16107106 0.24948435 0.35690194
0.1571495 0.24556278 0.35298038
0.1571495 0.24556278 0.35298038
0.16499263 0.2534059 0.3608235
0.17125937 0.26797116 0.37258822
0.18144767 0.28645796 0.3882745
0.19321238 0.29822266 0.4000392
0.20497708 0.30863783 0.4187529
0.18460049 0.27301377 0.38043135
0.1689142 0.25732747 0.36474508
0.17598864 0.25185347 0.3399765
0.1712984 0.23461473 0.30344316
0.16268657 0.21210492 0.26993722
0.17052971 0.21994805 0.27778035
0.15484343 0.20561132 0.25514507
0.16034141 0.20416035 0.24819605
0.16426298 0.20808192 0.25211763
0.16268657 0.21480402 0.2560392
0.16268657 0.21480402 0.2560392
0.15169056 0.21905555 0.2629882
0.4497298 0.5157453 0.5679765
0.33131403 0.37938282 0.44551376
0.20828605 0.15771937 0.1551765
0.29463863 0.17323244 0.12400788
0.47426212 0.3389579 0.27873725
0.5361994 0.42444137 0.36411768
0.5699171 0.46510807 0.41028237
0.5463877 0.4402291 0.39370194
0.54246616 0.43630752 0.38978037
0.54012096 0.4270134 0.37498826
0.5244347 0.41132712 0.35930198
0.534623 0.42981392 0.37498826
0.5463877 0.44157863 0.38675296
0.55815244 0.45334333 0.39851767
0.5307014 0.42589235 0.3710667
0.5267799 0.42197078 0.36714512
0.52520347 0.42734334 0.37801567
0.55265445 0.45479432 0.40546665
0.54088974 0.4430296 0.39370194
0.55499953 0.46408847 0.4202588
0.5534231 0.47081053 0.42418036
0.5416584 0.4590459 0.41241565
0.5769526 0.49434 0.4477098
0.5769526 0.49299043 0.4546589
0.52205056 0.43808848 0.3997569
0.54557997 0.46026832 0.43023533
0.54557997 0.46026832 0.43023533
0.53773683 0.4510756 0.4293412
0.52047414 0.44076195 0.42452547
0.5149762 0.44356248 0.42452547
0.5055566 0.4410919 0.4275529
0.50398016 0.447814 0.43147448
0.51966643 0.46350026 0.44716075
0.5024037 0.4545361 0.43539605
0.52985466 0.4819871 0.46284702
0.51574486 0.4595787 0.44323918
0.50398016 0.447814 0.43147448
0.53692913 0.47246444 0.45892546
0.5055566 0.44244146 0.4206039
0.5055566 0.44244146 0.4206039
0.5353527 0.47918653 0.46284702
0.5353527 0.47918653 0.46284702
0.51574486 0.4595787 0.44323918
0.50398016 0.447814 0.43147448
0.523588 0.46607226 0.45803142
0.5353527 0.47783697 0.46979612
0.51574486 0.45822912 0.45018828
0.50398016 0.44646442 0.43842357
0.5141684 0.46495125 0.45410985
0.5259331 0.47671595 0.46587455
0.5024037 0.45318654 0.44234514
0.5259331 0.47671595 0.46587455
0.5321998 0.4912813 0.4776393
0.53769785 0.48848072 0.4776393
0.5337762 0.48590866 0.4667686
0.50947815 0.44636303 0.42452547
0.49379188 0.43067676 0.4088392
0.50398016 0.44916356 0.42452547
0.545541 0.49902293 0.47158432
0.52985466 0.48333666 0.45589802
0.5431959 0.4897288 0.45679224
0.5267409 0.45802626 0.4223922
0.49694476 0.41993162 0.38709807
0.5283173 0.45130417 0.41847062
0.5008663 0.4238532 0.39101964
0.51655257 0.43953946 0.40670592
0.53223884 0.45522574 0.4223922
0.50478786 0.42777476 0.3949412
0.512631 0.4356179 0.40278435
0.5361604 0.4591473 0.42631376
0.5032115 0.43449685 0.39886278
0.53458405 0.4658694 0.43023533
0.5188978 0.45153266 0.40760005
0.512631 0.4356179 0.40278435
0.5479251 0.47226158 0.43112946
0.53381526 0.44985318 0.4115216
0.49459958 0.4106375 0.37230593
0.5259721 0.44066048 0.41062748
0.53592616 0.6741308 0.7647451
0.5594556 0.6990098 0.78132546
0.5672987 0.7068529 0.7891686
0.5712203 0.7107745 0.79309016
0.553189 0.68309486 0.77650976
0.531236 0.65284336 0.74905884
0.4912516 0.59356284 0.71197647
0.421471 0.4934885 0.653498
0.3728748 0.40764943 0.6037569
0.364263 0.38109094 0.5910981
0.36034143 0.37581983 0.5941255
0.36034143 0.37581983 0.5941255
0.36034143 0.37581983 0.5941255
0.364263 0.3797414 0.5980471
0.36034143 0.37581983 0.5941255
0.35641986 0.37189826 0.59020394
0.364263 0.37839186 0.604996
0.364263 0.37839186 0.604996
0.364263 0.37839186 0.604996
0.358765 0.38254192 0.5980471
0.35326695 0.38534248 0.5980471
0.35326695 0.38534248 0.5980471
0.3493454 0.3814209 0.5941255
0.34542382 0.37749934 0.59020394
0.33758068 0.36830667 0.58930975
0.34542382 0.37749934 0.59020394
0.34150225 0.37762642 0.5654353
0.35092187 0.38684472 0.5276627
0.4144747 0.43764785 0.51218045
0.4513452 0.4729676 0.5088079
0.44427076 0.4797912 0.5266274
0.32262415 0.42898396 0.52250195
0.24649882 0.39725178 0.5071608
0.31158906 0.47064054 0.577749
0.3860989 0.5451504 0.6522589
0.47394982 0.6247028 0.7346118
0.5539576 0.69776165 0.80217254
0.59317327 0.7356278 0.8483373
0.6120125 0.73786974 0.8561804
0.5791025 0.6717657 0.8012785
0.48029456 0.55771023 0.6845255
0.43242806 0.53338975 0.660102
0.48494577 0.6150531 0.75545883
0.544538 0.6912424 0.82604706
0.5782558 0.7332586 0.86526275
0.544538 0.6925919 0.8190981
0.4151263 0.5658793 0.6757883
0.37983215 0.5319347 0.63354504
0.39944002 0.5515425 0.65315294
0.46610668 0.61820924 0.7198196
0.4504204 0.6011734 0.7110824
0.41120473 0.5619577 0.6718667
0.39394203 0.55299354 0.660102
0.38217732 0.54257834 0.64138824
0.4096283 0.5700294 0.6688392
0.415895 0.58324504 0.687553
0.3711813 0.5454804 0.65528625
0.35314983 0.5191504 0.63175684
0.4135889 0.5365459 0.6244627
0.38702372 0.41289598 0.47083133
0.37291384 0.3904876 0.4512235
0.2614945 0.32211173 0.40753722
0.1689142 0.25732747 0.36474508
0.16499263 0.2534059 0.3608235
0.16733779 0.26270002 0.37561566
0.17910251 0.27446473 0.38738036
0.1892908 0.29295155 0.40306664
0.20732218 0.31793195 0.43354505
0.21751046 0.33641875 0.44923133
0.23319674 0.3507555 0.4718667
0.19555748 0.3048177 0.42872944
0.18379277 0.293053 0.41696474
0.19871035 0.29272303 0.4139372
0.19167495 0.26753974 0.3556628
0.1712984 0.23326519 0.31039214
0.17914154 0.24245787 0.3112863
0.17287481 0.22924219 0.2925726
0.16660814 0.21872559 0.25996077
0.17052971 0.22264716 0.26388234
0.16895324 0.2307188 0.26085493
0.15169056 0.2204051 0.2560392
0.15403564 0.2283497 0.27778035
0.4497298 0.5157453 0.5679765
0.358765 0.4068338 0.47296473
0.22947036 0.17060508 0.17086278
0.2985602 0.177154 0.12792945
0.4726857 0.34568 0.28265882
0.5377759 0.41771924 0.3601961
0.56207395 0.4572649 0.40243924
0.5503093 0.44415066 0.3976235
0.5479641 0.43485653 0.3828314
0.5361994 0.42309183 0.3710667
0.52835625 0.4152487 0.36322355
0.5307014 0.42589235 0.3710667
0.54088974 0.44437915 0.38675296
0.55265445 0.45614386 0.39851767
0.54246616 0.43765706 0.3828314
0.534623 0.42981392 0.37498826
0.52520347 0.42734334 0.37801567
0.5471564 0.45759487 0.40546665
0.53931326 0.44975173 0.3976235
0.55499953 0.46408847 0.4202588
0.54950154 0.46688902 0.4202588
0.5534231 0.47081053 0.42418036
0.5832193 0.50755566 0.4664236
0.5847957 0.499484 0.46945104
0.53773683 0.45242518 0.4223922
0.5479251 0.46956244 0.44502747
0.5283173 0.4499546 0.42541963
0.51655257 0.4368404 0.4206039
0.49771345 0.43324876 0.41970977
0.5000586 0.44389242 0.4275529
0.5000586 0.44389242 0.4275529
0.49613702 0.43862128 0.43058044
0.5141684 0.46630082 0.44716075
0.5079017 0.45173556 0.43539605
0.52985466 0.4819871 0.46284702
0.51966643 0.46350026 0.44716075
0.50947815 0.44501346 0.43147448
0.5408507 0.476386 0.46284702
0.52124286 0.45677817 0.44323918
0.5079017 0.45173556 0.43539605
0.52750957 0.4713434 0.4550039
0.5353527 0.47918653 0.46284702
0.5118233 0.45565712 0.4393176
0.5079017 0.45173556 0.43539605
0.51966643 0.4621507 0.45410985
0.5392743 0.4831081 0.4667686
0.5118233 0.45430756 0.4462667
0.5000586 0.44254285 0.434502
0.50632524 0.4571081 0.4462667
0.51966643 0.4621507 0.45410985
0.5118233 0.45430756 0.4462667
0.5259331 0.47671595 0.46587455
0.5243566 0.4834381 0.46979612
0.5321998 0.4912813 0.4776393
0.5259331 0.47806552 0.45892546
0.501635 0.43717033 0.42363134
0.5000586 0.44389242 0.4275529
0.50398016 0.44916356 0.42452547
0.545541 0.49902293 0.47158432
0.5337762 0.48725823 0.45981959
0.52985466 0.48333666 0.45589802
0.5267409 0.4566767 0.4293412
0.50870943 0.43034676 0.4058118
0.51655257 0.4381899 0.41365492
0.5008663 0.4238532 0.39101964
0.50870943 0.43169633 0.39886278
0.512631 0.4356179 0.40278435
0.49694476 0.41993162 0.38709807
0.50870943 0.43169633 0.39886278
0.5243957 0.4473826 0.41454905
0.50713307 0.43841842 0.40278435
0.54869384 0.4882778 0.4498432
0.5424272 0.47371253 0.43807846
0.5008663 0.4238532 0.39101964
0.540082 0.4644184 0.42328632
0.5259721 0.44201005 0.40367848
0.49459958 0.4106375 0.37230593
0.5259721 0.44201005 0.40367848
0.53592616 0.6741308 0.7647451
0.55161244 0.6898171 0.7804314
0.56337714 0.70293134 0.785247
0.56337714 0.70293134 0.785247
0.5492674 0.6791733 0.77258825
0.5273144 0.6489218 0.7451372
0.48733002 0.5896413 0.7080549
0.42696905 0.4906879 0.653498
0.37445128 0.4009273 0.59983534
0.36034143 0.37716937 0.58717656
0.36034143 0.37581983 0.5941255
0.3524983 0.3679767 0.5862824
0.35799626 0.36517617 0.5862824
0.36191782 0.3677482 0.5971529
0.36191782 0.3677482 0.5971529
0.3658394 0.37166977 0.60107446
0.37368253 0.3795129 0.6089176
0.36976096 0.37559134 0.604996
0.36818457 0.38366297 0.60196865
0.36268657 0.3864635 0.60196865
0.3595337 0.40125725 0.60286283
0.35169056 0.3934141 0.5950197
0.3493454 0.3814209 0.5941255
0.358765 0.3811924 0.604996
0.36818457 0.38366297 0.60196865
0.36818457 0.38231343 0.6089176
0.37210613 0.39028364 0.5919922
0.37368253 0.3903093 0.5533255
0.4144747 0.43764785 0.51218045
0.44900006 0.46232393 0.50096476
0.44192567 0.470497 0.51183534
0.33596525 0.4353761 0.52339613
0.25276554 0.411817 0.51892555
0.31393415 0.48128426 0.58559215
0.3978636 0.55556554 0.6709725
0.4896361 0.6403891 0.7502981
0.5657223 0.70952636 0.81393725
0.6065144 0.74201995 0.84923136
0.60966736 0.7272261 0.8483373
0.5728358 0.65854996 0.7825647
0.476373 0.55378866 0.6806039
0.4520359 0.5529976 0.67970985
0.51239675 0.6425041 0.7829098
0.56414586 0.71085024 0.8456549
0.57983214 0.727886 0.8543922
0.5366949 0.68474877 0.811255
0.4033616 0.5541146 0.6640236
0.38767532 0.5397778 0.64138824
0.43473414 0.5868367 0.68844706
0.49355766 0.6456602 0.7472706
0.4778714 0.6286244 0.7385334
0.46453026 0.62358177 0.73069024
0.4331577 0.5935588 0.6923686
0.421393 0.5817941 0.6806039
0.4331577 0.5935588 0.6923686
0.44334596 0.610696 0.71500397
0.415895 0.5818955 0.69450194
0.4002087 0.5662092 0.67881566
0.46691447 0.59682035 0.69023526
0.39486685 0.4207391 0.47867447
0.37291384 0.39183715 0.4442745
0.26933762 0.32995486 0.41538036
0.17283577 0.26124904 0.36866665
0.17910251 0.27446473 0.38738036
0.19086722 0.28487992 0.40609407
0.19713394 0.29944512 0.41785878
0.20966733 0.3285756 0.4413882
0.22769877 0.35355604 0.4718667
0.2418085 0.37596446 0.49147454
0.24965164 0.3838076 0.49931768
0.23396537 0.36542222 0.49752945
0.24023208 0.37998745 0.50929415
0.27318105 0.4046379 0.53674513
0.22850649 0.33216724 0.44228232
0.18932976 0.25689605 0.34781963
0.18540819 0.2556736 0.32999998
0.18071795 0.23573577 0.30736473
0.17837285 0.22914073 0.27867448
0.17679638 0.23856194 0.26869807
0.17049061 0.26679996 0.27743533
0.16814551 0.2534572 0.28349018
0.15795721 0.23227127 0.28170192
0.4340435 0.50005895 0.55229014
0.33915716 0.38722596 0.4533569
0.22947036 0.17060508 0.17086278
0.30640334 0.18499714 0.13577259
0.49229354 0.36528784 0.30226666
0.5377759 0.41771924 0.3601961
0.5738387 0.46902964 0.41420394
0.5503093 0.44415066 0.3976235
0.5463877 0.44157863 0.38675296
0.54012096 0.4270134 0.37498826
0.5322778 0.41917026 0.36714512
0.534623 0.42981392 0.37498826
0.5487329 0.4522223 0.3945961
0.556576 0.46006542 0.40243924
0.53854454 0.4337355 0.37890983
0.5330466 0.43518648 0.3858588
0.5369682 0.43910804 0.38978037
0.55107796 0.46151644 0.4093882
0.55107796 0.46151644 0.4093882
0.56284267 0.47193158 0.42810193
0.5573447 0.4747321 0.42810193
0.5573447 0.4733826 0.43505102
0.58714086 0.51147723 0.47034517
0.5832193 0.5062061 0.4733726
0.5243957 0.44603303 0.42149806
0.53300756 0.47124195 0.4411059
0.50947815 0.44636303 0.42452547
0.49771345 0.43324876 0.41970977
0.48437232 0.42820615 0.41186664
0.50632524 0.45845768 0.4393176
0.5102468 0.46102968 0.45018828
0.4984821 0.44926497 0.43842357
0.5141684 0.46495125 0.45410985
0.50632524 0.4571081 0.4462667
0.5337762 0.4845591 0.4737177
0.51574486 0.4595787 0.44323918
0.5055566 0.4410919 0.4275529
0.53692913 0.47246444 0.45892546
0.5118233 0.45565712 0.4393176
0.51574486 0.4595787 0.44323918
0.53143114 0.47526497 0.45892546
0.5431959 0.48702973 0.4706902
0.51574486 0.4595787 0.44323918
0.5079017 0.45173556 0.43539605
0.523588 0.46742183 0.45108232
0.52985466 0.4819871 0.46284702
0.5079017 0.450386 0.44234514
0.49613702 0.43862128 0.43058044
0.5118233 0.45430756 0.4462667
0.5118233 0.45430756 0.4462667
0.52750957 0.46999383 0.46195298
0.5259331 0.47671595 0.46587455
0.52043504 0.47951654 0.46587455
0.54946256 0.50024545 0.489404
0.53769785 0.4898303 0.4706902
0.49613702 0.43997085 0.42363134
0.49613702 0.43997085 0.42363134
0.50398016 0.447814 0.43147448
0.5416194 0.49375185 0.47461176
0.52985466 0.48333666 0.45589802
0.52750957 0.47269297 0.44805488
0.52281934 0.45275512 0.42541963
0.50870943 0.43034676 0.4058118
0.50478786 0.4264252 0.40189022
0.50478786 0.42777476 0.3949412
0.51105464 0.44234 0.40670592
0.5267409 0.45802626 0.4223922
0.4992899 0.43057528 0.3949412
0.4992899 0.43057528 0.3949412
0.5032115 0.43449685 0.39886278
0.53458405 0.4658694 0.43023533
0.54634875 0.4776341 0.44200003
0.5424272 0.47371253 0.43807846
0.4930232 0.41601005 0.3831765
0.53223884 0.45657527 0.41544318
0.5298937 0.4459316 0.40760005
0.49459958 0.4106375 0.37230593
0.52205056 0.43808848 0.3997569
0.49436545 0.62427133 0.7176863
0.5139733 0.6438792 0.7372941
0.5375027 0.66875815 0.7538745
0.54534584 0.6766013 0.7617176
0.5375027 0.6674086 0.7608235
0.5155497 0.6371571 0.73337257
0.48890644 0.58156955 0.7110824
0.42304748 0.48676634 0.6495764
0.3705297 0.39700574 0.59591377
0.35641986 0.37189826 0.59020394
0.3524983 0.3679767 0.5862824
0.34857672 0.36405513 0.5823608
0.3540747 0.35990506 0.58930975
0.35799626 0.36382663 0.5932313
0.3540747 0.35990506 0.58930975
0.36191782 0.3677482 0.5971529
0.36191782 0.3677482 0.5971529
0.36034143 0.3744703 0.60107446
0.36034143 0.37581983 0.5941255
0.35718852 0.38926405 0.60196865
0.34384742 0.38557097 0.58717656
0.31481996 0.36484212 0.56364715
0.320318 0.36069202 0.5705961
0.35484344 0.37727082 0.60107446
0.364263 0.37839186 0.604996
0.36818457 0.38231343 0.6089176
0.38152567 0.39005512 0.60286283
0.3776041 0.39423087 0.55724704
0.4160511 0.43092576 0.5082589
0.44900006 0.46232393 0.50096476
0.44584724 0.47441858 0.5157569
0.33438885 0.4420982 0.5273177
0.26453024 0.42358172 0.5306902
0.32177728 0.48777786 0.6003843
0.4002087 0.56755877 0.6718667
0.49747923 0.6482322 0.7581412
0.5657223 0.70952636 0.81393725
0.60416937 0.7313762 0.8413882
0.6034006 0.7140104 0.8296235
0.5508828 0.629648 0.7481647
0.46852985 0.5459455 0.6727608
0.4700673 0.57797796 0.7101882
0.5304282 0.66883403 0.8064392
0.571989 0.7186934 0.85349804
0.57983214 0.727886 0.8543922
0.51708704 0.6651409 0.7916471
0.41120473 0.5619577 0.6718667
0.40728316 0.55938566 0.6609961
0.4621851 0.6142877 0.71589804
0.5131655 0.66526806 0.7668784
0.50140077 0.6521538 0.7620628
0.4959028 0.6549543 0.7620628
0.45668712 0.6170882 0.71589804
0.448844 0.60924506 0.7080549
0.448844 0.60924506 0.7080549
0.45511067 0.6224607 0.7267687
0.41824013 0.59253913 0.7023451
0.415895 0.5818955 0.69450194
0.49986342 0.6214708 0.7176863
0.40271 0.42858225 0.4865176
0.3768354 0.39575872 0.44819605
0.27718076 0.337798 0.4232235
0.18852206 0.27558577 0.39130193
0.18694565 0.28230786 0.3952235
0.20105551 0.3033667 0.42178035
0.22300845 0.3322687 0.45618042
0.23946348 0.3639712 0.49058038
0.2653379 0.39814433 0.5219529
0.2872909 0.42704627 0.556353
0.27787137 0.42592523 0.5524314
0.28179294 0.4298468 0.556353
0.31708705 0.46379137 0.59859604
0.34061646 0.48732078 0.62212545
0.23242806 0.33473924 0.4531529
0.18775338 0.26361817 0.35174122
0.18932976 0.25824562 0.34087056
0.18698467 0.250301 0.31912944
0.18229441 0.2330623 0.28259605
0.1712984 0.24271202 0.26174906
0.15476537 0.29526645 0.27530193
0.16656904 0.2601793 0.28741175
0.16972192 0.24403597 0.29346663
0.42620036 0.4922158 0.544447
0.35092187 0.40034023 0.45817253
0.23339193 0.17452665 0.17478435
0.31816804 0.19676185 0.14753729
0.49071705 0.37201 0.30618823
0.5361994 0.42444137 0.36411768
0.5738387 0.46902964 0.41420394
0.55815244 0.4519938 0.40546665
0.5463877 0.4402291 0.39370194
0.53854454 0.4337355 0.37890983
0.52835625 0.4152487 0.36322355
0.5307014 0.42589235 0.3710667
0.55265445 0.45614386 0.39851767
0.5604976 0.46398702 0.4063608
0.54088974 0.44437915 0.38675296
0.5330466 0.43518648 0.3858588
0.54088974 0.4430296 0.39370194
0.56284267 0.47328115 0.42115292
0.5589211 0.46801 0.42418036
0.5573447 0.4747321 0.42810193
0.5651879 0.4825753 0.4359451
0.56126624 0.47730416 0.4389726
0.58164287 0.51427776 0.47034517
0.56987816 0.499814 0.4724785
0.5149762 0.44356248 0.42452547
0.51966643 0.46350026 0.44716075
0.5000586 0.44389242 0.4275529
0.5000586 0.44389242 0.4275529
0.4984821 0.45061454 0.43147448
0.52985466 0.4819871 0.46284702
0.5220115 0.47279438 0.46195298
0.5141684 0.46495125 0.45410985
0.51808995 0.46887282 0.45803142
0.5102468 0.46102968 0.45018828
0.545541 0.49632385 0.48548242
0.51966643 0.4621507 0.45410985
0.5133997 0.44893503 0.43539605
0.523588 0.46742183 0.45108232
0.5079017 0.45173556 0.43539605
0.51966643 0.46350026 0.44716075
0.5259331 0.47806552 0.45892546
0.5353527 0.47918653 0.46284702
0.5079017 0.45173556 0.43539605
0.49613702 0.43997085 0.42363134
0.51574486 0.4595787 0.44323918
0.52985466 0.4819871 0.46284702
0.5000586 0.44254285 0.434502
0.49221545 0.4346997 0.42665887
0.50398016 0.44646442 0.43842357
0.5118233 0.45430756 0.4462667
0.51808995 0.46887282 0.45803142
0.52985466 0.48063752 0.46979612
0.52043504 0.47951654 0.46587455
0.5439645 0.503046 0.489404
0.52985466 0.4819871 0.46284702
0.5000586 0.44389242 0.4275529
0.49613702 0.43997085 0.42363134
0.49613702 0.43997085 0.42363134
0.53769785 0.4911798 0.46374118
0.5220115 0.47549352 0.44805488
0.5259331 0.4794151 0.45197645
0.5149762 0.444912 0.4175765
0.4875252 0.417461 0.3901255
0.49694476 0.41858205 0.39404708
0.50713307 0.43841842 0.40278435
0.52281934 0.4541047 0.41847062
0.50713307 0.43841842 0.40278435
0.50713307 0.43841842 0.40278435
0.5306625 0.46059826 0.43326277
0.5032115 0.43449685 0.39886278
0.54869384 0.48692828 0.45679224
0.5306625 0.46194783 0.42631376
0.53458405 0.4658694 0.43023533
0.4930232 0.41601005 0.3831765
0.5283173 0.45130417 0.41847062
0.5259721 0.44201005 0.40367848
0.490678 0.40671593 0.36838436
0.5142074 0.42889577 0.39886278
0.39005947 0.50761825 0.62872946
0.40966734 0.52857566 0.64138824
0.43869475 0.55065405 0.65796864
0.45438102 0.5649908 0.6806039
0.46222416 0.57418346 0.68149805
0.4583026 0.5689124 0.6845255
0.4285065 0.5294682 0.65618044
0.39167494 0.4553938 0.6182039
0.34542382 0.38019845 0.5763059
0.34307873 0.3682052 0.57541186
0.34465516 0.3614831 0.5714903
0.3407336 0.356212 0.57451767
0.33681202 0.35094088 0.57754505
0.34623155 0.35206193 0.5814666
0.35015312 0.3559835 0.5853882
0.35015312 0.3559835 0.5853882
0.3540747 0.35990506 0.58930975
0.35015312 0.3559835 0.5853882
0.3524983 0.36662716 0.5932313
0.35092187 0.3746988 0.59020394
0.33208272 0.37245673 0.5823608
0.30540043 0.36372107 0.5597256
0.32423958 0.3646136 0.57451767
0.35092187 0.37334925 0.5971529
0.364263 0.37839186 0.604996
0.37210613 0.386235 0.61283916
0.37368253 0.38221198 0.5950197
0.36976096 0.38638774 0.5494039
0.41212952 0.42565465 0.5112863
0.45057645 0.45560184 0.49704316
0.4380041 0.46657544 0.50791377
0.35165152 0.45106238 0.5390824
0.27237338 0.43142486 0.53853333
0.3311969 0.48889887 0.60430586
0.41354987 0.5726014 0.67970985
0.50689876 0.65070283 0.7551137
0.57514185 0.7106474 0.8178588
0.6018242 0.7207325 0.8335451
0.59713393 0.7007947 0.8109098
0.53519654 0.6139617 0.73247844
0.46852985 0.54729503 0.6658118
0.481832 0.58974266 0.7219529
0.5421929 0.68059874 0.8182039
0.57591057 0.72261494 0.8574196
0.57591057 0.72396445 0.85047066
0.503746 0.6614479 0.7768549
0.4096283 0.5686798 0.6757883
0.41354987 0.57395095 0.6727608
0.4778714 0.62997395 0.7315843
0.5092439 0.6613465 0.76295686
0.49747923 0.6495818 0.75119215
0.49982437 0.6588759 0.76598436
0.46845183 0.6288529 0.72766274
0.45668712 0.6170882 0.71589804
0.45276555 0.61316663 0.71197647
0.4606087 0.6196602 0.7267687
0.43550283 0.6015033 0.7141098
0.415895 0.5818955 0.69450194
0.5155497 0.6371571 0.73337257
0.41055313 0.4364254 0.49436074
0.3823334 0.39430773 0.4412471
0.27952585 0.34709215 0.43801573
0.19086722 0.28622943 0.39914507
0.19321238 0.29552355 0.4139372
0.20732218 0.3165824 0.44049415
0.23319674 0.34940594 0.47881567
0.26141635 0.3928732 0.5249804
0.2974792 0.44418353 0.5789882
0.3194322 0.47443503 0.6064392
0.32335377 0.4783566 0.61036074
0.3194322 0.47443503 0.6064392
0.35238117 0.4990855 0.63389015
0.36414587 0.5108502 0.64565486
0.25280458 0.36766422 0.5053726
0.1861769 0.26764122 0.36956078
0.18932976 0.25689605 0.34781963
0.18932976 0.25959516 0.33392155
0.16895324 0.22801973 0.27475291
0.16580035 0.24551259 0.26174906
0.15476537 0.29526645 0.27530193
0.16030237 0.24696356 0.26869807
0.16187878 0.23619284 0.2856235
0.4105141 0.47652954 0.52876073
0.3760277 0.41714755 0.47778037
0.22397232 0.17205611 0.17781174
0.32993275 0.20852657 0.159302
0.50248176 0.3837747 0.31795293
0.54012096 0.42836294 0.36803925
0.56441915 0.46655902 0.41723135
0.556576 0.4587159 0.4093882
0.5448113 0.44695118 0.3976235
0.52912503 0.4312649 0.38193724
0.52520347 0.42869288 0.3710667
0.52520347 0.42734334 0.37801567
0.5432348 0.45502284 0.3945961
0.5589211 0.47070915 0.41028237
0.5353917 0.44583017 0.39370194
0.5353917 0.44583017 0.39370194
0.53381526 0.45120275 0.40457252
0.5479251 0.4736111 0.42418036
0.5518467 0.47753266 0.42810193
0.56126624 0.47865367 0.4320235
0.567533 0.49186942 0.45073733
0.5596899 0.48402628 0.4428942
0.5643801 0.50261456 0.4724785
0.5471175 0.4923008 0.46766275
0.49613702 0.43997085 0.42363134
0.50632524 0.45845768 0.4393176
0.5000586 0.44254285 0.434502
0.5079017 0.450386 0.44234514
0.5220115 0.47279438 0.46195298
0.50632524 0.4571081 0.4462667
0.52985466 0.48063752 0.46979612
0.5102468 0.46102968 0.45018828
0.52985466 0.48063752 0.46979612
0.50632524 0.4571081 0.4462667
0.5416194 0.4924023 0.48156086
0.523588 0.46742183 0.45108232
0.5079017 0.45173556 0.43539605
0.52750957 0.4713434 0.4550039
0.51574486 0.4595787 0.44323918
0.52750957 0.4713434 0.4550039
0.52985466 0.4819871 0.46284702
0.5337762 0.48590866 0.4667686
0.51966643 0.46350026 0.44716075
0.49613702 0.43997085 0.42363134
0.5102468 0.46102968 0.45018828
0.5220115 0.47279438 0.46195298
0.5000586 0.44254285 0.434502
0.50398016 0.44646442 0.43842357
0.49613702 0.43862128 0.43058044
0.5102468 0.46102968 0.45018828
0.5220115 0.47279438 0.46195298
0.5220115 0.47279438 0.46195298
0.52043504 0.47951654 0.46587455
0.54004294 0.49912444 0.48548242
0.53769785 0.4898303 0.4706902
0.5000586 0.44389242 0.4275529
0.49613702 0.43997085 0.42363134
0.49456054 0.44669297 0.4275529
0.5259331 0.47806552 0.45892546
0.5220115 0.47549352 0.44805488
0.523588 0.4687714 0.4441333
0.50713307 0.43706885 0.40973336
0.48360363 0.41353944 0.38620394
0.5149762 0.444912 0.4175765
0.49536833 0.4266537 0.39101964
0.49536833 0.4266537 0.39101964
0.50713307 0.43841842 0.40278435
0.53692913 0.47516352 0.44502747
0.5392743 0.48580718 0.4528706
0.49771345 0.43594784 0.4058118
0.53300756 0.47124195 0.4411059
0.52281934 0.45275512 0.42541963
0.52281934 0.45275512 0.42541963
0.49694476 0.41858205 0.39404708
0.5283173 0.45130417 0.41847062
0.5243957 0.4473826 0.41454905
0.48675644 0.4014448 0.3714118
0.51028585 0.4249742 0.3949412
0.24103987 0.35724908 0.4866588
0.2606477 0.37685692 0.50626665
0.28417712 0.40038633 0.52979606
0.30143982 0.4093505 0.54156077
0.3171261 0.4250368 0.55724704
0.32496923 0.43287992 0.5650902
0.314781 0.41304353 0.556353
0.30774552 0.37841347 0.54672146
0.2975573 0.3572275 0.5449334
0.29363573 0.35195637 0.5479609
0.29363573 0.35060686 0.5549098
0.2991337 0.3478063 0.5549098
0.30305526 0.35172787 0.5588314
0.31247488 0.35149935 0.5697019
0.3218944 0.3526204 0.5736235
0.3218944 0.3526204 0.5736235
0.3218944 0.3526204 0.5736235
0.320318 0.3593425 0.57754505
0.32973754 0.36046353 0.5814666
0.3226631 0.36998618 0.5853882
0.3226631 0.36998618 0.5853882
0.31874153 0.36741415 0.57451767
0.32658467 0.37390774 0.58930975
0.34150225 0.37222824 0.5932313
0.35484344 0.37727082 0.60107446
0.358765 0.3811924 0.604996
0.36268657 0.38781303 0.5950197
0.364263 0.3878387 0.556353
0.41212952 0.4270042 0.5043373
0.44273332 0.4477587 0.48920003
0.44192567 0.470497 0.51183534
0.33438885 0.4420982 0.5273177
0.2684518 0.4275033 0.5346118
0.3311969 0.49024838 0.5973569
0.41747144 0.57652295 0.6836314
0.5163183 0.6518239 0.7590353
0.58063996 0.70919627 0.8109098
0.599479 0.71143836 0.81875294
0.59244365 0.6795073 0.79522353
0.5344278 0.5979455 0.71376467
0.476373 0.5551382 0.6736549
0.49751827 0.60542893 0.7376392
0.550036 0.6884419 0.82604706
0.57591057 0.72396445 0.85047066
0.56414586 0.71219975 0.8387059
0.48805967 0.6471112 0.75421965
0.4096283 0.5700294 0.6688392
0.42531458 0.58571565 0.6845255
0.4778714 0.62997395 0.7315843
0.50532234 0.6574249 0.7590353
0.4841381 0.6445392 0.743349
0.503746 0.664147 0.76295686
0.47629496 0.63669604 0.7355059
0.4606087 0.62100977 0.7198196
0.4621851 0.6142877 0.71589804
0.46845183 0.6288529 0.72766274
0.4331577 0.59085965 0.70626664
0.41197342 0.5779739 0.69058037
0.5155497 0.6371571 0.73337257
0.40271 0.4299318 0.4795686
0.3823334 0.39430773 0.4412471
0.2834474 0.35101372 0.4419373
0.19871035 0.29272303 0.4139372
0.20732218 0.3165824 0.44049415
0.22143203 0.33764124 0.46705097
0.24573007 0.37718692 0.50929415
0.27787137 0.4245757 0.55938035
0.32727534 0.48092866 0.62123126
0.35864788 0.5136507 0.64565486
0.35864788 0.5136507 0.64565486
0.35080475 0.5058076 0.6378117
0.37433416 0.529337 0.66134113
0.37983215 0.52518696 0.6682901
0.276334 0.38849455 0.5427999
0.19402003 0.27278525 0.39130193
0.18540819 0.25297448 0.34389806
0.19090624 0.25287303 0.32999998
0.17679638 0.23586287 0.28259605
0.16580035 0.24551259 0.26174906
0.1626085 0.3044591 0.27619612
0.15403564 0.23374788 0.24998435
0.17364348 0.24795754 0.2973882
0.41835722 0.48437268 0.53660387
0.3877924 0.42891225 0.48954508
0.25926644 0.20735022 0.21310586
0.31501514 0.20885654 0.16232938
0.4954073 0.39194778 0.32882357
0.53931326 0.45110127 0.39067453
0.54634875 0.48168275 0.42115292
0.55811346 0.4934475 0.43291765
0.5526154 0.49624807 0.43291765
0.58398795 0.5276206 0.4642902
0.6153605 0.55899316 0.49566275
0.6271252 0.57075787 0.50742745
0.6506546 0.5942873 0.53095686
0.67026246 0.6152446 0.54361576
0.6647645 0.61669564 0.5505647
0.6569214 0.6088525 0.54272157
0.6451567 0.5970878 0.53095686
0.63731354 0.58924466 0.5231137
0.605941 0.55652255 0.4986902
0.58633316 0.5369147 0.47908235
0.5824116 0.53164357 0.48210987
0.53769785 0.49387887 0.4498432
0.54946256 0.5029445 0.4755059
0.5337762 0.48725823 0.45981959
0.5008272 0.46125826 0.4393176
0.5141684 0.46495125 0.45410985
0.50632524 0.4571081 0.4462667
0.5024037 0.45318654 0.44234514
0.5141684 0.46495125 0.45410985
0.5024037 0.45318654 0.44234514
0.5102468 0.46102968 0.45018828
0.5141684 0.46495125 0.45410985
0.5259331 0.47671595 0.46587455
0.5102468 0.46102968 0.45018828
0.53769785 0.48848072 0.4776393
0.51966643 0.46350026 0.44716075
0.51574486 0.4595787 0.44323918
0.51574486 0.4595787 0.44323918
0.51966643 0.46350026 0.44716075
0.5353527 0.47918653 0.46284702
0.52985466 0.4819871 0.46284702
0.5416194 0.49375185 0.47461176
0.51966643 0.4621507 0.45410985
0.5000586 0.44254285 0.434502
0.50632524 0.4571081 0.4462667
0.5220115 0.47279438 0.46195298
0.51808995 0.46887282 0.45803142
0.50398016 0.44646442 0.43842357
0.49063897 0.44142184 0.43058044
0.51808995 0.46887282 0.45803142
0.52985466 0.48063752 0.46979612
0.5125919 0.4716734 0.45803142
0.52043504 0.47951654 0.46587455
0.53612137 0.49520287 0.48156086
0.5337762 0.4845591 0.4737177
0.4867174 0.43884984 0.41970977
0.49613702 0.43997085 0.42363134
0.4984821 0.45061454 0.43147448
0.51808995 0.47022238 0.45108232
0.51808995 0.47022238 0.45108232
0.523588 0.4687714 0.4441333
0.4992899 0.4292257 0.40189022
0.47968206 0.40961787 0.38228238
0.5173213 0.45555568 0.42541963
0.501635 0.4398694 0.40973336
0.4992899 0.43057528 0.3949412
0.5149762 0.444912 0.4175765
0.53143114 0.47796404 0.44502747
0.5471175 0.4923008 0.46766275
0.51574486 0.46092826 0.43629017
0.529086 0.46732038 0.43718433
0.5149762 0.444912 0.4175765
0.5032115 0.43314728 0.4058118
0.4992899 0.4292257 0.40189022
0.5306625 0.46059826 0.43326277
0.53223884 0.45522574 0.4223922
0.48125848 0.40424535 0.3714118
0.50478786 0.42777476 0.3949412
0.17279682 0.29460543 0.43781173
0.17122027 0.3013276 0.4417333
0.19240466 0.31421328 0.45741957
0.19474968 0.324857 0.4652627
0.20651439 0.33527216 0.48397636
0.20651439 0.33527216 0.48397636
0.20809093 0.32720044 0.4870039
0.21751046 0.32697195 0.49787456
0.21751046 0.32562238 0.5048236
0.22143203 0.32819438 0.51569414
0.22927517 0.33603752 0.5235373
0.22769877 0.3414101 0.5344078
0.23162034 0.3439821 0.54527843
0.23162034 0.3439821 0.54527843
0.23946348 0.3504757 0.5600706
0.25280458 0.35686785 0.5609647
0.26456928 0.367283 0.5796784
0.26849085 0.37120456 0.5836
0.27241242 0.37512612 0.58752155
0.276334 0.3790477 0.5914431
0.28183198 0.37624717 0.5914431
0.28575355 0.38016874 0.5953647
0.29359668 0.38666236 0.6101568
0.31243584 0.38890442 0.6179999
0.3163574 0.392826 0.6219215
0.3296985 0.3992181 0.62281567
0.33677298 0.3937441 0.5980471
0.3493454 0.3895182 0.5524314
0.39878842 0.42061204 0.5034432
0.4466549 0.45168027 0.4931216
0.44742364 0.4676965 0.51183534
0.36107105 0.453533 0.5360549
0.27787137 0.42862433 0.53853333
0.33904004 0.49809152 0.60520005
0.43631053 0.57876503 0.69147456
0.52416146 0.659667 0.7668784
0.58613795 0.70639575 0.8109098
0.6010555 0.70471627 0.8148314
0.5916749 0.66349113 0.77650976
0.5226631 0.5861808 0.702
0.47871816 0.56578183 0.68149805
0.5077066 0.62391573 0.75332546
0.550036 0.6884419 0.82604706
0.57591057 0.72396445 0.85047066
0.5602243 0.7082782 0.8347844
0.48021653 0.63926804 0.7463765
0.41747144 0.5778725 0.67668235
0.4331577 0.5935588 0.6923686
0.4778714 0.62997395 0.7315843
0.49747923 0.6495818 0.75119215
0.4896361 0.64173865 0.743349
0.50766754 0.6680686 0.7668784
0.48021653 0.6406176 0.73942745
0.4723734 0.6327745 0.7315843
0.4621851 0.6142877 0.71589804
0.4723734 0.6327745 0.7315843
0.448844 0.6065459 0.7219529
0.415895 0.5818955 0.69450194
0.5155497 0.63850665 0.7264235
0.41212952 0.43105283 0.48349017
0.38625497 0.3982293 0.44516867
0.29286703 0.35213473 0.44585887
0.20655349 0.30056617 0.42178035
0.20340061 0.31266084 0.43657258
0.23319674 0.34805638 0.48576474
0.25749478 0.3876021 0.5280078
0.29355764 0.44026196 0.5750666
0.3429616 0.49661493 0.63691753
0.3688361 0.530788 0.6682901
0.3688361 0.530788 0.6682901
0.36099297 0.52294487 0.66044694
0.38217732 0.5358306 0.6761333
0.37983215 0.52518696 0.6682901
0.26849085 0.37930185 0.5419059
0.1861769 0.26359257 0.3904078
0.17756505 0.24513136 0.33605492
0.18698467 0.24895146 0.32607841
0.17287481 0.2319413 0.27867448
0.17914154 0.25190473 0.2626431
0.16026336 0.29381546 0.268353
0.15011407 0.22982632 0.24606279
0.18463951 0.243706 0.2904392
0.41758853 0.46970597 0.51094115
0.39878842 0.42735976 0.46869808
0.22316459 0.19884309 0.17960003
0.4137841 0.3657152 0.2995843
0.60986257 0.5631432 0.4887138
0.6922155 0.64549613 0.57106674
0.7079018 0.662532 0.57980394
0.7079018 0.662532 0.57980394
0.7275096 0.6821398 0.59941185
0.73300755 0.68068886 0.5924627
0.70947814 0.65715945 0.5689333
0.6859487 0.63363004 0.5454039
0.6781056 0.6257869 0.53756076
0.7055566 0.6532379 0.56501174
0.7133997 0.661081 0.5728549
0.69771343 0.64539474 0.5571686
0.70947814 0.65850896 0.5619843
0.701635 0.6506658 0.55414116
0.69771343 0.64539474 0.5571686
0.7196665 0.67564625 0.5846196
0.7275096 0.6821398 0.59941185
0.71809 0.67966926 0.6024393
0.72435665 0.692885 0.62115294
0.70709395 0.68257123 0.61633724
0.66003513 0.6328133 0.5831765
0.60905474 0.5804834 0.5391452
0.5423881 0.51246715 0.47942746
0.5031724 0.47190192 0.44716075
0.5031724 0.47055236 0.45410985
0.51101553 0.4783955 0.46195298
0.50867033 0.46775183 0.45410985
0.5102468 0.46102968 0.45018828
0.5259331 0.47671595 0.46587455
0.5024037 0.45318654 0.44234514
0.53769785 0.48848072 0.4776393
0.5353527 0.47918653 0.46284702
0.51574486 0.4595787 0.44323918
0.5079017 0.45173556 0.43539605
0.51966643 0.46350026 0.44716075
0.53769785 0.4898303 0.4706902
0.5337762 0.48590866 0.4667686
0.52985466 0.4819871 0.46284702
0.51808995 0.46887282 0.45803142
0.50398016 0.44646442 0.43842357
0.5102468 0.46102968 0.45018828
0.52985466 0.48063752 0.46979612
0.5141684 0.46495125 0.45410985
0.49456054 0.4453434 0.434502
0.4867174 0.43750027 0.42665887
0.5220115 0.47279438 0.46195298
0.5243566 0.4834381 0.46979612
0.50867033 0.46775183 0.45410985
0.51651347 0.47559497 0.46195298
0.5321998 0.4912813 0.4776393
0.5243566 0.4834381 0.46979612
0.4867174 0.43750027 0.42665887
0.4867174 0.43884984 0.41970977
0.4984821 0.45061454 0.43147448
0.51808995 0.47022238 0.45108232
0.5259331 0.47806552 0.45892546
0.5118233 0.4570067 0.4323686
0.4898703 0.4281047 0.39796865
0.4663409 0.4045753 0.37443924
0.53143114 0.47661453 0.45197645
0.50398016 0.45051306 0.4175765
0.501635 0.4398694 0.40973336
0.5032115 0.43314728 0.4058118
0.523588 0.4687714 0.4441333
0.55103904 0.49622238 0.47158432
0.53143114 0.47661453 0.45197645
0.52124286 0.45812774 0.43629017
0.49144676 0.42138258 0.39404708
0.49536833 0.42530414 0.39796865
0.51105464 0.44099042 0.41365492
0.5306625 0.46059826 0.43326277
0.53223884 0.45522574 0.4223922
0.48125848 0.40424535 0.3714118
0.50478786 0.42777476 0.3949412
0.14530672 0.3045595 0.45865887
0.15707143 0.31497467 0.47737265
0.15549502 0.32169676 0.4812942
0.16568324 0.33883405 0.50392944
0.16960481 0.34275562 0.507851
0.17194997 0.35339928 0.51569414
0.17587154 0.3559713 0.52656466
0.1742951 0.36134386 0.5374353
0.17271869 0.36806595 0.5413569
0.1860598 0.37175903 0.556149
0.1844834 0.3771316 0.5670195
0.17740895 0.38665426 0.5709411
0.1758325 0.3920268 0.5818117
0.18917365 0.3970694 0.58965486
0.19701679 0.40356302 0.60444695
0.19544034 0.41028512 0.6083685
0.20720504 0.42070022 0.62708247
0.2056286 0.42742234 0.631004
0.21739331 0.43918705 0.64276874
0.22523645 0.4470302 0.6506119
0.22915801 0.44960222 0.66148233
0.23700115 0.45744535 0.6693255
0.24249916 0.4546448 0.6693255
0.25191873 0.45576584 0.6732471
0.26918146 0.46473 0.68501174
0.27467948 0.46327898 0.6780628
0.306091 0.45859608 0.6541882
0.314781 0.41034445 0.57025087
0.3893688 0.4181415 0.50647056
0.4466549 0.45168027 0.4931216
0.4450785 0.45705283 0.5039922
0.36264747 0.4468109 0.53213334
0.28179294 0.4325459 0.54245496
0.34453803 0.495291 0.60520005
0.45357323 0.5890788 0.6962902
0.53358114 0.66078794 0.7708
0.5782948 0.6985526 0.8030667
0.60420835 0.6926216 0.8000392
0.5775651 0.64243233 0.7499529
0.5242396 0.5808082 0.6911294
0.4865613 0.57227546 0.6962902
0.52339286 0.639602 0.76901174
0.5618007 0.7002066 0.83781177
0.57983214 0.727886 0.8543922
0.5563027 0.7043566 0.83086276
0.47629496 0.6353465 0.74245495
0.42531458 0.58571565 0.6845255
0.44100085 0.60275143 0.69326276
0.47394982 0.6274019 0.72071373
0.49747923 0.6495818 0.75119215
0.49355766 0.6456602 0.7472706
0.503746 0.664147 0.76295686
0.48805967 0.64846075 0.7472706
0.48179296 0.6338955 0.7355059
0.47002825 0.6221308 0.7237412
0.47002825 0.6221308 0.7237412
0.45276555 0.6104675 0.7258745
0.41981655 0.58581704 0.6984235
0.49986342 0.6214708 0.7176863
0.41212952 0.43105283 0.48349017
0.39017653 0.40080133 0.4560392
0.2967886 0.35740584 0.44283134
0.21047506 0.30448774 0.42570192
0.21674179 0.31770343 0.44441572
0.2371183 0.35197794 0.4896863
0.26925948 0.3993668 0.5397725
0.29982436 0.45347768 0.5937803
0.34138513 0.503337 0.6408391
0.36491454 0.52686644 0.6643685
0.3688361 0.530788 0.6682901
0.3766793 0.5386312 0.6761333
0.3860989 0.5397522 0.68005484
0.38375375 0.52775896 0.6791608
0.27083603 0.38994554 0.549749
0.20186317 0.27792928 0.41304317
0.17364348 0.24120979 0.33213335
0.19482781 0.25814414 0.32697257
0.18071795 0.24113399 0.2795686
0.19482781 0.267591 0.27832937
0.17910251 0.29740706 0.2692471
0.17210612 0.22402233 0.2182667
0.2787962 0.30716637 0.3015137
0.6043255 0.59795064 0.56480783
0.6874861 0.66026425 0.61062753
0.690639 0.6522183 0.5749883
0.6922155 0.6468457 0.56411767
0.6765292 0.6311594 0.5484314
0.6804508 0.63643056 0.5454039
0.71182334 0.6678031 0.57677644
0.71182334 0.6678031 0.57677644
0.6859487 0.63497955 0.5384549
0.6781056 0.6271364 0.53061175
0.6859487 0.63497955 0.5384549
0.7055566 0.6545874 0.55806273
0.70947814 0.65850896 0.5619843
0.7055566 0.6545874 0.55806273
0.69379187 0.6428227 0.546298
0.69771343 0.6480938 0.54327065
0.7110546 0.6531364 0.5511138
0.7110546 0.6531364 0.5511138
0.70947814 0.66120803 0.54808635
0.7267409 0.67017215 0.55985105
0.7149762 0.65840745 0.54808635
0.7228193 0.6662506 0.5559295
0.7110546 0.6544859 0.5441648
0.69771343 0.6480938 0.54327065
0.701635 0.6506658 0.55414116
0.7039802 0.6613095 0.5619843
0.7298547 0.6941331 0.60030586
0.73454493 0.7113718 0.6368392
0.7251254 0.7075516 0.6468157
0.6608039 0.64747995 0.6088392
0.58237255 0.5690486 0.53040785
0.523549 0.50887555 0.47853333
0.5212038 0.49688235 0.4776393
0.49532923 0.46270922 0.4462667
0.5267018 0.49408183 0.4776393
0.5243566 0.48478767 0.46284702
0.51966643 0.46350026 0.44716075
0.5079017 0.45173556 0.43539605
0.52750957 0.4713434 0.4550039
0.5337762 0.48590866 0.4667686
0.51651347 0.47694454 0.4550039
0.53769785 0.4898303 0.4706902
0.5141684 0.46495125 0.45410985
0.4984821 0.44926497 0.43842357
0.51808995 0.46887282 0.45803142
0.5337762 0.4845591 0.4737177
0.5141684 0.46495125 0.45410985
0.4867174 0.43750027 0.42665887
0.49456054 0.4453434 0.434502
0.51651347 0.47559497 0.46195298
0.5243566 0.48208857 0.47674513
0.50867033 0.4664023 0.46105886
0.52043504 0.478167 0.47282356
0.5243566 0.4834381 0.46979612
0.5220115 0.47279438 0.46195298
0.49063897 0.44142184 0.43058044
0.4867174 0.43884984 0.41970977
0.50632524 0.45845768 0.4393176
0.5102468 0.46237925 0.44323918
0.5220115 0.47414395 0.4550039
0.5000586 0.445242 0.4206039
0.4781056 0.41634 0.38620394
0.47026247 0.40849686 0.3783608
0.52985466 0.48333666 0.45589802
0.5079017 0.45308512 0.42844704
0.5173213 0.45420617 0.4323686
0.48594874 0.42418313 0.39404708
0.5118233 0.4570067 0.4323686
0.55103904 0.49622238 0.47158432
0.52750957 0.47269297 0.44805488
0.52124286 0.45812774 0.43629017
0.48594874 0.42283362 0.40099606
0.51105464 0.4396409 0.4206039
0.5133997 0.4502846 0.42844704
0.5173213 0.45555568 0.42541963
0.52281934 0.4541047 0.41847062
0.48125848 0.40424535 0.3714118
0.4992899 0.4292257 0.40189022
0.16879712 0.3668435 0.5235373
0.16722068 0.37221608 0.5344078
0.16798936 0.3882323 0.55312157
0.19151877 0.4117617 0.576651
0.1993619 0.4182553 0.5914431
0.18994233 0.41713428 0.58752155
0.21347174 0.4393142 0.6179999
0.19855416 0.43964413 0.6210274
0.19855416 0.43964413 0.6210274
0.21031886 0.45140883 0.6327921
0.22050716 0.4685461 0.65542734
0.2055896 0.4702256 0.65150577
0.20401312 0.47559816 0.6623765
0.19851515 0.4770491 0.6693255
0.21185626 0.48209172 0.6771686
0.21420142 0.4927354 0.68501174
0.20870341 0.4941864 0.69196075
0.21262498 0.49810797 0.6958823
0.21654655 0.50202954 0.6998039
0.21654655 0.50202954 0.6998039
0.22046812 0.5059511 0.70372546
0.2298877 0.50707215 0.707647
0.2298877 0.50707215 0.707647
0.23538567 0.5042716 0.707647
0.24480529 0.5067421 0.70461965
0.25030327 0.5025921 0.7115686
0.2683737 0.49286658 0.67985094
0.28413808 0.43509227 0.5919922
0.38387084 0.42094204 0.50647056
0.4466549 0.45168027 0.4931216
0.4450785 0.45705283 0.5039922
0.37598866 0.45320302 0.5330274
0.29513404 0.43893805 0.54334897
0.36964384 0.5120983 0.62480783
0.4574948 0.59300035 0.70021176
0.54692227 0.66718006 0.7716941
0.5759496 0.68790895 0.79522353
0.5861769 0.66629165 0.77650976
0.55795723 0.6228245 0.7303451
0.51639646 0.5729651 0.68328625
0.49440444 0.5801186 0.70413333
0.525738 0.6488961 0.78380394
0.5657223 0.70412815 0.84173334
0.57983214 0.727886 0.8543922
0.5390401 0.696742 0.812149
0.45511067 0.6238103 0.7198196
0.43158126 0.6016304 0.6893412
0.448844 0.6105946 0.7011059
0.48179296 0.635245 0.7285569
0.50532234 0.65877444 0.7520863
0.50532234 0.6574249 0.7590353
0.50766754 0.6680686 0.7668784
0.49198124 0.6523823 0.75119215
0.48571452 0.6391666 0.73247844
0.47002825 0.6234803 0.71679217
0.47944778 0.62325186 0.72766274
0.4723734 0.6314249 0.7385334
0.43550283 0.6015033 0.7141098
0.5155497 0.6371571 0.73337257
0.41055313 0.43777493 0.48741174
0.3839098 0.38758564 0.43732554
0.30228657 0.35460532 0.44283134
0.21047506 0.30448774 0.42570192
0.22066335 0.32027546 0.45528626
0.24103987 0.3558995 0.49360788
0.27710262 0.40720993 0.54761565
0.29982436 0.45347768 0.5937803
0.34138513 0.503337 0.6408391
0.37275773 0.53470963 0.6722117
0.36491454 0.52686644 0.6643685
0.3766793 0.5386312 0.6761333
0.39394203 0.5475953 0.687898
0.39551845 0.53952366 0.6909255
0.29436544 0.4121254 0.5802275
0.21597303 0.29898813 0.4396
0.16972192 0.23728822 0.32821178
0.19717291 0.26743832 0.3417647
0.24346305 0.30522862 0.33536476
0.23800412 0.27467278 0.2662196
0.46783927 0.479411 0.4323686
0.66003513 0.6355124 0.5692784
0.67337626 0.6419046 0.57017255
0.69848216 0.6600614 0.58283144
0.6961371 0.65076727 0.5680393
0.67260766 0.62723786 0.5445099
0.6765292 0.632509 0.5414823
0.7055566 0.6532379 0.56501174
0.6804508 0.63643056 0.5454039
0.68437237 0.64035213 0.54932547
0.7039802 0.65996 0.5689333
0.7133997 0.6624305 0.56590587
0.7055566 0.6545874 0.55806273
0.701635 0.6506658 0.55414116
0.70947814 0.65850896 0.5619843
0.69379187 0.6428227 0.546298
0.701635 0.6520154 0.5471922
0.72124285 0.67162323 0.56680006
0.70947814 0.6598585 0.55503535
0.7251644 0.6755448 0.5707216
0.7251644 0.6755448 0.5707216
0.7267409 0.67017215 0.55985105
0.70713305 0.6505643 0.5402432
0.6914468 0.6362276 0.5176079
0.70713305 0.6519139 0.5332942
0.7110546 0.65583545 0.5372157
0.7165526 0.6530349 0.5372157
0.70086634 0.63734865 0.52152944
0.7047879 0.6412702 0.52545106
0.6875252 0.63230604 0.5136863
0.7110546 0.6544859 0.5441648
0.7055566 0.65593696 0.5511138
0.6961371 0.65346634 0.55414116
0.6969057 0.6681331 0.57980394
0.7212038 0.70632917 0.6289961
0.6984431 0.69476736 0.6450275
0.6278549 0.62282956 0.58138824
0.5556902 0.5576139 0.5216706
0.5298157 0.52344084 0.49029803
0.5094391 0.48646715 0.45892546
0.5024037 0.4545361 0.43539605
0.5102468 0.46237925 0.44323918
0.5141684 0.46630082 0.44716075
0.52043504 0.47951654 0.46587455
0.5321998 0.4912813 0.4776393
0.5141684 0.46495125 0.45410985
0.49456054 0.44669297 0.4275529
0.5220115 0.47279438 0.46195298
0.53769785 0.48848072 0.4776393
0.5141684 0.46495125 0.45410985
0.48279583 0.4335787 0.4227373
0.5024037 0.45318654 0.44234514
0.51651347 0.47424543 0.468902
0.5243566 0.48208857 0.47674513
0.5125919 0.47032386 0.46498042
0.50867033 0.4664023 0.46105886
0.52043504 0.478167 0.47282356
0.5141684 0.46495125 0.45410985
0.4867174 0.43884984 0.41970977
0.47887427 0.4310067 0.41186664
0.48279583 0.43492827 0.4157882
0.50632524 0.45845768 0.4393176
0.5259331 0.47806552 0.45892546
0.5000586 0.445242 0.4206039
0.4757605 0.4043468 0.3853098
0.4726076 0.417791 0.39315292
0.52985466 0.4819871 0.46284702
0.5141684 0.46765038 0.44021174
0.51574486 0.46092826 0.43629017
0.4898703 0.4267552 0.40491763
0.4898703 0.4267552 0.40491763
0.5251644 0.4620493 0.44021174
0.5251644 0.4620493 0.44021174
0.5149762 0.44356248 0.42452547
0.48202717 0.41891205 0.3970745
0.50947815 0.44636303 0.42452547
0.5133997 0.4502846 0.42844704
0.5133997 0.4502846 0.42844704
0.50713307 0.43706885 0.40973336
0.4757605 0.4056963 0.3783608
0.49771345 0.43594784 0.4058118
0.17894632 0.42273536 0.58752155
0.17736991 0.42810795 0.59839207
0.19305618 0.44244465 0.6210274
0.20324445 0.46093148 0.6367137
0.21500915 0.4726962 0.6484784
0.22677386 0.4844609 0.6602431
0.22127588 0.4872614 0.6602431
0.22127588 0.48591188 0.66719204
0.22519745 0.48983344 0.6711136
0.23696215 0.5015981 0.6828783
0.2314641 0.50304914 0.68982756
0.22046812 0.5073007 0.6967765
0.22673482 0.5218659 0.70854115
0.21889168 0.51267326 0.707647
0.21889168 0.51267326 0.707647
0.21889168 0.51267326 0.707647
0.21731527 0.51939535 0.7115686
0.20947213 0.5115522 0.70372546
0.21889168 0.51267326 0.707647
0.22673482 0.5205164 0.71549016
0.21889168 0.51267326 0.707647
0.22673482 0.5205164 0.71549016
0.23223282 0.5177158 0.71549016
0.22046812 0.5059511 0.70372546
0.23380926 0.5123432 0.70461965
0.22754253 0.497778 0.6928549
0.25895417 0.4930951 0.6689803
0.27706364 0.44461495 0.59591377
0.38387084 0.42229158 0.4995216
0.43881175 0.4451867 0.4783294
0.44900006 0.46232393 0.50096476
0.3720671 0.44928145 0.52910584
0.30847517 0.44398066 0.5511921
0.3908281 0.52633363 0.63354504
0.4747576 0.6019644 0.71197647
0.54849863 0.66045797 0.76777256
0.5791025 0.6758143 0.7804314
0.58148664 0.6463539 0.7538745
0.5399259 0.5964945 0.70681566
0.5085533 0.56512195 0.6754431
0.49517316 0.5974844 0.71589804
0.53358114 0.65673923 0.7916471
0.56414586 0.71219975 0.8387059
0.5743342 0.73068655 0.8543922
0.53119695 0.68889886 0.80430585
0.4511891 0.62123823 0.708949
0.43550283 0.6069015 0.68631375
0.45511067 0.62650937 0.70592153
0.49355766 0.6483593 0.73337257
0.5210086 0.6744607 0.76777256
0.5131655 0.6666176 0.7599294
0.5115891 0.67333966 0.763851
0.50140077 0.65485287 0.7481647
0.48571452 0.6391666 0.73247844
0.47944778 0.62460136 0.72071373
0.4778714 0.62997395 0.7315843
0.47629496 0.6353465 0.74245495
0.4394244 0.6054249 0.71803135
0.52181643 0.65037274 0.7520863
0.4278158 0.4467391 0.49917644
0.38783136 0.3915072 0.4412471
0.3085533 0.36917055 0.45459604
0.22223976 0.31625244 0.43746662
0.22458492 0.32419702 0.45920783
0.24888301 0.36374265 0.501451
0.27944776 0.4178536 0.5554588
0.30374593 0.45739925 0.59770185
0.34688318 0.5005365 0.6408391
0.3688361 0.530788 0.6682901
0.3570714 0.5190233 0.6565254
0.37825575 0.53190905 0.6722117
0.39394203 0.5475953 0.687898
0.41120473 0.55520993 0.70661175
0.31239673 0.4384554 0.6037569
0.2300829 0.3213965 0.45920783
0.19248265 0.24615094 0.32607841
0.2536904 0.2876599 0.29580396
0.5768745 0.57184917 0.53040785
0.6812194 0.6497477 0.5780157
0.6812194 0.65109724 0.57106674
0.7063253 0.66790456 0.5906746
0.6922155 0.6468457 0.56411767
0.6686861 0.62466586 0.5336392
0.68437237 0.64035213 0.54932547
0.71182334 0.6678031 0.57677644
0.6765292 0.632509 0.5414823
0.6765292 0.632509 0.5414823
0.68829393 0.6456232 0.546298
0.7079018 0.66523105 0.56590587
0.7039802 0.6613095 0.5619843
0.7079018 0.66523105 0.56590587
0.7173213 0.6663521 0.56982744
0.69379187 0.6428227 0.546298
0.69771343 0.64674425 0.5502196
0.7055566 0.6545874 0.55806273
0.72124285 0.67162323 0.56680006
0.7251644 0.6755448 0.5707216
0.7173213 0.6690512 0.5559295
0.7055566 0.65728647 0.5441648
0.7110546 0.6544859 0.5441648
0.69536835 0.6387996 0.5284785
0.7032115 0.6479923 0.5293726
0.7032115 0.6479923 0.5293726
0.70086634 0.63734865 0.52152944
0.6930232 0.6295055 0.5136863
0.68910164 0.62558395 0.5097648
0.68518007 0.6216624 0.50584316
0.70713305 0.6519139 0.5332942
0.6914468 0.6362276 0.5176079
0.68518007 0.6216624 0.50584316
0.7087095 0.6451918 0.5293726
0.7204742 0.6556069 0.54808635
0.7047879 0.63992065 0.5324001
0.7110546 0.6544859 0.5441648
0.69379187 0.64417225 0.5393491
0.7079018 0.66388154 0.5728549
0.7110155 0.6891919 0.60636085
0.70394117 0.6933163 0.63807845
0.6302 0.6348228 0.5822824
0.56353337 0.56680655 0.5225647
0.5243177 0.52624136 0.49029803
0.5039411 0.48926768 0.45892546
0.51728225 0.49296072 0.4737177
0.5212038 0.49688235 0.4776393
0.51808995 0.46887282 0.45803142
0.49456054 0.44669297 0.4275529
0.5259331 0.47806552 0.45892546
0.5416194 0.4924023 0.48156086
0.5102468 0.46102968 0.45018828
0.48279583 0.4335787 0.4227373
0.48906252 0.448144 0.434502
0.5243566 0.4834381 0.46979612
0.51651347 0.47424543 0.468902
0.50867033 0.4664023 0.46105886
0.4929841 0.45206556 0.43842357
0.52043504 0.47951654 0.46587455
0.50474876 0.46383026 0.45018828
0.48279583 0.4335787 0.4227373
0.48279583 0.43492827 0.4157882
0.4867174 0.43884984 0.41970977
0.50632524 0.45845768 0.4393176
0.5259331 0.47806552 0.45892546
0.49613702 0.44132042 0.41668233
0.4663409 0.40322578 0.38138822
0.47103113 0.42451313 0.3970745
0.5243566 0.48478767 0.46284702
0.5141684 0.46765038 0.44021174
0.51574486 0.46092826 0.43629017
0.49379188 0.43067676 0.4088392
0.4781056 0.41499048 0.39315292
0.4875252 0.4161115 0.3970745
0.51105464 0.4396409 0.4206039
0.5032115 0.43179777 0.41276076
0.49771345 0.43324876 0.41970977
0.501635 0.4385199 0.41668233
0.5173213 0.45420617 0.4323686
0.5173213 0.45420617 0.4323686
0.501635 0.4398694 0.40973336
0.48202717 0.42026156 0.3901255
0.49771345 0.43459833 0.41276076
0.18129148 0.43202952 0.60231364
0.18913461 0.43852308 0.61710584
0.19540131 0.45308834 0.62887055
0.21108758 0.46877462 0.6445568
0.21893072 0.47661775 0.65239996
0.21893072 0.47661775 0.65239996
0.22519745 0.48983344 0.6711136
0.22911902 0.493755 0.6750352
0.22519745 0.48983344 0.6711136
0.23853856 0.49487606 0.67895675
0.24246013 0.50014716 0.67592937
0.23304059 0.49767658 0.67895675
0.23538567 0.5083203 0.6867999
0.21812299 0.49800652 0.6819844
0.2298877 0.5097712 0.69374907
0.2314641 0.50304914 0.68982756
0.23930724 0.51224184 0.69072145
0.23930724 0.51224184 0.69072145
0.24715038 0.52143455 0.69161564
0.2526484 0.51863396 0.69161564
0.26206797 0.519755 0.6955372
0.2581464 0.51583344 0.69161564
0.2636444 0.5143825 0.6846666
0.2636444 0.5143825 0.6846666
0.26129925 0.5050883 0.6698745
0.2683737 0.4969152 0.659004
0.27860105 0.47799695 0.62639225
0.30689874 0.4466541 0.5759608
0.3760277 0.41579798 0.48472944
0.4403883 0.4398141 0.46745878
0.4466549 0.45302984 0.48617253
0.36814553 0.44670945 0.51823527
0.31789485 0.44645122 0.54816467
0.3963262 0.523533 0.63354504
0.48417714 0.60443497 0.708949
0.542232 0.6472423 0.74905884
0.56499267 0.6534059 0.7608235
0.5595337 0.61745185 0.71947455
0.52031803 0.57823616 0.68025887
0.5030553 0.56792253 0.6754431
0.5014398 0.6107001 0.7346118
0.53984773 0.6713046 0.80341184
0.56806743 0.7161213 0.8426275
0.56649107 0.7228434 0.84654903
0.5139342 0.68128425 0.7855922
0.44334596 0.61474466 0.6941569
0.43000484 0.60970205 0.68631375
0.45511067 0.62650937 0.70592153
0.50140077 0.65620244 0.7412157
0.52885175 0.6836534 0.7686666
0.5210086 0.6744607 0.76777256
0.51943225 0.6811828 0.7716941
0.5131655 0.6666176 0.7599294
0.4896361 0.64308816 0.7364
0.4755262 0.6206798 0.71679217
0.48336935 0.6271734 0.7315843
0.4841381 0.6431896 0.7502981
0.4511891 0.6171896 0.72979605
0.525738 0.6542943 0.75600785
0.41839626 0.44561806 0.49525487
0.39017653 0.40215087 0.44909024
0.31405127 0.36637002 0.45459604
0.2183182 0.31233087 0.43354505
0.23242806 0.33204016 0.46705097
0.25280458 0.36766422 0.5053726
0.27160463 0.41001046 0.54761565
0.29982436 0.45347768 0.5937803
0.35080475 0.50445807 0.64476067
0.3704126 0.5240659 0.6643685
0.37433416 0.5279875 0.6682901
0.37433416 0.5279875 0.6682901
0.39394203 0.5475953 0.687898
0.40728316 0.55128837 0.7026902
0.32965955 0.44876906 0.6085725
0.27875715 0.33242548 0.41235292
0.5627647 0.54944074 0.5108
0.6655331 0.6327119 0.5692784
0.67495275 0.6351825 0.566251
0.69848216 0.6600614 0.58283144
0.6945606 0.6574894 0.5719608
0.67495275 0.6378816 0.552353
0.6922155 0.6468457 0.56411767
0.6922155 0.64819527 0.5571686
0.6804508 0.63643056 0.5454039
0.6804508 0.63643056 0.5454039
0.7039802 0.6613095 0.5619843
0.7314312 0.68876046 0.5894353
0.71182334 0.6691526 0.56982744
0.7079018 0.66523105 0.56590587
0.7196665 0.67699575 0.5776706
0.70005864 0.6573879 0.55806273
0.70005864 0.6573879 0.55806273
0.6961371 0.65346634 0.55414116
0.72124285 0.67027366 0.573749
0.7369291 0.6873095 0.58248633
0.72124285 0.67162323 0.56680006
0.69771343 0.6494433 0.53632164
0.7032115 0.64664274 0.53632164
0.7110546 0.6544859 0.5441648
0.7267409 0.67017215 0.55985105
0.7149762 0.65840745 0.54808635
0.7087095 0.6451918 0.5293726
0.70086634 0.63734865 0.52152944
0.6930232 0.6295055 0.5136863
0.6930232 0.6295055 0.5136863
0.6969448 0.6334271 0.5176079
0.6930232 0.6295055 0.5136863
0.6969448 0.6334271 0.5176079
0.71263105 0.64911336 0.5332942
0.70086634 0.63734865 0.52152944
0.68518007 0.6216624 0.50584316
0.6930232 0.6295055 0.5136863
0.70636433 0.6345481 0.52152944
0.70244277 0.63062656 0.5176079
0.70244277 0.63062656 0.5176079
0.6969448 0.6334271 0.5176079
0.68910164 0.62558395 0.5097648
0.69536835 0.6401492 0.52152944
0.7079018 0.6665806 0.5589569
0.71336067 0.69983554 0.614204
0.685102 0.69107425 0.6302353
0.59725106 0.60882276 0.5617804
0.5541138 0.564336 0.52559215
0.5305844 0.5421561 0.49511373
0.5251254 0.50215346 0.47461176
0.48514095 0.445572 0.42363134
0.5220115 0.47414395 0.4550039
0.5337762 0.4845591 0.4737177
0.5024037 0.45318654 0.44234514
0.4749527 0.42573556 0.41489416
0.49690565 0.45598713 0.44234514
0.52043504 0.47951654 0.46587455
0.5220115 0.47279438 0.46195298
0.5141684 0.46495125 0.45410985
0.50867033 0.46775183 0.45410985
0.52043504 0.47951654 0.46587455
0.50867033 0.46775183 0.45410985
0.4867174 0.43750027 0.42665887
0.4867174 0.43750027 0.42665887
0.4867174 0.43884984 0.41970977
0.4984821 0.45061454 0.43147448
0.5220115 0.47414395 0.4550039
0.49221545 0.43739885 0.41276076
0.4663409 0.40322578 0.38138822
0.48279583 0.43627784 0.4088392
0.51651347 0.47694454 0.4550039
0.50632524 0.45980725 0.4323686
0.5118233 0.4570067 0.4323686
0.50947815 0.44636303 0.42452547
0.50713307 0.43571934 0.41668233
0.49144676 0.42003307 0.40099606
0.48360363 0.41218993 0.39315292
0.48360363 0.41084036 0.40010193
0.5133997 0.44893503 0.43539605
0.49771345 0.43459833 0.41276076
0.5118233 0.4570067 0.4323686
0.51574486 0.46092826 0.43629017
0.501635 0.4385199 0.41668233
0.4781056 0.41499048 0.39315292
0.48045075 0.42563415 0.40099606
0.19544034 0.41703284 0.5736235
0.20170704 0.4315981 0.5853882
0.20955017 0.43944123 0.5932313
0.22131488 0.45120594 0.604996
0.23307958 0.46297064 0.61676073
0.24092272 0.47081378 0.62460387
0.24876586 0.47865692 0.632447
0.24876586 0.47865692 0.632447
0.24876586 0.48000646 0.62549806
0.25426388 0.47855544 0.6185491
0.2558403 0.47183335 0.61462754
0.27152658 0.48751962 0.6303138
0.28329128 0.49793476 0.64902747
0.28721285 0.5018563 0.65294904
0.300554 0.50689894 0.6607922
0.30839714 0.5160916 0.66168636
0.32723626 0.51968324 0.66258043
0.33115783 0.5249543 0.65955293
0.34999695 0.528546 0.66044694
0.3460754 0.5246244 0.6565254
0.34765187 0.5192518 0.64565486
0.34922826 0.51252973 0.6417333
0.33746356 0.50211453 0.62301964
0.33511847 0.49282044 0.60822743
0.33277333 0.4835263 0.5934353
0.3249302 0.47568315 0.58559215
0.3163183 0.4518238 0.55903524
0.32735336 0.40881768 0.51073724
0.38075697 0.3996803 0.45211762
0.43804315 0.43051994 0.4526667
0.4403883 0.4398141 0.46745878
0.3712984 0.43461475 0.5034432
0.30770653 0.4279644 0.5324784
0.38221633 0.5011246 0.6139372
0.47398886 0.58594817 0.69326276
0.5281221 0.62483394 0.72945094
0.5485377 0.62170345 0.7264235
0.52816117 0.5860793 0.688102
0.5007102 0.5586283 0.660651
0.4865613 0.57497454 0.6823921
0.503785 0.61999416 0.7494039
0.5382713 0.67667717 0.81428236
0.5625695 0.71892184 0.8426275
0.5531499 0.7178008 0.8387059
0.49824792 0.66694754 0.76295686
0.43000484 0.60970205 0.68631375
0.42450678 0.61250263 0.68631375
0.44961268 0.6293099 0.70592153
0.503746 0.6668461 0.74905884
0.54061645 0.6954181 0.7804314
0.5249302 0.6783823 0.7716941
0.5249302 0.6783823 0.7716941
0.5092439 0.662696 0.75600785
0.4896361 0.64308816 0.7364
0.47944778 0.62460136 0.72071373
0.48729092 0.6324445 0.7285569
0.49747923 0.6482322 0.7581412
0.45511067 0.62111115 0.7337176
0.525738 0.6556439 0.74905884
0.4262394 0.4534612 0.503098
0.39959607 0.40462145 0.44606277
0.3085533 0.36917055 0.45459604
0.22223976 0.31625244 0.43746662
0.22693002 0.33484071 0.46705097
0.24888301 0.36374265 0.501451
0.27160463 0.41001046 0.54761565
0.3076675 0.46267033 0.59467447
0.35080475 0.5058076 0.6378117
0.37433416 0.529337 0.66134113
0.371989 0.5186933 0.653498
0.37983215 0.52653646 0.66134113
0.39944002 0.54614437 0.68094903
0.42535362 0.54291236 0.6640236
0.53919613 0.55791825 0.56336474
0.68356454 0.65769225 0.5997569
0.6788743 0.6404536 0.5632236
0.6827959 0.64437515 0.56714517
0.6710312 0.63396 0.5484314
0.6710312 0.63396 0.5484314
0.6922155 0.6468457 0.56411767
0.6961371 0.65076727 0.5680393
0.68437237 0.64035213 0.54932547
0.68829393 0.6442737 0.55324703
0.72358805 0.6795678 0.58854115
0.7157449 0.6717247 0.580698
0.6922155 0.6495448 0.5502196
0.6961371 0.65346634 0.55414116
0.6922155 0.6495448 0.5502196
0.68437237 0.64170164 0.54237646
0.70005864 0.6573879 0.55806273
0.7039802 0.66265905 0.55503535
0.72124285 0.67162323 0.56680006
0.73300755 0.68338794 0.57856476
0.701635 0.6520154 0.5471922
0.69536835 0.6374501 0.5354275
0.6992899 0.6427212 0.5324001
0.70713305 0.6505643 0.5402432
0.7110546 0.6544859 0.5441648
0.6875252 0.6309565 0.52063537
0.69536835 0.6387996 0.5284785
0.6914468 0.63487804 0.52455693
0.6969448 0.6320775 0.52455693
0.6930232 0.6295055 0.5136863
0.68518007 0.6216624 0.50584316
0.6930232 0.6295055 0.5136863
0.6875252 0.63230604 0.5136863
0.69536835 0.6387996 0.5284785
0.7032115 0.6479923 0.5293726
0.70086634 0.6359991 0.5284785
0.70086634 0.63734865 0.52152944
0.6930232 0.6295055 0.5136863
0.70244277 0.63062656 0.5176079
0.6945996 0.6227834 0.5097648
0.6828349 0.6110187 0.49800006
0.6828349 0.6123683 0.49105096
0.7142075 0.64374083 0.5224235
0.7047879 0.6426198 0.51850194
0.71263105 0.6504629 0.5263451
0.7087095 0.64654136 0.5224235
0.68360364 0.6283845 0.5097648
0.69771343 0.6494433 0.53632164
0.71259195 0.6851689 0.58854115
0.7117843 0.7052081 0.6250745
0.6458863 0.65050906 0.5979687
0.5776432 0.5905645 0.5352236
0.54627067 0.5578424 0.5108
0.5298157 0.52479035 0.48334903
0.51178426 0.4971108 0.4667686
0.50632524 0.4571081 0.4462667
0.48279583 0.4335787 0.4227373
0.4984821 0.44926497 0.43842357
0.52043504 0.47951654 0.46587455
0.5125919 0.4716734 0.45803142
0.5125919 0.4716734 0.45803142
0.50867033 0.46775183 0.45410985
0.52043504 0.478167 0.47282356
0.5125919 0.4716734 0.45803142
0.4867174 0.43750027 0.42665887
0.4867174 0.43750027 0.42665887
0.49063897 0.4427714 0.42363134
0.5024037 0.4545361 0.43539605
0.5220115 0.47414395 0.4550039
0.49613702 0.44132042 0.41668233
0.4663409 0.40322578 0.38138822
0.4749527 0.42708513 0.40794507
0.5125919 0.47302297 0.45108232
0.50632524 0.45980725 0.4323686
0.5000586 0.445242 0.4206039
0.49221545 0.43739885 0.41276076
0.49771345 0.43459833 0.41276076
0.49536833 0.42395464 0.40491763
0.47183892 0.39907566 0.38833722
0.47026247 0.40579778 0.3922588
0.5055566 0.4410919 0.4275529
0.49221545 0.43604928 0.41970977
0.5118233 0.45565712 0.4393176
0.5024037 0.4545361 0.43539605
0.49771345 0.43459833 0.41276076
0.4781056 0.41499048 0.39315292
0.4867174 0.43884984 0.41970977
0.24100083 0.39600366 0.5280078
0.24334593 0.40799692 0.528902
0.2566871 0.4130395 0.53674513
0.26295376 0.42760476 0.54850984
0.27471846 0.43936947 0.56027454
0.27864003 0.44329104 0.5641961
0.28648317 0.45113418 0.57203925
0.29824787 0.46424845 0.5768549
0.2959028 0.45360476 0.56901175
0.28805965 0.44711113 0.5542196
0.28963608 0.44038904 0.5502981
0.30140078 0.45215374 0.56206274
0.32100862 0.47176158 0.58167064
0.3131655 0.46391845 0.5738275
0.3249302 0.47568315 0.58559215
0.32650658 0.4703106 0.5747215
0.34376928 0.48062435 0.5795372
0.35711053 0.4856669 0.58738035
0.36653006 0.48678792 0.5913019
0.35868692 0.48029435 0.5765098
0.34692222 0.46852964 0.56474507
0.34849864 0.46180752 0.5608235
0.33281237 0.44612125 0.5451372
0.3351575 0.45676494 0.55298036
0.33123595 0.45284337 0.5490588
0.32731438 0.4489218 0.5451372
0.3288908 0.44354922 0.53426665
0.32500827 0.40087306 0.48899612
0.37841183 0.39038616 0.43732554
0.4435411 0.4277194 0.4526667
0.44196472 0.433092 0.46353722
0.37210613 0.4118764 0.48080787
0.2794869 0.38449717 0.4863137
0.3406555 0.45261484 0.5599294
0.4167418 0.5217521 0.62356865
0.49205926 0.572174 0.6823921
0.51639646 0.5743146 0.6763373
0.5007102 0.5586283 0.660651
0.47952586 0.5443931 0.6519137
0.47322017 0.56723285 0.68844706
0.49828702 0.6214451 0.756353
0.5327733 0.6794777 0.81428236
0.5492283 0.7138792 0.8347844
0.52962047 0.69562095 0.8082274
0.46529895 0.6436466 0.7285569
0.42450678 0.61250263 0.68631375
0.42058522 0.60858107 0.6823921
0.4480362 0.63603204 0.70984316
0.50766754 0.67076766 0.75298035
0.54061645 0.6954181 0.7804314
0.5249302 0.67973185 0.7647451
0.52885175 0.68230385 0.7756157
0.51708704 0.67053914 0.763851
0.49747923 0.6509313 0.74424314
0.48336935 0.62852293 0.7246353
0.4755262 0.6206798 0.71679217
0.49198124 0.65103275 0.7581412
0.4511891 0.6171896 0.72979605
0.52181643 0.6517223 0.7451372
0.43173736 0.45066068 0.503098
0.3956745 0.40069988 0.4421412
0.31797284 0.37164116 0.4515686
0.22616133 0.320174 0.4413882
0.22693002 0.33484071 0.46705097
0.24338505 0.3665432 0.501451
0.27944776 0.41920313 0.54850984
0.30924392 0.45594823 0.5907529
0.34453803 0.49124235 0.626047
0.3704126 0.5254154 0.65741956
0.37591058 0.52396446 0.6504706
0.3947497 0.5275561 0.6513647
0.47952586 0.55249035 0.61021966
0.65688235 0.6435584 0.60491765
0.6757214 0.6511987 0.5849647
0.67337626 0.6432541 0.5632236
0.6788743 0.64180315 0.55627453
0.6827959 0.6457247 0.56019616
0.68829393 0.64292413 0.56019616
0.68829393 0.64292413 0.56019616
0.68437237 0.64035213 0.54932547
0.6961371 0.65211684 0.5610902
0.7039802 0.65996 0.5689333
0.6961371 0.65211684 0.5610902
0.7079018 0.66388154 0.5728549
0.7157449 0.6717247 0.580698
0.6961371 0.65346634 0.55414116
0.71182334 0.6691526 0.56982744
0.7079018 0.66523105 0.56590587
0.7079018 0.66523105 0.56590587
0.729086 0.6781168 0.58159214
0.729086 0.67946637 0.5746432
0.69379187 0.64417225 0.5393491
0.69771343 0.6480938 0.54327065
0.70713305 0.6505643 0.5402432
0.6992899 0.6427212 0.5324001
0.6914468 0.63487804 0.52455693
0.69536835 0.6387996 0.5284785
0.6992899 0.6427212 0.5324001
0.6914468 0.63487804 0.52455693
0.6914468 0.63487804 0.52455693
0.6992899 0.6427212 0.5324001
0.69536835 0.6387996 0.5284785
0.7047879 0.63992065 0.5324001
0.70086634 0.6359991 0.5284785
0.6930232 0.62815595 0.52063537
0.6992899 0.6427212 0.5324001
0.69536835 0.6401492 0.52152944
0.68910164 0.62558395 0.5097648
0.6969448 0.6334271 0.5176079
0.6969448 0.6334271 0.5176079
0.70086634 0.63734865 0.52152944
0.7142075 0.64239126 0.5293726
0.7102859 0.63981926 0.51850194
0.6945996 0.624133 0.50281566
0.69067806 0.6202114 0.4988941
0.6945996 0.624133 0.50281566
0.68910164 0.6269335 0.50281566
0.71263105 0.6504629 0.5263451
0.7283173 0.6661492 0.54203135
0.7322389 0.67007077 0.5459529
0.7283173 0.6661492 0.54203135
0.70636433 0.6358977 0.51458037
0.68910164 0.6269335 0.50281566
0.69536835 0.6387996 0.5284785
0.7086704 0.6798978 0.5915687
0.6615726 0.66754484 0.6067059
0.5933295 0.60625076 0.5509099
0.5603804 0.5802508 0.53040785
0.53842753 0.5486497 0.5099059
0.49609798 0.48007497 0.45803142
0.49375284 0.4694313 0.45018828
0.5149371 0.48231706 0.46587455
0.5008272 0.4599087 0.4462667
0.50474876 0.46383026 0.45018828
0.50867033 0.4664023 0.46105886
0.5149371 0.48096752 0.47282356
0.50867033 0.46775183 0.45410985
0.48279583 0.4335787 0.4227373
0.4867174 0.43750027 0.42665887
0.49456054 0.44669297 0.4275529
0.49063897 0.4427714 0.42363134
0.51808995 0.47022238 0.45108232
0.49771345 0.43459833 0.41276076
0.47026247 0.40714735 0.3853098
0.47887427 0.4310067 0.41186664
0.51651347 0.47694454 0.4550039
0.5024037 0.45588568 0.42844704
0.48437232 0.4295557 0.40491763
0.5079017 0.45173556 0.43539605
0.50398016 0.447814 0.43147448
0.49771345 0.43324876 0.41970977
0.47183892 0.39907566 0.38833722
0.49771345 0.43324876 0.41970977
0.4898703 0.42540562 0.41186664
0.4882939 0.4321277 0.4157882
0.5141684 0.46630082 0.44716075
0.5024037 0.4545361 0.43539605
0.5000586 0.44389242 0.4275529
0.46868604 0.41251987 0.39618036
0.48279583 0.43492827 0.4157882
0.2426163 0.3572747 0.44799215
0.25045943 0.36511785 0.45583528
0.254381 0.37038895 0.45280787
0.26222414 0.37688255 0.4676
0.26849085 0.39144778 0.4793647
0.276334 0.39929092 0.48720783
0.28417712 0.40713406 0.49505097
0.28260073 0.41250664 0.50592154
0.2865223 0.41777775 0.5028941
0.28260073 0.41385618 0.49897254
0.2880987 0.41105562 0.49897254
0.29044387 0.42169932 0.5068157
0.3116281 0.43458503 0.52250195
0.3116281 0.43323553 0.52945095
0.3116281 0.43323553 0.52945095
0.31554967 0.4371571 0.5333725
0.31947124 0.44107866 0.5372941
0.33281237 0.44612125 0.5451372
0.3288908 0.44219968 0.54121566
0.3288908 0.44354922 0.53426665
0.32496923 0.43962765 0.5303451
0.3233928 0.44500023 0.54121566
0.31947124 0.44107866 0.5372941
0.33358112 0.4621375 0.56385094
0.3375027 0.46605906 0.5677725
0.35318896 0.48174533 0.5834588
0.34692222 0.46852964 0.56474507
0.33677298 0.41263777 0.5007608
0.3823334 0.39430773 0.4412471
0.4451176 0.42234686 0.44179612
0.43961954 0.42379785 0.44874513
0.34857672 0.38969657 0.4503294
0.22773774 0.31750056 0.4166196
0.27322015 0.36993194 0.474549
0.35480434 0.43626866 0.5381882
0.42462388 0.4908406 0.5900628
0.45522776 0.5048474 0.60967064
0.4614945 0.51941264 0.62143534
0.45284358 0.5343079 0.6362274
0.4426163 0.55187654 0.6757883
0.48494577 0.6164026 0.7485099
0.5210086 0.6690625 0.7955687
0.53119695 0.6875493 0.811255
0.49824792 0.665598 0.7699059
0.42058522 0.60858107 0.6823921
0.39940095 0.5970449 0.65975684
0.40958923 0.6155317 0.6754431
0.43861663 0.634911 0.70592153
0.50766754 0.67076766 0.75298035
0.5366949 0.69149655 0.77650976
0.5210086 0.6744607 0.76777256
0.52885175 0.68230385 0.7756157
0.5249302 0.6783823 0.7716941
0.50532234 0.65877444 0.7520863
0.48336935 0.62852293 0.7246353
0.48494577 0.62180084 0.72071373
0.50532234 0.65607536 0.76598436
0.45511067 0.62111115 0.7337176
0.531236 0.65284336 0.74905884
0.43173736 0.45066068 0.503098
0.4011726 0.39789927 0.4421412
0.31954932 0.36491904 0.44764704
0.22381617 0.30953035 0.43354505
0.21908689 0.32834712 0.45225886
0.24338505 0.36789277 0.49450195
0.26768306 0.40743843 0.53674513
0.2974792 0.44553307 0.57203925
0.3366949 0.48474875 0.61125493
0.35630274 0.5043566 0.6308628
0.3845615 0.5117683 0.62178034
0.53761977 0.56464034 0.5672863
0.6584587 0.64088494 0.58014905
0.6655331 0.63406146 0.5623294
0.68906254 0.6589404 0.5789099
0.6945606 0.6574894 0.5719608
0.6827959 0.6457247 0.56019616
0.6647645 0.6193947 0.53666675
0.6804508 0.63643056 0.5454039
0.68829393 0.6442737 0.55324703
0.6804508 0.63643056 0.5454039
0.6804508 0.63643056 0.5454039
0.68437237 0.64035213 0.54932547
0.68437237 0.64035213 0.54932547
0.71182334 0.6678031 0.57677644
0.7157449 0.6730742 0.573749
0.71182334 0.6691526 0.56982744
0.7157449 0.6730742 0.573749
0.7055566 0.6545874 0.55806273
0.6898703 0.6402507 0.5354275
0.6859487 0.6363291 0.53150594
0.69771343 0.6480938 0.54327065
0.69379187 0.64417225 0.5393491
0.7032115 0.64529324 0.54327065
0.7032115 0.64664274 0.53632164
0.70713305 0.6505643 0.5402432
0.6875252 0.6309565 0.52063537
0.69536835 0.6387996 0.5284785
0.6875252 0.6309565 0.52063537
0.69536835 0.6387996 0.5284785
0.6875252 0.6309565 0.52063537
0.6992899 0.6427212 0.5324001
0.6875252 0.6309565 0.52063537
0.6914468 0.63487804 0.52455693
0.6796821 0.62311333 0.5127922
0.69536835 0.6387996 0.5284785
0.7032115 0.64664274 0.53632164
0.69536835 0.6387996 0.5284785
0.7165526 0.6530349 0.5372157
0.72439575 0.66087806 0.54505885
0.71263105 0.64911336 0.5332942
0.70636433 0.6345481 0.52152944
0.69067806 0.6202114 0.4988941
0.6945996 0.624133 0.50281566
0.6985212 0.62805456 0.50673723
0.6828349 0.6123683 0.49105096
0.7102859 0.63981926 0.51850194
0.7142075 0.64374083 0.5224235
0.7087095 0.64654136 0.5224235
0.70086634 0.6386982 0.51458037
0.70244277 0.6333257 0.5037098
0.70636433 0.63724726 0.50763136
0.70009756 0.62268203 0.49586666
0.696176 0.61876047 0.4919451
0.6749918 0.6058747 0.4762588
0.6867565 0.6176394 0.48802352
0.7110546 0.65583545 0.5372157
0.71809 0.6823684 0.58854115
0.6811804 0.6898518 0.6124157
0.5956745 0.6155449 0.56570196
0.55645883 0.5749797 0.5334353
0.55253726 0.57105815 0.5295137
0.5243177 0.52624136 0.49029803
0.4992508 0.4666308 0.45018828
0.5008272 0.4599087 0.4462667
0.51101553 0.47704595 0.468902
0.52278024 0.4888107 0.4806667
0.5125919 0.4716734 0.45803142
0.47652918 0.41901344 0.4109726
0.48279583 0.4335787 0.4227373
0.4867174 0.43884984 0.41970977
0.4984821 0.45061454 0.43147448
0.5141684 0.46630082 0.44716075
0.49379188 0.43067676 0.4088392
0.4663409 0.40322578 0.38138822
0.4749527 0.42708513 0.40794507
0.5125919 0.47302297 0.45108232
0.4984821 0.45061454 0.43147448
0.46710956 0.419242 0.40010193
0.49613702 0.43997085 0.42363134
0.52750957 0.4713434 0.4550039
0.48594874 0.42148405 0.40794507
0.4663409 0.4018762 0.38833722
0.49379188 0.4293272 0.4157882
0.48045075 0.42428458 0.40794507
0.4867174 0.43884984 0.41970977
0.50474876 0.46383026 0.45018828
0.5125919 0.4716734 0.45803142
0.50398016 0.447814 0.43147448
0.46868604 0.41251987 0.39618036
0.47887427 0.4310067 0.41186664
0.23792604 0.34138557 0.40450978
0.2418476 0.34530714 0.40843135
0.26303184 0.3581929 0.42411762
0.27479655 0.3699576 0.43588233
0.2677222 0.37813064 0.4467529
0.2661457 0.38350323 0.45762357
0.27398884 0.39134637 0.4654667
0.28575355 0.4017615 0.48418042
0.2880987 0.4124052 0.49202356
0.28260073 0.41520572 0.49202356
0.28260073 0.41520572 0.49202356
0.29202026 0.41632676 0.49594513
0.298287 0.430892 0.50770986
0.31397328 0.44522873 0.5303451
0.31397328 0.4438792 0.5372941
0.3100517 0.43995762 0.5333725
0.32573798 0.45429435 0.5560078
0.32573798 0.45429435 0.5560078
0.33358112 0.4621375 0.56385094
0.3375027 0.46605906 0.5677725
0.3375027 0.46605906 0.5677725
0.34534582 0.4739022 0.57561564
0.33358112 0.4621375 0.56385094
0.33358112 0.46078792 0.57079995
0.32965955 0.45821592 0.5599294
0.3100517 0.43860808 0.5403215
0.29359668 0.40690556 0.50592154
0.28736898 0.35628483 0.43890977
0.36430195 0.36932734 0.41076866
0.4451176 0.42234686 0.44179612
0.4435411 0.42906898 0.4457177
0.34780803 0.3736803 0.43161565
0.21128279 0.285798 0.38221964
0.2230475 0.29756272 0.39398435
0.29286703 0.35078517 0.45280787
0.34542382 0.39639303 0.4929177
0.39248264 0.44345185 0.5399765
0.39951807 0.4740333 0.57045496
0.39321238 0.4968731 0.6069882
0.3845615 0.5104188 0.62872946
0.42454582 0.56565076 0.6866588
0.47002825 0.6194317 0.7376392
0.4629538 0.63030386 0.7346118
0.41431856 0.5926662 0.6775765
0.3680284 0.56567234 0.6283843
0.37821668 0.58415914 0.64407057
0.39390296 0.5998454 0.65975684
0.43469507 0.62963986 0.708949
0.49982437 0.6629245 0.7451372
0.5327733 0.687575 0.77258825
0.51708704 0.6718887 0.756902
0.52885175 0.6836534 0.7686666
0.52885175 0.68230385 0.7756157
0.50532234 0.65877444 0.7520863
0.49513406 0.6416372 0.72945094
0.4810242 0.6178793 0.71679217
0.50140077 0.6521538 0.7620628
0.44334596 0.60934645 0.7219529
0.53515756 0.6567649 0.75298035
0.4333138 0.44528812 0.4922275
0.3894079 0.38748413 0.42342743
0.31954932 0.36626858 0.4406981
0.21597303 0.30303678 0.4187529
0.21674179 0.31905296 0.43746662
0.24103987 0.35724908 0.4866588
0.27083603 0.39534375 0.5219529
0.30063203 0.43343845 0.55724704
0.33592615 0.4700821 0.58559215
0.38144767 0.48915702 0.5743765
0.60274905 0.60467273 0.5687294
0.66787827 0.64335555 0.57712156
0.68514097 0.6536693 0.58193725
0.67729783 0.64582616 0.5740941
0.6710312 0.63261044 0.55538046
0.6788743 0.64180315 0.55627453
0.68671745 0.6496463 0.56411767
0.6765292 0.632509 0.5414823
0.68829393 0.6442737 0.55324703
0.6922155 0.64819527 0.5571686
0.68829393 0.6442737 0.55324703
0.70005864 0.6573879 0.55806273
0.6922155 0.6495448 0.5502196
0.6922155 0.6495448 0.5502196
0.7055566 0.6545874 0.55806273
0.7055566 0.65593696 0.5511138
0.6859487 0.6363291 0.53150594
0.6898703 0.6402507 0.5354275
0.69536835 0.6374501 0.5354275
0.701635 0.6520154 0.5471922
0.7032115 0.64529324 0.54327065
0.6992899 0.64137167 0.5393491
0.6914468 0.63352853 0.53150594
0.6875252 0.62960696 0.5275844
0.68360364 0.6256854 0.5236628
0.69536835 0.6387996 0.5284785
0.69536835 0.6387996 0.5284785
0.6875252 0.6309565 0.52063537
0.6992899 0.6427212 0.5324001
0.6875252 0.6309565 0.52063537
0.6875252 0.6309565 0.52063537
0.6796821 0.62311333 0.5127922
0.69536835 0.6387996 0.5284785
0.6992899 0.6427212 0.5324001
0.7149762 0.65840745 0.54808635
0.70713305 0.6505643 0.5402432
0.7110546 0.6544859 0.5441648
0.73066247 0.6740937 0.5637726
0.7047879 0.6412702 0.52545106
0.6969448 0.6334271 0.5176079
0.6632271 0.5914109 0.4783922
0.6749918 0.6031756 0.49015692
0.6945996 0.624133 0.50281566
0.6985212 0.62805456 0.50673723
0.7142075 0.64374083 0.5224235
0.70244277 0.6319761 0.5106588
0.6844113 0.6056462 0.4871294
0.7079407 0.6291756 0.5106588
0.69067806 0.6202114 0.4988941
0.70009756 0.62268203 0.49586666
0.68833286 0.6109173 0.48410195
0.67656815 0.5991526 0.47233725
0.696176 0.61876047 0.4919451
0.7079407 0.6305252 0.5037098
0.7102859 0.64116883 0.51155293
0.70636433 0.6385968 0.5006824
0.71812904 0.6503615 0.5124471
0.7102859 0.64116883 0.51155293
0.7149762 0.6611066 0.5341882
0.72201157 0.68898904 0.57856476
0.6906 0.6896233 0.6232863
0.5956745 0.6155449 0.56570196
0.55645883 0.57632923 0.5264863
0.5486157 0.5671366 0.52559215
0.5148981 0.5251203 0.48637646
0.5078627 0.49049014 0.47674513
0.5133607 0.4876896 0.47674513
0.50474876 0.46383026 0.45018828
0.4749527 0.42573556 0.41489416
0.4867174 0.43750027 0.42665887
0.49456054 0.44669297 0.4275529
0.5024037 0.4545361 0.43539605
0.5102468 0.46237925 0.44323918
0.48202717 0.41891205 0.3970745
0.47026247 0.40714735 0.3853098
0.49063897 0.4427714 0.42363134
0.50867033 0.4691014 0.44716075
0.51651347 0.47694454 0.4550039
0.47887427 0.4310067 0.41186664
0.46710956 0.419242 0.40010193
0.4984821 0.45061454 0.43147448
0.50398016 0.447814 0.43147448
0.46868604 0.41251987 0.39618036
0.4726076 0.41644144 0.40010193
0.4749527 0.42708513 0.40794507
0.49690565 0.45598713 0.44234514
0.50474876 0.46383026 0.45018828
0.51651347 0.47559497 0.46195298
0.49063897 0.44142184 0.43058044
0.45926642 0.4100493 0.3992079
0.48279583 0.4335787 0.4227373
0.25126714 0.3464282 0.41235292
0.25126714 0.3464282 0.41235292
0.2669534 0.36211446 0.4280392
0.265377 0.36883655 0.43196076
0.27164376 0.3820522 0.45067447
0.27398884 0.39134637 0.4654667
0.2779104 0.39391837 0.47633728
0.29359668 0.40960464 0.49202356
0.2880987 0.4124052 0.49202356
0.28260073 0.41520572 0.49202356
0.27867916 0.41263372 0.48115298
0.27867916 0.41263372 0.48115298
0.27867916 0.41128415 0.488102
0.2865223 0.41777775 0.5028941
0.28260073 0.41250664 0.50592154
0.27867916 0.40858507 0.502
0.2865223 0.41507867 0.5167921
0.298287 0.42684337 0.5285568
0.30220857 0.43076494 0.5324784
0.2927889 0.42964396 0.5285568
0.3100517 0.43860808 0.5403215
0.30220857 0.43076494 0.5324784
0.28260073 0.40980753 0.51981956
0.2747576 0.4019644 0.5119764
0.25122818 0.37978455 0.481498
0.23946348 0.36801985 0.4697333
0.23869473 0.3520036 0.4510196
0.25599644 0.32626185 0.4005882
0.3446941 0.3497195 0.39116082
0.43727446 0.41450372 0.433953
0.43569797 0.42122585 0.43787456
0.3517296 0.3789514 0.4285882
0.19325134 0.26081765 0.35174122
0.20893762 0.27650392 0.3674275
0.25130618 0.3022754 0.39880005
0.2866003 0.3375695 0.43409416
0.31797284 0.36894205 0.4654667
0.3210867 0.39560193 0.49202356
0.314781 0.41844174 0.5285568
0.30613014 0.4319874 0.5502981
0.32258502 0.46368995 0.584698
0.3484596 0.49786302 0.61607057
0.35080475 0.5112058 0.61001563
0.3084362 0.48948297 0.55779606
0.317048 0.5146919 0.5774039
0.35468727 0.5606297 0.62054116
0.3727187 0.58561015 0.6510196
0.4190088 0.6139536 0.69326276
0.49747923 0.65228087 0.7372941
0.5108203 0.6573235 0.7451372
0.5108203 0.6573235 0.7451372
0.52258503 0.6690882 0.756902
0.5131655 0.6666176 0.7599294
0.49905562 0.6455588 0.73337257
0.4927889 0.63099355 0.7216078
0.4692595 0.60611457 0.70502746
0.49355766 0.64431065 0.75421965
0.43707928 0.5947812 0.7101882
0.53515756 0.6567649 0.75298035
0.4466549 0.45168027 0.4931216
0.39098433 0.3821116 0.41255683
0.3132826 0.35305288 0.42198434
0.21205147 0.2991152 0.41483134
0.21282022 0.31378186 0.44049415
0.24419276 0.3451544 0.4718667
0.25672615 0.37428492 0.4953961
0.29202026 0.41092855 0.5237411
0.36422396 0.4427879 0.5143137
0.65530586 0.65028054 0.6088392
0.679643 0.65512025 0.58888626
0.67337626 0.6419046 0.57017255
0.6655331 0.63406146 0.5623294
0.6812194 0.6497477 0.5780157
0.68671745 0.6482967 0.57106674
0.68671745 0.6496463 0.56411767
0.6765292 0.6311594 0.5484314
0.68829393 0.6442737 0.55324703
0.68437237 0.64035213 0.54932547
0.68829393 0.6442737 0.55324703
0.6922155 0.64819527 0.5571686
0.6922155 0.6495448 0.5502196
0.68829393 0.6456232 0.546298
0.6898703 0.6402507 0.5354275
0.68202716 0.63240755 0.5275844
0.6859487 0.6363291 0.53150594
0.6898703 0.6402507 0.5354275
0.6796821 0.62311333 0.5127922
0.6796821 0.62311333 0.5127922
0.6679174 0.6113486 0.5010275
0.6639958 0.60742706 0.49710596
0.6796821 0.6217638 0.51974124
0.6875252 0.62960696 0.5275844
0.6914468 0.63487804 0.52455693
0.6914468 0.63487804 0.52455693
0.67183894 0.6152702 0.5049491
0.6757605 0.61919177 0.50887066
0.6875252 0.6309565 0.52063537
0.69536835 0.6387996 0.5284785
0.7032115 0.64664274 0.53632164
0.70713305 0.6505643 0.5402432
0.7149762 0.65840745 0.54808635
0.7110546 0.6544859 0.5441648
0.6875252 0.6309565 0.52063537
0.6875252 0.6309565 0.52063537
0.7032115 0.64664274 0.53632164
0.6875252 0.6309565 0.52063537
0.6875252 0.6309565 0.52063537
0.68910164 0.62558395 0.5097648
0.6930232 0.6295055 0.5136863
0.70244277 0.63062656 0.5176079
0.70636433 0.6345481 0.52152944
0.6985212 0.626705 0.5136863
0.6945996 0.624133 0.50281566
0.6828349 0.6123683 0.49105096
0.7040191 0.62525403 0.50673723
0.6828349 0.61371785 0.48410195
0.6867565 0.6176394 0.48802352
0.67891335 0.6097963 0.48018038
0.6844113 0.60699576 0.48018038
0.70009756 0.62268203 0.49586666
0.6922544 0.6148389 0.48802352
0.70636433 0.63724726 0.50763136
0.70636433 0.6385968 0.5006824
0.7220506 0.65428305 0.5163687
0.7259722 0.6582046 0.52029026
0.71812904 0.6503615 0.5124471
0.71186227 0.63579625 0.5006824
0.696176 0.62011 0.48499614
0.6922544 0.6161884 0.48107457
0.6867565 0.61898893 0.48107457
0.690639 0.6562669 0.55414116
0.68275684 0.68178016 0.61544317
0.5956745 0.6155449 0.56570196
0.5603804 0.5789013 0.53735685
0.5486157 0.5671366 0.52559215
0.5305844 0.539457 0.5090118
0.51178426 0.49576125 0.4737177
0.47337624 0.43245772 0.41881573
0.49063897 0.44142184 0.43058044
0.5024037 0.4545361 0.43539605
0.5125919 0.47302297 0.45108232
0.50632524 0.45845768 0.4393176
0.47652918 0.42171258 0.3970745
0.4608429 0.4060263 0.38138822
0.49456054 0.44669297 0.4275529
0.5008272 0.46125826 0.4393176
0.5125919 0.47302297 0.45108232
0.49063897 0.4427714 0.42363134
0.49063897 0.4427714 0.42363134
0.48279583 0.43492827 0.4157882
0.50632524 0.45845768 0.4393176
0.47887427 0.4310067 0.41186664
0.48279583 0.4335787 0.4227373
0.48279583 0.4335787 0.4227373
0.50474876 0.46383026 0.45018828
0.5125919 0.4716734 0.45803142
0.5149371 0.48231706 0.46587455
0.4867174 0.43750027 0.42665887
0.47103113 0.421814 0.4109726
0.48279583 0.43222916 0.4296863
0.24972978 0.31574523 0.36797646
0.26699245 0.32605895 0.37279212
0.26776114 0.3420752 0.39150587
0.2716827 0.34599677 0.39542744
0.26618475 0.34744775 0.4023765
0.26852983 0.3567419 0.41716868
0.2724514 0.35931394 0.4280392
0.26145545 0.36356542 0.4349882
0.26380062 0.37285954 0.44978043
0.25987905 0.3702875 0.43890977
0.24811433 0.3585228 0.42714506
0.24419276 0.3559508 0.4162745
0.23869473 0.3574018 0.4232235
0.22927517 0.35628074 0.41930193
0.22693002 0.34428754 0.4184079
0.22143203 0.34573853 0.4253569
0.21985564 0.35111108 0.43622744
0.23162034 0.36152625 0.45494115
0.23554191 0.36544782 0.45886272
0.2237772 0.3536831 0.44709802
0.2120125 0.3419184 0.4353333
0.20809093 0.33934638 0.42446274
0.19790262 0.31951004 0.41572547
0.20182419 0.3234316 0.41964704
0.20574576 0.3287027 0.4166196
0.2253536 0.34831053 0.43622744
0.24811433 0.35447416 0.44799215
0.25757292 0.31953973 0.39666665
0.3446941 0.3497195 0.39116082
0.4451176 0.42234686 0.44179612
0.4451176 0.42234686 0.44179612
0.353306 0.3722293 0.42466664
0.18540819 0.25432405 0.336949
0.2105141 0.2697818 0.36350593
0.22385521 0.27617395 0.36439997
0.23719639 0.28121653 0.3722431
0.26699245 0.31796166 0.41448632
0.25049847 0.3250137 0.42143533
0.2183182 0.31502998 0.41964704
0.2135889 0.33384675 0.43836075
0.2371183 0.35737616 0.46189016
0.24965164 0.3865067 0.48541957
0.24573007 0.38393468 0.474549
0.24100083 0.40545052 0.4793647
0.2715656 0.4622605 0.51947457
0.2982089 0.51379937 0.5626118
0.34057742 0.5382213 0.6009333
0.39236557 0.5637643 0.64317644
0.45434198 0.6091436 0.6941569
0.47710264 0.6153073 0.70592153
0.49513406 0.6416372 0.72945094
0.48336935 0.6298725 0.7176863
0.4402321 0.58673525 0.674549
0.44965166 0.5878563 0.6784706
0.4574948 0.5956994 0.68631375
0.44965166 0.5878563 0.6784706
0.47944778 0.62325186 0.72766274
0.421393 0.5804445 0.687553
0.525738 0.6556439 0.74905884
0.42704704 0.43207243 0.47351375
0.39256072 0.37538952 0.40863526
0.314859 0.3463308 0.41806278
0.2097063 0.2898211 0.4000392
0.21439663 0.3084093 0.42962348
0.23400447 0.32801715 0.44923133
0.25203592 0.35569665 0.46581173
0.31405127 0.37311777 0.41985095
0.6372745 0.6253001 0.57836086
0.66787827 0.64335555 0.57712156
0.679643 0.65512025 0.58888626
0.6812194 0.64839816 0.5849647
0.67729783 0.64582616 0.5740941
0.68514097 0.6536693 0.58193725
0.6827959 0.64437515 0.56714517
0.6788743 0.64180315 0.55627453
0.67495275 0.6378816 0.552353
0.68671745 0.65099585 0.5571686
0.6922155 0.64819527 0.5571686
0.68829393 0.6456232 0.546298
0.6922155 0.6495448 0.5502196
0.68202716 0.631058 0.5345333
0.674184 0.6245644 0.51974124
0.6663409 0.6167213 0.5118981
0.6624193 0.6127997 0.50797653
0.67183894 0.6139207 0.5118981
0.67183894 0.6139207 0.5118981
0.67183894 0.6152702 0.5049491
0.6796821 0.62311333 0.5127922
0.6757605 0.61919177 0.50887066
0.68360364 0.6270349 0.5167138
0.6757605 0.61919177 0.50887066
0.6796821 0.62311333 0.5127922
0.6757605 0.61919177 0.50887066
0.68360364 0.6256854 0.5236628
0.68360364 0.6270349 0.5167138
0.69536835 0.6374501 0.5354275
0.7032115 0.64664274 0.53632164
0.7149762 0.65840745 0.54808635
0.66007423 0.6035055 0.4931844
0.6812585 0.61639124 0.50887066
0.6796821 0.62311333 0.5127922
0.68360364 0.6270349 0.5167138
0.6914468 0.63487804 0.52455693
0.70713305 0.6505643 0.5402432
0.7110546 0.6544859 0.5441648
0.7149762 0.65840745 0.54808635
0.71263105 0.6477638 0.5402432
0.7087095 0.6451918 0.5293726
0.6969448 0.6334271 0.5176079
0.6985212 0.626705 0.5136863
0.6985212 0.626705 0.5136863
0.70244277 0.63062656 0.5176079
0.6985212 0.62805456 0.50673723
0.67891335 0.6084467 0.4871294
0.6828349 0.6123683 0.49105096
0.6749918 0.60452515 0.48320782
0.70009756 0.62268203 0.49586666
0.7142075 0.6450904 0.5154745
0.7102859 0.64116883 0.51155293
0.70244277 0.6333257 0.5037098
0.7102859 0.64116883 0.51155293
0.7142075 0.6450904 0.5154745
0.7142075 0.6464399 0.50852555
0.6985212 0.63075364 0.49283928
0.70244277 0.6346752 0.49676085
0.70009756 0.62403154 0.4889177
0.6844113 0.60969484 0.46628243
0.7055956 0.6225806 0.4819687
0.696176 0.62145954 0.47804713
0.7040191 0.6279531 0.49283928
0.71186227 0.63579625 0.5006824
0.7142075 0.6450904 0.5154745
0.71024686 0.67587477 0.573749
0.67725885 0.6832311 0.6223922
0.57449025 0.6013097 0.5569647
0.55253726 0.57105815 0.5295137
0.53919613 0.5660156 0.5216706
0.5203961 0.5209702 0.49332556
0.5031724 0.47055236 0.45410985
0.49690565 0.4573367 0.43539605
0.51651347 0.47694454 0.4550039
0.49456054 0.44669297 0.4275529
0.47652918 0.42171258 0.3970745
0.4726076 0.417791 0.39315292
0.4984821 0.45061454 0.43147448
0.4929841 0.45341513 0.43147448
0.50474876 0.46517983 0.44323918
0.4867174 0.43884984 0.41970977
0.48514095 0.44422242 0.43058044
0.4929841 0.45206556 0.43842357
0.49690565 0.45598713 0.44234514
0.4867174 0.43750027 0.42665887
0.49063897 0.44142184 0.43058044
0.48279583 0.4335787 0.4227373
0.49140766 0.45878765 0.44234514
0.49532923 0.46270922 0.4462667
0.51101553 0.4783955 0.46195298
0.49063897 0.44142184 0.43058044
0.463188 0.41397086 0.40312946
0.47337624 0.43110818 0.42576474
0.31728226 0.286213 0.3084628
0.3196274 0.29685667 0.31630594
0.31805092 0.30222923 0.3271765
0.31647453 0.3076018 0.33804703
0.3203961 0.3101738 0.34891763
0.31097654 0.3077032 0.35194513
0.3148981 0.31162477 0.3558667
0.31724313 0.32226852 0.36370984
0.3195883 0.3302131 0.38545096
0.30624717 0.3251705 0.37760782
0.3007492 0.327971 0.37760782
0.29448247 0.31340578 0.36584312
0.2905609 0.3094842 0.36192155
0.27564332 0.3098142 0.364949
0.27564332 0.30846468 0.37189803
0.27014536 0.3112652 0.37189803
0.27641207 0.32448086 0.3906118
0.2748356 0.32985345 0.4014824
0.27091402 0.32593188 0.39756083
0.2614945 0.32481083 0.39363927
0.25757292 0.32088926 0.3897177
0.23796508 0.30128142 0.37010986
0.24423173 0.31584668 0.38187456
0.2481533 0.31976825 0.38579613
0.2348122 0.31337613 0.38490194
0.23873377 0.3172977 0.3888235
0.24423173 0.31449714 0.3888235
0.2607258 0.30744505 0.38187456
0.3211647 0.32484055 0.37458044
0.3964823 0.37931108 0.41255683
0.40432543 0.38715422 0.42039996
0.33919615 0.34982094 0.4050588
0.20582382 0.25254306 0.32697257
0.20032579 0.25399408 0.33392155
0.20190226 0.24727196 0.32999998
0.22151011 0.2668798 0.34960783
0.20032579 0.25264454 0.34087056
0.20109448 0.26866078 0.35958436
0.19951808 0.2740333 0.37045494
0.20578474 0.2885986 0.38221964
0.20578474 0.2885986 0.38221964
0.20420833 0.29667026 0.3791922
0.2198946 0.31370607 0.38792938
0.22458492 0.3349934 0.40361565
0.25122818 0.38653228 0.4467529
0.28336933 0.4339211 0.49683926
0.30297717 0.45217937 0.52339613
0.34142426 0.47402924 0.5508471
0.38848308 0.5197385 0.6048549
0.40966734 0.5339738 0.6135922
0.42927518 0.55223215 0.640149
0.3861379 0.50909483 0.59701174
0.32104766 0.43705562 0.51947457
0.32262415 0.4303335 0.515553
0.33438885 0.4420982 0.5273177
0.3539967 0.46170604 0.54692554
0.3963262 0.5262321 0.619647
0.4010164 0.54617 0.64228237
0.51870257 0.626412 0.7116314
0.42312548 0.42815086 0.46959218
0.38863915 0.37146795 0.4047137
0.32035705 0.34487978 0.4111137
0.21520436 0.28837007 0.3930902
0.21754944 0.29766423 0.40788233
0.22931415 0.31077847 0.41269803
0.2913296 0.32819957 0.3667373
0.6506156 0.63169223 0.579255
0.67179984 0.6472771 0.5810431
0.66787827 0.64335555 0.57712156
0.68906254 0.65759087 0.5858588
0.6969057 0.665434 0.59370196
0.68906254 0.65759087 0.5858588
0.67729783 0.64717567 0.56714517
0.69848216 0.6600614 0.58283144
0.6945606 0.6574894 0.5719608
0.6961371 0.65211684 0.5610902
0.68437237 0.64035213 0.54932547
0.6765292 0.632509 0.5414823
0.6765292 0.6338585 0.5345333
0.674184 0.62321484 0.5266902
0.68202716 0.631058 0.5345333
0.6663409 0.6167213 0.5118981
0.67183894 0.6139207 0.5118981
0.6757605 0.61784226 0.51581967
0.68360364 0.6256854 0.5236628
0.6914468 0.63352853 0.53150594
0.68360364 0.6256854 0.5236628
0.68360364 0.6256854 0.5236628
0.67183894 0.6152702 0.5049491
0.6679174 0.6113486 0.5010275
0.68360364 0.6270349 0.5167138
0.6992899 0.6427212 0.5324001
0.6914468 0.63487804 0.52455693
0.68360364 0.6270349 0.5167138
0.67183894 0.6152702 0.5049491
0.6694938 0.603277 0.50405496
0.67183894 0.6152702 0.5049491
0.67183894 0.6152702 0.5049491
0.6679174 0.6113486 0.5010275
0.6992899 0.6427212 0.5324001
0.71889776 0.662329 0.5520079
0.7267409 0.67017215 0.55985105
0.7110546 0.6544859 0.5441648
0.6969448 0.6320775 0.52455693
0.6930232 0.6295055 0.5136863
0.6969448 0.6334271 0.5176079
0.6969448 0.6334271 0.5176079
0.68518007 0.6216624 0.50584316
0.6945996 0.6227834 0.5097648
0.6945996 0.6227834 0.5097648
0.6749918 0.6031756 0.49015692
0.66714865 0.59533244 0.48231378
0.66714865 0.596682 0.47536469
0.70244277 0.6319761 0.5106588
0.71812904 0.6476624 0.5263451
0.7102859 0.63981926 0.51850194
0.7142075 0.64374083 0.5224235
0.71263105 0.6504629 0.5263451
0.7165526 0.6543845 0.53026664
0.7165526 0.6543845 0.53026664
0.70244277 0.6333257 0.5037098
0.6985212 0.6294041 0.49978822
0.70244277 0.6333257 0.5037098
0.70636433 0.63724726 0.50763136
0.7102859 0.64251834 0.504604
0.7079407 0.6318747 0.49676085
0.7079407 0.6318747 0.49676085
0.7055956 0.6225806 0.4819687
0.7095172 0.62650216 0.48589027
0.71343875 0.6304237 0.48981184
0.7095172 0.62650216 0.48589027
0.7173603 0.6343453 0.4937334
0.71578383 0.6397178 0.504604
0.71812904 0.64901197 0.51939607
0.7141684 0.6784468 0.5846196
0.6694157 0.67403847 0.6214981
0.558804 0.58562344 0.5412784
0.5431177 0.56993717 0.52559215
0.5486157 0.5671366 0.52559215
0.512553 0.51447666 0.47853333
0.51728225 0.4943103 0.4667686
0.48121938 0.44165042 0.41970977
0.47652918 0.420363 0.4040235
0.47652918 0.42171258 0.3970745
0.4984821 0.45061454 0.43147448
0.4984821 0.45061454 0.43147448
0.50867033 0.4691014 0.44716075
0.48121938 0.44030085 0.42665887
0.4929841 0.45206556 0.43842357
0.5008272 0.4599087 0.4462667
0.49690565 0.45598713 0.44234514
0.47337624 0.43245772 0.41881573
0.47887427 0.42965713 0.41881573
0.5024037 0.45318654 0.44234514
0.50474876 0.46383026 0.45018828
0.48356453 0.4509445 0.434502
0.51101553 0.4783955 0.46195298
0.47887427 0.42965713 0.41881573
0.44750172 0.39828458 0.38744318
0.46945468 0.4271866 0.42184317
0.3282782 0.28331107 0.2945647
0.32435665 0.27803996 0.29759213
0.33062336 0.2926052 0.30935684
0.33062336 0.2926052 0.30935684
0.33062336 0.29125562 0.31630594
0.32120383 0.288785 0.31933337
0.3251254 0.29270658 0.32325494
0.3196274 0.2955071 0.32325494
0.32747054 0.30200073 0.33804703
0.32981563 0.31264442 0.34589016
0.32589406 0.3073733 0.34891763
0.3219725 0.30345172 0.34499606
0.31805092 0.29953015 0.3410745
0.31647453 0.30625224 0.34499606
0.3203961 0.30882424 0.3558667
0.32431766 0.3127458 0.35978827
0.3148981 0.31027523 0.36281574
0.3148981 0.31027523 0.36281574
0.31881967 0.31284726 0.37368625
0.3148981 0.3089257 0.3697647
0.31332156 0.31564787 0.37368625
0.31332156 0.31564787 0.37368625
0.30547842 0.30780473 0.36584312
0.3094 0.3117263 0.3697647
0.3078236 0.31709886 0.38063526
0.30390203 0.31182775 0.38366273
0.31174517 0.3196709 0.39150587
0.31174517 0.32102042 0.38455683
0.3211647 0.323491 0.3815294
0.3384275 0.33380464 0.38634515
0.3384275 0.33380464 0.38634515
0.32900783 0.33133414 0.38937253
0.3078236 0.31574932 0.3875843
0.2905609 0.30678514 0.3758196
0.2905609 0.30678514 0.3758196
0.28114137 0.30431452 0.3788471
0.28506294 0.30688655 0.3897177
0.29290608 0.3147297 0.39756083
0.28348646 0.3136087 0.39363927
0.27564332 0.30576557 0.38579613
0.27564332 0.3071151 0.3788471
0.26230222 0.3020725 0.37100396
0.27014536 0.3112652 0.37189803
0.28191006 0.32168034 0.3906118
0.29209834 0.34016714 0.40629807
0.29444343 0.3494613 0.42109025
0.3101297 0.36514756 0.43677652
0.32973754 0.3847554 0.45638436
0.35169056 0.41365737 0.4907843
0.35561213 0.41757894 0.49470586
0.3595337 0.42015094 0.50557643
0.3218944 0.37421316 0.46243918
0.28191006 0.3203308 0.39756083
0.26230222 0.30072296 0.377953
0.2662238 0.30599406 0.37492552
0.27406693 0.31248766 0.3897177
0.31247488 0.37309211 0.4585176
0.35011408 0.41902992 0.50165486
0.40582383 0.45389262 0.5200236
0.36980006 0.36652672 0.41076866
0.36510974 0.34658897 0.38813332
0.30624717 0.3251705 0.37760782
0.23719639 0.2825661 0.3652941
0.23561992 0.28793865 0.37616467
0.2670315 0.29000345 0.3175451
0.61766666 0.6070418 0.55180395
0.66003513 0.6355124 0.5692784
0.67179984 0.6486267 0.5740941
0.66787827 0.6447051 0.57017255
0.6694547 0.637983 0.566251
0.67729783 0.64582616 0.5740941
0.6812194 0.65109724 0.57106674
0.6827959 0.64437515 0.56714517
0.68671745 0.6496463 0.56411767
0.6686861 0.62466586 0.5336392
0.67260766 0.6285874 0.53756076
0.68202716 0.62970847 0.5414823
0.6624193 0.61145014 0.5149255
0.6663409 0.6153717 0.51884705
0.674184 0.62321484 0.5266902
0.67026246 0.6192933 0.5227686
0.67026246 0.62064284 0.51581967
0.6757605 0.61784226 0.51581967
0.6796821 0.6217638 0.51974124
0.67183894 0.6139207 0.5118981
0.6796821 0.6217638 0.51974124
0.6796821 0.6217638 0.51974124
0.6992899 0.64137167 0.5393491
0.70713305 0.6492148 0.5471922
0.69536835 0.6387996 0.5284785
0.66007423 0.6035055 0.4931844
0.65615267 0.5995839 0.48926282
0.6679174 0.6113486 0.5010275
0.68360364 0.6270349 0.5167138
0.68360364 0.6270349 0.5167138
0.6639958 0.60607755 0.50405496
0.6796821 0.6217638 0.51974124
0.7149762 0.65705794 0.55503535
0.71889776 0.6609795 0.5589569
0.6992899 0.6427212 0.5324001
0.68360364 0.6270349 0.5167138
0.69536835 0.6387996 0.5284785
0.6914468 0.63487804 0.52455693
0.6969448 0.6320775 0.52455693
0.68518007 0.6216624 0.50584316
0.6710702 0.599254 0.48623535
0.6593055 0.5874893 0.47447065
0.66165066 0.59813297 0.48231378
0.68910164 0.62558395 0.5097648
0.71263105 0.64911336 0.5332942
0.72439575 0.66087806 0.54505885
0.72439575 0.66222763 0.5381098
0.7165526 0.6530349 0.5372157
0.7165526 0.6543845 0.53026664
0.7204742 0.65830606 0.5341882
0.7047879 0.6426198 0.51850194
0.71263105 0.6504629 0.5263451
0.70636433 0.6358977 0.51458037
0.6945996 0.624133 0.50281566
0.6985212 0.62805456 0.50673723
0.6985212 0.6294041 0.49978822
0.7102859 0.64116883 0.51155293
0.7259722 0.6568551 0.5272392
0.72989374 0.6607767 0.5311608
0.7142075 0.6450904 0.5154745
0.7197054 0.6436394 0.50852555
0.7197054 0.6436394 0.50852555
0.723627 0.64756095 0.5124471
0.729125 0.64611 0.5054981
0.7173603 0.6343453 0.4937334
0.7212819 0.63826686 0.49765497
0.6938309 0.6108159 0.470204
0.6836426 0.592329 0.45451772
0.6836426 0.592329 0.45451772
0.6663799 0.5833649 0.44275302
0.6710702 0.6006036 0.47928625
0.7031724 0.67999923 0.60546666
0.6466549 0.6665253 0.61668235
0.5470393 0.57385874 0.5295137
0.53919613 0.56466603 0.52861965
0.531353 0.55817246 0.51382744
0.5086314 0.5105551 0.47461176
0.4655331 0.42596415 0.4040235
0.47103113 0.42316356 0.4040235
0.49063897 0.4427714 0.42363134
0.48279583 0.43492827 0.4157882
0.50474876 0.46383026 0.45018828
0.48906252 0.448144 0.434502
0.5008272 0.4599087 0.4462667
0.49690565 0.45598713 0.44234514
0.5008272 0.4599087 0.4462667
0.4929841 0.45206556 0.43842357
0.47337624 0.43245772 0.41881573
0.48121938 0.44030085 0.42665887
0.50867033 0.46775183 0.45410985
0.47964296 0.44702294 0.43058044
0.5031724 0.47055236 0.45410985
0.47103113 0.421814 0.4109726
0.44358015 0.39436302 0.38352162
0.46787825 0.4339087 0.42576474
0.3267018 0.29003316 0.29848626
0.33219978 0.2858831 0.30543527
0.32278022 0.28476205 0.3015137
0.3267018 0.28868362 0.30543527
0.32904696 0.29797772 0.3202275
0.31728226 0.286213 0.3084628
0.31570584 0.29158553 0.31933337
0.3196274 0.2955071 0.32325494
0.32747054 0.30335024 0.33109808
0.3219725 0.3048013 0.33804703
0.3219725 0.30345172 0.34499606
0.31412935 0.29560858 0.33715293
0.30628622 0.28776544 0.3293098
0.31412935 0.29560858 0.33715293
0.31412935 0.29560858 0.33715293
0.31805092 0.29953015 0.3410745
0.31412935 0.29560858 0.33715293
0.31412935 0.294259 0.344102
0.3086314 0.29571 0.35105103
0.31647453 0.30355313 0.35889417
0.3148981 0.31027523 0.36281574
0.3148981 0.31027523 0.36281574
0.31881967 0.3141968 0.3667373
0.31097654 0.30635366 0.35889417
0.31097654 0.30500412 0.36584312
0.31881967 0.31284726 0.37368625
0.3266628 0.3206904 0.3815294
0.31097654 0.30635366 0.35889417
0.3203961 0.3074747 0.36281574
0.3203961 0.3074747 0.36281574
0.32823923 0.31531784 0.37065887
0.3148981 0.3089257 0.3697647
0.31097654 0.30365458 0.37279212
0.31881967 0.31149772 0.38063526
0.31097654 0.30365458 0.37279212
0.30547842 0.3064552 0.37279212
0.30547842 0.30510566 0.37974116
0.30547842 0.30510566 0.37974116
0.2976353 0.29726252 0.37189803
0.28037262 0.28829834 0.36013332
0.28821576 0.29614148 0.36797646
0.29213732 0.30141258 0.364949
0.28821576 0.297491 0.36102742
0.30155686 0.30253363 0.36887056
0.2976353 0.29861206 0.364949
0.2976353 0.2999616 0.35799998
0.30547842 0.30780473 0.36584312
0.3094 0.3117263 0.3697647
0.3094 0.31037676 0.3767137
0.3094 0.31037676 0.3767137
0.3094 0.31037676 0.3767137
0.3148981 0.3089257 0.3697647
0.30705497 0.30108255 0.36192155
0.30705497 0.3024321 0.3549726
0.29921183 0.29458895 0.34712946
0.30470982 0.29178843 0.34712946
0.30705497 0.3024321 0.3549726
0.31097654 0.30635366 0.35889417
0.31097654 0.30635366 0.35889417
0.3086314 0.29705954 0.344102
0.31020778 0.291687 0.33323136
0.30078825 0.29056597 0.3293098
0.2968667 0.28529483 0.3323373
0.29294512 0.28677148 0.30061966
0.6623803 0.6448065 0.5840706
0.6482704 0.6237477 0.5575137
0.65611356 0.6329404 0.55840784
0.6639567 0.64078355 0.566251
0.6694547 0.637983 0.566251
0.6812194 0.65109724 0.57106674
0.67729783 0.64717567 0.56714517
0.6710312 0.63396 0.5484314
0.6647645 0.6193947 0.53666675
0.6686861 0.62466586 0.5336392
0.6647645 0.6207443 0.5297176
0.66084296 0.6168227 0.52579606
0.67026246 0.61794376 0.5297176
0.6663409 0.6140222 0.52579606
0.6624193 0.61145014 0.5149255
0.6624193 0.61145014 0.5149255
0.674184 0.62321484 0.5266902
0.674184 0.6245644 0.51974124
0.6679174 0.6099991 0.50797653
0.6875252 0.62960696 0.5275844
0.6757605 0.61784226 0.51581967
0.6914468 0.63352853 0.53150594
0.6914468 0.63352853 0.53150594
0.6757605 0.61784226 0.51581967
0.6639958 0.60607755 0.50405496
0.66007423 0.6035055 0.4931844
0.6639958 0.60742706 0.49710596
0.68360364 0.6270349 0.5167138
0.67183894 0.6152702 0.5049491
0.67183894 0.6139207 0.5118981
0.69536835 0.6387996 0.5284785
0.7032115 0.64529324 0.54327065
0.7032115 0.64529324 0.54327065
0.6992899 0.64137167 0.5393491
0.6992899 0.64137167 0.5393491
0.69536835 0.6387996 0.5284785
0.7032115 0.64664274 0.53632164
0.6969448 0.6320775 0.52455693
0.67733693 0.6124697 0.5049491
0.6655722 0.60205454 0.48623535
0.6710702 0.599254 0.48623535
0.6969448 0.6334271 0.5176079
0.7204742 0.6569565 0.54113734
0.7047879 0.6412702 0.52545106
0.7204742 0.6569565 0.54113734
0.72439575 0.66087806 0.54505885
0.7283173 0.66479963 0.5489805
0.7283173 0.6661492 0.54203135
0.7283173 0.6661492 0.54203135
0.70086634 0.6386982 0.51458037
0.6812585 0.6190904 0.49497253
0.6812585 0.6190904 0.49497253
0.7102859 0.63981926 0.51850194
0.70244277 0.6319761 0.5106588
0.7220506 0.65158397 0.53026664
0.7259722 0.65550554 0.5341882
0.7220506 0.65293354 0.52331764
0.7259722 0.6568551 0.5272392
0.71812904 0.64901197 0.51939607
0.70636433 0.6385968 0.5006824
0.71578383 0.6397178 0.504604
0.7197054 0.6436394 0.50852555
0.7040191 0.6279531 0.49283928
0.70167404 0.618659 0.47804713
0.6859878 0.60297275 0.46236086
0.6820662 0.5990512 0.4584393
0.67422307 0.59120804 0.45059615
0.67422307 0.59120804 0.45059615
0.6836426 0.592329 0.45451772
0.6875642 0.59625065 0.4584393
0.6977525 0.61473745 0.47412556
0.7173603 0.6343453 0.4937334
0.723627 0.64756095 0.5124471
0.7369291 0.688659 0.5755373
0.7117843 0.70385855 0.6320235
0.6019412 0.6287607 0.5844157
0.52350986 0.5503293 0.5059843
0.531353 0.5568229 0.5207765
0.5156667 0.5411366 0.50509024
0.48902354 0.48959762 0.46195298
0.47964296 0.4483725 0.42363134
0.4772978 0.43772885 0.4157882
0.4929841 0.45341513 0.43147448
0.48906252 0.448144 0.434502
0.49690565 0.45598713 0.44234514
0.4929841 0.45206556 0.43842357
0.50867033 0.46775183 0.45410985
0.47964296 0.4456734 0.43752944
0.5008272 0.45855916 0.45321572
0.46945468 0.42853615 0.41489416
0.4874861 0.45486608 0.43842357
0.49140766 0.45878765 0.44234514
0.4992508 0.4666308 0.45018828
0.4655331 0.42596415 0.4040235
0.43965858 0.39179102 0.37265095
0.45061558 0.42494452 0.41400003
0.2843333 0.26291212 0.27406272
0.28041172 0.2603401 0.26319215
0.27649015 0.255069 0.2662196
0.27883524 0.26571268 0.27406272
0.2811804 0.27500677 0.28885496
0.27725884 0.2710852 0.2849334
0.27725884 0.26973563 0.2918824
0.27176085 0.27253616 0.2918824
0.2694157 0.260543 0.2909882
0.2694157 0.260543 0.2909882
0.2584196 0.26479456 0.29793724
0.2584196 0.26479456 0.29793724
0.2584196 0.26479456 0.29793724
0.24900007 0.26232395 0.30096474
0.25057647 0.25695142 0.2900941
0.27410588 0.27913126 0.32057258
0.26234117 0.26601702 0.31575692
0.26468635 0.27666068 0.32360005
0.27645105 0.2884254 0.33536476
0.27252948 0.28450382 0.3314432
0.2842942 0.29626852 0.3432079
0.27095306 0.28987637 0.3423137
0.27252948 0.28315428 0.33839214
0.27095306 0.28987637 0.3423137
0.2787962 0.29636997 0.35710585
0.27487463 0.2924484 0.35318428
0.29213732 0.30276212 0.35799998
0.2976353 0.2999616 0.35799998
0.3031334 0.29851052 0.35105103
0.3203961 0.30882424 0.3558667
0.31647453 0.30490267 0.35194513
0.3086314 0.29571 0.35105103
0.2976353 0.29861206 0.364949
0.2842942 0.29356945 0.35710585
0.27095306 0.2871773 0.35621175
0.27095306 0.2871773 0.35621175
0.27487463 0.29109886 0.36013332
0.27487463 0.2897493 0.3670824
0.27487463 0.29109886 0.36013332
0.27487463 0.29109886 0.36013332
0.27487463 0.29109886 0.36013332
0.2787962 0.29636997 0.35710585
0.28037262 0.28964788 0.35318428
0.2842942 0.29356945 0.35710585
0.281949 0.28292578 0.3492627
0.30155686 0.30388317 0.36192155
0.29371372 0.29604003 0.3540784
0.30155686 0.30388317 0.36192155
0.3031334 0.29716098 0.35799998
0.29921183 0.2932394 0.3540784
0.28587058 0.2881969 0.34623528
0.29529026 0.29066738 0.3432079
0.2913687 0.28674582 0.33928633
0.2968667 0.2839453 0.33928633
0.29529026 0.29201692 0.33625886
0.28744712 0.2841738 0.32841572
0.28744712 0.2841738 0.32841572
0.30078825 0.2892164 0.33625886
0.2968667 0.28529483 0.3323373
0.30628622 0.28776544 0.3293098
0.2945215 0.27600074 0.3175451
0.29844308 0.28127187 0.31451762
0.3078627 0.28644153 0.29759213
0.61532146 0.5963981 0.5439608
0.64434886 0.6211757 0.54664314
0.66003513 0.636862 0.5623294
0.67337626 0.6419046 0.57017255
0.66161156 0.6314894 0.5514589
0.65769 0.6275678 0.5475373
0.6671096 0.6286889 0.5514589
0.6553449 0.61827374 0.5327451
0.6647645 0.6193947 0.53666675
0.6569214 0.6115516 0.5288236
0.6686861 0.62466586 0.5336392
0.6781056 0.6257869 0.53756076
0.6663409 0.6140222 0.52579606
0.6545762 0.6022575 0.51403135
0.65849775 0.60752857 0.5110039
0.67026246 0.6192933 0.5227686
0.68202716 0.631058 0.5345333
0.674184 0.6245644 0.51974124
0.6781056 0.628486 0.5236628
0.6757605 0.61784226 0.51581967
0.6875252 0.62960696 0.5275844
0.67183894 0.6139207 0.5118981
0.6522311 0.59431285 0.49229026
0.6655722 0.59935546 0.5001334
0.6679174 0.6113486 0.5010275
0.67183894 0.6152702 0.5049491
0.6639958 0.60742706 0.49710596
0.65615267 0.5995839 0.48926282
0.66007423 0.602156 0.5001334
0.69379187 0.64417225 0.5393491
0.7133997 0.6637801 0.5589569
0.69771343 0.6480938 0.54327065
0.6898703 0.6402507 0.5354275
0.6875252 0.62960696 0.5275844
0.6875252 0.62960696 0.5275844
0.6914468 0.63352853 0.53150594
0.6757605 0.61919177 0.50887066
0.6522311 0.59566236 0.48534125
0.6875252 0.6309565 0.52063537
0.7228193 0.6662506 0.5559295
0.71263105 0.64911336 0.5332942
0.6930232 0.6295055 0.5136863
0.6969448 0.6334271 0.5176079
0.70086634 0.63734865 0.52152944
0.6969448 0.6334271 0.5176079
0.7165526 0.6530349 0.5372157
0.7087095 0.6451918 0.5293726
0.6930232 0.6295055 0.5136863
0.67733693 0.61381924 0.49800006
0.6655722 0.60205454 0.48623535
0.6812585 0.6177408 0.50192165
0.6930232 0.6308551 0.50673723
0.7047879 0.6426198 0.51850194
0.7220506 0.65158397 0.53026664
0.7259722 0.65550554 0.5341882
0.71812904 0.6476624 0.5263451
0.70244277 0.6333257 0.5037098
0.7102859 0.64116883 0.51155293
0.70244277 0.6333257 0.5037098
0.70009756 0.62403154 0.4889177
0.6922544 0.6161884 0.48107457
0.6804897 0.6044237 0.46930987
0.6804897 0.6044237 0.46930987
0.68990934 0.60554475 0.47323143
0.6938309 0.6108159 0.470204
0.7095172 0.62650216 0.48589027
0.7212819 0.63826686 0.49765497
0.71343875 0.6304237 0.48981184
0.7055956 0.6225806 0.4819687
0.7095172 0.62650216 0.48589027
0.7095172 0.62650216 0.48589027
0.70325047 0.6119369 0.47412556
0.69540733 0.6040938 0.46628243
0.7055956 0.6225806 0.4819687
0.6938309 0.6108159 0.470204
0.668725 0.592659 0.45754516
0.68671745 0.65234536 0.5502196
0.70078826 0.7067605 0.6459216
0.5572276 0.59099597 0.55214906
0.51409036 0.5478587 0.5090118
0.5219335 0.55570185 0.51685494
0.51174515 0.53721505 0.50116867
0.48983127 0.46550974 0.4462667
0.4757214 0.44310138 0.42665887
0.4992508 0.4666308 0.45018828
0.47964296 0.44702294 0.43058044
0.49140766 0.45878765 0.44234514
0.50709397 0.47312438 0.46498042
0.4874861 0.45351654 0.44537258
0.50474876 0.46248072 0.4571373
0.46161154 0.420693 0.40705103
0.4874861 0.45486608 0.43842357
0.4992508 0.4666308 0.45018828
0.4992508 0.4666308 0.45018828
0.4749527 0.42708513 0.40794507
0.43965858 0.39179102 0.37265095
0.46395668 0.42998713 0.42184317
0.29059994 0.28017646 0.27192938
0.28667837 0.2762549 0.2680078
0.28667837 0.27490535 0.27495685
0.2811804 0.27770588 0.27495685
0.28352556 0.28834954 0.2828
0.27176085 0.2752353 0.2779843
0.2639177 0.2660426 0.27709025
0.2584196 0.2688432 0.27709025
0.24115694 0.25717995 0.2792235
0.21997267 0.24294461 0.27048624
0.2160511 0.23902304 0.26656467
0.21212953 0.23375192 0.2695922
0.21055312 0.24047402 0.27351376
0.20505507 0.24327458 0.27351376
0.20505507 0.24192503 0.28046277
0.19721194 0.2340819 0.27261963
0.19721194 0.23273237 0.2795686
0.20740023 0.25121918 0.2952549
0.19563553 0.23945446 0.28349018
0.20505507 0.2405755 0.28741175
0.19171396 0.23418334 0.28651762
0.1893688 0.22353968 0.27867448
0.1995571 0.24067692 0.30130976
0.18621598 0.23428476 0.30041572
0.19405912 0.2421279 0.30825886
0.20347866 0.24324894 0.31218043
0.21681978 0.2496411 0.31307447
0.23800412 0.26387638 0.32181174
0.27410588 0.27778172 0.32752162
0.3313921 0.3059223 0.3419686
0.35492152 0.3294517 0.365498
0.3431568 0.317687 0.3537333
0.2536904 0.27956265 0.337498
0.19798069 0.24604946 0.31218043
0.18621598 0.23293522 0.30736473
0.17679638 0.2318142 0.30344316
0.18621598 0.23293522 0.30736473
0.19013755 0.23685679 0.3112863
0.19171396 0.23013468 0.30736473
0.19563553 0.2354058 0.3043373
0.1995571 0.23932737 0.30825886
0.1995571 0.24067692 0.30130976
0.21289821 0.24571954 0.3091529
0.20897664 0.24314752 0.29828233
0.20897664 0.24314752 0.29828233
0.22231783 0.2481901 0.30612546
0.23408255 0.2599548 0.31789017
0.2435021 0.26107585 0.32181174
0.24742366 0.26634696 0.3187843
0.2435021 0.2624254 0.31486273
0.25292164 0.26489598 0.31183535
0.2568432 0.26881754 0.31575692
0.2584196 0.26209545 0.31183535
0.27410588 0.27778172 0.32752162
0.26234117 0.26736656 0.30880788
0.2584196 0.263445 0.3048863
0.25449803 0.25952342 0.30096474
0.25449803 0.25952342 0.30096474
0.257651 0.24742873 0.28617254
0.29217643 0.26805612 0.29580396
0.3078627 0.28509197 0.30454123
0.296098 0.27467683 0.28582743
0.5486548 0.52973145 0.47729418
0.64434886 0.61982614 0.55359215
0.6459253 0.6144536 0.54272157
0.6459253 0.6144536 0.54272157
0.6459253 0.6158031 0.5357726
0.6420037 0.61188155 0.53185105
0.6671096 0.6286889 0.5514589
0.6529998 0.60763 0.524902
0.66084296 0.61547315 0.5327451
0.6765292 0.6311594 0.5484314
0.6647645 0.6207443 0.5297176
0.6529998 0.6089796 0.5179529
0.6569214 0.61290115 0.5218745
0.67026246 0.61794376 0.5297176
0.67026246 0.6192933 0.5227686
0.68202716 0.631058 0.5345333
0.6898703 0.6389011 0.54237646
0.69379187 0.6428227 0.546298
0.67026246 0.6192933 0.5227686
0.67183894 0.6139207 0.5118981
0.6679174 0.6099991 0.50797653
0.67183894 0.6139207 0.5118981
0.6796821 0.6217638 0.51974124
0.6639958 0.60607755 0.50405496
0.65615267 0.5982344 0.49621183
0.6757605 0.61919177 0.50887066
0.6875252 0.6309565 0.52063537
0.6992899 0.6427212 0.5324001
0.7055566 0.65593696 0.5511138
0.7133997 0.6637801 0.5589569
0.70947814 0.6598585 0.55503535
0.69771343 0.6480938 0.54327065
0.6898703 0.6402507 0.5354275
0.6859487 0.6363291 0.53150594
0.67183894 0.6139207 0.5118981
0.6522311 0.59431285 0.49229026
0.6796821 0.62311333 0.5127922
0.6914468 0.63487804 0.52455693
0.70713305 0.6505643 0.5402432
0.7149762 0.65840745 0.54808635
0.7149762 0.65840745 0.54808635
0.7283173 0.66479963 0.5489805
0.71263105 0.64911336 0.5332942
0.70086634 0.63734865 0.52152944
0.67733693 0.61381924 0.49800006
0.6812585 0.6177408 0.50192165
0.68518007 0.6216624 0.50584316
0.6812585 0.6177408 0.50192165
0.6930232 0.6295055 0.5136863
0.6930232 0.6308551 0.50673723
0.71263105 0.64911336 0.5332942
0.71263105 0.64911336 0.5332942
0.7204742 0.6569565 0.54113734
0.7204742 0.65830606 0.5341882
0.7259722 0.6568551 0.5272392
0.70244277 0.6333257 0.5037098
0.67891335 0.6097963 0.48018038
0.668725 0.592659 0.45754516
0.6593055 0.59018844 0.46057254
0.6844113 0.60699576 0.48018038
0.7079407 0.6305252 0.5037098
0.71186227 0.63579625 0.5006824
0.7079407 0.6318747 0.49676085
0.71186227 0.63579625 0.5006824
0.723627 0.64756095 0.5124471
0.7212819 0.6369173 0.504604
0.7173603 0.6343453 0.4937334
0.70167404 0.618659 0.47804713
0.69148576 0.60017216 0.46236086
0.6836426 0.592329 0.45451772
0.69148576 0.60017216 0.46236086
0.6993289 0.60936487 0.46325496
0.70717204 0.617208 0.4710981
0.7110936 0.61978006 0.4819687
0.70325047 0.6132864 0.46717653
0.69540733 0.60544324 0.4593334
0.6977525 0.61473745 0.47412556
0.70167404 0.61730945 0.48499614
0.6969448 0.6334271 0.5176079
0.7157059 0.70643055 0.64289415
0.6568432 0.6823131 0.6462667
0.5336982 0.56746656 0.52861965
0.5180119 0.5504307 0.51988244
0.5062472 0.538666 0.5081177
0.50547844 0.52264977 0.489404
0.5078627 0.49049014 0.47674513
0.47806656 0.4523955 0.441451
0.501596 0.4759249 0.46498042
0.49375284 0.46808177 0.4571373
0.4757214 0.44175184 0.43360788
0.48356453 0.44959497 0.441451
0.4757214 0.44175184 0.43360788
0.4757214 0.44310138 0.42665887
0.4976744 0.47200334 0.46105886
0.5031724 0.47055236 0.45410985
0.45768997 0.41677144 0.40312946
0.43965858 0.39179102 0.37265095
0.45061558 0.42629406 0.40705103
0.3941372 0.38081333 0.34217253
0.3941372 0.38081333 0.34217253
0.40982348 0.39515004 0.3648078
0.3964823 0.38875788 0.36391377
0.40040386 0.3913299 0.37478435
0.39882746 0.398052 0.37870592
0.3949059 0.3927809 0.3817333
0.3776432 0.38246718 0.37691763
0.3329294 0.34470257 0.34465095
0.2670315 0.29270253 0.3036471
0.23408255 0.265353 0.2900941
0.24192569 0.27319613 0.29793724
0.23642763 0.2759967 0.29793724
0.2285845 0.266804 0.29704317
0.22466293 0.26288244 0.2931216
0.23250607 0.27072558 0.30096474
0.21681978 0.25368974 0.29222748
0.21524338 0.26041186 0.29614908
0.20347866 0.24864712 0.28438434
0.2113218 0.25514075 0.29917645
0.2113218 0.25514075 0.29917645
0.1995571 0.24202648 0.29436076
0.2120905 0.26980746 0.3248392
0.26933762 0.3340035 0.39453337
0.27875715 0.333775 0.40540397
0.2866003 0.3429677 0.40629807
0.31093743 0.34645787 0.3932941
0.31251392 0.34108526 0.38242358
0.3211647 0.32619008 0.3676314
0.3996352 0.36721638 0.39776474
0.43885088 0.40778163 0.43003142
0.4231646 0.3880467 0.43519214
0.28583163 0.3256019 0.39453337
0.20267096 0.26463777 0.3417647
0.16737683 0.22934362 0.30647057
0.16345526 0.22542205 0.302549
0.1595337 0.22150049 0.29862744
0.15561213 0.21892846 0.2877569
0.1611101 0.21612793 0.2877569
0.16503167 0.22139905 0.28472945
0.16895324 0.22532062 0.28865102
0.17287481 0.22924219 0.2925726
0.17287481 0.23059174 0.2856235
0.17679638 0.23451331 0.28954506
0.18071795 0.23843488 0.29346663
0.19013755 0.2395559 0.2973882
0.19405912 0.24347746 0.30130976
0.20740023 0.24852006 0.3091529
0.22308652 0.26555592 0.31789017
0.21681978 0.25234023 0.29917645
0.23800412 0.26657546 0.30791378
0.2278158 0.24808864 0.29222748
0.23565896 0.2559318 0.30007064
0.23565896 0.2559318 0.30007064
0.23958053 0.25985336 0.3039922
0.23173739 0.2533598 0.28920004
0.23723537 0.25055927 0.28920004
0.23331378 0.24663767 0.28527847
0.23804314 0.22917043 0.25961566
0.33062336 0.29395473 0.30240783
0.37533703 0.3344185 0.32077652
0.424741 0.39616963 0.3548314
0.6420037 0.6091825 0.545749
0.6537684 0.62229675 0.5505647
0.64984685 0.6183752 0.54664314
0.64984685 0.6197247 0.5396942
0.6553449 0.61692417 0.5396942
0.6553449 0.61692417 0.5396942
0.63731354 0.59194374 0.5092157
0.6569214 0.6115516 0.5288236
0.66084296 0.6168227 0.52579606
0.66084296 0.6168227 0.52579606
0.66084296 0.6168227 0.52579606
0.6765292 0.632509 0.5414823
0.6859487 0.63497955 0.5384549
0.69771343 0.64674425 0.5502196
0.69771343 0.64674425 0.5502196
0.67026246 0.6192933 0.5227686
0.67026246 0.6192933 0.5227686
0.67026246 0.6192933 0.5227686
0.6781056 0.6271364 0.53061175
0.68360364 0.6256854 0.5236628
0.6875252 0.62960696 0.5275844
0.67183894 0.6139207 0.5118981
0.67183894 0.6139207 0.5118981
0.67183894 0.6139207 0.5118981
0.6859487 0.6363291 0.53150594
0.70713305 0.6492148 0.5471922
0.7173213 0.66770166 0.5628785
0.7055566 0.65593696 0.5511138
0.69771343 0.6480938 0.54327065
0.6859487 0.63497955 0.5384549
0.6898703 0.6389011 0.54237646
0.6859487 0.63497955 0.5384549
0.674184 0.62321484 0.5266902
0.6781056 0.628486 0.5236628
0.6624193 0.61145014 0.5149255
0.6506546 0.59968543 0.5031608
0.6914468 0.63487804 0.52455693
0.7032115 0.64664274 0.53632164
0.6992899 0.6427212 0.5324001
0.6796821 0.62311333 0.5127922
0.67183894 0.6152702 0.5049491
0.6812585 0.61639124 0.50887066
0.6655722 0.60205454 0.48623535
0.66165066 0.59813297 0.48231378
0.6694938 0.6059761 0.49015692
0.6969448 0.6334271 0.5176079
0.7087095 0.6451918 0.5293726
0.7283173 0.66479963 0.5489805
0.7204742 0.6569565 0.54113734
0.7204742 0.6569565 0.54113734
0.71263105 0.64911336 0.5332942
0.71263105 0.64911336 0.5332942
0.70086634 0.63734865 0.52152944
0.6867565 0.61628985 0.49497253
0.6828349 0.61371785 0.48410195
0.6867565 0.6176394 0.48802352
0.70244277 0.6333257 0.5037098
0.7102859 0.64116883 0.51155293
0.70636433 0.63724726 0.50763136
0.7102859 0.64116883 0.51155293
0.71186227 0.63444674 0.50763136
0.71578383 0.6383683 0.51155293
0.71578383 0.6397178 0.504604
0.7040191 0.6279531 0.49283928
0.7040191 0.6279531 0.49283928
0.6977525 0.6133879 0.48107457
0.70167404 0.618659 0.47804713
0.69540733 0.6040938 0.46628243
0.6993289 0.60936487 0.46325496
0.69540733 0.60544324 0.4593334
0.69148576 0.60152173 0.45541182
0.6836426 0.5936786 0.44756868
0.69540733 0.6040938 0.46628243
0.6993289 0.60936487 0.46325496
0.70717204 0.617208 0.4710981
0.6993289 0.60936487 0.46325496
0.70325047 0.6132864 0.46717653
0.7212819 0.63826686 0.49765497
0.70167404 0.618659 0.47804713
0.6922544 0.61348933 0.49497253
0.7079018 0.66388154 0.5728549
0.70155686 0.72007775 0.6785333
0.59878844 0.63950574 0.60615695
0.52585506 0.55827385 0.5277256
0.50859237 0.54796016 0.5229098
0.5101688 0.54123807 0.51898825
0.49136868 0.4975422 0.48369408
0.4945215 0.48409802 0.47585094
0.49609798 0.47872543 0.46498042
0.48983127 0.4641602 0.45321572
0.46787825 0.4339087 0.42576474
0.47964296 0.4456734 0.43752944
0.46630186 0.4406308 0.4296863
0.4976744 0.47200334 0.46105886
0.4992508 0.4666308 0.45018828
0.46161154 0.420693 0.40705103
0.435737 0.38786945 0.36872938
0.45453715 0.43021563 0.4109726
0.49609798 0.4827741 0.4441333
0.50001955 0.4853461 0.4550039
0.49844307 0.49071866 0.46587455
0.50236464 0.49464023 0.46979612
0.50470984 0.5039344 0.4845883
0.50470984 0.5039344 0.4845883
0.49921185 0.5053854 0.49153724
0.48587057 0.49899328 0.4906431
0.4176275 0.43769917 0.43484703
0.3297766 0.3567972 0.3594432
0.2654551 0.2980751 0.31451762
0.25761196 0.29023197 0.30667448
0.24427077 0.28383985 0.30578038
0.24819234 0.28776142 0.30970195
0.24427077 0.28249028 0.31272945
0.23485123 0.28136924 0.30880788
0.2387728 0.2852908 0.31272945
0.2387728 0.28394127 0.3196785
0.2387728 0.28394127 0.3196785
0.24269436 0.28786284 0.32360005
0.24269436 0.28786284 0.32360005
0.24503952 0.29580742 0.34534115
0.2866003 0.34431726 0.399349
0.30620813 0.36257553 0.4259059
0.31405127 0.37041867 0.43374905
0.33131403 0.37938282 0.44551376
0.3634943 0.39206564 0.43340397
0.3650707 0.38804266 0.4155843
0.3658785 0.3653043 0.392949
0.424741 0.38672283 0.40347448
0.43808213 0.39311498 0.4043686
0.42081943 0.3814517 0.406502
0.2913296 0.32415095 0.3875843
0.1987494 0.2607162 0.33784312
0.18698467 0.24895146 0.32607841
0.1830631 0.2450299 0.32215685
0.17914154 0.24110833 0.31823528
0.1712984 0.23461473 0.30344316
0.16345526 0.2267716 0.29560003
0.16895324 0.22397107 0.29560003
0.17287481 0.22924219 0.2925726
0.17287481 0.22924219 0.2925726
0.16895324 0.22667018 0.28170192
0.17287481 0.23059174 0.2856235
0.18856108 0.24627802 0.30130976
0.19248265 0.2501996 0.30523133
0.19248265 0.2501996 0.30523133
0.19798069 0.24739903 0.30523133
0.21916495 0.26028478 0.32091764
0.20505507 0.2405755 0.28741175
0.23408255 0.2626539 0.3039922
0.23408255 0.2626539 0.3039922
0.23958053 0.25985336 0.3039922
0.23408255 0.2626539 0.3039922
0.24742366 0.26904604 0.3048863
0.23565896 0.25728136 0.2931216
0.2278158 0.2494382 0.28527847
0.22939222 0.2427161 0.2813569
0.24588628 0.2383631 0.26050985
0.34630963 0.31234008 0.30419612
0.39259976 0.34878084 0.30474514
0.630239 0.5974178 0.5339843
0.6420037 0.61053205 0.5388
0.63965863 0.6012379 0.5240079
0.6278939 0.5894732 0.5122432
0.64750177 0.60908103 0.53185105
0.63573706 0.5973163 0.52008635
0.6278939 0.59082276 0.5052942
0.6412351 0.5958653 0.51313734
0.6569214 0.6115516 0.5288236
0.67260766 0.6285874 0.53756076
0.6765292 0.632509 0.5414823
0.6765292 0.6338585 0.5345333
0.6804508 0.6377801 0.5384549
0.67026246 0.6192933 0.5227686
0.6545762 0.603607 0.50708234
0.6506546 0.59968543 0.5031608
0.6506546 0.59968543 0.5031608
0.6781056 0.6271364 0.53061175
0.701635 0.6506658 0.55414116
0.6781056 0.6271364 0.53061175
0.6757605 0.61784226 0.51581967
0.6796821 0.6217638 0.51974124
0.6914468 0.63352853 0.53150594
0.70713305 0.6492148 0.5471922
0.7055566 0.65593696 0.5511138
0.69771343 0.6480938 0.54327065
0.6875252 0.62960696 0.5275844
0.6898703 0.6402507 0.5354275
0.6859487 0.6363291 0.53150594
0.6781056 0.628486 0.5236628
0.68202716 0.631058 0.5345333
0.70947814 0.65850896 0.5619843
0.69771343 0.64674425 0.5502196
0.69379187 0.6428227 0.546298
0.6898703 0.6389011 0.54237646
0.6569214 0.61290115 0.5218745
0.6412351 0.5985644 0.4992392
0.68360364 0.6256854 0.5236628
0.68360364 0.6270349 0.5167138
0.6875252 0.6309565 0.52063537
0.6914468 0.63487804 0.52455693
0.7032115 0.64664274 0.53632164
0.70713305 0.6505643 0.5402432
0.7110546 0.6544859 0.5441648
0.6914468 0.63487804 0.52455693
0.7110546 0.6544859 0.5441648
0.7110546 0.6544859 0.5441648
0.72439575 0.6595285 0.5520079
0.71263105 0.64911336 0.5332942
0.6969448 0.6334271 0.5176079
0.68518007 0.6216624 0.50584316
0.6969448 0.6334271 0.5176079
0.7047879 0.6412702 0.52545106
0.7165526 0.6530349 0.5372157
0.72439575 0.66222763 0.5381098
0.7220506 0.65158397 0.53026664
0.70244277 0.6333257 0.5037098
0.70244277 0.6333257 0.5037098
0.7102859 0.64116883 0.51155293
0.7079407 0.6305252 0.5037098
0.7079407 0.6305252 0.5037098
0.7079407 0.6305252 0.5037098
0.7040191 0.6279531 0.49283928
0.71578383 0.6397178 0.504604
0.7055956 0.621231 0.4889177
0.68990934 0.60554475 0.47323143
0.6977525 0.6133879 0.48107457
0.6977525 0.61473745 0.47412556
0.70717204 0.61585844 0.47804713
0.7110936 0.6211295 0.47501966
0.6993289 0.60936487 0.46325496
0.6930622 0.5947996 0.45149025
0.70325047 0.6132864 0.46717653
0.69540733 0.60544324 0.4593334
0.6836426 0.5936786 0.44756868
0.6875642 0.5976001 0.45149025
0.69148576 0.60152173 0.45541182
0.6836426 0.5936786 0.44756868
0.69148576 0.60017216 0.46236086
0.69540733 0.6040938 0.46628243
0.6993289 0.60666573 0.477153
0.70167404 0.61730945 0.48499614
0.6828349 0.60966915 0.5049491
0.6976744 0.67740154 0.6332628
0.6984041 0.72947335 0.70722353
0.5282002 0.567568 0.54251766
0.5070159 0.55468225 0.5268314
0.51251394 0.55188173 0.5268314
0.5101688 0.5398885 0.52593726
0.5007882 0.49866325 0.48761564
0.5062862 0.49586272 0.48761564
0.48983127 0.4641602 0.45321572
0.474145 0.44847393 0.43752944
0.48198813 0.45631707 0.44537258
0.48198813 0.45631707 0.44537258
0.4859097 0.46023864 0.44929415
0.45768997 0.41677144 0.40312946
0.435737 0.38786945 0.36872938
0.45453715 0.43021563 0.4109726
0.53373724 0.5273624 0.4942196
0.5439255 0.54449964 0.51685494
0.55176866 0.5509932 0.5316471
0.54627067 0.5524442 0.5385961
0.5541138 0.56028736 0.54643923
0.55645883 0.5695815 0.5612314
0.5446941 0.5578168 0.54946667
0.53919613 0.5592678 0.5564157
0.47329822 0.50861734 0.5084628
0.3540747 0.39634284 0.4016863
0.28740802 0.32832667 0.3419686
0.27172175 0.31129083 0.33323136
0.26230222 0.3101698 0.3293098
0.25838065 0.30624822 0.32538822
0.25838065 0.30489865 0.3323373
0.25838065 0.30489865 0.3323373
0.25838065 0.30489865 0.3323373
0.26230222 0.30882022 0.33625886
0.25288266 0.30769917 0.3323373
0.2607258 0.31419277 0.34712946
0.25288266 0.30634964 0.33928633
0.25288266 0.3050001 0.34623528
0.28267872 0.3403957 0.39542744
0.31405127 0.37176824 0.42679998
0.31405127 0.37176824 0.42679998
0.3470003 0.3977682 0.44730192
0.3893688 0.4275883 0.45782748
0.40663156 0.43655244 0.46959218
0.39175293 0.39947745 0.42432153
0.42631742 0.38269982 0.38565487
0.43888992 0.37172613 0.37478435
0.4122076 0.3602914 0.36604702
0.2960589 0.30803323 0.3549726
0.17679638 0.23316376 0.29649416
0.16345526 0.2267716 0.29560003
0.16737683 0.23069316 0.2995216
0.16737683 0.23069316 0.2995216
0.16737683 0.23069316 0.2995216
0.1712984 0.23461473 0.30344316
0.17287481 0.22924219 0.2925726
0.17679638 0.23316376 0.29649416
0.18463951 0.2410069 0.3043373
0.16895324 0.22667018 0.28170192
0.17679638 0.23451331 0.28954506
0.17679638 0.23316376 0.29649416
0.19248265 0.24885003 0.31218043
0.19248265 0.2501996 0.30523133
0.19405912 0.24347746 0.30130976
0.22151011 0.27092844 0.32876077
0.1995571 0.24202648 0.29436076
0.22466293 0.2615329 0.30007064
0.24192569 0.27049702 0.31183535
0.24976882 0.27834016 0.3196785
0.2536904 0.28226173 0.32360005
0.24976882 0.27834016 0.3196785
0.23958053 0.2612029 0.29704317
0.21212953 0.23375192 0.2695922
0.21528235 0.22165729 0.25479996
0.24354112 0.23041853 0.23876859
0.35965076 0.32143137 0.29119214
0.6043645 0.5632447 0.50261176
0.6200508 0.58028054 0.511349
0.6200508 0.58163005 0.5044001
0.62397236 0.5855516 0.50832164
0.6278939 0.5894732 0.5122432
0.6278939 0.5894732 0.5122432
0.63965863 0.6012379 0.5240079
0.63965863 0.60258746 0.51705885
0.64907825 0.60370845 0.5209805
0.6569214 0.61290115 0.5218745
0.6686861 0.62466586 0.5336392
0.6686861 0.62466586 0.5336392
0.64907825 0.6064075 0.50708234
0.6506546 0.59968543 0.5031608
0.674184 0.62321484 0.5266902
0.674184 0.62321484 0.5266902
0.67026246 0.6192933 0.5227686
0.6781056 0.6271364 0.53061175
0.67026246 0.6192933 0.5227686
0.6781056 0.6271364 0.53061175
0.68360364 0.6256854 0.5236628
0.6992899 0.64137167 0.5393491
0.6875252 0.62960696 0.5275844
0.6796821 0.6217638 0.51974124
0.6757605 0.61784226 0.51581967
0.6796821 0.6217638 0.51974124
0.6898703 0.6402507 0.5354275
0.67026246 0.62064284 0.51581967
0.67026246 0.62064284 0.51581967
0.6781056 0.6271364 0.53061175
0.7133997 0.6624305 0.56590587
0.69771343 0.64674425 0.5502196
0.7055566 0.6545874 0.55806273
0.69379187 0.6428227 0.546298
0.674184 0.62321484 0.5266902
0.6624193 0.61145014 0.5149255
0.61063117 0.580509 0.5004785
0.6569214 0.61290115 0.5218745
0.6875252 0.62960696 0.5275844
0.68360364 0.6256854 0.5236628
0.7032115 0.64529324 0.54327065
0.6992899 0.64137167 0.5393491
0.69536835 0.6374501 0.5354275
0.7228193 0.6649011 0.5628785
0.71889776 0.662329 0.5520079
0.72439575 0.6595285 0.5520079
0.7047879 0.63992065 0.5324001
0.6969448 0.6320775 0.52455693
0.68910164 0.6242344 0.5167138
0.7047879 0.6412702 0.52545106
0.7087095 0.6451918 0.5293726
0.71263105 0.64911336 0.5332942
0.7283173 0.66479963 0.5489805
0.7165526 0.6530349 0.5372157
0.71263105 0.64911336 0.5332942
0.7220506 0.6502344 0.5372157
0.71812904 0.6476624 0.5263451
0.7220506 0.65293354 0.52331764
0.7220506 0.65293354 0.52331764
0.70244277 0.6333257 0.5037098
0.7040191 0.6266036 0.49978822
0.70009756 0.62268203 0.49586666
0.71343875 0.62907416 0.49676085
0.7173603 0.6329957 0.5006824
0.7095172 0.6251526 0.49283928
0.7110936 0.6184305 0.4889177
0.6875642 0.5949011 0.4653883
0.6875642 0.5949011 0.4653883
0.70325047 0.6119369 0.47412556
0.6875642 0.59625065 0.4584393
0.6836426 0.5936786 0.44756868
0.6891406 0.590878 0.44756868
0.6812975 0.5830349 0.43972555
0.68521905 0.58695644 0.44364712
0.69698375 0.59872115 0.45541182
0.69698375 0.59872115 0.45541182
0.6891406 0.590878 0.44756868
0.6891406 0.590878 0.44756868
0.68521905 0.58695644 0.44364712
0.6757995 0.5844859 0.4466746
0.67972106 0.5884075 0.45059615
0.6836426 0.592329 0.45451772
0.67972106 0.5884075 0.45059615
0.6993289 0.60666573 0.477153
0.6922544 0.61348933 0.49497253
0.7055566 0.6532379 0.56501174
0.7274314 0.75155175 0.723804
0.5932904 0.6396072 0.6200549
0.51093745 0.55725425 0.53770196
0.5015179 0.5561332 0.5337804
0.5030943 0.54806155 0.53680784
0.4944825 0.5242022 0.510251
0.4921764 0.47345433 0.4680078
0.474145 0.44847393 0.43752944
0.4921764 0.47345433 0.4680078
0.4859097 0.46023864 0.44929415
0.48983127 0.4641602 0.45321572
0.4537684 0.41284987 0.3992079
0.43181545 0.38394788 0.3648078
0.45296073 0.43693772 0.41489416
0.5541138 0.56163687 0.5394902
0.5603804 0.57485265 0.55820394
0.56430197 0.57742465 0.5690745
0.5721451 0.5852678 0.57691765
0.5705687 0.59064037 0.5877882
0.5784118 0.59713393 0.6025804
0.5729139 0.59993446 0.6025804
0.5556512 0.58962077 0.59776473
0.4913296 0.5322482 0.5458902
0.3776041 0.41717318 0.4391137
0.2897532 0.33762076 0.35676077
0.28583163 0.33234963 0.35978827
0.28583163 0.33234963 0.35978827
0.2724905 0.32730702 0.35194513
0.26856893 0.32338545 0.34802356
0.2724905 0.32595748 0.35889417
0.28033364 0.3338006 0.3667373
0.29994148 0.35340846 0.38634515
0.2960199 0.3494869 0.38242358
0.29994148 0.35340846 0.38634515
0.2960199 0.3494869 0.38242358
0.25680423 0.30892166 0.35015684
0.27875715 0.33782366 0.38455683
0.3101297 0.3691962 0.41592938
0.31562775 0.36639565 0.41592938
0.3470003 0.39911774 0.44035292
0.41132182 0.45649028 0.4922275
0.43408254 0.4640034 0.49704316
0.41136077 0.4190853 0.44392937
0.43416056 0.39054295 0.393498
0.4428115 0.3756477 0.37870592
0.42162722 0.36276194 0.36301965
0.29371372 0.29738957 0.34712946
0.16895324 0.22532062 0.28865102
0.1595337 0.22419958 0.28472945
0.16345526 0.2267716 0.29560003
0.16737683 0.23069316 0.2995216
0.1712984 0.23461473 0.30344316
0.16345526 0.2267716 0.29560003
0.16345526 0.22812115 0.28865102
0.16895324 0.22532062 0.28865102
0.18071795 0.23708533 0.30041572
0.20032579 0.25669318 0.32002357
0.18071795 0.23708533 0.30041572
0.18463951 0.2410069 0.3043373
0.19640422 0.25277162 0.316102
0.19482781 0.2594937 0.32002357
0.18856108 0.24627802 0.30130976
0.20424737 0.26196432 0.31699607
0.20190226 0.25267014 0.3022039
0.2387728 0.28259173 0.32662743
0.25995705 0.29547748 0.3423137
0.2638786 0.29939905 0.34623528
0.2521139 0.28763434 0.33447057
0.24584725 0.2744186 0.31575692
0.22389424 0.24416707 0.2883059
0.20194124 0.21526513 0.25390592
0.21136078 0.21773572 0.2508784
0.25138426 0.23826167 0.24661173
0.48906252 0.45489174 0.3997569
0.6278939 0.5881237 0.51919216
0.6318155 0.59339476 0.5161648
0.6278939 0.5894732 0.5122432
0.6278939 0.5894732 0.5122432
0.63965863 0.6012379 0.5240079
0.6318155 0.59339476 0.5161648
0.63573706 0.5986659 0.51313734
0.63965863 0.60258746 0.51705885
0.6529998 0.60763 0.524902
0.64907825 0.605058 0.51403135
0.6647645 0.6207443 0.5297176
0.6686861 0.62466586 0.5336392
0.6624193 0.61145014 0.5149255
0.6545762 0.603607 0.50708234
0.6545762 0.603607 0.50708234
0.6663409 0.6153717 0.51884705
0.67026246 0.6192933 0.5227686
0.6859487 0.63497955 0.5384549
0.67026246 0.6192933 0.5227686
0.67026246 0.6192933 0.5227686
0.6757605 0.61784226 0.51581967
0.6757605 0.61784226 0.51581967
0.6757605 0.61784226 0.51581967
0.68360364 0.6256854 0.5236628
0.6781056 0.628486 0.5236628
0.6859487 0.63497955 0.5384549
0.69771343 0.64674425 0.5502196
0.701635 0.6506658 0.55414116
0.69771343 0.64674425 0.5502196
0.70947814 0.65850896 0.5619843
0.701635 0.6506658 0.55414116
0.6859487 0.63497955 0.5384549
0.68202716 0.631058 0.5345333
0.6781056 0.6271364 0.53061175
0.68437237 0.64170164 0.54237646
0.6765292 0.632509 0.5414823
0.58160377 0.5584306 0.48389804
0.65142334 0.61435217 0.5288236
0.6757605 0.6164927 0.5227686
0.6914468 0.63352853 0.53150594
0.6992899 0.64137167 0.5393491
0.7032115 0.64529324 0.54327065
0.7032115 0.64529324 0.54327065
0.68360364 0.6256854 0.5236628
0.67183894 0.6139207 0.5118981
0.68518007 0.6189633 0.51974124
0.68518007 0.6203128 0.5127922
0.6969448 0.6320775 0.52455693
0.6930232 0.62815595 0.52063537
0.7047879 0.63992065 0.5324001
0.7087095 0.6438422 0.53632164
0.6969448 0.6320775 0.52455693
0.70086634 0.6359991 0.5284785
0.7047879 0.6412702 0.52545106
0.6945996 0.6227834 0.5097648
0.6945996 0.6227834 0.5097648
0.6945996 0.624133 0.50281566
0.696176 0.6174109 0.4988941
0.696176 0.61876047 0.4919451
0.6922544 0.6148389 0.48802352
0.6938309 0.6081168 0.48410195
0.68990934 0.60554475 0.47323143
0.68990934 0.60554475 0.47323143
0.6977525 0.6133879 0.48107457
0.6993289 0.60666573 0.477153
0.69540733 0.6027442 0.47323143
0.6875642 0.5949011 0.4653883
0.6757995 0.5831363 0.4536236
0.6836426 0.592329 0.45451772
0.6757995 0.5844859 0.4466746
0.6812975 0.5830349 0.43972555
0.6773759 0.5791133 0.43580398
0.67345434 0.57519174 0.4318824
0.67345434 0.57519174 0.4318824
0.6891406 0.590878 0.44756868
0.6891406 0.590878 0.44756868
0.6812975 0.58438444 0.43277645
0.68521905 0.588306 0.43669802
0.68521905 0.588306 0.43669802
0.7009053 0.6026427 0.4593334
0.7009053 0.6026427 0.4593334
0.68521905 0.58695644 0.44364712
0.69698375 0.59872115 0.45541182
0.6930622 0.5947996 0.45149025
0.6836426 0.5936786 0.44756868
0.6875642 0.5976001 0.45149025
0.6710702 0.6006036 0.47928625
0.72981566 0.72479033 0.683349
0.6897532 0.74166936 0.73591375
0.509361 0.5612772 0.5555216
0.5015179 0.55478364 0.5407294
0.509361 0.5626268 0.54857254
0.49917275 0.54548955 0.52593726
0.4756824 0.4805064 0.47495684
0.49844307 0.4880196 0.4797725
0.4804117 0.46303916 0.44929415
0.49140766 0.45878765 0.44234514
0.4537684 0.41419944 0.3922588
0.4239723 0.37610474 0.35696468
0.45061558 0.42629406 0.40705103
0.51724315 0.5303658 0.5220157
0.5250863 0.53820896 0.5298588
0.531353 0.5514247 0.54857254
0.53527457 0.5539967 0.5594432
0.53761977 0.56329083 0.5742353
0.5399649 0.5739345 0.58207846
0.5399649 0.5725849 0.58902746
0.5266237 0.5661928 0.58813334
0.47406694 0.52058494 0.5480236
0.37994927 0.42646727 0.4539059
0.3132826 0.3598006 0.38723925
0.29759634 0.3427648 0.378502
0.2842552 0.33772218 0.37065887
0.28033364 0.3338006 0.3667373
0.28817677 0.34164375 0.37458044
0.28817677 0.34164375 0.37458044
0.30386305 0.3559805 0.39721566
0.3117062 0.36382362 0.4050588
0.29994148 0.35340846 0.38634515
0.30228657 0.3627026 0.40113723
0.30620813 0.36662418 0.4050588
0.27875715 0.3391732 0.37760782
0.2748356 0.33525163 0.37368625
0.31954932 0.37166676 0.41290194
0.31562775 0.3677452 0.40898037
0.3470003 0.39911774 0.44035292
0.4270081 0.47217655 0.50791377
0.4521139 0.4903334 0.5205726
0.44273332 0.45045784 0.47530192
0.43416056 0.39054295 0.393498
0.4365448 0.36243197 0.3599922
0.42712522 0.35996142 0.36301965
0.2976353 0.30131114 0.35105103
0.16660814 0.21467692 0.28080788
0.15718853 0.21355592 0.2768863
0.16737683 0.23069316 0.2995216
0.16737683 0.23069316 0.2995216
0.1712984 0.23461473 0.30344316
0.1712984 0.23461473 0.30344316
0.17287481 0.22789264 0.2995216
0.17679638 0.23316376 0.29649416
0.18071795 0.23573577 0.30736473
0.17679638 0.23316376 0.29649416
0.18071795 0.23708533 0.30041572
0.1830631 0.24772899 0.30825886
0.19482781 0.2594937 0.32002357
0.20267096 0.26733685 0.3278667
0.1987494 0.26476485 0.31699607
0.2105141 0.27652955 0.32876077
0.23169835 0.2894153 0.34444705
0.26856893 0.3179873 0.3758196
0.26856893 0.3179873 0.3758196
0.26230222 0.30342206 0.3640549
0.24269436 0.28516376 0.337498
0.20897664 0.24449708 0.29133332
0.18860012 0.20887296 0.2530118
0.19801967 0.21134356 0.24998435
0.21920392 0.22557886 0.25872153
0.246694 0.2223725 0.20312944
0.630239 0.5974178 0.5339843
0.63965863 0.5998884 0.53095686
0.63573706 0.5973163 0.52008635
0.63573706 0.5973163 0.52008635
0.6278939 0.5894732 0.5122432
0.6161292 0.5777085 0.5004785
0.6318155 0.5947443 0.5092157
0.63573706 0.5986659 0.51313734
0.63965863 0.60258746 0.51705885
0.66084296 0.61547315 0.5327451
0.6647645 0.6207443 0.5297176
0.6765292 0.632509 0.5414823
0.6686861 0.62466586 0.5336392
0.67260766 0.62993693 0.53061175
0.68202716 0.631058 0.5345333
0.6624193 0.61145014 0.5149255
0.6428115 0.5918423 0.49531764
0.64673305 0.59576386 0.4992392
0.6663409 0.6153717 0.51884705
0.68202716 0.631058 0.5345333
0.6796821 0.62041426 0.5266902
0.68360364 0.6256854 0.5236628
0.6639958 0.60607755 0.50405496
0.6757605 0.61784226 0.51581967
0.68202716 0.631058 0.5345333
0.6898703 0.6389011 0.54237646
0.6624193 0.61145014 0.5149255
0.69379187 0.6428227 0.546298
0.69379187 0.6428227 0.546298
0.68202716 0.631058 0.5345333
0.6859487 0.63497955 0.5384549
0.69771343 0.64674425 0.5502196
0.701635 0.6506658 0.55414116
0.69771343 0.64674425 0.5502196
0.6859487 0.63497955 0.5384549
0.6961371 0.65346634 0.55414116
0.690639 0.6522183 0.5749883
0.5659175 0.54139477 0.47516078
0.6529998 0.6089796 0.5179529
0.67026246 0.6192933 0.5227686
0.66007423 0.6008064 0.50708234
0.66007423 0.6008064 0.50708234
0.66007423 0.6008064 0.50708234
0.6483095 0.5903913 0.4883687
0.6483095 0.5903913 0.4883687
0.6694938 0.603277 0.50405496
0.67341536 0.6071986 0.50797653
0.66165066 0.5954339 0.49621183
0.67183894 0.6139207 0.5118981
0.6812585 0.61504173 0.51581967
0.67341536 0.6085481 0.5010275
0.6969448 0.6320775 0.52455693
0.70086634 0.6359991 0.5284785
0.68910164 0.6242344 0.5167138
0.6945996 0.62143385 0.5167138
0.6828349 0.6110187 0.49800006
0.70009756 0.6199829 0.5097648
0.71186227 0.6330972 0.51458037
0.6922544 0.61348933 0.49497253
0.68990934 0.60419524 0.48018038
0.6820662 0.5963521 0.47233725
0.6703015 0.5845874 0.46057254
0.67422307 0.58850896 0.4644941
0.6703015 0.5845874 0.46057254
0.6820662 0.5977016 0.4653883
0.6859878 0.6016232 0.46930987
0.6993289 0.60666573 0.477153
0.6993289 0.60666573 0.477153
0.69148576 0.5988226 0.46930987
0.67972106 0.5884075 0.45059615
0.69698375 0.59737164 0.46236086
0.6773759 0.5791133 0.43580398
0.67345434 0.57519174 0.4318824
0.6812975 0.5830349 0.43972555
0.67345434 0.57519174 0.4318824
0.6695328 0.57127017 0.42796084
0.66168964 0.5647766 0.4131686
0.67345434 0.5765413 0.4249333
0.67345434 0.5765413 0.4249333
0.6695328 0.57261974 0.42101175
0.6773759 0.5791133 0.43580398
0.68521905 0.58695644 0.44364712
0.6875642 0.5976001 0.45149025
0.6836426 0.5936786 0.44756868
0.67972106 0.58975697 0.44364712
0.6875642 0.5976001 0.45149025
0.69540733 0.60544324 0.4593334
0.6875642 0.5976001 0.45149025
0.6703015 0.5872865 0.4466746
0.6961371 0.6480682 0.58193725
0.7838708 0.835787 0.8300314
0.5666082 0.6268228 0.6182667
0.50543946 0.5587052 0.544651
0.5015179 0.55478364 0.5407294
0.5070159 0.5519831 0.5407294
0.50232565 0.53204536 0.5180941
0.49059993 0.48017645 0.47192937
0.4859097 0.46158817 0.44234514
0.4537684 0.41419944 0.3922588
0.42239586 0.3828269 0.36088625
0.45845872 0.4341372 0.41489416
0.3940981 0.4101211 0.43216467
0.3940981 0.4101211 0.43216467
0.40036482 0.42333677 0.4508784
0.41212952 0.43510148 0.46264312
0.41997266 0.44159505 0.47743532
0.41839626 0.4469676 0.48830593
0.41839626 0.44561806 0.49525487
0.40505508 0.4405755 0.48741174
0.3658394 0.4000103 0.45514506
0.314859 0.3490299 0.40416467
0.28191006 0.32437944 0.3767137
0.27406693 0.3165363 0.36887056
0.2779885 0.32045788 0.37279212
0.27014536 0.31261474 0.364949
0.27014536 0.31261474 0.364949
0.2779885 0.31910834 0.37974116
0.29367477 0.33614415 0.3884784
0.3015179 0.3439873 0.39632154
0.2897532 0.33087304 0.39150587
0.29759634 0.33871618 0.399349
0.30543947 0.34655932 0.40719214
0.28033364 0.329752 0.3875843
0.28033364 0.329752 0.3875843
0.28817677 0.33759513 0.39542744
0.3015179 0.34263775 0.40327057
0.33681202 0.37793186 0.4385647
0.40740025 0.44986963 0.5022039
0.4403492 0.47586963 0.52270585
0.42312548 0.42815086 0.46959218
0.43181545 0.37989923 0.38565487
0.4365448 0.36243197 0.3599922
0.42712522 0.35996142 0.36301965
0.28979215 0.29481754 0.33625886
0.17052971 0.21859848 0.28472945
0.1611101 0.21612793 0.2877569
0.16345526 0.2267716 0.29560003
0.16580035 0.23606576 0.31039214
0.16580035 0.2374153 0.30344316
0.16972192 0.23998733 0.3143137
0.17364348 0.24525844 0.3112863
0.17364348 0.24525844 0.3112863
0.18148662 0.25310156 0.31912944
0.18540819 0.25702313 0.323051
0.19325134 0.2648663 0.33089417
0.20501605 0.276631 0.34265888
0.22070232 0.29096773 0.3652941
0.22854546 0.29881087 0.37313724
0.24423173 0.31449714 0.3888235
0.25599644 0.32626185 0.4005882
0.25599644 0.32491228 0.40753722
0.2732592 0.33657554 0.40540397
0.26307088 0.31943828 0.38276866
0.24503952 0.2931083 0.35923925
0.20347866 0.2445985 0.30523133
0.19329037 0.2288108 0.27564704
0.19252169 0.21279453 0.25693336
0.20194124 0.21526513 0.25390592
0.24588628 0.23971266 0.2535608
0.5925998 0.55282956 0.48389804
0.6200508 0.58028054 0.511349
0.62397236 0.5855516 0.50832164
0.62397236 0.5855516 0.50832164
0.62397236 0.5855516 0.50832164
0.63573706 0.5986659 0.51313734
0.63573706 0.5986659 0.51313734
0.6278939 0.59082276 0.5052942
0.6435802 0.60650903 0.5209805
0.64750177 0.6104306 0.524902
0.6671096 0.63003844 0.5445099
0.6765292 0.632509 0.5414823
0.6686861 0.62601537 0.5266902
0.6529998 0.6103291 0.5110039
0.67026246 0.6192933 0.5227686
0.6781056 0.6271364 0.53061175
0.674184 0.62321484 0.5266902
0.674184 0.62321484 0.5266902
0.674184 0.62321484 0.5266902
0.68202716 0.631058 0.5345333
0.6898703 0.6389011 0.54237646
0.68202716 0.631058 0.5345333
0.68360364 0.6243358 0.53061175
0.6757605 0.6164927 0.5227686
0.674184 0.62321484 0.5266902
0.6859487 0.63228047 0.552353
0.545541 0.5044212 0.44378823
0.5471175 0.50174767 0.41901967
0.69379187 0.6428227 0.546298
0.69771343 0.64674425 0.5502196
0.7055566 0.6545874 0.55806273
0.7055566 0.6545874 0.55806273
0.701635 0.6506658 0.55414116
0.6859487 0.63497955 0.5384549
0.67026246 0.6192933 0.5227686
0.6624193 0.6101006 0.5218745
0.6451567 0.60113645 0.5101098
0.6451567 0.5997869 0.51705885
0.5423881 0.51786536 0.45163137
0.63731354 0.5905942 0.5161648
0.65849775 0.60617906 0.5179529
0.6545762 0.6022575 0.51403135
0.6545762 0.603607 0.50708234
0.6624193 0.6101006 0.5218745
0.67183894 0.6112216 0.52579606
0.65615267 0.59553534 0.5101098
0.6483095 0.5876922 0.50226665
0.68360364 0.6243358 0.53061175
0.6875252 0.6282574 0.5345333
0.6992899 0.6400221 0.546298
0.6914468 0.63352853 0.53150594
0.68518007 0.6189633 0.51974124
0.68910164 0.62288487 0.5236628
0.6655722 0.59935546 0.5001334
0.67733693 0.6124697 0.5049491
0.6710702 0.59790444 0.4931844
0.6593055 0.58613974 0.48141968
0.6710702 0.599254 0.48623535
0.6828349 0.6110187 0.49800006
0.70244277 0.63062656 0.5176079
0.72754854 0.64878345 0.53026664
0.72754854 0.650133 0.52331764
0.7173603 0.6316462 0.50763136
0.71343875 0.62772465 0.5037098
0.7173603 0.6316462 0.50763136
0.6977525 0.6120384 0.48802352
0.6820662 0.5977016 0.4653883
0.6836426 0.59097946 0.46146673
0.67972106 0.58705795 0.45754516
0.6757995 0.5844859 0.4466746
0.66795635 0.57664275 0.43883145
0.66795635 0.57664275 0.43883145
0.6773759 0.5791133 0.43580398
0.6891406 0.590878 0.44756868
0.68521905 0.58695644 0.44364712
0.6891406 0.590878 0.44756868
0.6773759 0.5791133 0.43580398
0.68521905 0.588306 0.43669802
0.6812975 0.58438444 0.43277645
0.68521905 0.588306 0.43669802
0.6773759 0.5804629 0.42885488
0.67972106 0.58975697 0.44364712
0.69148576 0.60152173 0.45541182
0.69148576 0.60017216 0.46236086
0.70717204 0.617208 0.4710981
0.7150152 0.62505114 0.47894123
0.70717204 0.617208 0.4710981
0.70325047 0.6132864 0.46717653
0.6993289 0.60936487 0.46325496
0.6875642 0.5976001 0.45149025
0.6938309 0.6108159 0.470204
0.6969448 0.6320775 0.52455693
0.76272553 0.78549635 0.76604706
0.65680426 0.7170189 0.7084628
0.51170623 0.5719209 0.56336474
0.4999415 0.56150573 0.544651
0.5015179 0.55478364 0.5407294
0.49917275 0.54548955 0.52593726
0.4756824 0.48320547 0.46105886
0.4537684 0.41419944 0.3922588
0.41063115 0.3710622 0.34912154
0.4568823 0.4408593 0.41881573
0.2976353 0.30131114 0.35105103
0.3094 0.31307584 0.36281574
0.30390203 0.31452683 0.3697647
0.31174517 0.32236996 0.37760782
0.3195883 0.32886356 0.39239997
0.31016874 0.32639298 0.39542744
0.3140903 0.32896498 0.40629807
0.30624717 0.32112184 0.39845493
0.2905609 0.30408603 0.3897177
0.2787962 0.2909718 0.38490194
0.27487463 0.28570065 0.38792938
0.27095306 0.28177908 0.3840078
0.2670315 0.2778575 0.38008624
0.2552668 0.2660928 0.36832154
0.25918835 0.27001438 0.3722431
0.28821576 0.29074326 0.39577252
0.28821576 0.29074326 0.39577252
0.29213732 0.29466483 0.3996941
0.28821576 0.28939372 0.4027216
0.28271776 0.29084468 0.40967062
0.2905609 0.29868782 0.41751376
0.2889845 0.3054099 0.42143533
0.2772198 0.2936452 0.40967062
0.26937667 0.28580207 0.40182748
0.26937667 0.28580207 0.40182748
0.29448247 0.30260938 0.42143533
0.3297766 0.3406026 0.44283134
0.358804 0.36268106 0.45941174
0.36510974 0.34254032 0.40898037
0.40986252 0.34829816 0.36515293
0.4420428 0.35963145 0.3599922
0.4247801 0.34931773 0.3551765
0.2960589 0.30938277 0.34802356
0.16895324 0.22532062 0.28865102
0.1595337 0.22285002 0.29167846
0.16972192 0.23998733 0.3143137
0.17206708 0.24928145 0.32910585
0.19167495 0.2688893 0.3487137
0.20343965 0.280654 0.3604784
0.20186317 0.28737614 0.36439997
0.2097063 0.29521927 0.3722431
0.22931415 0.3148271 0.39185095
0.23165931 0.32547078 0.3996941
0.24500042 0.3305134 0.40753722
0.26460826 0.3487717 0.43409416
0.26303184 0.35549378 0.43801573
0.25911027 0.35022265 0.44104317
0.26303184 0.35414422 0.44496474
0.26303184 0.35549378 0.43801573
0.26460826 0.3487717 0.43409416
0.26383957 0.33410498 0.40843135
0.23404351 0.29735985 0.3661883
0.20032579 0.25669318 0.32002357
0.1995571 0.24067692 0.30130976
0.1893688 0.22353968 0.27867448
0.19094528 0.2181671 0.2678039
0.22154908 0.23622252 0.26656467
0.3133607 0.2930878 0.24894907
0.6161292 0.5777085 0.5004785
0.61220765 0.5737869 0.49655694
0.6318155 0.59339476 0.5161648
0.63965863 0.6012379 0.5240079
0.6278939 0.59082276 0.5052942
0.63965863 0.60258746 0.51705885
0.65142334 0.61435217 0.5288236
0.63965863 0.60258746 0.51705885
0.66084296 0.61547315 0.5327451
0.6529998 0.6089796 0.5179529
0.6529998 0.6089796 0.5179529
0.64907825 0.6064075 0.50708234
0.6569214 0.61425066 0.5149255
0.6663409 0.6153717 0.51884705
0.6663409 0.6153717 0.51884705
0.67026246 0.6192933 0.5227686
0.65849775 0.60752857 0.5110039
0.6624193 0.6127997 0.50797653
0.6545762 0.603607 0.50708234
0.6663409 0.6153717 0.51884705
0.68202716 0.631058 0.5345333
0.6859487 0.63497955 0.5384549
0.6859487 0.63497955 0.5384549
0.68202716 0.631058 0.5345333
0.68437237 0.64035213 0.54932547
0.59886646 0.56469566 0.5095608
0.3886782 0.34755838 0.28692546
0.6647645 0.61804515 0.54361576
0.6686861 0.6219667 0.5475373
0.6686861 0.6219667 0.5475373
0.6647645 0.6193947 0.53666675
0.6647645 0.6193947 0.53666675
0.6624193 0.6101006 0.5218745
0.6569214 0.61290115 0.5218745
0.6647645 0.6207443 0.5297176
0.6804508 0.635081 0.552353
0.66084296 0.61547315 0.5327451
0.6420037 0.61053205 0.5388
0.5392353 0.5272609 0.48032165
0.59413725 0.58351237 0.52827454
0.61455274 0.5817315 0.51829803
0.630239 0.5974178 0.5339843
0.6286626 0.60413986 0.5379059
0.62081945 0.5962967 0.53006274
0.63258415 0.60671186 0.5487765
0.62631744 0.5934962 0.53006274
0.6537684 0.6209472 0.5575137
0.6537684 0.6209472 0.5575137
0.6318155 0.59339476 0.5161648
0.6177057 0.5723359 0.4896079
0.6388899 0.5865712 0.4983451
0.6796821 0.62041426 0.5266902
0.6875252 0.6282574 0.5345333
0.70086634 0.6333 0.54237646
0.7032115 0.64529324 0.54327065
0.7165526 0.65033585 0.5511138
0.7087095 0.6438422 0.53632164
0.70086634 0.6359991 0.5284785
0.6969448 0.6320775 0.52455693
0.69067806 0.61886185 0.50584316
0.6867565 0.6149403 0.50192165
0.6844113 0.6056462 0.4871294
0.68833286 0.60956776 0.49105096
0.6922544 0.61348933 0.49497253
0.7079407 0.6305252 0.5037098
0.696176 0.61876047 0.4919451
0.71578383 0.6383683 0.51155293
0.7055956 0.621231 0.4889177
0.7055956 0.621231 0.4889177
0.6977525 0.61473745 0.47412556
0.6977525 0.61473745 0.47412556
0.6859878 0.60297275 0.46236086
0.6875642 0.59625065 0.4584393
0.6875642 0.59625065 0.4584393
0.69148576 0.60152173 0.45541182
0.7228583 0.6328943 0.48678437
0.70717204 0.617208 0.4710981
0.71267 0.6144074 0.4710981
0.70874846 0.61048585 0.46717653
0.6993289 0.60936487 0.46325496
0.7150152 0.62505114 0.47894123
0.7110936 0.61978006 0.4819687
0.7150152 0.6237016 0.48589027
0.7267799 0.6368158 0.49070594
0.7267799 0.6368158 0.49070594
0.71893674 0.62897265 0.4828628
0.70717204 0.617208 0.4710981
0.70717204 0.617208 0.4710981
0.6993289 0.60936487 0.46325496
0.69148576 0.60152173 0.45541182
0.6993289 0.60936487 0.46325496
0.69540733 0.6040938 0.46628243
0.6726466 0.59523106 0.46841568
0.7212038 0.70228046 0.6498432
0.74465513 0.7965713 0.7908157
0.54465514 0.5965713 0.5908157
0.509361 0.5612772 0.5555216
0.49759635 0.5508621 0.53680784
0.4913296 0.5376464 0.5180941
0.47333726 0.47391135 0.4462667
0.4113999 0.38842794 0.36088625
0.44903916 0.4316666 0.4179216
0.36430195 0.3679778 0.4177177
0.3705687 0.38254303 0.4294824
0.36664712 0.37862146 0.42556083
0.3823334 0.3929582 0.44819605
0.37841183 0.38903663 0.4442745
0.36899227 0.38656604 0.44730192
0.36899227 0.3852165 0.45425096
0.36272556 0.3693017 0.44943532
0.3329294 0.32715842 0.4349882
0.31097654 0.29285818 0.4283843
0.30078825 0.27302185 0.41964704
0.29844308 0.26102865 0.4187529
0.29844308 0.26102865 0.4187529
0.2945215 0.2557575 0.42178035
0.29844308 0.25967908 0.42570192
0.32747054 0.28040794 0.44923133
0.32354897 0.27648637 0.44530976
0.32747054 0.28040794 0.44923133
0.32354897 0.27513683 0.45225886
0.32747054 0.2790584 0.45618042
0.3219725 0.28185895 0.45618042
0.31255296 0.2807379 0.45225886
0.31255296 0.2807379 0.45225886
0.30078825 0.2689732 0.44049415
0.30078825 0.26762366 0.44744313
0.31412935 0.27266628 0.45528626
0.31805092 0.27793738 0.45225886
0.33923525 0.29217264 0.46099603
0.3368901 0.28962627 0.4114588
0.39575267 0.32184112 0.3663922
0.4302781 0.3465172 0.3551765
0.41693696 0.3414746 0.34733337
0.28979215 0.29481754 0.33625886
0.17679638 0.2318142 0.30344316
0.17991021 0.2571246 0.336949
0.1861769 0.2703403 0.3556628
0.20263192 0.30204278 0.39006278
0.22458492 0.3322943 0.41751376
0.23634963 0.344059 0.42927846
0.24419276 0.35190213 0.4371216
0.25987905 0.3675884 0.45280787
0.26380062 0.37150997 0.45672944
0.2677222 0.374082 0.4676
0.27164376 0.37800357 0.47152156
0.27006727 0.3847257 0.47544312
0.2661457 0.38080412 0.47152156
0.26222414 0.37688255 0.4676
0.26380062 0.37150997 0.45672944
0.24811433 0.3558237 0.44104317
0.2418476 0.34125847 0.42927846
0.21597303 0.3097845 0.3840078
0.19636519 0.29017666 0.36439997
0.19559652 0.27416041 0.34568626
0.20267096 0.2659873 0.33481574
0.20424737 0.26061475 0.32394513
0.2097454 0.26186284 0.30309802
0.252153 0.25427788 0.26532555
0.61455274 0.5817315 0.51829803
0.6200508 0.58163005 0.5044001
0.6200508 0.58163005 0.5044001
0.6278939 0.5894732 0.5122432
0.6435802 0.60515946 0.5279295
0.63573706 0.5986659 0.51313734
0.6294704 0.5841006 0.5013726
0.6318155 0.5947443 0.5092157
0.633392 0.5880222 0.5052942
0.63731354 0.5932933 0.50226665
0.6451567 0.60113645 0.5101098
0.6529998 0.6089796 0.5179529
0.66084296 0.6181722 0.51884705
0.6663409 0.6167213 0.5118981
0.6624193 0.6127997 0.50797653
0.65849775 0.60887814 0.50405496
0.6545762 0.60495657 0.5001334
0.65849775 0.60887814 0.50405496
0.67026246 0.62064284 0.51581967
0.6663409 0.6153717 0.51884705
0.6624193 0.61145014 0.5149255
0.674184 0.62321484 0.5266902
0.6781056 0.6271364 0.53061175
0.69379187 0.6428227 0.546298
0.6804508 0.635081 0.552353
0.6113999 0.58977747 0.55393726
0.24746269 0.23703921 0.22879213
0.6302 0.62807506 0.61702746
0.57133746 0.6039575 0.6204
0.51954937 0.57436585 0.599004
0.50778466 0.56260115 0.58723927
0.5572276 0.58559775 0.5799451
0.6043255 0.59795064 0.56480783
0.6623803 0.6448065 0.5840706
0.67337626 0.640555 0.57712156
0.6655331 0.6327119 0.5692784
0.65611356 0.63159084 0.56535685
0.652192 0.6276693 0.5614353
0.62943137 0.6188065 0.5635687
0.50232565 0.53339493 0.5111451
0.49840406 0.5281238 0.51417255
0.50232565 0.53339493 0.5111451
0.5156667 0.53978705 0.5120393
0.503902 0.52667284 0.50722355
0.48821577 0.51098657 0.49153724
0.4686079 0.49272817 0.46498042
0.44900006 0.4717708 0.45232153
0.47252947 0.4953002 0.47585094
0.503902 0.52667284 0.50722355
0.5133216 0.5304929 0.49724713
0.5148981 0.5251203 0.48637646
0.5298157 0.52479035 0.48334903
0.5721842 0.55326086 0.5008236
0.6223959 0.58957464 0.52614117
0.64750177 0.60908103 0.53185105
0.6686861 0.6233163 0.54058826
0.69379187 0.6401236 0.56019616
0.69771343 0.64539474 0.5571686
0.6859487 0.63497955 0.5384549
0.7032115 0.64529324 0.54327065
0.7032115 0.64529324 0.54327065
0.7165526 0.65168536 0.5441648
0.70244277 0.63062656 0.5176079
0.6985212 0.62805456 0.50673723
0.6945996 0.624133 0.50281566
0.7102859 0.63981926 0.51850194
0.71812904 0.6476624 0.5263451
0.7197054 0.6422899 0.5154745
0.723627 0.64756095 0.5124471
0.723627 0.64756095 0.5124471
0.71186227 0.63579625 0.5006824
0.729125 0.64611 0.5054981
0.72520345 0.64218843 0.50157654
0.7330466 0.65003157 0.5094197
0.7110936 0.61978006 0.4819687
0.7150152 0.62505114 0.47894123
0.7165916 0.618329 0.47501966
0.6930622 0.5947996 0.45149025
0.6891406 0.5922276 0.4406196
0.68521905 0.58695644 0.44364712
0.67972106 0.58975697 0.44364712
0.6836426 0.5936786 0.44756868
0.7150152 0.6237016 0.48589027
0.7150152 0.6237016 0.48589027
0.71893674 0.62897265 0.4828628
0.7110936 0.6211295 0.47501966
0.6836426 0.5936786 0.44756868
0.6695328 0.57261974 0.42101175
0.6836426 0.59502816 0.4406196
0.69148576 0.6028713 0.44846272
0.6875642 0.5989497 0.44454116
0.67972106 0.58975697 0.44364712
0.6640348 0.5740707 0.42796084
0.66795635 0.5779923 0.4318824
0.6546152 0.57025063 0.43793732
0.64438796 0.5864697 0.48444712
0.73212177 0.7687904 0.76033723
0.5877924 0.6397086 0.633953
0.5132826 0.56654835 0.5524941
0.5030943 0.5494111 0.5298588
0.48740804 0.53372484 0.51417255
0.48821577 0.51098657 0.49153724
0.44980785 0.4490324 0.4296863
0.5195883 0.5369609 0.5507059
0.5274314 0.54345447 0.56549805
0.52977663 0.5527486 0.5802902
0.52585506 0.54882705 0.57636863
0.52427864 0.55554914 0.5802902
0.52427864 0.55285 0.5941883
0.51251394 0.5410853 0.58242357
0.49056092 0.5081347 0.5688706
0.43489018 0.43046877 0.53
0.36118817 0.32647282 0.4676
0.34081167 0.28545055 0.45707446
0.33454493 0.27088532 0.44530976
0.33454493 0.26953578 0.45225886
0.33612135 0.2628137 0.4483373
0.34004292 0.26538572 0.45920783
0.35965076 0.28499356 0.47881567
0.35415277 0.28779408 0.47881567
0.3619959 0.29563722 0.4866588
0.3619959 0.29563722 0.4866588
0.35807434 0.29171565 0.48273724
0.3619959 0.29563722 0.4866588
0.36276466 0.3143525 0.49147454
0.34158033 0.3014668 0.47578827
0.3337372 0.29227412 0.4748941
0.33296853 0.27355877 0.47007847
0.34473324 0.28397393 0.48879212
0.3502312 0.2811734 0.48879212
0.35415277 0.28644451 0.48576474
0.34788606 0.28132612 0.4253569
0.4012507 0.31904057 0.3663922
0.43419966 0.35043877 0.35909808
0.42085853 0.34539616 0.35125494
0.31174517 0.3237195 0.37065887
0.20501605 0.276631 0.34265888
0.20420833 0.29667026 0.3791922
0.21674179 0.32445115 0.40967062
0.24653786 0.36254582 0.44496474
0.27241242 0.39536935 0.48328626
0.29436544 0.42562088 0.51073724
0.30220857 0.43346402 0.5185804
0.30220857 0.43346402 0.5185804
0.3100517 0.44130716 0.5264235
0.29671046 0.4362646 0.5185804
0.29671046 0.4362646 0.5185804
0.29671046 0.4362646 0.5185804
0.2810242 0.42057833 0.5028941
0.27083603 0.40209147 0.48720783
0.25514975 0.3864052 0.47152156
0.25514975 0.38775474 0.46457258
0.24888301 0.3731895 0.45280787
0.24888301 0.3731895 0.45280787
0.24496144 0.36926794 0.4488863
0.24653786 0.3638954 0.43801573
0.24811433 0.3585228 0.42714506
0.26303184 0.35684332 0.43106663
0.26776114 0.3420752 0.39150587
0.44669402 0.42642114 0.38228238
0.61455274 0.5817315 0.51829803
0.62397236 0.5855516 0.50832164
0.6200508 0.58163005 0.5044001
0.6200508 0.58163005 0.5044001
0.6318155 0.5947443 0.5092157
0.6318155 0.5947443 0.5092157
0.6412351 0.5958653 0.51313734
0.63965863 0.60258746 0.51705885
0.64750177 0.6104306 0.524902
0.65142334 0.61570174 0.5218745
0.6529998 0.6089796 0.5179529
0.6686861 0.62466586 0.5336392
0.67260766 0.62993693 0.53061175
0.6663409 0.6153717 0.51884705
0.6624193 0.6127997 0.50797653
0.65849775 0.60887814 0.50405496
0.67026246 0.62064284 0.51581967
0.6781056 0.628486 0.5236628
0.67026246 0.6192933 0.5227686
0.6781056 0.628486 0.5236628
0.68202716 0.631058 0.5345333
0.6781056 0.6271364 0.53061175
0.6663409 0.6140222 0.52579606
0.66084296 0.61547315 0.5327451
0.59179205 0.5701696 0.5343294
0.12658466 0.19550054 0.27812546
0.7673378 0.8707973 0.9339216
0.8143966 0.91920567 0.9740314
0.83242804 0.94553566 0.9975608
0.8363496 0.9494572 1.0
0.83242804 0.94553566 0.9975608
0.799479 0.91953564 0.97705877
0.62066334 0.7324214 0.7927451
0.50463176 0.5733463 0.6089804
0.5964433 0.62481344 0.6191608
0.6058628 0.62728405 0.61613333
0.6192039 0.6336762 0.61702746
0.5940981 0.6168689 0.5974196
0.5729139 0.6026336 0.58868235
0.4913296 0.53629684 0.52504313
0.46780017 0.51276743 0.5015137
0.45603547 0.4996532 0.49669808
0.45603547 0.5010027 0.48974898
0.4638786 0.50884587 0.49759212
0.47172177 0.516689 0.5054353
0.47564334 0.5206106 0.50935686
0.4521139 0.4970812 0.48582742
0.45995703 0.5049243 0.49367055
0.46780017 0.51276743 0.5015137
0.4811414 0.5191596 0.50240785
0.4929061 0.5309243 0.51417255
0.48506296 0.5230812 0.5063294
0.49840406 0.5281238 0.51417255
0.49840406 0.52947336 0.50722355
0.53527457 0.5593949 0.5316471
0.5658785 0.5761007 0.53735685
0.5658785 0.5761007 0.53735685
0.59098434 0.59425753 0.5500157
0.63335294 0.6240776 0.5605412
0.6757214 0.65254825 0.5780157
0.7024037 0.66533256 0.57980394
0.7079018 0.66388154 0.5728549
0.7055566 0.65593696 0.5511138
0.7165526 0.6530349 0.5372157
0.72989374 0.65807754 0.54505885
0.74165845 0.66984224 0.5568236
0.7338153 0.6633487 0.54203135
0.72989374 0.6594271 0.5381098
0.72754854 0.650133 0.52331764
0.71578383 0.6383683 0.51155293
0.6977525 0.6133879 0.48107457
0.6938309 0.6094663 0.477153
0.6820662 0.5990512 0.4584393
0.68990934 0.6068943 0.46628243
0.69540733 0.6040938 0.46628243
0.6875642 0.5976001 0.45149025
0.6640348 0.5740707 0.42796084
0.6656112 0.5673486 0.42403927
0.6577681 0.56085503 0.40924704
0.6538465 0.55693346 0.40532547
0.64992493 0.5516623 0.408353
0.64600337 0.54774076 0.40443143
0.64442694 0.5544629 0.408353
0.6601132 0.5701492 0.42403927
0.6601132 0.57149875 0.41709018
0.6757995 0.587185 0.43277645
0.6875642 0.5989497 0.44454116
0.6718779 0.5832634 0.42885488
0.67345434 0.5765413 0.4249333
0.68521905 0.588306 0.43669802
0.6812975 0.58438444 0.43277645
0.6836426 0.59502816 0.4406196
0.70325047 0.61463594 0.46022743
0.71893674 0.62897265 0.4828628
0.7150152 0.62505114 0.47894123
0.70167404 0.618659 0.47804713
0.7079407 0.6305252 0.5037098
0.72823924 0.7301629 0.6942196
0.6403492 0.686666 0.6671137
0.50543946 0.5600548 0.53770196
0.4913296 0.538996 0.5111451
0.48740804 0.5350744 0.50722355
0.4795649 0.5272313 0.49938038
0.580757 0.6077776 0.61042356
0.58702374 0.6209933 0.6291373
0.59878844 0.632758 0.64090204
0.6050551 0.6459737 0.6596157
0.6011335 0.6420521 0.6556941
0.5893688 0.6289379 0.6508784
0.569761 0.6079805 0.63821965
0.53604335 0.5632652 0.6129019
0.481949 0.47887713 0.57010984
0.37845093 0.33543697 0.4793647
0.3557292 0.28377107 0.46099603
0.34788606 0.27592793 0.4531529
0.34788606 0.2745784 0.460102
0.34004292 0.26673526 0.45225886
0.3557292 0.281072 0.4748941
0.3674939 0.2928367 0.4866588
0.38710174 0.31244454 0.50626665
0.36357233 0.28891513 0.48273724
0.3792586 0.3046014 0.49842352
0.36983904 0.3048299 0.48755297
0.3737606 0.30875146 0.49147454
0.35334504 0.31458104 0.48060387
0.33608237 0.30561686 0.46883917
0.3203961 0.28993058 0.4531529
0.34473324 0.28532347 0.48184317
0.35807434 0.28901654 0.49663526
0.35807434 0.28901654 0.49663526
0.35965076 0.283644 0.48576474
0.36514878 0.29029024 0.4371216
0.40517226 0.32161263 0.3772627
0.4420428 0.35963145 0.3599922
0.4247801 0.34931773 0.3551765
0.32743144 0.3407553 0.3793961
0.23323572 0.32009825 0.3888235
0.23869473 0.35470268 0.4371216
0.28025556 0.40456206 0.48418042
0.3163183 0.45722198 0.5312393
0.34769085 0.48859453 0.5626118
0.3672987 0.5082024 0.58221966
0.36572227 0.51492447 0.5861412
0.3618007 0.5110029 0.58221966
0.3618007 0.5110029 0.58221966
0.35787913 0.50708133 0.5782981
0.350036 0.4992382 0.57045496
0.34061646 0.49811715 0.5665334
0.3366949 0.49419558 0.5626118
0.33277333 0.490274 0.55869025
0.33277333 0.490274 0.55869025
0.3382713 0.4874735 0.55869025
0.33434972 0.48355192 0.5547687
0.33042815 0.47963035 0.5508471
0.32650658 0.47570878 0.54692554
0.33200458 0.47290826 0.54692554
0.328083 0.47033626 0.5360549
0.33907908 0.46473515 0.5360549
0.37521997 0.4439345 0.4795686
0.61063117 0.57780993 0.51437646
0.6161292 0.576359 0.50742745
0.6278939 0.5894732 0.5122432
0.63573706 0.5973163 0.52008635
0.6200508 0.5829796 0.49745104
0.63731354 0.59194374 0.5092157
0.6294704 0.5841006 0.5013726
0.63731354 0.59194374 0.5092157
0.65142334 0.61435217 0.5288236
0.64750177 0.6104306 0.524902
0.66318804 0.62746644 0.5336392
0.6647645 0.6207443 0.5297176
0.66084296 0.6168227 0.52579606
0.65849775 0.60752857 0.5110039
0.6624193 0.61145014 0.5149255
0.67026246 0.62064284 0.51581967
0.67026246 0.62064284 0.51581967
0.68202716 0.63240755 0.5275844
0.6898703 0.6389011 0.54237646
0.6781056 0.6271364 0.53061175
0.65849775 0.60752857 0.5110039
0.6506546 0.59968543 0.5031608
0.6506546 0.5983359 0.5101098
0.63100773 0.6093853 0.5735451
0.6293533 0.67877156 0.7366039
0.29444343 0.3494613 0.42109025
0.53281236 0.6447717 0.7520863
0.80416936 0.93407524 1.0
0.8080909 0.9393464 1.0
0.81593406 0.948539 1.0
0.81985563 0.9551597 1.0
0.81985563 0.9551597 1.0
0.81985563 0.9551597 1.0
0.8120125 0.9473166 1.0
0.7845615 0.91851604 0.98703533
0.58379275 0.70249987 0.7683216
0.498365 0.5587811 0.59721565
0.49367478 0.54154235 0.56068236
0.4779885 0.5258561 0.5449961
0.48583165 0.5350487 0.5458902
0.4999415 0.55880666 0.55854905
0.49601993 0.5548851 0.55462754
0.48583165 0.5363983 0.53894126
0.4623022 0.5128688 0.5154118
0.4623022 0.5142184 0.5084628
0.47406694 0.5259831 0.5202275
0.47014537 0.5220615 0.5163059
0.4795649 0.52453214 0.5132784
0.4779885 0.52990466 0.52414906
0.48191008 0.5324767 0.53501964
0.4881768 0.54704195 0.5467844
0.48033366 0.5391988 0.53894126
0.49759635 0.548163 0.5507059
0.48425522 0.5404213 0.5567608
0.47875717 0.5418723 0.56370986
0.46933764 0.5394017 0.5667373
0.44815332 0.52516645 0.55799997
0.47010633 0.55406845 0.5924
0.47952586 0.5551895 0.5963216
0.47718078 0.54589534 0.5815294
0.48191008 0.5324767 0.53501964
0.50547844 0.5199507 0.503302
0.5556902 0.5576139 0.5216706
0.62081945 0.59494716 0.5370118
0.6624193 0.61145014 0.5149255
0.6930232 0.62815595 0.52063537
0.70244277 0.63062656 0.5176079
0.7102859 0.63981926 0.51850194
0.70244277 0.6319761 0.5106588
0.7040191 0.62525403 0.50673723
0.7079407 0.6305252 0.5037098
0.71343875 0.62772465 0.5037098
0.6938309 0.6094663 0.477153
0.6820662 0.5977016 0.4653883
0.67422307 0.5898585 0.45754516
0.67422307 0.59120804 0.45059615
0.6757995 0.5844859 0.4466746
0.6757995 0.58583546 0.43972555
0.67972106 0.58975697 0.44364712
0.6930622 0.5947996 0.45149025
0.7048269 0.6065643 0.46325496
0.72443473 0.6261721 0.4828628
0.71893674 0.62897265 0.4828628
0.70325047 0.61463594 0.46022743
0.70717204 0.6185576 0.464149
0.70717204 0.6185576 0.464149
0.6993289 0.61071444 0.45630586
0.6875642 0.5989497 0.44454116
0.6875642 0.5989497 0.44454116
0.6812975 0.58438444 0.43277645
0.6757995 0.587185 0.43277645
0.6757995 0.587185 0.43277645
0.6875642 0.5989497 0.44454116
0.6812975 0.58438444 0.43277645
0.67345434 0.5765413 0.4249333
0.66795635 0.5793419 0.4249333
0.6757995 0.587185 0.43277645
0.6836426 0.59502816 0.4406196
0.6726466 0.59658056 0.46146673
0.6929841 0.66286194 0.58283144
0.6654551 0.7048229 0.67977256
0.5030943 0.5507607 0.5229098
0.4913296 0.538996 0.5111451
0.47406694 0.5300318 0.49938038
0.5964433 0.62346387 0.62610984
0.59878844 0.632758 0.64090204
0.60897666 0.6512448 0.6565883
0.60897666 0.6512448 0.6565883
0.6168198 0.6577384 0.6713804
0.6011335 0.6407026 0.66264313
0.5579963 0.59756535 0.6195059
0.53761977 0.5592422 0.5950824
0.48352554 0.47350448 0.55923927
0.39179206 0.34182912 0.48025885
0.3557292 0.28512064 0.45404702
0.34788606 0.27592793 0.4531529
0.35180762 0.2798495 0.45707446
0.36514878 0.2835425 0.4718667
0.35180762 0.27715042 0.47097254
0.36357233 0.28891513 0.48273724
0.3792586 0.3046014 0.49842352
0.34788606 0.27322885 0.46705097
0.3674939 0.29418623 0.47970983
0.37533703 0.30202937 0.48755297
0.3737606 0.310101 0.48452544
0.35099995 0.3052869 0.46581173
0.3203961 0.29128015 0.4462039
0.3086314 0.27816588 0.4413882
0.3313921 0.28163043 0.46705097
0.34238806 0.27333027 0.48094898
0.3502312 0.2811734 0.48879212
0.35965076 0.283644 0.48576474
0.3612272 0.28636867 0.43320003
0.40517226 0.32161263 0.3772627
0.43419966 0.3517883 0.35214907
0.4247801 0.34931773 0.3551765
0.33369815 0.353971 0.39810985
0.26145545 0.36356542 0.4349882
0.27867916 0.41263372 0.48115298
0.33200458 0.47425783 0.5399765
0.3735654 0.5241172 0.5870353
0.4010164 0.5515682 0.61448634
0.4167027 0.5659049 0.6371216
0.42062426 0.57117605 0.6340942
0.42454582 0.5750976 0.63801575
0.42454582 0.5750976 0.63801575
0.43238896 0.58294076 0.6458589
0.43238896 0.5815912 0.6528079
0.42454582 0.57374805 0.64496475
0.4284674 0.5776696 0.6488863
0.41904786 0.5765486 0.64496475
0.41120473 0.56870544 0.6371216
0.4151263 0.572627 0.6410432
0.4151263 0.572627 0.6410432
0.4151263 0.572627 0.6410432
0.40728316 0.5647839 0.63320005
0.4010164 0.55021864 0.62143534
0.4010164 0.55021864 0.62143534
0.42377722 0.5590813 0.619302
0.5478471 0.5484212 0.5207765
0.62631744 0.5934962 0.53006274
0.6161292 0.576359 0.50742745
0.6161292 0.5777085 0.5004785
0.62397236 0.5869012 0.5013726
0.6318155 0.5947443 0.5092157
0.6412351 0.5958653 0.51313734
0.6412351 0.5958653 0.51313734
0.63731354 0.59194374 0.5092157
0.63731354 0.59194374 0.5092157
0.633392 0.5880222 0.5052942
0.64907825 0.605058 0.51403135
0.6529998 0.6089796 0.5179529
0.64907825 0.605058 0.51403135
0.64673305 0.59576386 0.4992392
0.6506546 0.59968543 0.5031608
0.65849775 0.60752857 0.5110039
0.6679174 0.60864955 0.5149255
0.65849775 0.60752857 0.5110039
0.6639958 0.604728 0.5110039
0.6506546 0.59968543 0.5031608
0.6506546 0.59968543 0.5031608
0.6451567 0.5997869 0.51705885
0.60978436 0.6258074 0.647851
0.7344278 0.8046932 0.8790196
0.6363886 0.7053045 0.7879294
0.10936102 0.15048085 0.21111369
0.20424737 0.25791568 0.33784312
0.1587259 0.24153978 0.33516082
0.22381617 0.313579 0.41269803
0.38221633 0.5011246 0.6139372
0.69513404 0.83758855 0.9502981
0.7735654 0.9173695 1.0
0.7892517 0.9371044 1.0
0.79867125 0.9409245 1.0
0.79867125 0.9409245 1.0
0.79867125 0.93957496 1.0
0.725738 0.85834295 0.9351608
0.49363574 0.5762483 0.62287843
0.49444345 0.5575586 0.5793961
0.49052188 0.5549866 0.5685255
0.4881768 0.5443429 0.56068236
0.49601993 0.552186 0.5685255
0.4764121 0.5325782 0.54891765
0.48425522 0.5417708 0.5498118
0.4764121 0.53527725 0.53501964
0.4764121 0.53527725 0.53501964
0.46856895 0.5274341 0.5271765
0.47249052 0.5286566 0.5449961
0.46541607 0.53548014 0.5628157
0.45518875 0.5530488 0.6023765
0.47948688 0.5898954 0.65851766
0.5383104 0.64871895 0.7173412
0.59713393 0.7061929 0.7831138
0.63242805 0.741487 0.8184079
0.6857535 0.8017615 0.8841804
0.731236 0.8555424 0.9351608
0.75868696 0.8816439 0.96956074
0.77045166 0.8934086 0.98132545
0.77045166 0.8934086 0.98132545
0.7665301 0.889487 0.9774039
0.7602633 0.8762713 0.9586902
0.58694565 0.69040513 0.7535294
0.44896108 0.50377756 0.52841574
0.46545509 0.5021238 0.49367055
0.48352554 0.4910486 0.468902
0.5910233 0.55955166 0.4878196
0.6930232 0.62680644 0.5275844
0.6969448 0.6334271 0.5176079
0.71812904 0.6476624 0.5263451
0.7259722 0.65550554 0.5341882
0.723627 0.64621145 0.51939607
0.7197054 0.6422899 0.5154745
0.72754854 0.650133 0.52331764
0.73931324 0.6632472 0.5281334
0.73696816 0.65260357 0.52029026
0.7212819 0.63826686 0.49765497
0.7110936 0.61978006 0.4819687
0.69540733 0.60544324 0.4593334
0.69148576 0.60152173 0.45541182
0.67972106 0.58975697 0.44364712
0.6812975 0.58438444 0.43277645
0.68521905 0.588306 0.43669802
0.6773759 0.5804629 0.42885488
0.6773759 0.5804629 0.42885488
0.6836426 0.59502816 0.4406196
0.6891406 0.5922276 0.4406196
0.6891406 0.5922276 0.4406196
0.6812975 0.585734 0.42582744
0.6891406 0.59357715 0.43367058
0.69698375 0.6000707 0.44846272
0.7048269 0.60791385 0.45630586
0.6891406 0.5922276 0.4406196
0.6993289 0.61071444 0.45630586
0.6930622 0.5974987 0.43759215
0.6812975 0.585734 0.42582744
0.67972106 0.5924561 0.429749
0.6812975 0.585734 0.42582744
0.6812975 0.58438444 0.43277645
0.6836426 0.59502816 0.4406196
0.69148576 0.60152173 0.45541182
0.68518007 0.6203128 0.5127922
0.6811804 0.6858032 0.6332628
0.5101688 0.5452867 0.49814117
0.47879618 0.51256454 0.4737177
0.5846786 0.61034966 0.62129414
0.58702374 0.6223428 0.62218827
0.59878844 0.632758 0.64090204
0.5932904 0.63555855 0.64090204
0.6050551 0.6459737 0.6596157
0.5893688 0.6289379 0.6508784
0.57133746 0.60260797 0.627349
0.54154134 0.56316376 0.599004
0.4929451 0.4759751 0.5562117
0.38160375 0.3246919 0.45762357
0.35965076 0.2890422 0.4579686
0.3439645 0.27335593 0.44228232
0.3439645 0.27200636 0.44923133
0.34554094 0.26393467 0.45225886
0.33612135 0.2628137 0.4483373
0.34004292 0.26538572 0.45920783
0.34788606 0.27322885 0.46705097
0.3439645 0.2693073 0.4631294
0.35965076 0.2863431 0.4718667
0.3674939 0.29418623 0.47970983
0.36591747 0.30225787 0.4766823
0.3431568 0.29744378 0.4579686
0.32431766 0.29520172 0.45012546
0.31255296 0.28208745 0.44530976
0.33531368 0.285552 0.47097254
0.35415277 0.28644451 0.48576474
0.3502312 0.2811734 0.48879212
0.3557292 0.281072 0.4748941
0.3494625 0.27460396 0.42143533
0.40517226 0.32161263 0.3772627
0.42635652 0.34394518 0.34430593
0.4130154 0.33755302 0.3434118
0.34546286 0.3657357 0.40987456
0.27556533 0.38597378 0.45459604
0.31239673 0.45464998 0.52036864
0.3672987 0.50955194 0.5752706
0.4167027 0.5672545 0.6301726
0.4402321 0.5907839 0.653702
0.4637615 0.6143133 0.67723143
0.46768308 0.6182349 0.681153
0.4755262 0.626078 0.68899614
0.47944778 0.6299996 0.6929177
0.48336935 0.63392115 0.6968393
0.47944778 0.6299996 0.6929177
0.47394982 0.63145053 0.6998667
0.47394982 0.63145053 0.6998667
0.47002825 0.62752897 0.69594514
0.47002825 0.62752897 0.69594514
0.47002825 0.62752897 0.69594514
0.46610668 0.6236074 0.6920236
0.45826355 0.61576426 0.68418044
0.44257727 0.600078 0.66849416
0.41904786 0.5765486 0.64496475
0.4167027 0.5659049 0.6371216
0.47322017 0.5793787 0.62590593
0.61532146 0.5963981 0.5439608
0.630239 0.59876734 0.5270353
0.62397236 0.5842021 0.5152706
0.6278939 0.5894732 0.5122432
0.63965863 0.6012379 0.5240079
0.6451567 0.5997869 0.51705885
0.63731354 0.59194374 0.5092157
0.6412351 0.5958653 0.51313734
0.6529998 0.60763 0.524902
0.6569214 0.6115516 0.5288236
0.6569214 0.6115516 0.5288236
0.6647645 0.6193947 0.53666675
0.6686861 0.62466586 0.5336392
0.6647645 0.6207443 0.5297176
0.6569214 0.61290115 0.5218745
0.6663409 0.6153717 0.51884705
0.6663409 0.6153717 0.51884705
0.6624193 0.61145014 0.5149255
0.6639958 0.604728 0.5110039
0.6545762 0.603607 0.50708234
0.63731354 0.5932933 0.50226665
0.55807436 0.529503 0.48816478
0.2584196 0.26614413 0.2909882
0.16191782 0.1960887 0.2512235
0.17994925 0.22241864 0.27475291
0.15799625 0.19216713 0.24730194
0.099172726 0.1333436 0.18847841
0.17210612 0.21322595 0.2738588
0.20347866 0.2445985 0.30523133
0.18387082 0.2236411 0.2925726
0.20032579 0.25399408 0.33392155
0.24972978 0.30899748 0.4027216
0.1689142 0.25732747 0.36474508
0.53984773 0.6753533 0.7825647
0.75395757 0.89776164 1.0
0.78140855 0.92656213 1.0
0.7853301 0.9304837 1.0
0.78140855 0.92656213 1.0
0.7649537 0.89351 0.9952235
0.47718078 0.54454577 0.58847845
0.498365 0.5601306 0.5902667
0.5022866 0.56540173 0.58723927
0.49444345 0.5575586 0.5793961
0.498365 0.56148016 0.5833177
0.49052188 0.5549866 0.5685255
0.47875717 0.5445714 0.5498118
0.49601993 0.552186 0.5685255
0.48502392 0.5537385 0.5893725
0.4583026 0.5756601 0.64978045
0.63238895 0.77754253 0.8736549
0.73042816 0.87558174 0.9716941
0.74061644 0.89271903 0.9943294
0.76337713 0.90158176 0.9921961
0.81674176 0.9244512 1.0
0.8128202 0.9218792 0.99880004
0.8128202 0.9218792 0.99880004
0.79555744 0.912915 0.98703533
0.78221637 0.9065228 0.9861412
0.78221637 0.9051733 0.99309015
0.78613794 0.9104444 0.9900628
0.7900595 0.91301644 1.0
0.7900595 0.91436595 0.99398434
0.7900595 0.91436595 0.99398434
0.74457705 0.8619346 0.93605494
0.4089376 0.48595074 0.5187843
0.4262394 0.46290806 0.45445487
0.42704704 0.44286883 0.4179216
0.50551754 0.48659423 0.4341569
0.64988595 0.5850187 0.4774981
0.6710702 0.599254 0.48623535
0.67891335 0.6084467 0.4871294
0.6804897 0.6030742 0.4762588
0.70009756 0.62268203 0.49586666
0.6922544 0.6148389 0.48802352
0.7040191 0.6279531 0.49283928
0.7079407 0.6318747 0.49676085
0.7055956 0.621231 0.4889177
0.6938309 0.6108159 0.470204
0.6836426 0.592329 0.45451772
0.67972106 0.58975697 0.44364712
0.6812975 0.5830349 0.43972555
0.6656112 0.56869817 0.41709018
0.6773759 0.5804629 0.42885488
0.6773759 0.5804629 0.42885488
0.6695328 0.57261974 0.42101175
0.68521905 0.588306 0.43669802
0.6891406 0.5922276 0.4406196
0.6773759 0.5804629 0.42885488
0.6812975 0.585734 0.42582744
0.6773759 0.58181244 0.42190588
0.67345434 0.5778909 0.4179843
0.6656112 0.57004774 0.41014117
0.68521905 0.588306 0.43669802
0.6930622 0.59614915 0.44454116
0.69698375 0.6014203 0.44151372
0.69698375 0.6014203 0.44151372
0.6930622 0.5974987 0.43759215
0.7009053 0.60534185 0.4454353
0.69698375 0.6014203 0.44151372
0.69698375 0.6000707 0.44846272
0.7009053 0.6039923 0.4523843
0.70874846 0.61048585 0.46717653
0.6749918 0.6058747 0.4762588
0.5573057 0.5202345 0.43470594
0.28198814 0.26306483 0.2106275
0.53527457 0.5526472 0.5663922
0.54154134 0.56586283 0.5851059
0.5493845 0.573706 0.59294903
0.5611492 0.5854707 0.60471374
0.5611492 0.58412117 0.61166275
0.5572276 0.5801996 0.6077412
0.54154134 0.5645133 0.5920549
0.5195883 0.53291225 0.571553
0.4694157 0.4524457 0.5326823
0.3761058 0.32614285 0.46457258
0.3384665 0.27885553 0.4283843
0.32435665 0.25644717 0.40877646
0.32985467 0.25229704 0.41572547
0.3282782 0.2590192 0.41964704
0.32043508 0.2498265 0.4187529
0.32278022 0.2591206 0.43354505
0.31885865 0.2538495 0.43657258
0.30943912 0.25272846 0.432651
0.3368901 0.28152898 0.4531529
0.34630963 0.28265002 0.45707446
0.34630963 0.2839996 0.45012546
0.33923525 0.2935222 0.45404702
0.32589406 0.28847963 0.4462039
0.3219725 0.2832085 0.44923133
0.3219725 0.28185895 0.45618042
0.3196274 0.26986572 0.45528626
0.3251254 0.26571563 0.46223533
0.3251254 0.26841474 0.4483373
0.3267018 0.27113947 0.39577252
0.38398796 0.31007642 0.3546275
0.42401135 0.33330148 0.3364628
0.41693696 0.3414746 0.34733337
0.35722756 0.3775004 0.42163926
0.28733003 0.3977385 0.46636075
0.328083 0.47033626 0.5360549
0.3790634 0.52131665 0.5870353
0.42454582 0.5750976 0.63801575
0.4519968 0.6025486 0.6654667
0.4755262 0.626078 0.68899614
0.48729092 0.6378427 0.70076084
0.4912125 0.6417643 0.7046824
0.49513406 0.64568585 0.708604
0.5029772 0.653529 0.7164471
0.49513406 0.6443363 0.715553
0.4896361 0.6471368 0.715553
0.4896361 0.6471368 0.715553
0.4896361 0.6471368 0.715553
0.48571452 0.64321524 0.7116314
0.48179296 0.6392937 0.70770985
0.47629496 0.6420942 0.70770985
0.4606087 0.6264079 0.6920236
0.44100085 0.6054506 0.6793647
0.42296943 0.58047014 0.6488863
0.4182791 0.5591828 0.63320005
0.55096084 0.57373166 0.55428237
0.6184743 0.58565307 0.5222196
0.63965863 0.5998884 0.53095686
0.6200508 0.58163005 0.5044001
0.6278939 0.5894732 0.5122432
0.6451567 0.5984373 0.5240079
0.6412351 0.59451574 0.52008635
0.64907825 0.60370845 0.5209805
0.6451567 0.5997869 0.51705885
0.6451567 0.5997869 0.51705885
0.6412351 0.5958653 0.51313734
0.6412351 0.5972149 0.5061882
0.6529998 0.6089796 0.5179529
0.6569214 0.61290115 0.5218745
0.66084296 0.6168227 0.52579606
0.65849775 0.60617906 0.5179529
0.65849775 0.60617906 0.5179529
0.67026246 0.6192933 0.5227686
0.674184 0.62321484 0.5266902
0.68202716 0.631058 0.5345333
0.6592665 0.62084574 0.54361576
0.3721451 0.3825687 0.39081573
0.14780803 0.17637938 0.21771768
0.15957274 0.18679455 0.23643135
0.13838841 0.17255929 0.2276941
0.13054527 0.16471615 0.21985096
0.12270214 0.15822257 0.2050588
0.10936102 0.15048085 0.21111369
0.19329037 0.2261117 0.28954506
0.15015312 0.184324 0.2394588
0.13446684 0.16863772 0.22377253
0.14073357 0.18050385 0.24943534
0.13915716 0.1858764 0.2603059
0.13992585 0.2005431 0.2859686
0.14776899 0.20838624 0.29381174
0.12658466 0.19415097 0.28507453
0.16107106 0.24948435 0.35690194
0.26145545 0.35816723 0.4627843
0.16107106 0.24948435 0.35690194
0.117165126 0.19168039 0.288102
0.1375807 0.19124898 0.27117646
0.12973756 0.18610494 0.24943534
0.11170618 0.16247407 0.21200782
0.13131402 0.18343148 0.22466664
0.18621598 0.23833343 0.2795686
0.3470003 0.39911774 0.44035292
0.4607258 0.5155423 0.54018044
0.44896108 0.50242805 0.53536475
0.51166713 0.59718007 0.67420393
0.6112437 0.72320306 0.83051765
0.58063996 0.70784676 0.8178588
0.6339654 0.76812136 0.8836314
0.6912125 0.833667 0.9463765
0.74219286 0.88599694 0.9904078
0.799479 0.9141375 1.0
0.8355809 0.92804277 1.0
0.8355809 0.92939234 1.0
0.8355809 0.92939234 1.0
0.83400446 0.93611443 1.0
0.80497706 0.91403604 0.9909569
0.78613794 0.9104444 0.9900628
0.7900595 0.91436595 0.99398434
0.7939811 0.9182875 0.9979059
0.79790264 0.9222091 1.0
0.7900595 0.91436595 0.99398434
0.7406555 0.85801303 0.9321334
0.347769 0.41783306 0.44516867
0.36191782 0.40688512 0.39563134
0.41212952 0.4445483 0.41400003
0.5251254 0.5089012 0.43986666
0.6875252 0.62960696 0.5275844
0.7220506 0.65293354 0.52331764
0.7259722 0.6568551 0.5272392
0.7197054 0.6422899 0.5154745
0.71578383 0.6383683 0.51155293
0.729125 0.64476043 0.5124471
0.7212819 0.6369173 0.504604
0.72520345 0.64218843 0.50157654
0.70717204 0.61585844 0.47804713
0.7048269 0.6065643 0.46325496
0.6930622 0.59614915 0.44454116
0.6930622 0.59614915 0.44454116
0.68521905 0.588306 0.43669802
0.6907171 0.5855055 0.43669802
0.6930622 0.59614915 0.44454116
0.69698375 0.6000707 0.44846272
0.6930622 0.59614915 0.44454116
0.68521905 0.5896556 0.429749
0.6812975 0.585734 0.42582744
0.6907171 0.58685505 0.429749
0.6789524 0.57509035 0.4179843
0.6789524 0.57509035 0.4179843
0.6656112 0.57004774 0.41014117
0.66168964 0.56612617 0.4062196
0.6538465 0.55693346 0.40532547
0.64992493 0.55436146 0.3944549
0.66168964 0.56612617 0.4062196
0.6577681 0.5622046 0.40229803
0.66168964 0.56612617 0.4062196
0.66168964 0.56612617 0.4062196
0.6538465 0.55828303 0.39837646
0.6420818 0.5465183 0.38661176
0.6538465 0.55693346 0.40532547
0.64600337 0.5490903 0.39748234
0.6083251 0.5365089 0.42349026
0.24750173 0.20638192 0.145749
0.40194124 0.4152651 0.4539059
0.39252168 0.41414407 0.44998434
0.41212952 0.4337519 0.46959218
0.40820795 0.42983034 0.46567062
0.4278158 0.44943818 0.48527846
0.43565893 0.45728132 0.4931216
0.41212952 0.4337519 0.46959218
0.41370595 0.42702982 0.46567062
0.35803536 0.3507134 0.41985095
0.31647453 0.29815495 0.38669023
0.31412935 0.28616175 0.38579613
0.296098 0.25848225 0.36921567
0.2827568 0.2520901 0.36832154
0.2709921 0.23897585 0.36350593
0.27333727 0.24961953 0.37134907
0.2694157 0.24569795 0.3674275
0.25999615 0.24187782 0.37740391
0.252153 0.23403469 0.36956078
0.279604 0.26148564 0.39701176
0.27568242 0.25756407 0.3930902
0.28510198 0.2586851 0.39701176
0.28352556 0.2654072 0.40093333
0.27802745 0.26820782 0.40093333
0.2701843 0.25901514 0.4000392
0.26468635 0.26046613 0.4069882
0.25292164 0.24870141 0.3952235
0.26234117 0.24982245 0.39914507
0.2584196 0.24859999 0.38132548
0.28667837 0.2600603 0.3513961
0.351039 0.2881251 0.3132784
0.42401135 0.33330148 0.3364628
0.42085853 0.34539616 0.35125494
0.36664712 0.37862146 0.42556083
0.29909474 0.4095032 0.47812545
0.33200458 0.47290826 0.54692554
0.37748697 0.52803874 0.59095687
0.42454582 0.57374805 0.64496475
0.45983994 0.60904217 0.68025887
0.47944778 0.62865 0.6998667
0.4912125 0.6404147 0.7116314
0.49355766 0.6510584 0.71947455
0.49747923 0.65497994 0.7233961
0.49747923 0.65497994 0.7233961
0.49355766 0.6510584 0.71947455
0.4896361 0.6471368 0.715553
0.48805967 0.6525094 0.7264235
0.4841381 0.6485878 0.72250193
0.48021653 0.64466625 0.71858037
0.47629496 0.6407447 0.7146588
0.4723734 0.6368231 0.7107372
0.4606087 0.6250584 0.6989725
0.43707928 0.601529 0.6754431
0.426891 0.5830422 0.65975684
0.44653788 0.5665945 0.6241176
0.6113999 0.5938261 0.53309023
0.6318155 0.59204525 0.5231137
0.6278939 0.5894732 0.5122432
0.6278939 0.5894732 0.5122432
0.62554884 0.57882947 0.5044001
0.6216273 0.57625747 0.49352947
0.6294704 0.5841006 0.5013726
0.6294704 0.5841006 0.5013726
0.64673305 0.59441435 0.5061882
0.6529998 0.60763 0.524902
0.66084296 0.61547315 0.5327451
0.6569214 0.6115516 0.5288236
0.6686861 0.62466586 0.5336392
0.67260766 0.6285874 0.53756076
0.67260766 0.6285874 0.53756076
0.68202716 0.62970847 0.5414823
0.6663409 0.6140222 0.52579606
0.6624193 0.6101006 0.5218745
0.6624193 0.6101006 0.5218745
0.6459253 0.61310405 0.5496706
0.33685097 0.34727457 0.35552162
0.16899228 0.19061467 0.22645494
0.16741587 0.19598722 0.23732552
0.14780803 0.17502984 0.22466664
0.13838841 0.17390884 0.22074507
0.18779239 0.23026177 0.28259605
0.11093743 0.14510831 0.20024312
0.3015179 0.34263775 0.40327057
0.1893688 0.22219013 0.2856235
0.11878057 0.154301 0.20113723
0.09525116 0.12942204 0.18455684
0.20267096 0.26328823 0.3487137
0.22773774 0.31615102 0.4235686
0.3061691 0.3945824 0.502
0.16264747 0.24546134 0.3390824
0.14069453 0.21655934 0.30468237
0.12735336 0.20881769 0.31073722
0.15088277 0.2323471 0.33426663
0.19009846 0.27156278 0.37348235
0.2959808 0.37879467 0.47241572
0.38225532 0.46641874 0.5517412
0.42304748 0.49891227 0.5870353
0.39402002 0.47818345 0.5635059
0.11247487 0.1757912 0.24461964
0.11954932 0.17166677 0.21290193
0.12739246 0.17816034 0.2276941
0.17837285 0.22914073 0.27867448
0.17837285 0.2304903 0.27172548
0.17210612 0.2145755 0.26690978
0.16660814 0.21602648 0.2738588
0.16895324 0.22397107 0.29560003
0.17287481 0.2265431 0.30647057
0.19325134 0.26081765 0.35174122
0.2536123 0.35167363 0.44799215
0.692828 0.7908894 0.8872078
0.8238162 0.91627806 0.99880004
0.8410789 0.9265918 1.0
0.8450004 0.9318629 1.0
0.8528435 0.939706 1.0
0.8528435 0.9410556 1.0
0.8261613 0.9282713 0.9996941
0.79555744 0.9115654 0.99398434
0.799479 0.915487 0.9979059
0.799479 0.915487 0.9979059
0.799479 0.915487 0.9979059
0.7877143 0.9037223 0.9861412
0.69517314 0.8042321 0.881153
0.35092187 0.40843752 0.4164784
0.38310215 0.42246988 0.39741957
0.42470202 0.4349242 0.39618036
0.5824116 0.53974086 0.44041568
0.6804897 0.6030742 0.4762588
0.6859878 0.6016232 0.46930987
0.68990934 0.60554475 0.47323143
0.69540733 0.6027442 0.47323143
0.6875642 0.59625065 0.4584393
0.6875642 0.59625065 0.4584393
0.6891406 0.590878 0.44756868
0.6773759 0.5791133 0.43580398
0.6695328 0.57261974 0.42101175
0.6695328 0.57261974 0.42101175
0.6750308 0.5698192 0.42101175
0.6695328 0.57261974 0.42101175
0.67110926 0.56589764 0.41709018
0.6750308 0.5711688 0.41406274
0.6750308 0.5698192 0.42101175
0.68287396 0.57766235 0.42885488
0.6656112 0.56869817 0.41709018
0.6750308 0.5711688 0.41406274
0.65934455 0.5554825 0.39837646
0.64992493 0.55436146 0.3944549
0.6656112 0.57004774 0.41014117
0.6695328 0.5739693 0.41406274
0.6538465 0.55693346 0.40532547
0.6656112 0.56869817 0.41709018
0.6695328 0.5739693 0.41406274
0.66168964 0.56612617 0.4062196
0.6891406 0.59357715 0.43367058
0.7009053 0.60534185 0.4454353
0.70874846 0.613185 0.45327842
0.69698375 0.6014203 0.44151372
0.71267 0.61710656 0.4572
0.7165916 0.61967856 0.46807057
0.6993289 0.61071444 0.45630586
0.65303874 0.5756232 0.44880784
0.24123506 0.19181664 0.1339843
0.2435021 0.26512447 0.30096474
0.24192569 0.27184656 0.3048863
0.2536904 0.28361127 0.31665102
0.24976882 0.2796897 0.31272945
0.2670315 0.28865388 0.32449415
0.2787962 0.30311772 0.32236075
0.28663933 0.31231037 0.32325494
0.29998046 0.32005212 0.31719998
0.29371372 0.3054869 0.30543527
0.28587058 0.29764375 0.29759213
0.281949 0.29507172 0.28672156
0.27410588 0.28587905 0.28582743
0.25134522 0.27431718 0.3018588
0.22231783 0.2481901 0.30612546
0.20505507 0.2351773 0.31520787
0.2011335 0.23125573 0.3112863
0.20897664 0.23774932 0.32607841
0.19721194 0.22598462 0.3143137
0.20897664 0.23774932 0.32607841
0.21289821 0.24167089 0.32999998
0.20740023 0.24447142 0.32999998
0.21681978 0.24559246 0.33392155
0.20740023 0.24447142 0.32999998
0.19798069 0.24200085 0.33302742
0.19405912 0.23672971 0.33605492
0.18229441 0.224965 0.32429022
0.18621598 0.22888657 0.32821178
0.1995571 0.23527874 0.32910585
0.23881176 0.23843896 0.31307447
0.3392743 0.2763604 0.3015137
0.42401135 0.33330148 0.3364628
0.4130154 0.33755302 0.3434118
0.36822352 0.3732489 0.41469023
0.2912516 0.40031052 0.4772314
0.32416144 0.46506512 0.5390824
0.36964384 0.51884604 0.5900628
0.4167027 0.5659049 0.6371216
0.44257727 0.600078 0.66849416
0.45826355 0.61576426 0.68418044
0.4778714 0.6353721 0.7037883
0.48179296 0.6392937 0.70770985
0.47629496 0.6407447 0.7146588
0.48021653 0.64466625 0.71858037
0.48021653 0.64466625 0.71858037
0.47629496 0.6407447 0.7146588
0.4723734 0.63547355 0.7176863
0.46453026 0.6276304 0.70984316
0.45903224 0.63043094 0.70984316
0.45511067 0.6251598 0.7128706
0.4394244 0.6094735 0.6971843
0.4394244 0.6094735 0.6971843
0.4276597 0.5977088 0.6854196
0.41904786 0.5738495 0.6588627
0.509361 0.55857813 0.5694196
0.61063117 0.57780993 0.51437646
0.61220765 0.5724374 0.5035059
0.6177057 0.57098633 0.49655694
0.6294704 0.58275104 0.50832164
0.6412351 0.59451574 0.52008635
0.6412351 0.5958653 0.51313734
0.6412351 0.5972149 0.5061882
0.6506546 0.5983359 0.5101098
0.6506546 0.5983359 0.5101098
0.6506546 0.5983359 0.5101098
0.6529998 0.6089796 0.5179529
0.6569214 0.61290115 0.5218745
0.65849775 0.60617906 0.5179529
0.6624193 0.6101006 0.5218745
0.674184 0.62186533 0.5336392
0.6624193 0.6101006 0.5218745
0.6663409 0.6140222 0.52579606
0.67026246 0.61794376 0.5297176
0.624741 0.59751916 0.54788244
0.14469412 0.15376815 0.17031376
0.16114914 0.18277153 0.2186118
0.16507071 0.1866931 0.22253338
0.1023256 0.12394801 0.15978827
0.13761973 0.15924212 0.1950824
0.15565117 0.18422252 0.22556081
0.13369817 0.15532055 0.19116083
0.11409032 0.13436317 0.178502
0.14388646 0.17245781 0.21379611
0.13054527 0.16606571 0.21290193
0.14623155 0.18040243 0.23553723
0.13365912 0.1900265 0.2533569
0.16499263 0.25475547 0.35387447
0.2300829 0.32679468 0.43141174
0.2198946 0.3083079 0.41572547
0.5610711 0.6521834 0.74300396
0.61678076 0.68569666 0.7683216
0.73992586 0.8045917 0.8651216
0.7493454 0.8070623 0.8620941
0.7509219 0.80168974 0.8512235
0.7509219 0.8030393 0.8442745
0.75876504 0.81088245 0.85211766
0.7666082 0.8187256 0.8599608
0.7501141 0.82172906 0.8877569
0.6410788 0.7265918 0.8036157
0.12347089 0.17288923 0.23072153
0.12347089 0.17423877 0.22377253
0.13131402 0.18073237 0.23856467
0.18621598 0.23563433 0.29346663
0.17052971 0.21994805 0.27778035
0.26856893 0.3179873 0.3758196
0.16660814 0.21467692 0.28080788
0.18856108 0.24357891 0.31520787
0.15169056 0.21365735 0.2907843
0.19717291 0.26608878 0.3487137
0.17756505 0.24513136 0.33605492
0.38775337 0.46361816 0.5517412
0.8057847 0.8899481 0.9752706
0.8450004 0.9318629 1.0
0.85442 0.9343335 0.9975608
0.8661847 0.9460982 1.0
0.8661847 0.9460982 1.0
0.83950245 0.9333139 1.0
0.8088986 0.9179576 0.9948785
0.8088986 0.91660804 1.0
0.8034006 0.91940856 1.0
0.799479 0.915487 0.9979059
0.73281235 0.8488203 0.93123925
0.30071017 0.37077424 0.39810985
0.32035705 0.35837525 0.3416235
0.34703928 0.3725091 0.3364628
0.41924304 0.40301883 0.3339843
0.6216662 0.5456002 0.41048634
0.6875642 0.59625065 0.4584393
0.6993289 0.6080153 0.470204
0.6757995 0.58583546 0.43972555
0.6836426 0.5936786 0.44756868
0.69698375 0.59872115 0.45541182
0.6891406 0.590878 0.44756868
0.6891406 0.590878 0.44756868
0.69698375 0.59872115 0.45541182
0.6891406 0.5922276 0.4406196
0.68287396 0.57766235 0.42885488
0.6891406 0.5922276 0.4406196
0.69463867 0.5907766 0.43367058
0.68287396 0.5790119 0.42190588
0.68287396 0.5790119 0.42190588
0.6812975 0.58438444 0.43277645
0.6812975 0.58438444 0.43277645
0.6891406 0.5922276 0.4406196
0.6930622 0.5974987 0.43759215
0.68521905 0.5896556 0.429749
0.69698375 0.6014203 0.44151372
0.69698375 0.6000707 0.44846272
0.7009053 0.6039923 0.4523843
0.6930622 0.59614915 0.44454116
0.6812975 0.58438444 0.43277645
0.6891406 0.59357715 0.43367058
0.67345434 0.5778909 0.4179843
0.6812975 0.585734 0.42582744
0.6773759 0.58181244 0.42190588
0.6773759 0.58181244 0.42190588
0.68287396 0.5790119 0.42190588
0.6773759 0.58181244 0.42190588
0.6773759 0.58181244 0.42190588
0.6546152 0.57025063 0.43793732
0.2373135 0.18924461 0.1231137
0.18152566 0.22109473 0.24303526
0.17994925 0.22781682 0.24695683
0.18387082 0.23173839 0.2508784
0.19171396 0.24093108 0.25177252
0.22074136 0.26300952 0.268353
0.27487463 0.30864295 0.26979613
0.3195883 0.35180587 0.27426672
0.39098433 0.4023548 0.3083216
0.40274903 0.41681862 0.30618823
0.39882746 0.4142466 0.29531762
0.4066706 0.42208973 0.30316076
0.3839098 0.41322705 0.30529416
0.32035705 0.3664725 0.29992944
0.25445908 0.30502573 0.30756867
0.19798069 0.25009814 0.29133332
0.17679638 0.23586287 0.28259605
0.18856108 0.24762757 0.29436076
0.16895324 0.22801973 0.27475291
0.18071795 0.23978443 0.28651762
0.18071795 0.23978443 0.28651762
0.1712984 0.23866339 0.28259605
0.17914154 0.24515697 0.2973882
0.17364348 0.24660799 0.3043373
0.16580035 0.23876485 0.29649416
0.16972192 0.24133687 0.30736473
0.15403564 0.22430106 0.29862744
0.15403564 0.22430106 0.29862744
0.1712984 0.23461473 0.30344316
0.22389424 0.241468 0.3022039
0.32043508 0.2741184 0.29367056
0.41067025 0.3282589 0.32861966
0.40909383 0.334981 0.33254123
0.3658785 0.36260515 0.4068471
0.28340846 0.39246738 0.46938828
0.32416144 0.46371558 0.54603136
0.36572227 0.51357496 0.5930902
0.40493798 0.55279064 0.63230586
0.43238896 0.5802417 0.65975684
0.4504204 0.6065716 0.68328625
0.4621851 0.61698675 0.702
0.4778714 0.632673 0.7176863
0.47629496 0.6393951 0.7216078
0.46845183 0.631552 0.71376467
0.46453026 0.62628084 0.71679217
0.46845183 0.6302024 0.72071373
0.4606087 0.6223593 0.7128706
0.4511891 0.6198887 0.71589804
0.44334596 0.6120456 0.7080549
0.43158126 0.6002809 0.6962902
0.4276597 0.5963593 0.6923686
0.42373812 0.59243774 0.68844706
0.415895 0.5845946 0.6806039
0.41747144 0.579222 0.66973335
0.5980588 0.58473486 0.5460941
0.6318155 0.5906957 0.53006274
0.63731354 0.58924466 0.5231137
0.633392 0.5866726 0.5122432
0.633392 0.5866726 0.5122432
0.6294704 0.5841006 0.5013726
0.62554884 0.58017904 0.49745104
0.63496834 0.58264965 0.49442354
0.6428115 0.5904928 0.50226665
0.6624193 0.6101006 0.5218745
0.6663409 0.6153717 0.51884705
0.67026246 0.61794376 0.5297176
0.6663409 0.6140222 0.52579606
0.6663409 0.6140222 0.52579606
0.6663409 0.6140222 0.52579606
0.65849775 0.60617906 0.5179529
0.65849775 0.60617906 0.5179529
0.6663409 0.6140222 0.52579606
0.66084296 0.61547315 0.5327451
0.2168589 0.22033332 0.22308232
0.15488242 0.17090541 0.192949
0.16272555 0.177399 0.20774114
0.15880398 0.17347743 0.20381957
0.11566673 0.13034019 0.16068232
0.13527457 0.14994802 0.18029016
0.12743144 0.14345443 0.16549802
0.11724313 0.12631717 0.14286278
0.11332156 0.1223956 0.1389412
0.11566673 0.13034019 0.16068232
0.105439454 0.14655928 0.20719212
0.15169056 0.21500689 0.28383532
0.31874153 0.38900694 0.4633333
0.51482 0.5850854 0.6594118
0.6991337 0.7707487 0.8367765
0.7391572 0.7912746 0.83250976
0.7454629 0.7697844 0.78902745
0.7305844 0.73540837 0.7298588
0.70628625 0.6972123 0.6806667
0.6764902 0.66046715 0.63842356
0.6725686 0.65789515 0.6275529
0.6764902 0.6618167 0.6314745
0.6866784 0.678954 0.65410984
0.679604 0.68577754 0.6719294
0.70543945 0.7492584 0.7932941
0.7336201 0.826082 0.90860397
0.08736898 0.15898393 0.2250118
0.11481996 0.18643491 0.25246277
0.13911806 0.22598058 0.29470587
0.13754165 0.23135313 0.30557644
0.17675735 0.27056882 0.34479213
0.2787181 0.3725296 0.4467529
0.4097063 0.49521926 0.5722431
0.15169056 0.21365735 0.2907843
0.15169056 0.21365735 0.2907843
0.1712984 0.23191565 0.31734115
0.16972192 0.23863779 0.32126272
0.18383178 0.2596966 0.34781963
0.21912593 0.29364115 0.39006278
0.81362784 0.89779127 0.98311377
0.86226314 0.94217664 1.0
0.86776114 0.9407256 0.9984549
0.8701063 0.9513693 1.0
0.8701063 0.9513693 1.0
0.8316593 0.9268203 0.99274504
0.8143966 0.9151571 0.9948785
0.8183182 0.917729 1.0
0.8088986 0.91660804 1.0
0.74615353 0.85386294 0.9390824
0.45834163 0.5409542 0.5875843
0.30936104 0.36127725 0.35552162
0.32427862 0.36364636 0.33859605
0.3564588 0.37632927 0.32648626
0.48594874 0.43632907 0.33150592
0.6350074 0.55199236 0.41138047
0.6640348 0.5740707 0.42796084
0.6601132 0.5701492 0.42403927
0.6773759 0.5791133 0.43580398
0.6812975 0.5830349 0.43972555
0.6656112 0.5673486 0.42403927
0.6538465 0.5555839 0.41227457
0.66168964 0.56342703 0.4201177
0.6577681 0.56085503 0.40924704
0.64600337 0.5490903 0.39748234
0.6632661 0.5580545 0.40924704
0.67345434 0.5765413 0.4249333
0.6632661 0.5580545 0.40924704
0.6656112 0.57004774 0.41014117
0.6891406 0.5922276 0.4406196
0.6930622 0.59614915 0.44454116
0.69148576 0.6028713 0.44846272
0.69540733 0.6067928 0.4523843
0.69698375 0.6000707 0.44846272
0.6891406 0.5922276 0.4406196
0.6891406 0.5922276 0.4406196
0.6930622 0.59614915 0.44454116
0.69698375 0.6000707 0.44846272
0.6891406 0.5922276 0.4406196
0.68521905 0.588306 0.43669802
0.6656112 0.57004774 0.41014117
0.6789524 0.57509035 0.4179843
0.68287396 0.5790119 0.42190588
0.6907171 0.58685505 0.429749
0.69463867 0.5907766 0.43367058
0.69856024 0.5946982 0.43759215
0.6773759 0.58181244 0.42190588
0.6663799 0.58201534 0.44970202
0.2373135 0.18924461 0.1231137
0.15641984 0.20428741 0.22342741
0.16034141 0.20820898 0.22734898
0.16818455 0.21605211 0.23519212
0.18387082 0.23308794 0.24392939
0.2113218 0.26188847 0.26443142
0.2654551 0.30617237 0.27282357
0.34861568 0.37388432 0.29084703
0.4129373 0.43395585 0.32882357
0.43412158 0.4495407 0.33061174
0.4302 0.44561914 0.32669017
0.42470202 0.4497692 0.31974122
0.41528234 0.44325006 0.3436157
0.33604333 0.38080928 0.3225647
0.25288266 0.3103983 0.3184392
0.20582382 0.25929078 0.29222748
0.18621598 0.23968294 0.27261963
0.18071795 0.24113399 0.2795686
0.18071795 0.24113399 0.2795686
0.18071795 0.23978443 0.28651762
0.18071795 0.23978443 0.28651762
0.1712984 0.23866339 0.28259605
0.17521997 0.2412354 0.29346663
0.16972192 0.24403597 0.29346663
0.17364348 0.24660799 0.3043373
0.16580035 0.2374153 0.30344316
0.15245923 0.23237269 0.29560003
0.16030237 0.23886628 0.31039214
0.17521997 0.2385363 0.30736473
0.21839626 0.24561808 0.2952549
0.3259331 0.2713178 0.29367056
0.41067025 0.3282589 0.32861966
0.40909383 0.334981 0.33254123
0.36195692 0.3586836 0.40292552
0.28656125 0.3790232 0.46154514
0.31554967 0.4385066 0.5264235
0.34769085 0.487245 0.56956077
0.3853301 0.5331828 0.612698
0.41278112 0.56063384 0.640149
0.43238896 0.5788921 0.66670585
0.4519968 0.59849995 0.68631375
0.45434198 0.6091436 0.6941569
0.448844 0.6105946 0.7011059
0.45276555 0.61451614 0.70502746
0.45668712 0.6184377 0.708949
0.4606087 0.6223593 0.7128706
0.46453026 0.62493134 0.7237412
0.4606087 0.62100977 0.7198196
0.4394244 0.608124 0.70413333
0.43550283 0.6028529 0.70716083
0.43158126 0.5989313 0.70323926
0.4276597 0.59500974 0.6993177
0.4276597 0.59500974 0.6993177
0.46614572 0.58350325 0.6576236
0.6012116 0.5753393 0.51740396
0.6082861 0.56851584 0.49958432
0.61378413 0.56571525 0.49958432
0.6177057 0.57098633 0.49655694
0.62554884 0.57882947 0.5044001
0.63731354 0.59194374 0.5092157
0.633392 0.58937174 0.4983451
0.6428115 0.5904928 0.50226665
0.6428115 0.5904928 0.50226665
0.64673305 0.59576386 0.4992392
0.6545762 0.603607 0.50708234
0.67026246 0.61794376 0.5297176
0.6624193 0.6101006 0.5218745
0.6624193 0.6101006 0.5218745
0.6506546 0.5983359 0.5101098
0.65849775 0.60752857 0.5110039
0.6639958 0.604728 0.5110039
0.67183894 0.6112216 0.52579606
0.6647645 0.61804515 0.54361576
0.1423491 0.14447397 0.1555216
0.15880398 0.17482698 0.19687057
0.15880398 0.17482698 0.19687057
0.15880398 0.17347743 0.20381957
0.10939999 0.11712449 0.1419686
0.13685098 0.14457548 0.16941959
0.093713716 0.102787755 0.119333364
0.1211647 0.13023874 0.14678435
0.099211834 0.1013367 0.11238434
0.11332156 0.12374514 0.13199219
0.7101688 0.73314077 0.76068234
0.7415413 0.7672124 0.7781569
0.7274314 0.74615353 0.7516
0.69529027 0.70011425 0.6945647
0.663149 0.6527255 0.64447844
0.6121686 0.60309464 0.58654904
0.55726665 0.54954225 0.5246981
0.54315686 0.5271338 0.50509024
0.5078627 0.49318925 0.46284702
0.474145 0.45117304 0.42363134
0.4231646 0.40019265 0.37265095
0.43100774 0.40938535 0.37354508
0.50001955 0.4853461 0.4550039
0.48510197 0.48162743 0.4788784
0.5289689 0.5727878 0.61682355
0.72969854 0.8221604 0.9046824
0.08733001 0.19638893 0.27330983
0.24730662 0.3799116 0.45672944
0.31239673 0.45195088 0.53426665
0.32416144 0.46371558 0.54603136
0.2653379 0.40489206 0.48720783
0.32573798 0.45699343 0.5421098
0.49828702 0.630892 0.70770985
0.3775261 0.48523545 0.57045496
0.17206708 0.24928145 0.32910585
0.16972192 0.23863779 0.32126272
0.17756505 0.24513136 0.33605492
0.17991021 0.25577503 0.34389806
0.20343965 0.27795488 0.3743765
0.26226318 0.3367784 0.43320003
0.85442 0.9343335 0.9975608
0.8716827 0.9446472 1.0
0.8756043 0.9499183 0.999349
0.87952584 0.9538399 1.0
0.87402785 0.95529085 1.0
0.8238162 0.91762763 0.991851
0.8238162 0.91627806 0.99880004
0.8183182 0.9190786 0.99880004
0.75791824 0.86562765 0.9508471
0.5485377 0.6298007 0.68472946
0.364263 0.4161792 0.41042358
0.3776041 0.42392093 0.4043686
0.3909453 0.43166256 0.39831376
0.4568823 0.4489566 0.37712154
0.6726466 0.59523106 0.46841568
0.7150152 0.62505114 0.47894123
0.7110936 0.6224791 0.46807057
0.7048269 0.60791385 0.45630586
0.69698375 0.6000707 0.44846272
0.7048269 0.6065643 0.46325496
0.6930622 0.5947996 0.45149025
0.68521905 0.58695644 0.44364712
0.6891406 0.590878 0.44756868
0.68521905 0.58695644 0.44364712
0.6812975 0.5830349 0.43972555
0.68521905 0.588306 0.43669802
0.67345434 0.5765413 0.4249333
0.6773759 0.5804629 0.42885488
0.68521905 0.588306 0.43669802
0.67972106 0.59110653 0.43669802
0.6718779 0.5832634 0.42885488
0.6812975 0.58438444 0.43277645
0.6773759 0.5804629 0.42885488
0.6695328 0.57261974 0.42101175
0.6695328 0.57261974 0.42101175
0.66168964 0.5647766 0.4131686
0.66168964 0.5647766 0.4131686
0.6577681 0.56085503 0.40924704
0.66168964 0.5647766 0.4131686
0.6671877 0.56332564 0.4062196
0.6750308 0.5711688 0.41406274
0.655423 0.55156094 0.3944549
0.63581514 0.5319531 0.37484705
0.6515014 0.54763937 0.39053333
0.67110926 0.5672472 0.41014117
0.67110926 0.5672472 0.41014117
0.67972106 0.58705795 0.45754516
0.24673304 0.19036566 0.12703526
0.1485767 0.19779383 0.20863527
0.15641984 0.20428741 0.22342741
0.16268657 0.22020221 0.22824311
0.16426298 0.21213055 0.23127055
0.17994925 0.22916637 0.24000782
0.20505507 0.25002235 0.23876859
0.2536904 0.29305813 0.2680078
0.2787962 0.31256452 0.2737177
0.28271776 0.3164861 0.27763927
0.28506294 0.3257802 0.2924314
0.2772198 0.31793708 0.28458828
0.25445908 0.31042394 0.27977252
0.22935325 0.2868689 0.29490978
0.20582382 0.2619899 0.27832937
0.19798069 0.25279722 0.27743533
0.19405912 0.24752608 0.28046277
0.18071795 0.24113399 0.2795686
0.18071795 0.24113399 0.2795686
0.18856108 0.24897712 0.28741175
0.1830631 0.2504281 0.29436076
0.17914154 0.24650653 0.2904392
0.17521997 0.24258496 0.28651762
0.18148662 0.25580066 0.30523133
0.17756505 0.2518791 0.30130976
0.17206708 0.25333008 0.30825886
0.17206708 0.25198054 0.31520787
0.17598864 0.2559021 0.31912944
0.19717291 0.26878786 0.33481574
0.23250607 0.2680265 0.31486273
0.32278022 0.28476205 0.3015137
0.40517226 0.33105943 0.32861966
0.40517226 0.33105943 0.32861966
0.36510974 0.34658897 0.38813332
0.27402788 0.35124224 0.43106663
0.29517317 0.40288252 0.488102
0.33673394 0.4527419 0.53516084
0.35476536 0.4777223 0.5656392
0.3727968 0.5040522 0.5891686
0.38690653 0.5264607 0.60877645
0.40493798 0.55144113 0.6392549
0.42062426 0.5671274 0.6549412
0.426891 0.58034307 0.6736549
0.43473414 0.5881862 0.68149805
0.43707928 0.59882987 0.6893412
0.44492242 0.606673 0.6971843
0.45668712 0.6170882 0.71589804
0.45668712 0.6170882 0.71589804
0.448844 0.60924506 0.7080549
0.448844 0.60924506 0.7080549
0.448844 0.6078955 0.71500397
0.45276555 0.61181706 0.71892554
0.47002825 0.6221308 0.7237412
0.5784118 0.5984835 0.59563136
0.62631744 0.5934962 0.53006274
0.6278939 0.5881237 0.51919216
0.6318155 0.59204525 0.5231137
0.633392 0.5866726 0.5122432
0.63731354 0.59194374 0.5092157
0.64907825 0.60370845 0.5209805
0.6545762 0.6022575 0.51403135
0.6624193 0.6101006 0.5218745
0.6506546 0.5983359 0.5101098
0.6506546 0.59968543 0.5031608
0.65615267 0.59688485 0.5031608
0.6428115 0.5918423 0.49531764
0.65849775 0.60617906 0.5179529
0.674184 0.62186533 0.5336392
0.65849775 0.60617906 0.5179529
0.6679174 0.60864955 0.5149255
0.67183894 0.6125711 0.51884705
0.66007423 0.6008064 0.50708234
0.6569214 0.610202 0.5357726
0.15803537 0.1615098 0.1642588
0.15253726 0.16161129 0.1781569
0.14077255 0.14984658 0.16639219
0.13292941 0.14200345 0.15854906
0.14469412 0.15241861 0.17726272
0.13292941 0.14065391 0.16549802
0.10155685 0.11063089 0.1271765
0.0913687 0.093493566 0.104541205
0.09294511 0.086771466 0.10061964
0.10628621 0.094513185 0.09456468
0.5611882 0.55211425 0.5355687
0.47883523 0.46976128 0.45321572
0.31020778 0.2997843 0.29153723
0.22785485 0.21743137 0.20918429
0.16510975 0.15468627 0.1464392
0.12197249 0.11154901 0.103301935
0.10628621 0.09586274 0.08761566
0.102364644 0.0932907 0.07674513
0.11020778 0.10113384 0.08458827
0.12747054 0.111447535 0.08940396
0.38002735 0.3570554 0.3295137
0.3455019 0.33507842 0.32683134
0.16353334 0.16005883 0.15730979
0.11881968 0.119595 0.1389412
0.10463174 0.16929762 0.2298275
0.72420055 0.82496095 0.9046824
0.31239673 0.45195088 0.53426665
0.44649884 0.6013005 0.68631375
0.45826355 0.6117156 0.70502746
0.45434198 0.6091436 0.6941569
0.44492242 0.6080226 0.69023526
0.49747923 0.65363044 0.7303451
0.43081257 0.5869638 0.6636784
0.73042816 0.8796304 0.9508471
0.28183198 0.3964904 0.48720783
0.20497708 0.3113369 0.4048549
0.18852206 0.27828488 0.37740391
0.19167495 0.26619017 0.3626118
0.19559652 0.27011174 0.36653337
0.20736122 0.28187644 0.37829807
0.65442 0.73163444 0.8114588
0.8834474 0.9564119 1.0
0.87718076 0.9431962 0.9954274
0.88894546 0.9549609 1.0
0.88894546 0.9549609 1.0
0.8661847 0.9460982 1.0
0.8198946 0.9123565 0.9948785
0.8183182 0.9190786 0.99880004
0.7673378 0.86809826 0.94781965
0.56422395 0.64413744 0.70736474
0.29367477 0.34559098 0.33983535
0.31093743 0.35725427 0.33770195
0.30859235 0.34930962 0.31596082
0.38706276 0.3916855 0.33914512
0.5596899 0.49482265 0.38730204
0.65619165 0.56622756 0.4201177
0.6656112 0.56869817 0.41709018
0.6656112 0.56869817 0.41709018
0.6656112 0.56869817 0.41709018
0.6773759 0.5804629 0.42885488
0.6891406 0.590878 0.44756868
0.6773759 0.5791133 0.43580398
0.6930622 0.5947996 0.45149025
0.70874846 0.61048585 0.46717653
0.70874846 0.6118354 0.46022743
0.7009053 0.6039923 0.4523843
0.67345434 0.5765413 0.4249333
0.6891406 0.5922276 0.4406196
0.6836426 0.59502816 0.4406196
0.70717204 0.617208 0.4710981
0.73070145 0.6407374 0.4946275
0.70717204 0.617208 0.4710981
0.7048269 0.60791385 0.45630586
0.6930622 0.59614915 0.44454116
0.6891406 0.5922276 0.4406196
0.7048269 0.60791385 0.45630586
0.69698375 0.6000707 0.44846272
0.6812975 0.58438444 0.43277645
0.6930622 0.59614915 0.44454116
0.68521905 0.5896556 0.429749
0.6891406 0.59357715 0.43367058
0.68521905 0.5896556 0.429749
0.6812975 0.585734 0.42582744
0.68287396 0.5790119 0.42190588
0.6750308 0.5711688 0.41406274
0.6671877 0.56332564 0.4062196
0.67972106 0.58705795 0.45754516
0.24281147 0.18644409 0.1231137
0.15249828 0.2017154 0.21255684
0.16034141 0.20955853 0.22039998
0.158765 0.21493107 0.23127055
0.16660814 0.22277421 0.23911369
0.17445128 0.23196691 0.24000782
0.17994925 0.22916637 0.24000782
0.18779239 0.23700951 0.24785095
0.19171396 0.24093108 0.25177252
0.19405912 0.25157475 0.25961566
0.19013755 0.24765319 0.2556941
0.19013755 0.24630362 0.2626431
0.19798069 0.25414675 0.27048624
0.19798069 0.25279722 0.27743533
0.20582382 0.26064035 0.28527847
0.20582382 0.26064035 0.28527847
0.21366698 0.26713395 0.30007064
0.2120905 0.27385607 0.3039922
0.20424737 0.26601294 0.29614908
0.21601208 0.2764281 0.31486273
0.21443567 0.2831502 0.3187843
0.22620037 0.2949149 0.330549
0.2222788 0.2896438 0.33357644
0.22854546 0.30285951 0.35229018
0.23246703 0.30678108 0.35621175
0.21520436 0.29646736 0.3513961
0.23089063 0.31215364 0.3670824
0.27402788 0.3552909 0.41021964
0.3344278 0.4073923 0.4651216
0.3407336 0.3845525 0.4285882
0.3706078 0.34783706 0.36728632
0.41693696 0.34282413 0.34038436
0.41693696 0.34282413 0.34038436
0.3572666 0.33874583 0.38029018
0.25365135 0.3169677 0.38579613
0.26852983 0.3540428 0.43106663
0.29048282 0.38294476 0.4654667
0.3045927 0.40535313 0.48507455
0.3171261 0.43313405 0.515553
0.33123595 0.45419288 0.5421098
0.35318896 0.4844444 0.56956077
0.36337712 0.5015817 0.59219605
0.3853301 0.53183323 0.619647
0.39709485 0.5422484 0.6383608
0.40885955 0.55401313 0.6501255
0.41278112 0.5579347 0.6540471
0.42454582 0.5696994 0.6658118
0.42454582 0.5696994 0.6658118
0.4284674 0.573621 0.66973335
0.41120473 0.5646568 0.65796864
0.42296943 0.575072 0.67668235
0.4284674 0.573621 0.66973335
0.45907134 0.5903268 0.6754431
0.6113999 0.59247655 0.5400393
0.6318155 0.5906957 0.53006274
0.6200508 0.58163005 0.5044001
0.62554884 0.57882947 0.5044001
0.62554884 0.58017904 0.49745104
0.6177057 0.5723359 0.4896079
0.6310468 0.5787281 0.49050197
0.64673305 0.59441435 0.5061882
0.64673305 0.59441435 0.5061882
0.6428115 0.5904928 0.50226665
0.6506546 0.59968543 0.5031608
0.65849775 0.60752857 0.5110039
0.65849775 0.60752857 0.5110039
0.674184 0.62186533 0.5336392
0.67026246 0.61794376 0.5297176
0.6624193 0.61145014 0.5149255
0.6506546 0.59968543 0.5031608
0.65615267 0.59688485 0.5031608
0.65615267 0.59688485 0.5031608
0.63496834 0.5799505 0.50832164
0.1321608 0.12868628 0.12593724
0.15019223 0.1523171 0.16336474
0.13842753 0.1405524 0.15160003
0.13450596 0.13798039 0.14072938
0.12823923 0.12341515 0.12896468
0.099211834 0.1013367 0.11238434
0.12274125 0.12486612 0.13591376
0.11881968 0.120944545 0.13199219
0.096866675 0.092042595 0.09759213
0.0811804 0.07635632 0.08190586
0.07725883 0.0737843 0.071035266
0.08510197 0.081627436 0.0788784
0.102364644 0.09059162 0.09064311
0.0811804 0.07770587 0.074956834
0.07725883 0.0737843 0.071035266
0.0827568 0.070983775 0.071035266
0.098443076 0.0880196 0.079772525
0.102364644 0.09194117 0.08369409
0.12747054 0.111447535 0.08940396
0.34081167 0.3178397 0.290298
0.29059994 0.28017646 0.27192938
0.10470981 0.09853617 0.11238434
0.10705497 0.10917984 0.12022748
0.10939999 0.11712449 0.1419686
0.3101297 0.3664971 0.42982748
0.83323574 0.92279726 0.9749255
0.37671837 0.5079738 0.5930902
0.48729092 0.63379407 0.7216078
0.47002825 0.6248299 0.70984316
0.49355766 0.64700973 0.7403216
0.48021653 0.6419671 0.73247844
0.45434198 0.6091436 0.6941569
0.61512625 0.7712775 0.8479921
0.75238115 0.9085324 0.985247
0.6300438 0.769598 0.8519137
0.31397328 0.44522873 0.5303451
0.29359668 0.4082551 0.49897254
0.20343965 0.27930444 0.3674275
0.17914154 0.23975879 0.3251843
0.1830631 0.2450299 0.32215685
0.1830631 0.2450299 0.32215685
0.8497298 0.9130461 0.9818745
0.87718076 0.9418466 1.0
0.8905219 0.9482388 1.0
0.88894546 0.9549609 1.0
0.88894546 0.9536113 1.0
0.83873373 0.91729766 0.98882353
0.821471 0.906984 0.98400784
0.7846005 0.87841195 0.9526353
0.5242396 0.58755594 0.65638435
0.2913296 0.33494732 0.3319922
0.33054528 0.3768621 0.3573098
0.3399649 0.37933263 0.35428232
0.37921962 0.38249284 0.33825096
0.45299977 0.40897954 0.31795293
0.64442694 0.5558125 0.4014039
0.64992493 0.55436146 0.3944549
0.6577681 0.5622046 0.40229803
0.6656112 0.57004774 0.41014117
0.68521905 0.5896556 0.429749
0.67345434 0.5765413 0.4249333
0.6773759 0.5804629 0.42885488
0.6695328 0.57261974 0.42101175
0.6538465 0.55693346 0.40532547
0.6522701 0.5636556 0.40924704
0.64442694 0.5558125 0.4014039
0.65619165 0.5675771 0.4131686
0.6522701 0.5636556 0.40924704
0.6640348 0.57542026 0.42101175
0.6601132 0.5701492 0.42403927
0.6601132 0.5701492 0.42403927
0.65619165 0.5675771 0.4131686
0.6365838 0.54796934 0.39356077
0.63266224 0.5440477 0.3896392
0.6483485 0.559734 0.40532547
0.6601132 0.57149875 0.41709018
0.65619165 0.5675771 0.4131686
0.6875642 0.5989497 0.44454116
0.67972106 0.59110653 0.43669802
0.6601132 0.5728483 0.41014117
0.67972106 0.59110653 0.43669802
0.70325047 0.61463594 0.46022743
0.6993289 0.61071444 0.45630586
0.6875642 0.60029924 0.43759215
0.6773759 0.58181244 0.42190588
0.6695328 0.5739693 0.41406274
0.6703015 0.5859369 0.4536236
0.23104677 0.17602892 0.10440004
0.17994925 0.22916637 0.24000782
0.18779239 0.23700951 0.24785095
0.19563553 0.24485265 0.2556941
0.20347866 0.2526958 0.26353723
0.21524338 0.2644605 0.27530193
0.22700809 0.27622524 0.28706664
0.23485123 0.28406838 0.29490978
0.23719639 0.29471204 0.3027529
0.23719639 0.29471204 0.3027529
0.22935325 0.2868689 0.29490978
0.23327482 0.29079047 0.29883134
0.24503952 0.3012056 0.3175451
0.25288266 0.30904874 0.32538822
0.2607258 0.31689188 0.33323136
0.2897532 0.33762076 0.35676077
0.28817677 0.34434286 0.36068234
0.28033364 0.33515015 0.35978827
0.28267872 0.34579384 0.3676314
0.28267872 0.3444443 0.37458044
0.28267872 0.3444443 0.37458044
0.29286703 0.3629311 0.39026672
0.29286703 0.36158156 0.39721566
0.2850239 0.35373843 0.38937253
0.29521212 0.37087572 0.4120078
0.29129055 0.3656046 0.41503528
0.2991337 0.37344775 0.4228784
0.3854082 0.4610718 0.5022039
0.4630709 0.523487 0.5619216
0.45995703 0.49817654 0.52841574
0.42943132 0.40801015 0.41916075
0.42870167 0.35458884 0.35214907
0.41459182 0.33218047 0.33254123
0.35257638 0.32015756 0.35070592
0.21758854 0.26565734 0.33178827
0.20501605 0.276631 0.34265888
0.22696906 0.305533 0.3770588
0.24107885 0.32659182 0.40361565
0.25911027 0.35157222 0.43409416
0.28340846 0.39246738 0.46938828
0.31320453 0.42921248 0.5116314
0.3100517 0.44130716 0.5264235
0.3218164 0.45172232 0.5451372
0.32965955 0.45956546 0.55298036
0.328083 0.4662876 0.55690193
0.33200458 0.47020918 0.5608235
0.34142426 0.47133017 0.56474507
0.33358112 0.46348703 0.55690193
0.33358112 0.46348703 0.55690193
0.32965955 0.45956546 0.55298036
0.3375027 0.4674086 0.5608235
0.34142426 0.4726797 0.55779606
0.41443565 0.48315018 0.5187843
0.62081945 0.5962967 0.53006274
0.6318155 0.59204525 0.5231137
0.63965863 0.5998884 0.53095686
0.63573706 0.5973163 0.52008635
0.6412351 0.5958653 0.51313734
0.6412351 0.5958653 0.51313734
0.64673305 0.59441435 0.5061882
0.65849775 0.60617906 0.5179529
0.6624193 0.6101006 0.5218745
0.65849775 0.60617906 0.5179529
0.6624193 0.61145014 0.5149255
0.6624193 0.61145014 0.5149255
0.65849775 0.60752857 0.5110039
0.65849775 0.60617906 0.5179529
0.65849775 0.60617906 0.5179529
0.6545762 0.6022575 0.51403135
0.6545762 0.603607 0.50708234
0.6506546 0.59968543 0.5031608
0.6624193 0.61145014 0.5149255
0.6569214 0.6115516 0.5288236
0.14550191 0.13642797 0.11988239
0.15569021 0.15086614 0.15641566
0.1439255 0.13910143 0.14465095
0.14000393 0.13652942 0.13378038
0.10863138 0.1038073 0.109356835
0.09294511 0.08812103 0.09367056
0.1031334 0.10660783 0.109356835
0.11255295 0.10637931 0.12022748
0.10078824 0.09596416 0.1015137
0.07725883 0.07243475 0.07798429
0.07725883 0.0737843 0.071035266
0.08902354 0.085549004 0.08279997
0.09452151 0.08274848 0.08279997
0.073337264 0.06986273 0.0671137
0.07725883 0.0737843 0.071035266
0.07725883 0.0737843 0.071035266
0.09059994 0.080176465 0.07192939
0.098443076 0.0880196 0.079772525
0.13689008 0.11391814 0.08637644
0.51962745 0.504954 0.47461176
0.10078824 0.09731371 0.09456468
0.095290266 0.097415134 0.10846277
0.1031334 0.10525827 0.11630591
0.11332156 0.11969651 0.15283918
0.4215101 0.47092846 0.52876073
0.9352356 0.98870254 1.0
0.9658394 1.0 1.0
0.8152043 0.8964673 0.9513961
0.46141636 0.599621 0.69023526
0.4386557 0.5921078 0.6854196
0.4151263 0.56857836 0.6618902
0.38767532 0.5411274 0.63443923
0.59159684 0.7463985 0.8314117
0.63865566 0.7948069 0.87152153
0.777487 0.9253397 1.0
0.29436544 0.42562088 0.51073724
0.37829477 0.5012517 0.5891686
0.21912593 0.2963403 0.37616467
0.16660814 0.21602648 0.2738588
0.15407468 0.18824556 0.24338037
0.16660814 0.21467692 0.28080788
0.70620817 0.7625755 0.8259059
0.8787572 0.9351245 0.9984549
0.88425523 0.9336735 0.99150586
0.88267875 0.94039565 0.9954274
0.88267875 0.94039565 0.9954274
0.8614945 0.92616034 0.9866902
0.8152043 0.89376825 0.9652941
0.79951805 0.878082 0.94960785
0.2866003 0.34431726 0.399349
0.22074136 0.2643591 0.26140398
0.3030943 0.3480616 0.33680782
0.30701587 0.3533327 0.33378038
0.3658785 0.37610066 0.33735684
0.40670958 0.377937 0.28960788
0.63266224 0.54269814 0.3965883
0.64600337 0.5504399 0.39053333
0.66168964 0.56612617 0.4062196
0.6577681 0.5622046 0.40229803
0.67345434 0.5778909 0.4179843
0.66168964 0.56612617 0.4062196
0.6812975 0.58438444 0.43277645
0.67345434 0.5765413 0.4249333
0.6812975 0.58438444 0.43277645
0.6836426 0.59502816 0.4406196
0.70325047 0.61463594 0.46022743
0.7150152 0.6264007 0.47199214
0.734623 0.6460085 0.49159998
0.73070145 0.642087 0.4876784
0.7173603 0.6356948 0.48678437
0.7267799 0.6368158 0.49070594
0.7228583 0.6328943 0.48678437
0.7228583 0.63424385 0.47983527
0.71893674 0.6303222 0.4759137
0.7173603 0.6356948 0.48678437
0.71343875 0.6331228 0.4759137
0.7173603 0.63704437 0.47983527
0.7055956 0.62527966 0.46807057
0.70717204 0.6185576 0.464149
0.70325047 0.6159855 0.45327842
0.6993289 0.612064 0.44935685
0.70717204 0.6185576 0.464149
0.7110936 0.6224791 0.46807057
0.7110936 0.6224791 0.46807057
0.69540733 0.6067928 0.4523843
0.70717204 0.6185576 0.464149
0.7212819 0.63826686 0.49765497
0.24673304 0.1917152 0.12008631
0.26780018 0.31006834 0.3154118
0.28191006 0.3324767 0.33501965
0.29367477 0.3442414 0.34678435
0.314859 0.35577765 0.36941957
0.33446684 0.3753855 0.38902742
0.35641986 0.405637 0.4164784
0.37210613 0.42132327 0.43216467
0.3995571 0.44877425 0.45961565
0.3877924 0.43700954 0.44785094
0.34465516 0.3938723 0.4047137
0.29759634 0.34816298 0.35070592
0.30936104 0.35992768 0.36247063
0.30543947 0.35600612 0.35854906
0.3132826 0.36384925 0.3663922
0.33054528 0.37281343 0.3781569
0.3383884 0.37930706 0.392949
0.32112575 0.37034288 0.38118428
0.32112575 0.3689933 0.38813332
0.3250473 0.37291488 0.3920549
0.31720418 0.36507174 0.38421175
0.32739246 0.38220897 0.4068471
0.3234709 0.3782874 0.40292552
0.31405127 0.37581685 0.405953
0.32581598 0.38758156 0.4177177
0.3085533 0.37726784 0.41290194
0.31247488 0.3811894 0.4168235
0.4081689 0.4699345 0.50007063
0.48033366 0.5351502 0.5597883
0.4811414 0.51241183 0.53715295
0.4451176 0.42369643 0.43484703
0.41693696 0.34282413 0.34038436
0.40517226 0.332409 0.32167056
0.3502312 0.31221303 0.32896468
0.18779239 0.23026177 0.28259605
0.16895324 0.22667018 0.28170192
0.17914154 0.24380742 0.3043373
0.19717291 0.2701374 0.3278667
0.21362787 0.3004904 0.36921567
0.25126714 0.3464282 0.41235292
0.27322015 0.37398058 0.453702
0.26145545 0.36221588 0.4419373
0.26929858 0.36870944 0.45672944
0.27556533 0.38327467 0.46849415
0.28967512 0.40568307 0.488102
0.2779104 0.39256883 0.48328626
0.26380062 0.37016043 0.46367842
0.2418476 0.33990893 0.43622744
0.23400447 0.3320658 0.4283843
0.23165931 0.32277167 0.4135922
0.23558088 0.32669324 0.41751376
0.25049847 0.32771283 0.40753722
0.44746268 0.4424374 0.40099606
0.6223959 0.5909242 0.51919216
0.6435802 0.60515946 0.5279295
0.65142334 0.6130026 0.5357726
0.6435802 0.60650903 0.5209805
0.6569214 0.6115516 0.5288236
0.6412351 0.5972149 0.5061882
0.64673305 0.59441435 0.5061882
0.65849775 0.60617906 0.5179529
0.65849775 0.60752857 0.5110039
0.67026246 0.6192933 0.5227686
0.6663409 0.6153717 0.51884705
0.6663409 0.6153717 0.51884705
0.674184 0.62321484 0.5266902
0.6898703 0.6389011 0.54237646
0.69379187 0.6428227 0.546298
0.6898703 0.6389011 0.54237646
0.6859487 0.63497955 0.5384549
0.6898703 0.6389011 0.54237646
0.70005864 0.6560384 0.56501174
0.6922155 0.64819527 0.5571686
0.5267018 0.5008295 0.4428942
0.15176864 0.14964366 0.13859606
0.14000393 0.13652942 0.13378038
0.13608237 0.13260785 0.1298588
0.11255295 0.109078415 0.10632938
0.097635284 0.106709324 0.12325493
0.11332156 0.12104606 0.14589016
0.07960399 0.080379315 0.09972552
0.08902354 0.08419946 0.08974899
0.07725883 0.07243475 0.07798429
0.073337264 0.068513185 0.07406272
0.078835234 0.06706221 0.0671137
0.08667837 0.0762549 0.06800782
0.10628621 0.09586274 0.08761566
0.15726662 0.14954221 0.12469807
0.12354897 0.10752597 0.08548239
0.12197249 0.11289854 0.09635297
0.10628621 0.09721227 0.0806667
0.12904695 0.106075004 0.07853331
0.42550975 0.40948674 0.38744318
0.096866675 0.092042595 0.09759213
0.095290266 0.097415134 0.10846277
0.1031334 0.10525827 0.11630591
0.10939999 0.11712449 0.1419686
0.29367477 0.3374937 0.3815294
0.9038631 0.95733 0.9902667
0.9917529 1.0 1.0
0.9917529 1.0 1.0
0.98233336 0.999706 1.0
0.87637293 0.964585 1.0
0.41278112 0.55928427 0.64709806
0.34453803 0.49933964 0.5843529
0.6974792 0.85228086 0.9372941
0.2504204 0.405222 0.49023527
0.771989 0.9281402 1.0
0.3116281 0.43458503 0.52250195
0.29517317 0.40153298 0.49505097
0.21678075 0.2883957 0.35442358
0.16976096 0.20393184 0.25906664
0.14938444 0.17100683 0.2068471
0.153306 0.1749284 0.21076867
0.15407468 0.18689601 0.25032938
0.87798846 0.9191083 0.97974116
0.87798846 0.92045784 0.97279215
0.88191 0.9243794 0.9767137
0.88191 0.9243794 0.9767137
0.8724905 0.9219088 0.97974116
0.8238552 0.88022256 0.943553
0.77914155 0.8424579 0.9112863
0.21839626 0.24831715 0.2813569
0.2011335 0.24475121 0.2417961
0.34623155 0.39119884 0.37994507
0.3540747 0.40039152 0.3808392
0.39801967 0.42348948 0.38744318
0.46395668 0.44213307 0.35930198
0.67656815 0.6018517 0.4584393
0.7055956 0.62527966 0.46807057
0.70325047 0.61463594 0.46022743
0.71893674 0.6316718 0.4689647
0.7110936 0.62382865 0.46112156
0.69540733 0.6081424 0.4454353
0.6875642 0.5989497 0.44454116
0.6993289 0.61071444 0.45630586
0.70717204 0.617208 0.4710981
0.7267799 0.6368158 0.49070594
0.70717204 0.6185576 0.464149
0.70325047 0.61463594 0.46022743
0.69540733 0.6067928 0.4523843
0.69148576 0.6028713 0.44846272
0.71893674 0.6303222 0.4759137
0.71893674 0.6303222 0.4759137
0.70717204 0.6185576 0.464149
0.70325047 0.61463594 0.46022743
0.70325047 0.61463594 0.46022743
0.70325047 0.61463594 0.46022743
0.7055956 0.62527966 0.46807057
0.6977525 0.6174365 0.46022743
0.7055956 0.62527966 0.46807057
0.7110936 0.6224791 0.46807057
0.70325047 0.6159855 0.45327842
0.70717204 0.61990714 0.4572
0.70717204 0.61990714 0.4572
0.6993289 0.612064 0.44935685
0.6875642 0.5989497 0.44454116
0.69540733 0.6067928 0.4523843
0.71893674 0.6303222 0.4759137
0.7173603 0.6343453 0.4937334
0.25615266 0.1928362 0.12400788
0.44350207 0.47052267 0.47316867
0.46703148 0.49405208 0.49669808
0.48506296 0.52038205 0.5202275
0.50074923 0.5347188 0.5428628
0.5203571 0.55432665 0.5624707
0.5305453 0.57281345 0.57815695
0.55015314 0.5910717 0.60471374
0.54623157 0.58715016 0.60079217
0.52270216 0.56362075 0.57726276
0.4403492 0.48261735 0.48796082
0.3266237 0.36889187 0.37423533
0.31878057 0.3623983 0.3594432
0.314859 0.35847673 0.35552162
0.31878057 0.36104873 0.3663922
0.33604333 0.37001285 0.3781569
0.34388646 0.377856 0.38600004
0.3266237 0.36889187 0.37423533
0.33054528 0.37146392 0.38510585
0.33446684 0.37403592 0.39597645
0.32112575 0.3689933 0.38813332
0.33289045 0.38075802 0.39989802
0.3250473 0.3715653 0.39900395
0.29367477 0.34019276 0.3676314
0.29994148 0.35340846 0.38634515
0.30620813 0.36797372 0.39810985
0.31797284 0.37973842 0.40987456
0.4081689 0.4699345 0.50007063
0.48583165 0.5336992 0.5528392
0.4811414 0.5137614 0.53020394
0.4451176 0.42504597 0.42789802
0.4130154 0.34025213 0.3295137
0.40674868 0.32703647 0.3108
0.33296853 0.3045984 0.31025097
0.16426298 0.20808192 0.25211763
0.15092187 0.20034021 0.2581725
0.15718853 0.21490547 0.26993722
0.16972192 0.24268642 0.30041572
0.19951808 0.27943152 0.34265888
0.23715729 0.32401982 0.39274508
0.24892199 0.33443496 0.4114588
0.22773774 0.32019967 0.4027216
0.26303184 0.35549378 0.43801573
0.28890643 0.38966686 0.46938828
0.314781 0.42249036 0.50770986
0.32027897 0.41968983 0.50770986
0.24969074 0.3491016 0.4371216
0.17910251 0.27716386 0.37348235
0.18225533 0.26371965 0.3656392
0.17441218 0.25722605 0.3508471
0.18932976 0.25824562 0.34087056
0.20740023 0.24986961 0.3022039
0.62631744 0.5948458 0.5231137
0.6318155 0.59339476 0.5161648
0.63573706 0.5973163 0.52008635
0.63731354 0.5905942 0.5161648
0.6294704 0.5841006 0.5013726
0.63731354 0.59194374 0.5092157
0.6388899 0.5865712 0.4983451
0.64673305 0.59441435 0.5061882
0.6545762 0.603607 0.50708234
0.6506546 0.59968543 0.5031608
0.6624193 0.61145014 0.5149255
0.67026246 0.6192933 0.5227686
0.68202716 0.631058 0.5345333
0.674184 0.62321484 0.5266902
0.67026246 0.6192933 0.5227686
0.67026246 0.6192933 0.5227686
0.6781056 0.6271364 0.53061175
0.6859487 0.63497955 0.5384549
0.69379187 0.6428227 0.546298
0.6765292 0.6338585 0.5345333
0.6663409 0.6153717 0.51884705
0.6647645 0.6207443 0.5297176
0.11805092 0.108976975 0.0924314
0.14000393 0.13787895 0.12683135
0.1321608 0.13003582 0.118988216
0.1321608 0.12868628 0.12593724
0.1211647 0.1288892 0.15373331
0.13527457 0.14994802 0.18029016
0.10939999 0.11712449 0.1419686
0.08510197 0.08027789 0.085827425
0.07725883 0.07243475 0.07798429
0.098443076 0.08667005 0.08672154
0.10628621 0.094513185 0.09456468
0.11805092 0.107627444 0.09938037
0.11805092 0.107627444 0.09938037
0.22550975 0.20948675 0.18744317
0.31412935 0.3050554 0.28850985
0.102364644 0.0932907 0.07674513
0.11805092 0.107627444 0.09938037
0.14473322 0.12176128 0.09421959
0.4231646 0.39884308 0.37960005
0.096866675 0.092042595 0.09759213
0.096866675 0.090693034 0.104541205
0.099211834 0.1013367 0.11238434
0.10939999 0.11847403 0.13501963
0.105439454 0.14925839 0.1932941
0.85914934 0.9195654 0.95799994
0.9784118 0.9971339 1.0
0.9917529 1.0 1.0
0.99725103 0.9993759 1.0
0.980757 1.0 1.0
0.9100907 1.0 1.0
0.30140078 0.4562024 0.54121566
0.7382713 0.886124 0.9656392
0.19240466 0.3236601 0.40877646
0.6755262 0.8247284 0.89594513
0.55084383 0.6751503 0.75476867
0.30774552 0.39325848 0.47028232
0.26933762 0.3340035 0.39453337
0.17525901 0.20383036 0.24516866
0.15096085 0.16563429 0.19597644
0.14311771 0.1591407 0.18118429
0.15722758 0.17750041 0.22163925
0.85995704 0.8954775 0.9423137
0.87172174 0.9072422 0.95407844
0.89290607 0.92147744 0.9628157
0.88506293 0.9136343 0.95497257
0.87172174 0.9085917 0.9471294
0.83327484 0.8840427 0.93357646
0.5995571 0.64337605 0.6874118
0.17372164 0.17584652 0.18689415
0.16822353 0.17999667 0.17994507
0.2521139 0.2970812 0.28582743
0.30701587 0.3533327 0.33378038
0.35253724 0.37105814 0.3295137
0.44434884 0.42387477 0.33274513
0.67422307 0.59255755 0.44364712
0.6836426 0.59502816 0.4406196
0.6875642 0.60029924 0.43759215
0.6875642 0.60029924 0.43759215
0.6875642 0.60029924 0.43759215
0.69148576 0.60422087 0.44151372
0.69148576 0.60422087 0.44151372
0.70717204 0.6185576 0.464149
0.70325047 0.61463594 0.46022743
0.70325047 0.61463594 0.46022743
0.6993289 0.61071444 0.45630586
0.71267 0.615757 0.464149
0.7048269 0.60791385 0.45630586
0.6891406 0.59357715 0.43367058
0.7009053 0.60534185 0.4454353
0.6930622 0.5974987 0.43759215
0.7048269 0.6092634 0.44935685
0.6993289 0.61071444 0.45630586
0.69148576 0.60422087 0.44151372
0.70717204 0.61990714 0.4572
0.7150152 0.6277503 0.46504313
0.70717204 0.61990714 0.4572
0.6993289 0.612064 0.44935685
0.70717204 0.61990714 0.4572
0.70325047 0.6159855 0.45327842
0.6930622 0.5974987 0.43759215
0.70717204 0.61990714 0.4572
0.71893674 0.6316718 0.4689647
0.7228583 0.6355934 0.47288626
0.71893674 0.6316718 0.4689647
0.7228583 0.6355934 0.47288626
0.7173603 0.6356948 0.48678437
0.2875252 0.2255583 0.1484314
0.5611492 0.58816975 0.5908157
0.57683545 0.603856 0.606502
0.5846786 0.61169916 0.61434513
0.60036486 0.62738544 0.6300314
0.6066316 0.64060116 0.6487452
0.6144747 0.6484443 0.6565883
0.6183963 0.65236586 0.6605098
0.5948669 0.62883645 0.6369804
0.54780805 0.58042806 0.5968706
0.46937665 0.5033462 0.5114902
0.34388646 0.37920555 0.37905103
0.32427862 0.3595977 0.3594432
0.3164355 0.35175458 0.35160005
0.32035705 0.35567614 0.35552162
0.33604333 0.37136242 0.3712079
0.34388646 0.37920555 0.37905103
0.3282002 0.3621697 0.37031376
0.33054528 0.37146392 0.38510585
0.38152567 0.42109475 0.44303527
0.3266237 0.3661928 0.38813332
0.3383884 0.3779575 0.39989802
0.314859 0.3530785 0.38331768
0.2638786 0.30209813 0.3323373
0.2897532 0.3362712 0.36370984
0.29994148 0.35340846 0.38634515
0.31954932 0.3730163 0.405953
0.40582383 0.46064034 0.48527846
0.4779885 0.5258561 0.5449961
0.48663935 0.51231045 0.523255
0.44669402 0.41832387 0.42397645
0.41459182 0.33353004 0.32559213
0.40832508 0.32031435 0.30687842
0.33454493 0.2978763 0.3063294
0.16976096 0.20528139 0.25211763
0.1470003 0.19776818 0.24730194
0.15326697 0.2109839 0.26601565
0.17521997 0.23988585 0.30041572
0.19951808 0.27943152 0.34265888
0.23323572 0.32009825 0.3888235
0.23558088 0.3280428 0.41056475
0.22381617 0.31492853 0.40574905
0.25753388 0.35694474 0.44496474
0.31243584 0.4118467 0.4998667
0.37518093 0.4745918 0.5626118
0.3775261 0.48523545 0.57045496
0.26380062 0.37016043 0.46367842
0.20655349 0.3046148 0.40093333
0.20263192 0.30069324 0.39701176
0.1979416 0.27940592 0.38132548
0.2120905 0.26440924 0.35263526
0.24665491 0.25572893 0.27227455
0.61455274 0.58308107 0.511349
0.6318155 0.59339476 0.5161648
0.633392 0.5866726 0.5122432
0.62554884 0.57882947 0.5044001
0.62554884 0.58017904 0.49745104
0.6310468 0.5773785 0.49745104
0.63496834 0.58264965 0.49442354
0.6428115 0.5918423 0.49531764
0.6545762 0.603607 0.50708234
0.6506546 0.59968543 0.5031608
0.6663409 0.6153717 0.51884705
0.67026246 0.6192933 0.5227686
0.68202716 0.631058 0.5345333
0.674184 0.62321484 0.5266902
0.674184 0.62321484 0.5266902
0.674184 0.62321484 0.5266902
0.6624193 0.61145014 0.5149255
0.6781056 0.6271364 0.53061175
0.68202716 0.631058 0.5345333
0.68202716 0.631058 0.5345333
0.6859487 0.63497955 0.5384549
0.67026246 0.61794376 0.5297176
0.50474876 0.47192758 0.40849409
0.14942348 0.14034954 0.12380396
0.14158034 0.13115686 0.122909784
0.1337372 0.12196418 0.12201566
0.12666282 0.12743814 0.14678435
0.14311771 0.15779115 0.1881333
0.12350987 0.13953286 0.16157645
0.09294511 0.08812103 0.09367056
0.09294511 0.08947057 0.08672154
0.10628621 0.094513185 0.09456468
0.10628621 0.094513185 0.09456468
0.102364644 0.09059162 0.09064311
0.09294511 0.08947057 0.08672154
0.10628621 0.09586274 0.08761566
0.12589405 0.11682011 0.10027454
0.12589405 0.11547058 0.1072235
0.10628621 0.09586274 0.08761566
0.12120381 0.09823187 0.07069017
0.5078627 0.49183968 0.46979612
0.098443076 0.08667005 0.08672154
0.096866675 0.092042595 0.09759213
0.1031334 0.10525827 0.11630591
0.10705497 0.10783029 0.1271765
0.12427862 0.15284997 0.19418827
0.8105141 0.8778791 0.92181176
0.9501531 0.9910717 1.0
0.980757 1.0 1.0
0.95249826 1.0 1.0
0.9226631 0.9996763 1.0
0.9155886 1.0 1.0
0.72965956 0.8636141 0.9321334
0.6262004 0.6922158 0.74444705
0.17679638 0.23451331 0.28954506
0.45438102 0.57173854 0.6458589
0.5900985 0.6783105 0.7387373
0.16268657 0.21345446 0.2629882
0.19486685 0.22478774 0.2578275
0.14703928 0.16306227 0.18510586
0.14627066 0.14704598 0.16639219
0.15019223 0.15096755 0.17031376
0.15488242 0.16955586 0.199898
0.8474237 0.8676965 0.9118353
0.8772198 0.90714073 0.9401804
0.89840406 0.9200265 0.9558667
0.8905609 0.91218334 0.94802356
0.88663936 0.9082618 0.944102
0.8536904 0.88226175 0.9236
0.4944825 0.5174545 0.5449961
0.17372164 0.17719607 0.17994507
0.15803537 0.16285935 0.15730979
0.2435021 0.27187225 0.2662196
0.30467078 0.34268898 0.32593724
0.36195692 0.3721791 0.33343527
0.43965858 0.40393695 0.3101098
0.6585368 0.57822084 0.42101175
0.66795635 0.5793419 0.4249333
0.7048269 0.6092634 0.44935685
0.70325047 0.6159855 0.45327842
0.7150152 0.6277503 0.46504313
0.70874846 0.613185 0.45327842
0.7009053 0.60534185 0.4454353
0.6930622 0.5974987 0.43759215
0.71267 0.615757 0.464149
0.7009053 0.60534185 0.4454353
0.69463867 0.5907766 0.43367058
0.68521905 0.5896556 0.429749
0.6907171 0.58685505 0.429749
0.6789524 0.57509035 0.4179843
0.6891406 0.59357715 0.43367058
0.69698375 0.6014203 0.44151372
0.6891406 0.59357715 0.43367058
0.6812975 0.585734 0.42582744
0.6812975 0.585734 0.42582744
0.6812975 0.585734 0.42582744
0.6656112 0.57139724 0.40319222
0.6656112 0.57004774 0.41014117
0.6695328 0.5739693 0.41406274
0.6750308 0.5711688 0.41406274
0.6812975 0.585734 0.42582744
0.6812975 0.5870835 0.4188785
0.67345434 0.5792404 0.41103536
0.6812975 0.5870835 0.4188785
0.6891406 0.59357715 0.43367058
0.69698375 0.6014203 0.44151372
0.69698375 0.6014203 0.44151372
0.69148576 0.60152173 0.45541182
0.34008202 0.27116618 0.18854117
0.59801966 0.6167418 0.62218827
0.6058628 0.6259345 0.62308234
0.60428643 0.6326566 0.6270039
0.608208 0.63657814 0.6309255
0.6238943 0.65091485 0.6535608
0.6262394 0.6615585 0.66140395
0.62231785 0.65628743 0.66443145
0.5909453 0.6249149 0.6330589
0.5438865 0.57785606 0.5860001
0.47329822 0.5072678 0.5154118
0.353306 0.3803266 0.3829726
0.32585502 0.3542252 0.34857252
0.32585502 0.3542252 0.34857252
0.32585502 0.3542252 0.34857252
0.3415413 0.36991146 0.3642588
0.3399649 0.375284 0.37512946
0.3282002 0.3621697 0.37031376
0.33604333 0.36866334 0.38510585
0.3909453 0.42221573 0.44695684
0.35957274 0.39084318 0.4155843
0.33212176 0.36204264 0.39508238
0.3266237 0.36484322 0.39508238
0.29917273 0.33739224 0.3676314
0.314859 0.35172898 0.39026672
0.3132826 0.35845107 0.39418828
0.31720418 0.36372218 0.39116082
0.3877924 0.4343104 0.46174905
0.47172177 0.51129085 0.5332314
0.4803726 0.49774513 0.5114902
0.4349293 0.4079087 0.4052627
0.41459182 0.33353004 0.32559213
0.4044035 0.31639278 0.30295685
0.33454493 0.2978763 0.3063294
0.16191782 0.19878778 0.23732552
0.1375807 0.19664718 0.24338037
0.15326697 0.2109839 0.26601565
0.17521997 0.2412354 0.29346663
0.20343965 0.2833531 0.34658045
0.25126714 0.34372908 0.42625102
0.25595748 0.3623173 0.45583528
0.25595748 0.3623173 0.45583528
0.28967512 0.402984 0.502
0.34692222 0.46852964 0.56474507
0.40574577 0.52870274 0.6166196
0.3743732 0.49733013 0.58524704
0.25830257 0.37161145 0.47062743
0.2661457 0.37945458 0.47847056
0.29751825 0.41082713 0.5098431
0.2912516 0.39626187 0.4980784
0.28894547 0.34821317 0.4419373
0.3486548 0.32433328 0.30509025
0.6200508 0.58028054 0.511349
0.6318155 0.59339476 0.5161648
0.6451567 0.5984373 0.5240079
0.6412351 0.59451574 0.52008635
0.62554884 0.58017904 0.49745104
0.62320364 0.5695354 0.4896079
0.62320364 0.57088494 0.48265883
0.6388899 0.5879207 0.49139607
0.6310468 0.5800776 0.48355293
0.6404664 0.5811986 0.4874745
0.6388899 0.5879207 0.49139607
0.6506546 0.59968543 0.5031608
0.6545762 0.603607 0.50708234
0.6506546 0.59968543 0.5031608
0.6663409 0.6153717 0.51884705
0.6624193 0.61145014 0.5149255
0.6663409 0.6153717 0.51884705
0.674184 0.62321484 0.5266902
0.674184 0.62321484 0.5266902
0.6781056 0.6271364 0.53061175
0.68202716 0.631058 0.5345333
0.68202716 0.631058 0.5345333
0.6781056 0.6271364 0.53061175
0.38710174 0.35428053 0.29084703
0.15099995 0.1336274 0.11988239
0.13765877 0.1272353 0.118988216
0.12431765 0.12084312 0.11809409
0.15253726 0.16161129 0.1781569
0.13919614 0.15521914 0.17726272
0.09294511 0.08947057 0.08672154
0.10470981 0.10123528 0.098486245
0.10078824 0.09731371 0.09456468
0.10628621 0.094513185 0.09456468
0.08510197 0.081627436 0.0788784
0.096866675 0.092042595 0.09759213
0.07960399 0.08307842 0.085827425
0.09294511 0.08812103 0.09367056
0.098443076 0.08667005 0.08672154
0.10628621 0.094513185 0.09456468
0.1313921 0.11401955 0.10027454
0.551 0.53497696 0.5129334
0.27649015 0.25776806 0.25232154
0.098443076 0.08667005 0.08672154
0.10470981 0.09988573 0.10543527
0.10705497 0.10917984 0.12022748
0.11409032 0.13436317 0.178502
0.71012974 0.76784664 0.8228784
0.920318 0.9903821 1.0
0.92973757 0.9915031 1.0
0.91639644 0.985111 1.0
0.40109447 0.47540852 0.52483916
0.15957274 0.18949363 0.22253338
0.22078046 0.22425489 0.22700389
0.1839098 0.19433339 0.20258042
0.14469412 0.1551177 0.16336474
0.16507071 0.18939221 0.20863527
0.46234116 0.47276476 0.4810118
0.14627066 0.14839554 0.15944317
0.19725105 0.20072548 0.20347448
0.1321608 0.12733673 0.13288625
0.1321608 0.12868628 0.12593724
0.1439255 0.13910143 0.14465095
0.16195694 0.16273226 0.18207847
0.8254706 0.84014416 0.87048626
0.8882157 0.90423876 0.92628235
0.8999804 0.91600347 0.93804705
0.8999804 0.91735303 0.9310981
0.8882157 0.90423876 0.92628235
0.8646863 0.8820589 0.8958039
0.47176084 0.47523528 0.47798428
0.15569021 0.15221569 0.14946665
0.13608237 0.13395739 0.122909784
0.1940981 0.2155193 0.2043686
0.28114137 0.31915957 0.30240783
0.34627065 0.35649282 0.317749
0.43339193 0.39072123 0.29139605
0.6483485 0.5583844 0.41227457
0.6656112 0.57004774 0.41014117
0.6538465 0.55828303 0.39837646
0.6695328 0.5739693 0.41406274
0.67345434 0.5778909 0.4179843
0.6812975 0.585734 0.42582744
0.6812975 0.585734 0.42582744
0.6695328 0.5739693 0.41406274
0.6750308 0.5725183 0.4071138
0.6632661 0.5607536 0.3953491
0.6671877 0.56467515 0.39927065
0.6632661 0.5607536 0.3953491
0.6671877 0.56467515 0.39927065
0.67110926 0.5685967 0.40319222
0.67110926 0.5685967 0.40319222
0.6750308 0.5725183 0.4071138
0.67110926 0.5685967 0.40319222
0.6750308 0.5725183 0.4071138
0.6671877 0.56467515 0.39927065
0.6789524 0.57643986 0.41103536
0.6907171 0.58820456 0.42280006
0.6789524 0.57643986 0.41103536
0.6671877 0.56467515 0.39927065
0.6750308 0.5725183 0.4071138
0.68287396 0.5803614 0.41495693
0.69856024 0.5960477 0.4306432
0.68287396 0.5803614 0.41495693
0.6812975 0.585734 0.42582744
0.6930622 0.5974987 0.43759215
0.69540733 0.6081424 0.4454353
0.69698375 0.6014203 0.44151372
0.69148576 0.6028713 0.44846272
0.38321927 0.31430343 0.23167843
0.58625495 0.60632664 0.6034745
0.59801966 0.61809134 0.6152392
0.6058628 0.6259345 0.62308234
0.60978436 0.62985605 0.6270039
0.6176275 0.6363496 0.6417961
0.61212957 0.63915014 0.6417961
0.608208 0.63387907 0.64482355
0.5925217 0.6181928 0.6291373
0.5611492 0.58816975 0.5908157
0.48271778 0.5097384 0.51238436
0.34938443 0.37640503 0.37905103
0.32743144 0.3475031 0.34465095
0.33527458 0.35534623 0.3524941
0.35565117 0.39231983 0.38386664
0.37291384 0.401284 0.39563134
0.353306 0.3803266 0.3829726
0.33761972 0.36329076 0.37423533
0.33369815 0.35801968 0.3772627
0.39252168 0.41414407 0.44998434
0.3768354 0.3984578 0.43429807
0.33212176 0.36204264 0.39508238
0.32427862 0.3541995 0.38723925
0.34780803 0.37637937 0.4177177
0.3164355 0.34500682 0.38634515
0.31251392 0.34108526 0.38242358
0.3007492 0.32932055 0.37065887
0.3650707 0.38534355 0.4294824
0.43173736 0.45335975 0.48920003
0.4192039 0.42557886 0.45872155
0.39729002 0.36197093 0.36212546
0.4028271 0.32176533 0.31382743
0.40048194 0.3124712 0.29903528
0.3439645 0.30034688 0.30330193
0.16583939 0.20270935 0.24124709
0.1470003 0.19776818 0.24730194
0.15326697 0.2109839 0.26601565
0.17364348 0.24660799 0.3043373
0.21362787 0.3004904 0.36921567
0.27556533 0.38462424 0.46154514
0.32496923 0.43962765 0.5303451
0.36026335 0.47357222 0.5725882
0.3727968 0.50135314 0.6030666
0.40809095 0.5366473 0.6383608
0.43162036 0.5601767 0.6618902
0.3508438 0.4724512 0.56866664
0.31947124 0.44242817 0.5303451
0.39555746 0.50886637 0.6078823
0.46222416 0.57553303 0.674549
0.4583026 0.57161146 0.6706275
0.41754943 0.5003633 0.59398437
0.58160377 0.5543819 0.5047451
0.63573706 0.5973163 0.52008635
0.6435802 0.60515946 0.5279295
0.64907825 0.6023589 0.5279295
0.6412351 0.59451574 0.52008635
0.6529998 0.60763 0.524902
0.65849775 0.6048295 0.524902
0.6506546 0.5983359 0.5101098
0.64673305 0.59441435 0.5061882
0.6506546 0.59968543 0.5031608
0.6506546 0.59968543 0.5031608
0.6506546 0.59968543 0.5031608
0.6545762 0.603607 0.50708234
0.6663409 0.6153717 0.51884705
0.674184 0.62321484 0.5266902
0.68202716 0.631058 0.5345333
0.6765292 0.6338585 0.5345333
0.6859487 0.63497955 0.5384549
0.68202716 0.631058 0.5345333
0.68202716 0.631058 0.5345333
0.69771343 0.64674425 0.5502196
0.69379187 0.6428227 0.546298
0.6859487 0.63497955 0.5384549
0.6922155 0.6495448 0.5502196
0.6765292 0.6338585 0.5345333
0.4012116 0.37533933 0.31740397
0.14707838 0.13105538 0.1090118
0.1337372 0.124663256 0.108117685
0.15803537 0.1615098 0.1642588
0.19175294 0.20082697 0.21737258
0.08510197 0.08027789 0.085827425
0.13608237 0.13260785 0.1298588
0.10078824 0.09731371 0.09456468
0.10863138 0.10515685 0.10240781
0.09294511 0.08947057 0.08672154
0.35484344 0.40291223 0.46904317
0.070106305 0.1459711 0.23409414
0.070184305 0.0752097 0.11665101
0.075682424 0.07780729 0.08885493
0.08902354 0.0828499 0.09669807
0.11412935 0.10235632 0.10240781
0.12589405 0.11547058 0.1072235
0.56903136 0.5586079 0.5503608
0.26314896 0.25137594 0.25142744
0.10470981 0.09988573 0.10543527
0.10863138 0.10245774 0.11630591
0.10782358 0.121147476 0.15978827
0.4238552 0.48157215 0.53660387
0.898365 0.9574315 1.0
0.892867 0.9615816 0.9972156
0.85365134 0.92101634 0.964949
0.40740025 0.4525687 0.48830593
0.1658785 0.16935293 0.17210193
0.47491366 0.46718925 0.44234514
0.29059994 0.281526 0.26498044
0.13765877 0.1272353 0.118988216
0.14158034 0.13385594 0.1090118
0.44277245 0.42115006 0.3853098
0.14707838 0.12970583 0.11596082
0.13765877 0.1272353 0.118988216
0.12981562 0.11939215 0.11114507
0.13765877 0.1272353 0.118988216
0.14550191 0.13372889 0.13378038
0.16745491 0.16128129 0.17512944
0.8466549 0.8557289 0.8722745
0.8937137 0.90413725 0.91238433
0.9109765 0.9131014 0.92414904
0.9109765 0.9131014 0.92414904
0.88979214 0.9002157 0.90846276
0.8756824 0.87780726 0.8888549
0.4302 0.42672548 0.42397645
0.15726662 0.14684314 0.13859606
0.12981562 0.11939215 0.11114507
0.15488242 0.17630361 0.16515292
0.2905609 0.3202806 0.3063294
0.34627065 0.35649282 0.317749
0.49144676 0.43487808 0.3245569
0.65619165 0.56622756 0.4201177
0.6695328 0.57261974 0.42101175
0.6381602 0.54259676 0.3826902
0.6577681 0.5622046 0.40229803
0.6656112 0.57004774 0.41014117
0.6695328 0.5739693 0.41406274
0.6773759 0.58181244 0.42190588
0.67345434 0.5778909 0.4179843
0.6750308 0.5725183 0.4071138
0.6632661 0.5607536 0.3953491
0.67110926 0.5685967 0.40319222
0.67110926 0.5685967 0.40319222
0.6632661 0.5607536 0.3953491
0.67110926 0.5685967 0.40319222
0.6750308 0.5725183 0.4071138
0.68679553 0.584283 0.4188785
0.68287396 0.5803614 0.41495693
0.69463867 0.59212613 0.42672163
0.68679553 0.584283 0.4188785
0.6907171 0.58820456 0.42280006
0.6907171 0.58820456 0.42280006
0.68679553 0.584283 0.4188785
0.68679553 0.584283 0.4188785
0.69463867 0.59212613 0.42672163
0.68679553 0.5829335 0.42582744
0.6907171 0.58820456 0.42280006
0.68679553 0.5829335 0.42582744
0.6930622 0.5974987 0.43759215
0.7009053 0.60534185 0.4454353
0.6930622 0.5974987 0.43759215
0.6875642 0.60029924 0.43759215
0.71343875 0.6331228 0.4759137
0.43812123 0.37055492 0.27963135
0.55253726 0.5643104 0.5642588
0.55096084 0.5710325 0.5681804
0.55096084 0.5710325 0.5681804
0.5470393 0.56711096 0.5642588
0.5431177 0.5631894 0.56033725
0.53919613 0.55791825 0.56336474
0.5274314 0.54615355 0.55160004
0.51174515 0.5304673 0.53591377
0.481949 0.4923726 0.50061965
0.39959607 0.41001967 0.4182667
0.32508627 0.33550987 0.3437569
0.31097654 0.3131014 0.32414907
0.31724313 0.32766673 0.33591378
0.38783136 0.39825496 0.406502
0.37841183 0.39713392 0.40258044
0.35019222 0.35096753 0.37031376
0.3266628 0.3260886 0.3537333
0.32274124 0.32081747 0.35676077
0.35019222 0.34556934 0.39810985
0.35803536 0.35206294 0.41290194
0.35803536 0.35206294 0.41290194
0.3266628 0.31934085 0.3884784
0.34627065 0.33759916 0.41503528
0.3031334 0.2944619 0.37189803
0.30470982 0.28639024 0.37492552
0.28902355 0.27070397 0.35923925
0.3219725 0.29535443 0.38669023
0.32589406 0.30062556 0.38366273
0.32354897 0.2940305 0.3549726
0.3392743 0.27770993 0.2945647
0.38714084 0.30607906 0.29814115
0.3926388 0.30462807 0.29119214
0.3439645 0.30034688 0.30330193
0.17133744 0.1999088 0.24124709
0.1375807 0.19664718 0.24338037
0.15718853 0.21490547 0.26993722
0.18540819 0.25702313 0.323051
0.2198946 0.31370607 0.38792938
0.30928296 0.4252909 0.50770986
0.40732217 0.5206311 0.619647
0.4528046 0.5730624 0.6775765
0.4747576 0.6033139 0.70502746
0.49436545 0.62292176 0.7246353
0.4394635 0.5680198 0.66973335
0.3351575 0.45676494 0.55298036
0.40732217 0.5206311 0.619647
0.503785 0.6253924 0.7216078
0.5665301 0.6881375 0.7843529
0.57437325 0.6959806 0.79219604
0.5469612 0.6311246 0.7164471
0.62081945 0.59494716 0.5370118
0.63573706 0.5973163 0.52008635
0.6412351 0.59451574 0.52008635
0.6451567 0.5997869 0.51705885
0.6451567 0.5997869 0.51705885
0.633392 0.5880222 0.5052942
0.64673305 0.59441435 0.5061882
0.6506546 0.5983359 0.5101098
0.65849775 0.60752857 0.5110039
0.64673305 0.59576386 0.4992392
0.6506546 0.59968543 0.5031608
0.6506546 0.59968543 0.5031608
0.6624193 0.61145014 0.5149255
0.6663409 0.6153717 0.51884705
0.674184 0.62321484 0.5266902
0.6781056 0.6271364 0.53061175
0.6781056 0.6271364 0.53061175
0.6781056 0.6271364 0.53061175
0.6898703 0.6389011 0.54237646
0.6781056 0.6271364 0.53061175
0.6898703 0.6389011 0.54237646
0.68829393 0.6456232 0.546298
0.6804508 0.6377801 0.5384549
0.6922155 0.6495448 0.5502196
0.68829393 0.6456232 0.546298
0.6922155 0.6495448 0.5502196
0.33612135 0.30330014 0.23986664
0.14473322 0.120411724 0.10116866
0.15334505 0.14157203 0.14162351
0.17372164 0.17584652 0.18689415
0.099211834 0.10268626 0.10543527
0.09452151 0.08274848 0.08279997
0.11020778 0.09843475 0.098486245
0.12197249 0.11154901 0.103301935
0.0811804 0.07770587 0.074956834
0.6920984 0.74151665 0.799349
0.69048285 0.78024566 0.87936467
0.4755653 0.5792261 0.6893412
0.03873375 0.113249004 0.20967062
0.06703149 0.08730434 0.13144317
0.07410587 0.08317991 0.09972552
0.10705497 0.10917984 0.12022748
0.1337372 0.120614626 0.12896468
0.5533451 0.54022247 0.54857254
0.31020778 0.29708523 0.30543527
0.120396085 0.114222445 0.12807062
0.10390201 0.11857547 0.14891762
0.39405912 0.44482702 0.49436074
0.8623022 0.9088202 0.93625885
0.8505375 0.8970555 0.92449415
0.7760277 0.8225457 0.84998435
0.3768354 0.40250644 0.41345102
0.16118819 0.1507647 0.14251763
0.42785484 0.42013043 0.39528632
0.30001956 0.282647 0.268902
0.12981562 0.12074168 0.10419611
0.13689008 0.115267694 0.07942742
0.45219198 0.4236206 0.38228238
0.14081165 0.11649014 0.097247094
0.14315681 0.12578426 0.11203925
0.12747054 0.10874845 0.103301935
0.13923524 0.120513156 0.11506665
0.14550191 0.13507843 0.12683135
0.16745491 0.16263084 0.16818036
0.8756824 0.87780726 0.8888549
0.88902354 0.885549 0.8828
0.91255295 0.90772885 0.9132784
0.9047098 0.9012353 0.89848626
0.8968667 0.89339215 0.8906431
0.8749137 0.86314064 0.86319214
0.42943132 0.41205877 0.39831376
0.15492152 0.13754897 0.12380396
0.13531367 0.11794112 0.10419611
0.13842753 0.14460105 0.13075292
0.24115694 0.26392767 0.24447842
0.36353335 0.36680657 0.3225647
0.5534231 0.48430604 0.3546902
0.6640348 0.5740707 0.42796084
0.6891406 0.5922276 0.4406196
0.6891406 0.59357715 0.43367058
0.6891406 0.59357715 0.43367058
0.69698375 0.6014203 0.44151372
0.7048269 0.6092634 0.44935685
0.71267 0.61710656 0.4572
0.7048269 0.6106129 0.4424079
0.69856024 0.5960477 0.4306432
0.6907171 0.58820456 0.42280006
0.6671877 0.56467515 0.39927065
0.68679553 0.584283 0.4188785
0.68679553 0.584283 0.4188785
0.68679553 0.584283 0.4188785
0.6789524 0.57643986 0.41103536
0.6789524 0.57643986 0.41103536
0.6750308 0.5725183 0.4071138
0.6671877 0.56467515 0.39927065
0.64757985 0.5450673 0.3796628
0.655423 0.55291045 0.38750595
0.6515014 0.5489889 0.38358438
0.64757985 0.5450673 0.3796628
0.65934455 0.556832 0.39142752
0.65934455 0.556832 0.39142752
0.6671877 0.56467515 0.39927065
0.67110926 0.5685967 0.40319222
0.67110926 0.5672472 0.41014117
0.6891406 0.59357715 0.43367058
0.7048269 0.6092634 0.44935685
0.7150152 0.6277503 0.46504313
0.69540733 0.6067928 0.4523843
0.68990934 0.6095934 0.4523843
0.49852115 0.42400587 0.32758436
0.4192039 0.4323266 0.42397645
0.41136077 0.42313394 0.42308232
0.4074392 0.41921237 0.41916075
0.38783136 0.39960453 0.3995529
0.37372163 0.37719607 0.37994507
0.36195692 0.3640818 0.37512946
0.34234908 0.34447396 0.35552162
0.3266628 0.32878768 0.33983535
0.31647453 0.30895132 0.33109808
0.29059994 0.27342874 0.30667448
0.26707053 0.24989933 0.28314507
0.26707053 0.24989933 0.28314507
0.2843333 0.2575139 0.3018588
0.3431568 0.31633744 0.36068234
0.3133607 0.27689323 0.3323373
0.31101552 0.26490003 0.3314432
0.30709395 0.25962892 0.33447057
0.29767442 0.25850788 0.330549
0.3196274 0.2860603 0.37189803
0.3196274 0.2833612 0.38579613
0.35099995 0.31473374 0.41716868
0.35099995 0.3133842 0.42411762
0.3431568 0.30554107 0.4162745
0.33923525 0.30026993 0.41930193
0.30709395 0.2501821 0.38311377
0.29532924 0.23841739 0.37134907
0.30867037 0.24345998 0.3791922
0.30082723 0.23696639 0.36439997
0.2929841 0.235871 0.32181174
0.32124287 0.24868089 0.2849334
0.38714084 0.30607906 0.29814115
0.39656037 0.30854964 0.2951137
0.3439645 0.30034688 0.30330193
0.17525901 0.20383036 0.24516866
0.14150226 0.1992192 0.25425094
0.1611101 0.21882704 0.2738588
0.18932976 0.2609447 0.32697257
0.23400447 0.33611444 0.40753722
0.34457707 0.4592355 0.5499529
0.44888303 0.5704904 0.66670585
0.5194713 0.6397291 0.74424314
0.54534584 0.67390215 0.7756157
0.5649537 0.69351 0.79522353
0.41751048 0.5391179 0.6353333
0.34457707 0.45788595 0.55690193
0.4700673 0.58337617 0.6823921
0.5547654 0.67637277 0.77258825
0.5939811 0.71558845 0.81180394
0.59790266 0.7208596 0.80877644
0.59090626 0.6569217 0.70915294
0.6184743 0.58565307 0.5222196
0.6200508 0.58163005 0.5044001
0.633392 0.5866726 0.5122432
0.633392 0.5880222 0.5052942
0.63731354 0.5932933 0.50226665
0.6388899 0.5865712 0.4983451
0.6428115 0.5904928 0.50226665
0.6639958 0.604728 0.5110039
0.6545762 0.603607 0.50708234
0.6663409 0.6153717 0.51884705
0.6624193 0.61145014 0.5149255
0.65849775 0.60752857 0.5110039
0.6663409 0.6153717 0.51884705
0.6663409 0.6153717 0.51884705
0.6781056 0.6271364 0.53061175
0.6781056 0.6271364 0.53061175
0.6781056 0.6271364 0.53061175
0.6781056 0.6271364 0.53061175
0.6859487 0.63497955 0.5384549
0.69771343 0.64674425 0.5502196
0.7055566 0.6545874 0.55806273
0.7055566 0.6545874 0.55806273
0.701635 0.6506658 0.55414116
0.701635 0.6520154 0.5471922
0.69771343 0.6480938 0.54327065
0.69771343 0.6480938 0.54327065
0.6898703 0.6402507 0.5354275
0.3980978 0.352728 0.27000004
0.1721842 0.1478627 0.12861964
0.15803537 0.1615098 0.1642588
0.15176864 0.14694457 0.15249409
0.09294511 0.08947057 0.08672154
0.12981562 0.11939215 0.11114507
0.18863916 0.17821568 0.1699686
0.12981562 0.11939215 0.11114507
0.12666282 0.1287877 0.13983533
0.65995705 0.696827 0.73536474
0.7155887 0.8011016 0.8781255
0.63085157 0.7414614 0.8570745
0.48417714 0.6003863 0.72979605
0.15634176 0.265602 0.38951373
0.04738461 0.10105291 0.18098035
0.08821574 0.10019009 0.14712945
0.1031334 0.10255919 0.13020389
0.37606665 0.3824416 0.4155843
0.24665491 0.25302985 0.28617254
0.1023256 0.12394801 0.15978827
0.57994926 0.6237682 0.6678039
0.7839098 0.79838204 0.78173333
0.74550194 0.73777753 0.71293336
0.68902355 0.6868986 0.675851
0.3839098 0.3970325 0.38868234
0.14784707 0.14572209 0.13467449
0.38629407 0.37027106 0.3482275
0.21766661 0.20164362 0.17960003
0.13923524 0.12321225 0.10116866
0.14081165 0.11918926 0.08334899
0.44434884 0.41577747 0.37443924
0.14473322 0.120411724 0.10116866
0.14081165 0.11514059 0.10419611
0.13531367 0.11794112 0.10419611
0.13923524 0.121862695 0.108117685
0.15099995 0.13227786 0.12683135
0.16668622 0.14796413 0.14251763
0.8882549 0.86953276 0.8640863
0.86707056 0.8579966 0.84145105
0.90078825 0.8986633 0.8876157
0.89452153 0.88409805 0.875851
0.8827568 0.87368286 0.8571373
0.85296077 0.8369377 0.81489414
0.5368901 0.5125686 0.49332556
0.1604195 0.136098 0.116854936
0.1313921 0.115369104 0.093325526
0.13765877 0.12993437 0.10509023
0.26314896 0.25542456 0.23058043
0.38394892 0.36772472 0.29869017
0.6663799 0.5833649 0.44275302
0.69698375 0.6000707 0.44846272
0.7009053 0.60534185 0.4454353
0.72443473 0.62887126 0.4689647
0.7009053 0.60534185 0.4454353
0.69698375 0.6014203 0.44151372
0.71267 0.61710656 0.4572
0.7165916 0.62237763 0.4541726
0.7165916 0.6210281 0.46112156
0.69698375 0.6027698 0.43456477
0.69463867 0.59212613 0.42672163
0.68679553 0.584283 0.4188785
0.68679553 0.584283 0.4188785
0.68679553 0.584283 0.4188785
0.68679553 0.584283 0.4188785
0.68679553 0.584283 0.4188785
0.68287396 0.5803614 0.41495693
0.6750308 0.57386786 0.40016478
0.6750308 0.57386786 0.40016478
0.67110926 0.5685967 0.40319222
0.67110926 0.5685967 0.40319222
0.6671877 0.56467515 0.39927065
0.64757985 0.5450673 0.3796628
0.64757985 0.5450673 0.3796628
0.6515014 0.5489889 0.38358438
0.65934455 0.556832 0.39142752
0.6515014 0.5489889 0.38358438
0.65934455 0.556832 0.39142752
0.6695328 0.5739693 0.41406274
0.68521905 0.5896556 0.429749
0.6875642 0.60029924 0.43759215
0.70325047 0.6159855 0.45327842
0.71343875 0.6331228 0.4759137
0.53773683 0.46457112 0.359851
0.2694157 0.26459163 0.27014115
0.27883524 0.26571268 0.27406272
0.28667837 0.27355582 0.28190586
0.28667837 0.27355582 0.28190586
0.2811804 0.27500677 0.28885496
0.28667837 0.27220625 0.28885496
0.28667837 0.27220625 0.28885496
0.27883524 0.26301354 0.28796083
0.28983128 0.2547134 0.3018588
0.26630184 0.22983441 0.28527847
0.26238027 0.22456329 0.2883059
0.2639567 0.21784118 0.28438434
0.2772978 0.22153427 0.29917645
0.3118233 0.23676348 0.3366039
0.31574488 0.23933548 0.34747455
0.30790174 0.2301428 0.34658045
0.31574488 0.23798594 0.35442358
0.31574488 0.2366364 0.36137253
0.3494625 0.27730307 0.40753722
0.34788606 0.28267568 0.4184079
0.3737606 0.31684875 0.44978043
0.36826265 0.31964928 0.44978043
0.36668622 0.32637137 0.453702
0.35334504 0.3213288 0.44585887
0.32278022 0.2645188 0.40574905
0.3165135 0.24860401 0.40093333
0.3165135 0.24860401 0.40093333
0.3165135 0.24995355 0.39398435
0.30632526 0.23821448 0.34355298
0.33066246 0.24980189 0.28885496
0.38479567 0.29678494 0.283349
0.3926388 0.3032785 0.29814115
0.34004292 0.29507577 0.3063294
0.17918058 0.20775193 0.24909022
0.15484343 0.20561132 0.25514507
0.1595337 0.22554913 0.27778035
0.19559652 0.27550995 0.3387373
0.24811433 0.35717326 0.43409416
0.36653006 0.489487 0.5774039
0.47241244 0.59401983 0.69023526
0.54534584 0.67390215 0.7756157
0.5845615 0.71311784 0.8148314
0.5649537 0.69351 0.79522353
0.29359668 0.40690556 0.50592154
0.36418492 0.4774938 0.5765098
0.5014398 0.6147487 0.71376467
0.5665301 0.6881375 0.7843529
0.59790266 0.71951 0.81572545
0.60732216 0.72198063 0.812698
0.62781584 0.6534869 0.66443145
0.62631744 0.5934962 0.53006274
0.6435802 0.60515946 0.5279295
0.64907825 0.60370845 0.5209805
0.6451567 0.5997869 0.51705885
0.6428115 0.5904928 0.50226665
0.6310468 0.5787281 0.49050197
0.6310468 0.5800776 0.48355293
0.6428115 0.5918423 0.49531764
0.6522311 0.5929633 0.4992392
0.6639958 0.604728 0.5110039
0.6506546 0.59968543 0.5031608
0.65849775 0.60752857 0.5110039
0.6624193 0.61145014 0.5149255
0.6624193 0.61145014 0.5149255
0.6663409 0.6153717 0.51884705
0.6624193 0.61145014 0.5149255
0.65849775 0.60752857 0.5110039
0.65849775 0.60887814 0.50405496
0.6624193 0.6127997 0.50797653
0.674184 0.62321484 0.5266902
0.68202716 0.631058 0.5345333
0.6859487 0.6363291 0.53150594
0.6859487 0.6363291 0.53150594
0.69379187 0.64417225 0.5393491
0.68202716 0.63240755 0.5275844
0.68202716 0.63375705 0.52063537
0.67183894 0.61661977 0.49800006
0.6569603 0.58224386 0.43883145
0.48598778 0.40297267 0.2623608
0.15099995 0.13497695 0.11293337
0.18706276 0.18223868 0.1877882
0.11647452 0.11299998 0.11025095
0.11412935 0.10235632 0.10240781
0.15334505 0.14292157 0.13467449
0.17687446 0.16645098 0.1582039
0.16118819 0.14941517 0.14946665
0.14784707 0.143023 0.14857252
0.6113608 0.6204348 0.6369804
0.73523563 0.7860035 0.83553725
0.70224756 0.79470944 0.8772314
0.6237772 0.74963444 0.86794513
0.55787915 0.6976345 0.82694125
0.43238896 0.5721443 0.70145106
0.19240466 0.31691238 0.44352156
0.0458082 0.10372634 0.20574905
0.15799625 0.18946803 0.26120004
0.19329037 0.2261117 0.28954506
0.70859236 0.73986286 0.7646039
0.70709395 0.68122166 0.6232863
0.690639 0.6508688 0.58193725
0.66161156 0.62744075 0.5723059
0.41216856 0.40309462 0.38654906
0.18079603 0.17172208 0.1551765
0.16668622 0.14931367 0.13556866
0.18787047 0.16354898 0.14430591
0.15649793 0.13217643 0.11293337
0.14865479 0.12568285 0.098141156
0.15649793 0.13217643 0.11293337
0.14865479 0.12433329 0.10509023
0.14081165 0.11649014 0.097247094
0.14473322 0.11906217 0.108117685
0.14865479 0.12298374 0.11203925
0.15257636 0.12825486 0.1090118
0.15649793 0.13352598 0.10598429
0.87964296 0.849722 0.81668234
0.846694 0.82372206 0.79618037
0.896098 0.880075 0.8580314
0.8819881 0.8576666 0.83842355
0.8702234 0.848601 0.8127608
0.83808213 0.8039113 0.7487765
0.7533841 0.71091473 0.6585804
0.14630963 0.117738254 0.076400034
0.12120381 0.0968823 0.07763925
0.12354897 0.10752597 0.08548239
0.22158818 0.20826429 0.1696235
0.39340755 0.3354893 0.23346671
0.6263955 0.53083205 0.3709255
0.64992493 0.55436146 0.3944549
0.6695328 0.5739693 0.41406274
0.6577681 0.5622046 0.40229803
0.6773759 0.58181244 0.42190588
0.66168964 0.5674757 0.39927065
0.67345434 0.5792404 0.41103536
0.6695328 0.5753188 0.4071138
0.6930622 0.5988482 0.4306432
0.7024818 0.59996927 0.43456477
0.6907171 0.58820456 0.42280006
0.69463867 0.59212613 0.42672163
0.6907171 0.58820456 0.42280006
0.69463867 0.59212613 0.42672163
0.69463867 0.59212613 0.42672163
0.7064034 0.60389084 0.43848634
0.7142465 0.61308354 0.43938047
0.7009053 0.6080409 0.43153733
0.69856024 0.5960477 0.4306432
0.69698375 0.6027698 0.43456477
0.6930622 0.5988482 0.4306432
0.6930622 0.5988482 0.4306432
0.6891406 0.59492666 0.42672163
0.6812975 0.5870835 0.4188785
0.6930622 0.5988482 0.4306432
0.7009053 0.60669136 0.43848634
0.6891406 0.59492666 0.42672163
0.6812975 0.5870835 0.4188785
0.68521905 0.5896556 0.429749
0.69540733 0.6081424 0.4454353
0.6993289 0.612064 0.44935685
0.69148576 0.6028713 0.44846272
0.6859878 0.6056718 0.44846272
0.58087415 0.50905794 0.39603928
0.27649015 0.255069 0.2662196
0.296098 0.27467683 0.28582743
0.30236465 0.2892421 0.29759213
0.32589406 0.3127715 0.32112154
0.34942347 0.3363009 0.34465095
0.3572666 0.34414405 0.3524941
0.36510974 0.35198718 0.36033723
0.3706078 0.3464875 0.37423533
0.3619959 0.31857952 0.36852548
0.32985467 0.26579252 0.34623528
0.3118233 0.23676348 0.3366039
0.30790174 0.23149234 0.3396314
0.3173213 0.23126385 0.350502
0.3440036 0.23999949 0.37313724
0.3385056 0.24145044 0.38008624
0.33066246 0.2336073 0.3722431
0.33300757 0.24290147 0.38703534
0.33692914 0.24682304 0.3909569
0.39025468 0.3084471 0.44978043
0.3886782 0.31516922 0.453702
0.39494488 0.3297345 0.4654667
0.3706078 0.33029294 0.45762357
0.36510974 0.3330935 0.45762357
0.36118817 0.32917193 0.453702
0.35649794 0.306535 0.44496474
0.3282782 0.26036873 0.41269803
0.33219978 0.2642903 0.4166196
0.30867037 0.24211042 0.3861412
0.30632526 0.23821448 0.34355298
0.3267409 0.24453075 0.2918824
0.3808741 0.2915138 0.28637645
0.3926388 0.3032785 0.29814115
0.3439645 0.29899734 0.31025097
0.17918058 0.20775193 0.24909022
0.15484343 0.20561132 0.25514507
0.16345526 0.2294707 0.28170192
0.1979416 0.2848041 0.3535294
0.26380062 0.37150997 0.45672944
0.39005947 0.5130164 0.6009333
0.49202028 0.6136277 0.70984316
0.5649537 0.69485956 0.7882745
0.60809094 0.7379968 0.8314117
0.5053614 0.6186703 0.7176863
0.26222414 0.37688255 0.4676
0.3798712 0.4945296 0.58524704
0.5171261 0.630435 0.72945094
0.5665301 0.6881375 0.7843529
0.59790266 0.71951 0.81572545
0.6128202 0.7191801 0.812698
0.635698 0.6293232 0.5961804
0.63965863 0.5998884 0.53095686
0.63573706 0.5973163 0.52008635
0.63731354 0.59194374 0.5092157
0.633392 0.5880222 0.5052942
0.6388899 0.5865712 0.4983451
0.6310468 0.5787281 0.49050197
0.6428115 0.5918423 0.49531764
0.6404664 0.5811986 0.4874745
0.6428115 0.5918423 0.49531764
0.6522311 0.5929633 0.4992392
0.6506546 0.59968543 0.5031608
0.65849775 0.60752857 0.5110039
0.6506546 0.59968543 0.5031608
0.65849775 0.60752857 0.5110039
0.6624193 0.61145014 0.5149255
0.6624193 0.61145014 0.5149255
0.6663409 0.6153717 0.51884705
0.6624193 0.61145014 0.5149255
0.67026246 0.62064284 0.51581967
0.674184 0.62321484 0.5266902
0.68202716 0.631058 0.5345333
0.6859487 0.63497955 0.5384549
0.6859487 0.6363291 0.53150594
0.6875252 0.62960696 0.5275844
0.69536835 0.6387996 0.5284785
0.6914468 0.63487804 0.52455693
0.68518007 0.6216624 0.50584316
0.66795635 0.5793419 0.4249333
0.6154386 0.50307673 0.30178046
0.58014446 0.466433 0.27343535
0.2263174 0.19079708 0.14396082
0.17610577 0.15178427 0.13254121
0.12981562 0.11939215 0.11114507
0.1337372 0.12196418 0.12201566
0.14550191 0.13372889 0.13378038
0.12981562 0.118042596 0.11809409
0.1337372 0.12196418 0.12201566
0.14158034 0.12980732 0.1298588
0.31020778 0.29843476 0.29848626
0.71724313 0.72631717 0.7428628
0.7391572 0.78992504 0.8394588
0.698326 0.7907879 0.87330985
0.65830255 0.7702619 0.8775765
0.61985564 0.7443633 0.8709725
0.5712203 0.70267713 0.8347844
0.40259284 0.5340497 0.6661569
0.14303963 0.22450396 0.3264235
0.7148981 0.72107166 0.70722353
0.7024037 0.6626335 0.59370196
0.6694547 0.637983 0.566251
0.63965863 0.5998884 0.53095686
0.5721842 0.5492123 0.5216706
0.1823725 0.16499995 0.15125494
0.12747054 0.111447535 0.08940396
0.14081165 0.11649014 0.097247094
0.16434106 0.14001957 0.120776504
0.15257636 0.12960441 0.102062725
0.15649793 0.13217643 0.11293337
0.14865479 0.12433329 0.10509023
0.14081165 0.11649014 0.097247094
0.14473322 0.120411724 0.10116866
0.14865479 0.12433329 0.10509023
0.16983904 0.13991815 0.10687841
0.43965858 0.39853877 0.33790585
0.863188 0.8220682 0.7614353
0.86161155 0.8260912 0.7792549
0.8717998 0.84457797 0.7949412
0.86161155 0.82744074 0.7723059
0.8553449 0.8142251 0.75359213
0.8114389 0.7591202 0.6708941
0.767533 0.70131624 0.6020942
0.48202717 0.42565978 0.3623294
0.13062336 0.0993529 0.07461174
0.12904695 0.106075004 0.07853331
0.25768995 0.22486874 0.16143528
0.56441915 0.4827536 0.33384317
0.68521905 0.5896556 0.429749
0.7009053 0.60534185 0.4454353
0.7165916 0.6210281 0.46112156
0.71267 0.61710656 0.4572
0.7048269 0.6092634 0.44935685
0.6891406 0.59492666 0.42672163
0.71267 0.61845607 0.45025104
0.6930622 0.5988482 0.4306432
0.6930622 0.5988482 0.4306432
0.69698375 0.6027698 0.43456477
0.68287396 0.5803614 0.41495693
0.6671877 0.56467515 0.39927065
0.6515014 0.55033845 0.37663537
0.6436583 0.5424953 0.36879224
0.6671877 0.5660247 0.39232165
0.65934455 0.5581816 0.3844785
0.6515014 0.55033845 0.37663537
0.6515014 0.55033845 0.37663537
0.65934455 0.5581816 0.3844785
0.6632661 0.56210315 0.38840008
0.6773759 0.5845115 0.40800792
0.66168964 0.5674757 0.39927065
0.6930622 0.5988482 0.4306432
0.6812975 0.5870835 0.4188785
0.6930622 0.5988482 0.4306432
0.6907171 0.58820456 0.42280006
0.69698375 0.6027698 0.43456477
0.7009053 0.60669136 0.43848634
0.7150152 0.6277503 0.46504313
0.73070145 0.64343655 0.4807294
0.73070145 0.642087 0.4876784
0.7228583 0.63424385 0.47983527
0.73696816 0.6566522 0.4994431
0.6295093 0.55074424 0.43222743
0.3823725 0.36230087 0.36515293
0.41374505 0.39367342 0.39652547
0.44119602 0.42247394 0.4170274
0.4553058 0.4435328 0.4435843
0.4827568 0.47098377 0.47103527
0.49844307 0.48667005 0.48672155
0.49059993 0.47747737 0.48582742
0.47649014 0.45506898 0.46621957
0.424741 0.38132462 0.43127057
0.38083506 0.3167729 0.39721566
0.34477228 0.26006436 0.37100396
0.33458403 0.24022798 0.36226672
0.34242716 0.24807112 0.37010986
0.35184672 0.24784262 0.38098037
0.34242716 0.24672158 0.3770588
0.3385056 0.24145044 0.38008624
0.33692914 0.24817258 0.3840078
0.3392743 0.2574667 0.39880005
0.38241154 0.30060396 0.4419373
0.39259976 0.31909078 0.45762357
0.4012116 0.34429973 0.4772314
0.3588431 0.31852823 0.44585887
0.3337372 0.30172095 0.42625102
0.32823923 0.30452147 0.42625102
0.33923525 0.29757082 0.43320003
0.3368901 0.28692716 0.4253569
0.33454493 0.2762835 0.41751376
0.31493708 0.25667566 0.39790592
0.3047488 0.2449366 0.34747455
0.33066246 0.24980189 0.28885496
0.38479567 0.29543537 0.290298
0.3926388 0.30462807 0.29119214
0.34554094 0.2922752 0.3063294
0.18310215 0.2116735 0.2530118
0.158765 0.20953289 0.25906664
0.1712984 0.23731384 0.28954506
0.20578474 0.2912977 0.36832154
0.292828 0.39223886 0.48025885
0.4190869 0.53374535 0.6244627
0.5155497 0.6371571 0.73337257
0.58613795 0.7077453 0.8039608
0.60966736 0.7312747 0.8274902
0.35634178 0.46965066 0.56866664
0.26380062 0.37016043 0.46367842
0.39713395 0.5034938 0.59701174
0.5171261 0.630435 0.72945094
0.5759496 0.6892585 0.7882745
0.5939811 0.71558845 0.81180394
0.61047506 0.70988595 0.7979059
0.62081945 0.5922481 0.5509099
0.63965863 0.5998884 0.53095686
0.63573706 0.5973163 0.52008635
0.63731354 0.59194374 0.5092157
0.6451567 0.5997869 0.51705885
0.6412351 0.5972149 0.5061882
0.6388899 0.5865712 0.4983451
0.6428115 0.5904928 0.50226665
0.6310468 0.5800776 0.48355293
0.6388899 0.5879207 0.49139607
0.6506546 0.59968543 0.5031608
0.6428115 0.5918423 0.49531764
0.6506546 0.59968543 0.5031608
0.6545762 0.603607 0.50708234
0.65849775 0.60617906 0.5179529
0.6663409 0.6153717 0.51884705
0.65849775 0.60752857 0.5110039
0.6663409 0.6153717 0.51884705
0.6663409 0.6153717 0.51884705
0.67026246 0.6192933 0.5227686
0.68202716 0.631058 0.5345333
0.6781056 0.6271364 0.53061175
0.69379187 0.64417225 0.5393491
0.68202716 0.63240755 0.5275844
0.68360364 0.6270349 0.5167138
0.6796821 0.62311333 0.5127922
0.67341536 0.6085481 0.5010275
0.6812585 0.6177408 0.50192165
0.6405054 0.5532404 0.39053333
0.61309344 0.49378258 0.28698832
0.5715326 0.44662228 0.22603136
0.58564246 0.46768117 0.2525882
0.27891332 0.20709714 0.09407847
0.16826263 0.14529069 0.117749
0.1337372 0.12331372 0.11506665
0.13765877 0.12588575 0.12593724
0.13765877 0.12588575 0.12593724
0.15726662 0.1454936 0.14554508
0.1313921 0.11267002 0.1072235
0.19021563 0.17284308 0.15909807
0.15492152 0.13754897 0.12380396
0.4945215 0.48409802 0.47585094
0.7211647 0.73158824 0.7398353
0.7375807 0.7952976 0.8503294
0.7100907 0.8025526 0.88507456
0.6912516 0.7976115 0.8911294
0.6528046 0.7717129 0.8845255
0.6034006 0.7153599 0.8226745
0.65134525 0.67566675 0.6949098
0.47179982 0.44187894 0.4088392
0.26003513 0.23011422 0.19707447
0.1721842 0.14921226 0.12167057
0.14315681 0.12713382 0.10509023
0.12354897 0.10752597 0.08548239
0.12354897 0.10752597 0.08548239
0.14473322 0.12176128 0.09421959
0.16591747 0.13464701 0.10990586
0.1619959 0.13072544 0.10598429
0.16591747 0.13464701 0.10990586
0.1502312 0.11761119 0.10116866
0.15415277 0.12153276 0.10509023
0.15807433 0.12680387 0.102062725
0.16591747 0.13464701 0.10990586
0.19809781 0.14867939 0.09084704
0.79575264 0.74343395 0.6552078
0.8412351 0.7958653 0.71313727
0.87260765 0.82453877 0.75840783
0.86084294 0.8141236 0.7396942
0.8529998 0.80628043 0.73185104
0.8388899 0.78522164 0.70529413
0.7855644 0.7289957 0.6186746
0.77695256 0.70513636 0.59211767
0.622435 0.55486864 0.4639451
0.13219976 0.09398036 0.06374115
0.14396447 0.10844414 0.061607875
0.32047418 0.25560698 0.14808632
0.6695328 0.5739693 0.41406274
0.6891406 0.59357715 0.43367058
0.7048269 0.6106129 0.4424079
0.6930622 0.5988482 0.4306432
0.7048269 0.6092634 0.44935685
0.71267 0.61710656 0.4572
0.7009053 0.60669136 0.43848634
0.69698375 0.6027698 0.43456477
0.71267 0.61845607 0.45025104
0.70874846 0.6145345 0.44632947
0.7048269 0.6106129 0.4424079
0.68521905 0.5910051 0.42280006
0.69698375 0.6027698 0.43456477
0.67345434 0.5792404 0.41103536
0.6907171 0.58820456 0.42280006
0.69856024 0.59739727 0.4236942
0.69463867 0.5934757 0.41977262
0.7009053 0.6080409 0.43153733
0.7048269 0.6119625 0.4354589
0.7009053 0.6080409 0.43153733
0.6907171 0.58955413 0.41585106
0.6907171 0.58955413 0.41585106
0.7009053 0.6080409 0.43153733
0.69698375 0.6027698 0.43456477
0.68521905 0.5910051 0.42280006
0.7048269 0.6106129 0.4424079
0.6773759 0.58316195 0.41495693
0.6656112 0.5727468 0.3962432
0.6420818 0.54786783 0.3796628
0.65619165 0.5689267 0.4062196
0.69540733 0.6081424 0.4454353
0.6640348 0.57542026 0.42101175
0.66795635 0.5793419 0.4249333
0.6640348 0.57542026 0.42101175
0.6569603 0.5781952 0.4596784
0.4921764 0.47480386 0.46105886
0.52197254 0.51154906 0.503302
0.5415804 0.5311569 0.5229098
0.5596118 0.55748683 0.54643923
0.56353337 0.5614084 0.5503608
0.56353337 0.56005883 0.5573098
0.55726665 0.5454936 0.5455451
0.5353137 0.5138925 0.52504313
0.474145 0.44037667 0.4792235
0.4004429 0.33638075 0.4168235
0.34869385 0.26398593 0.37492552
0.35811344 0.2637574 0.38579613
0.35811344 0.2637574 0.38579613
0.35184672 0.24784262 0.38098037
0.35184672 0.24784262 0.38098037
0.3502703 0.25456473 0.38490194
0.33535272 0.25489467 0.38792938
0.3612272 0.28906778 0.41930193
0.43416056 0.3689502 0.50468236
0.36983904 0.31427673 0.43890977
0.40747833 0.3602145 0.48204702
0.37295288 0.34228617 0.4585176
0.37529805 0.3542794 0.45941174
0.37372163 0.3610015 0.4633333
0.37529805 0.3542794 0.45941174
0.37529805 0.35562894 0.4524628
0.35176864 0.33075 0.43588233
0.31020778 0.28224018 0.38187456
0.2859097 0.24539363 0.3257333
0.31339973 0.24218732 0.27014115
0.38479567 0.29543537 0.290298
0.38871723 0.3007065 0.28727058
0.3439645 0.30034688 0.30330193
0.18467855 0.20495139 0.24909022
0.158765 0.20953289 0.25906664
0.17756505 0.25052956 0.30825886
0.21362787 0.3004904 0.36921567
0.29909474 0.40680408 0.49202356
0.43869475 0.5533532 0.64407057
0.531236 0.65284336 0.74905884
0.5939811 0.71558845 0.81180394
0.57437325 0.6959806 0.79219604
0.24811433 0.35447416 0.44799215
0.2810633 0.38047415 0.46849415
0.4010555 0.50741535 0.6009333
0.5171261 0.63178456 0.72250193
0.57202804 0.6866865 0.7774039
0.59555745 0.70886636 0.8078823
0.6097063 0.6965688 0.7652941
0.6051332 0.5779113 0.52827454
0.6177057 0.57098633 0.49655694
0.6177057 0.57098633 0.49655694
0.61378413 0.56841433 0.48568633
0.6216273 0.57625747 0.49352947
0.6388899 0.58522165 0.5052942
0.63496834 0.58264965 0.49442354
0.6388899 0.5865712 0.4983451
0.6428115 0.5904928 0.50226665
0.6506546 0.5983359 0.5101098
0.6545762 0.603607 0.50708234
0.6506546 0.5983359 0.5101098
0.65849775 0.60617906 0.5179529
0.6545762 0.6022575 0.51403135
0.65849775 0.60617906 0.5179529
0.6663409 0.6140222 0.52579606
0.6663409 0.6153717 0.51884705
0.65849775 0.60752857 0.5110039
0.6624193 0.61145014 0.5149255
0.6624193 0.61145014 0.5149255
0.67026246 0.6192933 0.5227686
0.6781056 0.6271364 0.53061175
0.674184 0.62321484 0.5266902
0.69536835 0.6374501 0.5354275
0.6914468 0.63352853 0.53150594
0.6875252 0.62960696 0.5275844
0.67733693 0.6124697 0.5049491
0.6694938 0.6073257 0.48320782
0.6695328 0.5753188 0.4071138
0.617015 0.49770415 0.2909099
0.595062 0.47150126 0.24261181
0.595062 0.47150126 0.24261181
0.5872189 0.46230856 0.24171764
0.5252425 0.41153106 0.21853338
0.16672526 0.11730684 0.05947449
0.1721842 0.1478627 0.12861964
0.14707838 0.12970583 0.11596082
0.17452936 0.15715681 0.1434118
0.13531367 0.11794112 0.10419611
0.19571361 0.17139211 0.15214905
0.22316459 0.19884309 0.17960003
0.2584587 0.23548676 0.20794508
0.26238027 0.23805878 0.21881571
0.5062862 0.49586272 0.48761564
0.731353 0.7487256 0.7624706
0.74465513 0.7884741 0.83250976
0.74227095 0.8138859 0.87991375
0.7328514 0.8100658 0.8898902
0.7210867 0.7996506 0.8711765
0.62547064 0.6414937 0.66353726
0.13923524 0.121862695 0.108117685
0.12747054 0.11009798 0.09635297
0.1196274 0.1036044 0.08156082
0.1196274 0.1036044 0.08156082
0.12904695 0.104725435 0.08548239
0.19102329 0.15415342 0.115615726
0.20436448 0.159196 0.12345886
0.19886643 0.16064702 0.13040781
0.15807433 0.12680387 0.102062725
0.15807433 0.12680387 0.102062725
0.17141545 0.13319604 0.10295684
0.16749388 0.12927447 0.09903527
0.19809781 0.14732982 0.09779611
0.50713307 0.44786525 0.35414115
0.8404664 0.7825481 0.68052554
0.83104676 0.78142715 0.676604
0.8506546 0.7996854 0.70316076
0.84673303 0.7971134 0.69229025
0.8404664 0.7825481 0.68052554
0.8130154 0.75644666 0.64612556
0.78714085 0.7222736 0.614753
0.7612663 0.6894501 0.5764314
0.6240114 0.5494961 0.45307457
0.14319585 0.09107831 0.04984317
0.19340757 0.13144065 0.054313764
0.5064033 0.4052404 0.2315373
0.6671877 0.5660247 0.39232165
0.69698375 0.6027698 0.43456477
0.7009053 0.60669136 0.43848634
0.70874846 0.6145345 0.44632947
0.71267 0.61710656 0.4572
0.70717204 0.61990714 0.4572
0.72443473 0.6302208 0.46201575
0.72051316 0.6262992 0.45809418
0.70874846 0.6145345 0.44632947
0.72051316 0.6262992 0.45809418
0.71267 0.61710656 0.4572
0.70874846 0.613185 0.45327842
0.7048269 0.6106129 0.4424079
0.71267 0.61845607 0.45025104
0.69698375 0.6027698 0.43456477
0.7048269 0.6106129 0.4424079
0.7048269 0.6106129 0.4424079
0.70874846 0.6145345 0.44632947
0.71267 0.61980563 0.44330204
0.7009053 0.6080409 0.43153733
0.69463867 0.5934757 0.41977262
0.69698375 0.60411936 0.42761576
0.7009053 0.6080409 0.43153733
0.68521905 0.5910051 0.42280006
0.6773759 0.58316195 0.41495693
0.6930622 0.5988482 0.4306432
0.6891406 0.59492666 0.42672163
0.67345434 0.5792404 0.41103536
0.6773759 0.58316195 0.41495693
0.70325047 0.6159855 0.45327842
0.72520345 0.6462371 0.4807294
0.729125 0.6488091 0.49159998
0.729125 0.6488091 0.49159998
0.71343875 0.6331228 0.4759137
0.6977525 0.6120384 0.48802352
0.5376588 0.52858484 0.5120393
0.5611882 0.55211425 0.5355687
0.5729529 0.56387895 0.54733336
0.58471763 0.57564366 0.5590981
0.5870628 0.5849378 0.5738902
0.5988275 0.5967025 0.5856549
0.5651098 0.5546863 0.54643923
0.5258941 0.51412106 0.51417255
0.47806656 0.44564775 0.4761961
0.39652133 0.33515826 0.39900395
0.362035 0.27037808 0.3758196
0.34634873 0.2546918 0.36013332
0.3502703 0.25861338 0.3640549
0.35968986 0.25838485 0.37492552
0.35653698 0.27182907 0.38276866
0.35496056 0.27855116 0.38669023
0.3557292 0.295917 0.39845493
0.38552532 0.3353612 0.42679998
0.39805877 0.36449167 0.4503294
0.41059217 0.39362216 0.4738588
0.45999613 0.45402372 0.5148627
0.4584196 0.4607459 0.5187843
0.4686079 0.4792327 0.53447056
0.46703148 0.48730433 0.5314432
0.47721982 0.50714076 0.54018044
0.49056092 0.51218337 0.5480236
0.4513452 0.4729676 0.5088079
0.3329294 0.3379548 0.3793961
0.2568823 0.23006292 0.2744078
0.29221547 0.23065111 0.24750587
0.38479567 0.29678494 0.283349
0.38871723 0.3007065 0.28727058
0.34554094 0.29497427 0.2924314
0.18310215 0.2116735 0.2530118
0.15718853 0.21490547 0.26993722
0.17756505 0.25052956 0.30825886
0.22539258 0.31090555 0.38792938
0.32496923 0.4409772 0.52339613
0.46222416 0.5768826 0.6676
0.54692227 0.6685296 0.7647451
0.6018242 0.7234316 0.8196471
0.5014398 0.6147487 0.71376467
0.22223976 0.32165062 0.40967062
0.27714172 0.37655258 0.46457258
0.40889865 0.516608 0.6018275
0.52262414 0.62898403 0.72250193
0.5681065 0.68276495 0.7734823
0.59555745 0.7102159 0.8009333
0.6371964 0.69066334 0.72360003
0.61063117 0.57646036 0.5213255
0.6161292 0.5777085 0.5004785
0.60986257 0.5631432 0.4887138
0.60986257 0.56449276 0.48176476
0.6177057 0.5723359 0.4896079
0.6310468 0.5773785 0.49745104
0.61143893 0.55777067 0.4778432
0.61143893 0.55912024 0.47089413
0.61143893 0.55912024 0.47089413
0.62320364 0.57088494 0.48265883
0.6271252 0.5748065 0.4865804
0.6310468 0.5787281 0.49050197
0.6506546 0.5983359 0.5101098
0.65849775 0.60617906 0.5179529
0.6781056 0.6257869 0.53756076
0.6781056 0.6257869 0.53756076
0.67260766 0.6285874 0.53756076
0.67260766 0.6285874 0.53756076
0.674184 0.62186533 0.5336392
0.674184 0.62186533 0.5336392
0.67026246 0.6192933 0.5227686
0.6781056 0.6271364 0.53061175
0.6859487 0.63497955 0.5384549
0.6859487 0.63497955 0.5384549
0.6781056 0.628486 0.5236628
0.68360364 0.6256854 0.5236628
0.6875252 0.6309565 0.52063537
0.6812585 0.6177408 0.50192165
0.67345434 0.5778909 0.4179843
0.62485814 0.5055473 0.29875302
0.6162463 0.484387 0.2582981
0.60840315 0.47654387 0.25045496
0.60056 0.47005025 0.23566279
0.58487374 0.45301446 0.22692554
0.5832973 0.458387 0.23779607
0.40521124 0.3152472 0.1691373
0.15730564 0.11348672 0.06945101
0.18160374 0.15033329 0.12559214
0.15415277 0.122882314 0.098141156
0.20121159 0.16994113 0.14519998
0.18160374 0.14898375 0.13254121
0.19336845 0.16209799 0.13735685
0.18552531 0.15425485 0.12951371
0.17768218 0.14506218 0.12861964
0.17060779 0.15323524 0.13949023
0.29844308 0.2880196 0.27977252
0.66549414 0.6593205 0.67316866
0.7572276 0.7801996 0.80774117
0.77368253 0.8105525 0.8490902
0.7792196 0.7757451 0.77299607
0.3761058 0.35313383 0.32559213
0.14081165 0.11649014 0.097247094
0.12904695 0.104725435 0.08548239
0.12904695 0.104725435 0.08548239
0.17141545 0.13319604 0.10295684
0.21536049 0.15764357 0.10261174
0.29221547 0.24144748 0.19191377
0.18475664 0.13958816 0.10385102
0.16749388 0.13062401 0.092086315
0.18475664 0.13958816 0.10385102
0.18318015 0.14631028 0.10777259
0.20201938 0.15125139 0.10171768
0.42870167 0.36943388 0.27570978
0.8365448 0.77862656 0.676604
0.8247801 0.76821136 0.65789026
0.8365448 0.77997607 0.66965497
0.8365448 0.77862656 0.676604
0.83262324 0.7760545 0.6657334
0.82635653 0.7614893 0.6539687
0.7910624 0.7275447 0.61172557
0.78714085 0.72362316 0.60780394
0.74558 0.6737638 0.5607451
0.58087415 0.50635886 0.40993732
0.17929769 0.10903227 0.034705915
0.3385836 0.21387458 0.040274486
0.6146699 0.48841003 0.27611765
0.65699947 0.550237 0.36273724
0.69463867 0.5934757 0.41977262
0.6907171 0.58820456 0.42280006
0.7009053 0.60669136 0.43848634
0.72051316 0.6262992 0.45809418
0.7048269 0.6106129 0.4424079
0.70874846 0.6145345 0.44632947
0.70874846 0.6145345 0.44632947
0.72051316 0.6262992 0.45809418
0.71267 0.61845607 0.45025104
0.70874846 0.6145345 0.44632947
0.70874846 0.613185 0.45327842
0.7009053 0.60534185 0.4454353
0.70874846 0.6145345 0.44632947
0.6907171 0.58820456 0.42280006
0.69463867 0.59212613 0.42672163
0.6891406 0.5962762 0.41977262
0.69698375 0.6027698 0.43456477
0.6930622 0.6001978 0.4236942
0.6891406 0.5962762 0.41977262
0.6789524 0.5777894 0.40408635
0.68679553 0.58563256 0.4119295
0.68521905 0.59235466 0.41585106
0.6930622 0.5988482 0.4306432
0.6891406 0.59492666 0.42672163
0.70874846 0.6145345 0.44632947
0.7048269 0.6106129 0.4424079
0.69698375 0.6027698 0.43456477
0.7009053 0.60669136 0.43848634
0.7150152 0.6277503 0.46504313
0.73696816 0.6580018 0.4924941
0.7408897 0.6605738 0.5033647
0.7330466 0.65273064 0.49552155
0.72520345 0.6448875 0.4876784
0.72520345 0.63948935 0.5154745
0.54315686 0.52578425 0.5120393
0.5533451 0.5442711 0.5277256
0.5651098 0.5560358 0.5394902
0.5768745 0.5678005 0.551255
0.5729529 0.56387895 0.54733336
0.5768745 0.5678005 0.551255
0.54550195 0.53507847 0.5268314
0.5157059 0.49563423 0.49848628
0.46395668 0.42458895 0.44963926
0.40436447 0.34570053 0.392949
0.36045855 0.28384793 0.34499606
0.34869385 0.27073365 0.34018043
0.36045855 0.28249836 0.35194513
0.3800664 0.3021062 0.37155297
0.38083506 0.319472 0.38331768
0.39336845 0.3486025 0.4068471
0.42943132 0.40261194 0.44695684
0.457651 0.4474287 0.48617253
0.48587057 0.49224553 0.5253882
0.4960589 0.5120819 0.5341255
0.53527457 0.5512976 0.5733412
0.53761977 0.56329083 0.5742353
0.55330604 0.57762754 0.5968706
0.5572276 0.5828987 0.5938432
0.54780805 0.58312714 0.5829726
0.54154134 0.5685619 0.5712079
0.48821577 0.5055883 0.51933336
0.32743144 0.34345445 0.365498
0.23412158 0.2265984 0.24874513
0.27887428 0.22695807 0.2327137
0.3808741 0.29286337 0.27942744
0.38871723 0.3007065 0.28727058
0.34004292 0.29777485 0.2924314
0.18310215 0.21302304 0.24606279
0.15718853 0.21490547 0.26993722
0.17756505 0.25052956 0.30825886
0.23165931 0.32547078 0.3996941
0.3539967 0.46170604 0.54692554
0.48967513 0.6043336 0.69505095
0.5665301 0.6881375 0.7843529
0.59790266 0.71951 0.81572545
0.38694564 0.4863565 0.5743765
0.21597303 0.30843496 0.3909569
0.292828 0.39358842 0.47330984
0.42223978 0.5216507 0.60967064
0.52262414 0.62898403 0.72250193
0.56968296 0.67604285 0.76956075
0.5892908 0.6956507 0.7891686
0.6466549 0.658428 0.65837646
0.6067096 0.57388836 0.5104549
0.6161292 0.5777085 0.5004785
0.60986257 0.56449276 0.48176476
0.60986257 0.56449276 0.48176476
0.61143893 0.55777067 0.4778432
0.61928207 0.5656138 0.48568633
0.61928207 0.5669634 0.47873726
0.6153605 0.5630418 0.4748157
0.6153605 0.5630418 0.4748157
0.62320364 0.57088494 0.48265883
0.6271252 0.5748065 0.4865804
0.6388899 0.5865712 0.4983451
0.63496834 0.58264965 0.49442354
0.6388899 0.5865712 0.4983451
0.6388899 0.5865712 0.4983451
0.64673305 0.59441435 0.5061882
0.65849775 0.60617906 0.5179529
0.65849775 0.60617906 0.5179529
0.6545762 0.6022575 0.51403135
0.6624193 0.6101006 0.5218745
0.6624193 0.6101006 0.5218745
0.6663409 0.6153717 0.51884705
0.674184 0.62321484 0.5266902
0.6859487 0.63497955 0.5384549
0.69771343 0.64674425 0.5502196
0.6992899 0.64137167 0.5393491
0.70713305 0.6492148 0.5471922
0.70086634 0.63734865 0.52152944
0.6757995 0.5885346 0.42582744
0.644466 0.5251551 0.31836087
0.6185915 0.49503067 0.26614124
0.6201679 0.48830858 0.26221967
0.6201679 0.48965815 0.25527066
0.6123247 0.48181495 0.2474275
0.6162463 0.48573652 0.25134906
0.6201679 0.48965815 0.25527066
0.62485814 0.50689685 0.29180393
0.6483485 0.559734 0.40532547
0.4012507 0.3419829 0.2482588
0.15888213 0.110813245 0.044682324
0.15338407 0.11091471 0.058580425
0.1745684 0.12380041 0.0742667
0.19025467 0.13948669 0.089952976
0.15888213 0.10946369 0.051631346
0.25849774 0.2034799 0.13185102
0.1651488 0.12132986 0.077294156
0.16983904 0.13856858 0.11382743
0.1604195 0.13744755 0.10990586
0.38394892 0.3596274 0.34038436
0.46395668 0.43268624 0.40794507
0.13846649 0.10584648 0.08940396
0.14238806 0.10976805 0.093325526
0.14630963 0.11503918 0.09029801
0.1651488 0.12132986 0.077294156
0.23496833 0.17860095 0.11527056
0.2781056 0.22038867 0.16535684
0.21536049 0.15764357 0.10261174
0.19025467 0.13948669 0.089952976
0.19809781 0.14732982 0.09779611
0.20986252 0.1604441 0.10261174
0.23262325 0.17065634 0.09352945
0.589486 0.53156775 0.42954516
0.8247801 0.76686186 0.66483927
0.82085854 0.7642898 0.6539687
0.8365448 0.77997607 0.66965497
0.8287017 0.77213293 0.6618118
0.8247801 0.76821136 0.65789026
0.82635653 0.7614893 0.6539687
0.7832193 0.7197016 0.60388243
0.7847957 0.7129795 0.5999608
0.78087413 0.7090579 0.5960393
0.72754854 0.64878345 0.53026664
0.4467721 0.3583588 0.25094122
0.31505418 0.18899561 0.023694158
0.5997913 0.45268446 0.22389808
0.63743055 0.49727273 0.27398437
0.66641897 0.55270755 0.35970986
0.7064034 0.6052404 0.43153733
0.71267 0.61980563 0.44330204
0.7024818 0.59996927 0.43456477
0.7165916 0.62237763 0.4541726
0.7283563 0.63414234 0.46593732
0.71267 0.61845607 0.45025104
0.71267 0.61845607 0.45025104
0.7165916 0.62237763 0.4541726
0.72051316 0.6262992 0.45809418
0.7165916 0.62237763 0.4541726
0.69698375 0.6014203 0.44151372
0.7009053 0.60669136 0.43848634
0.7009053 0.60669136 0.43848634
0.68287396 0.5803614 0.41495693
0.68287396 0.5803614 0.41495693
0.6812975 0.5870835 0.4188785
0.6930622 0.5988482 0.4306432
0.7048269 0.6119625 0.4354589
0.68521905 0.5910051 0.42280006
0.68287396 0.5803614 0.41495693
0.7024818 0.60131884 0.42761576
0.71267 0.61845607 0.45025104
0.69698375 0.6027698 0.43456477
0.7009053 0.60669136 0.43848634
0.69698375 0.6027698 0.43456477
0.7048269 0.6106129 0.4424079
0.7009053 0.60669136 0.43848634
0.69698375 0.6027698 0.43456477
0.6993289 0.612064 0.44935685
0.7408897 0.6605738 0.5033647
0.729125 0.6488091 0.49159998
0.7173603 0.63704437 0.47983527
0.7173603 0.63704437 0.47983527
0.7448113 0.6604467 0.5281334
0.51178426 0.49441174 0.4806667
0.523549 0.5061764 0.49243143
0.53139216 0.51401955 0.50027454
0.5353137 0.5179411 0.50419617
0.53139216 0.51401955 0.50027454
0.523549 0.5061764 0.49243143
0.50551754 0.47849694 0.47585094
0.47022343 0.44320282 0.44055682
0.41689786 0.38157877 0.3817333
0.38083506 0.3275693 0.3416235
0.35730565 0.3040399 0.3180941
0.37299192 0.31972617 0.33378038
0.39259976 0.339334 0.35338822
0.402788 0.35782087 0.3690745
0.41532147 0.38695133 0.3926039
0.43961954 0.42784652 0.42789802
0.47333726 0.46986273 0.4671137
0.49529025 0.5014638 0.48761564
0.5015569 0.51467955 0.5063294
0.5211647 0.5342874 0.52593726
0.536851 0.54997367 0.54162353
0.5446941 0.55646724 0.5564157
0.54077256 0.55254567 0.5524941
0.5329294 0.54470253 0.544651
0.49921185 0.50268626 0.5054353
0.45607457 0.459549 0.462298
0.3839098 0.3943334 0.40258044
0.2976353 0.30670932 0.32325494
0.24196471 0.23444153 0.25658828
0.27887428 0.22695807 0.2327137
0.38479567 0.29678494 0.283349
0.38479567 0.29813445 0.27640003
0.34554094 0.29497427 0.2924314
0.18310215 0.2116735 0.2530118
0.15169056 0.217706 0.26993722
0.18932976 0.2609447 0.32697257
0.2551887 0.3490002 0.4232235
0.37594962 0.49195758 0.5743765
0.50928295 0.6239414 0.7146588
0.5916359 0.70629436 0.79701173
0.5681065 0.68276495 0.7734823
0.23950244 0.33196437 0.41448632
0.20578474 0.2912977 0.36832154
0.29832596 0.3907879 0.47330984
0.42223978 0.5216507 0.60967064
0.51870257 0.62506247 0.71858037
0.5618398 0.6681997 0.7617176
0.5908672 0.69027805 0.7782981
0.61766666 0.6029932 0.57265097
0.59886646 0.5673948 0.49566275
0.6082861 0.56986535 0.49263537
0.605941 0.5605712 0.4778432
0.6020194 0.5566496 0.47392163
0.5996742 0.54600596 0.4660785
0.59575266 0.5420844 0.46215692
0.5996742 0.54735553 0.45912942
0.6035958 0.5512771 0.463051
0.6153605 0.5630418 0.4748157
0.61928207 0.5669634 0.47873726
0.62320364 0.57088494 0.48265883
0.61928207 0.5669634 0.47873726
0.6271252 0.5748065 0.4865804
0.62320364 0.57088494 0.48265883
0.61928207 0.5669634 0.47873726
0.6388899 0.5865712 0.4983451
0.6428115 0.5904928 0.50226665
0.64673305 0.59441435 0.5061882
0.6545762 0.603607 0.50708234
0.6663409 0.6153717 0.51884705
0.6545762 0.6022575 0.51403135
0.65849775 0.60752857 0.5110039
0.6506546 0.59968543 0.5031608
0.65849775 0.60752857 0.5110039
0.65849775 0.60752857 0.5110039
0.6679174 0.6099991 0.50797653
0.67183894 0.6152702 0.5049491
0.6694938 0.6059761 0.49015692
0.64442694 0.5558125 0.4014039
0.61936015 0.5069983 0.30570203
0.6068267 0.4819164 0.26132548
0.60840315 0.47654387 0.25045496
0.6044816 0.4739718 0.23958436
0.6162463 0.48573652 0.25134906
0.6240895 0.49357972 0.25919223
0.63743055 0.4986223 0.26703537
0.6452737 0.50646544 0.2748785
0.65154046 0.52103066 0.2866432
0.64996403 0.5264032 0.29751378
0.69386995 0.5815081 0.38021183
0.7142465 0.611734 0.44632947
0.7165916 0.62237763 0.4541726
0.70874846 0.6145345 0.44632947
0.7024818 0.59996927 0.43456477
0.6977915 0.58273053 0.39803135
0.69702286 0.5721125 0.35152158
0.5754542 0.45054385 0.22995293
0.3377759 0.23391382 0.07680783
0.17537612 0.10780981 0.01688625
0.17772129 0.11170576 0.05947449
0.17064683 0.11987884 0.07034513
0.17064683 0.11987884 0.07034513
0.25461522 0.16620193 0.05878435
0.35738373 0.2508226 0.11031377
0.37618387 0.29046968 0.1664549
0.30244273 0.22792746 0.13150592
0.2773369 0.2097706 0.118847035
0.30870947 0.24249269 0.14327064
0.42635652 0.36013976 0.2609177
0.68518007 0.6189633 0.51974124
0.8067487 0.74188143 0.63436085
0.8145918 0.74972457 0.642204
0.80909383 0.7511756 0.649153
0.82635653 0.7614893 0.6539687
0.82243496 0.7575677 0.6500471
0.82243496 0.7575677 0.6500471
0.81067026 0.74715257 0.63133335
0.77695256 0.70513636 0.59211767
0.7691094 0.6972932 0.58427453
0.76518786 0.69337165 0.580353
0.7667642 0.6879991 0.5694823
0.67110926 0.5672472 0.41014117
0.38487375 0.24761625 0.054721624
0.6131325 0.4617757 0.21089417
0.62881875 0.47881153 0.2196314
0.64919525 0.5117366 0.27185106
0.67583853 0.55517817 0.35668242
0.69856024 0.59874684 0.4167451
0.7299328 0.6287698 0.45506674
0.71032494 0.609162 0.4354589
0.72051316 0.6262992 0.45809418
0.72051316 0.6262992 0.45809418
0.72051316 0.6262992 0.45809418
0.71267 0.61845607 0.45025104
0.7165916 0.62237763 0.4541726
0.69698375 0.6027698 0.43456477
0.7009053 0.60669136 0.43848634
0.70874846 0.6145345 0.44632947
0.7165916 0.62237763 0.4541726
0.69698375 0.6027698 0.43456477
0.7009053 0.60669136 0.43848634
0.7048269 0.6106129 0.4424079
0.6930622 0.5988482 0.4306432
0.7048269 0.6106129 0.4424079
0.70874846 0.6145345 0.44632947
0.7048269 0.6106129 0.4424079
0.7048269 0.6106129 0.4424079
0.69698375 0.6027698 0.43456477
0.6930622 0.5974987 0.43759215
0.6930622 0.5974987 0.43759215
0.6773759 0.58181244 0.42190588
0.6891406 0.59492666 0.42672163
0.67345434 0.5792404 0.41103536
0.67345434 0.5792404 0.41103536
0.6930622 0.5988482 0.4306432
0.6875642 0.60029924 0.43759215
0.7095172 0.62920123 0.47199214
0.7212819 0.64096594 0.48375684
0.7173603 0.63704437 0.47983527
0.723627 0.6516096 0.49159998
0.7683407 0.6853257 0.5447138
0.42158818 0.4028661 0.39741957
0.42158818 0.4028661 0.39741957
0.42158818 0.40421563 0.39047062
0.41374505 0.3963725 0.3826275
0.4113999 0.38572884 0.37478435
0.3996352 0.37396413 0.36301965
0.38394892 0.35827786 0.34733337
0.38160375 0.34898373 0.33254123
0.35415277 0.32288232 0.29814115
0.34630963 0.3150392 0.290298
0.35965076 0.3200818 0.29814115
0.36591747 0.33464703 0.30990586
0.38944688 0.35682687 0.34038436
0.40355676 0.37923524 0.3599922
0.41609013 0.40836573 0.38352162
0.44196472 0.44118926 0.42184317
0.45607457 0.4622481 0.44839996
0.4639177 0.47009122 0.4562431
0.45607457 0.4622481 0.44839996
0.44430986 0.45048338 0.43663526
0.43254516 0.43736914 0.4318196
0.42078045 0.42560443 0.42005488
0.41451374 0.40968966 0.41523919
0.43804315 0.43321908 0.4387686
0.38706276 0.3822387 0.3877882
0.3831412 0.37831712 0.38386664
0.36195692 0.3640818 0.37512946
0.31097654 0.3131014 0.32414907
0.26157257 0.25404936 0.27619612
0.29063898 0.23872279 0.24447842
0.37537614 0.29566392 0.27942744
0.3863721 0.29141235 0.27247846
0.3376978 0.28713113 0.28458828
0.18702371 0.21559507 0.25693336
0.16345526 0.2294707 0.28170192
0.19559652 0.27550995 0.3387373
0.27322015 0.37398058 0.453702
0.4034006 0.5194086 0.6018275
0.53281236 0.64747083 0.7381882
0.5916359 0.70629436 0.79701173
0.50693786 0.61329776 0.70681566
0.1979416 0.28345457 0.3604784
0.21754944 0.3030624 0.38008624
0.30224752 0.39470947 0.4772314
0.42616135 0.5255722 0.6135922
0.5281221 0.62753296 0.715553
0.55791825 0.66427815 0.75779605
0.5908672 0.6916276 0.7713491
0.6012116 0.57264024 0.53130203
0.60044295 0.5606727 0.49174118
0.6043645 0.5659438 0.4887138
0.59809786 0.55272806 0.47000006
0.5902547 0.5448849 0.46215692
0.5879095 0.53424126 0.45431378
0.58633316 0.54096335 0.45823535
0.5918311 0.5395124 0.4512863
0.59575266 0.54343396 0.45520785
0.6035958 0.5512771 0.463051
0.5996742 0.54735553 0.45912942
0.60751736 0.55519867 0.46697256
0.60751736 0.55519867 0.46697256
0.6153605 0.5630418 0.4748157
0.62320364 0.57088494 0.48265883
0.63262326 0.5720059 0.4865804
0.6310468 0.5787281 0.49050197
0.6365448 0.5759275 0.49050197
0.6404664 0.57984906 0.49442354
0.6365448 0.577277 0.48355293
0.63262326 0.57335544 0.47963136
0.63262326 0.5720059 0.4865804
0.6388899 0.5879207 0.49139607
0.6522311 0.5929633 0.4992392
0.6679174 0.60864955 0.5149255
0.6757605 0.61784226 0.51581967
0.6930232 0.62680644 0.5275844
0.7047879 0.63992065 0.5324001
0.6867565 0.6149403 0.50192165
0.6718779 0.5832634 0.42885488
0.63112485 0.51741344 0.32441574
0.6146699 0.4897596 0.26916865
0.60056 0.46870074 0.24261181
0.60056 0.47005025 0.23566279
0.60056 0.47005025 0.23566279
0.60213643 0.46332812 0.23174122
0.59821486 0.45940655 0.22781965
0.60997957 0.47252083 0.23263535
0.60997957 0.47252083 0.23263535
0.6217443 0.48428553 0.24440005
0.62566584 0.48820716 0.24832165
0.6413521 0.50389344 0.26400793
0.6531168 0.51700765 0.26882353
0.6648815 0.52877235 0.28058824
0.6703795 0.5273214 0.2736393
0.67822266 0.5365141 0.2745334
0.67822266 0.5365141 0.2745334
0.67822266 0.5365141 0.2745334
0.66645795 0.5247494 0.2627687
0.6703795 0.52867097 0.26669025
0.67822266 0.53516454 0.28148243
0.66645795 0.52339983 0.26971772
0.6076344 0.46457624 0.21089417
0.6703795 0.52867097 0.26669025
0.66645795 0.5247494 0.2627687
0.68448937 0.54972976 0.29324713
0.72055227 0.59429234 0.382
0.7754151 0.67985165 0.5199451
0.7957917 0.7114271 0.5791138
0.80205834 0.7246428 0.59782743
0.80205834 0.72329324 0.60477644
0.8099015 0.7311364 0.6126196
0.8177446 0.7389795 0.6204627
0.8083251 0.7365089 0.6234902
0.8083251 0.7378585 0.61654115
0.81382304 0.7364075 0.60959214
0.78637207 0.70895654 0.58214116
0.7589211 0.68150556 0.5546902
0.7471564 0.66974086 0.5429255
0.75107795 0.6736624 0.54684705
0.7549995 0.677584 0.5507686
0.73935235 0.63124037 0.4520392
0.5997913 0.4553836 0.20999998
0.6366619 0.48800424 0.22052556
0.6617678 0.5048115 0.2401334
0.6696109 0.51265466 0.24797654
0.6743011 0.5298934 0.2845098
0.69936794 0.5800571 0.37326282
0.7079798 0.5998678 0.42066666
0.7299328 0.6287698 0.45506674
0.7260112 0.62484825 0.45114517
0.71267 0.61845607 0.45025104
0.72051316 0.6262992 0.45809418
0.7283563 0.63414234 0.46593732
0.7165916 0.6210281 0.46112156
0.71267 0.61710656 0.4572
0.7048269 0.6106129 0.4424079
0.69698375 0.6027698 0.43456477
0.7048269 0.6106129 0.4424079
0.70874846 0.6145345 0.44632947
0.70874846 0.613185 0.45327842
0.71267 0.61710656 0.4572
0.71267 0.61710656 0.4572
0.7048269 0.6106129 0.4424079
0.7048269 0.6106129 0.4424079
0.69540733 0.6081424 0.4454353
0.69540733 0.6081424 0.4454353
0.6993289 0.61341345 0.4424079
0.69698375 0.6027698 0.43456477
0.7150152 0.6277503 0.46504313
0.734623 0.64735806 0.48465097
0.70325047 0.6159855 0.45327842
0.6891406 0.59357715 0.43367058
0.6891406 0.59492666 0.42672163
0.7009053 0.60669136 0.43848634
0.6930622 0.5988482 0.4306432
0.70325047 0.6159855 0.45327842
0.73931324 0.6672959 0.50728625
0.7471564 0.675139 0.5151294
0.7471564 0.67378944 0.5220785
0.73931324 0.6659463 0.5142354
0.76049757 0.67883205 0.52992165
0.28825486 0.26953277 0.26408625
0.29217643 0.27345434 0.2680078
0.28825486 0.2708823 0.2571373
0.2843333 0.26696074 0.25321573
0.301596 0.27592492 0.26498044
0.30943912 0.2851176 0.26587456
0.31728226 0.2943103 0.2667686
0.3267018 0.29543135 0.27069017
0.3251254 0.30215344 0.27461174
0.3368901 0.31391814 0.28637645
0.34473324 0.32176128 0.29421958
0.35099995 0.33497694 0.3129334
0.36510974 0.35738534 0.33254123
0.36353335 0.36410743 0.3364628
0.37921962 0.37844416 0.35909808
0.3658785 0.37340155 0.35125494
0.36195692 0.36947998 0.34733337
0.36980006 0.37597358 0.36212546
0.35019222 0.35636574 0.3425176
0.34627065 0.35244417 0.33859605
0.35803536 0.36285934 0.3573098
0.36195692 0.3667809 0.36123136
0.37372163 0.37719607 0.37994507
0.40274903 0.39792496 0.40347448
0.37921962 0.3757451 0.37299606
0.36745492 0.36263084 0.36818036
0.36745492 0.36263084 0.36818036
0.33450595 0.3379804 0.3407294
0.3203961 0.31422246 0.32807064
0.33612135 0.29385328 0.28850985
0.38321927 0.30350706 0.28727058
0.3863721 0.29006284 0.27942744
0.34161937 0.2910527 0.28850985
0.19644326 0.21806565 0.25390592
0.16345526 0.2294707 0.28170192
0.20186317 0.2887257 0.35745096
0.28890643 0.3910164 0.46243918
0.43869475 0.5547027 0.6371216
0.54849863 0.6631571 0.7538745
0.5877143 0.7023728 0.79309016
0.38460046 0.4770624 0.5595843
0.18383178 0.26239568 0.33392155
0.21912593 0.2963403 0.37616467
0.30224752 0.39470947 0.4772314
0.42616135 0.52692175 0.6066432
0.52420056 0.62361145 0.7116314
0.5594947 0.65755606 0.7538745
0.59402 0.679533 0.75655687
0.58160377 0.5543819 0.5047451
0.58867824 0.548908 0.47997648
0.5847567 0.54633594 0.46910596
0.5941763 0.5474569 0.47302753
0.58633316 0.54096335 0.45823535
0.5879095 0.53424126 0.45431378
0.58633316 0.54096335 0.45823535
0.60751736 0.5538491 0.47392163
0.60751736 0.5538491 0.47392163
0.59575266 0.5420844 0.46215692
0.5996742 0.54735553 0.45912942
0.6035958 0.5512771 0.463051
0.60909384 0.5484765 0.463051
0.6130154 0.5523981 0.46697256
0.6130154 0.5523981 0.46697256
0.6153605 0.5630418 0.4748157
0.6287017 0.56808436 0.48265883
0.63262326 0.57335544 0.47963136
0.63262326 0.57335544 0.47963136
0.6287017 0.56943387 0.4757098
0.6287017 0.56943387 0.4757098
0.6287017 0.56943387 0.4757098
0.6404664 0.5811986 0.4874745
0.65615267 0.59688485 0.5031608
0.66007423 0.6008064 0.50708234
0.65615267 0.5982344 0.49621183
0.6538075 0.58759075 0.4883687
0.6538075 0.58894026 0.48141968
0.64361924 0.57180303 0.45878437
0.6522701 0.5609565 0.42314517
0.63347006 0.525358 0.34615687
0.62251306 0.49760273 0.27701178
0.6240895 0.49223015 0.26614124
0.6240895 0.49223015 0.26614124
0.62801105 0.49750128 0.2631138
0.62566584 0.4868576 0.25527066
0.61390114 0.47509283 0.24350592
0.6178227 0.48036397 0.24047849
0.61939913 0.47364187 0.23655692
0.611556 0.46579874 0.22871378
0.6233207 0.478913 0.23352939
0.63116384 0.48675615 0.24137256
0.64058346 0.48922673 0.23834518
0.65234816 0.50099146 0.25010988
0.65234816 0.50234103 0.24316084
0.6562697 0.5062626 0.24708241
0.6562697 0.5062626 0.24708241
0.66803443 0.5180273 0.25884712
0.671956 0.5232984 0.25581968
0.6837207 0.5350631 0.26758438
0.69156384 0.5429062 0.27542752
0.6876423 0.5403342 0.26455688
0.69156384 0.5442558 0.26847845
0.6876423 0.5403342 0.26455688
0.67979914 0.5311415 0.26366282
0.6813756 0.52441937 0.25974125
0.671956 0.5232984 0.25581968
0.67979914 0.529792 0.27061182
0.6821442 0.53773654 0.29235294
0.7197835 0.58097523 0.3493883
0.7456581 0.6124492 0.39465883
0.7558464 0.630936 0.4103451
0.74800324 0.6230929 0.40250197
0.7401601 0.61524975 0.39465883
0.732317 0.60605705 0.3937647
0.72289735 0.6035865 0.39679223
0.74092877 0.6245183 0.44811764
0.73935235 0.63124037 0.4520392
0.7471955 0.6390835 0.45988235
0.74092877 0.6245183 0.44811764
0.7221287 0.5902693 0.36418045
0.66411287 0.51410574 0.25492555
0.64215994 0.48520368 0.22052556
0.6500031 0.49304682 0.2283687
0.6578462 0.50088996 0.23621184
0.66568935 0.5087331 0.24405497
0.66803443 0.51532817 0.2727451
0.67349344 0.5472335 0.33494118
0.6922935 0.58418155 0.4049804
0.7024818 0.59996927 0.43456477
0.7024818 0.60131884 0.42761576
0.71032494 0.6078124 0.4424079
0.7165916 0.62237763 0.4541726
0.72051316 0.6262992 0.45809418
0.73619944 0.64063597 0.4807294
0.740121 0.64455754 0.48465097
0.72443473 0.62887126 0.4689647
0.7283563 0.63414234 0.46593732
0.71267 0.61845607 0.45025104
0.72051316 0.6249497 0.46504313
0.70717204 0.61990714 0.4572
0.72051316 0.6249497 0.46504313
0.7165916 0.6210281 0.46112156
0.7048269 0.6106129 0.4424079
0.71267 0.61845607 0.45025104
0.72051316 0.6249497 0.46504313
0.70717204 0.61990714 0.4572
0.7150152 0.6277503 0.46504313
0.70717204 0.61990714 0.4572
0.70717204 0.61990714 0.4572
0.7110936 0.62382865 0.46112156
0.71893674 0.6316718 0.4689647
0.70717204 0.61990714 0.4572
0.70874846 0.6145345 0.44632947
0.7048269 0.6106129 0.4424079
0.69698375 0.6027698 0.43456477
0.6993289 0.612064 0.44935685
0.7173603 0.63839394 0.47288626
0.76284266 0.6894757 0.5377648
0.74558 0.68051153 0.526
0.7314701 0.65810317 0.50639224
0.7549995 0.6816326 0.52992165
0.24119602 0.22247393 0.21702743
0.23569798 0.2252745 0.21702743
0.24903916 0.23166661 0.2179216
0.27256858 0.25654557 0.234502
0.2843333 0.26831028 0.24626671
0.3133607 0.2917383 0.25589803
0.32904696 0.30877408 0.26463532
0.32904696 0.30742458 0.2715843
0.32904696 0.30742458 0.2715843
0.32747054 0.31414667 0.27550587
0.32981563 0.3234408 0.290298
0.33765876 0.33128393 0.29814115
0.3455019 0.33912706 0.3059843
0.3439255 0.3444996 0.31685495
0.3439255 0.3444996 0.31685495
0.3556902 0.3562643 0.32861966
0.35961178 0.36018586 0.33254123
0.37137648 0.37195057 0.34430593
0.37137648 0.37060103 0.35125494
0.36980006 0.37732312 0.3551765
0.37372163 0.3812447 0.35909808
0.3721451 0.38661733 0.3699686
0.37998822 0.39311093 0.38476077
0.41528234 0.42840505 0.42005488
0.4192039 0.4323266 0.42397645
0.39175293 0.40487564 0.39652547
0.41136077 0.42313394 0.42308232
0.40351763 0.4152908 0.41523919
0.38706276 0.3822387 0.3877882
0.38318017 0.3409121 0.33556867
0.3910624 0.3113502 0.2951137
0.3863721 0.29141235 0.27247846
0.34161937 0.2910527 0.28850985
0.2042864 0.22590879 0.26174906
0.16737683 0.23339227 0.2856235
0.21362787 0.3004904 0.36921567
0.3281221 0.42888254 0.50860393
0.47398886 0.5899968 0.67241573
0.56026334 0.6749218 0.7656392
0.54457706 0.65923554 0.7499529
0.23873377 0.31594813 0.39577252
0.17991021 0.2584741 0.32999998
0.23089063 0.308105 0.38792938
0.31401223 0.40647417 0.48899612
0.43165934 0.5241212 0.6066432
0.520279 0.6196898 0.70770985
0.5594947 0.6589055 0.74692553
0.5971729 0.6701374 0.7278667
0.5792586 0.5450878 0.489953
0.5847567 0.5449864 0.4760549
0.5902547 0.54353535 0.46910596
0.5941763 0.5474569 0.47302753
0.5902547 0.5448849 0.46215692
0.5824116 0.5356922 0.46126282
0.59809786 0.5513785 0.4769491
0.5925998 0.55282956 0.48389804
0.5729529 0.56252944 0.55428237
0.7054784 0.715902 0.72414905
0.61143893 0.5564211 0.48479223
0.6153605 0.5630418 0.4748157
0.6035958 0.5512771 0.463051
0.60751736 0.55519867 0.46697256
0.62085855 0.5602412 0.4748157
0.62085855 0.56159073 0.46786666
0.63262326 0.57335544 0.47963136
0.6247801 0.5655123 0.47178823
0.6287017 0.56943387 0.4757098
0.62085855 0.56159073 0.46786666
0.6247801 0.5655123 0.47178823
0.6287017 0.56943387 0.4757098
0.6287017 0.56943387 0.4757098
0.64438796 0.58512014 0.49139607
0.6483095 0.5890417 0.49531764
0.64438796 0.5864697 0.48444712
0.6538075 0.58759075 0.4883687
0.6459644 0.5810971 0.47357655
0.6475408 0.5757246 0.46270594
0.65069366 0.56632906 0.43401575
0.63581514 0.5333026 0.3678981
0.60759544 0.4952336 0.29393733
0.6044816 0.47127274 0.25348234
0.60056 0.46870074 0.24261181
0.59821486 0.45805705 0.23476867
0.5942933 0.455485 0.22389808
0.5903717 0.452913 0.2130275
0.5997913 0.45403403 0.21694908
0.60371286 0.4579556 0.22087064
0.61547756 0.4697203 0.23263535
0.63116384 0.48675615 0.24137256
0.64292854 0.49852085 0.25313726
0.639007 0.49594885 0.24226674
0.64292854 0.49987042 0.24618831
0.6562697 0.5062626 0.24708241
0.6484266 0.49841943 0.23923928
0.6562697 0.5062626 0.24708241
0.6601913 0.51018417 0.25100398
0.6484266 0.49841943 0.23923928
0.644505 0.49584737 0.2283687
0.6562697 0.5076121 0.2401334
0.6562697 0.5076121 0.2401334
0.6562697 0.5076121 0.2401334
0.6500031 0.49304682 0.2283687
0.6500031 0.49304682 0.2283687
0.6578462 0.50088996 0.23621184
0.6735325 0.51657623 0.2518981
0.67745405 0.5204978 0.25581968
0.6813756 0.52441937 0.25974125
0.68921876 0.5322625 0.26758438
0.6970619 0.54010564 0.27542752
0.6758776 0.52721995 0.25974125
0.671956 0.5232984 0.25581968
0.6758776 0.5285695 0.25279218
0.68921876 0.5336121 0.26063532
0.70098346 0.5453768 0.27240002
0.6837207 0.5350631 0.26758438
0.67979914 0.5311415 0.26366282
0.6758776 0.52587044 0.26669025
0.6837207 0.5350631 0.26758438
0.6735325 0.51657623 0.2518981
0.67745405 0.52184737 0.24887061
0.6735325 0.5179258 0.24494904
0.66568935 0.51008266 0.2371059
0.6696109 0.51265466 0.24797654
0.6617678 0.5048115 0.2401334
0.6703795 0.5273214 0.2736393
0.67349344 0.5472335 0.33494118
0.7119014 0.6037894 0.42458823
0.74561906 0.6431065 0.47770202
0.7142465 0.611734 0.44632947
0.71267 0.61845607 0.45025104
0.7165916 0.62237763 0.4541726
0.7165916 0.62237763 0.4541726
0.73227787 0.6367144 0.47680783
0.7228583 0.6355934 0.47288626
0.70874846 0.613185 0.45327842
0.7048269 0.6092634 0.44935685
0.69698375 0.6014203 0.44151372
0.6930622 0.5974987 0.43759215
0.7009053 0.6039923 0.4523843
0.7165916 0.61967856 0.46807057
0.70874846 0.613185 0.45327842
0.7009053 0.60534185 0.4454353
0.71267 0.61845607 0.45025104
0.73227787 0.6367144 0.47680783
0.7228583 0.6355934 0.47288626
0.7228583 0.6355934 0.47288626
0.734623 0.6487076 0.47770202
0.72443473 0.62887126 0.4689647
0.71267 0.61845607 0.45025104
0.71893674 0.6316718 0.4689647
0.7150152 0.6277503 0.46504313
0.6993289 0.612064 0.44935685
0.70717204 0.6212566 0.45025104
0.7150152 0.6290997 0.45809418
0.6977525 0.6201356 0.44632947
0.7040191 0.63200176 0.47199214
0.73931324 0.6672959 0.50728625
0.73931324 0.6659463 0.5142354
0.7314701 0.65810317 0.50639224
0.7706858 0.69731885 0.5456079
0.24746269 0.24108785 0.20794508
0.26314896 0.25677413 0.22363135
0.28041172 0.26843736 0.22149809
0.31178427 0.2998099 0.25287062
0.3368901 0.31661722 0.27247846
0.35415277 0.3282805 0.27034515
0.3737606 0.34788835 0.289953
0.35649794 0.33757463 0.2851373
0.35649794 0.33622506 0.2920863
0.35492152 0.34294716 0.29600787
0.3455019 0.34047663 0.29903528
0.34942347 0.34304863 0.30990586
0.36510974 0.3587349 0.32559213
0.3690313 0.36265647 0.3295137
0.37921962 0.38114327 0.34519997
0.3949059 0.39682955 0.36088625
0.41451374 0.4164374 0.3804941
0.43804315 0.43861723 0.4109726
0.43804315 0.43861723 0.4109726
0.4286236 0.43614665 0.41400003
0.42704704 0.4415193 0.42487055
0.4333138 0.45608452 0.43663526
0.42939222 0.4508134 0.43966272
0.44900006 0.47042125 0.45927057
0.44742364 0.47714335 0.46319214
0.4262394 0.46290806 0.45445487
0.43016097 0.46682963 0.45837644
0.43565893 0.4640291 0.45837644
0.39959607 0.41136923 0.41131762
0.38394892 0.35827786 0.34733337
0.38714084 0.30877814 0.28424317
0.38245052 0.2874908 0.2685569
0.34554094 0.29497427 0.2924314
0.20036483 0.22198722 0.2578275
0.17521997 0.2412354 0.29346663
0.22539258 0.3122551 0.38098037
0.35949466 0.4602551 0.5399765
0.49909472 0.6054546 0.6989725
0.5641849 0.6788434 0.76956075
0.46772218 0.5754316 0.660651
0.17756505 0.24783047 0.32215685
0.18775338 0.26631728 0.33784312
0.23873377 0.3172977 0.3888235
0.32735336 0.4115168 0.49683926
0.42773777 0.5188501 0.60967064
0.51243585 0.6118467 0.6998667
0.5594947 0.6589055 0.74692553
0.6113218 0.65649027 0.6922275
0.5831802 0.5490094 0.49387458
0.57299197 0.5332217 0.4642902
0.5824116 0.5356922 0.46126282
0.58633316 0.5396138 0.4651844
0.5925998 0.5541791 0.4769491
0.5792586 0.5450878 0.489953
0.56353337 0.56005883 0.5573098
0.6560355 0.6915559 0.7383921
0.8113218 0.8537912 0.9061255
0.8168198 0.8523402 0.8991765
0.58867824 0.548908 0.47997648
0.6153605 0.5630418 0.4748157
0.61143893 0.55912024 0.47089413
0.60751736 0.55519867 0.46697256
0.62085855 0.5602412 0.4748157
0.6287017 0.56943387 0.4757098
0.63262326 0.57335544 0.47963136
0.6287017 0.56943387 0.4757098
0.63262326 0.57335544 0.47963136
0.6247801 0.5655123 0.47178823
0.6287017 0.56943387 0.4757098
0.63262326 0.57335544 0.47963136
0.6287017 0.56943387 0.4757098
0.6404664 0.5811986 0.4874745
0.6483095 0.5890417 0.49531764
0.64438796 0.5864697 0.48444712
0.64988595 0.5836692 0.48444712
0.6538075 0.58759075 0.4883687
0.64361924 0.57180303 0.45878437
0.6451956 0.5691296 0.43401575
0.6248191 0.5362046 0.38179606
0.6177838 0.5110213 0.32352155
0.6146699 0.48841003 0.27611765
0.6123247 0.47911587 0.26132548
0.606058 0.46590018 0.24261181
0.606058 0.4672497 0.23566279
0.6178227 0.4790144 0.2474275
0.61547756 0.4697203 0.23263535
0.61939913 0.47364187 0.23655692
0.62724227 0.481485 0.24440005
0.61939913 0.47499144 0.22960782
0.611556 0.4671483 0.22176468
0.5997913 0.4567331 0.20305103
0.611556 0.4684978 0.21481574
0.63274026 0.48138353 0.23050201
0.6562697 0.5062626 0.24708241
0.66411287 0.51410574 0.25492555
0.671956 0.5219489 0.2627687
0.66411287 0.51410574 0.25492555
0.65234816 0.50234103 0.24316084
0.65234816 0.50369054 0.23621184
0.6562697 0.5076121 0.2401334
0.6562697 0.5076121 0.2401334
0.65234816 0.50369054 0.23621184
0.65392464 0.4969684 0.23229027
0.6460815 0.48912525 0.22444713
0.6500031 0.49304682 0.2283687
0.6500031 0.49304682 0.2283687
0.6460815 0.48912525 0.22444713
0.6578462 0.50088996 0.23621184
0.6578462 0.50088996 0.23621184
0.6578462 0.50088996 0.23621184
0.68921876 0.5322625 0.26758438
0.6813756 0.52441937 0.25974125
0.6931403 0.53753364 0.26455688
0.68921876 0.5336121 0.26063532
0.6970619 0.5414552 0.26847845
0.6931403 0.53753364 0.26455688
0.68921876 0.5336121 0.26063532
0.68921876 0.5336121 0.26063532
0.6813756 0.52576894 0.25279218
0.6852972 0.5296905 0.25671375
0.6813756 0.52576894 0.25279218
0.67745405 0.52184737 0.24887061
0.67745405 0.52184737 0.24887061
0.66803443 0.5193768 0.2518981
0.6743011 0.53259254 0.27061182
0.677415 0.55250466 0.33191374
0.70013666 0.5920247 0.41282353
0.7260112 0.6234987 0.45809418
0.72443473 0.6302208 0.46201575
0.72051316 0.6262992 0.45809418
0.72443473 0.6302208 0.46201575
0.70874846 0.613185 0.45327842
0.7165916 0.6210281 0.46112156
0.70325047 0.6159855 0.45327842
0.71893674 0.6316718 0.4689647
0.7048269 0.6092634 0.44935685
0.7009053 0.60534185 0.4454353
0.70874846 0.613185 0.45327842
0.71267 0.61710656 0.4572
0.7165916 0.61967856 0.46807057
0.72051316 0.6249497 0.46504313
0.7165916 0.6210281 0.46112156
0.71267 0.61710656 0.4572
0.72051316 0.6262992 0.45809418
0.7165916 0.62237763 0.4541726
0.71893674 0.63302135 0.46201575
0.69698375 0.6027698 0.43456477
0.68521905 0.5910051 0.42280006
0.6773759 0.58316195 0.41495693
0.6812975 0.585734 0.42582744
0.6891406 0.59492666 0.42672163
0.6875642 0.6016488 0.4306432
0.69540733 0.60949194 0.43848634
0.6993289 0.61341345 0.4424079
0.70325047 0.6159855 0.45327842
0.7095172 0.6305508 0.46504313
0.75107795 0.6790606 0.51905096
0.7589211 0.68555415 0.53384316
0.7353917 0.6633743 0.5033647
0.7957917 0.71547574 0.55826664
0.34788606 0.31371528 0.25858045
0.35965076 0.32682955 0.26339605
0.37141547 0.3399438 0.26821175
0.39494488 0.3634732 0.29174116
0.41455272 0.38308105 0.311349
0.42631742 0.39484575 0.3231137
0.45219198 0.4276693 0.36143526
0.43258414 0.40671188 0.34877652
0.42708617 0.4095124 0.34877652
0.42943132 0.41880652 0.36356866
0.41216856 0.4084928 0.35875297
0.42785484 0.42282957 0.38138822
0.43569797 0.4306727 0.38923135
0.4302 0.43212366 0.39618036
0.44196472 0.44388837 0.40794507
0.44430986 0.45453203 0.4157882
0.4639177 0.4727903 0.44234514
0.452153 0.4610256 0.43058044
0.44115692 0.4652772 0.43752944
0.4278158 0.45888504 0.43663526
0.42389423 0.45496348 0.4327137
0.43173736 0.4628066 0.44055682
0.42389423 0.45361394 0.43966272
0.4513452 0.48106492 0.4671137
0.43408254 0.4707512 0.462298
0.41055313 0.4472218 0.4387686
0.41055313 0.4472218 0.4387686
0.39878842 0.43545708 0.4270039
0.3721451 0.3852678 0.37691763
0.35649794 0.33217642 0.3129334
0.38321927 0.30485657 0.2803216
0.37852895 0.28491879 0.25768632
0.34711742 0.28960168 0.28156084
0.20036483 0.22333677 0.2508784
0.1830631 0.24772899 0.30825886
0.24734558 0.34115705 0.41538036
0.4026319 0.5020428 0.5900628
0.52262414 0.63033354 0.715553
0.5524202 0.6670787 0.75779605
0.35714948 0.44961143 0.53213334
0.16972192 0.24133687 0.30736473
0.18932976 0.2609447 0.32697257
0.23715729 0.32401982 0.39274508
0.32577693 0.41823888 0.5007608
0.42773777 0.5188501 0.60967064
0.51243585 0.6118467 0.6998667
0.5493064 0.6404187 0.73123926
0.61528236 0.62705547 0.6270039
0.5690704 0.5279506 0.46731764
0.5690704 0.52930015 0.46036863
0.5690704 0.52930015 0.46036863
0.5674939 0.5333231 0.4781883
0.5596118 0.55613726 0.55338824
0.6858316 0.728301 0.7806353
0.813667 0.86308527 0.92091763
0.8003258 0.85669315 0.92002356
0.8042474 0.8606147 0.9239451
0.81524336 0.85771275 0.91004705
0.5831802 0.5463103 0.5077726
0.6035958 0.54992753 0.47000006
0.59575266 0.54343396 0.45520785
0.6153605 0.5630418 0.4748157
0.6153605 0.5630418 0.4748157
0.62320364 0.57223445 0.4757098
0.6247801 0.5655123 0.47178823
0.6287017 0.56943387 0.4757098
0.6247801 0.5655123 0.47178823
0.63262326 0.57335544 0.47963136
0.6287017 0.56808436 0.48265883
0.6287017 0.56808436 0.48265883
0.63262326 0.57335544 0.47963136
0.64438796 0.58512014 0.49139607
0.6522311 0.5929633 0.4992392
0.65615267 0.5982344 0.49621183
0.66165066 0.5954339 0.49621183
0.64988595 0.5836692 0.48444712
0.64988595 0.5850187 0.4774981
0.6514624 0.58099574 0.4596784
0.6428505 0.5598355 0.4192236
0.6303171 0.5361031 0.3678981
0.6217053 0.5149428 0.32744312
0.60917187 0.489861 0.28306675
0.59663844 0.4634296 0.2456392
0.59821486 0.45940655 0.22781965
0.606058 0.4672497 0.23566279
0.611556 0.46579874 0.22871378
0.61939913 0.47364187 0.23655692
0.62566584 0.48820716 0.24832165
0.6233207 0.478913 0.23352939
0.63116384 0.48675615 0.24137256
0.63116384 0.48675615 0.24137256
0.64292854 0.49987042 0.24618831
0.64292854 0.49987042 0.24618831
0.6484266 0.49706987 0.24618831
0.65234816 0.50099146 0.25010988
0.6248971 0.4735404 0.22265887
0.62881875 0.47746196 0.22658044
0.6209756 0.4709684 0.21178827
0.63274026 0.48408267 0.21660396
0.65234816 0.50369054 0.23621184
0.6562697 0.5076121 0.2401334
0.6758776 0.52721995 0.25974125
0.66803443 0.5193768 0.2518981
0.6696109 0.51130515 0.25492555
0.66568935 0.5087331 0.24405497
0.6578462 0.50088996 0.23621184
0.65392464 0.4969684 0.23229027
0.6735325 0.51657623 0.2518981
0.6735325 0.51657623 0.2518981
0.6460815 0.48912525 0.22444713
0.6500031 0.49304682 0.2283687
0.6696109 0.51265466 0.24797654
0.65392464 0.49831796 0.2253412
0.6578462 0.5022395 0.22926277
0.67745405 0.52184737 0.24887061
0.67745405 0.52184737 0.24887061
0.68921876 0.5336121 0.26063532
0.6852972 0.5296905 0.25671375
0.6931403 0.53753364 0.26455688
0.70098346 0.5453768 0.27240002
0.68921876 0.5336121 0.26063532
0.6931403 0.53753364 0.26455688
0.70490503 0.54929835 0.2763216
0.6837207 0.5350631 0.26758438
0.6837207 0.5337136 0.2745334
0.6891797 0.5656189 0.33672947
0.69621515 0.5894527 0.40195292
0.7009053 0.60669136 0.43848634
0.71267 0.61845607 0.45025104
0.72051316 0.6262992 0.45809418
0.7150152 0.6277503 0.46504313
0.7228583 0.6355934 0.47288626
0.71893674 0.6316718 0.4689647
0.71893674 0.6303222 0.4759137
0.7150152 0.6277503 0.46504313
0.7150152 0.6264007 0.47199214
0.7267799 0.63816535 0.48375684
0.72051316 0.6236001 0.47199214
0.7110936 0.6224791 0.46807057
0.70874846 0.6118354 0.46022743
0.7048269 0.6092634 0.44935685
0.7048269 0.6092634 0.44935685
0.69698375 0.6014203 0.44151372
0.6930622 0.5988482 0.4306432
0.6891406 0.59492666 0.42672163
0.6891406 0.59492666 0.42672163
0.6891406 0.59492666 0.42672163
0.6930622 0.5988482 0.4306432
0.6891406 0.59492666 0.42672163
0.69698375 0.6027698 0.43456477
0.70874846 0.6145345 0.44632947
0.72443473 0.6302208 0.46201575
0.72051316 0.6262992 0.45809418
0.72051316 0.6262992 0.45809418
0.70717204 0.61990714 0.4572
0.70717204 0.61990714 0.4572
0.7448113 0.66449535 0.50728625
0.72520345 0.6448875 0.4876784
0.7212819 0.64096594 0.48375684
0.756576 0.67626005 0.51905096
0.39729002 0.37141776 0.3134824
0.42239586 0.38957465 0.32614115
0.430239 0.39876732 0.32703528
0.44984683 0.41837516 0.34664312
0.4655331 0.43406144 0.3623294
0.47179982 0.44862667 0.3740941
0.4992508 0.4747281 0.40849409
0.45845872 0.44088495 0.38014907
0.44119602 0.43057123 0.37533337
0.44746268 0.44378692 0.39404708
0.44196472 0.44658744 0.39404708
0.43254516 0.4441169 0.3970745
0.43804315 0.44131637 0.3970745
0.4286236 0.44019532 0.39315292
0.42704704 0.44556794 0.4040235
0.42704704 0.44556794 0.4040235
0.45292163 0.47839144 0.44234514
0.41212952 0.44589785 0.40705103
0.40428638 0.43670517 0.4061569
0.40036482 0.4327836 0.40223533
0.38702372 0.427741 0.3943922
0.38467854 0.41709733 0.38654906
0.3909453 0.43031302 0.4052627
0.39878842 0.43815616 0.41310585
0.35957274 0.39894047 0.37389016
0.34780803 0.38717577 0.36212546
0.33212176 0.3714895 0.34643918
0.32585502 0.35692427 0.33467448
0.30705497 0.31457803 0.2924314
0.3165135 0.27829412 0.24805489
0.37303096 0.2877193 0.25768632
0.37852895 0.28491879 0.25768632
0.3392743 0.28175855 0.2737177
0.20270999 0.23263088 0.26567063
0.18540819 0.25702313 0.323051
0.27479655 0.36860803 0.44283134
0.4285065 0.5362159 0.62143534
0.5304673 0.6381767 0.7233961
0.51870257 0.626412 0.7116314
0.21362787 0.3004904 0.36921567
0.17756505 0.24918 0.31520787
0.20109448 0.27270943 0.3387373
0.24892199 0.33443496 0.4114588
0.3296985 0.42216045 0.50468236
0.42773777 0.52019966 0.60272163
0.5022476 0.5933599 0.68418044
0.5336201 0.626082 0.708604
0.59648234 0.58740836 0.57086277
0.5792586 0.54373825 0.49690202
0.5737606 0.54518926 0.50385106
0.55019224 0.5523171 0.56336474
0.70543945 0.74790883 0.80024314
0.8019023 0.849971 0.916102
0.7924827 0.84885 0.9121804
0.7924827 0.84885 0.9121804
0.8003258 0.85669315 0.92002356
0.8042474 0.8606147 0.9239451
0.80974543 0.8591637 0.91699606
0.6372745 0.62125146 0.5992079
0.60751736 0.5538491 0.47392163
0.61143893 0.55777067 0.4778432
0.6153605 0.5630418 0.4748157
0.61928207 0.5669634 0.47873726
0.61928207 0.5683129 0.47178823
0.61143893 0.55912024 0.47089413
0.61143893 0.56046975 0.4639451
0.616937 0.55766916 0.4639451
0.62085855 0.56159073 0.46786666
0.6287017 0.56808436 0.48265883
0.63262326 0.5720059 0.4865804
0.63262326 0.57335544 0.47963136
0.6365448 0.577277 0.48355293
0.63262326 0.57335544 0.47963136
0.6365448 0.5786266 0.47660398
0.64988595 0.5836692 0.48444712
0.6420428 0.57582605 0.47660398
0.6420428 0.57717556 0.46965498
0.6514624 0.57964617 0.4666275
0.6334309 0.5560154 0.4292
0.63266224 0.54269814 0.3965883
0.62405044 0.5215379 0.3561334
0.61386216 0.5070997 0.3196
0.6185915 0.4923316 0.28003922
0.60840315 0.47654387 0.25045496
0.606058 0.4672497 0.23566279
0.6076344 0.46187717 0.22479221
0.61939913 0.47364187 0.23655692
0.62724227 0.481485 0.24440005
0.62724227 0.481485 0.24440005
0.61939913 0.47499144 0.22960782
0.63116384 0.48675615 0.24137256
0.63116384 0.48675615 0.24137256
0.6350854 0.4906777 0.24529412
0.6366619 0.48530516 0.23442361
0.64058346 0.48922673 0.23834518
0.644505 0.4931483 0.24226674
0.6484266 0.49706987 0.24618831
0.6601913 0.51018417 0.25100398
0.66803443 0.5193768 0.2518981
0.6562697 0.5076121 0.2401334
0.6601913 0.5115337 0.24405497
0.6601913 0.5115337 0.24405497
0.6484266 0.49976894 0.23229027
0.6500031 0.4916973 0.2353177
0.64215994 0.48385417 0.22747457
0.6460815 0.48912525 0.22444713
0.6617678 0.5048115 0.2401334
0.6813756 0.52441937 0.25974125
0.6852972 0.52834094 0.26366282
0.6813756 0.52441937 0.25974125
0.65392464 0.4969684 0.23229027
0.6500031 0.49304682 0.2283687
0.66568935 0.5087331 0.24405497
0.6578462 0.50088996 0.23621184
0.65550107 0.4902463 0.2283687
0.6672658 0.50336057 0.23318434
0.65550107 0.4902463 0.2283687
0.6672658 0.502011 0.2401334
0.6633442 0.499439 0.22926277
0.6672658 0.50336057 0.23318434
0.64765793 0.48240316 0.22052556
0.6303952 0.47478855 0.20181176
0.6578462 0.50088996 0.23621184
0.6500031 0.49304682 0.2283687
0.66411287 0.51410574 0.25492555
0.67899144 0.5471321 0.3210432
0.69621515 0.5894527 0.40195292
0.72208965 0.6209267 0.4472236
0.73619944 0.64333504 0.46683145
0.7283563 0.6354919 0.4589883
0.73227787 0.6380639 0.46985888
0.7503093 0.66304433 0.50033724
0.7463877 0.6591228 0.49641567
0.7228583 0.6355934 0.47288626
0.70325047 0.6159855 0.45327842
0.71893674 0.6316718 0.4689647
0.7228583 0.63424385 0.47983527
0.71893674 0.6303222 0.4759137
0.73070145 0.642087 0.4876784
0.72443473 0.62887126 0.4689647
0.71267 0.61710656 0.4572
0.71267 0.61710656 0.4572
0.71267 0.61710656 0.4572
0.71267 0.61710656 0.4572
0.7009053 0.60534185 0.4454353
0.70325047 0.6159855 0.45327842
0.7048269 0.6092634 0.44935685
0.71267 0.61710656 0.4572
0.70874846 0.613185 0.45327842
0.6930622 0.5988482 0.4306432
0.7009053 0.60669136 0.43848634
0.6773759 0.58316195 0.41495693
0.6812975 0.5870835 0.4188785
0.6812975 0.5870835 0.4188785
0.6656112 0.57004774 0.41014117
0.66795635 0.58069146 0.4179843
0.72520345 0.6448875 0.4876784
0.7212819 0.64096594 0.48375684
0.7095172 0.62920123 0.47199214
0.7448113 0.66449535 0.50728625
0.3996352 0.38206142 0.32132554
0.4129763 0.3884536 0.32221958
0.43808213 0.40796 0.32792944
0.4772978 0.44717568 0.36714512
0.48983127 0.47630614 0.39067453
0.49375284 0.47887817 0.40154508
0.49609798 0.4881723 0.41633722
0.42785484 0.42687818 0.36054122
0.41059217 0.417914 0.34877652
0.4066706 0.4126429 0.35180396
0.4129373 0.42585856 0.37051767
0.40509418 0.41801542 0.36267453
0.39175293 0.4116234 0.36178038
0.38783136 0.40770182 0.3578588
0.38783136 0.40770182 0.3578588
0.37606665 0.39593711 0.3460941
0.3823334 0.41050234 0.3578588
0.35722756 0.39234546 0.34519997
0.33369815 0.36881605 0.32167056
0.3164355 0.35985187 0.30990586
0.30467078 0.34808716 0.29814115
0.29840404 0.3348715 0.27942744
0.32900783 0.3502278 0.2920863
0.2960589 0.32422784 0.2715843
0.27802745 0.2992474 0.24110593
0.26626274 0.2874827 0.22934122
0.27725884 0.28188157 0.22934122
0.27883524 0.27515948 0.22541966
0.27806658 0.2577937 0.21365495
0.31889775 0.25018314 0.21454906
0.37460738 0.28099722 0.25376475
0.37852895 0.28491879 0.25768632
0.3376978 0.28848067 0.27763927
0.20663156 0.23655245 0.2695922
0.20501605 0.276631 0.34265888
0.30851427 0.4092747 0.48899612
0.4520359 0.5597453 0.64496475
0.5383104 0.6460198 0.73123926
0.4575339 0.5582943 0.63801575
0.17364348 0.24525844 0.3112863
0.17756505 0.24918 0.31520787
0.20736122 0.28592515 0.35745096
0.24892199 0.33578452 0.40450978
0.33127493 0.4167879 0.49381173
0.4042083 0.49667025 0.57919216
0.47871816 0.5698305 0.660651
0.503824 0.58798736 0.67330986
0.55096084 0.5669839 0.58902746
0.55330604 0.57627803 0.6038196
0.6975963 0.7400657 0.7924
0.7924827 0.8475005 0.91912943
0.78463954 0.8410069 0.9043373
0.7924827 0.8475005 0.91912943
0.79640424 0.8514221 0.923051
0.7885611 0.84357893 0.91520786
0.8042474 0.8606147 0.9239451
0.8003258 0.85669315 0.92002356
0.80582386 0.85524213 0.9130745
0.7831412 0.7783171 0.78386664
0.5879095 0.5328917 0.46126282
0.5934076 0.53279024 0.44736472
0.589486 0.5288687 0.44344315
0.6051723 0.54455495 0.45912942
0.6035958 0.5526266 0.45610195
0.60751736 0.5565482 0.46002352
0.61143893 0.56046975 0.4639451
0.62320364 0.57223445 0.4757098
0.6310468 0.5800776 0.48355293
0.63496834 0.58399916 0.4874745
0.6388899 0.5879207 0.49139607
0.6388899 0.5879207 0.49139607
0.64438796 0.58512014 0.49139607
0.6365448 0.577277 0.48355293
0.6365448 0.577277 0.48355293
0.6404664 0.58254814 0.48052555
0.6365448 0.5786266 0.47660398
0.6341997 0.5693324 0.46181184
0.6341997 0.5693324 0.46181184
0.6357761 0.5639599 0.45094123
0.6350074 0.5506428 0.41832948
0.62089753 0.53228307 0.3778745
0.62012887 0.5189659 0.34526283
0.6154386 0.50037766 0.31567842
0.60132873 0.4806683 0.2821726
0.60840315 0.4738448 0.26435292
0.59821486 0.45805705 0.23476867
0.611556 0.46444917 0.23566279
0.611556 0.46444917 0.23566279
0.6233207 0.47756344 0.24047849
0.6233207 0.478913 0.23352939
0.62724227 0.48283458 0.23745096
0.63116384 0.48675615 0.24137256
0.6350854 0.49202728 0.23834518
0.6366619 0.48530516 0.23442361
0.6484266 0.49706987 0.24618831
0.644505 0.4931483 0.24226674
0.644505 0.4931483 0.24226674
0.64058346 0.4905763 0.23139614
0.6562697 0.5062626 0.24708241
0.65234816 0.50369054 0.23621184
0.66803443 0.5193768 0.2518981
0.6601913 0.5115337 0.24405497
0.66411287 0.51545525 0.24797654
0.6500031 0.49304682 0.2283687
0.6460815 0.48912525 0.22444713
0.6500031 0.49304682 0.2283687
0.6578462 0.50088996 0.23621184
0.6578462 0.50088996 0.23621184
0.6696109 0.51265466 0.24797654
0.64215994 0.48520368 0.22052556
0.6343168 0.47736055 0.2126824
0.66568935 0.5087331 0.24405497
0.67745405 0.5204978 0.25581968
0.67745405 0.5204978 0.25581968
0.6735325 0.51657623 0.2518981
0.6751089 0.50985414 0.24797654
0.6672658 0.502011 0.2401334
0.6633442 0.49808943 0.23621184
0.65942264 0.49416786 0.23229027
0.65550107 0.4902463 0.2283687
0.6437363 0.4784816 0.21660396
0.6633442 0.49808943 0.23621184
0.64215994 0.48520368 0.22052556
0.6382383 0.48128211 0.21660396
0.64215994 0.48385417 0.22747457
0.655462 0.52360266 0.29751378
0.68210524 0.5683938 0.37539613
0.7024818 0.60131884 0.42761576
0.68287396 0.58306056 0.40105882
0.67110926 0.5699463 0.3962432
0.6538465 0.5609821 0.3844785
0.67345434 0.5792404 0.41103536
0.7283563 0.63279283 0.47288626
0.7267799 0.6395149 0.47680783
0.7267799 0.6395149 0.47680783
0.7228583 0.6355934 0.47288626
0.7503093 0.66169477 0.50728625
0.74246615 0.6538516 0.4994431
0.7267799 0.63816535 0.48375684
0.71893674 0.6316718 0.4689647
0.7009053 0.60534185 0.4454353
0.72051316 0.6249497 0.46504313
0.70874846 0.613185 0.45327842
0.6993289 0.612064 0.44935685
0.71267 0.61710656 0.4572
0.7267799 0.6395149 0.47680783
0.7150152 0.6277503 0.46504313
0.70874846 0.613185 0.45327842
0.71267 0.61710656 0.4572
0.7165916 0.62237763 0.4541726
0.7009053 0.60669136 0.43848634
0.7009053 0.60534185 0.4454353
0.6930622 0.5988482 0.4306432
0.7165916 0.6210281 0.46112156
0.70325047 0.6159855 0.45327842
0.6993289 0.61071444 0.45630586
0.7330466 0.65273064 0.49552155
0.73696816 0.65530264 0.50639224
0.7212819 0.64096594 0.48375684
0.7212819 0.64096594 0.48375684
0.36276466 0.3534894 0.289953
0.36668622 0.35876054 0.28692546
0.37218422 0.35730955 0.27997646
0.4176666 0.41109046 0.33095685
0.38863915 0.3903616 0.30742744
0.37137648 0.38139743 0.29566273
0.37137648 0.3800479 0.30261174
0.36353335 0.37220475 0.2947686
0.3541138 0.36973414 0.29779613
0.34627065 0.361891 0.289953
0.34627065 0.361891 0.289953
0.3211647 0.34508377 0.27034515
0.31332156 0.33724064 0.262502
0.29213732 0.32300535 0.25376475
0.3195883 0.35045633 0.28121573
0.29998046 0.3308485 0.2616079
0.27645105 0.30731907 0.23807847
0.26626274 0.29018182 0.21544318
0.25057647 0.27449554 0.1997569
0.24823146 0.26520136 0.18496469
0.257651 0.2663224 0.18888626
0.2843333 0.27910668 0.19067456
0.31101552 0.2891919 0.20636083
0.30709395 0.28527033 0.20243926
0.32201153 0.2862899 0.19246274
0.34634873 0.28843048 0.1864079
0.367533 0.3026658 0.19514515
0.38245052 0.3009863 0.19906671
0.40521124 0.30849946 0.2038824
0.3973681 0.29525813 0.22383529
0.39344653 0.28728792 0.24076077
0.38794857 0.28738934 0.25465888
0.34319586 0.28568012 0.27763927
0.21289821 0.24976817 0.2883059
0.21520436 0.2937683 0.3652941
0.35165152 0.45241195 0.53213334
0.47948688 0.5871963 0.67241573
0.52262414 0.63033354 0.715553
0.2842161 0.36972907 0.4467529
0.16972192 0.24133687 0.30736473
0.18540819 0.25702313 0.323051
0.21520436 0.2937683 0.3652941
0.2606867 0.34619966 0.4232235
0.31166708 0.39718005 0.47420388
0.36264747 0.44816044 0.5251843
0.39636517 0.48747754 0.5782981
0.46537703 0.56208885 0.66670585
0.63085157 0.7428109 0.8501255
0.7657614 0.8721213 0.9656392
0.78775334 0.86496776 0.94479215
0.7869847 0.850301 0.91912943
0.77522 0.8385363 0.9073647
0.79640424 0.8514221 0.923051
0.7885611 0.84357893 0.91520786
0.7650317 0.8200495 0.89167845
0.7650317 0.8200495 0.89167845
0.8042474 0.8606147 0.9239451
0.8003258 0.85669315 0.92002356
0.82781583 0.8507878 0.8783294
0.58398795 0.5289701 0.45734125
0.5934076 0.53279024 0.44736472
0.6051723 0.54455495 0.45912942
0.61143893 0.56046975 0.4639451
0.6035958 0.5526266 0.45610195
0.61143893 0.56046975 0.4639451
0.61143893 0.56046975 0.4639451
0.6153605 0.5643913 0.46786666
0.61143893 0.56046975 0.4639451
0.6130154 0.5537476 0.46002352
0.6287017 0.56943387 0.4757098
0.6310468 0.5800776 0.48355293
0.6404664 0.5811986 0.4874745
0.6522311 0.59431285 0.49229026
0.66007423 0.602156 0.5001334
0.65615267 0.5982344 0.49621183
0.65615267 0.5982344 0.49621183
0.6577291 0.5915123 0.49229026
0.6577291 0.59286183 0.48534125
0.63812125 0.573254 0.4657334
0.64361924 0.57180303 0.45878437
0.63735247 0.56128645 0.4261726
0.62874067 0.53877664 0.39266673
0.62247396 0.52826 0.36005497
0.61386216 0.5057502 0.32654902
0.6264346 0.4961261 0.30872947
0.6162463 0.48303744 0.26524705
0.606058 0.4672497 0.23566279
0.611556 0.46579874 0.22871378
0.611556 0.46579874 0.22871378
0.61547756 0.4697203 0.23263535
0.60371286 0.45930517 0.21392155
0.61939913 0.47499144 0.22960782
0.6248971 0.4721909 0.22960782
0.63274026 0.48138353 0.23050201
0.644505 0.4931483 0.24226674
0.65234816 0.50099146 0.25010988
0.65234816 0.50099146 0.25010988
0.644505 0.49449787 0.2353177
0.64058346 0.4905763 0.23139614
0.644505 0.49584737 0.2283687
0.6601913 0.5115337 0.24405497
0.6562697 0.5076121 0.2401334
0.6562697 0.5076121 0.2401334
0.66803443 0.5193768 0.2518981
0.6696109 0.51265466 0.24797654
0.6578462 0.50088996 0.23621184
0.65392464 0.4969684 0.23229027
0.6617678 0.5048115 0.2401334
0.6578462 0.50088996 0.23621184
0.66568935 0.5087331 0.24405497
0.6578462 0.50088996 0.23621184
0.66568935 0.5087331 0.24405497
0.6578462 0.50088996 0.23621184
0.6382383 0.48128211 0.21660396
0.6500031 0.49304682 0.2283687
0.64765793 0.48240316 0.22052556
0.65942264 0.49416786 0.23229027
0.6672658 0.502011 0.2401334
0.68295205 0.5176973 0.25581968
0.6868736 0.52161884 0.25974125
0.6790305 0.5137757 0.2518981
0.6672658 0.502011 0.2401334
0.6735325 0.51657623 0.2518981
0.66568935 0.5087331 0.24405497
0.66411287 0.51275617 0.2618746
0.67506987 0.5432105 0.31712162
0.6977915 0.5840801 0.3910824
0.69856024 0.59874684 0.4167451
0.7142465 0.61308354 0.43938047
0.68287396 0.581711 0.40800792
0.6750308 0.57386786 0.40016478
0.69698375 0.6027698 0.43456477
0.69698375 0.6027698 0.43456477
0.70874846 0.6145345 0.44632947
0.6930622 0.5974987 0.43759215
0.69698375 0.6014203 0.44151372
0.6891406 0.59357715 0.43367058
0.7385446 0.6512797 0.48857254
0.72051316 0.6249497 0.46504313
0.71267 0.61710656 0.4572
0.7048269 0.6106129 0.4424079
0.71267 0.61710656 0.4572
0.73227787 0.6367144 0.47680783
0.7283563 0.63279283 0.47288626
0.73227787 0.6367144 0.47680783
0.73227787 0.6367144 0.47680783
0.72443473 0.62887126 0.4689647
0.73227787 0.6367144 0.47680783
0.7048269 0.6092634 0.44935685
0.69698375 0.6027698 0.43456477
0.69698375 0.6027698 0.43456477
0.7009053 0.60669136 0.43848634
0.70874846 0.613185 0.45327842
0.70874846 0.613185 0.45327842
0.72051316 0.6249497 0.46504313
0.71893674 0.6303222 0.4759137
0.7330466 0.6513811 0.5024706
0.729125 0.6474595 0.49854907
0.71343875 0.63177323 0.4828628
0.73696816 0.6566522 0.4994431
0.31570584 0.30643058 0.24289416
0.31805092 0.31842384 0.24378821
0.31412935 0.3158518 0.23291764
0.30078825 0.3108092 0.2250745
0.2968667 0.30688763 0.22115293
0.28902355 0.2990445 0.2133098
0.28510198 0.29512292 0.20938823
0.27333727 0.28335822 0.19762352
0.27725884 0.28727978 0.20154509
0.26549414 0.27551508 0.18978038
0.26157257 0.2715935 0.18585882
0.25372943 0.26375037 0.17801568
0.25530583 0.25702828 0.17409408
0.27491367 0.27798566 0.18675299
0.2709921 0.27271456 0.18978038
0.28825486 0.28302824 0.19459613
0.32120383 0.3076787 0.2220471
0.29140767 0.2709336 0.17980397
0.32516444 0.27554476 0.17072162
0.34008202 0.27656436 0.16074514
0.367533 0.30401534 0.18819612
0.41774464 0.34032905 0.21351372
0.4365838 0.3452702 0.20745887
0.46718764 0.36197606 0.2131686
0.50955623 0.3904466 0.23064318
0.5307405 0.40603146 0.23243135
0.5597679 0.42810985 0.24901174
0.58095217 0.4409956 0.26469803
0.58095217 0.43964607 0.27164704
0.534662 0.4018557 0.27804708
0.4240504 0.30399376 0.24647063
0.38010544 0.27819666 0.25376475
0.3392743 0.28175855 0.2737177
0.22074136 0.2562618 0.30309802
0.24107885 0.32659182 0.40361565
0.3908672 0.49027807 0.5782981
0.5045927 0.60400355 0.6920236
0.46145546 0.5622159 0.6419373
0.19325134 0.26351675 0.33784312
0.17914154 0.24245787 0.3112863
0.20893762 0.28055257 0.34658045
0.2348122 0.31337613 0.38490194
0.26460826 0.3514708 0.42019606
0.29129055 0.36155596 0.43588233
0.30071017 0.36267698 0.4398039
0.30463174 0.36659855 0.44372547
0.40109447 0.46866077 0.5595843
0.5916359 0.7035952 0.8109098
0.6920203 0.8109286 0.92374116
0.76810646 0.88141537 0.9804313
0.7971729 0.8674383 0.9417647
0.7830631 0.8450299 0.9221568
0.7595337 0.8215005 0.8986274
0.753267 0.8082848 0.87991375
0.77287483 0.82789266 0.8995216
0.79640424 0.8527716 0.916102
0.79640424 0.8527716 0.916102
0.8042474 0.8606147 0.9239451
0.8128982 0.84976816 0.8883059
0.5824116 0.5343427 0.46821177
0.589486 0.5288687 0.44344315
0.5934076 0.53279024 0.44736472
0.59732914 0.5380613 0.44433725
0.6051723 0.54590446 0.4521804
0.61143893 0.56046975 0.4639451
0.61928207 0.5683129 0.47178823
0.63262326 0.57335544 0.47963136
0.63262326 0.57335544 0.47963136
0.62085855 0.56159073 0.46786666
0.6247801 0.5655123 0.47178823
0.616937 0.55901873 0.45699614
0.616937 0.55901873 0.45699614
0.62085855 0.5629403 0.4609177
0.62085855 0.5629403 0.4609177
0.6247801 0.56686187 0.46483928
0.63262326 0.574705 0.47268242
0.6341997 0.5679829 0.46876085
0.63812125 0.573254 0.4657334
0.6341997 0.5693324 0.46181184
0.6514624 0.5782966 0.47357655
0.6491172 0.5703521 0.45183527
0.64127403 0.565208 0.43009418
0.64442694 0.5558125 0.4014039
0.6436583 0.5424953 0.36879224
0.638968 0.52390707 0.33920783
0.6421209 0.515861 0.30356863
0.6178227 0.4790144 0.2474275
0.611556 0.46444917 0.23566279
0.61547756 0.4697203 0.23263535
0.61939913 0.47364187 0.23655692
0.61547756 0.47106987 0.22568625
0.62724227 0.48283458 0.23745096
0.6209756 0.46826932 0.22568625
0.6248971 0.4735404 0.22265887
0.6248971 0.4735404 0.22265887
0.62881875 0.47746196 0.22658044
0.6209756 0.46961883 0.2187373
0.62881875 0.47746196 0.22658044
0.6484266 0.49841943 0.23923928
0.6562697 0.5076121 0.2401334
0.66411287 0.51545525 0.24797654
0.66411287 0.51545525 0.24797654
0.65234816 0.50369054 0.23621184
0.65234816 0.50369054 0.23621184
0.6562697 0.5089617 0.23318434
0.6617678 0.5061611 0.23318434
0.6578462 0.50088996 0.23621184
0.67745405 0.5204978 0.25581968
0.6735325 0.51657623 0.2518981
0.6735325 0.51657623 0.2518981
0.6578462 0.50088996 0.23621184
0.6500031 0.49304682 0.2283687
0.6578462 0.50088996 0.23621184
0.6578462 0.50088996 0.23621184
0.6578462 0.50088996 0.23621184
0.6578462 0.50088996 0.23621184
0.65942264 0.49416786 0.23229027
0.65942264 0.49416786 0.23229027
0.65550107 0.4902463 0.2283687
0.6319716 0.4667169 0.20483926
0.63589317 0.4692889 0.21570984
0.6319716 0.46536732 0.21178827
0.6382383 0.47993255 0.22355297
0.6343168 0.47601098 0.2196314
0.6562697 0.50491303 0.25403145
0.66722673 0.53401786 0.31622747
0.7095562 0.5944953 0.40979606
0.7260112 0.6261978 0.44419608
0.7416975 0.6418841 0.45988235
0.71032494 0.61051154 0.4285098
0.69856024 0.59739727 0.4236942
0.6891406 0.59492666 0.42672163
0.70874846 0.6145345 0.44632947
0.7165916 0.6210281 0.46112156
0.69698375 0.6027698 0.43456477
0.6930622 0.5974987 0.43759215
0.68521905 0.5910051 0.42280006
0.6930622 0.5974987 0.43759215
0.6891406 0.59357715 0.43367058
0.69856024 0.5960477 0.4306432
0.71032494 0.6078124 0.4424079
0.68287396 0.5803614 0.41495693
0.68287396 0.5803614 0.41495693
0.6907171 0.58820456 0.42280006
0.68287396 0.5803614 0.41495693
0.67110926 0.5685967 0.40319222
0.69463867 0.59212613 0.42672163
0.70874846 0.6145345 0.44632947
0.7165916 0.62237763 0.4541726
0.69698375 0.6027698 0.43456477
0.71267 0.61845607 0.45025104
0.72443473 0.62887126 0.4689647
0.72051316 0.6249497 0.46504313
0.72443473 0.62887126 0.4689647
0.7110936 0.6224791 0.46807057
0.70717204 0.6185576 0.464149
0.73696816 0.65530264 0.50639224
0.73696816 0.65530264 0.50639224
0.729125 0.6474595 0.49854907
0.72520345 0.64353794 0.4946275
0.25138426 0.25175714 0.17712155
0.23961955 0.24134201 0.1584078
0.23177642 0.23484841 0.14361572
0.23177642 0.23619795 0.1366667
0.23961955 0.24404109 0.14450984
0.24511759 0.24124053 0.14450984
0.24903916 0.2451621 0.1484314
0.2812194 0.25379637 0.15716863
0.2772978 0.25122434 0.14629802
0.29063898 0.2562669 0.15414116
0.29221547 0.24954477 0.15021959
0.29379186 0.24282268 0.14629802
0.34242716 0.28315938 0.18943527
0.3863721 0.30220875 0.21688625
0.4091328 0.30972192 0.22170201
0.40363485 0.31657112 0.20085488
0.44365823 0.33574754 0.2035373
0.48602682 0.3669172 0.20711377
0.5087875 0.37577993 0.20498037
0.5378149 0.3992079 0.21461181
0.5652659 0.42665887 0.24206279
0.59821486 0.45265883 0.26256475
0.59821486 0.4540084 0.2556157
0.6233207 0.47081572 0.27522355
0.64292854 0.49042356 0.29483145
0.64058346 0.48112944 0.28003922
0.64058346 0.48112944 0.28003922
0.64058346 0.48112944 0.28003922
0.6366619 0.4745088 0.29001576
0.5597679 0.4213621 0.28375685
0.42012882 0.30142176 0.2356
0.3722623 0.27170306 0.23897259
0.33377624 0.28320956 0.2806667
0.23642763 0.269249 0.33268234
0.27479655 0.36590892 0.45672944
0.40889865 0.516608 0.6018275
0.49674958 0.59481096 0.6911294
0.34461612 0.42318004 0.49470586
0.17837285 0.22914073 0.27867448
0.18856108 0.24627802 0.30130976
0.22151011 0.27092844 0.32876077
0.24346305 0.29983044 0.36316082
0.26307088 0.31943828 0.38276866
0.27014536 0.31261474 0.364949
0.24192569 0.26779795 0.3257333
0.24192569 0.26779795 0.3257333
0.47014537 0.5085661 0.5857961
0.5210867 0.59425247 0.6989725
0.59555745 0.7075168 0.8148314
0.69594187 0.81485015 0.92766273
0.76968294 0.8746933 0.9765098
0.76030236 0.8375168 0.9173412
0.77914155 0.8411083 0.9182353
0.7869847 0.850301 0.91912943
0.7885611 0.84357893 0.91520786
0.7885611 0.84357893 0.91520786
0.79640424 0.8527716 0.916102
0.8003258 0.85669315 0.92002356
0.8113218 0.8537912 0.9061255
0.5847567 0.54363686 0.4830039
0.5918311 0.5381628 0.45823535
0.59575266 0.5447835 0.44825882
0.5996742 0.54870504 0.4521804
0.5996742 0.54870504 0.4521804
0.5996742 0.54870504 0.4521804
0.61143893 0.55912024 0.47089413
0.60751736 0.5565482 0.46002352
0.6130154 0.5537476 0.46002352
0.60909384 0.549826 0.45610195
0.616937 0.55766916 0.4639451
0.63262326 0.57335544 0.47963136
0.6365448 0.577277 0.48355293
0.6483095 0.5903913 0.4883687
0.64438796 0.5864697 0.48444712
0.64438796 0.5864697 0.48444712
0.6404664 0.58254814 0.48052555
0.6365448 0.5786266 0.47660398
0.63812125 0.5719045 0.47268242
0.6302781 0.56406134 0.46483928
0.6341997 0.5693324 0.46181184
0.64361924 0.57180303 0.45878437
0.64127403 0.56250894 0.44399214
0.6310858 0.5480708 0.4074589
0.6420818 0.5465183 0.38661176
0.63739157 0.5292796 0.35007843
0.63662285 0.517312 0.31051773
0.6319326 0.49872378 0.28093335
0.6295874 0.49077916 0.25919223
0.61547756 0.46837074 0.23958436
0.6233207 0.47756344 0.24047849
0.62724227 0.481485 0.24440005
0.61939913 0.47499144 0.22960782
0.62724227 0.48283458 0.23745096
0.6366619 0.48530516 0.23442361
0.63274026 0.48138353 0.23050201
0.62881875 0.47746196 0.22658044
0.62881875 0.47746196 0.22658044
0.6343168 0.4746614 0.22658044
0.6343168 0.47601098 0.2196314
0.617054 0.46704683 0.2078667
0.6366619 0.48665473 0.22747457
0.644505 0.49584737 0.2283687
0.6601913 0.5115337 0.24405497
0.66803443 0.5193768 0.2518981
0.6601913 0.51288325 0.2371059
0.65392464 0.49831796 0.2253412
0.66568935 0.51008266 0.2371059
0.6500031 0.4943964 0.22141963
0.6578462 0.5022395 0.22926277
0.66568935 0.51008266 0.2371059
0.6735325 0.5179258 0.24494904
0.6696109 0.51400423 0.24102747
0.6617678 0.5061611 0.23318434
0.6578462 0.50088996 0.23621184
0.6500031 0.49304682 0.2283687
0.65392464 0.4969684 0.23229027
0.65392464 0.4969684 0.23229027
0.65942264 0.49416786 0.23229027
0.65550107 0.4902463 0.2283687
0.65550107 0.4902463 0.2283687
0.6437363 0.47713202 0.22355297
0.6437363 0.47713202 0.22355297
0.6617678 0.503462 0.24708241
0.6696109 0.51130515 0.25492555
0.644505 0.49179873 0.24921569
0.6868346 0.55227613 0.34278432
0.69386995 0.578809 0.3941098
0.688372 0.58026 0.40105882
0.6750308 0.5752174 0.3932157
0.6844504 0.5763384 0.39713725
0.6750308 0.57386786 0.40016478
0.69463867 0.5934757 0.41977262
0.73227787 0.6380639 0.46985888
0.7440426 0.6484791 0.48857254
0.7283563 0.63279283 0.47288626
0.7048269 0.6092634 0.44935685
0.7009053 0.60669136 0.43848634
0.6930622 0.5988482 0.4306432
0.69856024 0.5960477 0.4306432
0.69463867 0.59212613 0.42672163
0.6907171 0.58820456 0.42280006
0.6789524 0.57643986 0.41103536
0.6671877 0.56467515 0.39927065
0.6907171 0.58820456 0.42280006
0.68287396 0.5803614 0.41495693
0.6750308 0.5725183 0.4071138
0.6789524 0.57643986 0.41103536
0.6789524 0.57643986 0.41103536
0.68679553 0.584283 0.4188785
0.67110926 0.5685967 0.40319222
0.655423 0.55291045 0.38750595
0.6695328 0.5753188 0.4071138
0.68521905 0.5910051 0.42280006
0.6930622 0.5988482 0.4306432
0.70874846 0.613185 0.45327842
0.7009053 0.60534185 0.4454353
0.7228583 0.63424385 0.47983527
0.7267799 0.63816535 0.48375684
0.70717204 0.617208 0.4710981
0.71893674 0.62897265 0.4828628
0.2482704 0.22644678 0.14361572
0.24042727 0.21995321 0.12882356
0.24984682 0.22377335 0.118847035
0.2765292 0.23655757 0.12063533
0.2992899 0.24542029 0.11850193
0.30713305 0.25326347 0.12634508
0.33381528 0.2646982 0.13508235
0.36599556 0.27468196 0.13687064
0.3965994 0.2900383 0.14952946
0.42328173 0.301473 0.15826665
0.44996402 0.31020865 0.180902
0.43743056 0.27568 0.18516861
0.4452737 0.28217357 0.19996083
0.48214424 0.30939603 0.2382824
0.5017521 0.331703 0.24399213
0.55665404 0.3933527 0.264149
0.5974462 0.43394348 0.25774908
0.617054 0.45625046 0.26345885
0.6248971 0.46544316 0.26435292
0.6248971 0.46544316 0.26435292
0.644505 0.485051 0.2839608
0.6366619 0.47720787 0.27611765
0.6366619 0.47720787 0.27611765
0.64058346 0.48112944 0.28003922
0.644505 0.485051 0.2839608
0.644505 0.48370144 0.2909099
0.639007 0.4838029 0.3048079
0.62724227 0.47203815 0.2930432
0.60997957 0.4603749 0.29517645
0.54250515 0.40565023 0.30673724
0.41620725 0.2948011 0.24557652
0.37068582 0.27707565 0.24984318
0.3376978 0.2857816 0.29153723
0.24269436 0.28381422 0.34444705
0.3045927 0.40400356 0.49202356
0.4285065 0.53486633 0.6283843
0.421471 0.5056344 0.59095687
0.19721194 0.23138282 0.28651762
0.18467855 0.20630094 0.24214122
0.19644326 0.21806565 0.25390592
0.22154908 0.23352341 0.28046277
0.25292164 0.26489598 0.31183535
0.2568432 0.26881754 0.31575692
0.26234117 0.26871613 0.3018588
0.26549414 0.25527185 0.29401568
0.27568242 0.27240908 0.31665102
0.5046708 0.52649444 0.6093255
0.47794947 0.5511152 0.6558353
0.5045927 0.60130453 0.70592153
0.5822164 0.7024742 0.80698824
0.6920203 0.8109286 0.92374116
0.7524202 0.8657291 0.96474504
0.7955965 0.8728109 0.9526353
0.7948278 0.85814416 0.92697257
0.79640424 0.8514221 0.923051
0.78463954 0.83965737 0.9112863
0.7924827 0.84885 0.9121804
0.8003258 0.85669315 0.92002356
0.80347866 0.84594804 0.89828235
0.5831802 0.5476598 0.5008236
0.55103904 0.50431967 0.42989028
0.57222325 0.518555 0.4386275
0.5800664 0.5263981 0.44647065
0.58398795 0.53166926 0.44344315
0.6051723 0.54455495 0.45912942
0.6012507 0.5406334 0.45520785
0.6051723 0.54455495 0.45912942
0.60909384 0.5484765 0.463051
0.62085855 0.56159073 0.46786666
0.6130154 0.5537476 0.46002352
0.6130154 0.5537476 0.46002352
0.60909384 0.549826 0.45610195
0.616937 0.55901873 0.45699614
0.6130154 0.55509716 0.45307457
0.6185134 0.55229664 0.45307457
0.6341997 0.5679829 0.46876085
0.6459644 0.5797476 0.48052555
0.64988595 0.5836692 0.48444712
0.6538075 0.58759075 0.4883687
0.64988595 0.5836692 0.48444712
0.64988595 0.5850187 0.4774981
0.6357761 0.5639599 0.45094123
0.6451956 0.5677801 0.4409647
0.63423866 0.53597605 0.39266673
0.63581514 0.5333026 0.3678981
0.6287797 0.5067698 0.3165726
0.6185915 0.4923316 0.28003922
0.6123247 0.47911587 0.26132548
0.61390114 0.47509283 0.24350592
0.6233207 0.47621387 0.2474275
0.62724227 0.48283458 0.23745096
0.61939913 0.47499144 0.22960782
0.61547756 0.47106987 0.22568625
0.62881875 0.47746196 0.22658044
0.63274026 0.48138353 0.23050201
0.6366619 0.48530516 0.23442361
0.644505 0.4931483 0.24226674
0.6366619 0.48665473 0.22747457
0.64215994 0.48385417 0.22747457
0.6343168 0.47601098 0.2196314
0.62881875 0.47881153 0.2196314
0.63274026 0.4827331 0.22355297
0.6500031 0.49304682 0.2283687
0.6500031 0.49304682 0.2283687
0.64215994 0.48520368 0.22052556
0.6578462 0.5022395 0.22926277
0.66568935 0.51008266 0.2371059
0.6735325 0.51657623 0.2518981
0.6696109 0.51265466 0.24797654
0.66568935 0.5087331 0.24405497
0.6617678 0.5048115 0.2401334
0.6578462 0.50088996 0.23621184
0.6617678 0.5048115 0.2401334
0.6696109 0.51265466 0.24797654
0.67745405 0.5204978 0.25581968
0.6696109 0.51265466 0.24797654
0.6735325 0.51657623 0.2518981
0.6672658 0.502011 0.2401334
0.6633442 0.49808943 0.23621184
0.65550107 0.4902463 0.2283687
0.65550107 0.4902463 0.2283687
0.6515795 0.48632473 0.22444713
0.6578462 0.50088996 0.23621184
0.6578462 0.49954045 0.24316084
0.6625364 0.5167792 0.2796942
0.6578072 0.53154725 0.3192549
0.6687641 0.56200165 0.37450194
0.6805289 0.57241684 0.3932157
0.6907171 0.5909037 0.40890196
0.6844504 0.5763384 0.39713725
0.6907171 0.5909037 0.40890196
0.69856024 0.59739727 0.4236942
0.71267 0.61845607 0.45025104
0.6930622 0.5988482 0.4306432
0.7165916 0.62237763 0.4541726
0.68287396 0.5803614 0.41495693
0.6789524 0.57643986 0.41103536
0.69463867 0.59212613 0.42672163
0.7064034 0.60389084 0.43848634
0.7142465 0.611734 0.44632947
0.7299328 0.62742025 0.46201575
0.7181681 0.61565554 0.45025104
0.72208965 0.6195771 0.4541726
0.71032494 0.6064629 0.44935685
0.69856024 0.5960477 0.4306432
0.68679553 0.584283 0.4188785
0.6789524 0.57643986 0.41103536
0.6789524 0.5777894 0.40408635
0.68679553 0.584283 0.4188785
0.68679553 0.584283 0.4188785
0.6789524 0.57643986 0.41103536
0.6891406 0.59492666 0.42672163
0.7024818 0.59996927 0.43456477
0.6891406 0.59492666 0.42672163
0.7064034 0.60389084 0.43848634
0.69698375 0.6014203 0.44151372
0.71267 0.61710656 0.4572
0.7110936 0.6224791 0.46807057
0.69540733 0.60544324 0.4593334
0.6938309 0.6121654 0.46325496
0.30321148 0.24529321 0.14327064
0.33696818 0.251254 0.12723921
0.39425433 0.2807441 0.13473724
0.43662283 0.31056425 0.1452628
0.46722668 0.32727012 0.15097253
0.4907561 0.35214907 0.167553
0.51743835 0.3622343 0.18323927
0.5503874 0.3895838 0.1967922
0.5676501 0.40124705 0.19465882
0.5911795 0.4234269 0.22513723
0.5927559 0.4140057 0.23511377
0.5315873 0.33644122 0.21014117
0.5080579 0.3075136 0.21440789
0.53943044 0.33888614 0.24578044
0.5574618 0.36926475 0.24846272
0.58960307 0.4234013 0.2638039
0.6303952 0.46129304 0.27130198
0.6366619 0.47720787 0.27611765
0.6248971 0.46544316 0.26435292
0.63274026 0.47193673 0.27914512
0.63274026 0.47193673 0.27914512
0.61939913 0.46689415 0.27130198
0.611556 0.45770144 0.2704079
0.60056 0.45925388 0.29125488
0.5872189 0.45286176 0.2903608
0.5762229 0.4544142 0.31120783
0.5573837 0.44812348 0.3242118
0.53854454 0.44183278 0.33721572
0.5173603 0.4248984 0.34237644
0.4585368 0.3620262 0.30440003
0.39187014 0.29266047 0.25163135
0.36676425 0.27315408 0.24592161
0.3376978 0.2857816 0.29153723
0.25995705 0.2927784 0.35621175
0.33911806 0.4232815 0.50860393
0.41520435 0.4924187 0.5722431
0.24976882 0.27564108 0.33357644
0.19725105 0.19532728 0.23127055
0.21451373 0.20564102 0.23608625
0.23177642 0.21595472 0.24090199
0.24746269 0.231641 0.25658828
0.26314896 0.24597776 0.2792235
0.2709921 0.2538209 0.28706664
0.26707053 0.24989933 0.28314507
0.25530583 0.2381346 0.27138036
0.257651 0.24607918 0.2931216
0.54780805 0.5696317 0.6524628
0.5830631 0.6382822 0.756902
0.46460828 0.54472303 0.6549412
0.5045927 0.59995496 0.7128706
0.5782948 0.6972031 0.8100157
0.68260074 0.80980754 0.9198196
0.74692225 0.86718005 0.9716941
0.79951805 0.87673247 0.95655686
0.7948278 0.85814416 0.92697257
0.7885611 0.84357893 0.91520786
0.7924827 0.8475005 0.91912943
0.79640424 0.8527716 0.916102
0.79405916 0.8434774 0.9013098
0.536851 0.545925 0.5624707
0.55726665 0.5468432 0.5385961
0.58237255 0.5663495 0.5443059
0.6019804 0.58595735 0.56391376
0.60355675 0.5805848 0.5530431
0.56826264 0.5452907 0.517749
0.56983906 0.5399181 0.50687844
0.5674939 0.53197354 0.4851373
0.5831802 0.5476598 0.5008236
0.5674939 0.5333231 0.4781883
0.5808351 0.5397153 0.47908235
0.5925998 0.55148 0.49084705
0.6082861 0.56851584 0.49958432
0.6161292 0.576359 0.50742745
0.6177057 0.57098633 0.49655694
0.6020194 0.55530006 0.48087066
0.6035958 0.54992753 0.47000006
0.6130154 0.5523981 0.46697256
0.6130154 0.5523981 0.46697256
0.6130154 0.5523981 0.46697256
0.62085855 0.5602412 0.4748157
0.6483095 0.5876922 0.50226665
0.66007423 0.5994569 0.51403135
0.66714865 0.5939829 0.48926282
0.66245836 0.57674426 0.4527294
0.64600337 0.5490903 0.39748234
0.64915633 0.5396947 0.36879224
0.6405444 0.5185345 0.3283373
0.6303562 0.50409627 0.29180393
0.6240895 0.49223015 0.26614124
0.62566584 0.48550802 0.26221967
0.62724227 0.481485 0.24440005
0.63116384 0.48675615 0.24137256
0.6350854 0.4906777 0.24529412
0.62881875 0.47746196 0.22658044
0.62881875 0.47746196 0.22658044
0.62881875 0.47746196 0.22658044
0.64058346 0.4905763 0.23139614
0.6484266 0.49841943 0.23923928
0.644505 0.49449787 0.2353177
0.644505 0.49449787 0.2353177
0.6484266 0.49841943 0.23923928
0.6484266 0.49976894 0.23229027
0.6500031 0.49304682 0.2283687
0.6500031 0.49304682 0.2283687
0.64215994 0.48520368 0.22052556
0.6343168 0.47736055 0.2126824
0.64215994 0.48520368 0.22052556
0.6460815 0.48912525 0.22444713
0.65392464 0.4969684 0.23229027
0.6460815 0.48912525 0.22444713
0.6578462 0.50088996 0.23621184
0.6617678 0.5048115 0.2401334
0.6578462 0.50088996 0.23621184
0.6578462 0.50088996 0.23621184
0.6578462 0.50088996 0.23621184
0.6696109 0.51265466 0.24797654
0.66568935 0.5087331 0.24405497
0.6696109 0.51265466 0.24797654
0.66568935 0.5087331 0.24405497
0.67745405 0.5204978 0.25581968
0.66568935 0.5087331 0.24405497
0.6460815 0.48912525 0.22444713
0.6500031 0.49304682 0.2283687
0.6484266 0.49841943 0.23923928
0.6703795 0.5246223 0.28753734
0.6797601 0.55909973 0.360604
0.7040583 0.59594625 0.4167451
0.7079798 0.6012173 0.41371763
0.7064034 0.60793954 0.4176392
0.6844504 0.5763384 0.39713725
0.6805289 0.57241684 0.3932157
0.6671877 0.5673743 0.38537255
0.6671877 0.5660247 0.39232165
0.6750308 0.57386786 0.40016478
0.68679553 0.584283 0.4188785
0.69463867 0.59212613 0.42672163
0.69463867 0.59212613 0.42672163
0.7024818 0.60131884 0.42761576
0.7142465 0.611734 0.44632947
0.7024818 0.59996927 0.43456477
0.68679553 0.584283 0.4188785
0.67110926 0.5685967 0.40319222
0.6789524 0.57643986 0.41103536
0.69856024 0.5946982 0.43759215
0.7064034 0.6025413 0.4454353
0.7181681 0.61565554 0.45025104
0.7260112 0.6234987 0.45809418
0.7142465 0.611734 0.44632947
0.7024818 0.59996927 0.43456477
0.7299328 0.62742025 0.46201575
0.72051316 0.6262992 0.45809418
0.7048269 0.6106129 0.4424079
0.69463867 0.59212613 0.42672163
0.66168964 0.5674757 0.39927065
0.6750308 0.5725183 0.4071138
0.6695328 0.5753188 0.4071138
0.67345434 0.5778909 0.4179843
0.6891406 0.59357715 0.43367058
0.67972106 0.59110653 0.43669802
0.6993289 0.61071444 0.45630586
0.384027 0.29696327 0.18124704
0.47349343 0.3377867 0.18358436
0.5519638 0.3842112 0.18592155
0.5809912 0.4076392 0.19555299
0.5966775 0.42332548 0.21123926
0.6084422 0.43509018 0.22300397
0.61394024 0.4322896 0.22300397
0.6217834 0.44148225 0.22389808
0.6178618 0.43621117 0.22692554
0.6178618 0.43756068 0.21997651
0.61394024 0.42959052 0.23690194
0.5809912 0.40089145 0.23029809
0.5692265 0.3850781 0.23938043
0.60294425 0.4270943 0.2785961
0.60921085 0.4416596 0.2903608
0.61939913 0.46149594 0.299098
0.61547756 0.45892394 0.28822744
0.60213643 0.45253175 0.2873333
0.5887953 0.44748917 0.27949017
0.5699562 0.4411985 0.29249412
0.55661505 0.43345678 0.29854906
0.5377759 0.42851564 0.30460396
0.5150151 0.41965294 0.30673724
0.50167406 0.41191122 0.31279218
0.49459958 0.4187348 0.33061174
0.4930232 0.42275777 0.3484314
0.47418404 0.41916618 0.34753728
0.4781056 0.42038867 0.36535683
0.4663409 0.4072744 0.36054122
0.41693696 0.34822235 0.31258827
0.367533 0.29051986 0.25768632
0.3440036 0.26564088 0.24110593
0.3259331 0.2740169 0.27977252
0.26549414 0.25662142 0.28706664
0.32508627 0.33011165 0.37155297
0.29921183 0.29728806 0.33323136
0.24354112 0.22636989 0.25961566
0.24511759 0.2209973 0.24874513
0.25296074 0.22884044 0.25658828
0.2584587 0.22603992 0.25658828
0.2568823 0.23276201 0.26050985
0.25296074 0.22884044 0.25658828
0.25138426 0.23421302 0.2674588
0.25138426 0.23421302 0.2674588
0.24980785 0.23958558 0.27832937
0.24273334 0.24505964 0.30309802
0.5030943 0.5291679 0.6340942
0.22151011 0.25743297 0.39825094
0.6340435 0.687913 0.8148314
0.48029456 0.5604093 0.6706275
0.5163574 0.6130692 0.7176863
0.62535363 0.7442619 0.8570745
0.67318106 0.80733705 0.9228471
0.7508438 0.8711016 0.9756157
0.8073612 0.8845756 0.9644
0.7869847 0.850301 0.91912943
0.78463954 0.83965737 0.9112863
0.79640424 0.8527716 0.916102
0.79405916 0.8434774 0.9013098
0.82700807 0.86947745 0.92181176
0.8246629 0.86153287 0.9000706
0.8285845 0.866804 0.89704317
0.8262394 0.85616034 0.88920003
0.8262394 0.85616034 0.88920003
0.830161 0.8600819 0.8931216
0.83408254 0.8640035 0.89704317
0.8380041 0.86792505 0.90096474
0.8380041 0.8692746 0.89401567
0.8380041 0.8692746 0.89401567
0.8419257 0.8731962 0.89793724
0.85134524 0.8743172 0.9018588
0.8474237 0.87039566 0.89793724
0.85134524 0.87566674 0.8949098
0.8568432 0.8728662 0.8949098
0.83331376 0.8493368 0.8713804
0.83723533 0.8532584 0.87530196
0.8176275 0.8336505 0.8556941
0.79801965 0.81539226 0.8291373
0.7509608 0.76698387 0.78902745
0.72900784 0.7380819 0.75462747
0.70155686 0.7119804 0.7202275
0.67176086 0.6738857 0.68493336
0.60355675 0.57923526 0.5599922
0.6295093 0.5466956 0.45307457
0.6483485 0.5556854 0.4261726
0.655423 0.55156094 0.3944549
0.65699947 0.54888743 0.36968628
0.64838755 0.5277272 0.32923144
0.6421209 0.515861 0.30356863
0.6319326 0.49872378 0.28093335
0.6295874 0.49212873 0.25224322
0.639007 0.49324977 0.2561648
0.61547756 0.47106987 0.22568625
0.61547756 0.47106987 0.22568625
0.6209756 0.46961883 0.2187373
0.63274026 0.48138353 0.23050201
0.6366619 0.48530516 0.23442361
0.644505 0.49449787 0.2353177
0.644505 0.49449787 0.2353177
0.64058346 0.4905763 0.23139614
0.644505 0.49449787 0.2353177
0.6601913 0.5115337 0.24405497
0.65234816 0.50369054 0.23621184
0.66803443 0.5193768 0.2518981
0.6601913 0.5115337 0.24405497
0.6500031 0.49304682 0.2283687
0.6500031 0.49304682 0.2283687
0.6578462 0.50088996 0.23621184
0.6500031 0.49304682 0.2283687
0.6382383 0.47993255 0.22355297
0.6343168 0.47736055 0.2126824
0.64215994 0.48385417 0.22747457
0.6460815 0.48912525 0.22444713
0.6672658 0.502011 0.2401334
0.6617678 0.5048115 0.2401334
0.66568935 0.5087331 0.24405497
0.6696109 0.51265466 0.24797654
0.66568935 0.5073836 0.25100398
0.66568935 0.5087331 0.24405497
0.6617678 0.5048115 0.2401334
0.6735325 0.51657623 0.2518981
0.6578462 0.50088996 0.23621184
0.6562697 0.5062626 0.24708241
0.6586148 0.5142071 0.26882353
0.677415 0.55250466 0.33191374
0.69386995 0.58015853 0.38716084
0.7040583 0.5972958 0.40979606
0.69856024 0.59874684 0.4167451
0.69856024 0.59874684 0.4167451
0.68679553 0.58698213 0.4049804
0.68287396 0.58306056 0.40105882
0.6907171 0.5909037 0.40890196
0.6907171 0.58955413 0.41585106
0.6789524 0.57643986 0.41103536
0.6891406 0.59492666 0.42672163
0.7024818 0.59996927 0.43456477
0.6891406 0.59492666 0.42672163
0.69856024 0.5960477 0.4306432
0.69463867 0.59212613 0.42672163
0.69463867 0.5907766 0.43367058
0.71032494 0.6078124 0.4424079
0.7024818 0.59996927 0.43456477
0.68679553 0.584283 0.4188785
0.7064034 0.60389084 0.43848634
0.69856024 0.5960477 0.4306432
0.68679553 0.584283 0.4188785
0.65934455 0.556832 0.39142752
0.6515014 0.55033845 0.37663537
0.67110926 0.5685967 0.40319222
0.7024818 0.59996927 0.43456477
0.7009053 0.60669136 0.43848634
0.6930622 0.5988482 0.4306432
0.69698375 0.6027698 0.43456477
0.72051316 0.6262992 0.45809418
0.7299328 0.62742025 0.46201575
0.70874846 0.6145345 0.44632947
0.7009053 0.60669136 0.43848634
0.7283563 0.63279283 0.47288626
0.7150152 0.6264007 0.47199214
0.70325047 0.6132864 0.46717653
0.3754151 0.27175438 0.1616392
0.48998737 0.33343375 0.16273724
0.58648926 0.40483862 0.19555299
0.6060971 0.42579597 0.20821181
0.6100187 0.42971754 0.21213338
0.61394024 0.4336391 0.21605495
0.6178618 0.43621117 0.22692554
0.61394024 0.4322896 0.22300397
0.61236376 0.43766218 0.2338745
0.6084422 0.4323911 0.23690194
0.60294425 0.43384206 0.24385102
0.5997913 0.44323766 0.27254117
0.578607 0.42765284 0.27075297
0.5872189 0.45016262 0.30425882
0.5762229 0.45171505 0.3251059
0.56680334 0.450594 0.32118434
0.52993274 0.4206725 0.29676083
0.5009053 0.39724457 0.2871294
0.49383092 0.40541762 0.29800004
0.48048973 0.39767593 0.30405495
0.4789133 0.40304852 0.31492546
0.46007422 0.39810732 0.32098043
0.46791735 0.40460092 0.33577257
0.4757605 0.41109452 0.3505647
0.46241933 0.4047024 0.34967056
0.43888992 0.37982342 0.33309025
0.4137841 0.36166656 0.3204314
0.39025468 0.33678758 0.303851
0.37064683 0.31583023 0.29119214
0.33143115 0.27526498 0.25892547
0.32124287 0.25677818 0.2432392
0.30398017 0.24646443 0.23842357
0.28514096 0.24152334 0.24447842
0.26630184 0.23658216 0.2505333
0.25061557 0.21819678 0.24874513
0.24277243 0.21035364 0.24090199
0.23727445 0.21315417 0.24090199
0.24119602 0.2157262 0.25177252
0.24903916 0.22356933 0.25961566
0.24354112 0.22636989 0.25961566
0.24746269 0.22894192 0.27048624
0.2403883 0.23846453 0.2744078
0.22547065 0.23609546 0.29133332
0.22231783 0.24684054 0.31307447
0.20740023 0.24717051 0.316102
0.19090624 0.2515235 0.336949
0.51170623 0.5543768 0.653702
0.20190226 0.23782513 0.3786431
0.22935325 0.2652761 0.40609407
0.659918 0.7234357 0.83925486
0.51558864 0.597053 0.6989725
0.5618398 0.6655006 0.7756157
0.65042037 0.79847425 0.9249804
0.68021655 0.8352194 0.9672235
0.7375027 0.8633599 0.9816706
0.7955965 0.87146133 0.95958436
0.78071797 0.8357358 0.9073647
0.7979807 0.8460494 0.9121804
0.79405916 0.84212786 0.90825886
0.82700807 0.86947745 0.92181176
0.81916493 0.8629839 0.9070196
0.8246629 0.86153287 0.9000706
0.8285845 0.86545444 0.9039922
0.8246629 0.86153287 0.9000706
0.8246629 0.86153287 0.9000706
0.83250606 0.869376 0.90791374
0.8285845 0.86545444 0.9039922
0.8364276 0.8732976 0.9118353
0.8364276 0.8732976 0.9118353
0.83250606 0.8707256 0.90096474
0.8364276 0.87464714 0.9048863
0.8419257 0.8718466 0.9048863
0.84584725 0.8757682 0.9088079
0.85134524 0.8743172 0.9018588
0.85134524 0.8743172 0.9018588
0.8552668 0.8782388 0.9057804
0.8552668 0.8782388 0.9057804
0.85134524 0.8743172 0.9018588
0.8552668 0.8782388 0.9057804
0.8552668 0.8782388 0.9057804
0.86076474 0.8754383 0.9057804
0.8646863 0.87935984 0.90970194
0.8756824 0.87780726 0.8888549
0.6240114 0.54814655 0.46002352
0.61697596 0.52431285 0.39480007
0.627972 0.5227604 0.37395293
0.6256269 0.5161653 0.34526283
0.60759544 0.49388403 0.30088633
0.63662285 0.517312 0.31051773
0.65154046 0.5183316 0.3005412
0.6452737 0.507815 0.2679295
0.64919525 0.5117366 0.27185106
0.65469325 0.50893605 0.27185106
0.6468501 0.5024424 0.25705883
0.64292854 0.49852085 0.25313726
0.6484266 0.49706987 0.24618831
0.6562697 0.50491303 0.25403145
0.65234816 0.50099146 0.25010988
0.6248971 0.47488996 0.21570984
0.62881875 0.47881153 0.2196314
0.6460815 0.48912525 0.22444713
0.6484266 0.49976894 0.23229027
0.644505 0.49584737 0.2283687
0.66411287 0.51545525 0.24797654
0.66803443 0.5193768 0.2518981
0.6696109 0.51265466 0.24797654
0.66568935 0.5087331 0.24405497
0.6735325 0.51657623 0.2518981
0.6617678 0.5048115 0.2401334
0.65392464 0.4969684 0.23229027
0.64215994 0.48520368 0.22052556
0.64215994 0.48385417 0.22747457
0.6343168 0.47736055 0.2126824
0.6303952 0.47343898 0.20876083
0.63981473 0.47321045 0.2196314
0.6515795 0.48497522 0.23139614
0.65942264 0.49281836 0.23923928
0.6500031 0.4916973 0.2353177
0.6460815 0.48777574 0.23139614
0.6617678 0.5048115 0.2401334
0.65392464 0.49561888 0.23923928
0.66568935 0.5087331 0.24405497
0.6468501 0.5024424 0.25705883
0.6648815 0.5247237 0.30143535
0.68760324 0.5682924 0.36149812
0.6922935 0.58553106 0.39803135
0.70013666 0.5920247 0.41282353
0.7024818 0.6026684 0.42066666
0.69856024 0.59874684 0.4167451
0.69463867 0.59482527 0.41282353
0.69856024 0.59874684 0.4167451
0.7024818 0.6026684 0.42066666
0.7165916 0.6237272 0.4472236
0.7009053 0.60669136 0.43848634
0.70874846 0.6145345 0.44632947
0.6930622 0.5988482 0.4306432
0.69698375 0.6027698 0.43456477
0.7009053 0.60669136 0.43848634
0.6930622 0.5988482 0.4306432
0.7024818 0.59996927 0.43456477
0.7024818 0.59996927 0.43456477
0.7064034 0.60389084 0.43848634
0.69463867 0.59212613 0.42672163
0.6789524 0.57643986 0.41103536
0.6632661 0.5607536 0.3953491
0.6750308 0.5725183 0.4071138
0.67268574 0.56322414 0.39232165
0.6632661 0.56210315 0.38840008
0.6907171 0.58955413 0.41585106
0.69463867 0.59212613 0.42672163
0.7024818 0.59996927 0.43456477
0.7048269 0.6106129 0.4424079
0.68679553 0.584283 0.4188785
0.6632661 0.5607536 0.3953491
0.65934455 0.556832 0.39142752
0.65934455 0.556832 0.39142752
0.6656112 0.57139724 0.40319222
0.68521905 0.5896556 0.429749
0.7048269 0.60791385 0.45630586
0.70325047 0.6132864 0.46717653
0.3495406 0.23758127 0.13026665
0.4860658 0.32816267 0.16576469
0.5731481 0.39709696 0.20160782
0.5927559 0.4167048 0.22121567
0.5911795 0.42207736 0.23208632
0.5817599 0.41960678 0.23511377
0.56999516 0.40649253 0.23029809
0.5605756 0.40402198 0.23332547
0.54565805 0.40300238 0.243302
0.52839535 0.39133912 0.24543528
0.51582295 0.39961362 0.27020395
0.5064033 0.39579356 0.2801804
0.49932888 0.40396667 0.29105097
0.51578385 0.43297005 0.33934906
0.51578385 0.43027097 0.35324705
0.5000976 0.41593423 0.33061174
0.47499174 0.39777738 0.31795293
0.47107017 0.39250624 0.32098043
0.46165064 0.38868615 0.33095685
0.44596437 0.37434942 0.3083216
0.4130154 0.34834942 0.2878196
0.39340755 0.32604247 0.28210986
0.3683017 0.3092352 0.262502
0.37772128 0.30900666 0.2733726
0.34634873 0.27628455 0.24894907
0.33300757 0.27124196 0.24110593
0.30790174 0.25173557 0.23539606
0.30790174 0.250386 0.24234514
0.2882939 0.22942862 0.2296863
0.28045076 0.22158547 0.22184317
0.26710957 0.21519336 0.220949
0.26710957 0.21384382 0.22789802
0.26161152 0.21529482 0.23484702
0.25061557 0.21954633 0.2417961
0.22785485 0.21203315 0.23698042
0.22393328 0.20676205 0.24000782
0.2184353 0.20821303 0.24695683
0.21370594 0.22568028 0.27261963
0.20663156 0.23250383 0.2904392
0.19013755 0.23685679 0.3112863
0.19325134 0.26216722 0.34479213
0.19244362 0.28355598 0.3743765
0.20182419 0.32208204 0.42659605
0.3233928 0.44365066 0.54816467
0.39947903 0.51413745 0.6048549
0.47871816 0.5698305 0.660651
0.5140513 0.56637007 0.6545961
0.7038631 0.7492327 0.8319608
0.25130618 0.2968772 0.42659605
0.47718078 0.5350989 0.6371216
0.5650317 0.61735046 0.7055765
0.5948669 0.61534095 0.7064706
0.5077066 0.62256616 0.7602745
0.6229694 0.76967376 0.90447843
0.68963605 0.8363404 0.9711451
0.75949466 0.8562064 0.96082354
0.7885611 0.84357893 0.91520786
0.786216 0.8342847 0.9004157
0.79405916 0.84212786 0.90825886
0.81916493 0.8616343 0.9139686
0.81524336 0.8590623 0.903098
0.8246629 0.86153287 0.9000706
0.8246629 0.86153287 0.9000706
0.8246629 0.86153287 0.9000706
0.8285845 0.86545444 0.9039922
0.8285845 0.86545444 0.9039922
0.83250606 0.869376 0.90791374
0.8364276 0.8732976 0.9118353
0.8364276 0.8732976 0.9118353
0.8364276 0.87464714 0.9048863
0.8419257 0.8718466 0.9048863
0.84584725 0.8757682 0.9088079
0.84584725 0.8757682 0.9088079
0.85134524 0.8743172 0.9018588
0.85134524 0.8743172 0.9018588
0.8552668 0.8782388 0.9057804
0.8552668 0.8782388 0.9057804
0.8552668 0.8782388 0.9057804
0.8552668 0.8782388 0.9057804
0.8552668 0.8782388 0.9057804
0.8646863 0.87935984 0.90970194
0.8646863 0.87935984 0.90970194
0.8701843 0.87925833 0.8958039
0.62085855 0.5575421 0.4887138
0.63892895 0.5518653 0.436149
0.6303171 0.530705 0.3956942
0.62012887 0.5162668 0.35916078
0.611517 0.49510652 0.3187059
0.61309344 0.49243307 0.29393733
0.6162463 0.48168793 0.27219605
0.606058 0.46590018 0.24261181
0.61390114 0.47509283 0.24350592
0.62724227 0.48013544 0.25134906
0.64292854 0.49717134 0.26008636
0.639007 0.49459928 0.24921569
0.6468501 0.5024424 0.25705883
0.6484266 0.49706987 0.24618831
0.644505 0.4931483 0.24226674
0.62881875 0.47746196 0.22658044
0.63274026 0.4827331 0.22355297
0.64058346 0.4919258 0.22444713
0.644505 0.49584737 0.2283687
0.6460815 0.48912525 0.22444713
0.6578462 0.50088996 0.23621184
0.6617678 0.5048115 0.2401334
0.6696109 0.51265466 0.24797654
0.6617678 0.5048115 0.2401334
0.6735325 0.51657623 0.2518981
0.66568935 0.5087331 0.24405497
0.66568935 0.5087331 0.24405497
0.66568935 0.5087331 0.24405497
0.6617678 0.503462 0.24708241
0.6500031 0.49304682 0.2283687
0.64215994 0.48520368 0.22052556
0.6382383 0.47993255 0.22355297
0.6319716 0.46536732 0.21178827
0.6319716 0.46536732 0.21178827
0.63981473 0.47321045 0.2196314
0.6319716 0.46536732 0.21178827
0.63981473 0.47321045 0.2196314
0.65392464 0.4942693 0.24618831
0.6617678 0.5007629 0.2609804
0.6625364 0.51408005 0.2935922
0.67349344 0.5472335 0.33494118
0.69386995 0.58015853 0.38716084
0.70013666 0.5920247 0.41282353
0.7079798 0.5998678 0.42066666
0.7024818 0.6026684 0.42066666
0.7024818 0.6026684 0.42066666
0.69856024 0.59874684 0.4167451
0.6907171 0.5909037 0.40890196
0.6930622 0.6001978 0.4236942
0.6993289 0.61341345 0.4424079
0.70325047 0.6159855 0.45327842
0.69148576 0.60422087 0.44151372
0.70717204 0.61990714 0.4572
0.7150152 0.6290997 0.45809418
0.7009053 0.60669136 0.43848634
0.7165916 0.6210281 0.46112156
0.7181681 0.61565554 0.45025104
0.7024818 0.59996927 0.43456477
0.6907171 0.58820456 0.42280006
0.7024818 0.59996927 0.43456477
0.69463867 0.59212613 0.42672163
0.6907171 0.58820456 0.42280006
0.69856024 0.5960477 0.4306432
0.69463867 0.59212613 0.42672163
0.68679553 0.58563256 0.4119295
0.68287396 0.581711 0.40800792
0.6750308 0.57386786 0.40016478
0.67110926 0.5685967 0.40319222
0.6789524 0.57643986 0.41103536
0.67110926 0.5685967 0.40319222
0.655423 0.55291045 0.38750595
0.67110926 0.5685967 0.40319222
0.67110926 0.5685967 0.40319222
0.68287396 0.5803614 0.41495693
0.69856024 0.5960477 0.4306432
0.7009053 0.60534185 0.4454353
0.69148576 0.60152173 0.45541182
0.38248962 0.26223168 0.15771763
0.46957186 0.3325156 0.18661176
0.5142855 0.36893076 0.22582744
0.5205522 0.383496 0.23759215
0.5072111 0.37710384 0.23669802
0.48837197 0.37216264 0.24275298
0.47737586 0.3750647 0.25665098
0.4734543 0.3697936 0.25967842
0.4601132 0.36475098 0.2518353
0.4585368 0.36877397 0.26965493
0.46245837 0.37134597 0.28052554
0.45696032 0.37279698 0.28747448
0.45930547 0.3820911 0.30226666
0.48283488 0.40427095 0.33274513
0.46322703 0.3833136 0.3200863
0.4044035 0.32449007 0.26126277
0.37695253 0.29568952 0.24076077
0.36126626 0.27865374 0.2320235
0.33616045 0.26049685 0.21936475
0.3165526 0.23953946 0.20670593
0.31105462 0.24233998 0.20670593
0.29144678 0.22138257 0.1940471
0.2875252 0.217461 0.19012552
0.29536834 0.22530414 0.19796866
0.27418402 0.2110689 0.18923134
0.26634088 0.20187621 0.18833724
0.2647645 0.20724875 0.19920787
0.2514233 0.20085663 0.19831376
0.24592525 0.20230764 0.20526272
0.2482704 0.21160176 0.22005488
0.24277243 0.2117032 0.23395297
0.24119602 0.21707574 0.24482356
0.22627844 0.21605617 0.25479996
0.20036483 0.22063766 0.2647765
0.17837285 0.22779119 0.2856235
0.18540819 0.25702313 0.323051
0.1979416 0.28345457 0.3604784
0.25911027 0.35157222 0.43409416
0.34380838 0.44321924 0.5312393
0.4692986 0.5687095 0.65672946
0.46537703 0.56478786 0.6528079
0.42223978 0.5203011 0.6166196
0.4034006 0.5167095 0.61572546
0.5845615 0.71311784 0.8148314
0.4042083 0.49532068 0.5861412
0.42304748 0.49891227 0.5870353
0.5124749 0.57309216 0.65851766
0.59798074 0.64469993 0.71912944
0.74542385 0.7977426 0.8859686
0.45130616 0.5036249 0.59185094
0.5273925 0.57276213 0.65549016
0.5949059 0.5779359 0.65817255
0.6749918 0.57348555 0.6430353
0.5234318 0.5967988 0.7485099
0.57437325 0.6878833 0.8338902
0.687369 0.75358576 0.8528079
0.7979807 0.8446999 0.91912943
0.78229445 0.83036315 0.89649415
0.79171395 0.8314842 0.9004157
0.7995571 0.8420265 0.8943608
0.81916493 0.8629839 0.9070196
0.81916493 0.8643334 0.9000706
0.8246629 0.86153287 0.9000706
0.8246629 0.86153287 0.9000706
0.8285845 0.86545444 0.9039922
0.83250606 0.869376 0.90791374
0.83250606 0.869376 0.90791374
0.8364276 0.8732976 0.9118353
0.8364276 0.8732976 0.9118353
0.8419257 0.87049705 0.9118353
0.84584725 0.8757682 0.9088079
0.8419257 0.8718466 0.9048863
0.8419257 0.8718466 0.9048863
0.84584725 0.8757682 0.9088079
0.8497688 0.87968975 0.91272944
0.8591884 0.8808108 0.916651
0.8552668 0.8782388 0.9057804
0.8552668 0.8782388 0.9057804
0.8552668 0.8782388 0.9057804
0.8552668 0.8782388 0.9057804
0.86076474 0.8754383 0.9057804
0.8646863 0.87935984 0.90970194
0.8701843 0.87925833 0.8958039
0.556537 0.50016963 0.43683922
0.6467721 0.5597084 0.44399214
0.6483485 0.55703497 0.4192236
0.63423866 0.5373256 0.38571763
0.6256269 0.51481575 0.35221183
0.6232817 0.5082208 0.32352155
0.6146699 0.48706046 0.28306675
0.61390114 0.47239375 0.2574039
0.60213643 0.4619786 0.23869024
0.611556 0.46444917 0.23566279
0.611556 0.46444917 0.23566279
0.6131325 0.46042618 0.21784312
0.6209756 0.46826932 0.22568625
0.63274026 0.48003402 0.23745096
0.64058346 0.48922673 0.23834518
0.65234816 0.50099146 0.25010988
0.6484266 0.49841943 0.23923928
0.644505 0.49449787 0.2353177
0.64058346 0.4905763 0.23139614
0.6484266 0.49976894 0.23229027
0.6484266 0.49841943 0.23923928
0.65234816 0.50369054 0.23621184
0.65234816 0.50369054 0.23621184
0.6484266 0.49976894 0.23229027
0.6617678 0.5048115 0.2401334
0.6617678 0.5048115 0.2401334
0.66568935 0.5087331 0.24405497
0.6696109 0.51265466 0.24797654
0.6696109 0.51265466 0.24797654
0.66568935 0.5087331 0.24405497
0.66568935 0.5087331 0.24405497
0.67745405 0.5204978 0.25581968
0.6578462 0.50088996 0.23621184
0.65550107 0.4902463 0.2283687
0.6437363 0.47713202 0.22355297
0.6319716 0.46401775 0.2187373
0.62647367 0.46681827 0.2187373
0.6382383 0.47723347 0.23745096
0.644505 0.48909965 0.2631138
0.6570384 0.5141815 0.3074902
0.677415 0.5498055 0.34581184
0.6742621 0.5605507 0.367553
0.6922935 0.58418155 0.4049804
0.688372 0.58026 0.40105882
0.7079798 0.5998678 0.42066666
0.7064034 0.60659 0.42458823
0.69856024 0.59874684 0.4167451
0.7024818 0.6026684 0.42066666
0.7009053 0.60669136 0.43848634
0.71893674 0.63302135 0.46201575
0.6993289 0.612064 0.44935685
0.70717204 0.61990714 0.4572
0.70717204 0.61990714 0.4572
0.71267 0.61710656 0.4572
0.69698375 0.6014203 0.44151372
0.6891406 0.59492666 0.42672163
0.69463867 0.59212613 0.42672163
0.68679553 0.584283 0.4188785
0.68679553 0.584283 0.4188785
0.69463867 0.59212613 0.42672163
0.71032494 0.6078124 0.4424079
0.69856024 0.5960477 0.4306432
0.7064034 0.60389084 0.43848634
0.71032494 0.6078124 0.4424079
0.71032494 0.609162 0.4354589
0.71032494 0.609162 0.4354589
0.7142465 0.61308354 0.43938047
0.71032494 0.609162 0.4354589
0.69463867 0.59212613 0.42672163
0.69463867 0.59212613 0.42672163
0.6907171 0.58820456 0.42280006
0.6789524 0.57643986 0.41103536
0.6671877 0.56467515 0.39927065
0.65934455 0.556832 0.39142752
0.655423 0.55291045 0.38750595
0.6671877 0.56332564 0.4062196
0.67345434 0.5765413 0.4249333
0.43816018 0.33449948 0.2243843
0.44600332 0.34234262 0.23222743
0.4616896 0.3580289 0.2479137
0.4601132 0.3634014 0.25878435
0.46403477 0.36732298 0.26270592
0.45461524 0.3648524 0.26573336
0.44519562 0.36238182 0.26876083
0.42950934 0.345346 0.2600235
0.40597993 0.32046705 0.24344313
0.38245052 0.29558808 0.22686279
0.36676425 0.27855226 0.21812554
0.34557998 0.26566654 0.20243926
0.3416584 0.26174498 0.1985177
0.36126626 0.27865374 0.2320235
0.3298937 0.24593161 0.20760004
0.3063643 0.2224022 0.18407062
0.29852116 0.2132095 0.1831765
0.2828349 0.19752322 0.16749023
0.26949376 0.19113107 0.16659611
0.26165062 0.18328793 0.15875298
0.26007423 0.18866049 0.1696235
0.25457618 0.19146106 0.1696235
0.25457618 0.1901115 0.17657253
0.26868606 0.21117032 0.20312944
0.2514233 0.20220618 0.19136474
0.24358016 0.19166395 0.19741958
0.2365057 0.19983706 0.20829017
0.22001171 0.20553958 0.22218826
0.21920392 0.22557886 0.25872153
0.19563553 0.23945446 0.28349018
0.20424737 0.26196432 0.31699607
0.2348122 0.31472564 0.377953
0.31166708 0.39852962 0.46725488
0.4097063 0.49656883 0.5652941
0.48029456 0.56715703 0.6358824
0.4348122 0.5133761 0.5849019
0.40186316 0.4887257 0.55745095
0.40343964 0.48200357 0.5535294
0.3955965 0.47416043 0.54568624
0.41520435 0.49376827 0.5652941
0.42462388 0.4948893 0.56921566
0.41520435 0.4924187 0.5722431
0.55084383 0.6724512 0.7686666
0.6810242 0.81787926 0.91679215
0.16187878 0.22944508 0.32036865
0.09286703 0.15348428 0.23890978
0.51639646 0.57701373 0.6624392
0.580718 0.63438624 0.71431375
0.70620817 0.75987643 0.83980393
0.70620817 0.75987643 0.83980393
0.49601993 0.5413896 0.6241176
0.5768745 0.5502564 0.6415922
0.6632661 0.5202672 0.6038196
0.6946777 0.5128851 0.5938432
0.71582294 0.56587493 0.6439294
0.6764902 0.642923 0.7287608
0.8011335 0.83260524 0.9043373
0.7838708 0.82364106 0.8925726
0.79171395 0.83283377 0.89346665
0.7956355 0.83675534 0.8973882
0.81524336 0.8590623 0.903098
0.82074136 0.8562618 0.903098
0.8246629 0.86153287 0.9000706
0.8285845 0.86545444 0.9039922
0.8285845 0.86545444 0.9039922
0.83250606 0.869376 0.90791374
0.8364276 0.8732976 0.9118353
0.8364276 0.8732976 0.9118353
0.8403492 0.87721914 0.9157569
0.8364276 0.8732976 0.9118353
0.8419257 0.8718466 0.9048863
0.84584725 0.8757682 0.9088079
0.84584725 0.8757682 0.9088079
0.8497688 0.87968975 0.91272944
0.8497688 0.87968975 0.91272944
0.8552668 0.8768892 0.91272944
0.8591884 0.8808108 0.916651
0.85134524 0.8743172 0.9018588
0.85134524 0.8743172 0.9018588
0.8568432 0.8715167 0.9018588
0.86076474 0.8754383 0.9057804
0.86076474 0.8754383 0.9057804
0.8701843 0.87790877 0.90275294
0.6082861 0.5631176 0.52738047
0.6451956 0.56508094 0.4548628
0.6365838 0.54392064 0.4144079
0.62247396 0.5255609 0.37395293
0.63581514 0.5319531 0.37484705
0.6468111 0.53040063 0.354
0.63662285 0.5159625 0.31746674
0.6123247 0.47776636 0.2682745
0.60997957 0.46847218 0.25348234
0.6217443 0.48158646 0.2582981
0.611556 0.46444917 0.23566279
0.60528934 0.45123348 0.21694908
0.6248971 0.4721909 0.22960782
0.62881875 0.47611246 0.23352939
0.6131325 0.4617757 0.21089417
0.6186305 0.45897514 0.21089417
0.63274026 0.48138353 0.23050201
0.6484266 0.49841943 0.23923928
0.6562697 0.5062626 0.24708241
0.6601913 0.51018417 0.25100398
0.644505 0.49449787 0.2353177
0.6562697 0.5062626 0.24708241
0.6601913 0.5115337 0.24405497
0.6578462 0.50088996 0.23621184
0.65392464 0.4969684 0.23229027
0.6578462 0.50088996 0.23621184
0.6500031 0.49304682 0.2283687
0.6578462 0.50088996 0.23621184
0.6601913 0.51288325 0.2371059
0.6500031 0.49304682 0.2283687
0.6617678 0.5048115 0.2401334
0.6617678 0.5048115 0.2401334
0.6617678 0.5048115 0.2401334
0.6696109 0.51265466 0.24797654
0.6578462 0.49954045 0.24316084
0.6578462 0.49954045 0.24316084
0.6500031 0.48899817 0.24921569
0.65234816 0.4969428 0.27095693
0.64919525 0.5076879 0.29269806
0.6593836 0.5234756 0.32228243
0.6695719 0.5406129 0.3449177
0.68210524 0.56704426 0.38234508
0.6844504 0.5763384 0.39713725
0.69621515 0.5881031 0.40890196
0.69621515 0.5881031 0.40890196
0.69463867 0.59482527 0.41282353
0.68679553 0.58698213 0.4049804
0.6907171 0.58955413 0.41585106
0.68521905 0.5910051 0.42280006
0.7150152 0.6277503 0.46504313
0.71893674 0.6316718 0.4689647
0.70717204 0.6185576 0.464149
0.71267 0.61710656 0.4572
0.7165916 0.6210281 0.46112156
0.70874846 0.613185 0.45327842
0.7165916 0.6210281 0.46112156
0.71267 0.61710656 0.4572
0.69463867 0.59212613 0.42672163
0.7024818 0.59996927 0.43456477
0.68679553 0.584283 0.4188785
0.68679553 0.584283 0.4188785
0.6907171 0.58820456 0.42280006
0.69463867 0.59212613 0.42672163
0.68679553 0.584283 0.4188785
0.68679553 0.584283 0.4188785
0.6750308 0.5725183 0.4071138
0.68287396 0.5803614 0.41495693
0.68287396 0.581711 0.40800792
0.69856024 0.5960477 0.4306432
0.7024818 0.59996927 0.43456477
0.7142465 0.611734 0.44632947
0.7024818 0.59996927 0.43456477
0.68287396 0.5803614 0.41495693
0.6750308 0.57386786 0.40016478
0.68679553 0.584283 0.4188785
0.6773759 0.58316195 0.41495693
0.6695328 0.5739693 0.41406274
0.43108582 0.33997342 0.24915299
0.4216662 0.3388524 0.24523142
0.40597993 0.3218166 0.2364941
0.38245052 0.29828718 0.21296468
0.36284268 0.2773298 0.20030588
0.3353917 0.24717973 0.18675299
0.32754856 0.23798706 0.18585882
0.31578383 0.22622235 0.17409408
0.30401912 0.21445763 0.16232938
0.30009755 0.20918652 0.16535684
0.30009755 0.20783696 0.17230591
0.28833285 0.19607225 0.1605412
0.29067802 0.20671591 0.16838434
0.318129 0.2341669 0.19583534
0.27499175 0.18968008 0.15964709
0.26165062 0.18328793 0.15875298
0.25615266 0.18473892 0.16570193
0.2506546 0.18618993 0.17265096
0.25692135 0.19940561 0.19136474
0.24358016 0.19436304 0.1835216
0.23808211 0.19581404 0.19047062
0.2365057 0.2011866 0.20134115
0.22943132 0.20801014 0.21916075
0.24588628 0.23971266 0.2535608
0.22547065 0.24149364 0.26353723
0.23092966 0.27609813 0.31183535
0.27091402 0.32998052 0.3767137
0.35561213 0.42162758 0.4738588
0.4614945 0.5275099 0.5797412
0.4756043 0.54991835 0.599349
0.42620036 0.4922158 0.544447
0.4105141 0.47652954 0.52876073
0.41443565 0.4804511 0.5326823
0.4238552 0.48157215 0.53660387
0.41993362 0.47765058 0.5326823
0.40582383 0.4552422 0.51307446
0.41366696 0.46308532 0.5209176
0.39405912 0.44347748 0.50130975
0.2897532 0.33087304 0.39150587
0.11562775 0.1650461 0.2228784
0.06699245 0.12201028 0.19363925
0.07952584 0.14979126 0.22411762
0.2183182 0.31772906 0.40574905
0.6653379 0.802193 0.9011059
0.19555748 0.30886635 0.40788233
0.40186316 0.4860266 0.571349
0.51482 0.5837359 0.6663608
0.6889455 0.7522618 0.8210902
0.71012974 0.76514757 0.8367765
0.5689533 0.62262154 0.702549
0.4881768 0.534896 0.6093255
0.578451 0.5435342 0.63767064
0.6413132 0.48596698 0.59721565
0.6648815 0.47209138 0.57244706
0.67583853 0.507944 0.59989804
0.62081945 0.57200485 0.6551451
0.79721195 0.8286837 0.9004157
0.77994925 0.8197195 0.888651
0.7838708 0.82499063 0.8856235
0.8011335 0.8339548 0.8973882
0.82074136 0.8562618 0.903098
0.82074136 0.8562618 0.903098
0.8246629 0.86153287 0.9000706
0.8285845 0.86545444 0.9039922
0.8285845 0.86545444 0.9039922
0.8285845 0.86545444 0.9039922
0.83250606 0.869376 0.90791374
0.8403492 0.87721914 0.9157569
0.84427077 0.8811407 0.91967845
0.84584725 0.8744186 0.9157569
0.84584725 0.8757682 0.9088079
0.8497688 0.87968975 0.91272944
0.8497688 0.87968975 0.91272944
0.8497688 0.87968975 0.91272944
0.8497688 0.87968975 0.91272944
0.8552668 0.8768892 0.91272944
0.8591884 0.8808108 0.916651
0.8591884 0.88216037 0.90970194
0.85134524 0.8743172 0.9018588
0.8552668 0.8782388 0.9057804
0.86076474 0.8754383 0.9057804
0.86076474 0.8754383 0.9057804
0.8701843 0.87790877 0.90275294
0.7447332 0.7204117 0.70116866
0.66480345 0.5833392 0.48141968
0.65619165 0.56352854 0.43401575
0.62874067 0.53877664 0.39266673
0.62405044 0.5201884 0.36308235
0.61386216 0.5057502 0.32654902
0.59583074 0.48211926 0.28912163
0.6146699 0.48571095 0.29001576
0.6162463 0.48303744 0.26524705
0.61390114 0.47374332 0.25045496
0.62724227 0.48013544 0.25134906
0.6233207 0.47756344 0.24047849
0.62881875 0.4747629 0.24047849
0.60921085 0.4565046 0.21392155
0.6013677 0.44866148 0.20607841
0.617054 0.46434775 0.22176468
0.63274026 0.48138353 0.23050201
0.6248971 0.4735404 0.22265887
0.6209756 0.46961883 0.2187373
0.6366619 0.48530516 0.23442361
0.65234816 0.50234103 0.24316084
0.66803443 0.5180273 0.25884712
0.66803443 0.5180273 0.25884712
0.6617678 0.5048115 0.2401334
0.6578462 0.50088996 0.23621184
0.6578462 0.50088996 0.23621184
0.6617678 0.5048115 0.2401334
0.65392464 0.4969684 0.23229027
0.65392464 0.4969684 0.23229027
0.6617678 0.5048115 0.2401334
0.66568935 0.5087331 0.24405497
0.6735325 0.51657623 0.2518981
0.6578462 0.50088996 0.23621184
0.6578462 0.50088996 0.23621184
0.66568935 0.5087331 0.24405497
0.6601913 0.5088346 0.25795302
0.6703795 0.5246223 0.28753734
0.6805678 0.5390605 0.3240706
0.677415 0.5498055 0.34581184
0.68760324 0.56424373 0.38234508
0.68210524 0.56704426 0.38234508
0.6781837 0.5617732 0.38537255
0.6805289 0.57241684 0.3932157
0.6844504 0.57498884 0.40408635
0.67268574 0.5645737 0.38537255
0.67268574 0.5645737 0.38537255
0.67660725 0.5684953 0.38929412
0.68679553 0.58563256 0.4119295
0.7048269 0.6106129 0.4424079
0.7165916 0.6210281 0.46112156
0.70325047 0.6159855 0.45327842
0.70717204 0.61990714 0.4572
0.7150152 0.6264007 0.47199214
0.71267 0.61710656 0.4572
0.70874846 0.613185 0.45327842
0.70874846 0.613185 0.45327842
0.7165916 0.6210281 0.46112156
0.70874846 0.6145345 0.44632947
0.71032494 0.6078124 0.4424079
0.69856024 0.5960477 0.4306432
0.6907171 0.58820456 0.42280006
0.6907171 0.58955413 0.41585106
0.68287396 0.581711 0.40800792
0.65934455 0.5581816 0.3844785
0.6750308 0.5725183 0.4071138
0.68287396 0.5803614 0.41495693
0.6907171 0.58820456 0.42280006
0.69856024 0.5960477 0.4306432
0.6907171 0.58820456 0.42280006
0.69856024 0.5960477 0.4306432
0.69856024 0.5960477 0.4306432
0.69463867 0.59212613 0.42672163
0.68287396 0.5803614 0.41495693
0.68679553 0.584283 0.4188785
0.7009053 0.60669136 0.43848634
0.6930622 0.5988482 0.4306432
0.67972106 0.5924561 0.429749
0.31578383 0.22757189 0.16714513
0.30401912 0.21580718 0.15538043
0.296176 0.20796403 0.14753729
0.29225442 0.20404246 0.14361572
0.28833285 0.19877136 0.1466431
0.29225442 0.20134339 0.15751371
0.2804897 0.18957868 0.145749
0.27656814 0.18565711 0.14182743
0.27656814 0.18430755 0.1487765
0.27264658 0.18038598 0.14485493
0.2671486 0.1831865 0.14485493
0.2671486 0.1831865 0.14485493
0.27499175 0.18968008 0.15964709
0.3008663 0.22250362 0.19796866
0.2522311 0.18081735 0.16178036
0.24673304 0.18226837 0.1687294
0.23023897 0.1879709 0.18262748
0.21766661 0.19759499 0.20044704
0.21528235 0.22570594 0.23395297
0.2278158 0.25348684 0.26443142
0.24192569 0.2745457 0.2909882
0.3030943 0.34266338 0.3646039
0.4128982 0.45111772 0.4813569
0.47014537 0.5166634 0.544102
0.47014537 0.5166634 0.544102
0.4270081 0.4735261 0.50096476
0.41916496 0.46433342 0.50007063
0.4152434 0.46041185 0.49614906
0.40347868 0.44864714 0.48438436
0.4011335 0.43800348 0.47654122
0.40820795 0.42983034 0.46567062
0.42078045 0.41885668 0.45479998
0.40509418 0.4031704 0.4391137
0.25134522 0.27161807 0.31575692
0.10859235 0.1371637 0.178502
0.06780018 0.1033206 0.15015683
0.07014534 0.11261472 0.16494898
0.059149314 0.11551669 0.17884709
0.07718076 0.14049709 0.20932552
0.19717291 0.26743832 0.3417647
0.4191259 0.4949907 0.58311373
0.44107887 0.52524227 0.61056477
0.39478877 0.49419963 0.58221966
0.61435753 0.7512126 0.8501255
0.38536924 0.49172905 0.58524704
0.40109447 0.4700103 0.55263525
0.5383494 0.6086148 0.6829412
0.7022866 0.75730443 0.82893336
0.71012974 0.76514757 0.8367765
0.59640425 0.6500725 0.73
0.5430788 0.5884484 0.67117643
0.5980588 0.56179255 0.6642275
0.5754151 0.43396702 0.5562117
0.64996403 0.47107175 0.58242357
0.63739157 0.48339492 0.58634514
0.63885087 0.59968436 0.6717255
0.7987884 0.8219616 0.89649415
0.7893688 0.82084054 0.8925726
0.78544724 0.81691897 0.888651
0.8011335 0.8339548 0.8973882
0.82074136 0.8562618 0.903098
0.82074136 0.8576113 0.89614904
0.82074136 0.8576113 0.89614904
0.8246629 0.86153287 0.9000706
0.8285845 0.86545444 0.9039922
0.8285845 0.86545444 0.9039922
0.83250606 0.869376 0.90791374
0.80897665 0.8458466 0.88438433
0.8560355 0.8929054 0.93144315
0.8521139 0.88898385 0.9275216
0.8497688 0.8783402 0.91967845
0.84584725 0.8757682 0.9088079
0.8536904 0.8836113 0.916651
0.8497688 0.87968975 0.91272944
0.8552668 0.8768892 0.91272944
0.8552668 0.8768892 0.91272944
0.8591884 0.8808108 0.916651
0.8591884 0.8808108 0.916651
0.85134524 0.8743172 0.9018588
0.8552668 0.8782388 0.9057804
0.8591884 0.88216037 0.90970194
0.86076474 0.8754383 0.9057804
0.8646863 0.88070935 0.90275294
0.8396196 0.8291961 0.820949
0.64361924 0.57045346 0.4657334
0.6483485 0.5556854 0.4261726
0.6522701 0.5609565 0.42314517
0.6656112 0.56869817 0.41709018
0.655423 0.55426 0.38055694
0.638968 0.52390707 0.33920783
0.617015 0.49770415 0.2909099
0.6201679 0.48695907 0.26916865
0.60213643 0.46062905 0.2456392
0.6076344 0.4591781 0.23869024
0.62724227 0.48013544 0.25134906
0.63274026 0.47868446 0.24440005
0.6248971 0.4721909 0.22960782
0.6209756 0.46826932 0.22568625
0.62881875 0.47611246 0.23352939
0.6303952 0.47073984 0.22265887
0.6186305 0.45897514 0.21089417
0.62255204 0.4628967 0.21481574
0.6460815 0.48642617 0.23834518
0.644505 0.4931483 0.24226674
0.65392464 0.49561888 0.23923928
0.6382383 0.47993255 0.22355297
0.6382383 0.47993255 0.22355297
0.65392464 0.49561888 0.23923928
0.65392464 0.4969684 0.23229027
0.6460815 0.48912525 0.22444713
0.6460815 0.48912525 0.22444713
0.6617678 0.5048115 0.2401334
0.6578462 0.50088996 0.23621184
0.66568935 0.5087331 0.24405497
0.6696109 0.51265466 0.24797654
0.65392464 0.4969684 0.23229027
0.6578462 0.50088996 0.23621184
0.6601913 0.51018417 0.25100398
0.65469325 0.50893605 0.27185106
0.6688031 0.5286453 0.30535692
0.66722673 0.5326683 0.32317647
0.68368167 0.56167173 0.37147456
0.6977915 0.581381 0.4049804
0.7079798 0.59851825 0.42761576
0.71974456 0.61028296 0.43938047
0.7040583 0.5945967 0.4236942
0.7079798 0.59851825 0.42761576
0.6922935 0.58418155 0.4049804
0.6844504 0.5763384 0.39713725
0.65699947 0.54888743 0.36968628
0.6632661 0.56210315 0.38840008
0.67345434 0.5792404 0.41103536
0.6812975 0.5870835 0.4188785
0.7048269 0.6092634 0.44935685
0.71267 0.61710656 0.4572
0.7048269 0.6092634 0.44935685
0.6891406 0.59357715 0.43367058
0.70874846 0.613185 0.45327842
0.72051316 0.6249497 0.46504313
0.71267 0.61845607 0.45025104
0.7048269 0.6106129 0.4424079
0.69856024 0.5960477 0.4306432
0.6907171 0.58820456 0.42280006
0.7064034 0.60389084 0.43848634
0.7064034 0.6052404 0.43153733
0.7024818 0.60131884 0.42761576
0.7024818 0.59996927 0.43456477
0.71032494 0.6078124 0.4424079
0.7064034 0.60389084 0.43848634
0.69698375 0.6027698 0.43456477
0.7024818 0.59996927 0.43456477
0.7064034 0.60389084 0.43848634
0.68287396 0.5803614 0.41495693
0.6750308 0.5725183 0.4071138
0.68287396 0.5803614 0.41495693
0.6789524 0.57643986 0.41103536
0.68287396 0.581711 0.40800792
0.6930622 0.5988482 0.4306432
0.6930622 0.5988482 0.4306432
0.69148576 0.60422087 0.44151372
0.27656814 0.18565711 0.14182743
0.27264658 0.18173555 0.13790587
0.27656814 0.18565711 0.14182743
0.27264658 0.18173555 0.13790587
0.27656814 0.18430755 0.1487765
0.27656814 0.18430755 0.1487765
0.268725 0.17646441 0.14093336
0.2671486 0.18183695 0.15180396
0.25615266 0.18608846 0.15875298
0.24673304 0.18496746 0.15483141
0.24123506 0.18506889 0.1687294
0.23573703 0.1865199 0.17567846
0.2482704 0.21430084 0.2061569
0.25138426 0.24096078 0.2327137
0.23254517 0.23467004 0.24571767
0.2568432 0.2755653 0.28101182
0.33761972 0.36329076 0.37423533
0.4513452 0.47701624 0.48796082
0.48663935 0.51231045 0.523255
0.44742364 0.47309467 0.48403925
0.42939222 0.4481143 0.45356083
0.4176275 0.4363496 0.44179612
0.4176275 0.4363496 0.44179612
0.4176275 0.43769917 0.43484703
0.42154908 0.44027117 0.4457177
0.4192039 0.4296275 0.43787456
0.41685888 0.4176342 0.43698043
0.3658785 0.3666538 0.38600004
0.2168589 0.21898377 0.2300314
0.13765877 0.12318664 0.13983533
0.19571361 0.16599393 0.17994507
0.15492152 0.13215078 0.15160003
0.110168755 0.13179114 0.16763142
0.09209834 0.14286622 0.19239998
0.18540819 0.25702313 0.323051
0.3854082 0.45702314 0.523051
0.44423175 0.5158467 0.58187455
0.4089376 0.48055255 0.54658043
0.4089376 0.48055255 0.54658043
0.39951807 0.4794315 0.54265887
0.41678074 0.4883957 0.5544236
0.40659252 0.46990886 0.5387373
0.38932976 0.45959517 0.53392154
0.6002478 0.7301537 0.8235686
0.42458493 0.53229433 0.6175138
0.20109448 0.2713599 0.34568626
0.5501141 0.6203795 0.69470584
0.6905219 0.7455397 0.81716865
0.6905219 0.74688923 0.81021965
0.16268657 0.20940581 0.28383532
0.44896108 0.49298123 0.5840078
0.55884314 0.5198778 0.6389098
0.63266224 0.49681357 0.63285494
0.62954843 0.47150314 0.599349
0.63892895 0.5154275 0.62377256
0.6529608 0.62074316 0.69828236
0.78544724 0.81691897 0.888651
0.77368253 0.80515426 0.8768863
0.78544724 0.81691897 0.888651
0.8011335 0.8339548 0.8973882
0.8168198 0.8523402 0.8991765
0.8128982 0.84841865 0.89525485
0.82074136 0.8576113 0.89614904
0.82074136 0.8576113 0.89614904
0.830161 0.85873234 0.9000706
0.830161 0.8600819 0.8931216
0.8183963 0.8496668 0.8744078
0.8293922 0.8481143 0.8535608
0.82389426 0.8495653 0.8605099
0.83408254 0.86535305 0.8900941
0.8615335 0.89145446 0.92449415
0.8536904 0.8836113 0.916651
0.84584725 0.8757682 0.9088079
0.8497688 0.87968975 0.91272944
0.8497688 0.87968975 0.91272944
0.8552668 0.8768892 0.91272944
0.8552668 0.8768892 0.91272944
0.8591884 0.8808108 0.916651
0.8552668 0.8782388 0.9057804
0.85134524 0.8743172 0.9018588
0.8591884 0.88216037 0.90970194
0.8646863 0.87935984 0.90970194
0.8646863 0.87935984 0.90970194
0.8811804 0.8777059 0.87495685
0.64361924 0.57045346 0.4657334
0.64442694 0.5517638 0.42225105
0.6483485 0.55703497 0.4192236
0.63423866 0.5373256 0.38571763
0.63581514 0.5346522 0.3609491
0.64288956 0.5278286 0.3431294
0.62485814 0.5041978 0.30570203
0.6421209 0.515861 0.30356863
0.62801105 0.4948022 0.27701178
0.6178227 0.4776649 0.25437653
0.611556 0.46444917 0.23566279
0.61939913 0.47364187 0.23655692
0.617054 0.46434775 0.22176468
0.62647367 0.46546876 0.22568625
0.6382383 0.47723347 0.23745096
0.6460815 0.48642617 0.23834518
0.6382383 0.47858298 0.23050201
0.6303952 0.47073984 0.22265887
0.6303952 0.47073984 0.22265887
0.62255204 0.4628967 0.21481574
0.62647367 0.46816784 0.21178827
0.6382383 0.47993255 0.22355297
0.6500031 0.4916973 0.2353177
0.6460815 0.48777574 0.23139614
0.6343168 0.47601098 0.2196314
0.6303952 0.47343898 0.20876083
0.64215994 0.48385417 0.22747457
0.6500031 0.4916973 0.2353177
0.6460815 0.48912525 0.22444713
0.65392464 0.4969684 0.23229027
0.66568935 0.5087331 0.24405497
0.6617678 0.5048115 0.2401334
0.6696109 0.51130515 0.25492555
0.6601913 0.50748503 0.26490197
0.6586148 0.51150805 0.28272164
0.6688031 0.52729577 0.3123059
0.6679954 0.54598546 0.3557883
0.6977915 0.581381 0.4049804
0.7119014 0.6024398 0.43153733
0.7119014 0.6024398 0.43153733
0.70013666 0.5906751 0.41977262
0.69856024 0.59739727 0.4236942
0.7064034 0.6052404 0.43153733
0.7181681 0.6170051 0.44330204
0.7181681 0.6170051 0.44330204
0.69856024 0.59739727 0.4236942
0.6773759 0.58316195 0.41495693
0.70325047 0.6159855 0.45327842
0.6930622 0.5974987 0.43759215
0.6891406 0.59357715 0.43367058
0.6930622 0.5974987 0.43759215
0.6930622 0.5988482 0.4306432
0.7024818 0.59861976 0.44151372
0.6907171 0.58820456 0.42280006
0.6907171 0.58820456 0.42280006
0.69856024 0.5960477 0.4306432
0.69463867 0.5934757 0.41977262
0.7064034 0.6052404 0.43153733
0.7064034 0.60389084 0.43848634
0.69856024 0.5960477 0.4306432
0.7024818 0.60131884 0.42761576
0.69856024 0.59739727 0.4236942
0.7024818 0.60131884 0.42761576
0.69463867 0.5934757 0.41977262
0.6907171 0.58955413 0.41585106
0.69856024 0.5960477 0.4306432
0.6907171 0.58820456 0.42280006
0.68521905 0.5910051 0.42280006
0.6930622 0.5988482 0.4306432
0.6907171 0.58820456 0.42280006
0.6907171 0.58820456 0.42280006
0.6907171 0.58820456 0.42280006
0.6812975 0.5870835 0.4188785
0.6812975 0.5870835 0.4188785
0.6812975 0.5870835 0.4188785
0.67345434 0.5792404 0.41103536
0.25930548 0.17534336 0.1370118
0.24988593 0.17422232 0.13309023
0.2522311 0.18351643 0.14788239
0.26007423 0.19135956 0.15572552
0.2506546 0.18888903 0.15875298
0.24123506 0.18641844 0.16178036
0.23416054 0.19324203 0.17960003
0.22708616 0.20276466 0.1835216
0.23177642 0.22270247 0.2061569
0.25372943 0.25160444 0.24055685
0.3321608 0.3300358 0.3189882
0.4403883 0.4465618 0.4327137
0.48352554 0.48969907 0.47585094
0.47176084 0.47658482 0.47103527
0.45607457 0.46089855 0.455349
0.43646672 0.4412907 0.43574116
0.42078045 0.42695397 0.41310585
0.41451374 0.41238874 0.40134114
0.42785484 0.4187809 0.40223533
0.43569797 0.42662403 0.41007847
0.4333529 0.41732988 0.39528632
0.41924304 0.39627108 0.36872938
0.36434108 0.34136912 0.31382743
0.27022344 0.24725148 0.21970978
0.21374504 0.1963725 0.18262748
0.13450596 0.13798039 0.14072938
0.09448247 0.117454425 0.14499605
0.08898449 0.118905395 0.15194513
0.099172726 0.1360427 0.17458043
0.17052971 0.22264716 0.26388234
0.38229442 0.43306231 0.48259604
0.4238552 0.4829217 0.52965486
0.41601205 0.473729 0.52876073
0.39248264 0.45154914 0.4982823
0.39248264 0.4501996 0.5052313
0.3964042 0.45412117 0.5091529
0.3979807 0.4487486 0.4982823
0.40897664 0.44449708 0.4913333
0.4144747 0.44439557 0.47743532
0.31251392 0.3424348 0.37547454
0.18075699 0.20372893 0.23127055
0.17841183 0.19308527 0.22342741
0.18702371 0.2169446 0.24998435
0.731236 0.85284334 0.9490588
0.6739888 0.7886473 0.87936467
0.19717291 0.26608878 0.3487137
0.5603024 0.6375168 0.7173412
0.69444346 0.7494613 0.8210902
0.19171396 0.23148423 0.30041572
0.1893688 0.22219013 0.2856235
0.4215101 0.4641807 0.5635059
0.48979214 0.4799725 0.612698
0.5942152 0.4722646 0.619302
0.627972 0.4755262 0.61716866
0.6710702 0.5628162 0.6738588
0.6811804 0.66555995 0.73749804
0.76976097 0.8012327 0.87296474
0.7485767 0.78834695 0.85727847
0.7877924 0.82756263 0.89649415
0.79171395 0.83283377 0.89346665
0.8050551 0.83922595 0.8943608
0.80897665 0.8458466 0.88438433
0.8168198 0.85368973 0.8922275
0.82074136 0.8576113 0.89614904
0.82231784 0.8508892 0.8922275
0.8262394 0.85616034 0.88920003
0.83565897 0.85998046 0.8792235
0.82943135 0.82015604 0.75661963
0.75180763 0.7338314 0.5791138
0.7392743 0.7114486 0.5208393
0.7886782 0.7651025 0.59658825
0.8223569 0.82563007 0.7813882
0.8497688 0.8810393 0.9057804
0.85761195 0.8875329 0.9205726
0.8497688 0.87968975 0.91272944
0.8552668 0.8768892 0.91272944
0.8552668 0.8768892 0.91272944
0.8591884 0.8808108 0.916651
0.8591884 0.88216037 0.90970194
0.8435021 0.8664741 0.89401567
0.8568432 0.8715167 0.9018588
0.8646863 0.87935984 0.90970194
0.8646863 0.87935984 0.90970194
0.885102 0.8802779 0.8858274
0.65303874 0.5715745 0.46965498
0.6405054 0.54919183 0.41138047
0.64600337 0.54774076 0.40443143
0.6381602 0.54259676 0.3826902
0.627972 0.52680904 0.35310596
0.63347006 0.525358 0.34615687
0.638968 0.52390707 0.33920783
0.6146699 0.48571095 0.29001576
0.6162463 0.48168793 0.27219605
0.6217443 0.4802369 0.26524705
0.639007 0.4919002 0.2631138
0.6468501 0.5010929 0.26400793
0.6248971 0.4721909 0.22960782
0.6107874 0.4497825 0.20999998
0.6186305 0.45762563 0.21784312
0.6186305 0.45897514 0.21089417
0.6343168 0.4746614 0.22658044
0.64215994 0.4825046 0.23442361
0.6500031 0.49034774 0.24226674
0.6460815 0.48642617 0.23834518
0.6382383 0.47993255 0.22355297
0.6382383 0.47993255 0.22355297
0.6460815 0.48777574 0.23139614
0.6303952 0.4720894 0.21570984
0.6303952 0.4720894 0.21570984
0.6382383 0.47993255 0.22355297
0.6460815 0.48777574 0.23139614
0.6382383 0.47993255 0.22355297
0.6343168 0.47601098 0.2196314
0.64215994 0.48385417 0.22747457
0.65392464 0.4969684 0.23229027
0.65392464 0.4969684 0.23229027
0.65392464 0.49561888 0.23923928
0.671956 0.51924974 0.27666667
0.67272466 0.53256685 0.3092785
0.682913 0.54835457 0.33886275
0.68368167 0.5603222 0.3784235
0.69386995 0.5761099 0.40800792
0.70013666 0.5906751 0.41977262
0.7079798 0.59851825 0.42761576
0.7079798 0.59851825 0.42761576
0.7064034 0.6052404 0.43153733
0.71032494 0.609162 0.4354589
0.7064034 0.6052404 0.43153733
0.68287396 0.581711 0.40800792
0.67345434 0.5792404 0.41103536
0.7095172 0.62920123 0.47199214
0.75107795 0.677711 0.526
0.72520345 0.6448875 0.4876784
0.7110936 0.6224791 0.46807057
0.7048269 0.6092634 0.44935685
0.6930622 0.5974987 0.43759215
0.68679553 0.5829335 0.42582744
0.6750308 0.5725183 0.4071138
0.68287396 0.5803614 0.41495693
0.68679553 0.58563256 0.4119295
0.688372 0.5789104 0.40800792
0.6844504 0.57498884 0.40408635
0.688372 0.5789104 0.40800792
0.6844504 0.57498884 0.40408635
0.6844504 0.57498884 0.40408635
0.6922935 0.582832 0.4119295
0.6907171 0.58955413 0.41585106
0.69463867 0.5934757 0.41977262
0.69463867 0.59212613 0.42672163
0.7064034 0.60389084 0.43848634
0.6930622 0.5988482 0.4306432
0.7009053 0.60669136 0.43848634
0.7009053 0.60669136 0.43848634
0.6891406 0.59492666 0.42672163
0.68521905 0.5910051 0.42280006
0.6907171 0.58820456 0.42280006
0.68521905 0.5910051 0.42280006
0.68521905 0.5910051 0.42280006
0.6891406 0.59492666 0.42672163
0.6812975 0.5870835 0.4188785
0.22397232 0.17745431 0.15001565
0.21924302 0.19762063 0.16178036
0.2349293 0.2133069 0.17746663
0.24903916 0.23436572 0.20402351
0.30236465 0.29464024 0.26979613
0.39098433 0.3915584 0.36391377
0.4694157 0.46864024 0.44929415
0.4811804 0.48175448 0.45410985
0.44980785 0.45038193 0.4227373
0.4435411 0.43446717 0.4179216
0.43961954 0.4305456 0.41400003
0.43569797 0.42662403 0.41007847
0.42785484 0.4187809 0.40223533
0.42785484 0.41743135 0.40918428
0.42393327 0.4135098 0.4052627
0.42943132 0.41205877 0.39831376
0.4012116 0.36994115 0.34519997
0.28906253 0.25219265 0.21365495
0.25376838 0.21689852 0.17836082
0.23023897 0.1933691 0.15483141
0.224741 0.1948201 0.16178036
0.20982347 0.19245093 0.17870592
0.17764321 0.18246719 0.17691763
0.12743144 0.14615352 0.15160003
0.19486685 0.22613731 0.2508784
0.37210613 0.41862413 0.44606277
0.42543167 0.47889864 0.51183534
0.40190226 0.45536923 0.48830593
0.38229442 0.4357614 0.46869808
0.3760277 0.42119616 0.45693338
0.37994927 0.42511773 0.46085495
0.3877924 0.43296087 0.46869808
0.39644325 0.4194152 0.44695684
0.39644325 0.4194152 0.44695684
0.3195883 0.3356113 0.35765487
0.17056869 0.18659168 0.20863527
0.14077255 0.14984658 0.16639219
0.1603804 0.17080398 0.17905101
0.1603804 0.17080398 0.17905101
0.16430196 0.173376 0.1899216
0.17606667 0.1851407 0.20168631
0.1839098 0.19298384 0.20952944
0.19252169 0.21414408 0.24998435
0.52420056 0.62361145 0.7116314
0.6865223 0.8164282 0.9098431
0.21912593 0.29499072 0.38311377
0.5446161 0.6218305 0.7016549
0.69286704 0.7548338 0.8319608
0.536812 0.57658225 0.6455138
0.26780018 0.30062154 0.3640549
0.16034141 0.19606306 0.28989017
0.3995571 0.42853102 0.56385094
0.49063897 0.41308135 0.5765098
0.60205835 0.47875816 0.6340942
0.6483095 0.55395347 0.6759922
0.73450595 0.7258344 0.8032706
0.7540747 0.7855464 0.85727847
0.74073356 0.7805038 0.8494353
0.7838708 0.82364106 0.8925726
0.7838708 0.82499063 0.8856235
0.79721195 0.8313828 0.88651764
0.8183963 0.84696764 0.8883059
0.82231784 0.8508892 0.8922275
0.82231784 0.8508892 0.8922275
0.8262394 0.85616034 0.88920003
0.8262394 0.85616034 0.88920003
0.8411569 0.85583043 0.88617253
0.8176275 0.8350001 0.8487451
0.8199727 0.8415951 0.8774353
0.84584725 0.8757682 0.9088079
0.79098433 0.7942575 0.7500157
0.7251254 0.71699846 0.5981726
0.78625494 0.80362755 0.81737256
0.82389426 0.8455167 0.8813569
0.8380041 0.86792505 0.90096474
0.8591884 0.8808108 0.916651
0.86310995 0.88473237 0.9205726
0.8591884 0.8808108 0.916651
0.8591884 0.8808108 0.916651
0.86076474 0.8754383 0.9057804
0.84900004 0.86367357 0.89401567
0.8529216 0.86759514 0.89793724
0.86076474 0.8767878 0.89883137
0.87176085 0.87523526 0.8779843
0.6357761 0.5612608 0.46483928
0.6365838 0.5452702 0.4074589
0.6303171 0.5320545 0.38874516
0.6381602 0.5412472 0.3896392
0.63581514 0.5333026 0.3678981
0.62954843 0.52143645 0.3422353
0.61936015 0.50429916 0.3196
0.6303562 0.5000476 0.31265104
0.6264346 0.49882516 0.29483145
0.6436973 0.5091389 0.29964706
0.61939913 0.4709428 0.25045496
0.6209756 0.46691975 0.23263535
0.60528934 0.45258304 0.20999998
0.62647367 0.46546876 0.22568625
0.64215994 0.4825046 0.23442361
0.6460815 0.48642617 0.23834518
0.60686576 0.44721043 0.19912946
0.6343168 0.4746614 0.22658044
0.6343168 0.4746614 0.22658044
0.64215994 0.48385417 0.22747457
0.6500031 0.4916973 0.2353177
0.65392464 0.49561888 0.23923928
0.65392464 0.49561888 0.23923928
0.6500031 0.4916973 0.2353177
0.6382383 0.47993255 0.22355297
0.6382383 0.47993255 0.22355297
0.6382383 0.47993255 0.22355297
0.6303952 0.4720894 0.21570984
0.6343168 0.47601098 0.2196314
0.6460815 0.48777574 0.23139614
0.65550107 0.4902463 0.2283687
0.64215994 0.48520368 0.22052556
0.6343168 0.47601098 0.2196314
0.65234816 0.49829236 0.26400793
0.66095996 0.52080214 0.29751378
0.67506987 0.53916186 0.3379687
0.69386995 0.57745945 0.40105882
0.70563465 0.5878746 0.41977262
0.7040583 0.5945967 0.4236942
0.688372 0.5789104 0.40800792
0.7119014 0.6024398 0.43153733
0.7119014 0.6024398 0.43153733
0.7064034 0.6052404 0.43153733
0.7064034 0.6052404 0.43153733
0.6930622 0.5988482 0.4306432
0.71578383 0.6424169 0.49070594
0.79263884 0.72622085 0.5800079
0.76518786 0.69876987 0.55255693
0.7095172 0.62785167 0.47894123
0.7173603 0.6356948 0.48678437
0.7228583 0.63424385 0.47983527
0.71267 0.61710656 0.4572
0.7165916 0.6210281 0.46112156
0.7009053 0.60534185 0.4454353
0.7024818 0.59996927 0.43456477
0.6789524 0.57643986 0.41103536
0.6671877 0.5660247 0.39232165
0.67268574 0.56322414 0.39232165
0.67660725 0.5671457 0.3962432
0.688372 0.5789104 0.40800792
0.67660725 0.5671457 0.3962432
0.6648426 0.555381 0.3844785
0.67660725 0.5671457 0.3962432
0.6844504 0.57498884 0.40408635
0.6907171 0.58820456 0.42280006
0.69463867 0.59212613 0.42672163
0.7024818 0.59996927 0.43456477
0.6891406 0.59492666 0.42672163
0.6930622 0.5988482 0.4306432
0.68521905 0.5896556 0.429749
0.68521905 0.5896556 0.429749
0.69698375 0.6027698 0.43456477
0.7009053 0.60669136 0.43848634
0.69698375 0.6027698 0.43456477
0.68521905 0.5910051 0.42280006
0.67345434 0.5792404 0.41103536
0.42785484 0.42148 0.38833722
0.47491366 0.4698884 0.42844704
0.46314895 0.45812368 0.41668233
0.45296073 0.43963686 0.40099606
0.43961954 0.43459427 0.39315292
0.44119602 0.42652258 0.39618036
0.43569797 0.42932314 0.39618036
0.4317764 0.424052 0.3992079
0.42943132 0.4134083 0.39136475
0.42158818 0.40556517 0.38352162
0.41216856 0.40309462 0.38654906
0.33765876 0.32858482 0.31203926
0.22393328 0.21485934 0.19831376
0.10628621 0.09721227 0.0806667
0.102364644 0.09194117 0.08369409
0.15492152 0.13754897 0.12380396
0.19021563 0.17419264 0.15214905
0.1847176 0.17429411 0.16604704
0.16195694 0.16678092 0.16123135
0.19175294 0.20352608 0.20347448
0.3823334 0.40105549 0.406502
0.45292163 0.47029415 0.48403925
0.40428638 0.42995742 0.440902
0.38625497 0.40362749 0.41737258
0.38467854 0.41034958 0.42129415
0.3886001 0.41427115 0.42521572
0.39252168 0.4181927 0.4291373
0.40351763 0.41394123 0.42218828
0.3894079 0.39288235 0.39563134
0.3337372 0.32196417 0.32201567
0.26868606 0.21117032 0.20312944
0.22085854 0.1494448 0.13040781
0.20201938 0.14450365 0.13646278
0.14315681 0.12173563 0.13288625
0.11647452 0.110300876 0.12414905
0.12274125 0.12486612 0.13591376
0.13842753 0.1405524 0.15160003
0.14861569 0.15903927 0.1672863
0.1603804 0.17080398 0.17905101
0.16822353 0.17729756 0.19384317
0.17998824 0.18906227 0.20560788
0.1823334 0.19835639 0.22039998
0.2042864 0.22590879 0.26174906
0.26933762 0.33130443 0.40843135
0.67241246 0.7940198 0.8902353
0.22147101 0.30428487 0.39790592
0.5289298 0.6047947 0.6929177
0.70697683 0.77724224 0.8515686
0.54384744 0.6071638 0.6759922
0.39171398 0.43148425 0.50041574
0.14465514 0.18037678 0.2742039
0.36737683 0.4171977 0.56901175
0.41839626 0.42537484 0.5994902
0.54630965 0.48534915 0.64317644
0.60590196 0.5669366 0.68596864
0.75330603 0.76818067 0.84551376
0.78544724 0.81691897 0.888651
0.7760277 0.8157979 0.88472944
0.7838708 0.82364106 0.8925726
0.7838708 0.82499063 0.8856235
0.7893688 0.8235397 0.8786745
0.8144747 0.84169656 0.89133334
0.8183963 0.84696764 0.8883059
0.8183963 0.84696764 0.8883059
0.82231784 0.8522388 0.88527846
0.82231784 0.8522388 0.88527846
0.83565897 0.8572814 0.8931216
0.8199727 0.8415951 0.8774353
0.7964433 0.81671613 0.8608549
0.8011335 0.83665395 0.8834902
0.76976097 0.8052814 0.85211766
0.7791806 0.8091015 0.8421412
0.8160511 0.83767354 0.87351376
0.7454629 0.7670853 0.8029255
0.76114917 0.7827716 0.8186118
0.8160511 0.83767354 0.87351376
0.8317374 0.8533598 0.88920003
0.8670315 0.88865393 0.92449415
0.8709531 0.8925755 0.9284157
0.86310995 0.88473237 0.9205726
0.8568432 0.8715167 0.9018588
0.84900004 0.8650231 0.88706666
0.854498 0.8622225 0.88706666
0.8639177 0.8673921 0.87014115
0.6420428 0.573127 0.49050197
0.6405054 0.54784226 0.41832948
0.62247396 0.52421135 0.38090202
0.6263955 0.5281329 0.3848236
0.6397367 0.53587466 0.37876862
0.6256269 0.5161653 0.34526283
0.6272033 0.5107928 0.33439216
0.6209366 0.49892664 0.30872947
0.6107483 0.48178932 0.28609416
0.6358542 0.50129575 0.29180393
0.6295874 0.48808008 0.2730902
0.6468501 0.49974334 0.27095693
0.6366619 0.4839556 0.24137256
0.6343168 0.4733119 0.23352939
0.6303952 0.47073984 0.22265887
0.6107874 0.451132 0.20305103
0.6147089 0.45505357 0.2069726
0.6343168 0.4746614 0.22658044
0.6382383 0.47858298 0.23050201
0.60294425 0.44328886 0.1952079
0.6343168 0.47601098 0.2196314
0.62647367 0.46816784 0.21178827
0.6343168 0.47601098 0.2196314
0.6460815 0.48777574 0.23139614
0.6578462 0.49954045 0.24316084
0.64215994 0.48385417 0.22747457
0.6343168 0.47601098 0.2196314
0.6437363 0.47713202 0.22355297
0.6437363 0.47713202 0.22355297
0.65550107 0.4902463 0.2283687
0.6500031 0.49304682 0.2283687
0.65392464 0.49561888 0.23923928
0.65392464 0.49561888 0.23923928
0.65234816 0.49829236 0.26400793
0.6413521 0.4998448 0.28485492
0.6711483 0.5338908 0.34099615
0.6915248 0.5668158 0.3932157
0.7017131 0.583953 0.41585106
0.70563465 0.58922416 0.41282353
0.6922935 0.582832 0.4119295
0.69621515 0.5881031 0.40890196
0.6805289 0.5710673 0.40016478
0.6844504 0.57498884 0.40408635
0.68679553 0.58563256 0.4119295
0.71578383 0.6424169 0.49070594
0.81928205 0.77506065 0.6370431
0.8114389 0.76586795 0.636149
0.789486 0.73696595 0.601749
0.75184673 0.6923777 0.5516628
0.7432348 0.66851836 0.52510595
0.7212819 0.6396164 0.49070594
0.69540733 0.6067928 0.4523843
0.6930622 0.5974987 0.43759215
0.6891406 0.59357715 0.43367058
0.70874846 0.613185 0.45327842
0.7181681 0.61565554 0.45025104
0.69698375 0.6027698 0.43456477
0.69856024 0.5960477 0.4306432
0.6805289 0.5710673 0.40016478
0.6648426 0.555381 0.3844785
0.6805289 0.5710673 0.40016478
0.6844504 0.57498884 0.40408635
0.688372 0.5789104 0.40800792
0.69621515 0.58675355 0.41585106
0.6805289 0.5710673 0.40016478
0.6789524 0.57643986 0.41103536
0.68287396 0.5803614 0.41495693
0.68287396 0.5803614 0.41495693
0.68679553 0.584283 0.4188785
0.6750308 0.5711688 0.41406274
0.6812975 0.585734 0.42582744
0.6930622 0.5988482 0.4306432
0.6930622 0.5988482 0.4306432
0.6930622 0.5988482 0.4306432
0.6907171 0.58820456 0.42280006
0.6789524 0.57643986 0.41103536
0.42943132 0.41745695 0.37051767
0.43100774 0.41073486 0.3665961
0.44042727 0.4118559 0.37051767
0.44042727 0.4118559 0.37051767
0.43258414 0.40401277 0.36267453
0.40198034 0.3873069 0.35696468
0.32589406 0.31816965 0.29332554
0.20040387 0.19267946 0.16783533
0.12981562 0.12074168 0.10419611
0.11412935 0.10505541 0.088509835
0.11805092 0.108976975 0.0924314
0.10470981 0.10258483 0.09153723
0.12823923 0.12611425 0.11506665
0.1321608 0.13003582 0.118988216
0.22078046 0.22695398 0.21310586
0.3776432 0.38381672 0.3699686
0.43254516 0.43736914 0.4318196
0.42470202 0.429526 0.42397645
0.4074392 0.4205619 0.41221175
0.3956745 0.4087972 0.40044704
0.40351763 0.41664034 0.40829018
0.4011726 0.4059966 0.40044704
0.39882746 0.39670247 0.38565487
0.3964823 0.38740835 0.37086278
0.36668622 0.34931368 0.33556867
0.26864702 0.25127447 0.23752946
0.20747831 0.18180726 0.17086278
0.1839489 0.15827785 0.14733337
0.17768218 0.14371261 0.13556866
0.19417624 0.13801007 0.12167057
0.23027809 0.15056585 0.13432938
0.23027809 0.15191539 0.12738043
0.21536049 0.15089582 0.13735685
0.14473322 0.11636309 0.12201566
0.11255295 0.10637931 0.12022748
0.11881968 0.120944545 0.13199219
0.13842753 0.1405524 0.15160003
0.15253726 0.16296084 0.17120788
0.16822353 0.17864712 0.18689415
0.17606667 0.1851407 0.20168631
0.19175294 0.20082697 0.21737258
0.1940981 0.2101211 0.23216468
0.2042864 0.22590879 0.26174906
0.21916495 0.25893524 0.3278667
0.6057458 0.72735316 0.8235686
0.2198946 0.31100696 0.40182748
0.54227096 0.6098373 0.70076084
0.4207023 0.4882686 0.57919216
0.16268657 0.20940581 0.28383532
0.22870168 0.13704471 0.24248624
0.17287481 0.21844581 0.34816468
0.1979416 0.2699591 0.4299686
0.35011408 0.4014858 0.5919922
0.45526677 0.45529643 0.6239137
0.56507075 0.57319766 0.6920236
0.775259 0.79708266 0.87991375
0.7721061 0.81052685 0.8877569
0.76818454 0.8079548 0.8768863
0.7760277 0.8157979 0.88472944
0.7760277 0.8171475 0.8777804
0.78544724 0.81826854 0.88170195
0.8144747 0.84169656 0.89133334
0.8183963 0.84696764 0.8883059
0.8183963 0.84696764 0.8883059
0.8262394 0.85616034 0.88920003
0.8262394 0.85616034 0.88920003
0.8317374 0.8533598 0.88920003
0.82389426 0.8455167 0.8813569
0.808208 0.82848084 0.8726196
0.80271 0.82993186 0.8795686
0.8128982 0.84841865 0.89525485
0.76976097 0.8052814 0.85211766
0.7282002 0.75677156 0.7981098
0.7729139 0.7945363 0.8303765
0.8160511 0.83767354 0.87351376
0.7964433 0.8180657 0.8539059
0.69998044 0.71465397 0.7449961
0.81609017 0.8124144 0.76267457
0.8286236 0.83479714 0.820949
0.8591884 0.88216037 0.90970194
0.87487465 0.89784664 0.9253882
0.86076474 0.8767878 0.89883137
0.84900004 0.8650231 0.88706666
0.85999614 0.862121 0.87316865
0.562035 0.5000681 0.42294124
0.6483485 0.5556854 0.4261726
0.6365838 0.5452702 0.4074589
0.6483485 0.5583844 0.41227457
0.63581514 0.5319531 0.37484705
0.6217053 0.5108942 0.34829026
0.6154386 0.4990281 0.32262745
0.6287797 0.5067698 0.3165726
0.6146699 0.48706046 0.28306675
0.6319326 0.4973742 0.28788236
0.6452737 0.50376636 0.2887765
0.6233207 0.47621387 0.2474275
0.617054 0.46299818 0.22871378
0.6303952 0.46939033 0.22960782
0.6303952 0.47073984 0.22265887
0.6303952 0.47073984 0.22265887
0.62647367 0.46681827 0.2187373
0.6186305 0.45897514 0.21089417
0.62255204 0.4628967 0.21481574
0.6303952 0.47073984 0.22265887
0.64215994 0.48385417 0.22747457
0.6343168 0.47601098 0.2196314
0.6303952 0.4720894 0.21570984
0.6303952 0.4720894 0.21570984
0.62647367 0.46816784 0.21178827
0.6303952 0.4720894 0.21570984
0.6500031 0.4916973 0.2353177
0.6578462 0.49954045 0.24316084
0.6460815 0.48777574 0.23139614
0.6437363 0.4784816 0.21660396
0.6382383 0.48128211 0.21660396
0.6343168 0.47601098 0.2196314
0.6484266 0.49706987 0.24618831
0.639007 0.49324977 0.2561648
0.66095996 0.52080214 0.29751378
0.677415 0.5498055 0.34581184
0.6679954 0.5432864 0.36968628
0.6624974 0.5460869 0.36968628
0.69386995 0.57745945 0.40105882
0.7095562 0.5931457 0.4167451
0.6977915 0.581381 0.4049804
0.7017131 0.5853026 0.40890196
0.69621515 0.58675355 0.41585106
0.69463867 0.5934757 0.41977262
0.7220506 0.6556326 0.5094197
0.83339196 0.7947699 0.67054904
0.83339196 0.7947699 0.67054904
0.8294704 0.7908483 0.6666275
0.8271252 0.7815542 0.65183526
0.7792977 0.71982867 0.5791138
0.7314701 0.65810317 0.50639224
0.7055956 0.62527966 0.46807057
0.7110936 0.6224791 0.46807057
0.70325047 0.6159855 0.45327842
0.70874846 0.613185 0.45327842
0.6891406 0.59357715 0.43367058
0.6930622 0.5988482 0.4306432
0.69698375 0.6027698 0.43456477
0.69463867 0.5934757 0.41977262
0.68287396 0.581711 0.40800792
0.6789524 0.5777894 0.40408635
0.6789524 0.5777894 0.40408635
0.68679553 0.58563256 0.4119295
0.688372 0.5789104 0.40800792
0.67268574 0.56322414 0.39232165
0.6844504 0.5736393 0.41103536
0.68679553 0.584283 0.4188785
0.6844504 0.5736393 0.41103536
0.6750308 0.5725183 0.4071138
0.67110926 0.5685967 0.40319222
0.6789524 0.57643986 0.41103536
0.68679553 0.58563256 0.4119295
0.6750308 0.57386786 0.40016478
0.6671877 0.5660247 0.39232165
0.6671877 0.5660247 0.39232165
0.6671877 0.56467515 0.39927065
0.35257638 0.330954 0.2951137
0.26787826 0.2393069 0.19796866
0.20121159 0.17264023 0.131302
0.18160374 0.15168285 0.11864311
0.16276465 0.14809121 0.117749
0.15176864 0.14964366 0.13859606
0.11881968 0.12364365 0.11809409
0.11255295 0.11042797 0.09938037
0.13842753 0.14460105 0.13075292
0.23412158 0.2319966 0.220949
0.3964823 0.3860588 0.37781173
0.42627844 0.425503 0.4061569
0.39882746 0.39940155 0.3717569
0.39098433 0.39020887 0.37086278
0.39098433 0.3915584 0.36391377
0.39882746 0.39940155 0.3717569
0.40432543 0.39660102 0.3717569
0.40432543 0.3979506 0.3648078
0.3964823 0.39010745 0.35696468
0.36668622 0.35336235 0.31472155
0.29767442 0.27470246 0.24716076
0.25376838 0.21554898 0.18530977
0.24042727 0.21050638 0.17746663
0.23808211 0.1998627 0.1696235
0.23808211 0.1998627 0.1696235
0.21847427 0.17890531 0.15696469
0.202788 0.16186948 0.14822748
0.19102329 0.15010478 0.13646278
0.1886782 0.13946109 0.12861964
0.19967422 0.13520955 0.12167057
0.22635652 0.14799382 0.12345886
0.23969764 0.15438597 0.12435298
0.22478011 0.15336637 0.13432938
0.14473322 0.11636309 0.12201566
0.10863138 0.10245774 0.11630591
0.11097654 0.11310141 0.12414905
0.13450596 0.13663083 0.14767846
0.15253726 0.16296084 0.17120788
0.17606667 0.18649025 0.19473729
0.1839098 0.19298384 0.20952944
0.19959608 0.20732057 0.23216468
0.2058628 0.2218858 0.24392939
0.20978437 0.22445782 0.25479996
0.2144747 0.24304605 0.28438434
0.6073612 0.6845756 0.7644
0.29286703 0.35483384 0.43196076
0.347769 0.4070367 0.5007608
0.17756505 0.23703407 0.37774903
0.12816115 0.18068111 0.315898
0.41859147 0.23295146 0.38579613
0.24423173 0.29560345 0.48610985
0.14142424 0.25513557 0.4481333
0.13281235 0.23127621 0.4215765
0.34853768 0.4082079 0.59591377
0.4866003 0.5308218 0.6688392
0.7666082 0.8119778 0.8947059
0.7548435 0.80156267 0.8759922
0.7485767 0.78699744 0.8642275
0.7603414 0.80011165 0.8690432
0.77994925 0.8197195 0.888651
0.77994925 0.82106906 0.88170195
0.8168198 0.8523402 0.8991765
0.8183963 0.84696764 0.8883059
0.8183963 0.84696764 0.8883059
0.82231784 0.8522388 0.88527846
0.82231784 0.8522388 0.88527846
0.83565897 0.8559318 0.9000706
0.82231784 0.8508892 0.8922275
0.82231784 0.8495397 0.8991765
0.81055313 0.837775 0.8874117
0.80897665 0.8444971 0.89133334
0.8285845 0.8641049 0.9109411
0.8144747 0.8470947 0.86353725
0.78860015 0.81292164 0.8321647
0.7415413 0.7645133 0.7920549
0.76272553 0.77739906 0.80774117
0.8176275 0.8336505 0.8556941
0.8223569 0.822931 0.7952863
0.74477226 0.7113472 0.5069412
0.7659566 0.7242329 0.5226275
0.82627845 0.82955164 0.7853098
0.85134524 0.8743172 0.9018588
0.8568432 0.8728662 0.8949098
0.8560746 0.8581994 0.8692471
0.6686861 0.6179181 0.56838435
0.6350074 0.5506428 0.41832948
0.62089753 0.52958393 0.39177263
0.64600337 0.54774076 0.40443143
0.6381602 0.5412472 0.3896392
0.6515014 0.54763937 0.39053333
0.62954843 0.5200869 0.3491844
0.6232817 0.5082208 0.32352155
0.6264346 0.49747565 0.30178046
0.62251306 0.49625316 0.2839608
0.63977575 0.5065669 0.2887765
0.639007 0.4919002 0.2631138
0.60921085 0.45515504 0.22087064
0.6107874 0.4497825 0.20999998
0.60686576 0.44721043 0.19912946
0.62255204 0.4628967 0.21481574
0.62412846 0.4561746 0.21089417
0.6319716 0.46401775 0.2187373
0.6303952 0.47073984 0.22265887
0.6303952 0.47073984 0.22265887
0.62255204 0.46424627 0.2078667
0.62647367 0.46816784 0.21178827
0.6303952 0.4720894 0.21570984
0.6460815 0.48777574 0.23139614
0.65392464 0.4969684 0.23229027
0.6202069 0.4536026 0.20002356
0.62412846 0.45752418 0.20394513
0.62805 0.46144575 0.2078667
0.62412846 0.45752418 0.20394513
0.6437363 0.4784816 0.21660396
0.6500031 0.4916973 0.2353177
0.6460815 0.48777574 0.23139614
0.65234816 0.49964187 0.25705883
0.65469325 0.5075865 0.27880007
0.6476189 0.5157595 0.28967065
0.6578072 0.5288482 0.333153
0.67583853 0.5524791 0.37058038
0.6781837 0.5617732 0.38537255
0.6977915 0.581381 0.4049804
0.67034054 0.55393004 0.3775294
0.6742621 0.5578516 0.38145098
0.6860268 0.5709659 0.38626665
0.6899484 0.5735379 0.39713725
0.6922935 0.58418155 0.4049804
0.7047879 0.64666843 0.49765497
0.8929841 0.8669106 0.7619843
0.8890625 0.862989 0.7580627
0.8655331 0.84080917 0.72758436
0.84515667 0.805185 0.6892628
0.789486 0.7356164 0.608698
0.7612663 0.6948483 0.54863536
0.729125 0.6488091 0.49159998
0.7267799 0.63816535 0.48375684
0.7110936 0.6224791 0.46807057
0.6993289 0.612064 0.44935685
0.69698375 0.6014203 0.44151372
0.7009053 0.60669136 0.43848634
0.71267 0.61845607 0.45025104
0.68679553 0.58563256 0.4119295
0.6789524 0.5777894 0.40408635
0.6907171 0.58955413 0.41585106
0.68679553 0.58563256 0.4119295
0.69856024 0.59739727 0.4236942
0.68287396 0.581711 0.40800792
0.6789524 0.5777894 0.40408635
0.6671877 0.56467515 0.39927065
0.67110926 0.5685967 0.40319222
0.67110926 0.5699463 0.3962432
0.6671877 0.5660247 0.39232165
0.6632661 0.5607536 0.3953491
0.6671877 0.56467515 0.39927065
0.6671877 0.5660247 0.39232165
0.6671877 0.5660247 0.39232165
0.660921 0.552809 0.37360784
0.6632661 0.56210315 0.38840008
0.67110926 0.5699463 0.3962432
