depth-size
160 90
timestamp
1317851943267776
intrinsics
130.86836 130.80324 80.38718 45.643036
camera-pose
0.11157942
-0.79588574
0.59507644
0.0
0.98872954
0.028761208
-0.14692438
0.0
0.099819854
0.6047634
0.7901249
0.0
0.05388759
0.087934956
-0.022745457
1.0
depth
0
0
0
0
0
0
0
0
1444
1394
1443
1346
1391
1309
1492
2548
2882
3292
3621
3741
3534
3257
1571
1545
1499
1486
1516
1483
1563
1496
1574
1488
1544
1596
1978
1971
1821
1737
2088
1782
1720
1692
1690
1689
1786
1870
1836
1764
1753
1745
1747
1747
1783
1807
1824
1827
1810
1803
1805
1802
1791
1811
1820
1829
1839
1857
1879
1829
1883
1896
1898
1886
1870
1876
1893
1909
1914
1895
1843
1775
1779
1783
1670
1651
1630
1664
1688
1663
1627
1608
1590
1565
1536
1508
1502
1502
1494
1483
1475
1460
1437
1413
1389
1366
1351
1343
1335
1332
1329
1314
1288
1250
1218
1209
1202
1195
1193
1191
1184
1174
1162
1143
1136
1109
1084
1094
1087
1084
1075
1072
1047
1040
1014
1021
1019
1027
1034
1038
1035
1022
1011
1018
1022
1017
1004
1003
994
997
997
998
1161
2067
2120
2102
2110
2128
2144
2403
9502
12904
0
0
0
0
0
10664
10663
10663
1446
1413
1447
1399
1478
1338
1575
1816
2150
2980
3644
3786
3497
3182
1567
1555
1620
1492
1539
1549
1527
1511
1574
1501
1565
1614
1607
1613
1670
1697
1539
1906
1726
1698
1721
1802
1669
1710
1501
1788
1755
1752
1758
1769
1770
1810
1811
1833
1812
1798
1805
1795
1812
1816
1831
1836
1842
1862
1884
1858
1877
1888
1883
1871
1857
1867
1895
1913
1931
1914
1862
1801
1747
1744
1661
1642
1624
1668
1678
1664
1643
1622
1599
1570
1537
1515
1514
1514
1497
1479
1468
1456
1435
1414
1389
1367
1349
1338
1331
1333
1330
1308
1283
1242
1213
1210
1206
1199
1194
1189
1182
1174
1165
1148
1131
1104
1099
1086
1087
1058
1036
1036
1061
1050
1034
1029
1026
1033
1037
1037
1033
1024
1013
1018
1018
1015
997
997
995
990
983
985
1189
1759
1959
2055
2097
2118
2154
2793
11169
13048
0
0
0
0
0
10664
10663
10663
4439
1419
1451
1482
1490
1481
1497
1520
1611
1816
2165
2390
1845
1862
1647
1551
1557
1536
1502
1551
1536
1529
1574
1418
1507
1704
1665
1614
1645
1666
1957
1642
1679
1670
1769
1821
1511
1773
1794
1735
1734
1756
1764
1776
1778
1786
1798
1818
1798
1789
1779
1687
1784
1817
1829
1840
1855
1878
1887
1856
1865
1870
1871
1866
1858
1871
1899
1918
1929
1918
1873
1814
1729
1732
1685
1640
1647
1678
1682
1673
1659
1639
1609
1580
1547
1531
1527
1521
1502
1477
1460
1444
1426
1408
1390
1371
1355
1345
1339
1340
1337
1325
1302
1263
1226
1211
1205
1197
1195
1193
1186
1177
1169
1150
1115
1102
1115
1114
1050
1052
1058
1054
1053
1044
1034
1033
1035
1037
1038
1035
1030
1030
1017
1017
1012
1010
1002
993
993
994
989
998
1106
1733
1966
2055
2093
2132
2253
5767
12966
13377
0
0
0
0
0
10666
2265
2254
2504
2336
1826
1454
1453
1463
1473
1481
1405
1317
1337
1558
1636
1718
1905
1290
1189
1078
1085
1879
1871
1809
1606
1487
1530
1595
1660
1614
1622
1625
2093
2090
2008
1666
1808
1831
1840
1738
1772
1654
1728
1753
1765
1784
1803
1756
1790
1813
1800
1787
1746
1721
1810
1824
1835
1852
1875
1889
1891
1868
1854
1854
1869
1864
1863
1880
1905
1929
1919
1908
1871
1813
1779
1772
1684
1638
1696
1689
1685
1672
1653
1636
1612
1590
1559
1539
1526
1517
1495
1473
1458
1445
1430
1410
1390
1374
1360
1348
1343
1346
1346
1337
1324
1226
1232
1220
1211
1207
1204
1197
1185
1176
1171
1161
1135
1104
1080
1078
1050
1072
1067
1059
1054
1047
1038
1033
1040
1040
1037
1032
1029
1031
1015
1019
1015
1009
1000
998
1007
1000
997
1014
1109
1747
1980
2067
2110
2234
4949
11884
13292
13044
0
0
0
0
0
0
2206
2205
2187
2166
1450
1457
1471
1451
1459
1472
1448
1377
1381
1487
1508
1542
1615
1404
1478
1497
1073
1555
1562
1559
1564
2070
1887
1614
1861
2036
1946
1503
1697
2132
2109
1670
1996
1859
1843
1756
1787
1675
1711
1751
1768
1793
1816
1795
1803
1798
1795
1785
1763
1775
1801
1835
1847
1871
1868
1884
1879
1862
1844
1847
1851
1861
1866
1890
1914
1924
1919
1897
1863
1813
1771
1745
1688
1661
1714
1696
1687
1672
1646
1621
1602
1590
1563
1538
1525
1516
1494
1474
1459
1448
1435
1414
1389
1374
1361
1351
1344
1340
1333
1328
1324
1293
1241
1227
1219
1215
1205
1190
1187
1181
1172
1151
1140
1110
1081
1067
1050
1082
1084
1071
1063
1057
1042
1034
1035
1037
1040
1031
1026
1021
1011
1013
1012
1006
1002
1010
1007
990
988
1006
1021
1040
1253
2108
2141
5929
11167
12700
12536
11867
0
0
0
0
0
0
2200
2193
2167
2119
1467
1562
1501
1474
1468
1474
1469
1456
1472
1499
1505
1530
1555
1416
1239
1240
1563
1614
1549
1543
1526
1508
1529
1625
1627
1611
1617
1823
2029
2095
2085
1904
2023
2005
1810
1790
1797
1744
1713
1740
1777
1800
1824
1826
1813
1788
1785
1784
1790
1800
1796
1833
1844
1875
1856
1873
1864
1845
1842
1844
1843
1842
1857
1890
1909
1919
1916
1890
1857
1818
1779
1746
1680
1671
1694
1693
1692
1683
1655
1622
1593
1583
1562
1540
1533
1520
1499
1483
1467
1455
1432
1410
1392
1374
1360
1351
1345
1337
1326
1318
1306
1285
1236
1227
1230
1223
1203
1188
1191
1189
1179
1151
1144
1132
1086
1066
1093
1099
1095
1079
1067
1058
1045
1038
1037
1036
1038
1028
1025
1013
1005
1007
1008
1005
1010
1017
1010
980
985
991
1012
1035
1372
2355
2362
10078
11863
11927
11422
10883
0
0
0
0
0
0
2201
2181
2152
2093
1953
1619
1520
1493
1454
1478
1482
1489
1503
1510
1507
1507
1547
1593
1418
1578
1280
1790
1592
1551
1527
1527
1521
1624
1653
1637
1618
1624
1703
1768
1602
1973
2042
2031
1826
1630
1702
1747
1772
1750
1782
1825
1842
1802
1809
1794
1786
1794
1803
1813
1812
1830
1843
1866
1858
1865
1865
1850
1850
1845
1854
1848
1866
1881
1893
1907
1903
1879
1848
1818
1768
1763
1681
1653
1722
1737
1714
1692
1662
1629
1599
1593
1570
1550
1539
1521
1505
1492
1464
1445
1432
1413
1393
1373
1356
1348
1348
1341
1329
1325
1307
1286
1241
1221
1216
1218
1206
1193
1192
1186
1175
1156
1154
1141
1112
1110
1107
1106
1100
1088
1072
1064
1049
1043
1041
1037
1036
1026
1021
1011
1007
1005
1005
1010
1012
1017
1004
983
993
1001
1010
1068
1644
2656
5282
10413
10969
10779
10374
10085
0
0
0
0
0
0
2201
2170
2142
2086
1394
1459
1522
1493
1499
1503
1507
1512
1526
1536
1523
1506
1532
1523
1550
1728
1534
1869
1632
1061
1535
1581
1539
1624
1668
1627
1616
1678
1668
1639
1637
1649
2032
2047
2033
1712
1762
1783
1802
1791
1795
1821
1880
1796
1804
1796
1798
1813
1821
1828
1829
1831
1847
1853
1862
1860
1857
1854
1852
1843
1853
1866
1876
1886
1890
1900
1894
1871
1837
1816
1753
1763
1709
1662
1721
1735
1723
1698
1680
1642
1626
1619
1594
1564
1523
1489
1471
1476
1469
1443
1407
1389
1374
1365
1354
1335
1329
1336
1340
1325
1304
1293
1247
1227
1222
1218
1212
1202
1190
1183
1173
1155
1136
1122
1114
1126
1124
1119
1105
1090
1073
1063
1050
1043
1038
1034
1036
1024
1017
1008
1004
1004
1008
1012
1012
1009
999
1001
1015
1004
1023
1225
1915
2575
4042
8379
9543
9154
8984
9039
0
0
0
0
0
0
0
2158
2130
2079
1418
1528
1602
1604
1569
1541
1525
1526
1551
1566
1556
1529
1538
1565
1561
1500
1624
1581
1548
1419
1543
1043
1026
1611
1661
1609
1615
1662
1644
1638
1677
1656
2039
2042
1762
1684
1687
1979
1880
1803
1820
1832
1849
1811
1797
1799
1814
1826
1832
1836
1825
1831
1842
1843
1851
1853
1850
1854
1846
1847
1850
1868
1876
1884
1890
1895
1887
1866
1830
1826
1794
1780
1706
1677
1742
1756
1740
1707
1693
1669
1656
1655
1639
1572
1527
1484
1443
1433
1428
1404
1386
1370
1355
1339
1327
1315
1315
1330
1338
1329
1301
1272
1244
1229
1220
1222
1215
1196
1184
1179
1167
1143
1121
1104
1107
1133
1133
1125
1112
1093
1077
1066
1055
1046
1039
1034
1032
1021
1014
1009
1004
1005
1013
1017
1013
1001
1014
1018
1013
1005
1052
1351
1863
2309
3461
6564
8158
7911
7861
8006
0
0
0
0
0
0
0
2134
2106
2058
1478
1462
1478
1585
1598
1552
1555
1555
1596
1601
1592
1566
1537
1500
1587
1445
1636
1546
1548
1516
1558
1451
1054
1603
1931
2120
2016
1648
1654
1695
1677
1662
1630
1666
1674
1490
1596
1997
1934
1893
1859
1867
1818
1775
1784
1807
1796
1817
1834
1826
1827
1830
1836
1825
1834
1838
1852
1857
1855
1854
1866
1877
1874
1884
1887
1882
1876
1856
1843
1836
1736
1784
1685
1673
1604
1732
1763
1739
1698
1679
1699
1715
1712
1554
1507
1451
1417
1407
1392
1381
1367
1355
1335
1325
1319
1308
1299
1301
1309
1307
1294
1251
1221
1221
1226
1221
1209
1193
1181
1176
1170
1152
1127
1107
1103
1117
1133
1126
1112
1095
1082
1071
1060
1050
1041
1036
1030
1017
1016
1012
1006
1007
1022
1020
1012
1002
1026
1023
1010
1013
1047
1204
1652
2663
5172
7632
7871
7651
7547
7477
0
0
0
0
0
0
2033
2087
2063
1440
1459
1456
1492
1520
1507
1527
1556
1606
1713
1739
1693
1651
1578
1558
1670
1793
1602
1554
1524
1579
1555
1450
1523
1529
1568
1683
1615
1922
1712
1730
1680
1687
1633
1780
1705
1508
1718
2092
2032
1921
1914
1904
1811
1765
1788
1797
1787
1763
1821
1811
1843
1816
1836
1811
1830
1838
1855
1862
1869
1874
1867
1857
1882
1895
1887
1866
1867
1848
1843
1834
1754
1739
1666
1708
1650
1739
1754
1732
1691
1686
1724
1766
1747
1584
1523
1455
1415
1393
1384
1376
1362
1347
1338
1331
1319
1305
1295
1288
1303
1296
1280
1252
1234
1223
1219
1214
1209
1199
1187
1177
1170
1151
1131
1114
1097
1112
1126
1118
1107
1095
1085
1074
1062
1049
1037
1032
1025
1021
1023
1018
1010
1017
1028
1018
1015
1020
1018
1016
1009
1036
1063
1642
2204
4325
7327
8374
8057
7761
7571
7490
0
0
0
0
0
0
2023
2023
2006
1440
1454
1464
1508
1494
1488
1495
1518
1533
1580
1681
1616
1998
1940
1483
1969
1523
1272
1194
1096
1541
1046
1517
1510
1578
1597
1606
1614
1619
1710
1728
1746
1681
1665
1714
1916
1690
1709
2121
2095
1992
1929
1849
1829
1766
1793
1798
1809
1750
1788
1742
1824
1801
1825
1823
1831
1848
1861
1866
1871
1874
1878
1813
1894
1905
1886
1860
1866
1864
1856
1852
1773
1749
1659
1748
1769
1747
1737
1692
1679
1721
1782
1832
1741
1377
1294
1216
1391
1389
1376
1365
1361
1352
1336
1326
1316
1303
1295
1285
1279
1262
1269
1246
1232
1225
1214
1204
1200
1196
1186
1176
1168
1155
1133
1113
1105
1108
1114
1116
1108
1099
1088
1072
1057
1042
1035
1033
1024
1021
1024
1016
1012
1022
1028
1019
1022
1029
1009
1002
992
1003
1210
2636
4872
7795
9097
9460
8793
8126
7804
7623
0
0
0
0
0
0
1994
1977
1968
1961
1443
1463
1482
1499
1489
1489
1503
1511
1527
1531
1588
1615
1752
1723
2454
1164
1188
1531
1472
1118
1037
995
1537
1590
1597
1605
1612
1618
1657
1679
1680
1677
2042
1980
2201
1645
1677
2153
2111
2090
1922
1921
1787
1763
1798
1817
1825
1767
1790
1786
1820
1801
1814
1826
1837
1838
1868
1869
1869
1871
1871
1828
1894
1906
1888
1865
1872
1875
1878
1852
1732
1751
1607
1687
1751
1730
1705
1718
1658
1730
1225
1229
1232
1228
1226
1216
1391
1386
1376
1364
1353
1343
1332
1320
1310
1300
1290
1281
1273
1253
1243
1230
1217
1209
1199
1193
1197
1198
1184
1169
1162
1158
1142
1119
1119
1126
1124
1118
1109
1099
1087
1069
1049
1037
1031
1027
1024
1021
1019
1013
1014
1018
1024
1020
1031
1034
1008
983
993
985
1588
7846
9505
10119
10489
10582
10961
9015
8179
7851
0
0
0
0
0
0
1962
1958
1955
1953
1444
1494
1489
1494
1494
1498
1508
1514
1519
1521
1519
1514
1609
1520
2396
2021
1421
1537
1448
1397
1389
1008
1660
1166
1590
1604
1611
1634
1649
1650
1660
1776
2048
2047
2170
2168
1754
2169
2151
2105
1906
1914
1876
1829
1821
1829
1830
1776
1801
1811
1807
1801
1808
1824
1832
1831
1874
1871
1873
1869
1862
1858
1895
1895
1872
1869
1897
1901
1888
1823
1786
1747
1604
1732
1756
1716
1675
1669
1665
1660
1225
1228
1231
1227
538
534
526
517
515
1357
1353
1348
570
516
595
479
498
1187
1166
1163
1161
1154
1206
1203
1198
1193
1192
1187
1172
1159
1155
1152
1136
1117
1117
1131
1133
1121
1108
1095
1083
1064
1042
1032
1028
1024
1023
1020
1020
1018
1015
1015
1021
1024
1030
1010
1000
975
981
978
1312
11778
11725
11356
12836
12963
12728
11448
9245
8660
0
0
0
0
0
0
1916
1915
1909
1863
1733
1509
1491
1483
1488
1499
1511
1518
1518
1510
1508
1524
1583
1715
2170
2626
1458
1569
1439
1426
1557
961
1577
1494
1598
2316
1611
1649
1664
1676
1652
1664
2126
2106
2169
2168
2185
2171
2148
2122
2036
1924
1904
1910
1861
1844
1817
1795
1793
1813
1803
1807
1816
1825
1828
1845
1874
1869
1872
1871
1870
1882
1901
1884
1880
1868
1900
1926
1908
1891
1860
1756
1568
1732
1221
1600
1644
1547
1383
1383
1225
1224
1220
1214
843
652
588
526
516
513
518
516
512
530
486
657
755
1175
1163
1160
1155
1142
1152
1189
1179
1187
1116
1117
1144
419
929
1120
1139
1130
1131
1128
1123
1124
1108
1091
1076
1059
1045
1039
1035
1029
1027
1022
1025
1021
1013
1019
1026
1026
1034
1020
995
978
969
1009
1052
14196
14789
14076
14595
15534
13825
14247
11994
11109
0
0
0
0
0
0
1917
1915
1909
1870
1798
1535
1489
1476
1480
1492
1505
1514
1511
1503
1506
1528
1558
1590
1885
1535
1472
1587
1413
1431
1556
917
1601
1589
1600
1604
1616
1766
1631
1692
1656
1654
1669
1796
2168
2170
2179
2164
2139
1950
1989
1949
1942
1935
1899
1851
1816
1806
1792
1817
1818
1826
1827
1828
1822
1858
1871
1867
1870
1872
1870
1890
1898
1892
1884
1883
1866
1949
1945
1987
1874
1862
0
0
1214
1214
1213
1209
1202
1201
1200
1209
1208
1204
1198
1194
542
538
530
514
512
511
510
521
506
502
826
1167
1159
1154
1146
1134
1151
1181
1185
448
447
440
436
423
421
424
420
418
1017
1118
1110
1124
1110
1096
1080
1059
1052
1051
1041
1035
1031
1025
1025
1023
1017
1024
1027
1024
1033
1017
997
985
994
1041
1052
13955
13906
13639
13827
14408
15318
15399
14527
13789
0
0
0
0
0
0
1917
1915
1908
1877
1830
1568
1495
1477
1475
1483
1494
1505
1504
1497
1503
1517
1524
1528
1529
1632
1538
1510
1464
936
942
955
1493
1633
1598
1603
1614
1741
2108
2039
1965
2194
1981
1907
2153
2162
2171
2177
2141
1892
1921
1923
1961
1941
1910
1862
1821
1630
1668
1819
1827
1823
1832
1830
1825
1868
1864
1866
1874
1868
1875
1896
1899
1903
1896
1891
1865
1956
1947
1948
2424
2449
1222
1222
1214
1213
1213
1209
1202
1201
1200
1197
1193
1191
1188
1182
707
572
540
517
510
515
510
515
517
509
506
1076
1151
1145
1138
1130
1142
1165
1166
499
461
446
441
431
424
424
422
419
418
420
873
1123
1115
1103
1078
1053
1052
1057
1054
1046
1037
1032
1024
1025
1028
1029
1026
1024
1026
1006
994
985
1012
1754
8834
10922
12015
12182
12455
13273
14242
15609
15408
15074
0
0
0
0
0
0
1918
1915
1908
1879
1834
1574
1486
1462
1465
1473
1480
1489
1496
1496
1503
1510
1512
1527
1530
1604
1542
1472
1442
1050
1062
1166
1341
1620
1598
1821
1888
1623
1624
1679
2151
2175
2195
1602
1612
2142
2151
2205
2055
1870
1883
1895
1980
1950
1940
1887
1833
1763
1730
1813
1826
1819
1833
1831
1839
1877
1859
1865
1874
1871
1887
1900
1894
1940
1932
1925
1921
1920
1751
2362
2448
2449
1223
1223
526
543
1211
1191
1197
1197
1194
1187
1180
1191
1174
1172
1168
800
522
517
512
516
517
517
519
513
506
1097
1143
1138
1132
1126
1127
1135
1132
686
608
573
463
447
436
430
428
424
421
418
411
760
1119
1047
1067
1064
1060
1061
1063
1055
1047
1041
1030
1032
1038
1037
1034
1029
1028
1010
994
999
1119
3802
7773
7787
9980
10061
9972
9686
10850
14152
15311
14972
0
0
0
0
0
0
1918
1915
1908
1874
1796
1470
1441
1444
1452
1465
1474
1486
1498
1503
1510
1517
1522
1537
1558
1762
1512
1503
1485
1003
1561
1568
1550
1604
2174
2174
2124
1622
1623
1639
2132
2140
2154
1597
1612
1658
2216
2214
2035
1888
1877
1889
2002
1982
1956
1905
1843
1772
1783
1810
1823
1820
1837
1829
1844
1870
1863
1864
1876
1881
1884
1899
1871
1969
1964
1957
1963
610
631
2363
2442
1223
1223
1223
537
674
1206
1187
1189
1189
1184
1181
1174
1172
1173
536
532
519
524
529
519
519
539
555
531
516
507
899
1138
1133
1128
1122
1118
1114
1111
1115
1122
1119
453
452
443
442
437
433
419
415
412
544
1132
1098
1082
1083
1071
1073
1075
1064
1053
1043
1029
1036
1045
1046
1046
1045
1052
1061
1054
1077
1344
2939
3797
2763
2787
2717
2953
4082
4548
7466
12966
13975
0
0
0
0
0
0
1919
1916
1909
1859
1682
1454
1437
1441
1446
1461
1477
1494
1509
1515
1523
1530
1540
1564
1582
1551
1781
1770
1491
1443
1560
1572
1570
1628
1676
2052
2093
1725
1683
1647
2059
2116
2033
2031
1823
1782
2187
2185
2039
1913
1898
1908
2003
1999
1963
1912
1832
1792
1787
1822
1819
1823
1836
1834
1847
1849
1865
1875
1879
1885
1885
1888
1896
1954
1572
1572
890
610
654
2363
2363
1223
1223
1223
1210
522
513
515
822
1180
1177
1173
703
695
688
612
523
520
525
523
534
536
554
580
556
523
510
619
1135
487
588
1118
1113
1106
1102
1105
1109
455
449
524
442
441
417
429
425
418
416
409
1079
1136
1132
1132
1109
1098
1089
1073
1059
1037
1028
1036
1042
1048
1054
1089
1119
1183
1215
1237
1369
1770
2254
2237
2176
2208
2323
2431
2545
3292
7191
11756
0
0
0
0
0
0
1919
1916
1911
1660
1461
1448
1434
1438
1454
1463
1480
1498
1513
1518
1526
1539
1555
1578
1598
1584
1553
1469
1469
1039
1042
1135
1600
1613
1657
1702
1918
1861
1791
1733
2030
2022
1854
1853
1848
1812
2061
2081
1927
1768
1773
1812
1986
1891
1928
1878
1820
1798
1773
1819
1820
1830
1839
1853
1852
1838
1860
1871
1878
1882
1881
1884
921
923
946
946
890
830
600
585
592
525
525
534
524
518
516
508
500
962
1173
711
704
696
689
550
529
522
520
520
512
535
553
637
602
531
516
516
901
485
497
611
1110
529
971
1100
1099
821
453
460
782
422
422
421
419
415
411
409
1113
1139
1139
1140
1142
1134
1127
1088
1067
1040
1038
1054
1050
1059
1105
1160
1212
1311
1370
1251
1266
1429
1952
1992
2061
2148
2172
2209
2247
2386
3424
5736
0
0
0
0
0
0
1920
1916
1913
1461
1459
1448
1457
1459
1459
1464
1477
1493
1506
1514
1519
1533
1550
1570
1583
1590
1566
1515
1528
1460
1085
1406
1591
1623
1635
1685
1632
1646
1642
1639
1811
1810
1807
1833
1811
1766
1735
1765
1791
1791
1771
1817
1790
1808
1892
1839
1814
1776
1782
1809
1820
1827
1838
1846
1849
1840
1861
1868
1873
1873
1872
1128
934
926
1036
953
889
818
609
592
593
527
526
526
520
514
513
508
499
499
495
713
705
697
660
536
525
521
519
516
516
533
543
538
518
524
524
508
523
516
507
824
1109
452
461
483
449
448
453
433
435
428
426
423
420
407
403
408
381
1117
1146
1145
1147
1057
1053
1046
1052
1065
1067
1067
1067
1080
1134
1165
1229
1310
1368
1289
1267
1440
1943
1992
2068
2128
2177
2213
2245
2327
2702
5640
0
0
0
0
5204
5204
1920
1914
1908
1459
1459
1457
1460
1462
1455
1463
1472
1485
1498
1507
1512
1522
1527
1552
1573
1589
1496
1527
1580
1518
1426
1569
1620
1623
1625
1657
1670
1662
1635
1645
1664
1764
1783
1782
1750
1722
1732
1761
1774
1781
1760
1787
1863
1887
1892
1829
1827
1787
1800
1810
1827
1823
1837
1832
1837
1839
1858
1867
1872
1870
1076
988
975
942
1045
966
927
828
637
608
571
691
769
520
521
512
510
512
523
500
499
714
706
699
662
533
527
522
518
520
517
531
529
532
510
515
521
503
489
484
487
489
451
456
460
459
474
460
456
438
435
432
428
417
418
417
410
407
408
926
1087
1071
1060
1041
1042
1044
1053
1058
1061
1074
1076
1093
1119
1148
1171
1219
1307
1300
1296
1522
1966
2018
2090
2145
2189
2221
2247
2287
2519
4635
0
0
0
0
5206
5205
3562
2047
1900
1459
1459
1461
1462
1463
1464
1468
1475
1484
1491
1492
1495
1508
1520
1537
1564
1570
1504
1421
1589
1543
1538
1576
1580
1602
1636
1627
1631
1633
1618
1627
1666
1699
1716
1716
1698
1700
1724
1752
1763
1751
1740
1768
1838
1851
1873
1840
1848
1799
1801
1809
1818
1838
1840
1830
1850
1854
1849
1861
1869
1087
1087
1054
1002
1023
1141
1158
966
997
595
600
571
551
548
524
537
577
524
512
508
510
500
509
541
611
668
529
524
519
524
522
521
529
527
534
538
530
523
496
493
492
501
489
482
466
459
459
472
473
460
449
437
432
434
433
427
419
416
420
424
399
949
1057
1045
1039
1039
1041
1052
1058
1060
1060
1058
1097
1055
1120
1163
1137
1210
1354
1454
1782
2049
2078
2127
2168
2202
2228
2250
2278
2387
3313
0
0
0
0
5209
5209
5210
5211
5212
1459
1461
1462
1462
1463
1463
1472
1480
1485
1486
1480
1482
1492
1505
1519
1537
1541
1554
1507
1618
1592
1573
1582
1577
1602
1570
1588
1602
1597
1590
1592
1623
1653
1675
1677
1666
1680
1710
1737
1743
1713
1706
1715
1724
1746
1751
1835
1763
1796
1773
1803
1816
1830
1838
1836
1834
1842
1843
1661
1077
1079
1082
1090
1106
1180
1219
1132
872
844
703
603
585
564
553
613
574
626
618
545
513
513
521
511
564
524
583
673
679
574
520
519
518
525
531
531
535
530
504
490
491
491
492
489
481
466
465
465
465
466
458
454
436
440
437
435
429
422
415
414
422
606
715
1037
1038
1037
1037
1038
1047
1055
1058
1058
1056
1055
1054
1044
1041
1154
1209
1395
2798
3391
2299
2179
2182
2200
2219
2236
2252
2272
2366
2753
0
0
0
0
5213
5213
5214
5214
5214
1495
1463
11652
1463
1457
1452
1452
1454
1459
1467
1470
1476
1487
1497
1512
1532
1550
1547
1565
1615
1634
1638
1599
1515
1515
1536
1544
1570
1573
1573
1578
1601
1627
1654
1667
1669
1679
1700
1721
1725
1694
1674
1692
1743
1744
1747
1750
1752
1761
1760
1798
1810
1829
1832
1824
1825
1828
1498
1277
1069
1017
1015
1000
1034
1195
1182
938
994
778
676
653
592
580
546
631
609
635
638
602
525
515
541
545
510
556
513
543
680
591
527
525
525
537
529
531
534
531
525
514
507
483
483
484
483
479
478
471
473
464
464
462
458
446
440
440
434
427
492
421
529
923
1035
1036
1036
1035
1035
1036
1043
1051
1056
1056
1055
1055
1053
1043
1041
1039
1037
9032
8530
8012
5566
3395
2646
2298
2256
2254
2261
2272
2315
2563
0
0
0
0
5215
5216
5216
5216
5215
18790
18334
16113
1459
1447
1435
1416
1428
1424
1426
1440
1463
1479
1494
1515
1542
1567
1563
1633
1604
1615
1616
1635
1500
1503
1509
1521
1554
1580
1590
1602
1615
1629
1653
1675
1685
1694
1699
1703
1708
1700
1681
1710
1732
1735
1738
1738
1729
1734
1736
1757
1803
1813
1815
1810
1809
1799
1115
1111
1082
979
928
928
899
821
811
829
958
854
734
689
596
601
621
630
632
635
641
625
553
522
547
569
529
627
519
518
513
512
525
523
523
543
527
529
531
530
528
518
515
503
516
482
495
483
478
474
473
473
467
465
460
449
447
441
438
442
1006
448
1014
1032
1035
1036
1036
1035
1034
1035
1040
1048
1053
1053
1053
1054
1053
1042
1041
1038
1037
1036
10176
10515
11017
11300
7771
3856
2464
2422
2334
2311
2310
2374
0
0
0
0
5217
5217
5217
5217
1424
1371
1547
1448
1449
1445
1427
1426
1428
1428
1425
1431
1451
1464
1483
1516
1548
1577
1590
1678
1616
1606
1592
1536
1506
1508
1497
1517
1551
1585
1604
1616
1634
1644
1659
1679
1688
1693
1694
1687
1691
1682
1670
1682
1698
1707
1720
1729
1732
1726
1715
1743
1773
1787
1784
1788
1668
940
954
1103
998
986
936
928
938
949
829
904
1056
1025
672
621
597
608
623
629
646
642
647
634
565
534
532
536
554
555
520
517
515
512
546
523
523
530
525
535
533
528
527
528
501
511
533
485
492
484
484
483
479
481
456
446
450
453
451
454
450
451
869
917
976
1035
468
1035
1038
1038
1036
1037
1046
1054
1054
1052
1052
1053
1053
1043
1041
1038
1037
1036
2902
2902
11290
11548
11330
9537
7014
7574
5524
3993
2475
2382
0
0
0
0
5218
5218
5218
5218
1424
1408
1426
1400
1411
1438
1427
1440
1444
1446
1447
1449
1457
1461
1473
1511
1548
1583
1619
1701
1686
1571
1598
1536
1527
1563
1524
1524
1532
1566
1580
1598
1628
1638
1649
1664
1672
1674
1675
1677
1679
1675
1665
1657
1652
1666
1693
1713
1719
1713
1738
1682
1741
1726
1742
1760
1026
963
961
1009
1002
933
950
920
900
983
1025
974
1116
1198
665
636
610
616
632
634
651
656
660
654
613
566
525
544
712
527
537
516
516
515
528
524
519
531
521
536
531
527
525
522
503
506
501
487
491
487
487
488
489
464
467
466
468
464
462
468
621
475
492
479
858
463
491
941
1038
1038
1037
1045
1070
1078
1066
1055
1053
1055
1054
1045
1041
1038
1038
1040
2893
2897
2899
11721
11969
12337
12471
11343
10188
8249
5584
2702
0
0
0
0
5218
5218
5218
5219
1424
1418
1428
1422
1404
1437
1450
1455
1459
1464
1468
1467
1467
1472
1481
1505
1550
1581
1602
1575
1807
1568
1570
1555
1562
1568
1581
1554
1522
1566
1574
1589
1616
1615
1632
1638
1646
1651
1657
1667
1674
1674
1667
1657
1647
1653
1677
1697
1711
1720
1738
1661
1678
1694
1716
1036
1029
1033
980
978
955
955
932
922
939
1006
1185
1209
1208
1197
661
610
611
590
628
652
646
659
674
681
592
566
558
550
534
530
1109
528
517
517
534
521
516
526
519
532
528
533
527
523
506
506
507
500
498
502
499
502
472
475
478
481
483
472
470
494
1030
515
507
486
472
762
611
835
1035
1032
1035
1056
1095
1116
1092
1064
1057
1057
1055
1048
1044
1045
1058
1106
2467
2886
2900
2922
3032
3068
12587
11574
11395
11210
9423
6945
0
0
0
0
0
0
0
5219
1424
1424
1418
1418
1417
1452
1460
1464
1469
1477
1483
1484
1484
1480
1486
1506
1568
1624
1579
1584
1437
1580
1580
1604
1572
1554
1601
1607
1591
1599
1595
1600
1615
1612
1625
1625
1634
1644
1654
1665
1675
1681
1680
1675
1676
1679
1688
1705
1723
1740
1745
1724
1677
1633
1049
1042
1033
1024
1014
977
949
938
923
933
957
943
1165
1204
1204
1194
615
616
620
623
615
650
639
644
680
564
564
562
540
537
534
519
521
540
524
523
523
521
520
523
522
531
530
592
529
520
519
517
525
518
512
510
516
494
497
495
498
500
506
493
497
510
493
716
694
684
482
1017
1040
1037
1033
1030
1035
1068
1126
1160
1113
1071
1059
1057
1053
1048
1057
1095
1194
1455
2248
2907
2940
2969
3029
3053
0
12213
12168
12193
12542
12533
0
0
0
0
0
0
0
0
5221
5205
1418
1414
1437
1444
1457
1465
1471
1483
1486
1484
1491
1495
1507
1526
1575
1569
1617
1640
1556
1577
1557
1581
1600
1581
1605
1611
1643
1608
1618
1613
1616
1633
1630
1629
1631
1637
1651
1663
1675
1688
1696
1702
1709
1713
1719
1733
1745
1753
1754
1744
1729
1208
1050
1045
1035
1022
1004
972
968
940
920
916
924
944
1141
1201
1207
591
596
628
640
643
644
660
590
594
618
570
566
558
549
539
540
524
521
537
530
523
524
520
526
524
517
535
532
908
527
516
535
529
511
515
516
509
510
500
507
510
516
515
591
639
509
520
960
999
1012
1021
841
969
1036
1034
1031
1027
1033
1070
1127
1172
1111
1071
1057
1054
1047
1045
1069
1133
1271
1558
2253
2934
2955
2985
3020
3024
0
0
12549
12554
12738
12997
0
0
0
0
0
0
0
0
1436
1436
5013
1447
1430
1410
1416
1441
1443
1429
1439
1367
1364
1461
1521
1522
1537
1568
1562
1576
1700
1380
1551
1571
1584
1615
1603
1629
1641
1648
1630
1620
1613
1638
1645
1634
1632
1632
1643
1660
1674
1686
1703
1717
1727
1735
1744
1755
1759
1759
1757
1742
1616
1074
1060
1048
1036
1022
1007
994
979
966
942
943
961
927
928
1200
1215
682
671
661
655
655
637
656
586
586
604
570
544
542
535
540
509
549
865
525
551
522
524
522
527
526
514
523
527
521
541
540
527
518
516
528
518
503
502
511
583
576
535
527
502
961
703
843
1003
1001
1007
1028
1037
1035
1033
475
1028
1025
1029
1058
1079
1095
1083
1062
1053
1048
1040
1042
1073
1149
1304
1617
2431
2911
2935
2973
3005
3022
3094
3100
3105
13002
13000
13000
0
0
0
0
0
0
0
0
1436
1436
4079
1453
1416
1399
1401
1394
1397
1354
1334
1337
1357
1319
1415
1365
1363
1560
1554
1576
1595
1531
1569
1549
1600
1644
1609
1698
1650
1624
1624
1624
1615
1631
1634
1619
1627
1637
1650
1664
1677
1688
1704
1720
1733
1747
1757
1763
1760
1757
1584
1355
1112
1085
1070
1049
1036
1025
1014
1007
1004
963
951
969
969
1026
1008
799
799
706
702
654
655
653
612
614
588
591
573
545
545
542
508
508
508
509
1145
572
567
525
528
526
520
521
519
518
522
526
541
538
532
520
531
527
557
522
508
487
491
496
481
1052
521
883
475
1013
1004
1003
477
479
475
460
469
467
466
1018
1024
1038
1034
1040
1062
1047
1046
1043
1036
1038
1073
1172
1347
1667
2766
2908
2926
2950
2971
3041
3098
3121
3138
3142
3136
0
0
0
0
0
8759
4821
4151
4111
4073
1419
1419
1444
1441
1421
1395
1396
1400
1375
1359
1332
1338
1369
1405
1356
1431
1462
1553
1588
1577
1575
1560
1579
1444
1458
1609
1659
1616
1617
1589
1609
1604
1607
1609
1612
1619
1640
1659
1669
1678
1690
1703
1718
1736
1751
1760
1762
1755
1752
1590
1122
1116
1102
1077
1052
1039
1033
1027
1024
1019
949
973
976
805
814
803
802
799
708
705
664
649
655
587
596
582
587
555
548
541
534
526
510
506
506
520
1124
523
524
530
525
521
522
525
520
526
528
539
534
537
530
532
530
525
524
527
521
515
498
495
492
497
506
485
485
501
491
480
481
474
460
467
475
467
467
1021
1025
1034
1037
1030
1021
1029
1035
1032
1035
1084
1231
1416
1773
2881
2905
2918
2931
2972
2994
3016
3064
3123
3141
3135
0
0
0
0
0
8780
5243
4222
4239
1462
1439
1419
1441
1437
1415
1406
1374
1382
1379
1372
1359
1355
1360
1389
1405
1458
1509
1558
1663
1580
1542
1589
1661
1594
1553
1615
1612
1627
1614
1609
1603
1602
1609
1614
1618
1627
1642
1657
1665
1671
1682
1696
1709
1734
1747
1755
1752
1747
1749
1175
1157
1131
1116
1032
992
998
1041
1033
1022
1003
981
954
843
825
811
817
804
805
680
608
608
606
595
577
585
577
555
551
544
537
530
514
511
507
503
511
540
529
525
524
526
518
526
523
521
525
517
522
551
535
533
530
534
530
525
529
532
534
501
508
498
501
504
491
487
500
491
487
489
554
482
469
475
467
463
462
772
563
723
1016
991
1004
1023
1027
1036
1108
1315
1601
2280
2820
2888
2916
2927
2940
2992
3016
3064
3123
3141
3137
3143
0
0
0
0
8783
8115
4229
4250
1436
1429
1426
1442
1435
1412
1395
1386
1381
1378
1376
1382
1387
1387
1386
1388
1423
1526
1562
1603
1454
1490
1586
1534
1619
1619
1620
1597
1619
1611
1607
1601
1610
1614
1622
1628
1639
1643
1648
1653
1656
1665
1680
1693
1716
1736
1743
1734
1729
1741
1182
1174
1161
1136
1070
960
996
1044
944
896
916
960
951
982
1019
910
876
838
1215
680
608
566
566
591
580
580
542
542
546
540
533
530
511
507
504
515
513
532
543
532
519
528
519
526
520
521
521
521
527
568
546
541
538
524
535
537
544
533
504
511
513
510
516
502
504
502
497
494
488
482
489
501
469
475
481
562
544
752
962
993
777
931
687
558
488
449
779
1295
1641
1940
2803
2880
2917
2928
2933
2987
3017
3065
3124
3141
3141
3143
0
0
0
0
0
8783
4229
4251
1420
1424
1426
1444
1437
1431
1382
1382
1394
1394
1397
1396
1406
1415
1413
1409
1430
1531
1551
1590
1516
1481
1538
1548
1612
1608
1614
1608
1614
1609
1612
1604
1615
1616
1622
1630
1639
1640
1636
1635
1638
1647
1664
1684
1703
1723
1730
1719
1716
1609
1206
1187
1179
1163
1142
998
971
935
941
899
902
952
969
980
1086
981
953
930
0
577
577
567
568
580
577
575
563
542
541
536
550
529
524
522
513
515
512
531
1004
539
531
531
527
525
532
514
520
526
532
573
564
544
540
535
542
540
538
507
514
521
520
499
505
506
502
492
503
504
580
587
569
502
468
474
480
1003
981
1006
474
635
995
981
980
908
453
447
435
431
638
1460
2800
2879
2918
2928
2932
2972
3019
3067
3139
3139
3139
3143
0
0
0
0
0
0
0
0
3649
3582
1667
1476
1438
1442
1435
1407
1424
1407
1424
1431
1429
1427
1455
1455
1475
1536
1556
1575
1527
1482
1500
1626
1588
1580
1595
1617
1611
1607
1614
1611
1613
1616
1615
1615
1622
1629
1624
1623
1631
1645
1661
1686
1705
1719
1722
1709
1706
1219
1212
1203
1194
1192
1188
1154
963
938
941
924
928
947
975
1032
1142
1221
1134
934
0
569
569
554
567
584
577
569
562
543
538
532
530
526
521
514
513
519
518
536
536
538
539
540
531
526
513
519
524
530
582
554
559
534
552
551
543
535
533
517
524
910
733
506
636
560
599
509
640
635
920
1031
1029
650
914
474
480
504
545
817
547
519
473
463
929
462
458
450
466
482
634
1562
2777
2786
2814
2925
2932
0
0
0
3139
3139
3139
0
0
0
0
0
0
0
0
0
3649
2337
1482
1460
1460
1495
1453
1452
1461
1461
1442
1460
1459
1463
1491
1512
1526
1539
1558
1590
1593
1514
1528
1598
1575
1539
1539
1579
1596
1598
1599
1605
1612
1615
1612
1600
1611
1621
1623
1636
1657
1676
1700
1712
1715
1718
1701
1682
1224
933
1047
1212
1213
1227
1228
1133
1036
933
921
917
929
933
986
1062
1196
1236
1227
0
0
566
567
555
543
579
572
565
562
549
531
531
529
551
542
520
517
526
537
546
532
535
540
543
519
523
517
523
529
535
1078
536
553
541
544
573
806
739
731
645
681
896
884
575
861
948
1016
850
996
1002
1012
1026
1026
1019
1010
1001
993
974
987
1041
1008
965
605
507
474
528
464
454
660
828
491
537
2766
2784
2830
2890
2916
2932
0
3152
3146
3145
3145
0
0
0
0
0
0
0
0
0
3649
1489
1458
1433
1434
1506
1452
1458
1458
1472
1467
1481
1483
1483
1429
1461
1489
1531
1548
1550
1636
1600
1567
1588
1557
1504
1499
1527
1558
1571
1577
1592
1606
1619
1619
1618
1621
1622
1625
1640
1650
1667
1695
1717
1716
1714
942
953
1240
1079
1046
1217
1230
1250
1169
1003
927
938
932
912
921
925
923
1085
1227
1247
768
771
562
564
573
555
543
1411
1268
554
560
557
548
532
528
542
540
545
525
527
539
541
527
532
551
544
522
523
522
528
524
551
1109
1104
972
584
563
567
1080
1002
942
940
901
882
868
869
896
954
1019
1035
1010
990
992
1005
1016
1013
1002
991
984
986
1007
1054
1098
1084
1002
888
638
828
477
488
901
543
492
522
2756
2794
2856
2906
2944
3020
3186
3152
3152
3152
3151
0
0
0
0
0
16331
16332
16334
16334
1452
1455
1453
1474
1445
1443
1441
1362
1433
1419
1427
1472
1480
1471
1448
1466
1484
1522
1541
1550
1583
1636
1594
1579
1545
1507
1506
1519
1530
1547
1558
1582
1598
1616
1625
1624
1619
1614
1616
1632
1643
1657
1682
1720
1716
1616
940
950
974
1233
1214
1219
1240
1258
980
996
936
925
915
905
908
939
1014
1108
1240
1249
770
772
550
557
556
555
544
538
593
562
559
553
548
542
531
536
534
532
532
527
531
537
527
538
515
537
526
531
526
532
522
543
1108
1106
546
546
551
546
583
557
560
599
589
597
880
875
903
515
610
1038
548
574
979
988
1003
1008
994
984
978
511
1000
521
983
1048
1036
1024
980
1001
756
824
1161
1032
815
686
2767
2838
2933
3013
3088
3209
3255
3269
3275
3152
3152
0
0
0
0
0
16335
16333
16334
16334
1452
1497
1425
1426
1446
1470
1445
1428
1414
1431
1424
1443
1452
1438
1456
1466
1495
1522
1552
1548
1579
1582
1583
1570
1554
1538
1535
1532
1533
1545
1558
1580
1592
1610
1625
1617
1605
1596
1595
1610
1631
1643
1666
1710
1591
1573
1032
967
980
1051
1208
1209
1230
1239
1021
980
932
923
907
903
947
949
1035
1124
1247
1245
564
567
571
552
549
553
545
614
585
581
561
554
553
548
540
530
534
534
532
532
537
532
530
559
538
531
542
527
524
524
524
548
1107
563
559
551
554
555
575
555
560
559
575
581
588
588
642
524
526
542
700
699
969
983
1001
1009
993
979
896
515
851
907
1032
1030
1023
1019
1018
1019
1027
1055
1172
1450
2070
2518
2883
2977
3069
3137
3195
3260
3300
3335
3391
3472
3521
3536
0
0
0
0
16397
16341
16337
16337
1452
1421
1462
1440
1460
1468
1445
1438
1416
1435
1429
1421
1433
1450
1463
1472
1507
1528
1546
1548
1548
1577
1573
1566
1562
1558
1555
1550
1551
1556
1566
1576
1589
1611
1622
1609
1589
1570
1565
1577
1598
1612
1638
1558
1571
990
1018
953
964
1047
1207
885
1026
931
1106
983
955
935
923
914
909
914
942
1144
1249
1253
586
576
570
552
558
558
546
566
556
565
578
552
550
549
545
539
537
534
528
532
531
531
532
531
531
535
535
522
517
524
536
554
1107
1057
579
560
571
568
555
553
556
549
556
556
581
598
567
537
526
527
553
977
983
979
1003
1016
997
980
974
589
899
546
860
1017
1017
1017
1016
1019
1031
1074
1223
1433
1945
2726
2958
3085
3137
3191
3238
3288
3334
3383
3430
3471
3522
3537
0
0
0
0
17653
17653
17652
17652
1452
1421
1466
1435
1442
1444
1445
1435
1429
1438
1441
1425
1428
1436
1458
1470
1525
1535
1539
1547
1568
1576
1570
1564
1564
1567
1568
1568
1568
1571
1574
1569
1587
1618
1619
1594
1565
1540
1533
1545
1558
1567
1510
1520
1489
1154
1027
1139
941
1070
1225
1146
916
912
967
1001
936
926
915
913
913
913
1113
1205
1256
1249
1238
627
554
582
573
558
546
565
560
563
592
565
565
550
547
542
538
537
526
530
525
526
532
530
529
532
526
527
516
520
532
546
1106
564
564
567
555
553
559
551
553
552
562
564
593
575
603
611
645
525
583
884
908
927
953
1015
996
984
984
980
1001
950
997
1015
1016
1015
1015
1016
1022
1070
1220
1455
1824
2425
2980
3115
3155
3223
3262
3303
3340
3389
3459
3520
3724
3973
0
0
0
0
0
0
0
0
1449
1438
1436
1432
1437
1442
1447
1458
1435
1439
1448
1433
1416
1417
1451
1468
1511
1547
1537
1540
1562
1580
1573
1565
1563
1570
1574
1578
1579
1580
1579
1574
1589
1609
1608
1576
1540
1526
1521
1527
1546
1546
1513
1498
1478
1339
1325
1081
1053
924
1099
931
920
909
939
1027
946
936
957
936
828
831
1195
1252
1261
1249
1238
1231
579
558
573
559
562
566
565
566
560
587
572
568
548
544
537
537
536
531
523
522
529
531
560
531
533
531
516
521
536
552
637
1068
576
566
557
554
554
550
550
559
576
575
570
576
607
648
611
569
611
622
809
827
512
597
891
979
986
998
1006
1009
1012
1015
1013
1008
1011
1008
1006
1055
1148
1396
1798
2257
2857
3116
3175
3235
3272
3305
3354
3422
3531
3770
4028
4254
0
0
0
0
0
0
0
0
1449
1438
1435
1445
1449
1443
1448
1443
1431
1433
1443
1418
1408
1410
1424
1445
1486
1515
1532
1545
1569
1587
1587
1573
1562
1568
1573
1576
1580
1578
1575
1583
1590
1585
1579
1554
1517
1506
1510
1517
1532
1538
1517
1488
1458
1359
1113
1107
949
936
933
931
935
903
1092
1147
945
843
910
987
839
827
827
1269
1265
1251
1237
1230
1228
1226
1225
571
572
573
576
580
563
574
569
564
552
540
540
540
539
518
519
521
523
601
544
541
538
530
523
521
536
518
519
637
600
582
548
548
549
549
549
580
567
562
569
585
602
629
660
664
685
623
640
589
528
510
864
933
974
991
1003
1009
1012
1016
1008
999
1006
1007
1006
1054
1100
1325
1927
2802
2855
2836
2872
3004
3148
3294
3351
3902
4085
4167
4238
4330
0
0
0
0
0
0
0
0
1450
1439
1432
1440
1435
1439
1441
1437
1440
1414
1421
1421
1417
1421
1441
1452
1468
1508
1522
1559
1596
1596
1602
1592
1569
1565
1567
1566
1575
1577
1574
1582
1584
1572
1543
1521
1489
1474
1494
1509
1510
1453
1497
1462
1434
1353
1250
1157
1204
947
974
944
951
921
897
910
977
949
976
959
825
824
830
867
1270
1256
1236
1230
1229
1227
1227
577
582
564
571
572
566
559
564
560
553
543
543
519
520
522
526
526
527
520
539
549
530
526
527
521
535
530
530
868
579
652
920
556
555
556
554
590
573
560
574
592
599
616
650
609
612
623
557
559
541
512
511
879
945
970
994
1006
1011
1016
1010
1003
1008
1013
1019
1049
1112
1323
1838
2848
2843
2823
2855
2918
3089
3399
3707
3929
4123
4238
4336
4447
0
0
0
0
0
0
0
0
1350
1377
1393
1402
1417
1425
1436
1436
1417
1424
1432
1429
1410
1453
1460
1475
1489
1512
1522
1547
1617
1652
1619
1581
1576
1568
1571
1576
1583
1585
1583
1582
1582
1579
1539
1500
1474
1459
1482
1510
1404
1443
1435
1422
1391
1032
1324
1301
1346
933
1501
950
995
1307
928
939
963
965
969
944
861
845
823
816
871
1262
1239
1233
1231
1233
1321
576
588
621
562
568
569
562
563
564
552
550
521
523
525
527
525
530
520
521
534
528
526
524
525
516
532
528
515
515
799
861
567
565
559
559
562
556
565
559
575
591
601
616
655
605
627
626
615
567
620
550
714
867
911
947
980
1000
1008
1014
1017
1015
1013
1018
1030
1047
1136
2043
2526
2820
2812
2795
2822
2914
3101
3366
3599
3803
3994
4173
4375
4566
0
0
0
0
0
0
0
0
1349
1376
1383
1394
1404
1414
1425
1434
1428
1435
1442
1449
1430
1464
1471
1493
1507
1529
1550
1539
1584
1593
1665
1587
1571
1571
1576
1582
1591
1593
1593
1591
1590
1591
1571
1498
1465
1467
1478
1516
1434
1407
1392
1374
993
1002
1319
1014
932
940
967
953
942
962
1021
1022
990
979
957
952
939
848
815
802
846
1255
1246
1239
1251
1375
1930
2122
595
592
574
568
570
565
558
560
555
552
526
528
530
532
523
528
537
732
675
538
529
524
525
520
547
531
533
519
521
970
572
567
565
557
559
562
563
563
579
595
607
601
594
595
597
635
631
623
632
766
783
854
890
928
963
982
992
906
1012
1012
1012
1021
1043
1075
1463
2201
2732
2776
2765
2757
2790
2873
3054
3265
3457
3631
3812
4041
4420
4799
0
0
0
0
0
0
0
0
1348
1371
1378
1385
1393
1404
1420
1435
1450
1445
1452
1460
1467
1475
1491
1504
1511
1529
1540
1577
1574
1601
1625
1635
1575
1574
1583
1589
1602
1606
1607
1604
1607
1605
1592
1509
1462
1470
1483
1448
1449
1438
1405
1041
1044
964
1007
1013
973
970
967
955
941
988
1016
988
977
964
943
932
932
929
822
848
904
832
833
881
1331
1696
2103
2124
616
579
576
570
569
560
558
563
561
557
531
533
535
519
524
530
536
542
1122
717
540
528
533
523
514
526
533
526
521
519
528
574
574
578
659
574
577
570
592
602
613
617
632
626
603
631
679
697
722
767
786
841
876
910
937
948
875
908
992
1001
1005
1015
1039
1090
1472
2569
2710
2728
2718
2718
2755
2831
2998
3185
3342
3473
3625
3906
4603
6132
0
0
0
0
0
0
0
0
1346
1364
1370
1375
1383
1395
1417
1440
1460
1485
1507
1490
1491
1479
1517
1484
1408
1510
1540
1550
1627
1599
1614
1607
1604
1585
1591
1601
1614
1618
1620
1609
1611
1620
1596
1521
1494
1472
1483
1468
1475
1441
1411
1354
1275
1005
1002
1002
1007
992
969
950
955
1021
974
976
962
952
939
936
919
925
934
956
801
985
782
782
867
1591
2093
2128
659
563
572
573
565
559
561
568
565
562
559
518
524
530
535
527
528
584
1121
1121
1121
513
519
526
518
478
508
530
521
596
992
570
610
841
1007
931
705
629
594
619
623
658
654
679
658
625
661
637
646
685
801
832
863
892
909
873
886
910
961
978
990
1004
1030
1131
598
1944
2684
2697
2689
2692
2728
2824
2973
3154
3290
3387
3505
3828
4964
7465
0
0
0
0
0
0
0
0
1345
1585
1369
1386
1399
1412
1449
1514
1577
1642
1661
1540
1485
1392
1459
1471
1455
1398
1543
1540
1580
1659
1606
1598
1606
1598
1596
1608
1625
1624
1623
1620
1616
1632
1610
1565
1529
1485
1494
1491
1461
1430
1416
1424
1020
1019
1000
998
1002
984
952
956
949
995
985
976
978
960
931
919
911
908
913
912
936
777
780
781
827
1334
1640
1861
815
583
578
577
567
563
565
572
569
566
523
529
535
533
547
553
659
705
1121
1121
1121
515
512
517
512
504
510
531
520
513
818
773
567
810
555
668
889
665
633
622
663
658
687
705
717
706
666
640
659
693
805
832
857
879
871
883
895
912
939
957
973
993
1032
1186
1174
2324
2677
2687
2681
2688
2722
2803
2976
3154
3291
3388
3501
4071
5921
9191
0
0
0
14017
14017
15262
15267
11123
9890
6748
3212
2475
2165
2120
2182
2286
2393
2404
2233
1972
1370
1435
1506
1476
1487
1498
1531
1545
1581
1605
1661
1600
1601
1606
1608
1608
1619
1629
1615
1638
1652
1656
1643
1606
1592
1535
1513
1500
1450
1433
1424
1455
1012
1017
1001
994
999
974
969
959
1008
959
981
977
958
942
932
931
929
917
922
901
905
913
822
855
1122
1236
1239
1241
1221
603
604
602
576
572
583
588
523
528
534
540
539
535
541
564
735
1122
1121
1121
1121
517
512
508
504
515
520
506
522
522
1066
1078
565
565
563
560
555
566
597
638
701
701
709
724
738
729
718
665
760
777
831
846
863
868
877
877
888
909
932
950
965
988
1031
1088
1281
1946
2673
2693
2692
2705
2722
2774
3008
3158
3311
3400
3476
4441
7803
10658
0
0
0
14018
15164
15262
15267
11124
9893
8879
4622
4042
3670
3542
3559
3526
3483
1454
1784
2826
1460
1434
1366
1495
1523
1515
1525
1577
1608
1602
1611
1653
1608
1612
1627
1601
1599
1609
1626
1653
1690
1687
1672
1653
1634
1637
1617
1591
1514
1462
1457
1495
1039
1041
990
1020
1010
1014
969
953
951
958
965
972
971
964
928
924
926
914
915
909
904
900
909
790
803
1236
1239
1241
616
618
616
601
583
579
582
528
533
539
545
541
541
540
543
580
817
1122
1121
1119
1119
538
520
514
507
520
520
507
505
768
1086
1081
581
653
566
561
557
563
568
621
691
750
748
753
767
786
798
825
831
834
846
859
876
878
889
888
894
913
937
954
968
989
1021
1078
1115
1418
2408
2715
2722
2735
2764
2878
3041
3307
3423
3445
3504
4469
8048
10737
0
0
0
14020
15167
15263
15267
11125
9892
9230
5210
4612
4197
4013
4056
1449
1451
1484
1805
3506
1449
1470
1516
1563
1520
1529
1537
1553
1613
1616
1607
1612
1651
1615
1626
1633
1607
1607
1675
1689
1701
1711
1695
1676
1666
1655
1636
1618
1598
1499
1511
1547
1016
1024
1059
1034
1022
996
987
920
948
949
949
956
964
979
923
918
921
909
912
895
889
886
900
812
819
839
1239
1242
616
625
583
585
578
577
571
539
545
551
557
558
543
540
551
532
603
1123
1120
1119
1119
547
531
521
517
521
516
507
502
515
1087
1083
1040
579
569
568
567
562
566
642
547
547
806
794
805
834
539
542
737
860
866
876
876
889
902
909
906
934
954
978
980
995
1015
1037
1051
1208
2006
2770
2788
2823
2904
3028
3163
3405
3472
3487
3520
4859
9885
11114
0
0
0
14022
15182
15265
15267
15267
10168
10167
10165
10164
10163
0
4553
1873
1464
1472
1472
1525
1483
1469
1689
1636
1521
1528
1541
1536
1460
1469
1603
1596
1606
1640
1618
1635
1624
1614
1688
1727
1725
1710
1704
1687
1687
1679
1653
1653
1627
1590
1594
1620
1555
1017
1021
1029
1021
1008
988
963
936
939
957
982
908
954
943
929
905
890
887
886
887
883
896
911
872
878
613
611
612
630
623
602
581
581
580
580
579
588
581
544
556
559
559
519
712
1124
1120
1119
1119
539
527
519
519
519
517
507
504
505
700
1084
1080
1026
562
572
573
621
689
549
549
579
836
841
845
855
582
548
523
958
917
915
886
949
973
951
941
963
1000
1039
1013
1014
1016
1024
1048
1127
1996
2835
2889
2962
3094
3212
3290
3341
3454
3498
3517
4854
11061
11546
0
0
0
14025
15187
15269
15274
15262
10171
10169
10168
10167
10165
0
6335
6192
1891
1469
1472
1469
1384
1627
1502
1875
1573
1521
1523
1500
1441
1437
1478
1512
1593
1613
1608
1615
1610
1636
1688
1739
1750
1712
1718
1716
1698
1707
1685
1681
1665
1645
1656
1701
1844
1031
1025
1047
1020
994
981
959
938
959
919
912
946
890
888
946
920
907
904
893
897
903
899
911
791
822
925
642
615
629
624
620
591
590
590
579
585
617
595
601
572
569
534
660
821
1127
1120
1120
1120
651
538
525
496
514
527
509
518
527
836
1084
1080
1074
1008
822
589
635
942
715
624
854
914
899
897
922
943
913
702
683
999
986
962
1001
1052
919
764
1061
1080
1069
1070
1028
1017
1019
1036
1143
470
2782
3127
3217
3304
3338
3353
3355
3372
3413
3569
4832
9646
11687
0
0
0
14027
15187
15271
15276
10174
10171
10170
14257
14255
14253
0
9022
1523
1451
1455
1504
1467
1454
1422
1438
1503
1594
1538
1513
1511
1066
1094
1490
1517
1583
1588
1605
1608
1592
1544
1740
1743
1760
1771
1740
1714
1719
1725
1716
1691
1685
1654
1673
1740
1036
1163
1041
1043
1017
1000
968
962
941
925
946
990
1029
884
887
913
944
919
909
881
881
886
889
904
803
890
1227
1234
1234
628
641
601
595
589
703
862
616
616
598
592
567
589
850
815
1132
1129
1124
1121
1121
1121
549
541
591
525
539
509
517
500
824
1084
1080
1075
1068
1057
1003
930
971
946
934
939
949
945
941
952
969
979
980
990
1012
1006
994
1011
1038
907
888
1089
1127
1106
901
796
817
1019
1053
1261
633
3070
3191
3271
3350
3384
3386
3378
3381
3412
3559
4504
7876
10947
0
0
0
0
0
0
0
10174
1481
1457
14256
6836
7403
7748
1268
1295
1370
1449
1462
1326
1477
1449
1459
1502
1501
1505
1511
1503
1474
1424
1567
1577
1591
1597
1595
1594
1579
1561
1853
1791
1771
1774
1783
1747
1776
1752
1734
1709
1698
1653
1663
1736
1063
1055
1035
1028
1036
983
985
967
954
924
905
903
904
896
883
908
873
866
856
876
878
872
876
902
945
1126
1224
1233
1234
0
656
595
593
586
1037
1179
903
761
575
642
791
806
1141
1135
1130
1127
1121
1111
1096
520
520
540
493
499
501
497
495
558
828
1084
1080
1076
1071
1063
1047
1014
915
867
867
878
938
965
976
988
1002
1009
1008
1008
1008
1009
1009
1010
1010
1008
1019
1030
803
582
1013
1006
994
1029
1097
1452
2751
3120
3180
3254
3330
3380
3404
3426
3461
3517
3660
4100
5346
8662
0
0
0
0
0
0
0
0
1500
1567
1439
1441
7418
1345
1304
1292
1343
1354
1394
1343
1319
1411
1454
1489
1498
1503
1511
1504
1518
1550
1585
1583
1590
1609
1603
1589
1508
1562
1928
1608
1629
1805
1867
1841
1872
1709
1731
1734
1737
1660
1658
1709
1565
1314
996
1001
1066
956
976
958
954
937
936
905
905
906
906
883
872
866
844
857
864
852
859
884
914
1162
1222
1233
1234
1237
642
757
597
590
1153
1181
1173
1166
1062
1005
1150
1147
1144
1136
1128
1122
1063
988
974
708
496
514
492
496
500
500
490
812
1088
1085
1081
1077
1072
1065
1047
997
930
870
859
871
917
968
994
1009
1018
1021
1020
1018
1017
1017
1016
1015
1014
1016
1022
1030
1023
662
573
1026
1024
1042
1135
1597
2857
3128
3158
3210
3279
3351
3429
3526
3635
3738
3844
4080
4204
4972
0
0
0
0
0
10185
10184
10183
1500
1545
1453
1460
1434
1340
1314
1363
1353
1333
1303
1363
1377
1310
1427
1456
1469
1501
1512
1519
1561
1561
1580
1593
1530
1610
1621
1595
1579
1682
1593
1780
1919
1971
1991
2080
2122
2061
1650
1697
1806
1710
1684
1692
1735
1808
1301
1073
1088
958
962
965
953
954
933
916
913
908
912
893
877
879
865
872
840
838
842
863
894
1099
1211
1232
1234
1236
638
611
667
578
590
1110
1179
1171
1164
1157
1152
1149
1146
1141
1125
1115
990
938
939
917
584
520
489
492
498
480
485
568
1088
1085
1081
1077
1072
1065
1046
996
929
867
848
862
870
868
1000
1015
1022
1024
1022
1020
1019
1018
1018
1017
1016
1018
1023
1028
1033
995
857
1030
1035
1071
1226
1926
3017
3143
3140
3165
3223
3323
3472
3648
3799
3901
3970
4040
4212
4939
0
0
0
0
10188
10186
10185
10184
1478
1405
1540
1512
1342
1382
1369
1320
1335
1356
1317
1290
1347
1377
1369
1361
1419
1454
1543
1522
1551
1592
1574
1523
1542
1562
1636
1573
1575
1605
1562
1630
1971
1991
1998
2147
2162
2156
1652
1701
1803
1837
1758
1712
1707
1649
1682
1700
1548
1139
1022
999
959
979
902
928
919
910
904
901
884
874
885
886
860
845
822
852
894
793
887
1231
1233
1234
1235
611
741
968
1089
626
1144
1175
1167
1160
1154
1150
1146
1141
1130
1114
985
947
931
919
914
561
689
493
518
472
477
466
879
1085
1081
1077
1072
1065
1049
1009
954
885
879
883
881
880
1001
1015
1022
1025
1024
917
940
1016
1015
1028
1041
1025
1018
1019
1020
1020
1020
1024
1056
1190
1716
2787
3146
3140
3115
3124
3179
3308
3521
3744
3899
3988
4048
4122
4316
5154
0
0
0
0
10189
10187
10186
10185
1477
1582
1380
1380
1458
1309
1326
1352
1336
1305
1324
1352
1314
1335
1358
1342
1304
1418
1484
1535
1554
1580
1505
1528
1528
1554
1650
1644
1615
1557
1625
1784
1993
2009
2016
2187
2178
1703
1806
1962
1899
1818
1704
1619
1547
1544
1039
1126
1153
1139
1068
1031
1018
988
916
931
904
902
906
902
922
966
900
891
851
837
848
866
880
799
866
1231
1232
1232
1232
1226
629
595
821
1187
1178
1178
1169
1161
1155
1150
1146
1140
1134
1126
1030
987
960
948
949
829
873
951
475
538
478
564
784
1085
1081
1077
1072
1066
1055
1030
985
947
924
926
948
980
1004
940
963
1026
1026
958
955
1013
1011
1045
1078
1044
1017
1015
1011
1008
1008
1020
1077
1241
2247
3034
3131
3099
3069
3079
3144
3302
3556
3805
3965
4058
4135
4272
4744
6664
0
0
0
0
10190
10188
10187
10187
1489
1429
1473
1513
1508
1384
1313
1305
1354
1328
1303
1316
1346
1329
1326
1342
1349
1316
1415
1474
1568
1588
1528
1517
1543
1655
1628
1636
1697
1677
1658
1724
2005
2020
1678
1797
2183
1507
1642
1743
1936
1756
1647
1626
1579
1528
1226
1043
1080
1172
1059
1037
1048
987
971
932
911
899
889
922
949
948
899
893
908
853
848
929
854
765
775
962
1230
1228
1228
1225
629
636
831
1194
1188
1178
1169
1161
1154
1149
1145
1141
1136
1130
1101
1050
1006
976
966
973
968
961
626
802
466
991
1085
1086
1082
1078
1073
1068
1059
1040
1008
977
961
962
977
997
1012
960
914
939
1000
1002
1004
1009
1005
1018
1034
1028
1024
1021
1014
1008
1007
1017
1073
1345
2319
3013
3059
3035
3018
3042
3132
3322
3594
3838
3997
4104
4218
4477
5427
8336
0
0
0
0
0
0
0
0
1502
1429
1390
1596
1509
1426
1407
1356
1310
1362
1349
1333
1330
1342
1321
1305
1344
1352
1293
1398
1457
1563
1506
1532
1558
1664
1672
1683
1707
1929
1942
1919
2016
2054
1618
1881
2180
2142
2072
1851
1847
1723
1683
1620
1563
1510
1495
1089
1071
1060
1078
1057
1064
1007
1036
927
904
904
908
927
934
959
1126
1108
919
843
843
825
842
802
765
767
925
1226
1224
1223
0
816
1054
1194
1186
1177
1170
1163
1155
1149
1146
1142
1137
1131
1114
1022
1001
983
999
997
997
1003
1033
1029
475
748
1087
1086
1082
1078
1074
1069
1061
1044
1017
993
984
989
1002
1014
1020
981
949
954
1025
1005
1015
1008
1003
1004
1013
1022
1027
1025
1018
1011
1010
1021
1138
2177
2764
2940
2969
2966
2973
3026
3162
3402
3664
3854
3980
4086
4235
4637
6083
9383
0
0
0
0
0
0
0
0
1516
1446
1450
1350
1472
1407
1438
1416
1415
1284
1333
1371
1342
1337
1347
1337
1304
1348
1268
1276
1419
1516
1521
1598
1573
1558
1559
1669
1917
1583
1785
1955
2027
1613
1620
1761
2115
2073
1986
1912
1843
1766
1677
1617
1566
1514
1487
1103
1071
1037
1017
1016
971
969
999
936
900
915
916
899
919
1377
1345
1238
952
862
839
802
962
784
780
775
933
1224
1222
1221
0
1201
1200
1196
1188
1180
1173
1167
1160
1153
1147
1143
1137
1131
1122
1036
1004
986
1077
1060
1048
1034
1049
1043
675
868
1089
1086
1083
1077
1073
1069
1062
1048
1026
1007
1001
1007
1017
1023
1025
1024
1024
1024
1021
1018
1013
1008
1005
1006
1012
1020
1024
1023
1020
1018
1024
1070
1532
2209
2608
2708
2756
2884
2927
3025
3232
3518
3737
3859
3938
4020
4169
4548
6400
9845
0
0
0
17735
17735
17733
17731
17731
1531
1464
1350
1483
1270
1270
1298
1290
1446
1389
1264
1331
1341
1340
1331
1349
1365
1282
1352
1337
1326
1499
1535
1561
1633
1687
1561
1924
1954
1938
1894
1996
2020
2020
1620
1509
1859
1866
1849
1793
1797
1765
1680
1627
1580
1525
1487
1124
1055
1034
953
967
918
981
931
932
931
952
893
893
948
1497
1436
849
852
847
838
845
839
807
788
777
774
901
1220
1219
1224
1203
1201
1197
1191
1184
1177
1171
1164
1157
1150
1142
1136
1132
1129
1091
1040
1005
1114
1114
1114
1116
1114
0
1093
1092
1090
1086
1082
1077
1073
1069
1063
1053
1038
1024
1019
1021
1026
1026
1024
1022
1022
1022
1019
1015
1012
1010
1010
1010
1013
1017
1020
1021
1019
1022
1037
1127
1637
2195
2442
2525
2594
2700
2876
3033
3305
3604
3779
3857
3904
3957
4070
4299
5739
9492
0
0
0
17737
17737
17735
17734
17733
1546
1491
1350
1577
1449
1477
1313
1302
1279
1502
1234
1231
1213
1213
1211
1314
1341
1232
1235
1367
1370
1492
1596
1628
1704
1690
1680
1946
1948
1947
1950
1987
2016
1998
2075
1120
1647
1758
1744
1746
1730
1725
1693
1528
1475
1163
1056
1052
1051
1030
1010
974
888
907
925
951
964
1000
1922
882
907
875
872
850
852
847
838
830
825
814
800
788
799
902
1222
1221
1224
1206
1204
1200
1193
1186
1179
1171
1164
1157
1150
1142
1137
1134
1132
1131
1129
1124
1122
1121
1119
1118
1115
1098
1096
1093
1090
1086
1082
1078
1074
1069
1064
1057
1048
1039
1033
1032
1030
1022
1014
1013
1017
1020
1018
1015
1012
1012
1012
1012
1013
1016
1020
1021
1020
1026
1052
1161
1515
2067
2314
2377
2463
2621
2843
3058
3353
3628
3778
3846
3888
3930
4003
4097
4665
7522
0
0
0
17740
17739
17737
17736
17735
1562
1573
1252
1221
1216
1534
1440
1434
1383
1253
1235
1220
1213
1213
1308
1256
1238
1279
1286
1248
1411
1536
1635
1630
1688
1621
1648
1945
1943
1938
1959
1971
1995
2016
2014
1128
1322
1691
1088
1416
1667
1552
1535
1501
1489
1334
1020
1041
1034
1027
984
975
894
908
952
963
939
933
927
1850
918
886
873
856
858
854
846
837
828
821
802
796
903
1187
1223
1222
1223
1206
1204
1199
1193
1186
1179
1171
1163
1157
1151
1144
1139
1136
1134
1132
1131
1124
1128
1136
1152
1119
0
1098
1097
1094
1091
1087
1083
1079
1074
1070
1065
1060
1054
1047
1042
1037
1029
1015
1001
999
1009
1019
1019
1016
1014
1012
1012
1012
1012
1013
1015
1016
1017
1021
1051
1089
1539
2098
2296
2358
2399
2614
2861
3127
3396
3613
3743
3823
3880
3929
3982
4079
4088
4694
0
0
0
17741
17741
17739
17738
17737
1577
1573
1241
1480
1211
1209
1448
1320
1413
1248
1281
1211
1200
1273
1239
1267
1254
1251
1306
1338
1440
1579
1594
1678
1688
1817
1695
1569
1628
1875
1940
1943
1947
1954
1939
1219
1078
1108
1267
1241
1233
1099
1283
1505
1494
1487
1045
1031
1030
981
991
997
920
956
938
943
946
940
934
921
1827
918
891
869
864
862
853
844
835
826
792
795
799
787
793
799
1222
1206
1199
1198
1193
1186
1179
1172
1165
1159
1153
1146
1141
1137
1135
1134
1128
1126
1129
1144
1257
1119
0
1099
1097
1095
1091
1088
1083
1079
1074
1070
1066
1061
1056
1051
1047
1040
1031
1015
996
991
1005
1018
1018
1016
1014
1012
1011
1010
1011
1011
1012
1012
1013
1016
1024
1089
1529
1974
2244
2307
2411
2640
2956
3239
3453
3600
3694
3772
3847
3906
3953
3986
4060
3940
0
0
0
0
0
0
0
0
1590
1590
1223
1215
1211
1395
1204
1207
1527
1253
1238
1320
1203
1200
1315
1267
1324
1350
1297
1369
1483
1550
1608
1651
1715
1907
1927
1566
1650
1875
1912
1875
1717
1717
1719
1653
1190
1144
1125
1128
1208
1160
1118
1485
1506
1499
1024
1048
1034
1018
1001
1045
1077
934
930
926
944
939
937
928
929
857
889
890
880
868
861
847
842
833
822
783
790
796
803
809
1221
0
1200
1199
1195
1188
1181
1174
1168
1162
1155
1148
1143
1140
1137
1135
1127
486
513
1135
1120
1120
1103
1102
1099
1095
1092
1088
1083
1079
1074
1070
1065
1060
1056
1051
1047
1042
1036
1029
1020
1017
1020
1021
1018
1015
1012
1010
1009
1009
1010
1012
1015
1015
1015
1021
1032
1048
1232
1680
2243
2361
2498
2789
3129
3371
3519
3615
3678
3726
3773
3824
3878
3909
3920
3926
0
0
0
0
0
0
0
0
0
0
1444
1431
1211
1208
1403
1349
1192
1437
1226
1194
1201
1209
1217
1341
1278
1386
1419
1368
1471
1557
1681
1679
1671
1915
1561
1699
1816
1831
1751
1744
1717
1577
1580
1121
1165
1245
1120
1112
1169
1172
1208
1511
1515
1508
1441
1042
1023
1017
997
1090
951
947
943
939
936
932
929
940
936
884
915
894
875
868
863
856
834
832
786
793
799
783
793
801
1220
0
1202
1201
1196
1189
1182
1176
1170
1164
1157
1150
1145
1141
1140
1137
1128
506
507
1124
1122
1120
1104
1103
1100
1096
1092
1088
1083
1078
1074
1069
1065
1060
1055
1051
1047
1042
1037
1033
1029
1027
1025
1022
1019
1015
1012
1010
1011
1011
1013
1019
1025
1023
1017
1020
1029
1044
1184
1630
2299
2520
2725
3064
3328
3497
3589
3647
3690
3724
3757
3791
3820
3840
3850
3843
0
0
0
0
0
0
0
0
0
0
1219
1520
1466
1215
1207
1400
1210
1191
1189
1203
1210
1218
1221
1332
1336
1278
1437
1475
1494
1542
1616
1753
1592
1641
1560
1560
1815
1830
1845
1673
1679
1626
1584
1533
1176
1173
1139
1128
1153
1171
1190
1086
1087
1233
1047
1034
1022
1003
994
1187
903
960
957
953
949
945
942
937
932
921
911
910
872
872
870
857
850
789
796
802
805
816
823
967
1219
0
1203
1202
1197
1190
1184
1177
1171
1164
1157
1151
1146
1143
1141
1135
1132
1129
1126
1123
1122
1121
1105
1104
1101
1097
1092
1088
1083
1079
1074
1070
1065
1060
1055
1051
1047
1043
1038
1033
1030
1028
1026
1023
1020
1017
1013
1012
1014
1015
1020
1033
1040
1033
1018
1011
1012
1024
1128
1565
2323
2756
3103
3371
3485
3594
3650
3681
3700
3716
3736
3765
3784
3798
3813
3819
0
0
0
0
0
0
0
0
0
0
1222
1243
1233
1216
1464
1204
1285
1231
1199
1212
1204
1228
1236
1212
1217
1271
1280
1497
1370
1405
1565
1664
1598
1604
1620
1662
1731
1829
1651
1672
1692
1661
1539
1552
1462
1140
1145
1144
1151
1157
1180
1144
1096
1181
1067
1052
1005
1003
991
1014
970
963
966
937
949
952
939
948
939
913
904
898
889
869
859
838
836
799
806
810
809
842
904
1221
1219
0
1203
1201
1196
1191
1184
1178
1171
1164
1158
1153
1149
1145
1142
1134
1134
1129
1126
1125
1123
1122
1106
1105
1102
1098
1093
1089
1084
1080
1074
1070
558
1048
1056
1052
1048
1043
1039
1034
1031
1028
1027
1025
1023
1020
1016
1013
1012
1013
1023
1037
1043
1034
1018
1008
1006
1014
1150
1657
2460
2956
3254
3443
3561
3645
3694
3713
3722
3732
3747
3780
3796
3808
3834
3848
0
0
0
0
0
0
0
0
0
0
1247
1247
1234
1219
1471
1399
1195
1191
1213
1197
1205
1239
1351
1236
1253
1247
1420
1475
1442
1416
1426
1632
1647
1602
1609
1718
1812
1766
1842
1672
1686
1713
1627
1576
1561
1341
1137
1124
1106
1133
1177
1183
1127
1069
1067
1059
1025
1004
988
998
992
972
966
963
953
948
936
944
938
927
922
920
891
873
865
868
872
852
845
816
857
844
818
810
1217
1209
1202
1197
1196
1192
1185
1178
1171
1164
1158
1154
1151
1147
1143
1134
1134
1130
1129
1128
1125
1112
1109
1106
1103
1098
1094
1089
1084
1080
1074
1070
562
562
1029
1052
555
1022
1039
1034
1031
1028
1027
1026
512
957
1019
1015
1011
1010
1014
1022
1028
1025
1016
1010
1012
1025
1312
2019
2523
3013
3246
3459
3586
3681
3732
3748
3756
3769
3792
3835
3942
4044
4162
4108
0
0
0
8284
8283
8283
0
8258
8249
5446
1291
1263
1239
1225
1378
1456
1458
1322
1192
1259
1291
1229
1536
1506
1645
1497
1525
1507
1486
1467
1567
1538
1650
1611
1660
1672
1712
1826
1794
1673
1674
1670
1636
1575
1539
1534
1124
1117
1114
1121
1143
1181
1126
1092
1071
1062
1024
1004
987
975
961
953
1226
943
887
899
908
943
918
970
1013
931
935
919
888
870
843
858
1258
825
832
838
811
809
1212
1209
1206
1198
1196
1192
1186
1179
1171
1165
1160
1156
1151
1145
1145
1136
1135
1134
1132
1130
1128
1112
1111
1108
1103
1099
1094
1090
1085
1080
566
611
615
564
941
1051
988
1016
1038
1034
1030
1028
1027
1026
687
803
1020
509
1005
1007
1006
1010
1016
1018
1014
1011
1019
1050
1234
1920
2643
2924
3130
3380
3604
3723
3770
3776
3781
3823
3946
4087
4292
4347
4405
4653
0
0
0
8288
8287
8284
8281
8264
8059
6424
2102
1500
1509
1718
1434
1471
1524
1436
1433
1476
1491
1547
1536
1520
1658
1739
1653
1559
1606
1564
1548
1595
1624
1603
1717
1577
1668
1733
1744
1824
1709
1676
1647
1571
1539
1537
1101
1107
1118
1119
1127
1155
1098
1111
1031
1053
992
1011
980
969
959
957
1270
1201
1219
1103
951
919
915
1167
1391
1164
1198
1318
1017
880
883
940
1262
1255
1245
885
833
822
835
1209
1211
1224
1192
1191
1186
1179
1172
1166
1162
1156
1149
1146
1141
1140
1137
1135
1133
1131
1130
1113
1112
1109
1104
1099
1095
1090
1084
1080
1070
747
718
594
914
1050
1047
1043
1038
1033
1030
1027
1025
1023
1020
1023
1019
901
952
1005
1005
1008
1013
1015
1014
1014
1023
1054
1205
1828
2509
2788
2968
3272
3630
3789
3842
3849
3861
3915
4001
4162
4420
4604
4862
5448
0
0
0
8291
8289
8285
8282
8267
7983
6624
4384
1500
1501
1475
1867
1475
1523
1543
1527
1506
1494
1508
1659
1594
1631
1655
1631
1597
1496
1557
1568
1644
1623
1682
1695
1681
1823
1820
1794
1741
1704
1674
1649
1591
1581
1580
1110
1123
1071
1102
1135
1081
1105
1055
1055
1023
1000
991
973
966
1059
935
1398
968
1180
1380
1289
1275
914
909
1309
1347
1330
1314
1302
1138
1210
1276
1269
1261
1251
1237
919
891
916
1211
1216
1221
1193
1191
1186
1179
1173
1168
1162
1156
1151
1149
1146
1143
1140
1137
1134
1132
1119
1116
1113
1109
1105
1100
1095
1090
1085
1080
1075
1070
1065
1061
1054
1051
1048
1043
1038
1034
1031
1028
1025
1023
1020
1017
1017
1012
1007
1004
1005
1008
1011
1013
1014
1016
1022
1044
1074
1148
1253
2432
2750
3075
3572
3879
3969
4007
4063
4124
4206
4389
4716
5125
5675
6500
0
0
0
8292
8291
8283
8244
7459
6845
6106
5605
4617
1482
1473
1582
1531
1537
1509
1893
1506
1501
1505
1633
1648
1539
1543
1626
1632
1631
1611
1636
1604
1675
1653
1592
1619
1682
1632
1633
1709
1688
1678
1653
1599
1598
1595
1526
1106
1097
1090
1092
1092
1096
1080
1070
1029
966
978
979
970
963
1183
965
969
1209
1395
1376
1371
1279
1167
909
1192
1327
1316
1307
1299
1291
825
947
1269
1260
1245
921
914
980
1213
1215
1215
1192
1182
1178
1178
1174
1166
1161
1158
1155
1152
1149
1145
1142
1139
1137
1134
1118
1117
1114
1110
1105
1100
1095
1090
1086
1080
1075
1071
1066
1061
1056
1052
1048
1044
1039
1035
1031
1028
1026
1023
1020
1017
1014
1008
1006
1006
1007
1009
1011
1012
1011
1010
1011
1022
1039
1142
1419
2360
2560
2813
3367
3927
4101
4150
4202
4306
4494
4805
5275
5888
6541
7057
0
0
0
8294
6065
5672
5633
5507
5394
5362
5388
-31643
1572
1471
1496
1509
1506
1546
1560
1599
1505
1490
1538
1627
1663
1553
1625
1630
1638
1546
1586
1596
1633
1648
1647
1627
1619
1587
1647
1705
1684
1675
1628
1598
1598
1595
1525
1118
1098
1095
1132
1130
1146
1218
1063
1050
984
968
968
969
967
1176
968
1051
1400
1395
916
1198
1363
1356
891
1185
1330
1321
1312
1305
1298
1181
805
804
777
1196
1237
1223
1216
1213
1211
1209
1193
1186
1180
1174
1170
1167
1164
1161
1158
1155
1151
1147
1144
1142
1139
1137
1119
1118
1115
1110
1105
1100
1095
1090
1085
1080
1075
1070
1066
1061
1056
1051
1047
1043
1038
1034
1026
1027
1023
1020
1017
1014
1010
1006
1003
1002
1005
1008
1011
1012
1011
1009
1007
1015
1041
1219
1879
2332
2438
2602
3087
3740
4138
4298
4440
4658
4964
5366
5860
6380
6810
7061
0
0
0
8295
5713
5601
5544
5459
5387
5361
1628
1990
1664
1508
1426
1696
1510
1495
1557
1604
1568
1493
1545
1626
1667
1646
1646
1624
1649
1570
1551
1636
1639
1689
1647
1645
1634
1622
1581
1740
1683
1675
1593
1593
1593
0
1125
1130
1067
1069
1095
1117
1294
1491
1086
1056
1027
1165
1196
958
968
988
1194
1413
1403
1392
880
896
1289
1353
884
1325
1332
1323
1315
1309
1303
823
1253
1122
818
728
1245
1230
1217
837
867
1207
1193
1189
1185
1179
1174
1171
1168
1164
1161
1158
1153
1149
1146
1144
1142
1138
1120
1119
1116
1111
617
1068
1095
1090
1085
1080
1075
1070
1065
1060
1051
1048
1045
1041
1035
1032
1028
1025
1022
1018
1015
1012
1008
1004
1001
1001
1003
1007
1012
1014
1014
1013
1012
1020
1050
1230
1821
2282
2421
2496
2880
3425
3831
4233
4618
4955
5310
5675
6086
6473
6767
6939
0
0
0
0
5629
5521
5489
5436
5389
5362
1628
1462
1462
1574
1455
1505
1512
1500
1498
1597
1565
1589
1566
1622
1563
1633
1599
1620
1649
1641
1693
1638
1668
1575
1647
1641
1641
1625
1567
1555
0
0
1590
1173
1173
1198
1186
1129
1109
1058
1062
1122
1066
1157
1124
1007
1102
1472
1467
1262
977
1149
1280
1416
1404
1391
1349
1246
1304
1350
1311
984
1091
1323
1316
1310
1304
1214
833
1275
803
733
1247
1235
1220
747
762
751
782
1192
1189
1184
1180
1175
1172
1167
1164
1159
1155
1151
1148
1146
1143
1127
1125
1121
1117
1112
1048
1082
1096
597
736
1079
1075
1070
1065
1057
1053
1050
1047
1042
1037
1033
1030
1026
1022
1018
1015
1012
1009
1005
1002
1001
1003
1008
1013
1017
1018
1018
1017
1023
1047
1232
1829
2283
2387
2495
2812
3188
3402
3583
4418
5211
5512
5790
6195
6491
6702
6853
0
0
0
0
5592
5492
5465
5426
5398
5366
5369
1462
1466
1467
1488
1492
1493
1517
1483
1507
1568
1513
1556
1616
1573
1634
1644
1609
1652
1572
1639
1655
1653
1588
1579
1602
1616
1597
1600
1513
1516
1668
1613
1171
1172
1140
1147
1147
1126
1093
1056
1100
1080
1073
1093
1065
1099
1471
1466
1455
1408
1406
1424
1415
1404
1390
1376
1363
1353
1346
1341
1031
923
908
986
1310
1304
838
1148
805
820
819
1152
1238
775
868
782
712
739
1196
1193
1189
1184
1180
1175
1170
1165
1161
1156
1152
1150
1149
1133
1131
1127
1122
1118
1113
1107
1102
1096
1032
1063
1080
1075
1070
1066
1061
1055
1051
1047
1043
1039
1034
1031
1028
1024
1020
1017
1014
1011
1007
1004
1003
1004
1008
1014
1019
1021
1022
1018
1027
1049
1288
1982
2307
2402
2506
2871
3205
3434
3734
4826
5501
5689
5846
6208
6512
6670
6816
0
0
0
0
5575
5479
5455
5423
5426
5479
5831
1456
1466
1465
1463
1537
1616
1496
1469
1508
1530
1508
1551
1594
1615
1628
1587
1551
1565
1612
1579
1640
1638
1626
1647
1647
1627
1646
1694
1562
1564
1667
1626
1255
1167
1158
1149
1146
1137
1129
1045
1063
1072
1027
1067
1025
1068
982
1374
1023
1239
1433
1425
1416
1405
1391
1377
1364
1351
1341
1334
1328
881
910
946
859
972
815
1211
820
792
892
787
776
749
789
791
778
821
1197
1197
1194
1188
1183
1178
1172
1167
1162
1157
1154
1152
1151
1133
1131
1128
1124
1119
1113
1108
1102
1097
1092
1086
1081
1075
1071
1066
1061
1056
1052
1048
1044
1039
1035
1032
1029
1025
1021
1018
1016
1014
1010
1007
1005
1005
1007
1010
1013
1015
1013
1012
1012
1063
1312
2013
2431
2488
2600
2913
3262
3582
4078
5042
5454
5675
5854
6067
6412
6483
6801
0
0
0
0
0
5755
5761
5766
5782
5810
5830
1456
1457
1450
1449
1513
1466
1496
1510
1520
1540
1504
1524
1618
1639
1596
1587
1633
1579
1640
1709
1584
1618
1644
1690
1691
1649
1658
1662
1661
1583
1588
1634
1146
1144
1143
1144
1127
1111
1124
1068
1065
1087
1094
1089
1036
1051
1408
1433
1313
945
1417
1427
1418
1407
1393
1380
1367
1352
1340
1332
855
1022
852
852
869
862
867
814
809
832
808
787
772
761
847
778
775
1224
1204
1203
1198
1192
1187
1181
1175
1169
1163
1159
1156
1154
1142
1140
1135
1130
1125
1119
1114
1108
1102
1097
1092
1086
1080
1075
1070
1065
1060
1056
1052
1048
1044
1040
1036
1033
1030
1026
1022
1020
1018
1017
1014
1009
1005
1002
1001
1007
1015
1013
1013
1012
1012
1011
1011
2422
2652
2701
2791
3118
3509
3904
4456
5160
5453
5640
5822
6041
6205
6452
6735
0
0
0
0
0
5755
5761
5766
5816
5831
5841
5852
1457
1432
1467
1469
1466
1578
1521
1533
1567
1530
1563
1536
1598
1631
1693
1657
1605
1606
1725
1631
1600
1650
1703
1687
1721
1725
1724
1711
1671
1661
1638
1445
1152
1151
1144
1139
1123
1170
1166
1135
1051
1046
1027
1019
1065
1076
1472
1459
1436
1428
1428
1419
1408
1394
1382
1369
1354
1343
1336
855
1286
961
931
967
885
1212
843
820
804
829
803
812
776
856
791
794
1228
1208
1207
1202
1196
1190
1183
1177
1171
1166
1162
1159
1157
1142
1141
1137
1131
1125
1120
1114
1108
1103
1097
1092
1086
1081
1075
1070
1066
1061
1057
1053
1051
1047
1044
1040
1037
1034
1031
1028
1027
1026
1025
1021
1015
1009
1005
1003
1017
1016
1014
1013
1012
1012
1011
1011
2940
2945
3049
3122
3489
3921
4306
4766
5199
5451
5607
5765
5945
6133
6322
6511
0
0
0
0
0
5776
5790
5808
5824
5833
5842
5853
5870
5906
1480
1510
1476
1653
1452
1869
1592
1629
1633
1560
1646
1611
1694
1620
1501
1524
1705
1678
1652
1651
1714
1695
1715
1673
1676
1705
1715
1671
1637
1613
1230
1184
1258
1223
1142
1114
1114
1061
1032
1043
1040
1037
1053
1230
1471
1458
1444
1434
1426
1417
1406
1393
1381
1369
1357
1347
1340
1262
850
1219
1308
1302
1104
1215
935
1029
829
934
836
904
1233
1228
1227
1226
1226
1210
1209
1203
1197
1191
1185
1178
1173
1168
1165
1162
1148
1146
1142
1137
1131
1125
1120
1114
1109
1103
1098
1092
1087
1082
1077
1072
1068
1064
1060
1057
1055
1053
1050
1047
1044
1042
1039
1036
1035
1034
1033
1032
1032
1031
1010
1018
1017
1016
1015
1013
1012
1012
1011
1011
1011
1011
3378
3605
4106
4502
4764
5074
5330
5471
5586
5730
5900
6068
6208
6318
0
0
0
0
0
5777
5791
5809
5823
5833
5841
5851
5869
1472
1467
1518
1492
1540
1480
2092
32337
1627
1621
1693
1658
1661
1648
1619
1603
1560
1690
1476
1597
1676
1733
1686
1728
1693
1711
1685
1663
1671
1634
1604
1582
1558
1544
1539
1299
1175
1141
1034
1045
1057
1048
1041
1075
1295
1468
1458
1440
1429
1422
1413
1402
1389
1377
1367
1356
1346
1339
1335
1112
1227
1302
1294
1289
1281
1275
1262
1252
1248
1244
1236
1230
1227
1226
1225
1224
1210
1208
1202
1197
1190
1184
1178
1172
1168
1163
1162
1146
1145
1141
1136
1130
1124
1119
1114
1109
1103
1099
1094
1089
1084
1080
1076
1072
1068
1064
1062
1060
1057
1055
1052
1049
1047
1045
1042
1039
1037
1036
1035
1035
1035
1035
1018
1017
1016
1015
1013
1012
1012
1011
1011
1011
1011
3919
4161
4809
5120
5216
5344
5484
5547
5613
5736
5905
6073
6198
6262
0
0
0
0
0
5777
5791
5809
5823
5833
5839
5849
5866
1472
1473
5938
1497
1536
1671
2880
2513
2264
2244
1661
1660
1678
1652
1622
1639
1667
1680
1669
1637
1663
1702
1764
1729
1830
1814
1779
1727
1679
1637
1601
1578
1565
1556
1542
1520
1173
1036
1047
1059
1068
1057
1052
1473
1470
1462
1444
1424
1417
1413
1405
1395
1381
1369
1360
1352
1339
1331
1324
1314
1300
1291
1284
1279
1273
1267
1250
1245
1242
1238
1231
1227
1225
1223
1222
1223
0
1200
1199
1194
1189
1182
1176
1171
1166
1161
1154
1148
1144
1139
1134
1128
1123
1118
1113
1108
1103
1099
1095
1090
1086
1082
1078
1074
1071
1067
1064
1062
1059
1056
1053
1051
1049
1046
1044
1041
1039
1038
1037
1036
1036
1035
1018
1017
1016
1015
1013
1012
1012
1012
1012
1011
1011
4196
4553
5346
5449
5546
5621
5667
5689
5764
5898
6044
6177
6274
6300
confidence
0.0
0.0
0.0
0.0
0.0
0.0
0.0
0.0
0.05490196
0.06666667
0.0627451
0.050980393
0.007843138
0.05882353
0.007843138
0.003921569
0.003921569
0.007843138
0.007843138
0.003921569
0.003921569
0.003921569
0.043137256
0.101960786
0.105882354
0.09803922
0.09411765
0.023529412
0.06666667
0.078431375
0.09019608
0.09411765
0.101960786
0.09019608
0.07058824
0.07450981
0.07058824
0.023529412
0.043137256
0.08235294
0.06666667
0.12156863
0.2784314
0.2784314
0.101960786
0.050980393
0.043137256
0.07450981
0.09019608
0.14901961
0.3254902
0.3254902
0.3137255
0.3529412
0.44313726
-0.42745098
-0.21568628
-0.003921569
-0.003921569
-0.101960786
-0.105882354
-0.003921569
-0.003921569
-0.25882354
-0.44705883
0.3137255
0.31764707
0.19607843
-0.49411765
-0.003921569
-0.003921569
-0.003921569
-0.003921569
-0.003921569
-0.003921569
-0.05882353
-0.20392157
-0.33333334
-0.44705883
0.47843137
0.2784314
0.17254902
0.17254902
0.22745098
0.21960784
0.24705882
-0.003921569
-0.003921569
-0.003921569
-0.003921569
-0.003921569
-0.003921569
-0.003921569
-0.003921569
-0.003921569
-0.003921569
-0.003921569
-0.003921569
-0.003921569
-0.003921569
-0.003921569
-0.003921569
-0.003921569
-0.003921569
-0.003921569
-0.003921569
-0.003921569
-0.003921569
-0.003921569
-0.101960786
-0.23921569
-0.25490198
-0.015686275
-0.003921569
-0.003921569
-0.003921569
-0.003921569
-0.003921569
-0.003921569
-0.003921569
-0.003921569
-0.003921569
-0.003921569
-0.14901961
-0.38039216
0.38039216
0.2627451
0.19215687
0.19607843
0.2509804
0.38431373
0.03529412
0.05882353
0.38431373
-0.47843137
-0.22352941
-0.003921569
-0.003921569
-0.047058824
-0.003921569
-0.003921569
-0.003921569
-0.003921569
-0.25882354
-0.4392157
-0.3764706
0.44705883
0.3254902
0.17254902
0.0627451
0.015686275
0.023529412
0.019607844
0.011764706
0.011764706
0.007843138
0.0
0.0
0.0
0.003921569
0.0
0.0
0.0
0.0
0.0
0.0
0.0
0.0
0.007843138
0.06666667
0.07058824
0.015686275
0.0
0.011764706
0.003921569
0.003921569
0.003921569
0.003921569
0.003921569
0.0
0.0
0.0
0.0627451
0.13725491
0.043137256
0.12156863
0.1254902
0.08235294
0.09411765
0.11764706
0.11372549
0.14117648
0.14117648
0.13333334
0.08235294
0.07450981
0.105882354
0.05882353
0.02745098
0.007843138
0.09019608
0.09019608
0.20392157
0.12941177
0.0627451
0.039215688
0.0
0.047058824
0.44705883
0.44705883
0.30980393
0.3372549
0.34901962
0.3019608
0.4745098
-0.4117647
-0.29803923
-0.11764706
-0.05490196
-0.3137255
-0.28235295
-0.003921569
-0.003921569
-0.003921569
-0.36078432
0.3764706
0.48235294
0.27058825
-0.42352942
-0.003921569
-0.003921569
-0.003921569
-0.003921569
-0.003921569
-0.003921569
-0.003921569
-0.1882353
-0.2901961
-0.3764706
0.49803922
0.36078432
0.22352941
0.21176471
0.2627451
0.2627451
-0.32941177
-0.003921569
-0.003921569
-0.003921569
-0.003921569
-0.003921569
-0.003921569
-0.003921569
-0.003921569
-0.003921569
-0.003921569
-0.003921569
-0.003921569
-0.003921569
-0.003921569
-0.003921569
-0.003921569
-0.003921569
-0.003921569
-0.003921569
-0.003921569
-0.003921569
-0.003921569
-0.003921569
-0.003921569
-0.17254902
-0.1764706
-0.003921569
-0.003921569
-0.003921569
-0.003921569
-0.003921569
-0.003921569
-0.003921569
-0.003921569
-0.003921569
-0.003921569
-0.003921569
-0.003921569
-0.34901962
0.4509804
0.2627451
0.4627451
-0.4627451
-0.4627451
0.34117648
0.36078432
0.3882353
-0.47058824
-0.32156864
-0.003921569
-0.003921569
-0.003921569
-0.003921569
-0.003921569
-0.003921569
-0.003921569
-0.003921569
-0.15686275
-0.47058824
-0.36862746
0.49803922
0.34509805
0.14901961
0.050980393
0.011764706
0.007843138
0.007843138
0.011764706
0.015686275
0.007843138
0.0
0.0
0.0
0.003921569
0.0
0.0
0.0
0.0
0.0
0.0
0.0
0.0
0.0
0.007843138
0.007843138
0.0
0.0
0.011764706
0.007843138
0.011764706
0.011764706
0.007843138
0.003921569
0.0
0.0
0.0
0.015686275
0.08235294
0.047058824
0.13725491
0.15686275
0.105882354
0.101960786
0.11764706
0.11764706
0.03137255
0.09803922
0.047058824
0.11764706
0.12156863
0.1254902
0.047058824
0.05490196
0.0
0.007843138
0.007843138
0.21176471
0.16078432
0.003921569
0.13333334
0.019607844
0.3372549
0.3372549
0.30980393
0.4
0.3882353
0.31764707
0.03529412
0.44313726
-0.3647059
-0.30980393
-0.2509804
-0.23137255
0.16470589
-0.15686275
-0.003921569
-0.003921569
-0.039215688
-0.3764706
0.49411765
-0.3019608
0.4392157
-0.35686275
-0.003921569
-0.003921569
-0.003921569
-0.003921569
-0.003921569
-0.003921569
-0.003921569
-0.09019608
-0.14509805
-0.22745098
-0.40392157
0.36078432
0.25490198
0.1764706
0.15686275
0.1764706
-0.43137255
-0.003921569
-0.003921569
-0.003921569
-0.003921569
-0.003921569
-0.003921569
-0.003921569
-0.003921569
-0.003921569
-0.003921569
-0.003921569
-0.003921569
-0.003921569
-0.003921569
-0.003921569
-0.003921569
-0.003921569
-0.003921569
-0.003921569
-0.003921569
-0.003921569
-0.003921569
-0.003921569
-0.003921569
-0.09803922
-0.22352941
-0.15294118
-0.003921569
-0.003921569
-0.003921569
-0.003921569
-0.003921569
-0.003921569
-0.003921569
-0.003921569
-0.003921569
-0.003921569
-0.14117648
-0.3529412
0.30980393
0.2509804
0.42352942
0.3137255
0.38431373
0.45490196
0.4745098
-0.43137255
-0.23137255
-0.023529412
-0.003921569
-0.003921569
-0.003921569
-0.003921569
-0.003921569
-0.003921569
-0.003921569
-0.003921569
-0.2784314
-0.46666667
-0.47843137
0.45490196
0.38431373
0.24313726
0.10980392
0.023529412
0.007843138
0.007843138
0.011764706
0.011764706
0.003921569
0.0
0.0
0.0
0.003921569
0.0
0.0
0.0
0.0
0.0
0.0
0.0
0.0
0.0
0.0
0.0
0.050980393
0.3764706
0.3764706
0.3764706
0.08235294
0.047058824
0.047058824
0.047058824
0.011764706
0.007843138
0.007843138
0.007843138
0.003921569
0.011764706
0.019607844
0.06666667
0.03529412
0.06666667
0.05490196
0.03529412
0.078431375
0.12941177
0.09019608
0.08627451
0.10980392
0.101960786
0.06666667
0.039215688
0.08235294
0.007843138
0.078431375
0.08627451
0.22745098
0.09803922
0.24705882
0.28627452
0.16078432
0.47058824
0.39607844
0.49411765
0.4862745
0.33333334
0.2901961
-0.4392157
-0.29803923
-0.33333334
-0.30980393
-0.3019608
0.39607844
-0.4745098
-0.003921569
-0.003921569
-0.16470589
-0.34509805
-0.19215687
-0.10980392
-0.47058824
-0.36078432
-0.003921569
-0.003921569
-0.003921569
-0.09411765
-0.003921569
-0.003921569
-0.003921569
-0.003921569
-0.003921569
-0.043137256
-0.25882354
0.41568628
0.22352941
0.15294118
0.15294118
0.21176471
-0.41960785
-0.003921569
-0.003921569
-0.003921569
-0.003921569
-0.003921569
-0.003921569
-0.003921569
-0.003921569
-0.003921569
-0.003921569
-0.003921569
-0.003921569
-0.003921569
-0.003921569
-0.003921569
-0.003921569
-0.003921569
-0.003921569
-0.003921569
-0.003921569
-0.003921569
-0.003921569
-0.003921569
-0.101960786
-0.38431373
-0.21568628
-0.3529412
-0.12941177
-0.078431375
-0.003921569
-0.003921569
-0.003921569
-0.003921569
-0.003921569
-0.003921569
-0.003921569
-0.003921569
-0.02745098
-0.3254902
0.37254903
0.2509804
0.32941177
0.44705883
-0.47843137
-0.3764706
-0.2784314
-0.16862746
-0.019607844
-0.003921569
-0.003921569
-0.003921569
-0.003921569
-0.003921569
-0.003921569
-0.003921569
-0.003921569
-0.078431375
-0.32941177
-0.47058824
0.49019608
0.47058824
0.34509805
0.28235295
0.13333334
0.019607844
0.003921569
0.007843138
0.007843138
0.003921569
0.0
0.0
0.0
0.003921569
0.003921569
0.0
0.0
0.0
0.0
0.0
0.0
0.0
0.0
0.0
0.0
0.043137256
0.015686275
0.039215688
0.3764706
0.30588236
0.3764706
0.20392157
0.20784314
0.1764706
0.105882354
0.07058824
0.08627451
0.019607844
0.1254902
0.06666667
0.06666667
0.007843138
0.06666667
0.07058824
0.078431375
0.101960786
0.08235294
0.0627451
0.043137256
0.05490196
0.06666667
0.003921569
0.05490196
0.0
0.050980393
0.48235294
0.07058824
0.02745098
0.12156863
0.14509805
0.13725491
0.28627452
0.14117648
0.32156864
0.36078432
-0.4627451
-0.43529412
0.44313726
-0.4862745
-0.23529412
-0.16862746
-0.29803923
-0.24313726
-0.2901961
-0.4509804
-0.3529412
-0.003921569
-0.003921569
-0.003921569
-0.19215687
-0.003921569
-0.019607844
-0.5019608
-0.34901962
-0.003921569
-0.003921569
-0.24705882
-0.29803923
-0.007843138
-0.003921569
-0.003921569
-0.003921569
-0.003921569
-0.003921569
-0.17254902
0.49803922
-0.3764706
0.16470589
0.1764706
0.2901961
-0.35686275
-0.003921569
-0.003921569
-0.003921569
-0.003921569
-0.003921569
-0.003921569
-0.003921569
-0.003921569
-0.003921569
-0.003921569
-0.003921569
-0.003921569
-0.003921569
-0.003921569
-0.003921569
-0.003921569
-0.003921569
-0.003921569
-0.003921569
-0.003921569
-0.003921569
-0.003921569
-0.003921569
-0.07450981
-0.4
0.40784314
-0.49411765
-0.21568628
-0.003921569
-0.003921569
-0.003921569
-0.003921569
-0.003921569
-0.003921569
-0.003921569
-0.09411765
-0.003921569
-0.003921569
-0.2901961
0.37254903
0.2509804
0.45490196
-0.34509805
-0.2627451
-0.09803922
-0.003921569
-0.003921569
-0.003921569
-0.003921569
-0.003921569
-0.003921569
-0.003921569
-0.003921569
-0.003921569
-0.003921569
-0.003921569
-0.011764706
-0.16470589
-0.28235295
-0.4627451
0.38039216
0.21176471
0.16078432
0.078431375
0.050980393
0.043137256
0.007843138
0.003921569
0.0
0.0
0.0
0.003921569
0.003921569
0.003921569
0.0
0.0
0.0
0.0
0.0
0.0
0.0
0.0
0.0
0.0
0.007843138
0.007843138
0.05490196
0.24705882
0.40392157
0.47843137
0.42745098
0.40392157
0.36078432
0.32941177
0.26666668
0.16078432
0.050980393
0.08627451
0.047058824
0.007843138
0.11764706
0.15294118
0.105882354
0.11372549
0.14509805
0.07058824
0.078431375
0.09411765
0.078431375
0.007843138
0.06666667
0.07450981
0.02745098
0.011764706
0.12156863
0.07058824
0.02745098
0.02745098
0.11372549
0.07058824
0.1254902
0.12941177
0.21960784
0.047058824
0.4509804
0.4745098
0.39215687
-0.4745098
-0.21960784
-0.10980392
-0.24313726
-0.1882353
-0.21960784
-0.27450982
-0.23529412
-0.019607844
-0.003921569
-0.003921569
-0.003921569
-0.003921569
-0.019607844
-0.45490196
-0.19215687
-0.003921569
-0.003921569
-0.08627451
-0.19607843
-0.003921569
-0.003921569
-0.003921569
-0.003921569
-0.003921569
-0.003921569
-0.16078432
-0.49803922
-0.3764706
0.21176471
0.023529412
0.39607844
-0.26666668
-0.003921569
-0.003921569
-0.003921569
-0.003921569
-0.003921569
-0.003921569
-0.003921569
-0.003921569
-0.003921569
-0.003921569
-0.003921569
-0.003921569
-0.003921569
-0.003921569
-0.003921569
-0.003921569
-0.003921569
-0.003921569
-0.003921569
-0.003921569
-0.003921569
-0.003921569
-0.003921569
-0.003921569
-0.20392157
-0.48235294
-0.41960785
-0.05490196
-0.003921569
-0.003921569
-0.003921569
-0.003921569
-0.003921569
-0.003921569
-0.003921569
-0.003921569
-0.003921569
-0.078431375
-0.3882353
0.45490196
0.40392157
-0.3372549
-0.13725491
-0.07058824
-0.003921569
-0.003921569
-0.003921569
-0.003921569
-0.003921569
-0.003921569
-0.003921569
-0.003921569
-0.003921569
-0.003921569
-0.003921569
-0.003921569
-0.003921569
-0.003921569
-0.14117648
-0.42745098
0.3882353
0.14509805
0.1254902
0.08235294
0.1254902
0.047058824
0.0
0.0
0.0
0.0
0.003921569
0.003921569
0.003921569
0.003921569
0.0
0.0
0.0
0.0
0.0
0.0
0.0
0.0
0.0
0.0
0.0
0.007843138
0.06666667
-0.4117647
-0.48235294
-0.4627451
-0.47058824
-0.49803922
0.49803922
-0.49411765
0.47843137
0.30588236
0.14117648
0.06666667
0.11372549
0.11372549
0.08235294
0.019607844
0.14117648
0.14901961
0.14509805
0.11764706
0.12941177
0.105882354
0.015686275
0.14117648
0.09803922
0.05490196
0.105882354
0.105882354
0.011764706
0.08235294
0.09019608
0.3019608
0.047058824
0.08235294
0.09803922
0.2
0.13333334
0.47058824
0.38039216
0.29411766
0.050980393
0.42352942
-0.34117648
-0.24705882
-0.31764707
-0.21960784
-0.14509805
-0.22745098
-0.24705882
-0.003921569
-0.003921569
-0.003921569
-0.003921569
-0.003921569
-0.003921569
-0.039215688
-0.003921569
-0.003921569
-0.003921569
-0.003921569
-0.003921569
-0.003921569
-0.003921569
-0.003921569
-0.003921569
-0.003921569
-0.003921569
-0.105882354
-0.44313726
0.3372549
0.26666668
0.2901961
0.33333334
-0.30980393
-0.003921569
-0.003921569
-0.003921569
-0.003921569
-0.003921569
-0.003921569
-0.003921569
-0.003921569
-0.003921569
-0.003921569
-0.011764706
-0.0627451
-0.015686275
-0.039215688
-0.14901961
-0.16862746
-0.0627451
-0.003921569
-0.003921569
-0.003921569
-0.003921569
-0.003921569
-0.003921569
-0.047058824
-0.19215687
-0.4392157
-0.4117647
-0.0627451
-0.003921569
-0.003921569
-0.003921569
-0.003921569
-0.003921569
-0.003921569
-0.003921569
-0.003921569
-0.0627451
-0.078431375
-0.26666668
-0.47843137
-0.42745098
-0.19607843
-0.003921569
-0.003921569
-0.003921569
-0.003921569
-0.003921569
-0.003921569
-0.003921569
-0.003921569
-0.003921569
-0.003921569
-0.003921569
-0.003921569
-0.003921569
-0.003921569
-0.003921569
-0.003921569
-0.16862746
-0.41960785
0.34117648
0.10980392
0.105882354
0.19607843
0.09411765
0.023529412
0.0
0.0
0.0
0.0
0.0
0.0
0.003921569
0.003921569
0.0
0.0
0.0
0.0
0.0
0.0
0.0
0.0
0.0
0.0
0.09803922
0.0627451
0.06666667
-0.4117647
0.3529412
0.45882353
0.46666667
-0.48235294
-0.43529412
-0.4509804
-0.4745098
0.4117647
0.23137255
0.13725491
0.15294118
0.09803922
0.06666667
0.023529412
0.05490196
0.007843138
0.09019608
0.14117648
0.14117648
0.11372549
0.18431373
0.13333334
0.09411765
0.13333334
0.15294118
0.047058824
0.050980393
0.043137256
0.11372549
0.1254902
0.015686275
0.08235294
0.14509805
0.21176471
0.02745098
0.02745098
0.3647059
0.45882353
0.16470589
0.34117648
-0.48235294
-0.4392157
-0.4392157
-0.25490198
-0.09411765
-0.13725491
-0.14117648
-0.003921569
-0.003921569
-0.003921569
-0.003921569
-0.003921569
-0.003921569
-0.003921569
-0.003921569
-0.003921569
-0.003921569
-0.003921569
-0.003921569
-0.003921569
-0.003921569
-0.003921569
-0.003921569
-0.003921569
-0.003921569
-0.003921569
-0.31764707
0.30588236
0.20392157
0.16078432
0.23529412
-0.32941177
-0.003921569
-0.003921569
-0.003921569
-0.003921569
-0.003921569
-0.003921569
-0.003921569
-0.003921569
-0.20784314
-0.30980393
-0.2901961
-0.4862745
0.42352942
0.45882353
-0.41568628
-0.34901962
-0.3764706
-0.36078432
-0.23529412
-0.12156863
-0.08627451
-0.13333334
-0.11764706
-0.08627451
-0.1254902
-0.40392157
-0.39607844
-0.003921569
-0.003921569
-0.003921569
-0.003921569
-0.003921569
-0.003921569
-0.003921569
-0.003921569
-0.003921569
-0.003921569
-0.003921569
-0.16470589
-0.35686275
-0.21568628
-0.019607844
-0.003921569
-0.003921569
-0.003921569
-0.003921569
-0.003921569
-0.003921569
-0.003921569
-0.003921569
-0.003921569
-0.003921569
-0.003921569
-0.003921569
-0.003921569
-0.003921569
-0.003921569
-0.003921569
-0.18039216
0.47843137
0.29411766
-0.09803922
0.21176471
0.18431373
0.039215688
0.011764706
0.0
0.0
0.0
0.0
0.0
0.0
0.003921569
0.003921569
0.0
0.0
0.0
0.0
0.0
0.0
0.0
0.0
0.0
0.0
0.023529412
0.019607844
0.023529412
0.06666667
0.16862746
0.2627451
0.3529412
-0.5019608
-0.47843137
0.45882353
0.4
0.3529412
0.25882354
0.16470589
0.21176471
0.0627451
0.12156863
0.0627451
0.05882353
0.05882353
0.050980393
0.007843138
0.019607844
0.011764706
0.078431375
0.09803922
0.09411765
0.09019608
0.14509805
0.08627451
0.1254902
0.10980392
0.02745098
0.07058824
0.047058824
0.043137256
0.0
0.30588236
0.12941177
0.02745098
0.35686275
0.043137256
0.29411766
0.3764706
0.4392157
0.4117647
0.45490196
-0.36862746
-0.11372549
-0.003921569
-0.003921569
-0.003921569
-0.003921569
-0.003921569
-0.003921569
-0.003921569
-0.003921569
-0.003921569
-0.003921569
-0.003921569
-0.003921569
-0.003921569
-0.003921569
-0.003921569
-0.003921569
-0.003921569
-0.003921569
-0.003921569
-0.003921569
-0.003921569
-0.40392157
0.25490198
0.18431373
0.15294118
0.07058824
-0.41960785
-0.003921569
-0.003921569
-0.003921569
-0.003921569
-0.003921569
-0.003921569
-0.09019608
-0.27058825
0.45882353
0.2901961
0.3137255
0.21960784
0.2
0.3254902
0.3764706
0.35686275
0.39607844
-0.5019608
-0.5019608
0.4392157
0.39215687
0.43137255
-0.36078432
-0.26666668
-0.25882354
-0.32941177
-0.27058825
-0.003921569
-0.003921569
-0.003921569
-0.003921569
-0.003921569
-0.003921569
-0.003921569
-0.003921569
-0.003921569
-0.003921569
-0.011764706
-0.13725491
-0.28627452
-0.16470589
-0.03137255
-0.003921569
-0.003921569
-0.011764706
-0.003921569
-0.003921569
-0.003921569
-0.003921569
-0.003921569
-0.003921569
-0.003921569
-0.003921569
-0.003921569
-0.003921569
-0.003921569
-0.003921569
-0.003921569
-0.2627451
0.34509805
0.34901962
0.30980393
0.27450982
0.11764706
0.023529412
0.003921569
0.0
0.0
0.0
0.0
0.0
0.0
0.003921569
0.003921569
0.0
0.0
0.0
0.0
0.0
0.0
0.0
0.0
0.0
0.0
0.047058824
0.105882354
0.09019608
0.03529412
0.08627451
0.20784314
0.24705882
0.34901962
0.31764707
0.2509804
0.2
0.18039216
0.21960784
0.101960786
0.16470589
0.007843138
0.0627451
0.14117648
0.043137256
0.05882353
0.09411765
0.039215688
0.019607844
0.06666667
0.047058824
0.09019608
0.06666667
0.09019608
0.14901961
0.14509805
0.15294118
0.13725491
0.03529412
0.011764706
0.043137256
0.03137255
0.047058824
0.30588236
0.32941177
0.20392157
0.34509805
0.32941177
0.39607844
0.4745098
-0.48235294
0.48235294
0.42745098
0.37254903
-0.36862746
-0.09803922
-0.047058824
-0.003921569
-0.07450981
-0.10980392
-0.003921569
-0.003921569
-0.003921569
-0.003921569
-0.003921569
-0.003921569
-0.105882354
-0.09411765
-0.003921569
-0.003921569
-0.003921569
-0.003921569
-0.003921569
-0.003921569
-0.003921569
-0.15686275
0.07058824
0.23137255
0.18431373
0.23529412
0.015686275
0.0627451
-0.003921569
-0.003921569
-0.003921569
-0.003921569
-0.003921569
-0.07450981
-0.45490196
0.32941177
0.29411766
0.2901961
0.36078432
0.18039216
0.22352941
0.25490198
0.3019608
0.3882353
-0.011764706
0.09803922
0.38039216
0.44705883
0.25882354
0.3764706
-0.3882353
-0.2784314
-0.30588236
-0.28235295
-0.1254902
-0.003921569
-0.003921569
-0.003921569
-0.003921569
-0.003921569
-0.003921569
-0.003921569
-0.003921569
-0.003921569
-0.003921569
-0.15686275
-0.22352941
-0.25490198
-0.1882353
-0.078431375
-0.050980393
-0.09803922
-0.08627451
-0.050980393
-0.011764706
-0.003921569
-0.003921569
-0.003921569
-0.003921569
-0.003921569
-0.003921569
-0.003921569
-0.003921569
-0.003921569
-0.003921569
-0.003921569
-0.4392157
0.28627452
0.38039216
0.24705882
0.16470589
0.05882353
0.03529412
0.003921569
0.0
0.0
0.0
0.0
0.0
0.0
0.003921569
0.003921569
0.0
0.0
0.0
0.0
0.0
0.0
0.0
0.0
0.0
0.09411765
0.02745098
0.12941177
0.09019608
0.105882354
0.14901961
0.2627451
0.2901961
0.24313726
0.14117648
0.07058824
0.05490196
0.05882353
0.08235294
0.06666667
0.05490196
0.015686275
0.08235294
0.15294118
0.11372549
0.12156863
0.05882353
0.050980393
0.101960786
0.05490196
0.0
0.043137256
0.05882353
0.03529412
0.07058824
0.13725491
0.15686275
0.14901961
0.047058824
0.0627451
0.08235294
0.043137256
0.09803922
0.078431375
0.18039216
0.30980393
0.32941177
0.33333334
0.42745098
-0.4862745
-0.3529412
-0.2901961
-0.49019608
0.23529412
0.32156864
-0.45490196
-0.21176471
-0.003921569
-0.18431373
-0.18431373
-0.003921569
-0.003921569
-0.003921569
-0.003921569
-0.003921569
-0.003921569
-0.24313726
0.49019608
-0.003921569
-0.003921569
-0.003921569
-0.003921569
-0.003921569
-0.003921569
-0.003921569
-0.12156863
0.3372549
0.18431373
0.25882354
0.34509805
0.08235294
0.25490198
-0.16862746
-0.019607844
-0.003921569
-0.003921569
-0.015686275
-0.3254902
0.31764707
0.10980392
0.11372549
0.101960786
0.09411765
0.09411765
0.2
0.23137255
0.19215687
0.12156863
0.33333334
0.3764706
0.2901961
0.3019608
0.39607844
0.3372549
0.4509804
-0.4117647
-0.4
-0.2901961
-0.047058824
-0.003921569
-0.003921569
-0.003921569
-0.003921569
-0.003921569
-0.003921569
-0.003921569
-0.003921569
-0.003921569
-0.003921569
-0.003921569
-0.003921569
-0.2
-0.27058825
-0.1882353
-0.15294118
-0.16078432
-0.13725491
-0.101960786
-0.02745098
-0.019607844
-0.003921569
-0.003921569
-0.003921569
-0.003921569
-0.003921569
-0.003921569
-0.039215688
-0.003921569
-0.003921569
-0.29803923
0.48235294
0.42352942
0.39607844
0.15686275
0.047058824
0.019607844
0.02745098
0.0
0.0
0.0
0.0
0.0
0.0
0.0
0.003921569
0.003921569
0.0
0.0
0.0
0.0
0.0
0.0
0.0
0.0
0.0
0.023529412
0.003921569
0.02745098
0.08235294
-0.18039216
0.38039216
0.4862745
-0.49019608
0.32156864
0.15686275
0.050980393
0.05490196
0.015686275
0.015686275
0.047058824
0.007843138
0.050980393
0.011764706
0.0
0.039215688
0.05490196
0.023529412
0.02745098
0.12156863
0.13333334
0.05882353
0.03137255
0.09019608
0.0627451
0.08627451
0.101960786
0.09411765
0.11764706
0.0
0.0
0.0627451
0.0
0.019607844
0.1254902
0.40392157
0.24705882
0.32941177
0.0
0.36862746
0.47843137
-0.34117648
-0.18431373
-0.41960785
0.25882354
0.2509804
0.105882354
0.30980393
-0.003921569
-0.019607844
-0.047058824
-0.003921569
-0.003921569
-0.003921569
-0.003921569
-0.003921569
-0.003921569
-0.019607844
0.3647059
-0.06666667
-0.003921569
-0.003921569
-0.003921569
-0.003921569
-0.003921569
-0.003921569
-0.05490196
0.47843137
0.23529412
0.24313726
0.21568628
0.078431375
0.078431375
0.41568628
-0.39607844
-0.49411765
0.48235294
-0.4745098
0.34509805
0.10980392
0.0
0.0
0.0
0.0
0.08235294
0.08627451
0.08627451
0.25882354
0.21176471
0.1764706
0.21960784
0.13333334
0.19607843
0.25882354
0.32156864
0.30980393
0.3019608
0.39607844
-0.41960785
-0.18039216
-0.050980393
-0.003921569
-0.003921569
-0.003921569
-0.003921569
-0.003921569
-0.003921569
-0.003921569
-0.003921569
-0.003921569
-0.003921569
-0.003921569
-0.08627451
-0.18039216
-0.15686275
-0.07450981
-0.06666667
-0.10980392
-0.17254902
-0.16078432
-0.14117648
-0.0627451
-0.003921569
-0.003921569
-0.003921569
-0.003921569
-0.011764706
-0.047058824
-0.003921569
-0.050980393
-0.42352942
0.44313726
0.3647059
0.12941177
0.07450981
0.02745098
0.007843138
0.007843138
0.0
0.0
0.0
0.0
0.0
0.0
0.0
0.003921569
0.0
0.0
0.0
0.0
0.0
0.0
0.0
0.0
0.0
0.0
0.0
0.039215688
0.007843138
0.14509805
0.34117648
-0.42352942
-0.2627451
-0.1764706
-0.2627451
0.43529412
-0.31764707
0.09019608
0.02745098
0.015686275
0.03137255
0.011764706
0.003921569
0.019607844
0.09019608
0.12941177
0.05882353
0.0627451
0.11372549
0.11372549
0.15686275
0.11372549
0.05490196
0.08627451
0.11764706
0.09019608
0.13725491
0.09019608
0.043137256
0.047058824
0.015686275
0.078431375
0.0
0.07058824
0.18431373
0.40392157
0.40392157
0.0
0.09411765
0.0
0.4117647
-0.36078432
-0.21176471
-0.42745098
0.2627451
0.4
0.44313726
-0.16470589
-0.003921569
-0.003921569
-0.003921569
-0.003921569
-0.003921569
-0.003921569
-0.003921569
-0.003921569
-0.003921569
-0.003921569
0.39607844
-0.21176471
-0.003921569
-0.003921569
-0.003921569
-0.003921569
-0.003921569
-0.003921569
-0.29411766
0.42745098
0.2
0.023529412
0.0
0.078431375
-0.19215687
0.101960786
0.14117648
0.16862746
0.101960786
0.0
0.0
0.0
0.0
0.0
0.0
0.019607844
0.003921569
0.050980393
0.05882353
0.07058824
0.07450981
0.07058824
0.06666667
0.0627451
0.06666667
0.07450981
0.078431375
0.08235294
0.3019608
0.3019608
0.3137255
0.47058824
-0.34117648
-0.03529412
-0.003921569
-0.003921569
-0.003921569
-0.1254902
-0.13333334
-0.101960786
-0.12941177
-0.21176471
-0.23921569
-0.20784314
-0.2627451
-0.3019608
-0.22745098
-0.09803922
-0.03137255
-0.07058824
-0.1882353
-0.25882354
-0.22745098
-0.15294118
-0.0627451
-0.003921569
-0.003921569
-0.003921569
-0.03137255
-0.003921569
-0.003921569
-0.14901961
-0.41568628
-0.47843137
-0.45490196
0.1254902
0.05490196
0.07058824
0.019607844
0.0
0.0
0.0
0.0
0.0
0.0
0.0
0.0
0.0
0.0
0.0
0.0
0.0
0.0
0.0
0.0
0.0
0.0
0.0
0.0
0.011764706
0.019607844
0.19607843
0.4745098
-0.27058825
-0.078431375
-0.003921569
-0.003921569
-0.3372549
0.40392157
0.23529412
0.09803922
0.050980393
0.015686275
0.015686275
0.011764706
0.09803922
0.09803922
0.08235294
0.14901961
0.12941177
0.11764706
0.011764706
0.0
0.03137255
0.05490196
0.08627451
0.13725491
0.15294118
0.16862746
0.15686275
0.050980393
0.047058824
0.023529412
0.41960785
0.41960785
0.0627451
0.20392157
0.25490198
0.40392157
0.0
0.18039216
0.11372549
0.32941177
-0.3882353
-0.22352941
-0.43137255
0.27450982
-0.40392157
-0.07058824
-0.003921569
-0.003921569
-0.003921569
-0.003921569
-0.003921569
-0.08627451
-0.003921569
-0.003921569
-0.003921569
-0.003921569
-0.003921569
0.42352942
-0.29411766
-0.003921569
-0.003921569
-0.003921569
-0.003921569
-0.003921569
-0.34509805
-0.49411765
0.2627451
0.09803922
0.11764706
0.015686275
0.015686275
0.015686275
0.03529412
0.03137255
0.015686275
0.0
0.0
0.0
0.007843138
0.007843138
0.050980393
0.105882354
0.07450981
0.05882353
0.015686275
0.011764706
0.02745098
0.023529412
0.043137256
0.039215688
0.023529412
0.03137255
0.019607844
0.0
0.0
0.0
0.0
0.0
0.14901961
0.46666667
-0.3647059
-0.33333334
-0.3372549
-0.3764706
-0.4392157
-0.4745098
-0.5019608
-0.47843137
-0.37254903
-0.22352941
-0.25882354
-0.4392157
-0.47058824
-0.40784314
-0.3019608
-0.20784314
-0.1882353
-0.26666668
-0.32941177
-0.28627452
-0.21960784
-0.17254902
-0.11764706
-0.07058824
-0.003921569
-0.003921569
-0.003921569
-0.043137256
-0.08627451
-0.25882354
-0.49411765
-0.44705883
0.12156863
0.07450981
0.07450981
0.019607844
0.0
0.0
0.0
0.0
0.0
0.0
0.0
0.0
0.0
0.0
0.0
0.0
0.0
0.0
0.0
0.0
0.0
0.0
0.0
0.0
0.0
0.03137255
0.23529412
-0.46666667
-0.16470589
-0.003921569
-0.003921569
-0.003921569
-0.18039216
-0.3647059
0.45490196
0.23529412
0.08627451
0.0627451
0.03137255
0.011764706
0.09411765
0.047058824
0.14901961
0.101960786
0.05882353
0.039215688
0.09411765
0.06666667
0.03529412
0.08235294
0.047058824
0.15294118
0.16470589
0.18431373
0.19215687
0.011764706
0.02745098
0.023529412
0.41960785
0.41960785
0.09019608
0.1882353
0.3019608
0.20392157
0.105882354
0.15294118
0.2509804
0.32941177
-0.41960785
-0.20392157
-0.30980393
0.4
-0.31764707
-0.003921569
-0.003921569
-0.003921569
-0.003921569
-0.003921569
-0.003921569
-0.05882353
-0.003921569
-0.003921569
-0.003921569
-0.003921569
-0.003921569
0.4627451
-0.2784314
-0.003921569
-0.003921569
-0.003921569
-0.1882353
-0.48235294
0.30588236
0.105882354
0.023529412
0.003921569
0.043137256
0.078431375
0.0
0.0
0.003921569
0.0
0.0
0.0
0.0
0.019607844
0.023529412
0.023529412
0.039215688
0.05882353
0.039215688
0.08235294
0.07058824
0.015686275
0.039215688
0.101960786
0.11372549
0.14901961
0.015686275
0.050980393
0.02745098
0.003921569
0.003921569
0.0
0.0
0.0
0.0
0.07058824
0.07058824
0.09019608
0.0
0.0
0.3254902
0.011764706
0.0627451
0.3254902
0.3529412
-0.44705883
-0.4745098
0.39215687
0.40784314
0.44705883
-0.48235294
-0.40784314
-0.37254903
-0.38039216
-0.34509805
-0.2784314
-0.26666668
-0.25882354
-0.1882353
-0.1254902
-0.003921569
-0.003921569
-0.07450981
-0.039215688
-0.003921569
-0.26666668
0.49411765
-0.44705883
0.14901961
0.09019608
0.047058824
0.019607844
0.039215688
0.0
0.0
0.0
0.0
0.0
0.0
0.0
0.0
0.0
0.0
0.0
0.0
0.0
0.0
0.0
0.0
0.0
0.0
0.0
0.0
0.02745098
0.19607843
0.4862745
-0.20784314
-0.02745098
-0.003921569
-0.019607844
-0.11764706
-0.2509804
-0.44313726
0.34117648
0.19607843
0.14901961
0.05490196
0.03137255
0.02745098
0.03137255
0.105882354
0.15294118
0.03529412
0.015686275
0.08627451
0.09803922
0.043137256
0.03137255
0.015686275
0.09803922
0.0
0.101960786
0.12156863
0.0
0.007843138
0.047058824
0.15686275
0.23529412
0.22745098
0.23137255
0.3529412
0.003921569
0.25882354
0.25882354
0.30980393
0.42745098
-0.39215687
-0.15686275
-0.20784314
-0.42352942
0.49411765
-0.003921569
-0.003921569
-0.003921569
-0.003921569
-0.003921569
-0.003921569
-0.14509805
-0.003921569
-0.003921569
-0.003921569
-0.003921569
-0.003921569
0.4745098
-0.47843137
-0.003921569
-0.07450981
-0.4117647
0.46666667
0.20784314
0.12156863
0.019607844
0.0
0.0
0.0
0.0
0.0
0.0
0.0
0.0
0.0
0.0
0.0
0.0
0.0
0.039215688
0.039215688
0.023529412
0.14117648
0.18039216
0.16470589
0.19215687
0.21568628
0.019607844
0.28627452
0.23921569
0.11764706
0.08627451
0.05490196
0.03137255
0.02745098
0.019607844
0.007843138
0.003921569
0.003921569
0.003921569
0.003921569
0.039215688
0.078431375
0.105882354
0.101960786
0.12156863
0.101960786
0.0627451
0.050980393
0.047058824
0.09019608
-0.007843138
-0.007843138
0.3254902
0.39215687
0.48235294
-0.49019608
-0.49803922
-0.39607844
-0.30588236
-0.35686275
-0.34901962
-0.2784314
-0.1764706
-0.003921569
-0.003921569
-0.14901961
-0.09803922
-0.14509805
-0.4509804
0.49019608
0.38039216
0.21176471
0.09019608
0.047058824
0.011764706
0.043137256
0.0
0.0
0.0
0.0
0.0
0.0
0.0
0.0
0.0
0.0
0.0
0.0
0.0
0.0
0.0
0.0
0.0
0.0
0.0
0.0
0.015686275
0.16078432
0.39215687
-0.34117648
-0.14901961
-0.05882353
-0.14509805
-0.15294118
-0.2509804
-0.41568628
0.46666667
0.42352942
-0.35686275
-0.35686275
0.039215688
0.08235294
0.08627451
0.05490196
0.03529412
0.09411765
0.050980393
0.101960786
0.09019608
0.043137256
0.039215688
0.023529412
0.050980393
0.019607844
0.0627451
0.043137256
0.03529412
0.019607844
0.0627451
0.3137255
0.3137255
0.3137255
0.3019608
0.30588236
0.003921569
0.3372549
0.34901962
0.40392157
-0.44313726
-0.30588236
-0.18039216
-0.25882354
0.0
0.05490196
-0.13333334
-0.003921569
-0.003921569
-0.003921569
-0.003921569
-0.19215687
-0.3254902
-0.003921569
-0.003921569
-0.003921569
-0.003921569
-0.003921569
-0.49803922
0.08235294
-0.38431373
-0.3529412
0.3647059
0.24313726
0.09019608
0.0
0.0
0.0
0.0
0.0
0.0
0.0
0.0
0.0
0.0
0.0
0.0
0.0
0.0
0.0
0.0
0.039215688
0.039215688
0.09803922
0.1882353
0.2901961
0.32156864
0.30980393
0.3019608
0.03137255
0.3019608
0.24705882
0.23137255
0.06666667
0.047058824
0.05882353
0.047058824
0.03529412
0.02745098
0.023529412
0.023529412
0.019607844
0.1254902
0.20392157
0.25882354
0.30980393
0.34509805
0.3647059
0.2509804
0.24313726
0.23921569
0.07450981
0.05490196
0.07058824
0.21176471
0.29411766
0.36862746
0.40784314
0.42745098
-0.5019608
-0.41960785
-0.4
-0.40392157
-0.35686275
-0.24705882
-0.23137255
-0.16078432
-0.18039216
-0.26666668
-0.40392157
0.4627451
0.42745098
0.25882354
0.16470589
0.05882353
0.03137255
0.0
0.0
0.0
0.0
0.0
0.0
0.0
0.0
0.0
0.0
0.0
0.0
0.0
0.0
0.0
0.0
0.0
0.0
0.0
0.0
0.0
0.0
0.007843138
0.12156863
-0.40392157
-0.43137255
-0.1254902
-0.003921569
-0.019607844
-0.011764706
-0.0627451
-0.18431373
-0.29411766
-0.36862746
0.4509804
-0.35686275
0.047058824
0.09411765
0.14509805
0.043137256
0.050980393
0.15686275
0.050980393
0.003921569
0.08627451
0.03137255
0.015686275
0.03529412
0.0
0.03529412
0.078431375
0.13333334
0.105882354
0.2784314
0.0
0.03529412
0.3137255
0.3137255
0.3372549
0.3372549
0.003921569
0.36078432
0.43529412
0.39215687
-0.38039216
-0.3019608
-0.25490198
-0.40784314
0.09411765
0.25490198
-0.08235294
-0.003921569
-0.003921569
-0.003921569
-0.003921569
-0.42745098
-0.42352942
-0.003921569
-0.003921569
-0.003921569
-0.003921569
-0.003921569
0.49019608
0.09803922
0.33333334
0.40784314
0.20784314
0.07058824
0.015686275
0.0
0.0
0.0
0.0
0.0
0.0
0.11372549
0.019607844
0.0
0.0
0.0
0.003921569
0.0
0.0
0.0
0.0
0.0
0.043137256
0.043137256
0.078431375
0.039215688
0.30980393
0.34901962
0.3529412
0.3647059
0.29803923
0.30980393
0.21568628
0.07450981
0.05882353
0.078431375
0.07058824
0.06666667
0.05882353
0.050980393
0.050980393
0.043137256
0.101960786
0.11764706
0.07450981
0.24705882
0.35686275
0.36078432
0.3647059
0.39607844
0.41568628
0.34509805
0.27058825
0.039215688
0.015686275
0.105882354
0.07058824
0.31764707
0.37254903
0.39607844
0.44705883
-0.5019608
-0.5019608
-0.47058824
-0.4
-0.44313726
-0.32941177
-0.2784314
-0.40784314
0.47843137
0.36078432
0.29411766
0.12941177
0.078431375
0.03529412
0.007843138
0.0
0.0
0.0
0.0
0.0
0.0
0.0
0.0
0.0
0.0
0.0
0.0
0.0
0.0
0.0
0.0
0.0
0.0
0.0
0.0
0.0
0.0
0.007843138
-0.4509804
0.2627451
-0.45882353
-0.14117648
-0.003921569
-0.003921569
-0.003921569
-0.003921569
-0.003921569
-0.003921569
-0.14117648
-0.42352942
0.3137255
0.047058824
0.09803922
0.14117648
0.105882354
0.007843138
0.050980393
0.06666667
0.09019608
0.0
0.0
0.007843138
0.05490196
0.0
0.07450981
0.15294118
0.1254902
0.2784314
0.2784314
0.0
0.039215688
0.03529412
0.39607844
0.39607844
0.3372549
0.003921569
0.3019608
0.40784314
0.3372549
-0.44705883
-0.3137255
-0.31764707
-0.4862745
0.2509804
-0.4745098
-0.003921569
-0.003921569
-0.003921569
-0.003921569
-0.003921569
-0.49019608
-0.33333334
-0.003921569
-0.003921569
-0.003921569
-0.003921569
-0.03529412
0.43529412
0.09803922
0.21960784
0.23921569
0.09411765
0.019607844
0.07058824
0.003921569
0.0
0.007843138
0.0
0.0
0.0
0.003921569
0.007843138
0.0
0.0
0.0
0.011764706
0.003921569
0.0
0.0
0.0
0.0
0.003921569
0.03529412
0.02745098
0.12156863
0.3372549
0.36862746
0.37254903
0.39607844
0.41568628
0.37254903
0.27058825
0.15686275
0.09411765
0.08627451
0.08235294
0.08235294
0.08235294
0.078431375
0.07058824
0.07058824
0.06666667
0.05490196
0.039215688
0.02745098
0.07450981
0.25490198
0.4117647
0.38039216
0.37254903
0.20784314
0.35686275
0.22745098
0.015686275
0.050980393
0.11372549
0.15686275
0.15686275
0.19607843
0.30588236
0.35686275
0.34117648
0.37254903
0.39215687
0.33333334
0.43137255
0.49411765
0.42745098
0.36862746
0.21176471
0.14117648
0.06666667
0.047058824
0.023529412
0.003921569
0.0
0.0
0.0
0.0
0.0
0.0
0.0
0.0
0.0
0.0
0.0
0.0
0.0
0.0
0.0
0.0
0.0
0.0
0.0
0.0
0.0
0.0
0.019607844
0.05490196
0.31764707
-0.49803922
-0.2901961
-0.003921569
-0.003921569
-0.003921569
-0.003921569
-0.003921569
-0.003921569
-0.003921569
-0.30588236
0.42745098
0.1254902
0.06666667
0.0627451
0.09019608
0.050980393
0.05490196
0.050980393
0.11764706
0.09411765
0.050980393
0.07058824
0.14117648
0.0
0.09803922
0.12941177
0.11372549
0.101960786
0.0
0.03529412
0.003921569
0.16862746
0.39607844
0.39607844
0.0
0.003921569
0.23529412
0.34901962
0.3647059
0.49019608
-0.4117647
-0.42745098
-0.5019608
0.23921569
-0.2901961
-0.003921569
-0.003921569
-0.003921569
-0.003921569
-0.003921569
0.46666667
-0.11764706
-0.003921569
-0.003921569
-0.003921569
-0.003921569
-0.003921569
-0.44705883
0.015686275
0.1254902
0.0
0.0
0.0
0.0
0.0
0.0
0.0
0.0
0.0
0.0
0.0
0.13725491
0.20392157
0.13333334
0.03137255
0.019607844
0.015686275
0.003921569
0.023529412
0.023529412
0.023529412
0.007843138
0.003921569
0.14901961
0.12941177
0.3254902
0.3647059
0.38039216
0.46666667
-0.42745098
0.03529412
0.39607844
0.27450982
0.03529412
0.07450981
0.03137255
0.015686275
0.07450981
0.09019608
0.08627451
0.08627451
0.08627451
0.08235294
0.019607844
0.13333334
0.25490198
0.003921569
0.28627452
0.003921569
0.20392157
0.3254902
0.30980393
0.2627451
0.02745098
0.05490196
0.15294118
0.14509805
0.09019608
0.09019608
0.15294118
0.14117648
0.14901961
0.20392157
0.21176471
0.1764706
0.20784314
-0.44705883
-0.44705883
-0.44705883
0.105882354
0.07450981
0.043137256
0.03137255
0.015686275
0.003921569
0.0
0.0
0.0
0.0
0.0
0.0
0.0
0.0
0.0
0.0
0.0
0.0
0.0
0.0
0.0
0.0
0.0
0.0
0.0
0.0
0.0
0.0
0.015686275
0.05490196
0.05490196
0.41568628
-0.4392157
-0.03529412
-0.003921569
-0.003921569
-0.003921569
-0.003921569
-0.003921569
-0.003921569
-0.13725491
-0.48235294
0.23529412
0.09803922
0.078431375
0.0627451
0.0
0.011764706
0.011764706
0.07450981
0.22352941
0.21960784
0.1764706
0.0627451
0.0
0.101960786
0.07058824
0.11372549
0.07058824
0.003921569
0.12156863
0.14901961
0.28235295
0.007843138
0.2627451
0.003921569
0.007843138
0.14901961
-0.34509805
0.36862746
0.015686275
-0.4627451
-0.45882353
0.49019608
0.23529412
-0.2509804
-0.003921569
-0.003921569
-0.003921569
-0.003921569
-0.13333334
-0.4
-0.16078432
-0.003921569
-0.003921569
-0.003921569
-0.003921569
-0.05490196
0.47843137
0.0
0.0
0.0
0.0
0.0
0.0
0.07450981
0.07058824
0.07058824
0.05490196
0.003921569
0.05490196
0.13333334
0.019607844
0.31764707
0.27058825
0.12941177
0.047058824
0.03137255
0.023529412
0.023529412
0.023529412
0.023529412
0.043137256
0.015686275
0.19215687
0.21960784
0.3254902
0.13725491
0.20784314
0.4862745
0.30588236
0.3137255
0.28627452
0.30588236
0.16862746
0.09019608
0.0627451
0.08627451
0.03137255
0.078431375
0.023529412
0.0627451
0.043137256
0.07450981
0.11372549
0.03137255
0.039215688
0.06666667
0.011764706
0.05882353
0.21960784
0.3372549
0.2784314
0.25490198
0.18039216
0.06666667
0.18039216
0.17254902
0.13333334
0.09019608
0.07058824
0.03137255
0.02745098
0.05490196
0.019607844
0.21176471
0.14509805
0.09411765
0.0627451
0.047058824
0.05882353
0.050980393
0.03529412
0.02745098
0.0
0.007843138
0.003921569
0.0
0.003921569
0.003921569
0.003921569
0.0
0.0
0.0
0.0
0.0
0.0
0.0
0.0
0.0
0.0
0.0
0.0
0.0
0.0
0.0
0.0
0.0
0.003921569
0.02745098
0.16470589
0.32156864
-0.46666667
-0.06666667
-0.003921569
-0.003921569
-0.003921569
-0.003921569
-0.003921569
-0.003921569
-0.08235294
-0.38431373
0.28627452
0.16470589
0.14509805
0.101960786
0.08627451
0.043137256
0.02745098
0.21568628
0.3254902
0.32941177
0.34509805
0.09019608
0.09019608
0.10980392
0.05882353
0.003921569
0.1882353
0.16862746
0.2784314
0.34509805
0.3529412
0.1882353
0.14901961
-0.34509805
-0.34509805
0.41568628
-0.4392157
-0.34509805
-0.4117647
-0.44705883
-0.3647059
0.4745098
0.27450982
-0.22352941
-0.003921569
-0.003921569
-0.003921569
-0.101960786
-0.003921569
-0.19215687
-0.47058824
-0.003921569
-0.003921569
-0.003921569
-0.10980392
-0.45882353
0.0
0.0
0.0
0.0
0.019607844
0.011764706
0.011764706
0.29411766
0.11372549
0.023529412
0.019607844
0.0
0.007843138
0.011764706
0.20392157
0.023529412
0.39607844
0.21568628
0.10980392
0.043137256
0.023529412
0.023529412
0.023529412
0.0
0.03137255
0.03529412
0.03529412
0.27058825
0.3254902
0.3137255
0.3647059
0.4
0.4509804
0.043137256
0.46666667
0.3019608
0.29411766
0.1254902
0.12156863
0.16078432
0.11372549
0.09019608
0.043137256
0.08627451
0.078431375
0.0
0.039215688
0.13333334
0.043137256
0.07058824
0.12156863
0.19607843
0.27450982
0.25490198
0.25882354
0.25882354
0.08627451
0.0
0.023529412
0.10980392
0.09411765
0.05490196
0.0
0.0
0.0
0.0
0.023529412
0.0627451
0.06666667
0.05490196
0.03137255
0.03137255
0.05490196
0.047058824
0.015686275
0.015686275
0.011764706
0.019607844
0.007843138
0.003921569
0.011764706
0.011764706
0.011764706
0.007843138
0.003921569
0.0
0.0
0.0
0.0
0.0
0.0
0.0
0.0
0.0
0.0
0.0
0.0
0.0
0.0
0.0
0.0
0.011764706
0.05490196
0.05490196
0.40392157
-0.20784314
-0.003921569
-0.003921569
-0.003921569
-0.003921569
-0.003921569
0.09803922
-0.24313726
0.49411765
0.05490196
0.047058824
0.15294118
0.14901961
0.15686275
0.11764706
0.12156863
0.21960784
0.34509805
0.32941177
0.34117648
0.4745098
0.3647059
0.43529412
0.30588236
0.09019608
0.45882353
0.35686275
0.3764706
0.45882353
-0.49019608
-0.42745098
-0.48235294
0.29803923
0.49411765
-0.48235294
-0.40392157
-0.4509804
-0.42352942
0.49019608
-0.3254902
0.4745098
0.23137255
-0.21960784
-0.003921569
-0.003921569
-0.003921569
-0.003921569
-0.003921569
-0.21176471
-0.4509804
-0.3764706
-0.20392157
-0.23921569
0.49019608
0.0
0.0
0.0
0.09019608
0.0627451
0.0
0.019607844
0.039215688
0.15294118
0.09411765
0.07058824
0.007843138
0.0
0.09803922
0.105882354
0.011764706
0.28235295
0.25490198
0.23921569
0.2784314
0.09411765
0.023529412
0.023529412
0.023529412
0.007843138
0.03137255
0.03137255
0.03137255
0.3254902
0.2627451
0.30588236
0.35686275
0.39607844
0.4509804
0.043137256
0.46666667
0.043137256
0.28627452
0.09803922
0.050980393
0.06666667
0.023529412
0.0
0.11764706
0.25882354
0.09411765
0.0627451
0.1882353
0.22352941
0.23137255
0.29803923
0.31764707
0.24313726
0.19215687
0.2901961
0.3647059
0.33333334
0.27058825
0.043137256
0.019607844
0.02745098
0.003921569
0.007843138
0.003921569
0.0
0.0
0.0
0.0
0.0
0.007843138
0.0
0.019607844
0.03529412
0.043137256
0.015686275
0.015686275
0.007843138
0.007843138
0.011764706
0.007843138
0.007843138
0.015686275
0.015686275
0.015686275
0.011764706
0.003921569
0.0
0.0
0.0
0.0
0.0
0.0
0.0
0.0
0.0
0.0
0.0
0.0
0.0
0.0
0.0
0.0
0.003921569
0.023529412
0.078431375
0.21568628
0.47843137
-0.3372549
-0.20784314
-0.105882354
-0.08627451
-0.011764706
-0.14901961
-0.4627451
0.3137255
0.16078432
0.039215688
0.015686275
0.101960786
0.18039216
0.17254902
0.21176471
0.18039216
0.3764706
0.41568628
0.3019608
-0.39607844
-0.2627451
-0.14117648
-0.3137255
-0.45490196
-0.25882354
-0.35686275
-0.39215687
-0.4392157
-0.36078432
-0.2784314
-0.1882353
-0.24313726
-0.41568628
-0.49411765
0.4117647
0.41568628
-0.45882353
0.48235294
-0.4392157
0.4117647
0.09803922
-0.2784314
-0.003921569
-0.003921569
-0.003921569
-0.003921569
-0.003921569
-0.38431373
-0.31764707
-0.34509805
0.4627451
0.3647059
0.0
0.0
0.0
0.09019608
0.11372549
0.05882353
0.0
0.023529412
0.011764706
0.14509805
0.17254902
0.21960784
0.07058824
0.0
0.03529412
0.20784314
0.12941177
0.21176471
0.16078432
0.21960784
0.2784314
0.14509805
0.15294118
0.07058824
0.003921569
0.003921569
0.03137255
0.03137255
0.03137255
0.03529412
0.3529412
0.3529412
0.34117648
0.3764706
0.30588236
0.31764707
0.34117648
0.30588236
0.20784314
0.26666668
0.21960784
0.34509805
0.078431375
0.039215688
0.101960786
0.25882354
0.25490198
0.18039216
0.2509804
0.3372549
0.29803923
0.2627451
0.30980393
0.29411766
0.2627451
0.27450982
0.32156864
0.3137255
0.2901961
0.21568628
0.0
0.019607844
0.043137256
0.02745098
0.015686275
0.007843138
0.003921569
0.003921569
0.003921569
0.003921569
0.0
0.0
0.003921569
0.0
0.0
0.0
0.007843138
0.003921569
0.003921569
0.003921569
0.003921569
0.003921569
0.011764706
0.015686275
0.015686275
0.011764706
0.007843138
0.0
0.0
0.0
0.0
0.0
0.0
0.0
0.0
0.0
0.0
0.0
0.0
0.0
0.0
0.0
0.0
0.003921569
0.02745098
0.06666667
0.14117648
0.2784314
0.41960785
-0.3764706
-0.09019608
-0.011764706
-0.047058824
-0.23529412
0.4627451
0.2784314
0.21568628
0.078431375
0.13333334
0.11764706
0.18039216
0.22352941
0.23921569
0.3019608
0.38039216
0.16470589
0.3372549
-0.35686275
-0.003921569
-0.003921569
-0.003921569
-0.05882353
-0.003921569
-0.003921569
-0.105882354
-0.3882353
-0.44313726
-0.38431373
-0.14901961
-0.18431373
-0.4627451
0.35686275
0.2627451
0.09411765
0.007843138
0.09803922
0.29803923
0.06666667
0.039215688
-0.13725491
-0.003921569
-0.003921569
-0.003921569
-0.003921569
-0.06666667
-0.40784314
-0.49019608
-0.4
0.0
0.0
0.0
0.039215688
0.0627451
0.1254902
0.078431375
0.050980393
0.003921569
0.03137255
0.0
0.06666667
0.2901961
0.21568628
0.1764706
0.24313726
0.07450981
0.2627451
0.3137255
0.27058825
0.25490198
0.26666668
0.22352941
0.02745098
0.23529412
0.07450981
0.0627451
0.007843138
0.015686275
0.023529412
0.20784314
0.03529412
0.3529412
0.3529412
0.43137255
0.31764707
0.31764707
0.33333334
0.3882353
0.043137256
0.34509805
0.34509805
0.34509805
0.34509805
0.22745098
0.13333334
0.19607843
0.3019608
0.10980392
0.14117648
0.23529412
0.30980393
0.30588236
0.3764706
0.3764706
0.3254902
0.38431373
0.31764707
0.3137255
0.36078432
0.3137255
0.23529412
0.07058824
0.11372549
0.06666667
0.05490196
0.043137256
0.02745098
0.019607844
0.015686275
0.019607844
0.015686275
0.003921569
0.0
0.0
0.0
0.0
0.0
0.0
0.0
0.0
0.0
0.0
0.003921569
0.007843138
0.011764706
0.011764706
0.007843138
0.003921569
0.0
0.0
0.0
0.0
0.0
0.0
0.0
0.0
0.0
0.0
0.0
0.0
0.0
0.0
0.0
0.011764706
0.0
0.02745098
0.08627451
0.17254902
0.24705882
0.31764707
0.4509804
-0.3254902
-0.16078432
-0.09803922
-0.19215687
-0.4
0.39215687
0.28627452
0.16862746
0.19215687
0.1764706
0.18039216
0.18431373
0.21568628
0.0
0.15686275
0.3882353
0.4509804
-0.28627452
-0.003921569
-0.003921569
-0.003921569
-0.003921569
-0.003921569
-0.003921569
-0.003921569
-0.3764706
0.49411765
-0.3137255
0.08235294
-0.27450982
-0.49803922
0.27058825
0.31764707
0.34509805
0.3647059
0.42352942
0.3372549
0.36078432
-0.4117647
-0.09803922
-0.003921569
-0.003921569
-0.003921569
-0.12941177
-0.16470589
-0.36078432
0.3019608
0.0
0.0
0.0
0.0
0.007843138
0.007843138
0.003921569
0.050980393
0.047058824
0.0
0.0
0.050980393
0.0
0.21568628
0.050980393
0.21568628
0.16470589
0.050980393
0.36078432
-0.42352942
-0.3882353
0.4117647
0.20784314
0.3529412
0.4117647
0.35686275
0.14509805
0.06666667
0.09411765
0.011764706
0.023529412
0.08627451
0.03529412
0.21960784
0.37254903
0.2627451
0.3137255
0.3529412
0.3882353
0.35686275
0.043137256
0.31764707
0.46666667
0.34509805
0.34509805
0.34509805
0.22352941
0.22745098
0.29411766
0.09019608
0.13333334
0.25490198
0.34901962
0.36078432
0.36862746
0.34509805
0.3137255
0.29803923
0.2784314
0.30980393
0.31764707
0.0
0.14509805
0.07058824
0.078431375
0.08627451
0.08235294
0.07058824
0.05882353
0.050980393
0.043137256
0.039215688
0.02745098
0.015686275
0.007843138
0.0
0.0
0.0
0.0
0.0
0.0
0.0
0.0
0.0
0.0
0.003921569
0.003921569
0.003921569
0.003921569
0.0
0.0
0.0
0.0
0.0
0.0
0.0
0.0
0.0
0.0
0.0
0.0
0.0
0.0
0.0
0.003921569
0.0
0.0
0.02745098
0.12156863
-0.26666668
0.38431373
0.44313726
0.4745098
0.49803922
-0.39607844
-0.20784314
-0.11764706
-0.20392157
-0.41960785
0.36078432
0.23529412
0.13725491
0.22745098
0.20392157
0.12941177
0.16470589
0.0
-0.49411765
0.41568628
0.49803922
-0.23921569
-0.08627451
-0.003921569
-0.003921569
-0.003921569
-0.003921569
-0.003921569
-0.003921569
-0.3137255
-0.39215687
-0.14509805
-0.078431375
-0.3882353
0.40392157
0.2784314
0.3529412
-0.4627451
-0.43529412
-0.23137255
-0.14117648
-0.2
-0.28235295
-0.3372549
-0.36078432
-0.2784314
-0.1764706
-0.16470589
-0.27058825
0.44705883
0.1764706
0.0
0.0
0.011764706
0.0
0.0
0.003921569
0.003921569
0.03529412
0.08627451
0.05882353
0.0
0.050980393
0.0
0.16862746
0.25490198
0.38431373
0.49803922
-0.34901962
-0.07058824
-0.003921569
-0.003921569
-0.36078432
0.31764707
0.24705882
0.3019608
0.2627451
0.24705882
0.023529412
0.08235294
0.32156864
0.09803922
0.0627451
0.03529412
0.25882354
0.37254903
0.24705882
0.30980393
0.3254902
0.32941177
0.38039216
0.36078432
0.29803923
0.3529412
0.25882354
0.3529412
0.043137256
0.25490198
0.2509804
0.2627451
0.3137255
0.2901961
0.2627451
0.31764707
0.34901962
0.34509805
0.3764706
0.34117648
0.36078432
0.27450982
0.14901961
0.03137255
0.0
0.03137255
0.08235294
0.09019608
0.09803922
0.101960786
0.105882354
0.09411765
0.07058824
0.05490196
0.043137256
0.03529412
0.03137255
0.015686275
0.003921569
0.0
0.0
0.0
0.0
0.0
0.0
0.0
0.0
0.003921569
0.003921569
0.0
0.0
0.0
0.0
0.0
0.0
0.0
0.0
0.0
0.0
0.0
0.0
0.0
0.0
0.0
0.0
0.039215688
0.050980393
0.007843138
0.043137256
0.011764706
0.039215688
0.17254902
0.40392157
-0.3764706
-0.24705882
-0.24705882
-0.3372549
-0.3372549
-0.22745098
-0.20784314
-0.23137255
-0.34509805
0.40784314
0.21176471
0.09019608
0.15294118
0.15294118
0.21176471
0.101960786
0.09803922
0.19607843
0.3764706
0.43529412
-0.4117647
-0.22745098
-0.08235294
-0.003921569
-0.003921569
-0.003921569
-0.12156863
-0.26666668
-0.33333334
-0.3019608
-0.16862746
-0.06666667
-0.3254902
0.46666667
0.3647059
0.39215687
-0.46666667
-0.3254902
-0.02745098
-0.003921569
-0.003921569
-0.17254902
0.42352942
0.34117648
-0.49411765
0.45882353
0.45882353
0.38431373
0.0
0.0
0.0
0.039215688
0.0
0.019607844
0.023529412
0.24313726
0.21960784
0.0
0.015686275
0.07058824
0.003921569
0.05490196
0.0
0.16470589
0.37254903
-0.3529412
-0.03137255
-0.003921569
-0.003921569
-0.003921569
-0.003921569
-0.39607844
0.33333334
0.043137256
0.27058825
0.07058824
0.09411765
0.06666667
0.16078432
0.32156864
0.25882354
0.078431375
0.22352941
0.28235295
0.2627451
0.14509805
0.2901961
0.2627451
0.3254902
0.44313726
0.39215687
0.3254902
0.06666667
0.23137255
0.05882353
0.15686275
0.3254902
0.32156864
0.3254902
0.28627452
0.2784314
0.2901961
0.3372549
0.3764706
0.3764706
0.28627452
0.28627452
0.13333334
0.09411765
0.08235294
0.039215688
0.047058824
0.07450981
0.08627451
0.0
0.03137255
0.12156863
0.12941177
0.105882354
0.06666667
0.043137256
0.039215688
0.039215688
0.03529412
0.023529412
0.007843138
0.0
0.003921569
0.003921569
0.0
0.0
0.0
0.0
0.0
0.0
0.0
0.0
0.0
0.0
0.0
0.0
0.0
0.0
0.0
0.0
0.0
0.0
0.0
0.0
0.0
0.0
0.0
0.011764706
0.101960786
0.07058824
0.07058824
0.05882353
0.08627451
-0.40784314
-0.47843137
-0.1882353
-0.003921569
-0.003921569
-0.10980392
-0.13333334
-0.1882353
-0.36862746
-0.41568628
-0.44705883
0.34901962
0.14117648
0.050980393
0.0627451
0.101960786
0.19215687
0.1882353
0.19215687
0.22352941
0.36862746
0.34117648
0.4
-0.30980393
-0.09411765
-0.003921569
-0.003921569
-0.0627451
-0.21568628
-0.43529412
-0.46666667
-0.33333334
-0.1764706
-0.11764706
-0.18039216
-0.2784314
-0.37254903
-0.42352942
-0.34117648
-0.13725491
-0.003921569
-0.003921569
-0.003921569
-0.003921569
0.40392157
0.007843138
0.33333334
0.27058825
0.19607843
0.1254902
0.0
0.0
0.17254902
0.0
0.023529412
0.0
0.24705882
0.31764707
0.3137255
0.16078432
0.011764706
0.13725491
0.078431375
0.03529412
0.0
0.14901961
0.42745098
-0.2784314
-0.003921569
-0.003921569
-0.1882353
-0.02745098
-0.015686275
-0.42745098
0.18039216
0.0
0.12941177
0.1764706
0.023529412
0.09411765
0.14901961
0.32156864
0.3019608
0.1254902
0.09411765
0.29803923
0.32941177
0.30588236
0.34509805
0.36078432
0.3764706
0.40784314
0.33333334
0.13725491
0.2
0.19215687
0.0627451
0.22745098
0.28627452
0.3529412
0.37254903
0.34901962
0.20784314
0.3372549
0.3372549
0.23529412
0.3529412
0.3647059
0.2509804
0.13333334
0.13333334
0.0
0.003921569
0.015686275
0.023529412
0.0
0.011764706
0.039215688
0.11372549
0.11764706
0.09803922
0.07058824
0.05490196
0.050980393
0.047058824
0.039215688
0.02745098
0.015686275
0.007843138
0.007843138
0.011764706
0.003921569
0.0
0.0
0.0
0.0
0.0
0.0
0.0
0.0
0.0
0.0
0.0
0.0
0.0
0.0
0.0
0.0
0.0
0.0
0.0
0.0
0.0
0.0
0.039215688
0.039215688
0.023529412
0.05882353
0.09019608
0.13333334
0.30980393
-0.44313726
-0.17254902
-0.003921569
-0.003921569
-0.0627451
-0.078431375
-0.09803922
-0.27450982
0.49803922
0.3372549
0.2784314
0.16078432
0.09411765
0.023529412
0.101960786
0.0
0.19607843
0.22352941
0.3254902
0.40784314
0.23921569
0.23137255
-0.44313726
-0.19607843
-0.003921569
-0.17254902
-0.13725491
-0.21568628
-0.43137255
-0.4862745
-0.36078432
-0.20784314
-0.13725491
-0.14509805
-0.1882353
-0.17254902
-0.101960786
-0.003921569
-0.003921569
-0.003921569
-0.003921569
-0.003921569
-0.003921569
-0.47058824
0.007843138
0.25882354
0.13333334
0.07058824
0.0
0.0
0.003921569
0.0
0.023529412
0.03529412
0.2509804
0.3647059
0.47058824
0.31764707
0.14509805
0.078431375
0.0627451
0.039215688
0.019607844
0.0
0.007843138
0.43529412
0.16862746
-0.07450981
-0.003921569
-0.38039216
-0.23137255
-0.1764706
-0.47843137
0.039215688
0.3137255
0.03137255
0.03137255
0.14509805
0.11372549
0.011764706
0.21568628
0.19215687
0.27058825
0.23529412
0.30588236
0.27450982
0.3137255
0.28235295
0.37254903
0.34901962
0.3529412
0.29411766
0.26666668
0.21960784
0.18431373
0.20392157
0.2901961
0.23921569
0.3372549
0.3647059
0.2784314
0.3372549
0.3372549
0.3372549
0.3372549
0.24705882
0.33333334
0.20392157
0.043137256
0.07450981
0.015686275
0.05882353
0.1254902
0.011764706
0.06666667
0.105882354
0.12156863
0.101960786
0.09411765
0.09411765
0.09411765
0.08235294
0.0627451
0.050980393
0.047058824
0.043137256
0.03529412
0.023529412
0.015686275
0.011764706
0.003921569
0.0
0.0
0.0
0.0
0.0
0.0
0.0
0.0
0.0
0.0
0.0
0.0
0.0
0.0
0.0
0.0
0.0
0.0
0.0
0.0
0.0
0.0
0.011764706
0.0
0.09019608
0.08235294
0.050980393
0.105882354
0.26666668
0.47058824
-0.34117648
-0.24705882
-0.23921569
-0.29803923
-0.3019608
-0.21960784
-0.32156864
0.35686275
0.14117648
0.12156863
0.17254902
0.17254902
0.05490196
0.105882354
0.05490196
0.11764706
0.23921569
0.3254902
0.40392157
0.23137255
0.10980392
0.3372549
-0.45490196
-0.25882354
-0.26666668
-0.23921569
-0.28627452
-0.38431373
-0.41960785
-0.35686275
-0.2627451
-0.2
-0.14901961
-0.09411765
-0.003921569
-0.003921569
-0.003921569
-0.003921569
-0.003921569
-0.003921569
-0.003921569
-0.05490196
-0.42745098
0.09803922
0.20392157
0.0
0.0
0.0
0.003921569
0.16470589
0.32156864
0.41568628
0.37254903
0.34509805
0.4509804
0.49411765
0.34509805
0.24705882
0.07450981
0.05490196
0.02745098
0.011764706
0.007843138
0.24313726
0.42745098
0.39607844
-0.003921569
-0.015686275
-0.47843137
0.45490196
-0.43137255
0.0
0.18039216
0.3137255
0.011764706
0.16470589
0.18431373
0.09019608
0.15294118
0.34901962
0.26666668
0.2784314
0.42352942
0.039215688
0.3647059
0.32941177
0.16862746
0.3137255
0.27058825
0.019607844
0.22745098
0.19607843
0.21568628
0.28627452
0.23137255
0.23529412
0.24313726
0.3254902
0.28627452
0.047058824
0.05490196
0.24313726
0.33333334
0.25882354
0.34509805
0.15294118
0.14117648
0.043137256
0.0
0.10980392
0.14901961
0.13725491
0.0
0.03137255
0.07058824
0.08627451
0.09411765
0.09019608
0.09411765
0.09803922
0.09019608
0.06666667
0.03529412
0.050980393
0.05490196
0.050980393
0.039215688
0.023529412
0.007843138
0.003921569
0.0
0.0
0.0
0.0
0.0
0.0
0.0
0.0
0.0
0.0
0.0
0.0
0.0
0.0
0.0
0.0
0.0
0.0
0.0
0.0
0.0
0.0
0.0
0.0
0.03137255
0.023529412
0.105882354
0.078431375
0.43137255
0.30980393
0.3647059
0.39215687
0.38039216
0.3764706
0.4
0.4745098
0.45882353
0.2627451
0.16862746
0.105882354
0.078431375
0.09019608
0.105882354
0.13725491
0.13725491
0.09411765
0.14509805
0.25490198
0.3254902
0.27058825
0.14901961
0.08235294
0.38039216
-0.42745098
-0.3529412
-0.4117647
-0.47058824
-0.45882353
-0.40784314
-0.35686275
-0.3019608
-0.21568628
-0.09019608
-0.003921569
-0.003921569
-0.003921569
-0.003921569
-0.003921569
-0.003921569
-0.003921569
-0.003921569
-0.23137255
0.42745098
0.23529412
0.14117648
0.0
0.0
0.003921569
0.16078432
0.30588236
0.3882353
0.4745098
0.3529412
0.36862746
0.43137255
-0.4862745
-0.4627451
0.3647059
0.09019608
0.039215688
0.015686275
0.003921569
0.09019608
0.20392157
0.45882353
-0.3372549
-0.3764706
-0.29411766
0.0
0.08627451
0.32156864
0.0
0.3137255
0.12156863
0.2901961
0.22352941
0.1254902
0.14117648
0.1764706
0.32941177
0.32156864
0.25490198
0.42352942
0.02745098
0.3764706
0.28235295
0.2627451
0.19215687
0.3137255
0.0
0.19607843
0.21568628
0.22352941
0.22352941
0.07058824
0.23921569
0.26666668
0.28627452
0.24705882
0.2
0.34509805
0.34509805
0.3137255
0.2
0.043137256
0.16862746
0.20392157
0.18431373
0.050980393
0.105882354
0.105882354
0.09019608
0.05490196
0.08235294
0.09019608
0.09411765
0.09019608
0.09019608
0.09019608
0.09803922
0.03529412
0.06666667
0.03529412
0.050980393
0.05882353
0.05490196
0.043137256
0.03137255
0.019607844
0.007843138
0.0
0.0
0.0
0.0
0.0
0.0
0.0
0.0
0.0
0.0
0.0
0.0
0.0
0.0
0.0
0.0
0.0
0.0
0.0
0.0
0.0
0.0
0.043137256
0.011764706
0.0
0.0
0.043137256
0.039215688
0.043137256
0.12941177
0.14901961
0.08235294
0.2784314
0.16862746
0.14509805
0.14509805
0.20784314
0.14117648
0.10980392
0.16862746
0.09803922
0.101960786
0.06666667
0.019607844
0.08627451
0.16470589
0.105882354
0.3019608
0.24313726
0.19215687
0.22352941
0.18039216
0.2627451
0.42352942
0.48235294
0.4392157
0.4117647
0.41960785
-0.4627451
-0.33333334
-0.1882353
-0.003921569
-0.003921569
-0.003921569
-0.003921569
-0.003921569
-0.003921569
-0.003921569
-0.003921569
-0.003921569
-0.003921569
-0.3882353
0.21960784
0.10980392
0.0
0.0
0.0
0.16078432
0.30980393
0.39215687
0.41568628
0.4
0.36078432
0.3254902
0.3137255
0.35686275
0.3529412
0.3647059
0.3647059
0.019607844
0.003921569
0.007843138
0.011764706
0.4509804
-0.42352942
-0.31764707
0.07058824
-0.5019608
0.007843138
0.31764707
0.3529412
0.03137255
0.0
0.2901961
0.02745098
0.13725491
0.0627451
0.16470589
0.0627451
0.20784314
0.16470589
0.29411766
0.34901962
0.02745098
0.2627451
0.17254902
0.3254902
0.02745098
0.29803923
0.043137256
0.14117648
0.101960786
0.22745098
0.2784314
0.21960784
0.23137255
0.23921569
0.20784314
0.26666668
0.1254902
0.03137255
0.12941177
0.24705882
0.09411765
0.039215688
0.050980393
0.12156863
0.07450981
0.101960786
0.07450981
0.09411765
0.09411765
0.08235294
0.08235294
0.08627451
0.3137255
0.08627451
0.08627451
0.09019608
0.09411765
0.03137255
0.023529412
0.039215688
0.050980393
0.05490196
0.050980393
0.043137256
0.03529412
0.02745098
0.011764706
0.003921569
0.0
0.0
0.0
0.0
0.0
0.0
0.0
0.0
0.0
0.0
0.0
0.0
0.0
0.0
0.0
0.0
0.0
0.0
0.0
0.0
0.0
0.011764706
0.0
0.0
0.0
0.003921569
0.023529412
0.08627451
0.15294118
0.16862746
0.4862745
0.13333334
0.35686275
0.4117647
-0.49411765
0.13333334
0.07450981
0.047058824
0.101960786
0.16078432
0.16862746
0.101960786
0.078431375
0.11764706
0.15686275
0.19215687
0.16078432
0.1764706
0.10980392
0.19215687
0.40392157
0.40392157
0.40392157
0.34509805
0.33333334
0.38039216
0.40784314
-0.44313726
-0.20784314
-0.003921569
-0.003921569
-0.003921569
-0.003921569
-0.003921569
-0.003921569
-0.003921569
-0.003921569
-0.003921569
-0.003921569
-0.003921569
-0.45490196
0.0
0.0
0.0
0.0
0.15294118
0.30980393
0.41568628
0.43137255
0.41568628
0.38039216
0.3254902
0.039215688
0.25490198
0.25882354
0.23921569
0.13725491
0.0
0.0
0.003921569
0.0
0.003921569
0.0
-0.41960785
-0.3764706
0.0
0.27450982
0.03137255
0.31764707
0.03137255
0.0
0.16470589
0.30588236
0.0
0.101960786
0.12941177
0.2509804
0.043137256
0.0
0.12941177
0.25882354
0.32941177
0.25490198
0.19607843
0.30588236
0.31764707
0.43529412
0.043137256
0.043137256
0.047058824
0.20392157
0.2784314
0.31764707
0.19607843
0.105882354
0.15686275
0.1254902
0.11372549
0.0
0.023529412
0.0627451
0.0
0.043137256
0.16862746
0.11764706
0.0
0.03529412
0.07450981
0.050980393
0.0
0.007843138
0.0
0.003921569
0.3137255
0.0
0.0
0.023529412
0.08627451
0.08627451
0.02745098
0.023529412
0.05490196
0.05490196
0.05490196
0.050980393
0.043137256
0.03529412
0.023529412
0.007843138
0.0
0.0
0.0
0.0
0.0
0.0
0.0
0.0
0.0
0.0
0.0
0.0
0.0
0.0
0.0
0.0
0.0
0.0
0.0
0.0
0.0
0.0
0.0
0.08627451
0.019607844
0.0
0.011764706
0.07058824
0.44705883
0.3372549
0.42352942
0.34117648
0.39607844
0.4509804
-0.49411765
0.3529412
0.34117648
0.15686275
0.16862746
0.023529412
0.043137256
0.12156863
0.18039216
0.14901961
0.08627451
0.1254902
0.0
0.047058824
0.19215687
0.16470589
-0.36862746
-0.36862746
-0.1254902
0.30588236
0.40392157
0.36862746
0.43137255
-0.43137255
-0.2509804
-0.003921569
-0.003921569
-0.003921569
-0.003921569
-0.003921569
-0.003921569
-0.003921569
-0.003921569
-0.003921569
-0.003921569
-0.003921569
-0.19607843
0.37254903
0.0
0.0
0.0
0.09411765
0.27450982
0.39607844
0.4509804
0.42352942
0.38039216
0.34117648
0.29803923
0.0
0.2784314
0.23529412
0.007843138
0.09019608
0.003921569
0.047058824
0.023529412
0.0
0.0
-0.2901961
-0.2901961
0.35686275
0.0
0.35686275
0.14509805
0.32156864
0.02745098
0.02745098
0.2901961
0.02745098
0.101960786
0.11764706
0.13333334
0.2509804
0.10980392
0.019607844
0.0
0.30588236
0.2627451
0.25490198
0.30588236
0.28627452
0.3137255
0.23921569
0.043137256
0.0
0.105882354
0.21176471
0.32156864
0.25882354
0.28235295
0.3019608
0.05490196
0.09411765
0.14509805
0.30980393
0.08627451
0.25490198
0.0627451
0.015686275
0.019607844
0.015686275
0.039215688
0.039215688
0.03137255
0.023529412
0.023529412
0.101960786
0.05882353
0.10980392
0.0
0.3137255
0.0
0.0
0.05490196
0.05490196
0.050980393
0.05882353
0.0627451
0.06666667
0.0627451
0.050980393
0.043137256
0.03529412
0.023529412
0.003921569
0.0
0.0
0.0
0.0
0.0
0.0
0.0
0.0
0.0
0.0
0.0
0.0
0.0
0.0
0.0
0.0
0.0
0.0
0.0
0.0
0.0
0.0
0.08627451
0.050980393
0.003921569
0.047058824
0.12941177
0.18431373
0.3647059
0.47058824
-0.49803922
-0.4392157
-0.3647059
-0.32156864
-0.3764706
-0.4745098
0.39607844
0.25490198
0.21960784
0.11372549
0.078431375
0.050980393
0.18431373
0.16862746
0.13725491
0.05882353
0.0
0.15294118
0.23921569
0.2901961
0.3137255
0.4745098
-0.45882353
-0.37254903
-0.34117648
-0.31764707
-0.29411766
-0.12941177
-0.015686275
-0.003921569
-0.003921569
-0.003921569
-0.003921569
-0.003921569
-0.003921569
-0.003921569
-0.003921569
-0.003921569
-0.003921569
-0.1882353
-0.43137255
0.27058825
0.0
0.0
0.039215688
0.2
0.003921569
0.003921569
0.039215688
0.38039216
0.34901962
0.32941177
0.3254902
0.35686275
0.3764706
0.015686275
0.1254902
0.18431373
0.12156863
0.0627451
0.0
0.0
0.0
0.078431375
0.10980392
0.14901961
0.21568628
0.31764707
0.31764707
0.007843138
0.02745098
0.02745098
0.02745098
0.02745098
0.023529412
0.2509804
0.2509804
0.2509804
0.15686275
0.03137255
0.0
0.32156864
0.31764707
0.20784314
0.25490198
0.27058825
0.043137256
0.34117648
0.2784314
0.02745098
0.02745098
0.16862746
0.24705882
0.21176471
0.22352941
0.20784314
0.2
0.1254902
0.30980393
0.30980393
0.30980393
0.32941177
0.32941177
0.14901961
0.14117648
0.1254902
0.20392157
0.2901961
0.23921569
0.21960784
0.08235294
0.2
0.20784314
0.22352941
0.3137255
0.3137255
0.09019608
0.1764706
0.06666667
0.039215688
0.12941177
0.10980392
0.050980393
0.08627451
0.06666667
0.043137256
0.03529412
0.02745098
0.03137255
0.007843138
0.003921569
0.0
0.0
0.0
0.0
0.0
0.0
0.0
0.0
0.0
0.0
0.0
0.0
0.0
0.0
0.0
0.0
0.0
0.0
0.0
0.0
0.0
0.06666667
0.05882353
0.007843138
0.019607844
0.0627451
0.1254902
0.32941177
0.44705883
0.48235294
-0.45490196
-0.36078432
-0.21176471
-0.2509804
-0.39607844
0.42745098
0.29411766
0.14117648
0.10980392
0.1254902
0.101960786
0.0
0.12156863
0.13333334
0.0627451
0.105882354
0.15294118
0.2784314
0.3764706
0.47058824
-0.34901962
-0.20392157
-0.06666667
-0.050980393
-0.003921569
-0.003921569
-0.003921569
-0.003921569
-0.003921569
-0.003921569
-0.003921569
-0.003921569
-0.003921569
-0.003921569
-0.003921569
-0.003921569
-0.003921569
-0.22352941
-0.39215687
0.41568628
0.20392157
0.0
0.0
0.09019608
0.23529412
0.09411765
0.003921569
0.49411765
0.31764707
0.0
0.0
0.0
0.44313726
0.43137255
0.2784314
0.06666667
0.039215688
0.023529412
0.007843138
0.0
0.0
0.0
0.0
0.003921569
0.007843138
0.38039216
0.31764707
0.0
0.015686275
0.2509804
0.02745098
0.02745098
0.21176471
0.023529412
0.2509804
0.2509804
0.19215687
0.10980392
0.14509805
0.0
0.15686275
0.21568628
0.20784314
0.3137255
0.33333334
0.42352942
0.34117648
0.3019608
0.02745098
0.02745098
0.1254902
0.15294118
0.13333334
0.1882353
0.21176471
0.30980393
0.22352941
0.3019608
0.3019608
0.32941177
0.32941177
0.24313726
0.29411766
0.21176471
0.2509804
0.21960784
0.12941177
0.24313726
0.30588236
0.16470589
0.05490196
0.011764706
0.22745098
0.3137255
0.3137255
0.3137255
0.21960784
0.2509804
0.15294118
0.06666667
0.0627451
0.03529412
0.105882354
0.09411765
0.14117648
0.10980392
0.03529412
0.03529412
0.015686275
0.0
0.0
0.0
0.0
0.0
0.0
0.0
0.0
0.0
0.0
0.0
0.0
0.0
0.0
0.0
0.0
0.0
0.0
0.0
0.0
0.0
0.0
0.011764706
0.011764706
0.0
0.0
0.050980393
0.12156863
0.42745098
0.42745098
0.3372549
0.42745098
-0.36078432
-0.3372549
-0.32941177
-0.41960785
0.4392157
0.36862746
0.2509804
0.07450981
0.15686275
0.17254902
0.047058824
0.0
0.05490196
0.11372549
0.2
0.19607843
0.2784314
0.3647059
0.49803922
-0.34901962
-0.20784314
-0.14509805
-0.007843138
-0.003921569
-0.003921569
-0.003921569
-0.05490196
-0.011764706
-0.003921569
-0.003921569
-0.003921569
-0.003921569
-0.003921569
-0.003921569
-0.003921569
-0.3019608
0.45490196
0.38431373
0.28627452
0.0
0.0
0.043137256
0.16470589
0.22745098
0.24313726
0.101960786
0.49019608
0.015686275
-0.18431373
0.14117648
-0.24705882
-0.49803922
0.3882353
0.2784314
0.03137255
0.0
0.003921569
0.0
0.0
0.0
0.05490196
0.007843138
0.08235294
0.0
0.2784314
0.03137255
0.019607844
0.29803923
0.023529412
0.02745098
0.33333334
0.02745098
0.28627452
0.24705882
0.20784314
0.2627451
0.14509805
0.19607843
0.007843138
0.003921569
0.1254902
0.19607843
0.36078432
0.3372549
0.37254903
0.02745098
0.02745098
0.02745098
0.02745098
0.15294118
0.1882353
0.15686275
0.30980393
0.20784314
0.25882354
0.1764706
0.22745098
0.32941177
0.32941177
0.32941177
0.29411766
0.019607844
0.03137255
0.29411766
0.25490198
0.16470589
0.27058825
0.15294118
0.1882353
0.16470589
0.22352941
0.003921569
0.3137255
0.3137255
0.3137255
0.06666667
0.07058824
0.09019608
0.15294118
0.105882354
0.050980393
0.078431375
0.11764706
0.105882354
0.08235294
0.14117648
0.16078432
0.11372549
0.03137255
0.0
0.0
0.0
0.0
0.0
0.0
0.0
0.0
0.0
0.0
0.0
0.0
0.0
0.0
0.0
0.0
0.0
0.0
0.0
0.0
0.0
0.0
0.0
0.0
0.0
0.015686275
0.08235294
0.14117648
0.13333334
0.1882353
-0.31764707
0.49019608
-0.4509804
0.48235294
0.3254902
0.30588236
0.24313726
0.22745098
0.11372549
0.11372549
0.1764706
0.08235294
0.043137256
0.019607844
0.11372549
0.1882353
0.23137255
0.25882354
0.26666668
0.39607844
-0.43137255
-0.37254903
-0.43137255
-0.35686275
-0.003921569
-0.003921569
-0.003921569
-0.07058824
-0.22745098
-0.16470589
-0.24705882
-0.2784314
-0.1882353
-0.29803923
-0.30588236
-0.36862746
0.40392157
0.27058825
0.1764706
0.14509805
0.0
0.0
0.09019608
0.17254902
0.19607843
0.1764706
0.14901961
0.078431375
0.4117647
0.4745098
-0.33333334
-0.33333334
-0.47058824
0.35686275
0.13333334
0.015686275
0.0
0.0
0.0
0.0
0.0
0.09411765
0.023529412
0.08627451
0.31764707
0.03137255
0.03137255
0.03137255
0.02745098
0.02745098
0.02745098
0.09019608
0.02745098
0.28627452
0.007843138
0.21176471
0.20392157
0.1254902
0.10980392
0.0
0.043137256
0.2627451
0.24705882
0.34509805
0.31764707
0.02745098
0.02745098
0.02745098
0.02745098
0.0
0.0
0.15294118
0.19607843
0.14901961
0.19607843
0.27058825
0.05490196
0.2
0.32941177
0.32941177
0.08235294
0.18039216
0.15294118
0.24705882
0.21176471
0.22352941
0.1882353
0.14509805
0.15294118
0.09803922
0.078431375
0.08235294
0.11372549
0.10980392
0.3137255
0.3137255
0.1764706
0.23137255
0.13725491
0.18431373
0.18431373
0.2
0.09019608
0.05490196
0.07058824
0.12941177
0.19607843
0.24313726
0.13725491
0.02745098
0.0
0.0
0.0
0.0
0.0
0.0
0.0
0.0
0.0
0.0
0.0
0.0
0.0
0.0
0.0
0.0
0.0
0.0
0.0
0.0
0.0
0.0
0.0
0.0
0.0
0.0
0.0627451
0.09803922
0.15294118
0.1254902
0.17254902
0.28627452
0.37254903
0.3137255
0.2
0.101960786
0.07058824
0.09803922
0.14117648
0.08627451
0.08235294
0.15686275
0.078431375
0.05882353
0.07058824
0.14901961
0.23529412
0.2784314
0.23529412
0.40784314
-0.35686275
-0.21568628
-0.40392157
0.38039216
-0.4117647
-0.003921569
0.09803922
-0.078431375
-0.30980393
-0.30980393
-0.45490196
-0.4745098
-0.4392157
0.38039216
0.4509804
-0.42745098
0.3764706
0.44313726
0.07058824
0.0
0.0
0.015686275
0.14901961
0.1254902
0.12156863
0.13725491
0.03529412
0.050980393
0.10980392
-0.42352942
-0.2901961
-0.3254902
-0.38431373
0.32156864
0.09803922
0.007843138
0.0
0.0
0.0
0.0
0.0
0.047058824
0.023529412
0.023529412
0.03137255
0.03137255
0.03137255
0.21176471
0.03137255
0.0
0.13725491
0.12156863
0.23921569
0.101960786
0.011764706
0.2627451
0.08235294
0.17254902
0.14901961
0.007843138
0.1882353
0.2627451
0.2627451
0.039215688
0.3529412
0.02745098
0.02745098
0.02745098
0.02745098
0.047058824
0.0
0.1764706
0.12156863
0.18431373
0.06666667
0.11764706
0.1254902
0.12156863
0.28627452
0.06666667
0.13725491
0.16470589
0.21960784
0.15686275
0.05882353
0.039215688
0.05490196
0.101960786
0.11372549
0.101960786
0.08235294
0.078431375
0.08627451
0.09411765
0.09803922
0.09803922
0.047058824
0.09803922
0.101960786
0.09411765
0.07450981
0.050980393
0.14509805
0.08627451
0.07450981
0.14509805
0.14117648
0.09411765
0.039215688
0.039215688
0.02745098
0.0
0.0
0.0
0.0
0.0
0.0
0.0
0.0
0.0
0.0
0.0
0.0
0.0
0.0
0.0
0.0
0.0
0.0
0.0
0.0
0.0
0.0
0.0
0.09411765
0.019607844
0.015686275
0.07450981
0.16078432
0.09411765
0.12156863
0.14117648
0.13333334
0.19607843
0.18039216
0.02745098
0.05882353
0.07058824
0.14509805
0.09411765
0.105882354
0.11764706
0.16078432
0.17254902
0.20392157
0.1764706
0.3019608
0.40392157
0.41960785
-0.40392157
-0.09803922
-0.003921569
-0.07058824
-0.42745098
-0.39607844
-0.003921569
-0.003921569
-0.003921569
-0.003921569
-0.003921569
-0.003921569
-0.003921569
-0.007843138
-0.30588236
-0.43137255
-0.4627451
0.31764707
0.0
0.007843138
0.0
0.023529412
0.11372549
0.18431373
0.20784314
0.16862746
0.0
0.003921569
0.003921569
0.105882354
-0.47058824
-0.2784314
-0.34509805
-0.4117647
0.43137255
0.07058824
0.003921569
0.0
0.0
0.0
0.0
0.13725491
0.14901961
0.023529412
0.023529412
0.019607844
0.019607844
0.023529412
0.25490198
0.3372549
0.13333334
0.21568628
0.14901961
0.27058825
0.12941177
0.07058824
0.24705882
0.09019608
0.24313726
0.25882354
0.14117648
0.32156864
0.3254902
0.2627451
0.039215688
0.3137255
0.02745098
0.02745098
0.023529412
0.078431375
0.050980393
0.0627451
0.06666667
0.09411765
0.0
0.23137255
0.09411765
0.0
0.0
0.12156863
0.105882354
0.12156863
0.14901961
0.101960786
0.10980392
0.1254902
0.09019608
0.08627451
0.10980392
0.14509805
0.14117648
0.105882354
0.08235294
0.08627451
0.09803922
0.101960786
0.101960786
0.101960786
0.101960786
0.07450981
0.05882353
0.05882353
0.050980393
0.06666667
0.043137256
0.06666667
0.21960784
0.18039216
0.05882353
0.078431375
0.08235294
0.023529412
0.003921569
0.003921569
0.003921569
0.0
0.0
0.0
0.0
0.0
0.0
0.0
0.0
0.0
0.0
0.0
0.0
0.0
0.0
0.0
0.0
0.0
0.0
0.0
0.0
0.07450981
0.11372549
0.023529412
0.078431375
0.02745098
0.13725491
0.13725491
0.09019608
0.13333334
0.09803922
0.14509805
0.14117648
0.20392157
0.16862746
0.13725491
0.16862746
0.1764706
0.1254902
0.15294118
0.20784314
0.3019608
0.29411766
0.41960785
-0.42352942
-0.27058825
-0.023529412
-0.003921569
-0.003921569
-0.003921569
-0.14509805
-0.19607843
-0.003921569
-0.003921569
-0.003921569
-0.003921569
-0.003921569
-0.003921569
-0.003921569
-0.003921569
-0.19607843
-0.45882353
0.31764707
0.003921569
0.0
0.0627451
0.047058824
0.05490196
0.10980392
0.14901961
0.20784314
0.15686275
0.003921569
0.078431375
0.105882354
0.49411765
-0.37254903
-0.19607843
-0.28627452
0.49019608
0.20392157
0.043137256
0.0
0.0
0.0
0.12156863
0.003921569
0.12156863
0.2
0.019607844
0.2509804
0.003921569
0.043137256
0.007843138
0.17254902
0.14509805
0.3372549
0.03137255
0.20392157
0.23921569
0.25882354
0.25882354
0.28627452
0.20784314
0.28627452
0.27450982
0.23921569
0.29411766
0.0
0.21568628
0.039215688
0.14901961
0.02745098
0.02745098
0.24313726
0.21960784
0.03137255
0.047058824
0.0
0.043137256
0.06666667
0.078431375
0.03529412
0.023529412
0.02745098
0.02745098
-0.42745098
-0.42745098
0.047058824
0.07450981
0.08235294
0.003921569
0.0
0.03529412
0.011764706
0.019607844
0.05882353
0.13333334
0.08627451
0.08235294
0.09803922
0.078431375
0.07058824
0.0
0.023529412
0.16862746
0.019607844
0.05882353
0.05490196
0.05882353
0.0627451
0.05490196
0.09411765
0.078431375
0.007843138
0.039215688
0.02745098
0.007843138
0.0
0.003921569
0.003921569
0.0
0.0
0.0
0.0
0.0
0.0
0.0
0.0
0.0
0.0
0.0
0.0
0.0
0.0
0.0
0.0
0.0
0.0
0.039215688
0.039215688
0.007843138
0.03529412
0.10980392
0.15686275
0.16862746
0.13725491
0.16862746
0.22745098
0.22745098
0.22352941
0.2
0.23529412
0.32941177
0.31764707
0.27058825
0.16470589
0.20784314
0.23137255
0.1882353
0.33333334
0.43529412
0.4745098
-0.33333334
-0.07450981
-0.003921569
-0.003921569
-0.003921569
-0.003921569
-0.003921569
-0.043137256
-0.23137255
-0.13725491
-0.003921569
-0.003921569
-0.003921569
-0.003921569
-0.003921569
-0.003921569
-0.14117648
-0.39607844
0.34901962
-0.47843137
0.0
0.0
0.13725491
0.28235295
0.019607844
0.1764706
0.16470589
0.2
0.14117648
0.078431375
0.30588236
0.11372549
0.4862745
-0.3882353
-0.28235295
0.4392157
0.35686275
0.12156863
0.019607844
0.0
0.0
0.0
0.07450981
0.13333334
0.14901961
0.14509805
0.24705882
0.2509804
0.050980393
0.007843138
0.06666667
0.03137255
0.16470589
0.31764707
0.3137255
0.23921569
0.12156863
0.19215687
0.25882354
0.25882354
0.26666668
0.2
0.3019608
0.21960784
0.21176471
0.22352941
0.20392157
0.23529412
0.015686275
0.105882354
0.42352942
0.34117648
0.14901961
0.03529412
0.0
0.039215688
0.1882353
0.18431373
0.27058825
0.11372549
0.101960786
0.14509805
0.13725491
-0.49019608
-0.49019608
0.0
0.06666667
0.03529412
0.0627451
0.050980393
0.02745098
0.12156863
0.15294118
0.15686275
0.14901961
0.101960786
0.08627451
0.09803922
0.043137256
0.03137255
0.18431373
0.12156863
0.015686275
0.06666667
0.0627451
0.05490196
0.05490196
0.05490196
0.047058824
0.047058824
0.047058824
0.007843138
0.003921569
0.0
0.0
0.0
0.003921569
0.003921569
0.003921569
0.003921569
0.0
0.0
0.0
0.0
0.0
0.0
0.0
0.0
0.0
0.0
0.0
0.0
0.0
0.0
0.0
0.0
0.039215688
0.10980392
0.11764706
0.12156863
0.0627451
0.11764706
0.22352941
0.25490198
0.3764706
0.26666668
0.3647059
0.37254903
0.37254903
0.29411766
0.25490198
0.34117648
0.34117648
0.27450982
0.4392157
0.043137256
0.36862746
-0.44313726
-0.42352942
-0.3372549
-0.003921569
-0.003921569
-0.003921569
-0.003921569
-0.003921569
-0.003921569
-0.003921569
-0.05490196
-0.32156864
-0.30980393
-0.10980392
-0.003921569
-0.003921569
-0.003921569
-0.003921569
-0.05490196
-0.31764707
0.4509804
-0.09411765
0.050980393
0.0
0.03137255
0.0
0.02745098
0.105882354
0.18039216
0.0
0.003921569
0.0
0.003921569
0.17254902
0.38431373
0.4392157
0.45882353
-0.42352942
-0.46666667
0.38039216
0.14117648
0.007843138
0.0
0.0
0.0
0.003921569
0.19215687
0.19607843
0.17254902
0.2509804
0.2509804
0.1882353
0.09803922
0.15686275
0.16862746
0.3372549
0.015686275
0.30588236
0.22745098
0.25882354
0.25882354
0.2
0.15686275
0.18431373
0.22745098
0.24313726
0.2627451
0.09411765
0.34509805
0.33333334
0.34509805
0.1882353
0.42352942
0.42352942
0.16470589
0.05490196
0.003921569
0.05490196
0.07450981
0.2
0.12941177
0.26666668
0.2901961
0.15686275
0.2901961
0.24313726
0.050980393
0.050980393
-0.49019608
0.32941177
0.0
0.2509804
0.2627451
0.23921569
0.023529412
0.050980393
0.15294118
0.16862746
0.1254902
0.09411765
0.09411765
0.09803922
0.09411765
0.14117648
0.101960786
0.11372549
0.07450981
0.05490196
0.05490196
0.05490196
0.050980393
0.047058824
0.039215688
0.039215688
0.007843138
0.003921569
0.0
0.0
0.0
0.003921569
0.003921569
0.007843138
0.007843138
0.003921569
0.0
0.0
0.0
0.0
0.0
0.0
0.0
0.0
0.0
0.0
0.0
0.0
0.0
0.0
0.0
0.007843138
0.023529412
0.07450981
0.14117648
0.13725491
0.11764706
0.12941177
0.25882354
0.34901962
0.41960785
0.38431373
0.44313726
-0.5019608
0.39607844
0.27058825
0.17254902
0.3019608
0.3882353
0.36078432
0.3019608
0.38431373
-0.34117648
-0.34901962
-0.24313726
-0.003921569
-0.003921569
-0.003921569
-0.003921569
-0.003921569
-0.003921569
-0.003921569
-0.21568628
-0.36862746
-0.42352942
-0.30980393
-0.11764706
-0.015686275
-0.003921569
-0.003921569
-0.07450981
-0.26666668
0.21568628
-0.2509804
0.05490196
0.019607844
0.08235294
0.02745098
0.0
0.007843138
0.14509805
0.015686275
0.0
0.007843138
0.007843138
0.07058824
0.13333334
-0.45490196
-0.44705883
-0.43529412
0.47843137
0.29411766
0.039215688
0.003921569
0.0
0.0
0.0
0.0
0.0
0.011764706
0.0
0.023529412
0.023529412
0.26666668
0.10980392
0.30980393
0.14117648
0.023529412
0.15294118
0.02745098
0.30588236
0.2784314
0.25882354
0.25882354
0.09803922
0.07450981
0.1764706
0.15294118
0.20784314
0.21176471
0.011764706
0.34509805
0.17254902
0.24313726
0.42352942
0.12941177
0.003921569
0.20784314
0.0
0.0
0.003921569
0.019607844
0.11372549
0.32156864
0.35686275
0.2901961
0.3372549
0.22745098
-0.49019608
0.28235295
-0.5019608
0.13333334
-0.039215688
0.40392157
0.28627452
0.22745098
0.23921569
0.07450981
0.06666667
0.05882353
0.015686275
0.07450981
0.101960786
0.09803922
0.09411765
0.09019608
0.08235294
0.06666667
0.05882353
0.05490196
0.050980393
0.05490196
0.050980393
0.047058824
0.043137256
0.007843138
0.007843138
0.003921569
0.0
0.0
0.0
0.003921569
0.003921569
0.003921569
0.007843138
0.003921569
0.0
0.0
0.0
0.0
0.0
0.0
0.0
0.0
0.0
0.0
0.0
0.0
0.0
0.0
0.0
0.0
0.0
0.011764706
0.03137255
0.14117648
0.17254902
0.19607843
0.16862746
0.24705882
0.42352942
0.32156864
0.4117647
0.38431373
0.39215687
0.29411766
0.14509805
0.16078432
0.30980393
0.4
0.34509805
0.3254902
-0.45490196
-0.36078432
-0.25882354
-0.003921569
-0.003921569
-0.003921569
-0.003921569
-0.003921569
-0.003921569
-0.003921569
-0.3019608
-0.4117647
-0.44313726
-0.41568628
-0.29803923
-0.08627451
-0.003921569
-0.003921569
-0.003921569
-0.1254902
-0.34117648
0.47843137
0.2
0.0
0.03529412
0.003921569
0.039215688
0.0
0.003921569
0.0
0.023529412
0.09803922
0.12941177
0.0627451
0.12941177
0.49019608
0.38039216
0.45490196
0.02745098
0.09803922
0.019607844
0.003921569
0.0
0.0
0.0
0.0
0.003921569
0.023529412
0.003921569
0.023529412
0.11372549
0.2901961
0.16078432
0.30980393
0.30980393
0.15686275
0.23921569
0.24705882
0.02745098
0.25882354
0.41960785
0.41960785
0.15686275
0.12156863
0.15294118
0.20392157
0.16862746
0.2509804
0.09803922
0.34509805
0.34509805
0.26666668
0.039215688
0.2627451
0.14509805
0.23137255
0.043137256
0.015686275
0.003921569
0.07450981
0.30588236
0.35686275
0.35686275
0.24313726
0.25882354
0.21568628
0.3882353
0.3882353
0.38039216
-0.39607844
-0.36862746
-0.20392157
-0.039215688
0.25882354
0.3529412
0.3529412
0.02745098
0.011764706
0.0
0.015686275
0.0
0.101960786
0.09411765
0.09019608
0.08627451
0.08235294
0.06666667
0.05882353
0.05882353
0.06666667
0.05490196
0.05490196
0.0627451
0.015686275
0.007843138
0.003921569
0.0
0.0
0.0
0.0
0.0
0.003921569
0.003921569
0.0
0.0
0.0
0.0
0.0
0.0
0.0
0.0
0.0
0.0
0.0
0.0
0.0
0.0
0.0
0.0
0.0
0.0
0.0
0.0
0.03529412
0.05882353
0.21568628
0.2
0.15294118
0.20392157
0.03137255
0.33333334
0.34509805
0.23529412
0.12941177
0.13333334
0.1254902
0.16862746
0.23921569
0.29411766
0.27450982
0.3372549
0.49019608
-0.39607844
-0.1254902
-0.09411765
-0.16078432
-0.05490196
-0.015686275
-0.003921569
-0.07058824
-0.2901961
-0.49803922
0.49019608
-0.47843137
-0.39607844
-0.18431373
-0.08235294
-0.07450981
-0.09019608
-0.16078432
-0.2784314
-0.48235294
0.2627451
0.015686275
0.003921569
0.050980393
0.0
0.011764706
0.003921569
0.023529412
0.078431375
0.047058824
0.003921569
0.03529412
-0.35686275
0.0
0.003921569
0.023529412
0.03529412
0.15294118
0.22352941
0.007843138
0.003921569
0.003921569
0.003921569
0.0
0.0
0.0
0.0
0.019607844
0.1254902
0.019607844
0.30980393
0.30980393
0.30980393
0.2
0.21176471
0.019607844
0.16862746
0.41960785
0.41960785
0.41960785
0.27058825
0.3137255
0.3137255
0.25490198
0.3137255
0.18431373
0.015686275
0.16078432
0.21568628
0.25490198
0.3254902
0.3019608
0.19215687
0.011764706
0.007843138
0.0627451
0.003921569
0.12156863
0.35686275
0.35686275
0.35686275
0.35686275
0.35686275
0.3254902
0.36862746
0.39215687
-0.49411765
-0.47843137
-0.25882354
-0.09411765
-0.29803923
0.003921569
-0.44705883
0.3529412
0.11764706
0.0
0.10980392
0.003921569
0.0
0.019607844
0.09803922
0.09803922
0.09019608
0.08235294
0.07058824
0.05882353
0.07058824
0.08627451
0.0627451
0.05490196
0.0627451
0.08235294
0.003921569
0.0
0.0
0.0
0.0
0.0
0.0
0.0
0.0
0.0
0.0
0.0
0.0
0.0
0.0
0.0
0.0
0.0
0.0
0.0
0.0
0.0
0.0
0.0
0.0
0.0
0.0
0.0
0.0
0.007843138
0.07058824
0.105882354
0.23529412
0.32156864
0.32156864
0.2
0.3254902
0.3764706
0.27450982
0.20392157
0.12941177
0.18039216
0.14117648
0.12156863
0.17254902
0.22352941
0.38431373
0.29411766
0.40784314
-0.44313726
-0.3647059
-0.38039216
-0.38431373
-0.27058825
-0.08627451
-0.0627451
-0.2627451
0.48235294
0.3882353
0.49019608
-0.42745098
-0.32941177
-0.27058825
-0.27450982
-0.3529412
0.17254902
-0.38431373
0.38039216
0.20784314
0.15686275
0.050980393
0.09803922
0.019607844
0.003921569
0.07058824
0.0
0.11372549
0.08627451
0.003921569
0.007843138
0.08627451
0.019607844
0.08235294
0.015686275
0.05490196
0.22352941
0.22352941
0.18431373
0.015686275
0.011764706
0.011764706
0.007843138
0.003921569
0.0
0.0
0.019607844
0.11372549
0.02745098
0.20392157
0.30980393
0.30980393
0.30980393
0.18431373
0.16470589
0.14901961
0.41960785
0.41960785
0.3137255
0.3137255
0.3137255
0.30980393
0.3137255
0.3137255
0.003921569
0.050980393
0.15294118
0.078431375
0.31764707
0.03137255
0.14117648
0.15686275
0.22745098
0.20392157
0.019607844
0.003921569
0.101960786
0.0627451
0.003921569
0.07450981
0.25882354
0.3529412
0.26666668
0.36078432
0.40784314
0.49803922
-0.28235295
-0.09019608
-0.11764706
-0.38431373
-0.039215688
0.3529412
0.3529412
0.0
0.05490196
0.0
0.2627451
0.22745098
0.09411765
0.09803922
0.101960786
0.09019608
0.08235294
0.06666667
0.05882353
0.0627451
0.07450981
0.05882353
0.043137256
0.039215688
0.05882353
0.003921569
0.0
0.0
0.0
0.007843138
0.003921569
0.003921569
0.0
0.0
0.0
0.0
0.0
0.0
0.0
0.0
0.0
0.0
0.0
0.0
0.0
0.0
0.0
0.0
0.0
0.0
0.0
0.0
0.0
0.0
0.007843138
0.03529412
0.043137256
0.32156864
0.32156864
0.32156864
0.2784314
0.29411766
0.32156864
0.32156864
0.24313726
0.1254902
0.11372549
0.15686275
0.14117648
0.11372549
0.105882354
0.14117648
0.36862746
0.31764707
-0.44313726
-0.18431373
-0.13725491
-0.23921569
-0.14509805
-0.08627451
-0.16862746
-0.28627452
-0.42352942
0.38039216
0.45490196
-0.42745098
-0.44313726
0.49803922
0.4509804
0.011764706
0.3764706
0.36862746
0.21960784
0.11372549
0.0
0.15686275
0.15686275
0.050980393
0.0
0.011764706
0.0
0.07058824
0.023529412
0.0627451
0.12941177
0.06666667
0.29803923
-0.4862745
0.023529412
0.078431375
0.22352941
0.15294118
0.12156863
0.043137256
0.019607844
0.015686275
0.019607844
0.011764706
0.0
0.0
0.007843138
0.09019608
0.19607843
0.043137256
0.27450982
0.30980393
0.30980393
0.14901961
0.15294118
0.30980393
0.30980393
0.3137255
0.3137255
0.3137255
0.3137255
0.27450982
0.3137255
0.003921569
0.03137255
0.08235294
0.007843138
0.31764707
0.24705882
0.2901961
0.16078432
0.078431375
0.28235295
0.003921569
0.0
0.023529412
0.10980392
0.011764706
0.08235294
0.17254902
0.24705882
0.21568628
0.4392157
0.34901962
0.4627451
-0.30980393
-0.05490196
-0.003921569
-0.29803923
0.45490196
-0.039215688
-0.4862745
-0.42352942
0.10980392
-0.37254903
0.08235294
0.22352941
0.07058824
0.11372549
0.10980392
0.101960786
0.09019608
0.078431375
0.06666667
0.05490196
0.050980393
0.050980393
0.047058824
0.03529412
0.03137255
0.023529412
0.023529412
0.003921569
0.003921569
0.007843138
0.015686275
0.011764706
0.011764706
0.007843138
0.0
0.0
0.0
0.0
0.0
0.0
0.0
0.0
0.0
0.0
0.0
0.0
0.0
0.0
0.0
0.0
0.0
0.0
0.0
0.0
0.0
0.007843138
0.023529412
0.03529412
0.32156864
0.32156864
0.03137255
0.32156864
0.25490198
0.32156864
0.32156864
0.21568628
0.15686275
0.09019608
0.0627451
0.16470589
0.15294118
0.12156863
0.08235294
0.36862746
0.3529412
-0.49411765
-0.16862746
-0.03137255
-0.12941177
-0.21568628
-0.39607844
0.4745098
-0.43529412
-0.36078432
0.4745098
0.37254903
0.49803922
0.49803922
0.3254902
0.32941177
0.05882353
0.1882353
0.16862746
0.101960786
0.0
0.023529412
0.15686275
0.0
0.0
0.011764706
0.011764706
0.02745098
0.011764706
0.003921569
0.019607844
0.078431375
0.2627451
0.42352942
-0.44705883
-0.42352942
0.4509804
0.22352941
0.03137255
0.1254902
0.12156863
0.03529412
0.02745098
0.02745098
0.015686275
0.003921569
0.0
0.0
0.003921569
0.19215687
0.22745098
0.26666668
0.2
0.16078432
0.15294118
0.30980393
0.30980393
0.19607843
0.3137255
0.3137255
0.3137255
0.3137255
0.12156863
0.1764706
0.3137255
0.05490196
0.07058824
0.007843138
0.14117648
0.2509804
0.24705882
0.15686275
0.08627451
0.21568628
0.07058824
0.14509805
0.043137256
0.015686275
0.003921569
0.21568628
0.23921569
0.2784314
0.23137255
0.4392157
0.4392157
0.46666667
-0.36862746
-0.1254902
-0.16470589
-0.12156863
-0.039215688
0.007843138
0.101960786
0.45882353
-0.41568628
-0.3137255
-0.38431373
0.29803923
0.29803923
0.16470589
0.13333334
0.10980392
0.09803922
0.08627451
0.07450981
0.20784314
0.05490196
0.050980393
0.047058824
0.03529412
0.02745098
0.023529412
0.003921569
0.015686275
0.015686275
0.023529412
0.023529412
0.019607844
0.015686275
0.003921569
0.003921569
0.003921569
0.0
0.0
0.0
0.0
0.0
0.0
0.0
0.0
0.0
0.0
0.0
0.0
0.0
0.0
0.0
0.0
0.0
0.0
0.0
0.003921569
0.015686275
0.03137255
0.05490196
0.32156864
0.03137255
0.32156864
0.32156864
0.32156864
0.16078432
0.09019608
0.17254902
0.14901961
0.11764706
0.078431375
0.18431373
0.1882353
0.07450981
0.12156863
0.29411766
0.32156864
-0.3764706
-0.10980392
-0.28627452
-0.4
0.36862746
0.38039216
-0.4862745
0.4627451
0.40784314
-0.47843137
0.3764706
-0.4627451
0.41960785
0.18039216
-0.40784314
0.28235295
0.16862746
0.0
0.0
0.0
0.0
0.015686275
0.023529412
0.078431375
0.09019608
0.19607843
0.09019608
0.0627451
0.19215687
-0.4509804
-0.4509804
0.46666667
-0.42745098
-0.39607844
-0.32941177
-0.3137255
0.03529412
0.14117648
0.003921569
0.015686275
0.02745098
0.047058824
0.019607844
0.007843138
0.0
0.0
0.043137256
0.0
0.23921569
0.18039216
0.15294118
0.15686275
0.19215687
0.29803923
0.30980393
0.30980393
0.3137255
0.3137255
0.3137255
0.2627451
0.2627451
0.2627451
0.2627451
0.2627451
0.023529412
0.019607844
0.09411765
0.17254902
0.13725491
0.015686275
0.09019608
0.09019608
0.21568628
0.22352941
0.18431373
0.019607844
0.0
0.105882354
0.20784314
0.2
0.07058824
-0.3529412
-0.3529412
0.38431373
0.39607844
-0.36078432
-0.28235295
-0.25882354
-0.4117647
-0.17254902
-0.36862746
-0.49411765
0.37254903
0.3764706
0.33333334
0.20784314
0.29803923
0.2
0.16078432
0.13333334
0.1254902
0.1254902
0.2
0.20784314
0.07058824
0.0627451
0.05490196
0.043137256
0.03529412
0.02745098
0.015686275
0.015686275
0.02745098
0.03137255
0.03137255
0.03137255
0.023529412
0.003921569
0.003921569
0.003921569
0.0
0.0
0.0
0.0
0.0
0.0
0.0
0.0
0.0
0.0
0.0
0.0
0.0
0.0
0.0
0.0
0.0
0.0
0.0
0.0
0.007843138
0.019607844
0.02745098
0.03137255
0.03137255
0.08627451
0.07058824
0.16862746
0.17254902
0.14509805
0.023529412
0.011764706
0.18039216
0.12156863
0.09411765
0.19607843
0.16862746
0.16470589
0.17254902
0.3137255
-0.47058824
-0.34901962
-0.43137255
-0.47843137
0.40392157
0.49803922
0.47843137
0.2784314
0.2509804
0.050980393
0.4
-0.40784314
-0.42745098
0.46666667
-0.47058824
0.47843137
0.27058825
0.039215688
0.050980393
0.0
0.007843138
0.039215688
0.07450981
0.023529412
0.050980393
0.043137256
0.43529412
0.22745098
0.011764706
0.043137256
0.1764706
-0.45490196
-0.44313726
-0.4862745
-0.4
-0.39607844
-0.4
0.47058824
0.003921569
0.3529412
0.07058824
0.19215687
0.039215688
0.0
0.0
0.0
0.03529412
0.0
0.14509805
0.14509805
0.13333334
0.1764706
0.24705882
0.30980393
0.30980393
0.30980393
0.30980393
0.2627451
0.2627451
0.023529412
0.2627451
0.015686275
0.101960786
0.13333334
0.03137255
0.011764706
0.0
0.015686275
0.007843138
0.015686275
0.21960784
0.003921569
0.03137255
0.27450982
0.21568628
0.11764706
0.0627451
0.003921569
0.11764706
0.050980393
0.015686275
0.011764706
0.02745098
0.11372549
-0.019607844
0.4117647
-0.4
0.41568628
0.4745098
0.11764706
0.38039216
0.3529412
0.4
0.0627451
0.023529412
0.03529412
0.21960784
0.21176471
0.18431373
0.15686275
0.16862746
0.2
0.2
0.20784314
0.105882354
0.09019608
0.07058824
0.050980393
0.039215688
0.03137255
0.07058824
0.02745098
0.03137255
0.03529412
0.03137255
0.02745098
0.02745098
0.023529412
0.003921569
0.003921569
0.0
0.0
0.0
0.0
0.0
0.0
0.0
0.0
0.0
0.0
0.0
0.0
0.0
0.0
0.0
0.0
0.0
0.0
0.0
0.0
0.0
0.007843138
0.011764706
0.011764706
0.011764706
0.02745098
0.11764706
0.015686275
0.07450981
0.19215687
0.16470589
0.0
0.0627451
0.17254902
0.1254902
0.10980392
0.2
0.20784314
0.2
0.30980393
0.47843137
0.4627451
0.36862746
0.4
0.38039216
0.3529412
0.34901962
0.26666668
0.22745098
0.3137255
0.38431373
0.42352942
0.42352942
0.3529412
0.34901962
0.39607844
0.24705882
0.09803922
0.003921569
0.023529412
0.039215688
0.11764706
0.08235294
0.05882353
0.11764706
0.24313726
0.43529412
0.17254902
0.47058824
0.43137255
0.4117647
0.44313726
-0.44705883
-0.41568628
-0.42352942
-0.42745098
-0.4392157
-0.43137255
-0.4862745
0.011764706
0.08235294
0.14509805
0.05490196
0.0
0.0
0.0
0.0
0.0
0.16078432
0.16078432
0.14509805
0.17254902
0.21176471
0.30980393
0.30980393
0.30980393
0.023529412
0.2627451
0.2627451
0.21568628
0.2627451
0.2627451
0.12156863
0.11372549
0.02745098
0.007843138
0.0
0.050980393
0.19215687
0.09803922
0.07058824
0.02745098
0.16078432
0.007843138
0.21176471
0.015686275
0.0
0.03137255
0.0
0.011764706
0.0
0.015686275
0.02745098
0.011764706
0.14901961
0.49803922
0.34117648
-0.38039216
0.3137255
0.3019608
0.26666668
0.101960786
0.38039216
0.41960785
0.18039216
0.22352941
0.1254902
0.16470589
0.18039216
0.16470589
0.2
0.2
0.18039216
0.20784314
0.14901961
0.1254902
0.09411765
0.0627451
0.047058824
0.03529412
0.043137256
0.023529412
0.03137255
0.03137255
0.015686275
0.011764706
0.019607844
0.019607844
0.015686275
0.015686275
0.011764706
0.007843138
0.003921569
0.0
0.0
0.0
0.0
0.0
0.0
0.0
0.0
0.0
0.0
0.0
0.0
0.0
0.0
0.0
0.0
0.0
0.0
0.0
0.003921569
0.003921569
0.003921569
0.0
0.003921569
0.11764706
0.09803922
0.1254902
0.1764706
0.12156863
0.08627451
0.11372549
0.1882353
0.13333334
0.10980392
0.20392157
0.23529412
0.27058825
0.32156864
0.34117648
0.18039216
0.1882353
0.2627451
0.21960784
0.05490196
0.3764706
0.34509805
0.3019608
0.24313726
0.050980393
0.05490196
0.18039216
0.16862746
0.22352941
0.18039216
0.101960786
0.007843138
0.105882354
0.043137256
0.07450981
0.13725491
0.06666667
0.18431373
0.43529412
0.4
0.007843138
0.36078432
0.3764706
-0.4745098
-0.49019608
-0.47058824
-0.47843137
0.49019608
-0.48235294
0.44705883
-0.47058824
-0.4509804
0.44313726
0.03529412
0.101960786
0.02745098
0.0
0.0
0.0
0.0
0.003921569
0.023529412
0.25882354
0.14901961
0.14901961
0.17254902
0.1882353
0.023529412
0.023529412
0.023529412
0.2627451
0.23921569
0.25490198
0.14901961
0.03137255
0.023529412
0.03137255
0.019607844
0.0
0.0
0.05490196
0.19215687
0.13725491
0.15294118
0.08627451
0.1882353
0.011764706
0.23921569
0.0627451
0.015686275
0.05882353
0.0
0.015686275
0.06666667
0.03529412
0.039215688
0.015686275
0.06666667
0.45490196
0.21176471
0.17254902
0.21568628
0.25490198
0.23529412
0.07450981
0.09019608
0.30588236
0.29803923
0.29803923
0.09411765
0.13333334
0.15686275
0.2
0.15686275
0.15686275
0.16862746
0.18039216
0.1764706
0.15294118
0.11764706
0.08235294
0.05882353
0.007843138
0.007843138
0.003921569
0.023529412
0.023529412
0.011764706
0.003921569
0.003921569
0.003921569
0.003921569
0.003921569
0.003921569
0.003921569
0.0
0.0
0.0
0.0
0.0
0.0
0.0
0.0
0.0
0.0
0.0
0.0
0.0
0.0
0.0
0.0
0.0
0.0
0.0
0.0
0.003921569
0.047058824
0.007843138
0.0
0.050980393
0.047058824
0.003921569
0.05490196
0.047058824
0.15294118
0.13333334
0.09019608
0.13725491
0.20392157
0.13725491
0.12156863
0.22352941
0.24313726
0.20392157
0.24705882
0.16470589
0.11764706
0.18431373
0.3372549
0.38039216
0.4627451
0.4392157
0.3019608
0.047058824
0.39607844
0.39607844
0.015686275
0.105882354
0.09803922
0.105882354
0.101960786
0.007843138
0.11372549
0.003921569
0.105882354
0.17254902
0.16078432
0.43529412
0.43529412
0.019607844
0.101960786
0.32156864
0.35686275
0.3764706
0.42352942
0.20392157
-0.41568628
-0.4392157
-0.36078432
-0.4392157
-0.44705883
-0.40392157
-0.36862746
0.42745098
0.050980393
0.105882354
0.003921569
0.0
0.0
0.023529412
0.12156863
0.21960784
0.22745098
0.20784314
0.19215687
0.16470589
0.2627451
0.2627451
0.023529412
0.023529412
0.019607844
0.19607843
0.19215687
0.21960784
0.10980392
0.039215688
0.023529412
0.015686275
0.003921569
0.003921569
0.039215688
0.16078432
0.19607843
0.019607844
0.19607843
0.09019608
0.09411765
0.17254902
0.039215688
0.07058824
0.09411765
0.0
0.07058824
0.007843138
0.15686275
0.17254902
0.1254902
0.02745098
0.05490196
0.23137255
0.12156863
0.14509805
0.19215687
0.18431373
0.101960786
0.14117648
0.09019608
0.101960786
0.14901961
0.13725491
0.14117648
0.14117648
0.2
0.14117648
0.15294118
0.16470589
0.16470589
0.1764706
0.16862746
0.14117648
0.101960786
0.078431375
0.0627451
0.007843138
0.003921569
0.0
0.011764706
0.011764706
0.007843138
0.003921569
0.0
0.0
0.0
0.0
0.003921569
0.0
0.0
0.0
0.0
0.0
0.0
0.0
0.0
0.0
0.0
0.0
0.0
0.0
0.0
0.0
0.0
0.0
0.0
0.0
0.043137256
0.050980393
0.07058824
0.007843138
0.0
0.11764706
0.011764706
0.0
0.11372549
0.10980392
0.101960786
0.105882354
0.14117648
0.10980392
0.16078432
0.21960784
0.14509805
0.13725491
0.23529412
0.21568628
0.15686275
0.18431373
0.16078432
0.21176471
0.4509804
-0.46666667
0.41568628
0.3647059
0.28235295
0.47843137
0.32941177
0.43529412
0.36078432
0.09803922
0.03529412
0.0627451
0.09019608
0.003921569
0.015686275
0.03137255
0.105882354
0.18039216
0.06666667
0.15294118
0.0
0.13725491
0.1764706
0.14509805
0.42352942
0.40784314
0.35686275
0.19215687
-0.5019608
0.44313726
-0.44705883
-0.4509804
-0.3019608
-0.30588236
-0.2901961
0.49411765
0.043137256
0.16470589
0.13333334
0.0
0.0
0.007843138
0.09803922
0.0
0.17254902
0.20392157
0.1764706
0.16862746
0.2627451
0.2627451
0.2627451
0.2627451
0.15294118
0.15686275
0.25490198
0.22352941
0.023529412
0.0627451
0.019607844
0.015686275
0.019607844
0.007843138
0.007843138
0.07450981
0.1764706
0.019607844
0.24705882
0.16470589
0.23137255
0.21568628
0.047058824
0.0627451
0.09803922
0.05490196
0.0
0.03529412
0.11372549
0.11372549
0.2627451
0.12941177
0.039215688
0.003921569
0.011764706
0.007843138
0.14901961
0.14901961
0.07058824
0.0
0.011764706
0.011764706
0.15294118
0.14901961
0.13725491
0.2
0.2
0.2
0.14117648
0.20784314
0.09019608
0.15686275
0.16862746
0.14901961
0.105882354
0.09411765
0.07450981
0.003921569
0.0
0.0
0.007843138
0.007843138
0.007843138
0.007843138
0.003921569
0.0
0.0
0.0
0.0
0.0
0.0
0.0
0.0
0.0
0.0
0.0
0.0
0.0
0.0
0.0
0.0
0.0
0.0
0.0
0.0
0.0
0.0
0.0
0.007843138
0.0627451
0.12156863
0.11372549
0.011764706
0.08235294
0.05490196
0.003921569
0.03137255
0.14901961
0.13725491
0.08235294
0.101960786
0.0
0.07058824
0.17254902
0.21176471
0.15686275
0.1764706
0.2784314
0.1764706
0.12156863
0.1764706
0.28627452
0.45490196
-0.4862745
0.3372549
0.24313726
0.28627452
0.2509804
0.34117648
0.4862745
0.41568628
0.015686275
0.007843138
0.047058824
0.08627451
0.039215688
0.011764706
0.043137256
0.0627451
0.16470589
0.12156863
0.14509805
0.105882354
0.09411765
0.23529412
0.23529412
0.35686275
0.0
0.007843138
0.11764706
0.3647059
0.4117647
0.48235294
-0.44313726
-0.42745098
-0.43529412
-0.3647059
-0.39215687
0.40784314
0.078431375
0.16078432
0.023529412
0.09803922
0.08627451
0.043137256
0.007843138
0.011764706
0.14509805
0.13333334
0.16862746
0.2
0.19215687
0.14509805
0.14117648
0.02745098
0.16470589
0.22745098
0.1882353
0.007843138
0.02745098
0.019607844
0.019607844
0.03137255
0.015686275
0.011764706
0.06666667
0.14509805
0.019607844
0.28627452
0.20784314
0.21176471
0.3137255
0.23137255
0.05882353
0.09803922
0.09411765
0.050980393
0.0
0.09803922
0.11764706
0.09803922
0.078431375
0.007843138
0.05882353
0.09803922
0.05490196
0.11764706
0.12941177
0.09019608
0.047058824
0.21960784
0.0
0.007843138
0.13333334
0.11372549
0.2
0.09803922
0.105882354
0.101960786
0.09019608
0.10980392
0.13333334
0.16862746
0.11764706
0.047058824
0.09411765
0.07450981
0.050980393
0.0
0.003921569
0.0
0.003921569
0.003921569
0.007843138
0.003921569
0.003921569
0.0
0.0
0.0
0.0
0.0
0.0
0.0
0.0
0.0
0.0
0.0
0.0
0.0
0.0
0.0
0.0
0.0
0.0
0.0
0.0
0.0
0.0
0.0
0.007843138
0.078431375
0.13725491
0.06666667
0.003921569
0.050980393
0.050980393
0.003921569
0.039215688
0.15294118
0.13333334
0.08235294
0.0627451
0.101960786
0.08235294
0.078431375
0.23921569
0.24313726
0.30980393
0.31764707
0.16078432
0.09411765
0.28627452
0.42352942
0.40392157
0.02745098
0.23529412
0.24313726
0.3372549
0.36078432
0.4392157
0.40784314
0.047058824
0.007843138
0.05882353
0.09019608
0.06666667
0.003921569
0.14901961
0.09411765
0.10980392
0.13725491
0.07450981
0.09411765
0.101960786
0.1254902
0.007843138
0.007843138
0.047058824
0.0
0.003921569
0.003921569
0.32156864
0.3529412
0.3882353
0.14117648
0.37254903
0.3882353
-0.49411765
0.49019608
0.043137256
0.08235294
0.019607844
0.03529412
0.03137255
0.03137255
0.09411765
0.007843138
0.05490196
0.18039216
0.12941177
0.13725491
0.14901961
0.078431375
0.11764706
0.11764706
0.043137256
0.17254902
0.011764706
0.050980393
0.05490196
0.019607844
0.011764706
0.023529412
0.015686275
0.02745098
0.09411765
0.18431373
0.0
0.05490196
0.15294118
0.09411765
0.30588236
0.24313726
0.03529412
0.09803922
0.09411765
0.09019608
0.050980393
0.08235294
0.0
0.0
0.050980393
0.101960786
0.23529412
0.07058824
0.09019608
0.09803922
0.09803922
0.05490196
0.039215688
0.02745098
0.0627451
0.15686275
0.1254902
0.09411765
0.078431375
0.08627451
0.10980392
0.015686275
0.047058824
0.10980392
0.13725491
0.1254902
0.08235294
0.08627451
0.07450981
0.06666667
0.043137256
0.015686275
0.078431375
0.0
0.0
0.0
0.003921569
0.007843138
0.003921569
0.0
0.0
0.0
0.0
0.0
0.0
0.0
0.0
0.0
0.0
0.0
0.0
0.0
0.0
0.0
0.0
0.0
0.0
0.0
0.0
0.0
0.0
0.050980393
0.105882354
0.078431375
0.02745098
0.13333334
0.14901961
0.09019608
0.06666667
0.10980392
0.105882354
0.039215688
0.15294118
0.11372549
0.0
0.043137256
0.09411765
0.047058824
0.10980392
0.3372549
0.31764707
0.25490198
0.019607844
0.07450981
0.03137255
0.35686275
0.32156864
0.2509804
0.29803923
0.16078432
0.3137255
0.39607844
0.34901962
0.36078432
0.015686275
0.023529412
0.07450981
0.09803922
0.003921569
0.03137255
0.011764706
0.14509805
0.078431375
0.09411765
0.12156863
0.23529412
0.08235294
0.14901961
0.09019608
0.09411765
0.1254902
0.0
0.078431375
0.011764706
0.23137255
0.29803923
0.32941177
0.14901961
0.3764706
0.39607844
-0.4627451
-0.47843137
0.007843138
0.03529412
0.011764706
0.0
0.0
0.007843138
0.078431375
0.0
0.12156863
0.13333334
0.07450981
0.05490196
0.050980393
0.16078432
0.1882353
0.2
0.08627451
0.16470589
0.03137255
0.05882353
0.03529412
0.023529412
0.015686275
0.011764706
0.007843138
0.003921569
0.019607844
0.09411765
0.07058824
0.023529412
0.14117648
0.08235294
0.21176471
0.07450981
0.039215688
0.09803922
0.09411765
0.09019608
0.09019608
0.09411765
0.047058824
0.05490196
0.06666667
0.11764706
0.13333334
0.1254902
0.105882354
0.09803922
0.105882354
0.101960786
0.09019608
0.08235294
0.08627451
0.09411765
0.09411765
0.078431375
0.07058824
0.07450981
0.08235294
0.015686275
0.07058824
0.003921569
0.13333334
0.10980392
0.0
0.015686275
0.02745098
0.05490196
0.03529412
0.015686275
0.039215688
0.003921569
0.007843138
0.007843138
0.011764706
0.011764706
0.007843138
0.003921569
0.003921569
0.0
0.0
0.0
0.0
0.0
0.0
0.0
0.0
0.0
0.0
0.0
0.0
0.0
0.0
0.0
0.0
0.0
0.0
0.0
0.0
0.007843138
0.3647059
0.13725491
0.14509805
0.019607844
0.13725491
0.1882353
0.101960786
0.09411765
0.11764706
0.11764706
0.039215688
0.14901961
0.12156863
0.12156863
0.16078432
0.18431373
0.30980393
0.32941177
0.38431373
0.23137255
0.13725491
0.16862746
0.039215688
0.16078432
0.015686275
0.21960784
0.31764707
0.25490198
0.25882354
0.3372549
0.27450982
0.23921569
0.007843138
0.05490196
0.09019608
0.08627451
0.003921569
0.011764706
0.05490196
0.14901961
0.10980392
0.011764706
0.22352941
0.1254902
0.27058825
0.101960786
0.0
0.007843138
0.011764706
0.023529412
0.09411765
0.19607843
0.003921569
0.0
0.0
0.1254902
0.30980393
0.3529412
-0.47058824
-0.45490196
0.3254902
0.07450981
0.019607844
0.003921569
0.0
0.0
0.003921569
0.02745098
0.12156863
0.08235294
0.02745098
0.047058824
0.06666667
0.1254902
0.011764706
0.13725491
0.07058824
0.050980393
0.015686275
0.019607844
0.03137255
0.039215688
0.03137255
0.023529412
0.011764706
0.011764706
0.019607844
0.0
0.0
0.019607844
0.043137256
0.07058824
0.19215687
0.22745098
0.13333334
0.09803922
0.09803922
0.09411765
0.09411765
0.09803922
0.09803922
0.09803922
0.019607844
0.02745098
0.08235294
0.08235294
0.14117648
0.10980392
0.101960786
0.09803922
0.09019608
0.08235294
0.08627451
0.08627451
0.08235294
0.07450981
0.07058824
0.06666667
0.06666667
0.06666667
0.07450981
0.011764706
0.023529412
0.08627451
0.015686275
0.07450981
0.0627451
0.047058824
0.03137255
0.011764706
0.003921569
0.007843138
0.007843138
0.011764706
0.011764706
0.011764706
0.011764706
0.007843138
0.003921569
0.0
0.0
0.0
0.0
0.0
0.0
0.0
0.0
0.0
0.0
0.0
0.0
0.0
0.0
0.047058824
0.09803922
0.03137255
0.0
0.003921569
0.019607844
0.0627451
0.15686275
0.16078432
0.21960784
0.039215688
0.06666667
0.18039216
0.1764706
0.08235294
0.09411765
0.15294118
0.11372549
0.043137256
0.1764706
0.20784314
0.23137255
0.30980393
0.35686275
0.31764707
0.32941177
0.23137255
0.0
0.09411765
0.047058824
0.0
0.03529412
0.15686275
0.19607843
0.16470589
0.14901961
0.007843138
0.14901961
0.08235294
0.003921569
0.05882353
0.078431375
0.0627451
0.02745098
0.047058824
0.003921569
0.11372549
0.03529412
0.0
0.13725491
0.10980392
0.12941177
0.10980392
0.12941177
0.09019608
0.12156863
0.18431373
0.17254902
0.17254902
0.15686275
0.10980392
0.08235294
0.25882354
0.39607844
0.37254903
0.49803922
-0.43137255
0.35686275
0.0
0.023529412
0.007843138
0.0
0.0
0.003921569
0.003921569
0.0
0.047058824
0.02745098
0.06666667
0.0627451
0.0627451
0.06666667
0.07450981
0.047058824
0.03137255
0.015686275
0.007843138
0.019607844
0.039215688
0.015686275
0.019607844
0.03529412
0.039215688
0.007843138
0.05882353
0.0
0.08627451
0.18039216
0.18039216
0.22352941
0.047058824
0.09803922
0.101960786
0.09803922
0.09803922
0.09803922
0.09803922
0.09803922
0.06666667
0.07450981
0.101960786
0.21176471
0.21960784
0.16078432
0.11372549
0.101960786
0.09803922
0.09411765
0.09019608
0.08627451
0.08627451
0.08235294
0.07450981
0.07058824
0.07058824
0.07058824
0.07058824
0.06666667
0.06666667
0.07450981
0.043137256
0.20392157
0.06666667
0.05490196
0.047058824
0.03137255
0.015686275
0.007843138
0.007843138
0.011764706
0.015686275
0.015686275
0.011764706
0.011764706
0.007843138
0.003921569
0.003921569
0.0
0.0
0.0
0.0
0.0
0.0
0.0
0.0
0.0
0.0
0.0
0.0
0.050980393
0.0
0.003921569
0.05490196
0.07058824
0.023529412
0.09411765
0.3019608
0.40784314
0.32941177
0.19215687
0.34509805
0.32156864
0.05882353
0.08627451
0.16470589
0.09019608
0.09411765
0.015686275
0.11372549
0.078431375
0.25882354
0.30980393
0.23529412
0.023529412
0.34901962
0.2784314
0.21568628
0.07450981
0.03529412
0.0
0.043137256
0.12156863
-0.40392157
0.05882353
0.09803922
0.078431375
0.043137256
0.007843138
0.02745098
0.0
0.039215688
0.047058824
0.039215688
0.011764706
0.011764706
0.02745098
0.09803922
0.11372549
0.003921569
0.08235294
0.10980392
0.078431375
0.12941177
0.101960786
0.16862746
0.16078432
0.18431373
0.15686275
0.16078432
0.16470589
0.1882353
0.19215687
0.23921569
0.14509805
0.37254903
0.3882353
0.47058824
0.35686275
0.05882353
0.02745098
0.007843138
0.0
0.0
0.0
0.02745098
0.003921569
0.003921569
0.011764706
0.03529412
0.07450981
0.078431375
0.07450981
0.06666667
0.05490196
0.03529412
0.015686275
0.003921569
0.007843138
0.023529412
0.019607844
0.03137255
0.078431375
0.039215688
0.02745098
0.14117648
0.003921569
0.105882354
0.2
0.05882353
0.11372549
0.023529412
0.07058824
0.09803922
0.09803922
0.09411765
0.09803922
0.09803922
0.09411765
0.05882353
0.0627451
0.08235294
0.17254902
0.18431373
0.14901961
0.14901961
0.09803922
0.09803922
0.09411765
0.09019608
0.08627451
0.08627451
0.08235294
0.07450981
0.07058824
0.07058824
0.07058824
0.06666667
0.0627451
0.0627451
0.06666667
0.07450981
0.09411765
0.05490196
0.043137256
0.03529412
0.023529412
0.011764706
0.011764706
0.011764706
0.015686275
0.015686275
0.015686275
0.011764706
0.011764706
0.007843138
0.007843138
0.003921569
0.0
0.0
0.0
0.0
0.0
0.0
0.0
0.0
0.0
0.0
0.0
0.0
0.043137256
0.0
0.0
0.0
0.0
0.3647059
0.30588236
0.3882353
0.44705883
0.34509805
0.039215688
0.29803923
0.40784314
0.3019608
0.19607843
0.17254902
0.19607843
0.007843138
0.050980393
0.16078432
0.16078432
0.16862746
0.30588236
0.2627451
0.023529412
0.2627451
0.28627452
0.011764706
0.1254902
0.0627451
0.007843138
0.05490196
-0.40392157
0.4862745
0.047058824
0.08235294
0.3764706
0.3764706
0.003921569
0.0627451
0.043137256
0.02745098
0.03137255
0.02745098
0.023529412
0.007843138
0.011764706
0.007843138
0.0
0.03137255
0.105882354
0.12156863
0.27058825
0.14509805
0.0
0.18431373
0.18431373
0.18431373
0.18431373
0.17254902
0.13333334
0.21568628
0.27058825
0.33333334
0.23921569
0.18431373
0.19215687
0.38039216
0.29803923
0.023529412
0.043137256
0.011764706
0.003921569
0.0
0.0
0.011764706
0.0
0.0
0.043137256
0.0
0.03529412
0.078431375
0.07450981
0.06666667
0.05490196
0.039215688
0.023529412
0.011764706
0.007843138
0.011764706
0.03137255
0.07058824
0.08627451
0.043137256
0.007843138
0.043137256
0.0627451
0.0
0.08235294
0.015686275
0.1254902
0.015686275
0.039215688
0.09803922
0.09411765
0.09411765
0.09411765
0.09411765
0.09411765
0.05882353
0.05882353
0.14901961
0.1254902
0.14901961
0.14901961
0.14901961
0.09411765
0.09411765
0.09019608
0.09019608
0.09019608
0.015686275
0.039215688
0.078431375
0.07450981
0.078431375
0.08235294
0.06666667
0.05882353
0.05490196
0.05490196
0.05490196
0.050980393
0.043137256
0.03137255
0.023529412
0.011764706
0.011764706
0.015686275
0.015686275
0.019607844
0.015686275
0.015686275
0.011764706
0.011764706
0.007843138
0.007843138
0.003921569
0.0
0.0
0.0
0.0
0.0
0.0
0.0
0.0
0.0
0.0
0.0
0.0
0.0
0.0
0.0
0.0
0.1254902
0.039215688
0.4509804
0.43529412
0.3764706
0.39607844
0.047058824
0.39215687
0.3254902
0.30588236
0.4
0.30588236
0.22352941
0.25490198
0.18039216
0.06666667
0.21568628
0.23921569
0.007843138
0.19607843
0.023529412
0.26666668
0.2901961
0.12941177
0.05490196
0.0
0.023529412
0.003921569
-0.40392157
-0.36862746
0.047058824
0.0627451
0.36078432
0.007843138
0.047058824
0.06666667
0.05490196
0.003921569
0.003921569
0.003921569
0.003921569
0.011764706
0.007843138
0.019607844
0.011764706
0.07058824
0.08235294
0.14509805
0.105882354
0.043137256
0.011764706
0.07058824
0.03137255
0.0627451
0.07450981
0.17254902
0.2784314
0.21176471
0.3764706
0.22745098
0.13333334
0.18039216
0.31764707
0.3529412
0.28627452
0.05490196
0.09019608
0.023529412
0.011764706
0.003921569
0.0
0.0
0.05490196
0.003921569
0.09411765
0.07450981
0.07450981
0.06666667
0.05882353
0.05490196
0.047058824
0.039215688
0.03137255
0.023529412
0.019607844
0.015686275
0.02745098
0.05490196
0.05490196
0.03529412
0.0
0.007843138
0.1764706
0.09803922
0.007843138
0.07450981
0.0
0.10980392
0.1254902
0.09803922
0.09411765
0.09411765
0.09411765
0.09803922
0.09411765
0.08627451
0.05882353
0.09411765
0.105882354
0.10980392
0.09803922
0.09019608
0.09019608
0.023529412
0.047058824
0.09019608
0.09019608
0.078431375
0.13725491
0.08627451
0.078431375
0.09411765
0.101960786
0.07450981
0.05882353
0.050980393
0.047058824
0.047058824
0.043137256
0.03529412
0.02745098
0.0
0.0
0.015686275
0.019607844
0.023529412
0.019607844
0.019607844
0.015686275
0.011764706
0.011764706
0.007843138
0.007843138
0.003921569
0.0
0.0
0.0
0.0
0.0
0.0
0.0
0.0
0.0
0.0
0.0
0.0
0.0
0.0
0.0
0.0
0.11372549
0.105882354
0.1254902
0.4509804
0.4392157
0.4627451
0.42352942
0.38431373
0.42352942
0.44705883
-0.4392157
-0.3882353
-0.47843137
0.20784314
0.2784314
0.19215687
0.105882354
0.21176471
0.2627451
0.26666668
0.023529412
0.30588236
0.015686275
0.015686275
0.12941177
0.007843138
0.06666667
0.05882353
-0.36862746
-0.36862746
0.019607844
0.09411765
0.36078432
0.0
0.007843138
0.03137255
0.003921569
0.003921569
0.003921569
0.023529412
0.03137255
0.03137255
0.03137255
0.019607844
0.043137256
0.09803922
0.023529412
0.105882354
0.14509805
0.019607844
0.050980393
0.06666667
0.12156863
0.13725491
0.1254902
0.16470589
0.06666667
0.14117648
0.101960786
0.3764706
0.0
0.31764707
0.31764707
0.007843138
0.05882353
0.007843138
0.03529412
0.03529412
0.023529412
0.007843138
0.0
0.0
0.019607844
0.003921569
0.1254902
0.08627451
0.07450981
0.05882353
0.050980393
0.043137256
0.043137256
0.043137256
0.047058824
0.039215688
0.03137255
0.023529412
0.023529412
0.039215688
0.043137256
0.023529412
0.0
0.007843138
0.13725491
0.06666667
0.03137255
0.09411765
0.003921569
0.043137256
0.09803922
0.101960786
0.09803922
0.09411765
0.09803922
0.09803922
0.09803922
0.09019608
0.09411765
0.101960786
0.10980392
0.101960786
0.09411765
0.08627451
0.09019608
0.101960786
0.03529412
0.0627451
0.18431373
0.18431373
0.18431373
0.09019608
0.08627451
0.09411765
0.09411765
0.078431375
0.06666667
0.05490196
0.050980393
0.050980393
0.043137256
0.03529412
0.02745098
0.015686275
0.011764706
0.019607844
0.023529412
0.023529412
0.023529412
0.019607844
0.015686275
0.011764706
0.011764706
0.011764706
0.007843138
0.003921569
0.003921569
0.0
0.0
0.0
0.0
0.0
0.0
0.0
0.0
0.0
0.0
0.0
0.0
0.0
0.0
0.0
0.003921569
0.29803923
0.29803923
0.24705882
0.49803922
0.39607844
0.46666667
0.43137255
0.4117647
0.49019608
-0.46666667
-0.4509804
-0.35686275
0.4745098
0.18431373
0.2627451
0.21568628
0.21176471
0.26666668
0.26666668
0.023529412
0.34117648
0.16862746
0.003921569
0.1254902
0.03137255
0.047058824
0.101960786
-0.36862746
0.15294118
0.003921569
0.039215688
0.1254902
0.05882353
0.078431375
0.043137256
0.003921569
0.003921569
0.02745098
0.043137256
0.039215688
0.03137255
0.02745098
0.0627451
0.14509805
0.043137256
0.07058824
0.20784314
0.24705882
0.09803922
0.019607844
0.08235294
0.12156863
0.12941177
0.16078432
0.12156863
0.011764706
0.078431375
0.007843138
0.019607844
0.05490196
0.0
0.0
0.050980393
0.08235294
0.047058824
0.10980392
0.08627451
0.03529412
0.015686275
0.003921569
0.0
0.0
0.0
0.07058824
0.08627451
0.078431375
0.06666667
0.05882353
0.047058824
0.043137256
0.047058824
0.050980393
0.043137256
0.03137255
0.023529412
0.019607844
0.039215688
0.050980393
0.019607844
0.0
0.003921569
0.05882353
0.011764706
0.0
0.043137256
0.003921569
0.011764706
0.08235294
0.101960786
0.09803922
0.09803922
0.09803922
0.101960786
0.09803922
0.09411765
0.09803922
0.105882354
0.10980392
0.101960786
0.09019608
0.08627451
0.09411765
0.09019608
0.19215687
0.17254902
0.09803922
0.18431373
0.09803922
0.09411765
0.09019608
0.09411765
0.09411765
0.08627451
0.07058824
0.0627451
0.05490196
0.050980393
0.043137256
0.03529412
0.019607844
0.003921569
0.019607844
0.023529412
0.02745098
0.02745098
0.023529412
0.019607844
0.015686275
0.011764706
0.011764706
0.011764706
0.011764706
0.007843138
0.003921569
0.0
0.0
0.0
0.0
0.0
0.0
0.0
0.0
0.0
0.0
0.0
0.0
0.0
0.003921569
0.0
0.0
0.003921569
0.07450981
0.101960786
0.22745098
0.12156863
0.45882353
0.3372549
0.34901962
0.38431373
0.4627451
-0.49019608
0.42352942
0.4117647
0.0
0.20392157
0.4117647
0.3372549
0.26666668
0.32156864
0.023529412
0.003921569
0.05490196
0.08627451
0.16078432
0.007843138
0.09803922
-0.28627452
0.32156864
0.0
0.015686275
0.047058824
0.11372549
0.14901961
0.08235294
0.050980393
0.039215688
0.03137255
0.02745098
0.043137256
0.03529412
0.023529412
0.015686275
0.039215688
0.15294118
0.023529412
0.023529412
0.003921569
0.0
0.003921569
0.043137256
0.03529412
0.101960786
0.14509805
0.13333334
0.20392157
0.1254902
0.011764706
0.007843138
0.015686275
0.07058824
0.08235294
0.105882354
0.0627451
0.09803922
0.06666667
0.15686275
0.101960786
0.039215688
0.019607844
0.003921569
0.0
0.0
0.0
0.050980393
0.08627451
0.08235294
0.08235294
0.07058824
0.05882353
0.043137256
0.039215688
0.03529412
0.03529412
0.03137255
0.03137255
0.023529412
0.03137255
0.039215688
0.011764706
0.0
0.015686275
0.015686275
0.003921569
0.0
0.007843138
0.023529412
0.06666667
0.08235294
0.09803922
0.06666667
0.07058824
0.09803922
0.09803922
0.09803922
0.09411765
0.09411765
0.09803922
0.101960786
0.09803922
0.09019608
0.09019608
0.09411765
0.09803922
0.09411765
0.09411765
0.09411765
0.09803922
0.09411765
0.08627451
0.08627451
0.08627451
0.08627451
0.078431375
0.06666667
0.05490196
0.050980393
0.047058824
0.03529412
0.02745098
0.003921569
0.003921569
0.007843138
0.007843138
0.007843138
0.02745098
0.019607844
0.015686275
0.015686275
0.015686275
0.015686275
0.015686275
0.011764706
0.007843138
0.003921569
0.0
0.0
0.0
0.0
0.0
0.0
0.0
0.0
0.0
0.0
0.0
0.0
0.0
0.0
0.003921569
0.0
0.0
0.003921569
0.011764706
0.101960786
0.14509805
0.08235294
0.19607843
0.03529412
0.03529412
0.34901962
0.40392157
0.30980393
0.15294118
0.34901962
0.41960785
0.28235295
0.36078432
0.26666668
0.26666668
0.34901962
0.21568628
0.0
0.0
0.16470589
0.12156863
0.101960786
0.3647059
0.39215687
0.05490196
0.0
0.0
0.02745098
0.019607844
0.07058824
0.05882353
0.06666667
0.043137256
0.015686275
0.02745098
0.019607844
0.011764706
0.007843138
0.043137256
0.023529412
0.23921569
0.007843138
0.047058824
0.0
0.011764706
0.0
0.03137255
0.105882354
0.09411765
0.0627451
0.14509805
0.011764706
0.015686275
0.019607844
0.003921569
0.007843138
0.06666667
0.14901961
0.14901961
0.13333334
0.08235294
0.047058824
0.09803922
0.09803922
0.03137255
0.007843138
0.0
0.0
0.0
0.0
0.07058824
0.09019608
0.09019608
0.08235294
0.06666667
0.050980393
0.03529412
0.02745098
0.03137255
0.03529412
0.039215688
0.02745098
0.015686275
0.011764706
0.0
0.0
0.003921569
0.003921569
0.0
0.0
0.0
0.0
0.0627451
0.09803922
0.09803922
0.07450981
0.07450981
0.09411765
0.09803922
0.09411765
0.09019608
0.09019608
0.09411765
0.09803922
0.09411765
0.09019608
0.09019608
0.09803922
0.101960786
0.09411765
0.09411765
0.09411765
0.09411765
0.09019608
0.08627451
0.08235294
0.078431375
0.07450981
0.06666667
0.05882353
0.05490196
0.050980393
0.043137256
0.03529412
0.02745098
0.003921569
0.003921569
0.007843138
0.007843138
0.007843138
0.003921569
0.019607844
0.015686275
0.015686275
0.015686275
0.019607844
0.019607844
0.011764706
0.007843138
0.003921569
0.0
0.0
0.0
0.0
0.0
0.0
0.0
0.0
0.0
0.0
0.0
0.0
0.0
0.0
0.003921569
0.0
0.003921569
0.003921569
0.015686275
0.023529412
0.14509805
0.03529412
0.03529412
0.05490196
0.05490196
0.08627451
0.41568628
0.3254902
0.0
0.3372549
0.3529412
0.4627451
0.26666668
0.30980393
0.3529412
0.2901961
0.30980393
0.15294118
0.16470589
0.12941177
0.05490196
-0.2901961
0.43137255
0.43137255
0.05490196
0.08627451
0.0
0.011764706
0.011764706
0.047058824
0.09019608
0.06666667
0.03529412
0.015686275
0.0
0.0
0.015686275
0.003921569
0.02745098
0.23921569
0.23921569
0.23921569
0.18039216
0.003921569
0.015686275
0.023529412
0.09019608
0.14509805
0.050980393
0.0
0.07450981
0.10980392
0.015686275
0.011764706
0.078431375
0.16862746
0.2627451
0.2627451
0.2627451
0.05882353
0.14117648
0.09803922
0.050980393
0.07058824
0.047058824
0.011764706
0.0
0.0
0.0
0.0
0.078431375
0.09411765
0.09411765
0.09019608
0.07450981
0.05882353
0.047058824
0.039215688
0.043137256
0.047058824
0.039215688
0.023529412
0.007843138
0.0
0.0
0.0
0.003921569
0.0
0.0
0.0
0.0
0.0
0.05882353
0.09019608
0.09803922
0.09411765
0.09411765
0.09803922
0.09803922
0.09803922
0.09411765
0.09019608
0.09019608
0.09019608
0.09019608
0.09019608
0.09803922
0.105882354
0.105882354
0.09803922
0.09411765
0.09411765
0.09411765
0.09019608
0.08235294
0.078431375
0.07450981
0.07058824
0.0627451
0.05490196
0.047058824
0.039215688
0.03529412
0.02745098
0.003921569
0.003921569
0.003921569
0.007843138
0.007843138
0.007843138
0.003921569
0.019607844
0.015686275
0.015686275
0.015686275
0.019607844
0.019607844
0.015686275
0.007843138
0.003921569
0.0
0.0
0.0
0.0
0.0
0.0
0.0
0.0
0.0
0.0
0.0
0.0
0.003921569
0.0
0.0
0.0
0.007843138
0.007843138
0.14117648
0.14117648
0.09803922
0.03529412
0.011764706
0.05490196
0.05490196
0.44705883
-0.1882353
-0.19607843
-0.12941177
-0.26666668
0.3019608
0.39215687
0.3019608
0.21568628
0.40392157
0.37254903
0.015686275
0.015686275
0.11372549
0.19607843
-0.43137255
0.4
0.49411765
0.3647059
0.24313726
0.12941177
0.003921569
0.015686275
0.003921569
0.003921569
0.02745098
0.07058824
0.0
0.0
0.0
0.023529412
0.050980393
0.015686275
0.08235294
0.007843138
0.23921569
0.023529412
0.11764706
0.015686275
0.09019608
0.09803922
0.13725491
0.26666668
0.26666668
0.26666668
0.0
0.039215688
0.14509805
0.14117648
0.16078432
0.16862746
0.101960786
0.2627451
0.2627451
0.2627451
0.13333334
0.19215687
0.20392157
0.105882354
0.039215688
0.011764706
0.0
0.0
0.0
0.0
0.07450981
0.09803922
0.09803922
0.09411765
0.08235294
0.07058824
0.0627451
0.05882353
0.05882353
0.050980393
0.03529412
0.019607844
0.003921569
0.0
0.0
0.003921569
0.003921569
0.0
0.0
0.0
0.0
0.02745098
0.05490196
0.08627451
0.101960786
0.09803922
0.09803922
0.09803922
0.101960786
0.09803922
0.09019608
0.07450981
0.06666667
0.0627451
0.06666667
0.08235294
0.09803922
0.105882354
0.101960786
0.09019608
0.08627451
0.09411765
0.09803922
0.09411765
0.08627451
0.08235294
0.078431375
0.07450981
0.06666667
0.05882353
0.043137256
0.02745098
0.015686275
0.015686275
0.003921569
0.003921569
0.003921569
0.02745098
0.02745098
0.003921569
0.003921569
0.019607844
0.015686275
0.015686275
0.019607844
0.019607844
0.015686275
0.011764706
0.007843138
0.003921569
0.0
0.0
0.0
0.0
0.0
0.0
0.0
0.0
0.0
0.0
0.0
0.0
0.039215688
0.0
0.003921569
0.0
0.0
0.007843138
0.015686275
0.101960786
0.019607844
0.3254902
0.2509804
0.15686275
-0.5019608
-0.32156864
-0.047058824
-0.17254902
-0.23921569
-0.2509804
0.47843137
0.24313726
0.21176471
0.34117648
0.2901961
0.38039216
0.023529412
0.043137256
0.0
0.015686275
-0.4627451
0.34117648
0.45882353
0.30588236
0.14901961
0.09411765
0.003921569
0.011764706
0.03529412
0.015686275
0.07058824
0.08235294
0.003921569
0.023529412
0.043137256
0.05490196
0.06666667
0.015686275
0.08235294
0.050980393
0.007843138
0.09411765
0.15294118
0.05490196
0.10980392
0.03529412
0.09411765
0.26666668
0.26666668
0.26666668
0.011764706
0.003921569
0.08235294
0.3019608
0.1254902
0.11372549
0.2627451
0.2627451
0.2627451
0.2627451
0.2627451
0.07058824
0.14509805
0.09803922
0.24705882
0.24705882
0.24705882
0.0
0.0
0.0
0.05882353
0.09803922
0.09803922
0.09411765
0.08627451
0.078431375
0.07450981
0.06666667
0.0627451
0.047058824
0.02745098
0.011764706
0.0
0.0
0.0
0.003921569
0.0
0.0
0.0
0.0
0.0
0.03137255
0.06666667
0.09411765
0.09803922
0.09803922
0.09411765
0.09803922
0.101960786
0.09803922
0.08627451
0.0627451
0.0627451
0.05882353
0.05882353
0.07450981
0.078431375
0.07058824
0.0627451
0.05490196
0.05882353
0.078431375
0.09411765
0.09411765
0.08627451
0.078431375
0.07450981
0.07450981
0.06666667
0.05490196
0.03529412
0.019607844
0.019607844
0.023529412
0.023529412
0.003921569
0.003921569
0.023529412
0.023529412
0.019607844
0.015686275
0.015686275
0.015686275
0.019607844
0.023529412
0.019607844
0.011764706
0.007843138
0.003921569
0.0
0.0
0.0
0.0
0.0
0.0
0.0
0.0
0.0
0.0
0.0
0.0
0.0
0.0
0.0
0.0
0.0
0.003921569
0.0
0.0
0.007843138
0.07450981
0.3882353
0.36078432
0.16078432
0.015686275
-0.49019608
0.49019608
0.49803922
0.4
0.3254902
0.3882353
0.2509804
0.14901961
0.2901961
0.34117648
0.27058825
0.03529412
0.08627451
0.007843138
0.007843138
-0.4627451
0.3254902
-0.4627451
0.05490196
0.20392157
0.07450981
0.015686275
0.011764706
0.09411765
0.08627451
0.003921569
0.14117648
0.08627451
0.011764706
0.015686275
0.07450981
0.07450981
0.0
0.07058824
0.09411765
0.14509805
0.23921569
0.09803922
0.019607844
0.20392157
0.20392157
0.20392157
0.1254902
0.18431373
0.13333334
0.08235294
0.26666668
0.003921569
0.09803922
0.3019608
0.11372549
0.015686275
0.2627451
0.07450981
0.2627451
0.2627451
0.14117648
0.24705882
0.24705882
0.1254902
0.24705882
0.24705882
0.0
0.0
0.0
0.05882353
0.09411765
0.09411765
0.09019608
0.08627451
0.078431375
0.07450981
0.06666667
0.05490196
0.03529412
0.015686275
0.003921569
0.0
0.0
0.0
0.023529412
0.0
0.0
0.0
0.003921569
0.03137255
0.0627451
0.08235294
0.09411765
0.09803922
0.09411765
0.09411765
0.09411765
0.09803922
0.09411765
0.09019608
0.08627451
0.08627451
0.08627451
0.08235294
0.08235294
0.07058824
0.05882353
0.050980393
0.047058824
0.050980393
0.07058824
0.08627451
0.09019608
0.08235294
0.078431375
0.07450981
0.06666667
0.05882353
0.047058824
0.03529412
0.03137255
0.02745098
0.023529412
0.003921569
0.003921569
0.003921569
0.003921569
0.015686275
0.011764706
0.011764706
0.015686275
0.015686275
0.019607844
0.023529412
0.019607844
0.015686275
0.007843138
0.003921569
0.0
0.0
0.0
0.0
0.0
0.0
0.0
0.0
0.0
0.0
0.0
0.0
0.0
0.0
0.003921569
0.015686275
0.0
0.0
0.015686275
0.015686275
0.0
0.0
0.05882353
0.015686275
0.015686275
0.015686275
0.16078432
0.4509804
0.3019608
0.34901962
0.26666668
0.16862746
0.23921569
0.18431373
0.13725491
0.30588236
0.23529412
0.10980392
0.0
0.02745098
0.02745098
0.3019608
0.05490196
0.2627451
0.20392157
0.02745098
0.09019608
0.007843138
0.02745098
0.02745098
0.11372549
0.16862746
0.12156863
0.14509805
0.09411765
0.047058824
0.07450981
0.078431375
0.02745098
0.07450981
0.078431375
0.23921569
0.23921569
0.050980393
0.019607844
0.019607844
0.20392157
0.20392157
0.20392157
0.20392157
0.20392157
0.16078432
0.26666668
0.050980393
0.1254902
0.07058824
0.2
0.22352941
0.15686275
0.09411765
0.105882354
0.21960784
0.24705882
0.24705882
0.24705882
0.05490196
0.13333334
0.08627451
0.0
0.0
0.0
0.05882353
0.09411765
0.09411765
0.09019608
0.08627451
0.078431375
0.07058824
0.05882353
0.047058824
0.02745098
0.011764706
0.0
0.0
0.0
0.043137256
0.039215688
0.0
0.0
0.0
0.011764706
0.05882353
0.08627451
0.09411765
0.09803922
0.09803922
0.09411765
0.09411765
0.09411765
0.09803922
0.09803922
0.09411765
0.09411765
0.09803922
0.09803922
0.09411765
0.09019608
0.09019608
0.08627451
0.08627451
0.08235294
0.08235294
0.08627451
0.09019608
0.09019608
0.08627451
0.09019608
0.08235294
0.07450981
0.0627451
0.05490196
0.047058824
0.043137256
0.039215688
0.03529412
0.03137255
0.003921569
0.003921569
0.003921569
0.011764706
0.007843138
0.007843138
0.011764706
0.015686275
0.019607844
0.023529412
0.023529412
0.019607844
0.011764706
0.003921569
0.0
0.0
0.0
0.0
0.0
0.0
0.0
0.0
0.0
0.0
0.0
0.0
0.0
0.0
0.0
0.007843138
0.007843138
0.0
0.0
0.003921569
0.015686275
0.0
0.0
0.16078432
0.16078432
0.16078432
0.14117648
0.36078432
0.4627451
0.21176471
0.22352941
0.16862746
0.03529412
0.18431373
0.13333334
0.13725491
0.007843138
0.07058824
0.007843138
0.05490196
0.3019608
0.3019608
0.3019608
0.03529412
0.22352941
0.13333334
0.10980392
0.07058824
0.019607844
0.06666667
0.08627451
0.16862746
0.14901961
0.13333334
0.14901961
0.023529412
0.0627451
0.050980393
0.019607844
0.09411765
0.13725491
0.047058824
0.23921569
0.050980393
0.011764706
0.019607844
0.20392157
0.20392157
0.20392157
0.20392157
0.20392157
0.16470589
0.12156863
0.10980392
0.20392157
0.27058825
0.09411765
0.11372549
0.10980392
0.14509805
0.14901961
0.24705882
0.24705882
0.24705882
0.21960784
0.24705882
0.24705882
0.011764706
0.0
0.0
0.0
0.003921569
0.09803922
0.09803922
0.09803922
0.09019608
0.08235294
0.07058824
0.05490196
0.03529412
0.019607844
0.003921569
0.0
0.0
0.0
0.0
0.0
0.0
0.0
0.0
0.011764706
0.07058824
0.09803922
0.09803922
0.101960786
0.101960786
0.09803922
0.09803922
0.09803922
0.101960786
0.09803922
0.09803922
0.09803922
0.101960786
0.101960786
0.09803922
0.09803922
0.09803922
0.101960786
0.101960786
0.09411765
0.09019608
0.09019608
0.09019608
0.08627451
0.09019608
0.09803922
0.09411765
0.08235294
0.07450981
0.0627451
0.050980393
0.047058824
0.043137256
0.039215688
0.03529412
0.003921569
0.003921569
0.003921569
0.007843138
0.007843138
0.007843138
0.011764706
0.015686275
0.015686275
0.019607844
0.015686275
0.011764706
0.003921569
0.0
0.0
0.0
0.0
0.0
0.0
0.0
0.0
0.0
0.0
0.0
0.0
0.0
0.0
0.0
0.0
0.0
0.0
0.0
0.015686275
0.0
0.03529412
0.0627451
0.02745098
0.16078432
0.12156863
0.16078432
0.16078432
0.13725491
0.105882354
0.0
0.07058824
0.101960786
0.0
0.05490196
0.16862746
0.23137255
0.015686275
0.14901961
0.15294118
0.11372549
0.11764706
0.3019608
0.015686275
0.09411765
0.1764706
0.19607843
0.023529412
0.101960786
0.043137256
0.015686275
0.09411765
0.10980392
0.15686275
0.15294118
0.1254902
0.0627451
0.101960786
0.0627451
0.015686275
0.07450981
0.07450981
0.12156863
0.23921569
0.03529412
0.08235294
0.105882354
0.08235294
0.078431375
0.18039216
0.1764706
0.16078432
0.16078432
0.13333334
0.14509805
0.13333334
0.15686275
0.14117648
0.12941177
0.09411765
0.101960786
0.15686275
0.24705882
0.24705882
0.12156863
0.13725491
0.16862746
0.06666667
0.003921569
0.0
0.0
0.0
0.0
0.08235294
0.105882354
0.101960786
0.09411765
0.08235294
0.06666667
0.047058824
0.02745098
0.011764706
0.0
0.0
0.0
0.0
0.0
0.0
0.003921569
0.003921569
0.0
0.015686275
0.07450981
0.09803922
0.101960786
0.105882354
0.101960786
0.101960786
0.0627451
0.08235294
0.105882354
0.0
0.03529412
0.101960786
0.101960786
0.105882354
0.101960786
0.09803922
0.101960786
0.105882354
0.10980392
0.09803922
0.09411765
0.09019608
0.09411765
0.09019608
0.09019608
0.09019608
0.09019608
0.09411765
0.09019608
0.078431375
0.06666667
0.05882353
0.05490196
0.047058824
0.039215688
0.003921569
0.003921569
0.003921569
0.011764706
0.011764706
0.011764706
0.011764706
0.011764706
0.011764706
0.011764706
0.007843138
0.003921569
0.0
0.0
0.0
0.0
0.0
0.0
0.0
0.0
0.0
0.0
0.0
0.0
0.0
0.0
0.0
0.0
0.0
0.0
0.0
0.0
0.007843138
0.023529412
0.0
0.0
0.050980393
0.0
0.0
0.07450981
0.14901961
0.02745098
0.043137256
0.015686275
0.11764706
0.09803922
0.13333334
0.23921569
0.101960786
0.15294118
0.13725491
0.08627451
0.101960786
0.13333334
0.3019608
0.19607843
0.05882353
0.03529412
0.16470589
0.08235294
0.05882353
0.105882354
0.043137256
0.019607844
0.07450981
0.13725491
0.09803922
0.21960784
0.1254902
0.11764706
0.08235294
0.039215688
0.09019608
0.05882353
0.07450981
0.08235294
0.23921569
0.10980392
0.15294118
0.17254902
0.15686275
0.14509805
0.1764706
0.16470589
0.18039216
0.16078432
0.15294118
0.23921569
0.21176471
0.19607843
0.25490198
0.25490198
0.15294118
0.17254902
0.23921569
0.2784314
0.25490198
0.0
0.21176471
0.18431373
0.11764706
0.047058824
0.0
0.0
0.0
0.0
0.07058824
0.101960786
0.09803922
0.08627451
0.07058824
0.05490196
0.03137255
0.015686275
0.003921569
0.0
0.0
0.0
0.0
0.0
0.003921569
0.007843138
0.0
0.007843138
0.043137256
0.08627451
0.09803922
0.09803922
0.101960786
0.09803922
0.09803922
0.07058824
0.08627451
0.101960786
0.023529412
0.015686275
0.03529412
0.09803922
0.0
0.03137255
0.09411765
0.09803922
0.101960786
0.09803922
0.09411765
0.09019608
0.0
0.019607844
0.08627451
0.08627451
0.08235294
0.08627451
0.08627451
0.08235294
0.07058824
0.0627451
0.05490196
0.050980393
0.043137256
0.03529412
0.003921569
0.003921569
0.011764706
0.003921569
0.003921569
0.015686275
0.015686275
0.011764706
0.011764706
0.011764706
0.007843138
0.003921569
0.0
0.0
0.0
0.0
0.0
0.0
0.0
0.0
0.0
0.0
0.0
0.0
0.0
0.0
0.0
0.0
0.0
0.0
0.0
0.0
0.007843138
0.011764706
0.023529412
0.019607844
0.0
0.03137255
0.043137256
0.0
0.007843138
0.0
0.003921569
0.105882354
0.08627451
0.14901961
0.101960786
0.14117648
0.1882353
0.13333334
0.105882354
0.13725491
0.10980392
0.18431373
0.16862746
0.3019608
0.015686275
0.03137255
0.16470589
0.09803922
0.02745098
0.05882353
0.05490196
0.007843138
0.043137256
0.14509805
0.15294118
0.14901961
0.16078432
0.12941177
0.019607844
0.105882354
0.1254902
0.047058824
0.23921569
0.23921569
0.06666667
0.11764706
0.12941177
0.10980392
0.015686275
0.007843138
0.003921569
0.011764706
0.015686275
0.15686275
0.019607844
0.078431375
0.12156863
0.003921569
0.16078432
0.16078432
0.17254902
0.15294118
0.16862746
0.09803922
0.003921569
0.18431373
0.20392157
0.1254902
0.15686275
0.07058824
0.0
0.0
0.0
0.0
0.0
0.07450981
0.08627451
0.07058824
0.05490196
0.03529412
0.019607844
0.003921569
0.0
0.0
0.0
0.0
0.015686275
0.019607844
0.015686275
0.007843138
0.0
0.011764706
0.06666667
0.09411765
0.09411765
0.09411765
0.09803922
0.09803922
0.09411765
0.09411765
0.0
0.02745098
0.08627451
0.015686275
0.043137256
0.09803922
0.05490196
0.08235294
0.09411765
0.09411765
0.09803922
0.09803922
0.09019608
0.09019608
0.105882354
0.1254902
0.09019608
0.0
0.015686275
0.08627451
0.078431375
0.07058824
0.05882353
0.050980393
0.050980393
0.043137256
0.03529412
0.02745098
0.003921569
0.003921569
0.003921569
0.003921569
0.003921569
0.003921569
0.015686275
0.015686275
0.019607844
0.015686275
0.011764706
0.003921569
0.0
0.0
0.0
0.0
0.0
0.0
0.0
0.0
0.0
0.0
0.0
0.0
0.0
0.0
0.0
0.0
0.0
0.011764706
0.015686275
0.003921569
0.07058824
0.06666667
0.10980392
0.0627451
0.011764706
0.0627451
0.14901961
0.015686275
0.12941177
0.08235294
0.07058824
0.0
0.003921569
0.078431375
0.15686275
0.10980392
0.043137256
0.10980392
0.09411765
0.14509805
0.09019608
0.003921569
0.02745098
0.015686275
0.07058824
0.015686275
0.039215688
0.043137256
0.043137256
0.015686275
0.019607844
0.0
0.02745098
0.10980392
0.13725491
0.13333334
0.16470589
0.16078432
0.043137256
0.12941177
0.011764706
0.039215688
0.043137256
0.11764706
0.08235294
0.101960786
0.11372549
0.11764706
0.019607844
0.050980393
0.043137256
0.06666667
0.0
0.08235294
0.08235294
0.03137255
0.07058824
0.043137256
0.047058824
0.03529412
0.078431375
0.0
0.1254902
0.105882354
0.02745098
0.02745098
0.02745098
0.07450981
0.1764706
0.15294118
0.043137256
0.0
0.0
0.0
0.0
0.047058824
0.0627451
0.050980393
0.03529412
0.019607844
0.007843138
0.0
0.0
0.0
0.0
0.023529412
0.039215688
0.03529412
0.019607844
0.007843138
0.0
0.015686275
0.07450981
0.09803922
0.09411765
0.09803922
0.05490196
0.039215688
0.078431375
0.105882354
0.05882353
0.07058824
0.03529412
0.047058824
0.09803922
0.105882354
0.105882354
0.09803922
0.09411765
0.105882354
0.105882354
0.08627451
0.105882354
0.105882354
0.105882354
0.09803922
0.09803922
0.039215688
0.0627451
0.08235294
0.08235294
0.07058824
0.05882353
0.05490196
0.050980393
0.047058824
0.039215688
0.03529412
0.003921569
0.007843138
0.007843138
0.007843138
0.003921569
0.003921569
0.003921569
0.019607844
0.015686275
0.011764706
0.007843138
0.003921569
0.003921569
0.0
0.0
0.0
0.0
0.0
0.0
0.0
0.0
0.0
0.0
0.0
0.0
0.0
0.0
0.0
0.0
0.03529412
0.078431375
0.019607844
0.0
0.0
0.02745098
0.05490196
0.08235294
0.02745098
0.12156863
0.003921569
0.015686275
0.12941177
0.07450981
0.007843138
0.0
0.003921569
0.03529412
0.1764706
0.08235294
0.02745098
0.12156863
0.02745098
0.09411765
0.1254902
0.011764706
0.050980393
0.015686275
0.003921569
0.003921569
0.007843138
0.011764706
0.0
0.0
0.0
0.007843138
0.03529412
0.043137256
0.17254902
0.11372549
0.03137255
0.11764706
0.043137256
0.078431375
0.08627451
0.14901961
0.12156863
0.078431375
0.09411765
0.12941177
0.0
0.019607844
0.019607844
0.039215688
0.0627451
0.023529412
0.043137256
0.0
0.003921569
0.019607844
0.08235294
0.07450981
0.06666667
0.06666667
0.03529412
0.050980393
0.05490196
0.05490196
0.05882353
0.05490196
0.047058824
0.07450981
0.10980392
0.039215688
0.0
0.0
0.0
0.0
0.0
0.019607844
0.023529412
0.015686275
0.003921569
0.0
0.0
0.0
0.019607844
0.03137255
0.043137256
0.043137256
0.02745098
0.011764706
0.003921569
0.007843138
0.050980393
0.09411765
0.101960786
0.09803922
0.101960786
0.08235294
0.07058824
0.09019608
0.09803922
0.101960786
0.105882354
0.105882354
0.05882353
0.105882354
0.105882354
0.101960786
0.101960786
0.09803922
0.101960786
0.105882354
0.105882354
0.105882354
0.105882354
0.105882354
0.105882354
0.08235294
0.06666667
0.050980393
0.07450981
0.08627451
0.07058824
0.0627451
0.05490196
0.050980393
0.047058824
0.039215688
0.03529412
0.007843138
0.003921569
0.003921569
0.003921569
0.007843138
0.003921569
0.003921569
0.015686275
0.015686275
0.011764706
0.007843138
0.003921569
0.003921569
0.0
0.0
0.0
0.0
0.0
0.0
0.0
0.0
0.0
0.0
0.0
0.0
0.0
0.0
0.0
0.0
0.0
0.078431375
0.078431375
0.02745098
0.101960786
0.12941177
0.023529412
0.003921569
0.1254902
0.03137255
0.07058824
0.007843138
0.019607844
0.0
0.003921569
0.015686275
0.13725491
0.003921569
0.023529412
0.14117648
0.07058824
0.078431375
0.12156863
0.0
0.078431375
0.101960786
0.03529412
0.1254902
0.007843138
0.007843138
0.003921569
0.0
0.0
0.0
0.0
0.0
0.047058824
0.14117648
0.14901961
0.09803922
0.11372549
0.16470589
0.11764706
0.18039216
0.14901961
0.011764706
0.07450981
0.078431375
0.08235294
0.023529412
0.050980393
0.0
0.043137256
0.09019608
0.047058824
0.05490196
0.09411765
0.043137256
0.03137255
0.011764706
0.02745098
0.09019608
0.09019608
0.09019608
0.09019608
0.08235294
0.0
0.0
0.07450981
0.078431375
0.06666667
0.03137255
0.08627451
0.047058824
0.003921569
0.0
0.0
0.0
0.0
0.0
0.0
0.0
0.0
0.007843138
0.015686275
0.02745098
0.047058824
0.05490196
0.050980393
0.03529412
0.019607844
0.003921569
0.0
0.011764706
0.078431375
0.101960786
0.101960786
0.09803922
0.101960786
0.101960786
0.101960786
0.09803922
0.09803922
0.101960786
0.105882354
0.101960786
0.09803922
0.105882354
0.101960786
0.105882354
0.101960786
0.09803922
0.101960786
0.105882354
0.101960786
0.105882354
0.105882354
0.105882354
0.105882354
0.06666667
0.039215688
0.05882353
0.07058824
0.08235294
0.078431375
0.06666667
0.0627451
0.05882353
0.050980393
0.043137256
0.039215688
0.003921569
0.003921569
0.019607844
0.007843138
0.007843138
0.003921569
0.003921569
0.003921569
0.015686275
0.011764706
0.007843138
0.003921569
0.003921569
0.0
0.0
0.0
0.0
0.0
0.0
0.0
0.0
0.0
0.0
0.0
0.0
0.0
0.0
0.0
0.0
0.0
0.011764706
0.05490196
0.015686275
0.03137255
0.019607844
0.101960786
0.023529412
0.06666667
0.12941177
0.09019608
0.007843138
0.007843138
0.015686275
0.07450981
0.1254902
0.015686275
0.13725491
0.0
0.015686275
0.13333334
0.06666667
0.08627451
0.12156863
0.08627451
0.14117648
0.105882354
0.019607844
0.0
0.0
0.0
0.0
0.0
0.0
0.0
0.0
0.050980393
0.12941177
0.11372549
0.15294118
0.14901961
0.101960786
0.09019608
0.0627451
0.18039216
0.078431375
0.07058824
0.08627451
0.105882354
0.07450981
0.05490196
0.0
0.003921569
0.05490196
0.07450981
0.011764706
0.03137255
0.09411765
0.06666667
0.011764706
0.02745098
0.09411765
0.09411765
0.09803922
0.09803922
0.09411765
0.011764706
0.0
0.0
0.0
0.007843138
0.05882353
0.047058824
0.03137255
0.011764706
0.003921569
0.0
0.0
0.0
0.0
0.003921569
0.007843138
0.015686275
0.02745098
0.043137256
0.05490196
0.0627451
0.0627451
0.050980393
0.03137255
0.011764706
0.0
0.0
0.015686275
0.078431375
0.09803922
0.09803922
0.09411765
0.09803922
0.09803922
0.09803922
0.09411765
0.09411765
0.09803922
0.09803922
0.09803922
0.09411765
0.09411765
0.09803922
0.09803922
0.09803922
0.09411765
0.09803922
0.105882354
0.09803922
0.09411765
0.09411765
0.101960786
0.101960786
0.09803922
0.09411765
0.05490196
0.039215688
0.07058824
0.07058824
0.05882353
0.05490196
0.050980393
0.043137256
0.039215688
0.03529412
0.03529412
0.003921569
0.007843138
0.007843138
0.007843138
0.003921569
0.003921569
0.003921569
0.003921569
0.007843138
0.007843138
0.003921569
0.003921569
0.0
0.0
0.0
0.0
0.0
0.0
0.0
0.0
0.0
0.0
0.0
0.0
0.0
0.0
0.0
0.011764706
0.003921569
0.03137255
0.050980393
0.011764706
0.0
0.09803922
0.03137255
0.105882354
0.07450981
0.07450981
0.1254902
0.09019608
0.07058824
0.10980392
0.078431375
0.07058824
0.1254902
0.007843138
0.015686275
0.1254902
0.023529412
0.13333334
0.05490196
0.015686275
0.05882353
0.03529412
0.14117648
0.11372549
0.03529412
0.0
0.0
0.0
0.0
0.0
0.0
0.039215688
0.09411765
0.039215688
0.16078432
0.105882354
0.011764706
0.03137255
0.047058824
0.02745098
0.14901961
0.09411765
0.078431375
0.10980392
0.02745098
0.08235294
0.03137255
0.050980393
0.047058824
0.07450981
0.09803922
0.0
0.003921569
0.023529412
0.09411765
0.0
0.011764706
0.08627451
0.09019608
0.09803922
0.09803922
0.09411765
0.0
0.015686275
0.03529412
0.08235294
0.0
0.007843138
0.05490196
0.043137256
0.07058824
0.03529412
0.0
0.0
0.003921569
0.007843138
0.015686275
0.02745098
0.039215688
0.050980393
0.06666667
0.07450981
0.07450981
0.0627451
0.047058824
0.02745098
0.007843138
0.0
0.0
0.015686275
0.078431375
0.09803922
0.09411765
0.007843138
0.05882353
0.09803922
0.09803922
0.09411765
0.09411765
0.09803922
0.09803922
0.09803922
0.09411765
0.10980392
0.10980392
0.10980392
0.10980392
0.105882354
0.105882354
0.105882354
0.105882354
0.105882354
0.09411765
0.09803922
0.101960786
0.09803922
0.09411765
0.09411765
0.09019608
0.08235294
0.06666667
0.05490196
0.050980393
0.047058824
0.043137256
0.043137256
0.039215688
0.039215688
0.007843138
0.007843138
0.007843138
0.02745098
0.003921569
0.003921569
0.003921569
0.0
0.0
0.003921569
0.003921569
0.003921569
0.0
0.0
0.0
0.0
0.0
0.0
0.0
0.0
0.0
0.0
0.0
0.0
0.0
0.0
0.0
0.02745098
0.0
0.003921569
0.03137255
0.07058824
0.03137255
0.09803922
0.14117648
0.019607844
0.047058824
0.08627451
0.07450981
0.11764706
0.07450981
0.019607844
0.0
0.078431375
0.023529412
0.13333334
0.078431375
0.07450981
0.12941177
0.08235294
0.0
0.05490196
0.02745098
0.12156863
0.07058824
0.078431375
0.043137256
0.0
0.0
0.0
0.015686275
0.043137256
0.03529412
0.09411765
0.08235294
0.105882354
0.11764706
0.015686275
0.078431375
0.03137255
0.05882353
0.03137255
0.019607844
0.03137255
0.05490196
0.09019608
0.08627451
0.003921569
0.07450981
0.10980392
0.09411765
0.09803922
0.09803922
0.043137256
0.050980393
0.07450981
0.09019608
0.023529412
0.015686275
0.015686275
0.06666667
0.08627451
0.09803922
0.09803922
0.03137255
0.0
0.0
0.07058824
0.007843138
0.007843138
0.0627451
0.043137256
0.039215688
0.08235294
0.09803922
0.0
0.023529412
0.03529412
0.043137256
0.05490196
0.06666667
0.07450981
0.08627451
0.08627451
0.078431375
0.0627451
0.047058824
0.023529412
0.003921569
0.0
0.007843138
0.05490196
0.09411765
0.101960786
0.09803922
0.08235294
0.09803922
0.101960786
0.007843138
0.003921569
0.08235294
0.09803922
0.101960786
0.09803922
0.10980392
0.10980392
0.10980392
0.101960786
0.09803922
0.105882354
0.09803922
0.101960786
0.101960786
0.09803922
0.09803922
0.101960786
0.101960786
0.09803922
0.09411765
0.09411765
0.09019608
0.08235294
0.06666667
0.05490196
0.047058824
0.039215688
0.03529412
0.03529412
0.043137256
0.043137256
0.007843138
0.007843138
0.007843138
0.023529412
0.019607844
0.003921569
0.003921569
0.0
0.0
0.0
0.0
0.0
0.0
0.0
0.0
0.0
0.0
0.0
0.0
0.0
0.0
0.0
0.0
0.0
0.0
0.0
0.0
0.0
0.03137255
0.047058824
0.011764706
0.08235294
0.0627451
0.0
0.09019608
0.047058824
0.03529412
0.105882354
0.0
0.0
0.07058824
0.14509805
0.023529412
0.1254902
0.14117648
0.078431375
0.0
0.078431375
0.078431375
0.12156863
0.03137255
0.14509805
0.12941177
0.08627451
0.1254902
0.09411765
0.015686275
0.05490196
0.0
0.0
0.0627451
0.15686275
0.043137256
0.011764706
0.12941177
0.10980392
0.003921569
0.007843138
0.12941177
0.039215688
0.07058824
0.043137256
0.07450981
0.0627451
0.05490196
0.09411765
0.09803922
0.0627451
0.08627451
0.09803922
0.09803922
0.101960786
0.09803922
0.09411765
0.08627451
0.08627451
0.08235294
0.05882353
0.050980393
0.019607844
0.043137256
0.023529412
0.07058824
0.08627451
0.0
0.003921569
0.0
0.011764706
0.015686275
0.011764706
0.06666667
0.050980393
0.003921569
0.07058824
0.19607843
0.007843138
0.047058824
0.06666667
0.07058824
0.078431375
0.08627451
0.09411765
0.09411765
0.09019608
0.078431375
0.0627451
0.043137256
0.019607844
0.0
0.007843138
0.05882353
0.09411765
0.101960786
0.105882354
0.101960786
0.101960786
0.101960786
0.105882354
0.08235294
0.07450981
0.09411765
0.101960786
0.105882354
0.101960786
0.09803922
0.10980392
0.105882354
0.105882354
0.101960786
0.09803922
0.101960786
0.105882354
0.101960786
0.09803922
0.09803922
0.101960786
0.101960786
0.09803922
0.09411765
0.09019608
0.08235294
0.06666667
0.047058824
0.03137255
0.019607844
0.007843138
0.0
0.0
0.015686275
0.03137255
0.003921569
0.003921569
0.019607844
0.015686275
0.011764706
0.0
0.0
0.007843138
0.003921569
0.0
0.0
0.0
0.0
0.0
0.0
0.0
0.0
0.0
0.0
0.0
0.0
0.0
0.0
0.0
0.0
0.0
0.0
0.0
0.015686275
0.078431375
0.043137256
0.0
0.015686275
0.0
0.0
0.105882354
0.10980392
0.043137256
0.07450981
0.1254902
0.09019608
0.11764706
0.1254902
0.003921569
0.0
0.007843138
0.02745098
0.1254902
0.078431375
0.09411765
0.18039216
0.03529412
0.13725491
0.0
0.09803922
0.12156863
0.039215688
0.12156863
0.015686275
0.007843138
0.019607844
0.08627451
0.13333334
0.011764706
0.015686275
0.105882354
0.007843138
0.02745098
0.13725491
0.12941177
0.047058824
0.06666667
0.05882353
0.07450981
0.003921569
0.03529412
0.02745098
0.0627451
0.101960786
0.101960786
0.101960786
0.101960786
0.101960786
0.09411765
0.08627451
0.08235294
0.078431375
0.05882353
0.02745098
0.011764706
0.16862746
0.101960786
0.02745098
0.019607844
0.003921569
0.015686275
0.0
0.011764706
0.101960786
0.011764706
0.007843138
0.1254902
0.0
0.0
0.019607844
0.0
0.0
0.07450981
0.08627451
0.09019608
0.09411765
0.09411765
0.09411765
0.08627451
0.07450981
0.05882353
0.03529412
0.011764706
0.0
0.003921569
0.03529412
0.09019608
0.101960786
0.101960786
0.09803922
0.09803922
0.101960786
0.101960786
0.101960786
0.09803922
0.09803922
0.101960786
0.101960786
0.101960786
0.09803922
0.09803922
0.101960786
0.101960786
0.09803922
0.09803922
0.09803922
0.101960786
0.09803922
0.09411765
0.09411765
0.09411765
0.09411765
0.09019608
0.08627451
0.078431375
0.06666667
0.047058824
0.023529412
0.007843138
0.0
0.0
0.0
0.0
0.0
0.011764706
0.011764706
0.011764706
0.011764706
0.007843138
0.007843138
0.007843138
0.007843138
0.007843138
0.003921569
0.0
0.0
0.003921569
0.0
0.0
0.0
0.0
0.0
0.0
0.0
0.0
0.0
0.0
0.0
0.0
0.0
0.0
0.0
0.0
0.02745098
0.03137255
0.003921569
0.015686275
0.05490196
0.003921569
0.08627451
0.047058824
0.003921569
0.105882354
0.09411765
0.078431375
0.10980392
0.015686275
0.078431375
0.18431373
0.02745098
0.08235294
0.12941177
0.03529412
0.0
0.09019608
0.09803922
0.14901961
0.1254902
0.19215687
0.17254902
0.043137256
0.16078432
0.02745098
0.078431375
0.019607844
0.0
0.08627451
0.011764706
0.13333334
0.09411765
0.14117648
0.09411765
0.02745098
0.12156863
0.11372549
0.08627451
0.101960786
0.101960786
0.023529412
0.039215688
0.08235294
0.08627451
0.0
0.03137255
0.09803922
0.09803922
0.09803922
0.09803922
0.09019608
0.08235294
0.078431375
0.078431375
0.07450981
0.003921569
0.050980393
0.02745098
0.039215688
0.14117648
0.02745098
0.047058824
0.007843138
0.023529412
0.14117648
0.007843138
0.18039216
0.15686275
0.05882353
0.003921569
0.13725491
0.03137255
0.0
0.0
0.07450981
0.09019608
0.09019608
0.09019608
0.09019608
0.08627451
0.078431375
0.0627451
0.043137256
0.019607844
0.003921569
0.007843138
0.05490196
0.07058824
0.09019608
0.09803922
0.09803922
0.09411765
0.09411765
0.09411765
0.09803922
0.09803922
0.09411765
0.09411765
0.09803922
0.09803922
0.09803922
0.09411765
0.09411765
0.09411765
0.09411765
0.09019608
0.08627451
0.08627451
0.09019608
0.08627451
0.08235294
0.07450981
0.0627451
0.06666667
0.07058824
0.05882353
0.050980393
0.03529412
0.015686275
0.003921569
0.0
0.0
0.0
0.0
0.0
0.0
0.0
0.0
0.003921569
0.003921569
0.003921569
0.003921569
0.003921569
0.003921569
0.007843138
0.007843138
0.0
0.003921569
0.003921569
0.0
0.0
0.0
0.0
0.0
0.0
0.0
0.0
0.0
0.0
0.0
0.0
0.0
0.0
0.0
0.0
0.0
0.03529412
0.047058824
0.03137255
0.039215688
0.02745098
0.043137256
0.09019608
0.14117648
0.050980393
0.101960786
0.078431375
0.03529412
0.0
0.09019608
0.07450981
0.12941177
0.03529412
0.101960786
0.15294118
0.047058824
0.16078432
0.12156863
0.1254902
0.15686275
0.050980393
0.17254902
0.12156863
0.13725491
0.14509805
0.047058824
0.02745098
0.011764706
0.043137256
0.007843138
0.003921569
0.003921569
0.003921569
0.02745098
0.050980393
0.10980392
0.0627451
0.105882354
0.101960786
0.13333334
0.023529412
0.023529412
0.08235294
0.08627451
0.05882353
0.078431375
0.09411765
0.09411765
0.09803922
0.09803922
0.09019608
0.08235294
0.078431375
0.08235294
0.08627451
0.0
0.019607844
0.11372549
0.15686275
0.13725491
0.1254902
0.011764706
0.06666667
0.14117648
0.015686275
0.105882354
0.03529412
0.039215688
0.047058824
0.09411765
0.078431375
0.02745098
0.0
0.0
0.078431375
0.09019608
0.09019608
0.09019608
0.08627451
0.08235294
0.07450981
0.05490196
0.03137255
0.011764706
0.0
0.011764706
0.08235294
0.09019608
0.09411765
0.09803922
0.09803922
0.09411765
0.09411765
0.09411765
0.09803922
0.09411765
0.09411765
0.09411765
0.09411765
0.09803922
0.09411765
0.09019608
0.09019608
0.09019608
0.08627451
0.078431375
0.07450981
0.078431375
0.078431375
0.07450981
0.07058824
0.05882353
0.047058824
0.047058824
0.047058824
0.03137255
0.019607844
0.007843138
0.0
0.0
0.0
0.0
0.0
0.0
0.0
0.0
0.0
0.0
0.0
0.003921569
0.0
0.0
0.0
0.003921569
0.003921569
0.007843138
0.007843138
0.003921569
0.003921569
0.0
0.0
0.0
0.0
0.0
0.0
0.0
0.0
0.0
0.0
0.0
0.0
0.0
0.0
0.0
0.0
0.0
0.0
0.0
0.05882353
0.03529412
0.06666667
0.003921569
0.019607844
0.0
0.101960786
0.047058824
0.07058824
0.1254902
0.039215688
0.11764706
0.07450981
0.023529412
0.0
0.015686275
0.12941177
0.17254902
0.050980393
0.17254902
0.11764706
0.05490196
0.16862746
0.05490196
0.1764706
0.105882354
0.05490196
0.050980393
0.03529412
0.011764706
0.0
0.011764706
0.007843138
0.0
0.0
0.09411765
0.078431375
0.078431375
0.23921569
0.23921569
0.16470589
0.17254902
0.13333334
0.003921569
0.07058824
0.06666667
0.08235294
0.09411765
0.09411765
0.09803922
0.09803922
0.101960786
0.09411765
0.08627451
0.08627451
0.09019608
0.09411765
0.043137256
0.007843138
0.019607844
0.07058824
0.07058824
0.043137256
0.050980393
0.0627451
0.039215688
0.12156863
0.0627451
0.078431375
0.03529412
0.007843138
0.019607844
0.011764706
0.003921569
0.0
0.0
0.07450981
0.09019608
0.09019608
0.09019608
0.08627451
0.08235294
0.07450981
0.050980393
0.02745098
0.003921569
0.007843138
0.0627451
0.09019608
0.09019608
0.09019608
0.09411765
0.09411765
0.09019608
0.08627451
0.09019608
0.09019608
0.09019608
0.08627451
0.08627451
0.08627451
0.08627451
0.08627451
0.08235294
0.08235294
0.078431375
0.07450981
0.07058824
0.06666667
0.06666667
0.07058824
0.06666667
0.0627451
0.05882353
0.05490196
0.050980393
0.039215688
0.015686275
0.0
0.0
0.0
0.0
0.0
0.003921569
0.0
0.0
0.0
0.0
0.0
0.0
0.0
0.0
0.0
0.0
0.0
0.0
0.003921569
0.003921569
0.003921569
0.003921569
0.0
0.0
0.0
0.0
0.0
0.0
0.0
0.0
0.0
0.0
0.0
0.0
0.0
0.0
0.0
0.0
0.0
0.0
0.0
0.0
0.039215688
0.043137256
0.07058824
0.03137255
0.047058824
0.003921569
0.007843138
0.08627451
0.050980393
0.06666667
0.105882354
0.03529412
0.08235294
0.08235294
0.043137256
0.09803922
0.12156863
0.0
0.003921569
0.14117648
0.16862746
0.19215687
0.14509805
0.16862746
0.13725491
0.16470589
0.09803922
0.05490196
0.043137256
0.019607844
0.0
0.0
0.003921569
0.007843138
0.011764706
0.07058824
0.13725491
0.23921569
0.23921569
0.23921569
0.12941177
0.09803922
0.0627451
0.050980393
0.050980393
0.047058824
0.05490196
0.08627451
0.09803922
0.09803922
0.09803922
0.101960786
0.09803922
0.09019608
0.09019608
0.09411765
0.09411765
0.078431375
0.047058824
0.05882353
0.07450981
0.078431375
0.05882353
0.050980393
0.043137256
0.03137255
0.02745098
0.023529412
0.015686275
0.007843138
0.0
0.0
0.003921569
0.0
0.0
0.0
0.02745098
0.07450981
0.08235294
0.08235294
0.08235294
0.08235294
0.07450981
0.05882353
0.03529412
0.003921569
0.011764706
0.07450981
0.08235294
0.08235294
0.08235294
0.08235294
0.08235294
0.078431375
0.078431375
0.078431375
0.078431375
0.078431375
0.07450981
0.07450981
0.07450981
0.07450981
0.07450981
0.07058824
0.07058824
0.07058824
0.07058824
0.0627451
0.0627451
0.0627451
0.06666667
0.0627451
0.0627451
0.047058824
0.047058824
0.05490196
0.03529412
0.015686275
0.0
0.0
0.0
0.0
0.0
0.019607844
0.011764706
0.003921569
0.0
0.0
0.0
0.0
0.0
0.0
0.0
0.0
0.0
0.0
0.0
0.0
0.0
0.0
0.0
0.0
0.0
0.0
0.0
0.0
0.0
0.0
0.0
0.0
0.0
0.0
0.0
0.0
0.0
0.0
0.0
0.0
0.0
0.02745098
0.007843138
0.0
0.03529412
0.043137256
0.003921569
0.0
0.0
0.0
0.0
0.047058824
0.043137256
0.09803922
0.101960786
0.08627451
0.15294118
0.039215688
0.0
0.02745098
0.05882353
0.16078432
0.015686275
0.16078432
0.11372549
0.05882353
0.05490196
0.05490196
0.05490196
0.05490196
0.047058824
0.03529412
0.023529412
0.011764706
0.007843138
0.007843138
0.011764706
0.03529412
0.23921569
0.23921569
0.023529412
0.078431375
0.105882354
0.019607844
0.0
0.0
0.019607844
0.02745098
0.039215688
0.07058824
0.08627451
0.08235294
0.08235294
0.08627451
0.08235294
0.07450981
0.06666667
0.078431375
0.08627451
0.07450981
0.05882353
0.05490196
0.06666667
0.06666667
0.043137256
0.02745098
0.019607844
0.039215688
0.047058824
0.039215688
0.03137255
0.023529412
0.011764706
0.0
0.0
0.0
0.0
0.0
0.0
0.05882353
0.07058824
0.06666667
0.07058824
0.07058824
0.06666667
0.0627451
0.047058824
0.011764706
0.047058824
0.06666667
0.06666667
0.06666667
0.06666667
0.06666667
0.06666667
0.0627451
0.0627451
0.0627451
0.06666667
0.0627451
0.05882353
0.05882353
0.0627451
0.0627451
0.0627451
0.05882353
0.05882353
0.0627451
0.0627451
0.05882353
0.05490196
0.05882353
0.0627451
0.05882353
0.05490196
0.043137256
0.03529412
0.043137256
0.02745098
0.007843138
0.0
0.0
0.0
0.0
0.0
0.03529412
0.023529412
0.011764706
0.003921569
0.0
0.0
0.0
0.0
0.0
0.0
0.0
0.0
0.0
0.0
0.0
0.0
0.0
0.0
0.0
0.0
0.0
0.0
0.0
colors
0.5233538 0.6824053 0.78951377
0.5468832 0.7059347 0.8130432
0.5625695 0.72297055 0.8217804
0.57041264 0.7308137 0.8296235
0.57041264 0.7308137 0.8296235
0.55472636 0.71377784 0.8208863
0.4959028 0.6549543 0.7620628
0.39002046 0.54907197 0.65618044
0.3311969 0.49159795 0.5904078
0.3311969 0.49159795 0.5904078
0.32727534 0.48767638 0.5864862
0.32727534 0.4863268 0.5934353
0.32727534 0.4863268 0.5934353
0.32335377 0.48240525 0.5895138
0.32727534 0.4863268 0.5934353
0.3311969 0.49159795 0.5904078
0.32335377 0.48240525 0.5895138
0.33904004 0.49809152 0.60520005
0.34688318 0.50593466 0.6130432
0.3366949 0.48609832 0.60430586
0.33277333 0.48217675 0.6003843
0.34453803 0.495291 0.60520005
0.3366949 0.48744786 0.5973569
0.36806744 0.5188204 0.62872946
0.44965166 0.5851572 0.6923686
0.48652232 0.6150786 0.71679217
0.47714174 0.57520306 0.67152154
0.4497298 0.51169664 0.58882356
0.4638786 0.49669996 0.5601333
0.4505375 0.49165735 0.55229014
0.35007513 0.45643494 0.5499529
0.18290696 0.3892519 0.5431451
0.1749467 0.49227434 0.6871451
0.18667236 0.54279363 0.7402588
0.18978617 0.568104 0.7737646
0.18194303 0.5602609 0.7659215
0.20078218 0.5638524 0.76681566
0.35226408 0.6139997 0.7648863
0.544499 0.73539513 0.83959997
0.5696048 0.7549016 0.8453098
0.5452677 0.7514113 0.8583138
0.3937859 0.70126414 0.8602431
0.16621771 0.58197963 0.79853344
0.14895505 0.5703164 0.80066663
0.14895505 0.5703164 0.80066663
0.13719034 0.55855167 0.7889019
0.14503348 0.5663948 0.79674506
0.14111191 0.56247324 0.7928235
0.14111191 0.56112367 0.79977256
0.13326877 0.55328053 0.7919294
0.1426883 0.5544016 0.795851
0.14034319 0.5437579 0.78800786
0.14741763 0.5355848 0.7771372
0.15449205 0.52606213 0.77321565
0.15841362 0.5299837 0.7771372
0.1560685 0.52068955 0.7623451
0.14980179 0.5061243 0.75058043
0.17729181 0.49617025 0.7297333
0.30220857 0.4240172 0.5672235
0.3415413 0.35776553 0.42679998
0.27564332 0.3071151 0.3788471
0.14069453 0.2152098 0.3116314
0.13127492 0.21273926 0.3146588
0.14303963 0.22450396 0.3264235
0.14772995 0.24309218 0.3560078
0.1798712 0.290481 0.40609407
0.21751046 0.33641875 0.44923133
0.26456928 0.38347757 0.49629015
0.3116281 0.43188596 0.53639996
0.3775261 0.4838859 0.5774039
0.3532279 0.44568986 0.5282118
0.33677298 0.41668642 0.47991377
0.30305526 0.3746702 0.4406981
0.29363573 0.37219965 0.44372547
0.2975573 0.37612122 0.44764704
0.25365135 0.31831723 0.3788471
0.22385521 0.28157216 0.3366039
0.20816894 0.2658859 0.32091764
0.20032579 0.25804272 0.31307447
0.18856108 0.24627802 0.30130976
0.1830631 0.2504281 0.29436076
0.3705297 0.4212976 0.47083133
0.31954932 0.36626858 0.4406981
0.15965074 0.113334045 0.13288625
0.27895236 0.15619662 0.11527056
0.4523091 0.30735683 0.25823534
0.5338543 0.41244814 0.36322355
0.56365037 0.44919327 0.40546665
0.5244347 0.40997759 0.36625096
0.5322778 0.41782072 0.3740941
0.5361994 0.4217423 0.37801567
0.5205131 0.40605602 0.3623294
0.5322778 0.41917026 0.36714512
0.5479641 0.43485653 0.3828314
0.545619 0.42421284 0.37498826
0.52601117 0.404605 0.35538042
0.48837197 0.35866717 0.31224316
0.50405824 0.37435344 0.32792944
0.5197445 0.3900397 0.3436157
0.50405824 0.37435344 0.32792944
0.50405824 0.37435344 0.32792944
0.50405824 0.37435344 0.32792944
0.4962151 0.36785984 0.3131373
0.4985602 0.37850356 0.32098043
0.48679549 0.36538932 0.31616473
0.47660726 0.34690246 0.30047846
0.44915628 0.31945148 0.27302748
0.4726857 0.3429809 0.2965569
0.44915628 0.31945148 0.27302748
0.47034055 0.33233723 0.28871375
0.45857584 0.32057253 0.27694905
0.48052883 0.35217357 0.29745102
0.47426212 0.33760834 0.2856863
0.47034055 0.33368677 0.28176475
0.49229354 0.36528784 0.30226666
0.50405824 0.37705255 0.31403136
0.5119014 0.38489568 0.3218745
0.49229354 0.36393827 0.30921572
0.49229354 0.36393827 0.30921572
0.50955623 0.37290245 0.32098043
0.4899484 0.3532946 0.3013726
0.5134778 0.3781736 0.31795293
0.51267 0.40091196 0.34058827
0.56365037 0.45189235 0.39156866
0.545619 0.42556238 0.36803925
0.5220896 0.40203297 0.34450984
0.5338543 0.41379768 0.35627455
0.5597288 0.44797078 0.3876471
0.5338543 0.41244814 0.36322355
0.5205131 0.40740556 0.35538042
0.50401914 0.41310808 0.3692784
0.48833287 0.39607224 0.36054122
0.4726466 0.38038597 0.34485495
0.5142074 0.43024534 0.39191377
0.518129 0.4341669 0.39583534
0.51655257 0.440889 0.3997569
0.5243957 0.4473826 0.41454905
0.5361604 0.4591473 0.42631376
0.518129 0.4341669 0.39583534
0.5314701 0.44055906 0.39672938
0.53773683 0.45512432 0.40849409
0.5714546 0.49714056 0.4477098
0.55576825 0.48145422 0.4320235
0.5651879 0.4825753 0.4359451
0.54088974 0.4430296 0.39370194
0.5330466 0.43518648 0.3858588
0.54088974 0.44168007 0.40065095
0.53931326 0.4484022 0.40457252
0.53931326 0.4484022 0.40457252
0.56126624 0.47865367 0.4320235
0.5573447 0.4747321 0.42810193
0.55107796 0.45881733 0.42328632
0.5651879 0.48122573 0.4428942
0.56126624 0.47730416 0.4389726
0.573031 0.49041843 0.44378823
0.5887173 0.5061047 0.4594745
0.56910944 0.48649687 0.43986666
0.5824505 0.49153948 0.4477098
0.5604976 0.46263745 0.41330978
0.55265445 0.45479432 0.40546665
0.3860989 0.54380083 0.6592078
0.41354987 0.5712518 0.6866588
0.44100085 0.60005236 0.70716083
0.4606087 0.6196602 0.7267687
0.4841381 0.6431896 0.7502981
0.48021653 0.63926804 0.7463765
0.448844 0.6078955 0.71500397
0.37433416 0.53338563 0.6404941
0.32335377 0.4837548 0.58256465
0.3194322 0.47983325 0.5786431
0.3194322 0.47983325 0.5786431
0.3194322 0.47983325 0.5786431
0.3194322 0.47983325 0.5786431
0.3194322 0.47983325 0.5786431
0.3194322 0.47983325 0.5786431
0.32335377 0.4837548 0.58256465
0.3194322 0.47983325 0.5786431
0.3311969 0.49159795 0.5904078
0.34061646 0.49271896 0.59432936
0.30532235 0.4560753 0.56598437
0.28963608 0.44038904 0.5502981
0.31708705 0.46784002 0.577749
0.32885176 0.48095426 0.58256465
0.3735654 0.51736945 0.62178034
0.45357323 0.5904283 0.6893412
0.49436545 0.62427133 0.7176863
0.48340845 0.59111786 0.6763373
0.4614945 0.52481085 0.59363925
0.4638786 0.4980495 0.5531843
0.45445907 0.4955789 0.5562117
0.3555731 0.4536344 0.5499529
0.19078913 0.35968998 0.5026902
0.18052278 0.41466373 0.59054893
0.179676 0.47615662 0.6545334
0.17179385 0.5057185 0.69498825
0.18590364 0.5267774 0.7215451
0.21100953 0.5449342 0.73420393
0.3255818 0.6012155 0.763098
0.49663246 0.70837563 0.82907444
0.5295814 0.73572505 0.8426275
0.522507 0.7425487 0.860447
0.3569153 0.66999304 0.8427687
0.17329216 0.5738065 0.7876626
0.15445301 0.56886536 0.7937176
0.15053144 0.5635942 0.79674506
0.13719034 0.55855167 0.7889019
0.14111191 0.56247324 0.7928235
0.13326877 0.5546301 0.78498036
0.13719034 0.5572021 0.795851
0.1293472 0.54935896 0.78800786
0.13876674 0.55048 0.7919294
0.14034319 0.5451074 0.7810588
0.15999007 0.5259607 0.75931776
0.17656215 0.44409853 0.65577257
0.16318199 0.47511142 0.7031764
0.1560685 0.52068955 0.7623451
0.15214694 0.516768 0.75842357
0.16237423 0.49650025 0.73276067
0.29044387 0.41360202 0.54850984
0.33212176 0.35664448 0.4228784
0.2662238 0.30599406 0.37492552
0.1446161 0.21913137 0.31555298
0.13519649 0.21666083 0.31858036
0.13754165 0.22730449 0.3264235
0.15949465 0.25485688 0.36777252
0.18379277 0.29440257 0.41001564
0.21751046 0.33641875 0.44923133
0.25280458 0.37171286 0.48452544
0.31320453 0.42516387 0.5324784
0.36418492 0.4774938 0.5765098
0.34380838 0.4445688 0.5242902
0.33677298 0.4153369 0.48686272
0.3108984 0.38251334 0.44854122
0.29363573 0.37354916 0.43677652
0.2975573 0.37747073 0.4406981
0.25365135 0.31831723 0.3788471
0.22777678 0.28684327 0.33357644
0.21993364 0.27900013 0.3257333
0.20032579 0.25939226 0.30612546
0.18856108 0.24762757 0.29436076
0.1830631 0.24907854 0.30130976
0.38229442 0.43306231 0.48259604
0.3117062 0.35977498 0.4259059
0.1518076 0.10684045 0.11809409
0.28287393 0.16011819 0.11919213
0.46015224 0.31654954 0.2591294
0.52993274 0.40852657 0.35930198
0.56757194 0.45311484 0.4093882
0.52835625 0.41389915 0.37017253
0.5322778 0.41647118 0.3810431
0.5479641 0.433507 0.38978037
0.5244347 0.41132712 0.35930198
0.5322778 0.41917026 0.36714512
0.55580723 0.44269967 0.39067453
0.55188566 0.4387781 0.38675296
0.5220896 0.40068343 0.35145885
0.49463862 0.37323245 0.32400787
0.51582295 0.38611814 0.33969414
0.52601117 0.404605 0.35538042
0.5103249 0.38891873 0.33969414
0.5064033 0.38499716 0.33577257
0.51424646 0.3928403 0.3436157
0.50248176 0.3810756 0.331851
0.5087484 0.39564085 0.3436157
0.5009053 0.38644817 0.34272155
0.48679549 0.36403978 0.3231137
0.46718764 0.34443194 0.30350587
0.47895235 0.35619664 0.31527057
0.46718764 0.34443194 0.30350587
0.48287392 0.3601182 0.31919214
0.48287392 0.36146775 0.31224316
0.5103249 0.38891873 0.33969414
0.5079798 0.37962455 0.324902
0.4844504 0.35609514 0.3013726
0.51582295 0.38881725 0.32579607
0.5220896 0.40203297 0.34450984
0.51424646 0.3955394 0.32971764
0.5119014 0.3835461 0.32882357
0.50405824 0.37570298 0.32098043
0.5197445 0.39138925 0.3366667
0.50563467 0.36898088 0.31705886
0.5252425 0.38858873 0.3366667
0.5244347 0.41267666 0.35235298
0.5714935 0.45973548 0.3994118
0.55188566 0.44012764 0.37980396
0.5244347 0.41132712 0.35930198
0.534623 0.42981392 0.37498826
0.5463877 0.44157863 0.38675296
0.52285826 0.41669968 0.37017253
0.5095172 0.41030753 0.3692784
0.5024427 0.41848063 0.38014907
0.49459958 0.40928793 0.37925494
0.47499174 0.3896801 0.3596471
0.512631 0.4356179 0.40278435
0.512631 0.43696743 0.39583534
0.51105464 0.44234 0.40670592
0.51655257 0.43953946 0.40670592
0.540082 0.46306887 0.43023533
0.51028585 0.4249742 0.3949412
0.52205056 0.43808848 0.3997569
0.5243957 0.44873214 0.40760005
0.562035 0.49332038 0.45768633
0.54634875 0.4776341 0.44200003
0.54400355 0.46833998 0.4272079
0.523627 0.43136635 0.39583534
0.523627 0.43136635 0.39583534
0.52754855 0.43528792 0.3997569
0.518129 0.4341669 0.39583534
0.53381526 0.44985318 0.4115216
0.5416584 0.45769632 0.41936475
0.540082 0.46306887 0.43023533
0.5283173 0.45130417 0.41847062
0.54634875 0.4776341 0.44200003
0.5502703 0.48155567 0.4459216
0.5502703 0.48155567 0.4459216
0.5714546 0.495791 0.4546589
0.5534231 0.47081053 0.42418036
0.56126624 0.47865367 0.4320235
0.5432348 0.45232376 0.40849409
0.5353917 0.44448063 0.40065095
0.26610667 0.4155101 0.53371763
0.28179294 0.43119636 0.5494039
0.29355764 0.44296107 0.5611686
0.31708705 0.46649048 0.584698
0.32727534 0.4849773 0.6003843
0.34453803 0.495291 0.60520005
0.3366949 0.48744786 0.5973569
0.3131655 0.46391845 0.5738275
0.30140078 0.45350328 0.5551137
0.30924392 0.46134642 0.5629568
0.3076675 0.46806854 0.5668784
0.31158906 0.4719901 0.57079995
0.31158906 0.4719901 0.57079995
0.3076675 0.46806854 0.5668784
0.3076675 0.46806854 0.5668784
0.3194322 0.47983325 0.5786431
0.3076675 0.46806854 0.5668784
0.3194322 0.47983325 0.5786431
0.32885176 0.48095426 0.58256465
0.2974792 0.4495817 0.5511921
0.2857145 0.437817 0.5394274
0.32100862 0.47311112 0.5747215
0.3249302 0.47838226 0.5716941
0.36572227 0.5108759 0.6069882
0.45907134 0.5889772 0.6823921
0.49436545 0.62427133 0.7176863
0.492828 0.5922389 0.68025887
0.4614945 0.52481085 0.59363925
0.45445907 0.49692845 0.5492627
0.4505375 0.49300689 0.54534113
0.3532279 0.4443403 0.53516084
0.19317326 0.33292863 0.46223533
0.182946 0.3531964 0.48789793
0.19940095 0.3848989 0.522298
0.20958921 0.40338573 0.53798425
0.25115007 0.45324507 0.5850431
0.26368344 0.47967649 0.6224707
0.27621683 0.50880694 0.6460001
0.32719725 0.5584378 0.7039295
0.3585698 0.59115994 0.728353
0.3812915 0.6347286 0.78841573
0.2886722 0.6086989 0.7869726
0.17409989 0.5510682 0.7650274
0.15918234 0.55139816 0.76805484
0.15760589 0.5567707 0.77892554
0.14426476 0.55037856 0.77803135
0.13484517 0.5492575 0.77410984
0.13876674 0.5518296 0.78498036
0.13876674 0.5518296 0.78498036
0.13876674 0.5518296 0.78498036
0.13642162 0.54118586 0.7771372
0.14191961 0.53973484 0.7701882
0.15687624 0.50199986 0.71886265
0.109126806 0.36141562 0.57039213
0.115393534 0.3773304 0.5752078
0.15764493 0.5166666 0.74452543
0.15214694 0.516768 0.75842357
0.16787228 0.4936997 0.73276067
0.31085944 0.41182107 0.53853333
0.33604333 0.36056605 0.42679998
0.26856893 0.3152882 0.3897177
0.13911806 0.22193193 0.31555298
0.14303963 0.22450396 0.3264235
0.14538479 0.23514763 0.33426663
0.16341622 0.25877845 0.3716941
0.18379277 0.29440257 0.41001564
0.23085159 0.34146136 0.45707446
0.25280458 0.37171286 0.48452544
0.29359668 0.40420645 0.51981956
0.35634178 0.46965066 0.56866664
0.34772995 0.4471408 0.53516084
0.3234318 0.41029432 0.47901958
0.30305526 0.3746702 0.4406981
0.28736898 0.35898393 0.4250118
0.27718076 0.34184664 0.4023765
0.24111795 0.2905363 0.34836861
0.21366698 0.26443487 0.3139686
0.2097454 0.2605133 0.31004703
0.20582382 0.2565917 0.30612546
0.18856108 0.24762757 0.29436076
0.18698467 0.2530001 0.30523133
0.4097454 0.4605133 0.510047
0.30386305 0.35193184 0.41806278
0.15965074 0.1146836 0.12593724
0.28287393 0.16011819 0.11919213
0.4640738 0.3204711 0.26305097
0.5377759 0.4163697 0.36714512
0.5714935 0.4570364 0.41330978
0.5244347 0.40997759 0.36625096
0.534623 0.42846438 0.38193724
0.55580723 0.44135013 0.3976235
0.5322778 0.41917026 0.36714512
0.54012096 0.4270134 0.37498826
0.55188566 0.4387781 0.38675296
0.5479641 0.43485653 0.3828314
0.5338543 0.41244814 0.36322355
0.50248176 0.3810756 0.331851
0.51424646 0.3928403 0.3436157
0.5338543 0.41244814 0.36322355
0.51816803 0.39676186 0.34753728
0.5087484 0.39564085 0.3436157
0.51659155 0.403484 0.35145885
0.5087484 0.3942913 0.3505647
0.5150151 0.40885654 0.3623294
0.51267 0.39821288 0.35448626
0.49306214 0.37860504 0.3348784
0.4734543 0.35764766 0.32221958
0.48129743 0.36684033 0.3231137
0.49071705 0.36796135 0.32703528
0.5009053 0.38644817 0.34272155
0.50482684 0.39036974 0.34664312
0.5087484 0.39564085 0.3436157
0.51816803 0.39676186 0.34753728
0.51424646 0.3928403 0.3436157
0.5377759 0.41771924 0.3601961
0.5361994 0.42444137 0.36411768
0.5322778 0.4205198 0.3601961
0.5220896 0.40203297 0.34450984
0.5197445 0.39138925 0.3366667
0.5354308 0.40707552 0.35235298
0.5079798 0.37962455 0.324902
0.52758765 0.39788285 0.35145885
0.534623 0.42981392 0.37498826
0.5777602 0.4729512 0.4181255
0.5463877 0.4402291 0.39370194
0.52285826 0.41669968 0.37017253
0.5330466 0.43383694 0.3928078
0.5369682 0.4377585 0.39672938
0.5118623 0.41960165 0.38407063
0.49852115 0.41455907 0.3762275
0.512631 0.4356179 0.40278435
0.52047414 0.44346103 0.41062748
0.4773369 0.40032378 0.36749023
0.5243957 0.4473826 0.41454905
0.51105464 0.44234 0.40670592
0.52281934 0.45275512 0.42541963
0.5267409 0.45802626 0.4223922
0.5361604 0.4591473 0.42631376
0.50870943 0.43169633 0.39886278
0.5243957 0.44873214 0.40760005
0.5283173 0.45130417 0.41847062
0.55811346 0.4893988 0.45376477
0.5541919 0.48547724 0.4498432
0.540082 0.4644184 0.42328632
0.518129 0.4341669 0.39583534
0.51028585 0.42632377 0.3879922
0.5259721 0.44066048 0.41062748
0.5142074 0.42889577 0.39886278
0.53381526 0.4485036 0.41847062
0.53381526 0.4485036 0.41847062
0.5361604 0.4591473 0.42631376
0.53223884 0.45522574 0.4223922
0.53300756 0.47259152 0.4341569
0.54477227 0.48300666 0.4528706
0.54634875 0.4776341 0.44200003
0.55576825 0.47875515 0.4459216
0.540082 0.4644184 0.42328632
0.5534231 0.46946102 0.43112946
0.5259721 0.44201005 0.40367848
0.5298937 0.4459316 0.40760005
0.25907132 0.38087994 0.52408624
0.25122818 0.3730368 0.5162431
0.25514975 0.37695837 0.52016467
0.25907132 0.38087994 0.52408624
0.25907132 0.38087994 0.52408624
0.25514975 0.37695837 0.52016467
0.25907132 0.38087994 0.52408624
0.24965164 0.3811085 0.5132157
0.2535732 0.38637963 0.5101882
0.25749478 0.3903012 0.5141098
0.26925948 0.40341544 0.51892555
0.27160463 0.41270956 0.53371763
0.28179294 0.4325459 0.54245496
0.28963608 0.44038904 0.5502981
0.28963608 0.44038904 0.5502981
0.30140078 0.45215374 0.56206274
0.30140078 0.45215374 0.56206274
0.3131655 0.465268 0.5668784
0.31708705 0.46918955 0.57079995
0.30297717 0.4467812 0.5511921
0.30689874 0.45070276 0.5551137
0.32258502 0.46638903 0.57079995
0.33042815 0.47558174 0.5716941
0.35395756 0.49911115 0.5952235
0.45514977 0.58505565 0.6784706
0.49986342 0.6214708 0.7176863
0.492828 0.5935885 0.67330986
0.46699247 0.5220103 0.59363925
0.45603547 0.49020636 0.54534113
0.45603547 0.49020636 0.54534113
0.36814553 0.4453599 0.5251843
0.19474968 0.32890564 0.44441572
0.19709483 0.3395493 0.45225886
0.22062424 0.3630787 0.47578827
0.25591835 0.39837283 0.5110824
0.31866345 0.46246746 0.5668784
0.350036 0.49384 0.5982509
0.3484596 0.49921256 0.60912156
0.32177728 0.48507875 0.6142823
0.2817539 0.46725184 0.604651
0.26841274 0.46085972 0.6037569
0.24249916 0.4627421 0.6276314
0.21343274 0.47941828 0.65239996
0.1898643 0.49194434 0.6841176
0.18513495 0.5094116 0.70978034
0.16706452 0.5218362 0.7276
0.1560685 0.52608776 0.7345489
0.15841362 0.5353819 0.74934113
0.14899409 0.53156173 0.75931776
0.14741763 0.5382838 0.76323926
0.14349607 0.5343623 0.75931776
0.14349607 0.5343623 0.75931776
0.14980179 0.50882345 0.7366823
0.13653874 0.42897075 0.63224316
0.12788787 0.4425164 0.6539843
0.14980179 0.50882345 0.7366823
0.15372336 0.512745 0.7406038
0.17729181 0.49751982 0.7227842
0.32577693 0.4128407 0.5285568
0.34388646 0.3684092 0.43464312
0.26856893 0.31393865 0.39666665
0.1469612 0.22842553 0.33034506
0.14146322 0.23122606 0.33034506
0.14538479 0.23514763 0.33426663
0.17675735 0.26517063 0.37258822
0.1892908 0.29295155 0.40306664
0.21908689 0.32969666 0.44530976
0.23477316 0.3467325 0.45404702
0.26222414 0.37418348 0.481498
0.33046728 0.43547755 0.5372941
0.33204368 0.43145454 0.51947457
0.31558865 0.40110162 0.47812545
0.27560428 0.34856877 0.40629807
0.25522774 0.3129447 0.36797646
0.20347866 0.2472976 0.29133332
0.17210612 0.21592505 0.25996077
0.16976096 0.20663092 0.24516866
0.1776041 0.21447405 0.2530118
0.17602769 0.22119614 0.25693336
0.18152566 0.2170461 0.26388234
0.18463951 0.243706 0.2904392
0.3964042 0.4554707 0.5022039
0.31562775 0.36369655 0.42982748
0.15572917 0.11076203 0.12201566
0.28287393 0.16011819 0.11919213
0.46799538 0.32439268 0.26697254
0.5338543 0.41244814 0.36322355
0.5738387 0.4663305 0.42810193
0.5361994 0.42039275 0.38496467
0.5440425 0.4282359 0.3928078
0.56365037 0.44919327 0.40546665
0.54012096 0.4270134 0.37498826
0.54012096 0.4270134 0.37498826
0.5479641 0.43485653 0.3828314
0.55580723 0.44269967 0.39067453
0.5377759 0.4163697 0.36714512
0.51424646 0.3928403 0.3436157
0.5103249 0.38891873 0.33969414
0.5322778 0.41917026 0.36714512
0.51267 0.39956242 0.34753728
0.51659155 0.403484 0.35145885
0.52285826 0.41669968 0.37017253
0.5150151 0.40885654 0.3623294
0.51893675 0.4127781 0.36625096
0.52285826 0.41669968 0.37017253
0.4954073 0.38789916 0.34967056
0.48756418 0.38005602 0.34182742
0.50482684 0.39036974 0.34664312
0.49306214 0.37860504 0.3348784
0.5087484 0.3942913 0.3505647
0.5361994 0.4217423 0.37801567
0.5205131 0.40605602 0.3623294
0.52835625 0.4152487 0.36322355
0.5322778 0.41917026 0.36714512
0.5463877 0.44157863 0.38675296
0.54246616 0.43765706 0.3828314
0.5463877 0.44157863 0.38675296
0.52835625 0.4152487 0.36322355
0.5244347 0.41132712 0.35930198
0.5479641 0.43485653 0.3828314
0.51424646 0.3928403 0.3436157
0.5244347 0.40997759 0.36625096
0.52754855 0.4366375 0.3928078
0.55499953 0.46408847 0.4202588
0.5314701 0.4392095 0.40367848
0.50401914 0.4117585 0.3762275
0.51028585 0.42632377 0.3879922
0.52205056 0.4367389 0.40670592
0.5063643 0.42105263 0.39101964
0.49694476 0.41993162 0.38709807
0.51655257 0.4381899 0.41365492
0.5283173 0.45130417 0.41847062
0.48910162 0.41208848 0.37925494
0.52281934 0.4541047 0.41847062
0.5188978 0.44883355 0.42149806
0.5306625 0.46059826 0.43326277
0.53458405 0.46451983 0.43718433
0.53223884 0.45522574 0.4223922
0.50870943 0.43169633 0.39886278
0.51655257 0.43953946 0.40670592
0.5306625 0.46194783 0.42631376
0.562035 0.49197087 0.46463537
0.5541919 0.48547724 0.4498432
0.54634875 0.4776341 0.44200003
0.5259721 0.44066048 0.41062748
0.51028585 0.4249742 0.3949412
0.53381526 0.4485036 0.41847062
0.518129 0.43281734 0.40278435
0.53381526 0.4485036 0.41847062
0.52205056 0.4367389 0.40670592
0.5283173 0.45130417 0.41847062
0.5283173 0.45130417 0.41847062
0.54477227 0.48435622 0.4459216
0.5643801 0.50261456 0.4724785
0.56045854 0.498693 0.46855694
0.54400355 0.46699044 0.4341569
0.54400355 0.46699044 0.4341569
0.54400355 0.46699044 0.4341569
0.518129 0.4341669 0.39583534
0.52047414 0.44481057 0.40367848
0.34849864 0.45640934 0.5886196
0.342232 0.44184408 0.5768549
0.33046728 0.4287298 0.57203925
0.30928296 0.41584408 0.556353
0.29517317 0.39208615 0.5436941
0.2794869 0.37505034 0.53495675
0.27322015 0.35913554 0.5301411
0.25595748 0.35152093 0.51142734
0.25753388 0.34479883 0.5075058
0.25203592 0.34759936 0.5075058
0.2426163 0.34782788 0.49663526
0.23319674 0.34670687 0.4927137
0.23946348 0.3612721 0.5044784
0.24338505 0.36519367 0.50839996
0.23788694 0.3693438 0.501451
0.2535732 0.38503006 0.5171373
0.26141635 0.3928732 0.5249804
0.26925948 0.4020659 0.5258745
0.27944776 0.42190224 0.5346118
0.2755262 0.41798067 0.5306902
0.2872909 0.42974538 0.54245496
0.30689874 0.45070276 0.5551137
0.3163183 0.4518238 0.55903524
0.34769085 0.48454592 0.5834588
0.43554193 0.5654478 0.6588627
0.4935967 0.60825515 0.6989725
0.49048287 0.58294475 0.6654667
0.45914933 0.51551676 0.5788471
0.4521139 0.48763433 0.53447056
0.45603547 0.4915559 0.5383921
0.35638082 0.43359518 0.51341957
0.19867125 0.33417675 0.4413882
0.20885953 0.351314 0.46402356
0.2637615 0.40621597 0.51892555
0.31239673 0.44790223 0.5551137
0.38298497 0.5184905 0.6257019
0.4512282 0.578435 0.68844706
0.46691447 0.5941213 0.70413333
0.45907134 0.583579 0.7101882
0.41985565 0.5443634 0.6709725
0.34692222 0.46313143 0.59254116
0.28494576 0.4164026 0.54850984
0.27471846 0.43801993 0.5672235
0.26764402 0.44484347 0.5850431
0.26291478 0.46231067 0.610706
0.24092272 0.4694642 0.63155293
0.2063973 0.45018634 0.61497253
0.17813863 0.44412416 0.61710584
0.17025645 0.4723365 0.6645098
0.1655271 0.48980376 0.69017255
0.1607978 0.507271 0.7158352
0.15529981 0.50737244 0.7297333
0.15529981 0.50737244 0.7297333
0.15295467 0.49807832 0.7149411
0.15137824 0.5034509 0.7258117
0.15529981 0.50602293 0.7366823
0.15137824 0.5034509 0.7258117
0.18436624 0.4893467 0.7119137
0.3328514 0.40601712 0.51073724
0.34780803 0.37233075 0.4385647
0.2724905 0.31786022 0.4005882
0.15088277 0.2323471 0.33426663
0.14930636 0.2390692 0.3381882
0.15322793 0.24299076 0.34210977
0.1689142 0.25732747 0.36474508
0.19086722 0.287579 0.39219606
0.20497708 0.30863783 0.4187529
0.21282022 0.3178305 0.41964704
0.23634963 0.3413599 0.44317645
0.27164376 0.37800357 0.47152156
0.30067113 0.39873245 0.49505097
0.2959808 0.38014424 0.4654667
0.25365135 0.31831723 0.3788471
0.21366698 0.26443487 0.3139686
0.15641984 0.2015883 0.23732552
0.13838841 0.17525837 0.21379611
0.14230998 0.17917994 0.21771768
0.15015312 0.18837263 0.2186118
0.15015312 0.18837263 0.2186118
0.15957274 0.18814409 0.22948238
0.16660814 0.21872559 0.25996077
0.41366696 0.46443486 0.5139686
0.31954932 0.3676181 0.43374905
0.15572917 0.11076203 0.12201566
0.30405825 0.17300391 0.1348784
0.47426212 0.3389579 0.27873725
0.5338543 0.41244814 0.36322355
0.5777602 0.47025207 0.4320235
0.5440425 0.4282359 0.3928078
0.5463877 0.43887955 0.40065095
0.56365037 0.44919327 0.40546665
0.5440425 0.42958543 0.3858588
0.55188566 0.4387781 0.38675296
0.55188566 0.4387781 0.38675296
0.5597288 0.44662124 0.3945961
0.54169744 0.42029127 0.3710667
0.51424646 0.3928403 0.3436157
0.51816803 0.39676186 0.34753728
0.54012096 0.4270134 0.37498826
0.5322778 0.41917026 0.36714512
0.51893675 0.4127781 0.36625096
0.534623 0.42846438 0.38193724
0.5307014 0.4245428 0.37801567
0.5330466 0.43518648 0.3858588
0.53854454 0.43238595 0.3858588
0.5110936 0.40358543 0.36535683
0.5032505 0.3957423 0.3575137
0.51893675 0.41142857 0.37319997
0.5110936 0.40493497 0.35840783
0.507172 0.39966387 0.36143526
0.534623 0.42711484 0.38888624
0.5440425 0.42958543 0.3858588
0.5244347 0.40997759 0.36625096
0.55188566 0.43742856 0.39370194
0.55815244 0.4519938 0.40546665
0.5448113 0.44695118 0.3976235
0.55815244 0.45334333 0.39851767
0.534623 0.42846438 0.38193724
0.5267799 0.42062125 0.3740941
0.54088974 0.44168007 0.40065095
0.507172 0.39966387 0.36143526
0.51343876 0.4142291 0.37319997
0.5243957 0.44873214 0.40760005
0.54400355 0.46699044 0.4341569
0.518129 0.43281734 0.40278435
0.490678 0.40536636 0.37533337
0.5008663 0.4238532 0.39101964
0.51655257 0.43953946 0.40670592
0.49694476 0.41993162 0.38709807
0.49694476 0.41858205 0.39404708
0.50478786 0.4264252 0.40189022
0.52047414 0.44211146 0.4175765
0.48518005 0.40681735 0.38228238
0.5188978 0.44883355 0.42149806
0.5173213 0.45555568 0.42541963
0.54477227 0.48300666 0.4528706
0.53300756 0.47124195 0.4411059
0.52281934 0.45275512 0.42541963
0.51655257 0.43953946 0.40670592
0.512631 0.4356179 0.40278435
0.53458405 0.46451983 0.43718433
0.556537 0.49477142 0.46463537
0.556537 0.49477142 0.46463537
0.5424272 0.47371253 0.43807846
0.5142074 0.42889577 0.39886278
0.5063643 0.42105263 0.39101964
0.518129 0.43281734 0.40278435
0.5063643 0.42105263 0.39101964
0.52205056 0.4367389 0.40670592
0.5063643 0.42105263 0.39101964
0.52047414 0.44346103 0.41062748
0.5283173 0.45130417 0.41847062
0.55103904 0.49757195 0.46463537
0.56280375 0.50933665 0.47640008
0.556537 0.49477142 0.46463537
0.53458405 0.4658694 0.43023533
0.5502703 0.48155567 0.4459216
0.5479251 0.470912 0.43807846
0.512631 0.4356179 0.40278435
0.5243957 0.4473826 0.41454905
0.49517316 0.6001835 0.702
0.48733002 0.59234035 0.6941569
0.46772218 0.57138294 0.68149805
0.46145546 0.5554682 0.67668235
0.41831818 0.5109813 0.6404941
0.36656904 0.43858653 0.59859604
0.3210867 0.38210648 0.56151366
0.3108984 0.36092055 0.5597256
0.31247488 0.35419843 0.555804
0.2991337 0.34915584 0.5479609
0.28971416 0.3480348 0.5440393
0.28187102 0.34019166 0.5361962
0.27637297 0.34299225 0.5361962
0.2724514 0.33907068 0.5322746
0.26460826 0.3325771 0.5174824
0.2669534 0.34322077 0.52532554
0.25753388 0.34209973 0.52140397
0.2536123 0.3395277 0.51053333
0.25203592 0.34759936 0.5075058
0.24653786 0.35174945 0.5005568
0.24888301 0.36374265 0.501451
0.2606477 0.37550735 0.5132157
0.26691446 0.39277172 0.5110824
0.30220857 0.42806584 0.54637647
0.3798712 0.49183053 0.59914505
0.44811434 0.55312467 0.6549412
0.448922 0.5330854 0.6184079
0.45288265 0.5009514 0.5670824
0.45761195 0.48483375 0.53447056
0.45761195 0.48483375 0.53447056
0.35638082 0.43494475 0.50647056
0.21435753 0.34986302 0.45707446
0.23238894 0.37484342 0.48755297
0.29513404 0.43893805 0.54334897
0.35945556 0.49496105 0.6021725
0.44180852 0.5773141 0.6845255
0.5202399 0.65574545 0.76295686
0.53984773 0.6740037 0.78951377
0.5414243 0.66593194 0.79254115
0.51243585 0.60509896 0.7346118
0.40812987 0.49384406 0.61785877
0.35007513 0.45103675 0.577749
0.35945556 0.4909124 0.62301964
0.38375375 0.5304581 0.66526276
0.40805185 0.57135326 0.7005569
0.39628714 0.55823904 0.6957411
0.306091 0.46939248 0.59859604
0.2355028 0.3974547 0.53495675
0.21431854 0.38456896 0.5192705
0.21116565 0.39531407 0.5410118
0.17898539 0.3826312 0.55312157
0.17033449 0.39617693 0.57486266
0.16402876 0.41901666 0.6113962
0.17106417 0.44959813 0.64187455
0.15691526 0.46459484 0.67056465
0.16710356 0.48173207 0.6932
0.1749467 0.4895752 0.7010431
0.20951118 0.47144803 0.6693255
0.3360043 0.395272 0.48899612
0.36114913 0.3787229 0.4394588
0.2897532 0.32817394 0.40540397
0.15480433 0.23626867 0.3381882
0.14538479 0.23514763 0.33426663
0.15322793 0.24299076 0.34210977
0.16107106 0.2508339 0.3499529
0.19636519 0.28477848 0.39219606
0.19086722 0.287579 0.39219606
0.20105551 0.3060658 0.40788233
0.21047506 0.30853638 0.4048549
0.23400447 0.3320658 0.4283843
0.2551887 0.34495154 0.44407058
0.25676513 0.34092855 0.42625102
0.23796508 0.30398053 0.35621175
0.1995571 0.24337603 0.28741175
0.1485767 0.19239564 0.23643135
0.13446684 0.1713368 0.20987454
0.13838841 0.17525837 0.21379611
0.13838841 0.17660792 0.2068471
0.14780803 0.17637938 0.21771768
0.14623155 0.1831015 0.22163925
0.158765 0.20953289 0.25906664
0.4097454 0.45916376 0.516996
0.31954932 0.3676181 0.43374905
0.15730564 0.10403989 0.11809409
0.30248177 0.17972603 0.13879997
0.47426212 0.3389579 0.27873725
0.5377759 0.4163697 0.36714512
0.58168185 0.47552326 0.4289961
0.54246616 0.43495798 0.39672938
0.55580723 0.44135013 0.3976235
0.5659956 0.45983693 0.41330978
0.55188566 0.43742856 0.39370194
0.5440425 0.43093497 0.37890983
0.55188566 0.4387781 0.38675296
0.56365037 0.4505428 0.39851767
0.5495406 0.4281344 0.37890983
0.5220896 0.3993339 0.35840783
0.51659155 0.403484 0.35145885
0.5479641 0.433507 0.38978037
0.54246616 0.43630752 0.38978037
0.54246616 0.43630752 0.38978037
0.5487329 0.45087275 0.40154508
0.5330466 0.43518648 0.3858588
0.55265445 0.45479432 0.40546665
0.55265445 0.45344478 0.41241565
0.51343876 0.4142291 0.37319997
0.51893675 0.41142857 0.37319997
0.534623 0.42711484 0.38888624
0.51893675 0.41142857 0.37319997
0.51893675 0.41142857 0.37319997
0.534623 0.42711484 0.38888624
0.534623 0.42711484 0.38888624
0.52285826 0.41669968 0.37017253
0.55815244 0.4519938 0.40546665
0.5487329 0.45087275 0.40154508
0.5471564 0.45759487 0.40546665
0.54950154 0.46688902 0.4202588
0.52754855 0.43528792 0.3997569
0.51578385 0.42217368 0.3949412
0.5314701 0.4392095 0.40367848
0.48833287 0.39607224 0.36054122
0.5079407 0.41568008 0.38014907
0.5149762 0.444912 0.4175765
0.5479251 0.46956244 0.44502747
0.512631 0.43426833 0.40973336
0.4930232 0.41466048 0.3901255
0.50713307 0.43706885 0.40973336
0.5188978 0.44883355 0.42149806
0.5008663 0.42250362 0.39796865
0.5008663 0.42250362 0.39796865
0.51105464 0.4396409 0.4206039
0.5149762 0.444912 0.4175765
0.4875252 0.417461 0.3901255
0.5306625 0.45924875 0.44021174
0.5251644 0.4620493 0.44021174
0.54477227 0.48165715 0.45981959
0.53300756 0.46989244 0.44805488
0.5188978 0.44883355 0.42149806
0.52047414 0.44211146 0.4175765
0.51655257 0.4381899 0.41365492
0.5424272 0.47236297 0.44502747
0.5526154 0.49084985 0.4607138
0.5643801 0.50261456 0.4724785
0.5502703 0.4802061 0.4528706
0.518129 0.43281734 0.40278435
0.5118623 0.4182521 0.39101964
0.523627 0.43001682 0.40278435
0.5024427 0.41713107 0.38709807
0.5142074 0.42889577 0.39886278
0.5142074 0.42889577 0.39886278
0.51655257 0.43953946 0.40670592
0.5243957 0.4473826 0.41454905
0.54869384 0.48692828 0.45679224
0.5683017 0.5065361 0.47640008
0.54869384 0.48692828 0.45679224
0.5306625 0.46194783 0.42631376
0.5502703 0.48155567 0.4459216
0.54634875 0.4776341 0.44200003
0.51655257 0.43953946 0.40670592
0.53223884 0.45522574 0.4223922
0.5524202 0.6670787 0.75779605
0.55634177 0.67100024 0.7617176
0.54849863 0.6631571 0.7538745
0.5304673 0.6354776 0.7372941
0.50067115 0.59603333 0.708949
0.44500044 0.51836747 0.6700785
0.3712984 0.41572106 0.60072935
0.35484344 0.3799699 0.58717656
0.34857672 0.36540467 0.57541186
0.3407336 0.35756153 0.5675687
0.34307873 0.36685565 0.5823608
0.3352356 0.3590125 0.57451767
0.3218944 0.3526204 0.5736235
0.31639645 0.35542092 0.5736235
0.31639645 0.35542092 0.5736235
0.3085533 0.34757778 0.56578034
0.29521212 0.34388474 0.55098826
0.29129055 0.33996317 0.5470667
0.28187102 0.33884215 0.5431451
0.2724514 0.33907068 0.5322746
0.2606867 0.32865554 0.51356083
0.26460826 0.3325771 0.5174824
0.2551887 0.3328056 0.5066117
0.27714172 0.36440668 0.5271136
0.3061691 0.38783464 0.53674513
0.33754164 0.4219063 0.5542196
0.3736435 0.4385107 0.54603136
0.4097454 0.4578142 0.52394515
0.45526677 0.4741901 0.5266274
0.44584724 0.47306904 0.52270585
0.3603024 0.43751675 0.51734114
0.2300438 0.36419976 0.47970983
0.25826353 0.4090165 0.51892555
0.33434972 0.4768042 0.5895138
0.4010164 0.5448204 0.6492314
0.49671048 0.63086647 0.7463765
0.55161244 0.6857684 0.8012785
0.57514185 0.70929784 0.8248079
0.5782948 0.69450396 0.8239137
0.5218554 0.60622 0.7385334
0.41989458 0.50560874 0.6296235
0.4010555 0.50201714 0.62872946
0.44180852 0.5732654 0.7053726
0.48729092 0.6256968 0.76330197
0.50766754 0.6626704 0.7946745
0.46610668 0.61416054 0.74066675
0.350036 0.49249047 0.60520005
0.30297717 0.44543165 0.55814123
0.2872909 0.42974538 0.54245496
0.28179294 0.43119636 0.5494039
0.21197338 0.37527484 0.5044784
0.18060084 0.34255275 0.4800548
0.18686756 0.3557684 0.4987686
0.19863227 0.3688827 0.5035842
0.20489892 0.38209838 0.522298
0.17664026 0.37468663 0.5313804
0.18998137 0.37972924 0.53922355
0.24965164 0.37840942 0.5271136
0.35015312 0.38027537 0.46030593
0.36272556 0.3720008 0.43553722
0.3015179 0.33993864 0.41716868
0.16264747 0.2441118 0.34603134
0.14930636 0.2390692 0.3381882
0.1587259 0.24019024 0.34210977
0.16107106 0.2508339 0.3499529
0.15949465 0.25620645 0.3608235
0.17125937 0.26797116 0.37258822
0.19086722 0.287579 0.39219606
0.19478878 0.29150057 0.39611763
0.20420833 0.29397115 0.3930902
0.21362787 0.29644173 0.39006278
0.20736122 0.283226 0.37134907
0.1987494 0.26341528 0.32394513
0.19563553 0.23810491 0.2904392
0.1485767 0.19239564 0.23643135
0.13446684 0.1713368 0.20987454
0.14230998 0.17917994 0.21771768
0.15015312 0.18702307 0.22556081
0.14623155 0.1831015 0.22163925
0.15799625 0.19486621 0.23340395
0.1611101 0.21882704 0.2738588
0.45914933 0.51551676 0.5788471
0.3234709 0.37153968 0.43767062
0.15338407 0.10146788 0.1072235
0.31974453 0.18869019 0.15056467
0.47034055 0.33503634 0.27481568
0.5440425 0.43093497 0.37890983
0.5738387 0.46768007 0.42115292
0.5463877 0.4402291 0.39370194
0.5542308 0.4467227 0.40849409
0.5699171 0.4637585 0.41723135
0.54012096 0.42566386 0.38193724
0.54012096 0.4270134 0.37498826
0.55580723 0.44269967 0.39067453
0.56757194 0.45446438 0.40243924
0.5479641 0.43485653 0.3828314
0.52835625 0.41389915 0.37017253
0.5322778 0.41782072 0.3740941
0.5542308 0.44807222 0.40154508
0.54246616 0.43630752 0.38978037
0.5463877 0.43887955 0.40065095
0.55265445 0.45344478 0.41241565
0.54088974 0.44168007 0.40065095
0.55499953 0.46408847 0.4202588
0.5683407 0.46913102 0.42810193
0.52520347 0.4259938 0.38496467
0.5369682 0.4377585 0.39672938
0.54088974 0.44168007 0.40065095
0.52520347 0.4259938 0.38496467
0.52912503 0.42991537 0.38888624
0.54246616 0.43495798 0.39672938
0.5463877 0.43887955 0.40065095
0.5330466 0.43383694 0.3928078
0.556576 0.45736635 0.41633722
0.52754855 0.4366375 0.3928078
0.5243957 0.44873214 0.40760005
0.5361604 0.4591473 0.42631376
0.50478786 0.42777476 0.3949412
0.5008663 0.4238532 0.39101964
0.5298937 0.44458205 0.41454905
0.490678 0.40536636 0.37533337
0.49852115 0.4132095 0.3831765
0.52281934 0.45275512 0.42541963
0.5385056 0.4684414 0.4411059
0.51655257 0.4381899 0.41365492
0.4930232 0.41466048 0.3901255
0.5032115 0.43314728 0.4058118
0.52281934 0.45275512 0.42541963
0.49536833 0.42395464 0.40491763
0.4992899 0.4278762 0.4088392
0.51105464 0.4396409 0.4206039
0.5251644 0.4620493 0.44021174
0.4992899 0.4278762 0.4088392
0.53692913 0.473814 0.45197645
0.523588 0.4687714 0.4441333
0.5431959 0.48837924 0.46374118
0.5408507 0.47773558 0.45589802
0.5188978 0.44883355 0.42149806
0.5149762 0.444912 0.4175765
0.51655257 0.4381899 0.41365492
0.5385056 0.4684414 0.4411059
0.54869384 0.48692828 0.45679224
0.5643801 0.50261456 0.4724785
0.54634875 0.4776341 0.44200003
0.51028585 0.4249742 0.3949412
0.50401914 0.41040897 0.3831765
0.523627 0.43001682 0.40278435
0.51028585 0.4249742 0.3949412
0.5259721 0.44066048 0.41062748
0.50870943 0.43169633 0.39886278
0.5243957 0.4473826 0.41454905
0.5188978 0.45018312 0.41454905
0.5526154 0.49219936 0.45376477
0.5683017 0.5065361 0.47640008
0.5385056 0.4684414 0.4411059
0.5267409 0.4566767 0.4293412
0.5541919 0.48547724 0.4498432
0.5424272 0.47371253 0.43807846
0.5032115 0.43449685 0.39886278
0.52281934 0.4541047 0.41847062
0.5681065 0.68411446 0.7665334
0.5759496 0.6919576 0.7743765
0.5641849 0.6788434 0.76956075
0.54615355 0.65251344 0.74603134
0.5163574 0.6130692 0.7176863
0.476373 0.5510895 0.69450194
0.3964042 0.43252838 0.62033725
0.36818457 0.3850125 0.5950197
0.36191782 0.37044728 0.583255
0.35799626 0.36517617 0.5862824
0.35799626 0.36517617 0.5862824
0.36191782 0.36909774 0.59020394
0.35799626 0.36382663 0.5932313
0.3524983 0.36662716 0.5932313
0.34857672 0.3627056 0.58930975
0.34307873 0.3655061 0.58930975
0.3470003 0.36942768 0.5932313
0.33915716 0.36158454 0.5853882
0.3352356 0.35766298 0.5814666
0.32581598 0.35654196 0.57754505
0.3218944 0.35396993 0.56667453
0.31797284 0.35004836 0.56275296
0.31405127 0.3461268 0.5588314
0.3085533 0.34892732 0.5588314
0.320318 0.36204156 0.56364715
0.320318 0.36609024 0.5427999
0.3336591 0.37923014 0.508949
0.3776041 0.40772635 0.4877569
0.44350207 0.46242538 0.5148627
0.4513452 0.47026852 0.52270585
0.36814553 0.4453599 0.5251843
0.24023208 0.38268656 0.4953961
0.28805965 0.44711113 0.5542196
0.3602243 0.51097727 0.6208863
0.4402321 0.5826866 0.6953961
0.52416146 0.65831745 0.7738275
0.5712203 0.70537627 0.8208863
0.58690655 0.72106254 0.8365726
0.5877143 0.695625 0.82783526
0.51558864 0.59300435 0.7198196
0.42773777 0.51345193 0.63746667
0.44653788 0.55444854 0.6866588
0.5045536 0.63466096 0.7750667
0.544538 0.6912424 0.82604706
0.544538 0.6925919 0.8190981
0.4755262 0.61663115 0.7376392
0.3618007 0.5042552 0.6169647
0.34611443 0.48991844 0.59432936
0.3853301 0.52913415 0.63354504
0.39709485 0.53954935 0.6522589
0.32100862 0.47176158 0.58167064
0.2739498 0.42470276 0.5346118
0.27787137 0.42862433 0.53853333
0.3131655 0.46391845 0.5738275
0.31158906 0.47064054 0.577749
0.26687533 0.43152633 0.5524314
0.2449224 0.4012748 0.5249804
0.23400447 0.3293667 0.44228232
0.3399649 0.36313805 0.43767062
0.3705687 0.37984395 0.44338036
0.29759634 0.33601707 0.4132471
0.17049061 0.25195494 0.35387447
0.16264747 0.2441118 0.34603134
0.1571495 0.24691233 0.34603134
0.16499263 0.25475547 0.35387447
0.17283577 0.26124904 0.36866665
0.18302408 0.27973586 0.38435292
0.18536924 0.29037952 0.39219606
0.19086722 0.287579 0.39219606
0.19009846 0.27156278 0.37348235
0.17833374 0.25979808 0.3617176
0.16814551 0.24401031 0.33213335
0.17679638 0.2318142 0.30344316
0.16660814 0.21467692 0.28080788
0.16034141 0.2028108 0.25514507
0.14073357 0.18320295 0.23553723
0.15249828 0.19631721 0.24035291
0.15641984 0.20023878 0.24427448
0.16426298 0.20808192 0.25211763
0.15484343 0.20696089 0.24819605
0.15169056 0.21635644 0.2768863
0.4866003 0.5429677 0.6062981
0.3352356 0.3833044 0.44943532
0.19025467 0.13003986 0.13859606
0.31974453 0.18869019 0.15056467
0.46876413 0.34040886 0.2856863
0.5440425 0.43093497 0.37890983
0.58717984 0.47272274 0.4289961
0.5542308 0.44807222 0.40154508
0.56365037 0.44919327 0.40546665
0.56365037 0.44919327 0.40546665
0.5440425 0.42958543 0.3858588
0.5479641 0.43485653 0.3828314
0.55815244 0.45334333 0.39851767
0.5699171 0.46510807 0.41028237
0.55580723 0.44135013 0.3976235
0.5322778 0.41782072 0.3740941
0.5361994 0.4217423 0.37801567
0.5503093 0.44415066 0.3976235
0.5503093 0.44280112 0.40457252
0.5448113 0.44560164 0.40457252
0.5604976 0.46128792 0.4202588
0.5487329 0.4495232 0.40849409
0.5589211 0.46801 0.42418036
0.5706858 0.47977477 0.4359451
0.5369682 0.4377585 0.39672938
0.5487329 0.44817364 0.41544318
0.5604976 0.45993835 0.4272079
0.55265445 0.4520952 0.41936475
0.5487329 0.44817364 0.41544318
0.55265445 0.4520952 0.41936475
0.55499953 0.4627389 0.4272079
0.55107796 0.45881733 0.42328632
0.54557997 0.46026832 0.43023533
0.50870943 0.43034676 0.4058118
0.5149762 0.444912 0.4175765
0.5267409 0.4566767 0.4293412
0.4992899 0.4292257 0.40189022
0.50478786 0.4264252 0.40189022
0.5243957 0.4473826 0.41454905
0.48910162 0.41208848 0.37925494
0.5008663 0.4238532 0.39101964
0.5267409 0.4566767 0.4293412
0.5385056 0.4684414 0.4411059
0.5149762 0.44356248 0.42452547
0.4992899 0.4278762 0.4088392
0.5032115 0.43179777 0.41276076
0.5306625 0.45924875 0.44021174
0.4992899 0.4278762 0.4088392
0.50713307 0.43571934 0.41668233
0.50947815 0.44636303 0.42452547
0.529086 0.46597087 0.4441333
0.49771345 0.43459833 0.41276076
0.53300756 0.46989244 0.44805488
0.5392743 0.4831081 0.4667686
0.5471175 0.4923008 0.46766275
0.5353527 0.4805361 0.45589802
0.5149762 0.44356248 0.42452547
0.51105464 0.44099042 0.41365492
0.5149762 0.444912 0.4175765
0.5408507 0.4790851 0.44894904
0.53692913 0.47516352 0.44502747
0.54869384 0.48692828 0.45679224
0.5518467 0.47483358 0.44200003
0.5063643 0.42105263 0.39101964
0.50401914 0.41040897 0.3831765
0.5197054 0.42609525 0.39886278
0.52205056 0.4367389 0.40670592
0.53223884 0.45522574 0.4223922
0.5243957 0.4473826 0.41454905
0.5283173 0.45130417 0.41847062
0.53458405 0.4658694 0.43023533
0.55811346 0.4893988 0.45376477
0.5659566 0.49589244 0.46855694
0.5188978 0.44883355 0.42149806
0.5385056 0.4684414 0.4411059
0.54634875 0.4776341 0.44200003
0.53458405 0.4658694 0.43023533
0.4992899 0.43057528 0.3949412
0.5267409 0.45802626 0.4223922
0.56968296 0.67739236 0.7626118
0.57202804 0.688036 0.77045494
0.5657614 0.6721213 0.7656392
0.54615355 0.65251344 0.74603134
0.5085143 0.60522604 0.70984316
0.48187104 0.54963857 0.687553
0.3964042 0.43252838 0.62033725
0.364263 0.38109094 0.5910981
0.3540747 0.36260414 0.57541186
0.35799626 0.36517617 0.5862824
0.35957274 0.35845402 0.5823608
0.35957274 0.35845402 0.5823608
0.3634943 0.36102605 0.5932313
0.36741588 0.36494762 0.5971529
0.36741588 0.36494762 0.5971529
0.3658394 0.37166977 0.60107446
0.35799626 0.36382663 0.5932313
0.36034143 0.3744703 0.60107446
0.35484344 0.37862036 0.5941255
0.35718852 0.38926405 0.60196865
0.34542382 0.37749934 0.59020394
0.3470003 0.37077722 0.5862824
0.34857672 0.36405513 0.5823608
0.34857672 0.36405513 0.5823608
0.3524983 0.3679767 0.5862824
0.34857672 0.36540467 0.57541186
0.3540747 0.37070146 0.53371763
0.39252168 0.40469727 0.49862742
0.43723536 0.4492097 0.49614906
0.43565893 0.45458224 0.5070196
0.36814553 0.4453599 0.5251843
0.25983992 0.40364394 0.50805485
0.30374593 0.4627974 0.5699059
0.37433416 0.53338563 0.6404941
0.45983994 0.60229445 0.71500397
0.53592616 0.67008215 0.7855922
0.59240466 0.7182619 0.8365726
0.59790266 0.7154614 0.8365726
0.5908672 0.68353033 0.8130432
0.49598083 0.5733965 0.70021176
0.4355809 0.5212951 0.6453098
0.46849087 0.5833505 0.72105885
0.53434974 0.6727556 0.8103608
0.56806743 0.7147718 0.8495765
0.55238116 0.70043504 0.82694125
0.44415367 0.5866082 0.6993177
0.38298497 0.5184905 0.6257019
0.3853301 0.52913415 0.63354504
0.44965166 0.5851572 0.6923686
0.4519968 0.5958009 0.70021176
0.38767532 0.5384283 0.6483373
0.371989 0.522742 0.632651
0.3602243 0.51232684 0.6139372
0.38767532 0.5397778 0.64138824
0.39002046 0.54907197 0.65618044
0.3688361 0.53483665 0.6474431
0.32335377 0.48105574 0.5964627
0.3508438 0.47110164 0.57561564
0.36191782 0.3933896 0.4651216
0.3705687 0.37984395 0.44338036
0.29994148 0.34666073 0.42109025
0.17049061 0.25195494 0.35387447
0.16499263 0.2534059 0.3608235
0.16499263 0.2534059 0.3608235
0.17125937 0.26797116 0.37258822
0.18144767 0.28510842 0.3952235
0.19713394 0.3007947 0.41090977
0.20340061 0.31401038 0.42962348
0.21516532 0.3257751 0.4413882
0.18694565 0.28095835 0.4021725
0.17283577 0.2598995 0.37561566
0.17441218 0.2558765 0.35779604
0.17521997 0.23583722 0.32126272
0.16503167 0.2200495 0.29167846
0.17052971 0.21859848 0.28472945
0.16268657 0.21210492 0.26993722
0.15484343 0.20561132 0.25514507
0.16268657 0.21480402 0.2560392
0.16660814 0.21872559 0.25996077
0.15718853 0.21625502 0.2629882
0.15795721 0.22957216 0.29560003
0.48267874 0.5390461 0.6023765
0.33681202 0.37523276 0.4524628
0.17064683 0.110432014 0.118988216
0.33935237 0.20829803 0.17017251
0.47660726 0.348252 0.29352945
0.55188566 0.4387781 0.38675296
0.5856034 0.47944483 0.43291765
0.56207395 0.45591536 0.4093882
0.55815244 0.4519938 0.40546665
0.55580723 0.44135013 0.3976235
0.5479641 0.433507 0.38978037
0.55580723 0.44135013 0.3976235
0.5659956 0.45983693 0.41330978
0.5699171 0.4637585 0.41723135
0.55815244 0.4519938 0.40546665
0.534623 0.42846438 0.38193724
0.54246616 0.43495798 0.39672938
0.55265445 0.45344478 0.41241565
0.55265445 0.45344478 0.41241565
0.56441915 0.46520945 0.42418036
0.5589211 0.46801 0.42418036
0.55499953 0.46408847 0.4202588
0.56676424 0.47450364 0.4389726
0.5824505 0.4901899 0.4546589
0.53931326 0.44705263 0.4115216
0.5589211 0.4666605 0.43112946
0.56284267 0.47058207 0.43505102
0.5471564 0.45489576 0.41936475
0.55107796 0.4574678 0.43023533
0.5298937 0.44458205 0.41454905
0.53773683 0.45242518 0.4223922
0.5283173 0.4499546 0.42541963
0.52281934 0.4514056 0.4323686
0.50713307 0.43706885 0.40973336
0.51105464 0.4396409 0.4206039
0.5306625 0.46059826 0.43326277
0.5149762 0.444912 0.4175765
0.51655257 0.4381899 0.41365492
0.540082 0.4617193 0.43718433
0.5008663 0.42250362 0.39796865
0.4992899 0.4292257 0.40189022
0.5306625 0.46059826 0.43326277
0.5424272 0.47101346 0.45197645
0.5149762 0.44356248 0.42452547
0.5032115 0.43179777 0.41276076
0.50713307 0.43571934 0.41668233
0.52281934 0.4514056 0.4323686
0.50947815 0.44636303 0.42452547
0.50947815 0.44501346 0.43147448
0.52124286 0.45677817 0.44323918
0.53300756 0.46854287 0.4550039
0.501635 0.4385199 0.41668233
0.53692913 0.473814 0.45197645
0.53143114 0.47661453 0.45197645
0.5392743 0.48445767 0.45981959
0.5353527 0.4805361 0.45589802
0.5188978 0.44883355 0.42149806
0.5149762 0.444912 0.4175765
0.5149762 0.444912 0.4175765
0.54477227 0.48300666 0.4528706
0.53692913 0.47516352 0.44502747
0.54869384 0.48692828 0.45679224
0.5424272 0.47236297 0.44502747
0.49852115 0.4132095 0.3831765
0.52205056 0.4367389 0.40670592
0.5142074 0.42889577 0.39886278
0.5142074 0.42889577 0.39886278
0.53223884 0.45522574 0.4223922
0.53223884 0.45522574 0.4223922
0.53223884 0.45522574 0.4223922
0.5424272 0.47371253 0.43807846
0.52281934 0.4541047 0.41847062
0.5385056 0.46979097 0.4341569
0.5188978 0.45018312 0.41454905
0.54634875 0.4776341 0.44200003
0.54634875 0.4776341 0.44200003
0.5306625 0.46194783 0.42631376
0.4992899 0.43192482 0.3879922
0.5188978 0.45018312 0.41454905
0.5383104 0.6446703 0.7381882
0.5539967 0.6603566 0.7538745
0.5539967 0.6603566 0.7538745
0.54772997 0.6457913 0.7421098
0.51793385 0.6063471 0.71376467
0.46618477 0.5339523 0.6718667
0.3979807 0.42580625 0.6164156
0.36034143 0.37716937 0.58717656
0.35015312 0.35733303 0.57843924
0.35957274 0.35845402 0.5823608
0.35565117 0.35453245 0.57843924
0.35565117 0.35453245 0.57843924
0.35957274 0.35710448 0.58930975
0.3634943 0.36102605 0.5932313
0.35957274 0.35710448 0.58930975
0.35957274 0.35710448 0.58930975
0.35799626 0.36382663 0.5932313
0.35799626 0.36382663 0.5932313
0.35484344 0.37862036 0.5941255
0.34384742 0.38557097 0.58717656
0.33208272 0.37380627 0.57541186
0.32973754 0.36181307 0.57451767
0.35641986 0.37189826 0.59020394
0.3658394 0.37166977 0.60107446
0.3658394 0.37166977 0.60107446
0.37133744 0.37156826 0.58717656
0.37133744 0.37831602 0.5524314
0.40194124 0.4058183 0.502549
0.43881175 0.4424876 0.4922275
0.4395805 0.45985335 0.5039922
0.3720671 0.44928145 0.52910584
0.27160463 0.4140591 0.5267687
0.31158906 0.47064054 0.577749
0.3860989 0.54380083 0.6592078
0.4755262 0.6179807 0.73069024
0.54769087 0.68184686 0.7973569
0.59240466 0.7182619 0.8365726
0.6034006 0.71266085 0.8365726
0.5728358 0.65854996 0.7825647
0.4975573 0.5680239 0.6893412
0.45361233 0.5462755 0.6757883
0.49594185 0.61080146 0.7485099
0.550036 0.6884419 0.82604706
0.57591057 0.72261494 0.8574196
0.5484596 0.6965135 0.8230196
0.43238896 0.57484347 0.687553
0.3947497 0.5302552 0.63746667
0.42612225 0.5616278 0.6688392
0.48336935 0.6271734 0.7315843
0.47944778 0.62325186 0.72766274
0.45591837 0.5983729 0.7110824
0.44415367 0.5866082 0.6993177
0.41120473 0.5633073 0.66491765
0.426891 0.57899356 0.6806039
0.44100085 0.60005236 0.70716083
0.41197342 0.5779739 0.69058037
0.3766793 0.54267985 0.65528625
0.45514977 0.5837061 0.6854196
0.40505508 0.43652686 0.5082589
0.3650707 0.383994 0.43643135
0.30386305 0.34923276 0.43196076
0.18225533 0.2623701 0.37258822
0.17675735 0.26517063 0.37258822
0.17910251 0.27446473 0.38738036
0.1892908 0.29160202 0.41001564
0.19947904 0.3100888 0.42570192
0.2135889 0.33114767 0.45225886
0.2253536 0.34291238 0.46402356
0.24103987 0.35859865 0.47970983
0.21516532 0.323076 0.45528626
0.20340061 0.3113113 0.44352156
0.20889865 0.3098603 0.43657258
0.20736122 0.28052694 0.38524705
0.17364348 0.2439089 0.31823528
0.1830631 0.2450299 0.32215685
0.16895324 0.22532062 0.28865102
0.16895324 0.22801973 0.27475291
0.17287481 0.23329085 0.27172548
0.16895324 0.22936928 0.2678039
0.15169056 0.2204051 0.2560392
0.16030237 0.24021582 0.30344316
0.49286705 0.5575329 0.6180628
0.34307873 0.389798 0.4642275
0.17848997 0.11827515 0.12683135
0.35503864 0.2239843 0.18585882
0.48837197 0.3600167 0.30529416
0.55580723 0.44269967 0.39067453
0.5777602 0.47160164 0.4250745
0.56207395 0.45591536 0.4093882
0.5597288 0.4452717 0.40154508
0.5597288 0.4452717 0.40154508
0.5479641 0.433507 0.38978037
0.5503093 0.44415066 0.3976235
0.5604976 0.46263745 0.41330978
0.5801054 0.48224536 0.43291765
0.5659956 0.45983693 0.41330978
0.54246616 0.43630752 0.38978037
0.55265445 0.45344478 0.41241565
0.56441915 0.46520945 0.42418036
0.5683407 0.46913102 0.42810193
0.56284267 0.47193158 0.42810193
0.56284267 0.47193158 0.42810193
0.5706858 0.47977477 0.4359451
0.5769526 0.49434 0.4477098
0.58087415 0.496912 0.45858046
0.5471564 0.45489576 0.41936475
0.56676424 0.47450364 0.4389726
0.5651879 0.47987616 0.4498432
0.53931326 0.4457031 0.41847062
0.53381526 0.44715405 0.42541963
0.5283173 0.4486051 0.4323686
0.50713307 0.43571934 0.41668233
0.5032115 0.43179777 0.41276076
0.5133997 0.4502846 0.42844704
0.5133997 0.4502846 0.42844704
0.5055566 0.44244146 0.4206039
0.53692913 0.473814 0.45197645
0.5188978 0.44883355 0.42149806
0.51655257 0.4381899 0.41365492
0.540082 0.4617193 0.43718433
0.512631 0.43426833 0.40973336
0.51105464 0.44099042 0.41365492
0.5385056 0.4684414 0.4411059
0.5267409 0.4566767 0.4293412
0.5149762 0.44356248 0.42452547
0.50713307 0.43571934 0.41668233
0.5173213 0.45420617 0.4323686
0.529086 0.46597087 0.4441333
0.5133997 0.4502846 0.42844704
0.5055566 0.4410919 0.4275529
0.5173213 0.4528566 0.4393176
0.53300756 0.46854287 0.4550039
0.5133997 0.4502846 0.42844704
0.53692913 0.47246444 0.45892546
0.5353527 0.47918653 0.46284702
0.5431959 0.48702973 0.4706902
0.5408507 0.47773558 0.45589802
0.50713307 0.43706885 0.40973336
0.49536833 0.42530414 0.39796865
0.51105464 0.44099042 0.41365492
0.54869384 0.48692828 0.45679224
0.53692913 0.47516352 0.44502747
0.54477227 0.48300666 0.4528706
0.5361604 0.4591473 0.42631376
0.49852115 0.4132095 0.3831765
0.52205056 0.4367389 0.40670592
0.518129 0.43281734 0.40278435
0.50870943 0.43169633 0.39886278
0.54400355 0.46699044 0.4341569
0.51655257 0.43953946 0.40670592
0.5361604 0.4591473 0.42631376
0.5424272 0.47371253 0.43807846
0.50713307 0.43841842 0.40278435
0.53458405 0.4658694 0.43023533
0.5188978 0.45018312 0.41454905
0.5306625 0.46194783 0.42631376
0.54634875 0.4776341 0.44200003
0.53458405 0.46721894 0.42328632
0.49536833 0.42800325 0.38407063
0.52281934 0.4541047 0.41847062
0.43792605 0.5332883 0.64620394
0.46145546 0.55681765 0.66973335
0.4810633 0.57642555 0.6893412
0.49048287 0.5788961 0.68631375
0.47087502 0.5579387 0.6736549
0.44265535 0.5090733 0.65528625
0.38071793 0.4168421 0.604651
0.3524983 0.3706758 0.57238436
0.34230998 0.35083944 0.56364715
0.34230998 0.3494899 0.5705961
0.34780803 0.3466893 0.5705961
0.34388646 0.34276775 0.56667453
0.3517296 0.34926134 0.5814666
0.3517296 0.34926134 0.5814666
0.3517296 0.34926134 0.5814666
0.3517296 0.34926134 0.5814666
0.35015312 0.3559835 0.5853882
0.3540747 0.35990506 0.58930975
0.3470003 0.37077722 0.5862824
0.33208272 0.37380627 0.57541186
0.3085533 0.35027686 0.55188245
0.31797284 0.35004836 0.56275296
0.34857672 0.3627056 0.58930975
0.36191782 0.3677482 0.5971529
0.3658394 0.37166977 0.60107446
0.3658394 0.37436885 0.58717656
0.37133744 0.37831602 0.5524314
0.40194124 0.4058183 0.502549
0.44273332 0.44640917 0.49614906
0.4450785 0.45705283 0.5039922
0.38148662 0.45175204 0.5260784
0.27944776 0.42325178 0.5276627
0.3194322 0.47713417 0.59254116
0.39944002 0.54884344 0.66705096
0.4912125 0.633667 0.7463765
0.555534 0.69103956 0.798251
0.5939811 0.7128894 0.82570195
0.59713393 0.6994452 0.8178588
0.56422395 0.6333411 0.76295686
0.48187104 0.55233765 0.6736549
0.46537703 0.55804014 0.687553
0.51789486 0.64105296 0.7759608
0.5657223 0.70412815 0.84173334
0.577487 0.71724236 0.84654903
0.5382713 0.6780267 0.80733335
0.43238896 0.57484347 0.687553
0.41043597 0.5459415 0.65315294
0.44965166 0.5851572 0.6923686
0.5029772 0.64678127 0.75119215
0.49513406 0.6389381 0.743349
0.49513406 0.63758856 0.7502981
0.46610668 0.6168597 0.7267687
0.4386557 0.59075826 0.6923686
0.4519968 0.5958009 0.70021176
0.45276555 0.61181706 0.71892554
0.43158126 0.59758174 0.7101882
0.39628714 0.5622877 0.6748941
0.47867918 0.6072355 0.708949
0.41132182 0.4510921 0.5200236
0.36899227 0.38791558 0.44035292
0.30386305 0.34923276 0.43196076
0.18460049 0.27301377 0.38043135
0.17910251 0.27446473 0.38738036
0.19871035 0.29272303 0.4139372
0.20732218 0.3165824 0.44049415
0.22927517 0.34548438 0.4748941
0.24730662 0.37181434 0.49842352
0.24965164 0.38245806 0.50626665
0.26925948 0.40071633 0.53282356
0.24807522 0.3878306 0.5171373
0.2637615 0.40351686 0.53282356
0.29513404 0.4348894 0.5641961
0.2402712 0.34393194 0.45404702
0.18775338 0.2622686 0.35869023
0.17991021 0.2571246 0.336949
0.17914154 0.24245787 0.3112863
0.17287481 0.2319413 0.27867448
0.17521997 0.24393451 0.2795686
0.15399668 0.27520153 0.27743533
0.16422394 0.2495356 0.2795686
0.16030237 0.24021582 0.30344316
0.49678862 0.5614545 0.62198436
0.34307873 0.389798 0.4642275
0.18241154 0.12219672 0.13075292
0.36680335 0.235749 0.19762352
0.5001367 0.37043187 0.32400787
0.54169744 0.42029127 0.3710667
0.5856034 0.47944483 0.43291765
0.5659956 0.45983693 0.41330978
0.56207395 0.45591536 0.4093882
0.5597288 0.4452717 0.40154508
0.5479641 0.433507 0.38978037
0.54246616 0.43630752 0.38978037
0.5683407 0.46913102 0.42810193
0.584027 0.48481736 0.44378823
0.5683407 0.46913102 0.42810193
0.5487329 0.4495232 0.40849409
0.55265445 0.45344478 0.41241565
0.56284267 0.47058207 0.43505102
0.5706858 0.47977477 0.4359451
0.5746074 0.48369634 0.43986666
0.56284267 0.47058207 0.43505102
0.573031 0.48906887 0.45073733
0.5887173 0.50475514 0.4664236
0.59263885 0.5086767 0.47034517
0.5416584 0.45769632 0.41936475
0.5518467 0.47483358 0.44200003
0.56361145 0.48524877 0.4607138
0.51655257 0.4381899 0.41365492
0.52047414 0.44076195 0.42452547
0.49536833 0.42260507 0.41186664
0.52124286 0.45677817 0.44323918
0.50947815 0.44501346 0.43147448
0.49771345 0.43324876 0.41970977
0.5251644 0.4620493 0.44021174
0.50947815 0.44636303 0.42452547
0.53692913 0.473814 0.45197645
0.5188978 0.44748405 0.42844704
0.51105464 0.44099042 0.41365492
0.5385056 0.4684414 0.4411059
0.51105464 0.44099042 0.41365492
0.5188978 0.44883355 0.42149806
0.53458405 0.46451983 0.43718433
0.5306625 0.46059826 0.43326277
0.51105464 0.4396409 0.4206039
0.51105464 0.4396409 0.4206039
0.5133997 0.4502846 0.42844704
0.53692913 0.473814 0.45197645
0.5055566 0.44244146 0.4206039
0.5055566 0.4410919 0.4275529
0.52124286 0.45677817 0.44323918
0.52124286 0.45812774 0.43629017
0.5133997 0.4502846 0.42844704
0.53300756 0.46989244 0.44805488
0.5353527 0.4805361 0.45589802
0.5471175 0.4909513 0.47461176
0.53143114 0.47661453 0.45197645
0.5149762 0.444912 0.4175765
0.5032115 0.43314728 0.4058118
0.50713307 0.43706885 0.40973336
0.5471175 0.4923008 0.46766275
0.5353527 0.4805361 0.45589802
0.54869384 0.48692828 0.45679224
0.5361604 0.4591473 0.42631376
0.5024427 0.41713107 0.38709807
0.5298937 0.44458205 0.41454905
0.5063643 0.42105263 0.39101964
0.51655257 0.43953946 0.40670592
0.5361604 0.4591473 0.42631376
0.5008663 0.4238532 0.39101964
0.51655257 0.43953946 0.40670592
0.5361604 0.4591473 0.42631376
0.50713307 0.43841842 0.40278435
0.5502703 0.48155567 0.4459216
0.53458405 0.4658694 0.43023533
0.5188978 0.45018312 0.41454905
0.5385056 0.4711405 0.4272079
0.52281934 0.45545423 0.4115216
0.49536833 0.42800325 0.38407063
0.5188978 0.45153266 0.40760005
0.30851427 0.39982787 0.5376392
0.32420054 0.41686368 0.54637647
0.3398868 0.4312004 0.56901175
0.36341622 0.45472983 0.59254116
0.36341622 0.45472983 0.59254116
0.3469612 0.42032823 0.57203925
0.31874153 0.3714628 0.5536705
0.31797284 0.35274747 0.54885495
0.30620813 0.34098276 0.53709024
0.31562775 0.33940467 0.5549098
0.3250473 0.34052572 0.5588314
0.3250473 0.34052572 0.5588314
0.33446684 0.34029722 0.5697019
0.33446684 0.34029722 0.5697019
0.33054528 0.33637565 0.56578034
0.34230998 0.34814036 0.57754505
0.33446684 0.34029722 0.5697019
0.33681202 0.35094088 0.57754505
0.3352356 0.3590125 0.57451767
0.32581598 0.35924104 0.56364715
0.31247488 0.35419843 0.555804
0.32739246 0.35116938 0.56667453
0.34857672 0.3627056 0.58930975
0.36191782 0.3677482 0.5971529
0.36191782 0.3677482 0.5971529
0.37133744 0.37156826 0.58717656
0.36741588 0.37439445 0.54850984
0.40351763 0.39909622 0.49862742
0.44430986 0.44103652 0.48527846
0.44115692 0.45313126 0.50007063
0.3854082 0.4556736 0.53
0.27787137 0.42997387 0.53158426
0.32335377 0.48240525 0.5895138
0.40728316 0.5566866 0.6748941
0.49671048 0.63086647 0.7463765
0.5649537 0.6921605 0.80217254
0.5900595 0.7089678 0.8217804
0.5947888 0.6888015 0.8100157
0.5446161 0.61508274 0.7364
0.48344743 0.54561555 0.66973335
0.4755653 0.57517743 0.7101882
0.52965957 0.65281767 0.78772557
0.56964386 0.7080497 0.8456549
0.577487 0.71724236 0.84654903
0.5265066 0.666262 0.7955687
0.4284674 0.5709219 0.6836314
0.4167027 0.56050676 0.66491765
0.45591837 0.59972245 0.70413333
0.5108203 0.6546244 0.7590353
0.4912125 0.633667 0.7463765
0.50140077 0.65350336 0.7551137
0.4778714 0.62997395 0.7315843
0.4504204 0.60252297 0.70413333
0.45434198 0.60644454 0.7080549
0.45668712 0.61573863 0.7228471
0.43550283 0.6015033 0.7141098
0.41354987 0.5712518 0.6866588
0.5022086 0.6307649 0.73247844
0.41916496 0.4602848 0.5209176
0.3823334 0.3929582 0.44819605
0.31954932 0.36626858 0.4406981
0.19086722 0.28622943 0.39914507
0.1892908 0.29160202 0.41001564
0.20889865 0.3098603 0.43657258
0.22143203 0.33764124 0.46705097
0.24965164 0.3811085 0.5132157
0.27944776 0.4178536 0.5554588
0.29355764 0.4416115 0.5681177
0.29355764 0.4416115 0.5681177
0.29355764 0.4416115 0.5681177
0.32885176 0.4769056 0.6034118
0.3484596 0.49651346 0.62301964
0.2426163 0.35187653 0.47578827
0.19009846 0.27156278 0.37348235
0.19559652 0.2714613 0.35958436
0.18148662 0.25310156 0.31912944
0.17679638 0.23451331 0.28954506
0.16580035 0.24416304 0.26869807
0.1508438 0.2899953 0.27832937
0.16264747 0.25625774 0.28349018
0.16422394 0.24548694 0.30041572
0.49286705 0.5561834 0.6250118
0.35092187 0.39764112 0.47207063
0.1863331 0.12746783 0.12772553
0.37699157 0.25423586 0.2133098
0.51424646 0.3928403 0.3436157
0.5479641 0.433507 0.38978037
0.59344655 0.48728797 0.4407608
0.5699171 0.46240893 0.42418036
0.56207395 0.45456582 0.41633722
0.55815244 0.45064425 0.41241565
0.54246616 0.43495798 0.39672938
0.5448113 0.44560164 0.40457252
0.573031 0.48906887 0.45073733
0.5847957 0.499484 0.46945104
0.5651879 0.47987616 0.4498432
0.54950154 0.4641899 0.4341569
0.5573447 0.4733826 0.43505102
0.573031 0.48906887 0.45073733
0.5651879 0.48122573 0.4428942
0.57852894 0.48626834 0.45073733
0.56126624 0.47730416 0.4389726
0.573031 0.48906887 0.45073733
0.5832193 0.50755566 0.4664236
0.58714086 0.51012766 0.47729418
0.53773683 0.45242518 0.4223922
0.54634875 0.47628453 0.44894904
0.5502703 0.4788566 0.45981959
0.51105464 0.4396409 0.4206039
0.49771345 0.43324876 0.41970977
0.50947815 0.44501346 0.43147448
0.523588 0.46742183 0.45108232
0.52124286 0.45677817 0.44323918
0.5055566 0.4410919 0.4275529
0.5251644 0.4620493 0.44021174
0.50947815 0.44636303 0.42452547
0.5408507 0.47773558 0.45589802
0.5149762 0.44356248 0.42452547
0.50870943 0.43034676 0.4058118
0.5306625 0.46059826 0.43326277
0.5188978 0.44883355 0.42149806
0.5267409 0.4566767 0.4293412
0.53692913 0.47516352 0.44502747
0.5306625 0.45924875 0.44021174
0.50713307 0.43571934 0.41668233
0.50713307 0.43571934 0.41668233
0.5133997 0.4502846 0.42844704
0.53300756 0.46989244 0.44805488
0.50713307 0.43571934 0.41668233
0.4992899 0.42652664 0.4157882
0.51105464 0.4396409 0.4206039
0.5188978 0.44748405 0.42844704
0.5251644 0.46069974 0.44716075
0.53692913 0.473814 0.45197645
0.52750957 0.4713434 0.4550039
0.5431959 0.48702973 0.4706902
0.53143114 0.47661453 0.45197645
0.5032115 0.43314728 0.4058118
0.5032115 0.43314728 0.4058118
0.5055566 0.44379097 0.41365492
0.55103904 0.49622238 0.47158432
0.53143114 0.47661453 0.45197645
0.53692913 0.47516352 0.44502747
0.5306625 0.46059826 0.43326277
0.5142074 0.42889577 0.39886278
0.5142074 0.42889577 0.39886278
0.50870943 0.43169633 0.39886278
0.51655257 0.43953946 0.40670592
0.5243957 0.4473826 0.41454905
0.50478786 0.42777476 0.3949412
0.50870943 0.43169633 0.39886278
0.5243957 0.4473826 0.41454905
0.5173213 0.45690525 0.41847062
0.5526154 0.49219936 0.45376477
0.54477227 0.48435622 0.4459216
0.5032115 0.43449685 0.39886278
0.53458405 0.46721894 0.42328632
0.5267409 0.4593758 0.41544318
0.4875252 0.4201601 0.3762275
0.5149762 0.4476111 0.40367848
0.19555748 0.3021186 0.4426275
0.20732218 0.3138833 0.4543922
0.22300845 0.32822004 0.47702742
0.23085159 0.33606318 0.48487055
0.22693002 0.33079207 0.48789793
0.23400447 0.31991985 0.49092546
0.23558088 0.31184822 0.493953
0.23165931 0.30792665 0.49003142
0.24107885 0.30769813 0.50090206
0.24892199 0.31419173 0.51569414
0.25284356 0.3181133 0.5196157
0.26618475 0.3218063 0.5344078
0.27010632 0.3243783 0.54527843
0.27794945 0.33222145 0.55312157
0.28736898 0.3333425 0.5570432
0.29521212 0.34118563 0.56488633
0.2991337 0.3451072 0.56880784
0.30697682 0.35295033 0.576651
0.3108984 0.35822147 0.5736235
0.3108984 0.35822147 0.5736235
0.32423958 0.36326405 0.5814666
0.32581598 0.35654196 0.57754505
0.3336591 0.3643851 0.5853882
0.33758068 0.36830667 0.58930975
0.35092187 0.37334925 0.5971529
0.35641986 0.3732478 0.583255
0.36741588 0.37439445 0.54850984
0.40194124 0.40716785 0.49560004
0.44430986 0.44103652 0.48527846
0.4450785 0.45705283 0.5039922
0.37598866 0.4545526 0.5260784
0.27787137 0.42997387 0.53158426
0.32885176 0.47960472 0.5895138
0.4151263 0.5658793 0.6757883
0.5022086 0.6294154 0.73942745
0.5704517 0.68935996 0.80217254
0.59713393 0.6994452 0.8178588
0.59402 0.6727852 0.79130197
0.5328514 0.6046676 0.7176863
0.48344743 0.54561555 0.66973335
0.48733002 0.58694214 0.7219529
0.5375027 0.6606608 0.7955687
0.5735654 0.7133208 0.8426275
0.56964386 0.7093992 0.8387059
0.5108203 0.65192527 0.7729333
0.42062426 0.5644283 0.6688392
0.4284674 0.57227147 0.67668235
0.46768308 0.61148715 0.71589804
0.50689876 0.65070283 0.7551137
0.48729092 0.631095 0.7355059
0.50140077 0.65350336 0.7551137
0.48571452 0.6378171 0.73942745
0.4621851 0.6142877 0.71589804
0.45434198 0.60644454 0.7080549
0.46610668 0.6168597 0.7267687
0.44492242 0.60262436 0.71803135
0.41354987 0.5712518 0.6866588
0.50613016 0.63468647 0.7364
0.42074135 0.4535627 0.516996
0.3823334 0.3929582 0.44819605
0.31954932 0.36491904 0.44764704
0.20655349 0.30191574 0.41483134
0.20340061 0.31266084 0.43657258
0.2135889 0.3297981 0.45920783
0.23396537 0.36542222 0.49752945
0.27160463 0.41001046 0.54761565
0.3131655 0.4598698 0.59467447
0.34061646 0.48732078 0.62212545
0.34061646 0.48732078 0.62212545
0.3366949 0.4833992 0.6182039
0.36414587 0.5108502 0.64565486
0.36806744 0.51477176 0.6495764
0.25907132 0.38087994 0.52408624
0.18852206 0.27558577 0.39130193
0.19167495 0.26619017 0.3626118
0.18932976 0.25959516 0.33392155
0.17287481 0.23059174 0.2856235
0.16422394 0.25088513 0.27261963
0.16103211 0.30848214 0.29401568
0.15480433 0.2484146 0.27564704
0.16814551 0.24940851 0.3043373
0.5062082 0.5625755 0.62590593
0.3524983 0.39091903 0.46814907
0.19809781 0.137883 0.1464392
0.37699157 0.25423586 0.2133098
0.5220896 0.40068343 0.35145885
0.55580723 0.44135013 0.3976235
0.5856034 0.47809526 0.43986666
0.5738387 0.4663305 0.42810193
0.5699171 0.46240893 0.42418036
0.5659956 0.45713782 0.4272079
0.55107796 0.4574678 0.43023533
0.5337762 0.48186 0.48761564
0.47252947 0.4845038 0.5314432
0.4238552 0.48022258 0.543553
0.48344743 0.5550624 0.62109023
0.514859 0.5490299 0.6041647
0.5267018 0.48733407 0.51238436
0.5777213 0.50630754 0.4872706
0.57537615 0.49701348 0.4724785
0.57537615 0.498363 0.46552947
0.567533 0.49051985 0.45768633
0.57537615 0.498363 0.46552947
0.5737997 0.50508505 0.46945104
0.5737997 0.50508505 0.46945104
0.5188978 0.44883355 0.42149806
0.529086 0.46597087 0.4441333
0.53143114 0.47661453 0.45197645
0.5173213 0.4528566 0.4393176
0.51574486 0.4595787 0.44323918
0.52750957 0.4713434 0.4550039
0.53769785 0.4898303 0.4706902
0.523588 0.46742183 0.45108232
0.52124286 0.45677817 0.44323918
0.5408507 0.47773558 0.45589802
0.5055566 0.44244146 0.4206039
0.54869384 0.48557872 0.46374118
0.5267409 0.45532718 0.43629017
0.5032115 0.43314728 0.4058118
0.5267409 0.4566767 0.4293412
0.51105464 0.44099042 0.41365492
0.5251644 0.4620493 0.44021174
0.5408507 0.4790851 0.44894904
0.52124286 0.45947725 0.4293412
0.50713307 0.43571934 0.41668233
0.49144676 0.42003307 0.40099606
0.5173213 0.45420617 0.4323686
0.529086 0.46597087 0.4441333
0.49144676 0.42003307 0.40099606
0.49144676 0.42003307 0.40099606
0.50713307 0.43571934 0.41668233
0.5173213 0.45420617 0.4323686
0.52124286 0.45677817 0.44323918
0.529086 0.4646213 0.45108232
0.523588 0.46742183 0.45108232
0.5471175 0.4909513 0.47461176
0.53143114 0.47661453 0.45197645
0.5032115 0.43314728 0.4058118
0.49771345 0.43594784 0.4058118
0.49771345 0.43459833 0.41276076
0.5392743 0.48445767 0.45981959
0.53143114 0.47661453 0.45197645
0.5353527 0.4818856 0.44894904
0.5188978 0.44883355 0.42149806
0.5008663 0.4238532 0.39101964
0.51028585 0.4249742 0.3949412
0.52047414 0.44346103 0.41062748
0.5361604 0.4591473 0.42631376
0.5361604 0.4591473 0.42631376
0.512631 0.4356179 0.40278435
0.52281934 0.4541047 0.41847062
0.51105464 0.44234 0.40670592
0.54477227 0.48435622 0.4459216
0.5408507 0.4790851 0.44894904
0.5424272 0.47371253 0.43807846
0.5032115 0.43449685 0.39886278
0.53458405 0.4658694 0.43023533
0.5188978 0.45153266 0.40760005
0.4875252 0.41881058 0.3831765
0.51105464 0.44368953 0.3997569
0.15238118 0.29503685 0.4547373
0.16414589 0.30680156 0.466502
0.16649103 0.31609565 0.4812942
0.17825574 0.32786036 0.49305892
0.1704126 0.32001722 0.48521578
0.18375373 0.3237103 0.50000787
0.1876753 0.32628232 0.5108784
0.1821773 0.32908285 0.5108784
0.18609887 0.33165485 0.521749
0.1845224 0.338377 0.52567065
0.19786358 0.34341955 0.5335138
0.20178515 0.3459916 0.5443843
0.20962828 0.35248524 0.5591764
0.21354985 0.3564068 0.56309795
0.20805182 0.35920736 0.56309795
0.22139299 0.36290038 0.57789016
0.23473412 0.36794296 0.5857333
0.23865569 0.37186453 0.58965486
0.24649882 0.37970766 0.597498
0.25983992 0.38475028 0.60534114
0.26768306 0.3925934 0.6131843
0.27318105 0.3897929 0.6131843
0.2880987 0.38811332 0.61710584
0.3053614 0.3970775 0.62887055
0.31085944 0.39562652 0.6219215
0.3179338 0.3901525 0.5971529
0.33208272 0.38055402 0.5406667
0.38467854 0.39820367 0.48383534
0.4403883 0.43711495 0.4813569
0.44115692 0.45313126 0.50007063
0.38932976 0.45959517 0.53392154
0.2872909 0.4310949 0.53550583
0.33277333 0.4835263 0.5934353
0.4284674 0.5709219 0.6836314
0.5139733 0.6411801 0.75119215
0.5759496 0.68790895 0.79522353
0.5947888 0.690151 0.8030667
0.5799102 0.65037686 0.7716941
0.53208274 0.5873018 0.70592153
0.49129057 0.55480826 0.6706275
0.49909472 0.59870684 0.7337176
0.5492674 0.6724255 0.80733335
0.56964386 0.7093992 0.8387059
0.5657223 0.70547765 0.8347844
0.49513406 0.636239 0.75724703
0.42062426 0.5644283 0.6688392
0.4284674 0.57227147 0.67668235
0.46768308 0.61283666 0.708949
0.49905562 0.6428597 0.7472706
0.48729092 0.631095 0.7355059
0.50532234 0.6574249 0.7590353
0.48179296 0.6338955 0.7355059
0.47002825 0.6221308 0.7237412
0.45826355 0.6103661 0.71197647
0.4621851 0.6142877 0.71589804
0.4504204 0.6011734 0.7110824
0.40178517 0.5594871 0.6748941
0.49828702 0.62684333 0.7285569
0.4262394 0.45076212 0.516996
0.38783136 0.3915072 0.4412471
0.31954932 0.36491904 0.44764704
0.20655349 0.30056617 0.42178035
0.20340061 0.3113113 0.44352156
0.23162034 0.3547785 0.4896863
0.2519968 0.39040262 0.5280078
0.29355764 0.44026196 0.5750666
0.3366949 0.48204967 0.6251528
0.36649102 0.52014434 0.66044694
0.3704126 0.5240659 0.6643685
0.36256945 0.5162228 0.6565254
0.38217732 0.5358306 0.6761333
0.38767532 0.5330301 0.6761333
0.2653379 0.39274612 0.549749
0.18460049 0.2689651 0.40127847
0.18383178 0.25834703 0.35476866
0.18540819 0.2556736 0.32999998
0.17679638 0.23451331 0.28954506
0.17206708 0.26007783 0.27351376
0.16653007 0.30703115 0.28706664
0.14853767 0.23384933 0.26388234
0.17206708 0.25333008 0.30825886
0.5124749 0.57714075 0.63767064
0.35092187 0.39764112 0.47207063
0.19417624 0.13531096 0.13556866
0.37307 0.2503143 0.20938823
0.5220896 0.40068343 0.35145885
0.55580723 0.44135013 0.3976235
0.589525 0.48201683 0.44378823
0.5801054 0.4808958 0.43986666
0.57618386 0.47562465 0.4428942
0.5651879 0.47717708 0.46374118
0.52189445 0.5769123 0.6485412
0.81754947 0.9044119 0.97313726
0.8528435 0.9410556 1.0
0.86068666 0.95024824 1.0
0.8646083 0.9541698 1.0
0.83400446 0.93881357 0.99363923
0.8261613 0.92962086 0.99274504
0.76499265 0.8588041 0.93302745
0.5030943 0.53996426 0.578502
0.5470393 0.5644119 0.57815695
0.55253726 0.5643104 0.5642588
0.5541138 0.56028736 0.54643923
0.5862941 0.57162064 0.5412784
0.60905474 0.5818329 0.53219616
0.5596508 0.5227809 0.4842432
0.5596508 0.5227809 0.4842432
0.53612137 0.4992515 0.4607138
0.5008272 0.46395734 0.42541963
0.4929841 0.4547647 0.42452547
0.52043504 0.48221567 0.45197645
0.5125919 0.47437254 0.4441333
0.51808995 0.47157195 0.4441333
0.51808995 0.47157195 0.4441333
0.5471175 0.4923008 0.46766275
0.50398016 0.44916356 0.42452547
0.5392743 0.48445767 0.45981959
0.5133997 0.4502846 0.42844704
0.5149762 0.444912 0.4175765
0.53458405 0.46451983 0.43718433
0.52281934 0.45275512 0.42541963
0.53300756 0.46989244 0.44805488
0.53143114 0.47661453 0.45197645
0.529086 0.46597087 0.4441333
0.5188978 0.44748405 0.42844704
0.4992899 0.4278762 0.4088392
0.5173213 0.4528566 0.4393176
0.5251644 0.4620493 0.44021174
0.49771345 0.43459833 0.41276076
0.50713307 0.43571934 0.41668233
0.4992899 0.4278762 0.4088392
0.52124286 0.45812774 0.43629017
0.529086 0.4646213 0.45108232
0.523588 0.46742183 0.45108232
0.523588 0.46742183 0.45108232
0.5471175 0.4909513 0.47461176
0.5392743 0.4831081 0.4667686
0.50713307 0.43571934 0.41668233
0.4898703 0.4267552 0.40491763
0.501635 0.4385199 0.41668233
0.53143114 0.47661453 0.45197645
0.523588 0.4687714 0.4441333
0.529086 0.46732038 0.43718433
0.512631 0.4356179 0.40278435
0.4930232 0.41601005 0.3831765
0.5008663 0.4238532 0.39101964
0.512631 0.4356179 0.40278435
0.512631 0.4356179 0.40278435
0.512631 0.4356179 0.40278435
0.529086 0.46732038 0.43718433
0.53692913 0.47516352 0.44502747
0.501635 0.44121897 0.40278435
0.54477227 0.48435622 0.4459216
0.529086 0.46732038 0.43718433
0.5385056 0.46979097 0.4341569
0.4992899 0.43057528 0.3949412
0.5306625 0.46194783 0.42631376
0.5361604 0.4591473 0.42631376
0.48910162 0.41208848 0.37925494
0.50713307 0.43841842 0.40278435
0.15860882 0.34700716 0.51479995
0.16095398 0.35630125 0.52959216
0.17664026 0.37198752 0.54527843
0.16564424 0.37758863 0.54527843
0.17348738 0.3840822 0.5600706
0.17740895 0.38800377 0.56399214
0.18917365 0.39976847 0.57575685
0.1875972 0.4051411 0.58662736
0.1875972 0.4051411 0.58662736
0.18994233 0.41578478 0.5944705
0.18994233 0.4144352 0.60141957
0.19228749 0.42372933 0.61621165
0.19620906 0.4276509 0.6201332
0.20013063 0.43022287 0.631004
0.20797376 0.438066 0.6388471
0.20797376 0.438066 0.6388471
0.2063973 0.4434386 0.6497177
0.21031886 0.44736016 0.6536392
0.21658559 0.4619254 0.66540396
0.2299267 0.466968 0.6732471
0.2299267 0.466968 0.6732471
0.23542474 0.46416745 0.6732471
0.23934631 0.468089 0.6771686
0.25426388 0.4664095 0.68109024
0.25976187 0.4649585 0.6741413
0.2833303 0.45108294 0.64937246
0.30928296 0.413145 0.57025087
0.36976096 0.39853367 0.48686272
0.4309686 0.435994 0.47743532
0.4450785 0.45705283 0.5039922
0.37756506 0.44783047 0.52215683
0.29121247 0.43501648 0.5394274
0.35395756 0.49641204 0.60912156
0.44180852 0.5773141 0.6845255
0.5273144 0.6475722 0.7520863
0.5759496 0.68790895 0.79522353
0.5885221 0.6769353 0.7843529
0.57914156 0.6343606 0.75298035
0.52816117 0.5833802 0.702
0.48971418 0.5601808 0.68149805
0.5132045 0.6211152 0.75332546
0.55161244 0.6830693 0.8151765
0.5735654 0.7133208 0.8426275
0.5539576 0.6950625 0.81607056
0.49513406 0.63758856 0.7502981
0.43631053 0.5814641 0.6775765
0.4402321 0.5853857 0.68149805
0.47710264 0.6139577 0.7128706
0.49905562 0.6428597 0.7472706
0.48729092 0.631095 0.7355059
0.50532234 0.6574249 0.7590353
0.4896361 0.64173865 0.743349
0.47002825 0.6221308 0.7237412
0.4637615 0.6075656 0.71197647
0.47160465 0.6154087 0.7198196
0.4621851 0.6129381 0.7228471
0.4096283 0.56733024 0.68273723
0.5022086 0.6307649 0.73247844
0.43408254 0.4599548 0.51789016
0.39175293 0.39542878 0.44516867
0.3234709 0.3688406 0.4515686
0.2183182 0.31233087 0.43354505
0.21124375 0.31915444 0.4513647
0.23162034 0.3547785 0.4896863
0.26768306 0.4060889 0.5436941
0.30924392 0.4545987 0.59770185
0.3547263 0.50703007 0.6556313
0.37825575 0.53190905 0.6722117
0.37433416 0.5279875 0.6682901
0.37825575 0.53190905 0.6722117
0.39551845 0.5408732 0.6839764
0.38375375 0.5291085 0.6722117
0.25749478 0.38355345 0.54885495
0.18460049 0.26761556 0.40822744
0.17206708 0.24658234 0.34300396
0.18540819 0.2556736 0.32999998
0.17679638 0.23451331 0.28954506
0.17598864 0.2639994 0.27743533
0.15476537 0.29391688 0.28225097
0.14853767 0.23384933 0.26388234
0.17598864 0.25725165 0.31218043
0.5297376 0.5861049 0.64943534
0.3760277 0.41579798 0.48472944
0.1847176 0.1688959 0.19384317
0.37776026 0.2702521 0.2320235
0.5009053 0.3877977 0.33577257
0.5440425 0.42958543 0.3858588
0.5746074 0.48369634 0.43986666
0.5746074 0.48369634 0.43986666
0.56361145 0.48524877 0.4607138
0.46776116 0.53667706 0.619302
0.7892908 0.8970002 0.98221964
0.8450004 0.9318629 1.0
0.86226314 0.94352615 0.9984549
0.8701063 0.95271885 0.999349
0.87637293 0.9672841 1.0
0.8920592 0.9856695 1.0
0.83400446 0.940163 0.9866902
0.8261613 0.9282713 0.9996941
0.8128202 0.9218792 0.99880004
0.7030163 0.81207526 0.8889961
0.44031015 0.51597375 0.55710584
0.44111794 0.4986336 0.50667447
0.49998048 0.5227513 0.503302
0.6929841 0.6588133 0.60367846
0.70005864 0.65468884 0.5719608
0.70005864 0.65468884 0.5719608
0.7196665 0.6742967 0.5915687
0.7157449 0.66902554 0.59459615
0.69848216 0.6600614 0.58283144
0.72201157 0.6835908 0.60636085
0.76122725 0.721457 0.6525255
0.7690704 0.7279506 0.6673176
0.745541 0.70442116 0.6437882
0.6788743 0.63640493 0.5840706
0.5690704 0.52525145 0.48121575
0.53769785 0.49252936 0.45679224
0.51574486 0.46227777 0.4293412
0.5118233 0.4583562 0.42541963
0.5118233 0.4583562 0.42541963
0.51574486 0.46092826 0.43629017
0.53143114 0.47661453 0.45197645
0.5392743 0.48445767 0.45981959
0.523588 0.4687714 0.4441333
0.50947815 0.44636303 0.42452547
0.49379188 0.43067676 0.4088392
0.50947815 0.44501346 0.43147448
0.51966643 0.46350026 0.44716075
0.5133997 0.4502846 0.42844704
0.50713307 0.43571934 0.41668233
0.5032115 0.43179777 0.41276076
0.53300756 0.46989244 0.44805488
0.53143114 0.47526497 0.45892546
0.523588 0.46742183 0.45108232
0.5259331 0.47806552 0.45892546
0.5392743 0.4831081 0.4667686
0.53143114 0.47526497 0.45892546
0.49771345 0.43459833 0.41276076
0.49771345 0.43459833 0.41276076
0.501635 0.4385199 0.41668233
0.51966643 0.46484983 0.44021174
0.51966643 0.46484983 0.44021174
0.529086 0.46732038 0.43718433
0.51655257 0.43953946 0.40670592
0.48518005 0.40816692 0.37533337
0.5188978 0.45018312 0.41454905
0.50870943 0.43169633 0.39886278
0.4930232 0.41601005 0.3831765
0.5188978 0.45018312 0.41454905
0.53692913 0.47516352 0.44502747
0.5526154 0.49084985 0.4607138
0.5133997 0.4516341 0.42149806
0.53692913 0.47516352 0.44502747
0.5267409 0.4566767 0.4293412
0.5267409 0.45802626 0.4223922
0.5032115 0.43449685 0.39886278
0.5306625 0.46194783 0.42631376
0.5361604 0.4591473 0.42631376
0.4930232 0.41601005 0.3831765
0.50713307 0.43841842 0.40278435
0.18602076 0.41051364 0.597498
0.1938639 0.41835678 0.60534114
0.2040522 0.43684357 0.6210274
0.20247573 0.4435657 0.624949
0.20247573 0.44221616 0.6318979
0.20482089 0.45285982 0.63974106
0.20482089 0.45285982 0.63974106
0.20716602 0.4635035 0.6475842
0.21500915 0.47134665 0.65542734
0.22285229 0.47918978 0.6632705
0.21735431 0.4806407 0.67021966
0.21185626 0.48209172 0.6771686
0.21577783 0.4860133 0.68109024
0.2196994 0.48993486 0.68501174
0.21812299 0.49665695 0.6889334
0.21420142 0.4927354 0.68501174
0.22204456 0.499229 0.6998039
0.21812299 0.49530745 0.6958823
0.21812299 0.49530745 0.6958823
0.22204456 0.499229 0.6998039
0.21812299 0.49530745 0.6958823
0.2314641 0.50035006 0.70372546
0.2314641 0.50035006 0.70372546
0.24088372 0.50147104 0.707647
0.24246013 0.4960985 0.6967765
0.256609 0.47975233 0.6750352
0.27629495 0.42724913 0.58414906
0.35484344 0.40021315 0.48294115
0.4309686 0.435994 0.47743532
0.44115692 0.45313126 0.50007063
0.39090624 0.45287305 0.53
0.30847517 0.44533023 0.5442431
0.37514183 0.51064736 0.61785877
0.45907134 0.58627814 0.6962902
0.5406555 0.65261483 0.7599294
0.5712594 0.66797113 0.77258825
0.58775336 0.65956956 0.77258825
0.56111014 0.60938025 0.72250193
0.525816 0.5740861 0.6872078
0.49598083 0.5733965 0.70021176
0.5194713 0.63433087 0.7720393
0.56337714 0.6934845 0.8338902
0.582985 0.71444184 0.84654903
0.5539576 0.6950625 0.81607056
0.4912125 0.63501656 0.73942745
0.43473414 0.5881862 0.68149805
0.44649884 0.5999509 0.69326276
0.4755262 0.6206798 0.71679217
0.49905562 0.6442092 0.7403216
0.49513406 0.64028764 0.7364
0.50689876 0.65070283 0.7551137
0.49747923 0.6495818 0.75119215
0.48179296 0.635245 0.7285569
0.46768308 0.61148715 0.71589804
0.46768308 0.61148715 0.71589804
0.47002825 0.6194317 0.7376392
0.41747144 0.5751734 0.69058037
0.5022086 0.6307649 0.73247844
0.4262394 0.4534612 0.503098
0.38783136 0.3915072 0.4412471
0.32739246 0.3714126 0.46243918
0.20889865 0.3098603 0.43657258
0.21516532 0.32172644 0.46223533
0.24338505 0.3665432 0.501451
0.26768306 0.4060889 0.5436941
0.32100862 0.4663634 0.60946655
0.35864788 0.51095164 0.65955293
0.3860989 0.5384026 0.6870039
0.38217732 0.53448105 0.68308234
0.3860989 0.5397522 0.68005484
0.3978636 0.5501673 0.6987686
0.37983215 0.5238374 0.6752392
0.25591835 0.38892597 0.5597256
0.19086722 0.28083125 0.42694122
0.17756505 0.24378182 0.34300396
0.18540819 0.25432405 0.336949
0.17521997 0.2412354 0.29346663
0.19167495 0.27968568 0.2931216
0.1626085 0.3031096 0.28314507
0.14853767 0.23384933 0.26388234
0.18463951 0.24235645 0.2973882
0.15957274 0.18679455 0.23643135
0.111745164 0.12506905 0.16370985
0.12508628 0.13146122 0.16460389
0.20982347 0.18705274 0.20650199
0.46872503 0.37511486 0.3478824
0.5353917 0.44313106 0.40760005
0.5588822 0.5054151 0.4724785
0.61220765 0.5656896 0.538251
0.6756824 0.6778073 0.68885493
0.7202399 0.85439587 0.9699059
0.7516124 0.8857684 1.0
0.83792603 0.9386865 1.0
0.86068666 0.94889873 1.0
0.86068666 0.9515978 0.9954274
0.8779494 0.96191156 1.0
0.8920592 0.9843199 1.0
0.8920592 0.9843199 1.0
0.8261613 0.92962086 0.99274504
0.8128202 0.9205296 1.0
0.8088986 0.91660804 1.0
0.7892908 0.8970002 0.98221964
0.43323573 0.5214478 0.58187455
0.4607258 0.51824147 0.52628237
0.5611882 0.55751246 0.5077726
0.6961371 0.65076727 0.5680393
0.6961371 0.65076727 0.5680393
0.72124285 0.66892415 0.580698
0.7369291 0.6846104 0.5963843
0.729086 0.6767673 0.58854115
0.729086 0.6781168 0.58159214
0.73458403 0.6766658 0.5746432
0.7267409 0.66882265 0.56680006
0.73066247 0.6727442 0.5707216
0.7149762 0.65705794 0.55503535
0.70713305 0.6492148 0.5471922
0.69771343 0.64674425 0.5502196
0.7314312 0.68741095 0.5963843
0.7824116 0.7356922 0.6612628
0.71809 0.6769702 0.61633724
0.6043645 0.56189513 0.5095608
0.5321998 0.49532995 0.45679224
0.5416194 0.49510136 0.46766275
0.5220115 0.47549352 0.44805488
0.5079017 0.45308512 0.42844704
0.49613702 0.44132042 0.41668233
0.5079017 0.45173556 0.43539605
0.53143114 0.47526497 0.45892546
0.5173213 0.4528566 0.4393176
0.501635 0.4385199 0.41668233
0.49379188 0.43067676 0.4088392
0.53143114 0.47661453 0.45197645
0.5353527 0.47918653 0.46284702
0.523588 0.46742183 0.45108232
0.51808995 0.47022238 0.45108232
0.5392743 0.4831081 0.4667686
0.53143114 0.47526497 0.45892546
0.49379188 0.43067676 0.4088392
0.49771345 0.43459833 0.41276076
0.5055566 0.44244146 0.4206039
0.523588 0.4687714 0.4441333
0.53143114 0.47661453 0.45197645
0.5251644 0.4633988 0.43326277
0.49144676 0.42273214 0.38709807
0.4757605 0.40704587 0.3714118
0.5385056 0.4684414 0.4411059
0.5149762 0.444912 0.4175765
0.5032115 0.43449685 0.39886278
0.5149762 0.44626155 0.41062748
0.53143114 0.47796404 0.44502747
0.5549606 0.5014935 0.46855694
0.5353527 0.4818856 0.44894904
0.53458405 0.46451983 0.43718433
0.5032115 0.43314728 0.4058118
0.5032115 0.43314728 0.4058118
0.5188978 0.44883355 0.42149806
0.529086 0.46732038 0.43718433
0.5306625 0.46194783 0.42631376
0.48518005 0.40816692 0.37533337
0.5032115 0.43449685 0.39886278
0.19463259 0.43437302 0.6240548
0.2063973 0.44748726 0.62887055
0.21424043 0.4553304 0.6367137
0.21658559 0.46462452 0.65150577
0.22442873 0.47246766 0.6593489
0.22285229 0.47918978 0.6632705
0.22677386 0.48311135 0.66719204
0.22677386 0.48176175 0.6741413
0.23069543 0.48703292 0.6711136
0.22519745 0.48983344 0.6711136
0.22127588 0.48456228 0.6741413
0.2196994 0.48993486 0.68501174
0.21812299 0.49665695 0.6889334
0.21420142 0.4927354 0.68501174
0.21812299 0.49665695 0.6889334
0.21420142 0.4927354 0.68501174
0.21812299 0.49665695 0.6889334
0.22204456 0.5005785 0.6928549
0.2314641 0.50169957 0.6967765
0.2314641 0.50169957 0.6967765
0.23538567 0.50562114 0.700698
0.2314641 0.50169957 0.6967765
0.22754253 0.497778 0.6928549
0.23304059 0.49632698 0.68590593
0.23069543 0.48568332 0.6780628
0.24876586 0.4746083 0.653294
0.2857145 0.43106928 0.57417244
0.35484344 0.4015627 0.4759922
0.43646672 0.4331934 0.47743532
0.44273332 0.4477587 0.48920003
0.3964042 0.45142207 0.523051
0.3218164 0.44902322 0.55903524
0.39240465 0.5196114 0.6296235
0.47241244 0.59132075 0.70413333
0.542232 0.64589274 0.75600785
0.5767574 0.6651706 0.77258825
0.5736435 0.63851076 0.74603134
0.5415023 0.5897724 0.7028941
0.51639646 0.5729651 0.68328625
0.50616914 0.59053373 0.7228471
0.5390791 0.6539387 0.7916471
0.5672987 0.69875556 0.83086276
0.58140856 0.7211639 0.85047066
0.550036 0.69114095 0.812149
0.47002825 0.6234803 0.71679217
0.4386557 0.59345734 0.6784706
0.4504204 0.60522205 0.69023526
0.47944778 0.62595093 0.71376467
0.5147419 0.6598955 0.75600785
0.5029772 0.6481308 0.74424314
0.51866347 0.66381705 0.7599294
0.50689876 0.65070283 0.7551137
0.48729092 0.6324445 0.7285569
0.47160465 0.6154087 0.7198196
0.4755262 0.6193303 0.7237412
0.48179296 0.63254595 0.74245495
0.4331577 0.59085965 0.70626664
0.5022086 0.6294154 0.73942745
0.4380041 0.4652259 0.5148627
0.38783136 0.3915072 0.4412471
0.32739246 0.37006307 0.46938828
0.2183182 0.31098133 0.44049415
0.2135889 0.32844853 0.4661569
0.24730662 0.36911523 0.51232153
0.27944776 0.41650406 0.56240773
0.32100862 0.4663634 0.60946655
0.3547263 0.50703007 0.6556313
0.38217732 0.53448105 0.68308234
0.37825575 0.5305595 0.6791608
0.39002046 0.5423242 0.6909255
0.40178517 0.5540889 0.7026902
0.39002046 0.5423242 0.6909255
0.27944776 0.41245538 0.583255
0.20655349 0.29516798 0.44957644
0.17206708 0.24658234 0.34300396
0.19951808 0.27673244 0.35655683
0.24423173 0.31719622 0.37492552
0.18067892 0.28393722 0.30007064
0.1626085 0.30176002 0.2900941
0.15245923 0.2350718 0.28170192
0.18148662 0.25445113 0.31218043
0.11170618 0.16247407 0.21200782
0.08663933 0.10691218 0.15105101
0.10467078 0.13189259 0.18152939
0.09521212 0.16412799 0.24675292
0.1485767 0.18834698 0.25727847
0.375259 0.4024808 0.45211762
0.38702372 0.41424552 0.46388233
0.40271 0.4299318 0.4795686
0.34853768 0.4230529 0.51947457
0.4629929 0.5848015 0.72800785
0.2629929 0.38615105 0.52105886
0.2865223 0.40968046 0.54458827
0.7539967 0.85765743 0.96777254
0.85676515 0.9436276 1.0
0.881871 0.96448356 1.0
0.88579255 0.9697547 1.0
0.89598083 0.98959106 1.0
0.86303186 0.9595424 1.0
0.8143966 0.9138075 1.0
0.8010555 0.9087649 0.99398434
0.8010555 0.9087649 0.99398434
0.7853692 0.8930786 0.97829807
0.38617688 0.4757385 0.5278667
0.47564334 0.519261 0.5163059
0.6812194 0.6497477 0.5780157
0.71182334 0.6678031 0.57677644
0.7392743 0.6952541 0.6042274
0.74711746 0.7030972 0.61207056
0.7526154 0.7016462 0.60512155
0.7424272 0.6845089 0.58248633
0.71889776 0.6609795 0.5589569
0.70086634 0.6359991 0.5284785
0.7165526 0.65168536 0.5441648
0.740082 0.67656434 0.5607451
0.7377369 0.66727024 0.5459529
0.71812904 0.6476624 0.5263451
0.70636433 0.6358977 0.51458037
0.7102859 0.6384697 0.52545106
0.72439575 0.66087806 0.54505885
0.70713305 0.6505643 0.5402432
0.7228193 0.6649011 0.5628785
0.74711746 0.7030972 0.61207056
0.7204351 0.6889634 0.61723137
0.62081945 0.5935976 0.5439608
0.5267018 0.49813047 0.45679224
0.50867033 0.47045097 0.44021174
0.5337762 0.48590866 0.4667686
0.5118233 0.45565712 0.4393176
0.4898703 0.42540562 0.41186664
0.5133997 0.4502846 0.42844704
0.51808995 0.47022238 0.45108232
0.5353527 0.47918653 0.46284702
0.523588 0.46742183 0.45108232
0.52985466 0.4819871 0.46284702
0.5353527 0.47918653 0.46284702
0.52750957 0.4713434 0.4550039
0.501635 0.4385199 0.41668233
0.49379188 0.43067676 0.4088392
0.5133997 0.4502846 0.42844704
0.523588 0.4687714 0.4441333
0.5353527 0.4805361 0.45589802
0.5055566 0.44379097 0.41365492
0.48910162 0.41208848 0.37925494
0.4757605 0.4056963 0.3783608
0.54477227 0.48300666 0.4528706
0.50947815 0.44771254 0.4175765
0.5188978 0.44883355 0.42149806
0.49144676 0.42138258 0.39404708
0.523588 0.4687714 0.4441333
0.5549606 0.50014395 0.4755059
0.53692913 0.473814 0.45197645
0.5267409 0.4566767 0.4293412
0.5032115 0.43314728 0.4058118
0.50713307 0.43706885 0.40973336
0.52124286 0.45947725 0.4293412
0.5251644 0.46474838 0.42631376
0.5188978 0.45018312 0.41454905
0.48360363 0.414889 0.37925494
0.49379188 0.43337584 0.3949412
0.20170704 0.428899 0.59928626
0.2040522 0.43954265 0.6071294
0.21189533 0.44603628 0.6219215
0.21973847 0.45387942 0.6297646
0.22366004 0.45780098 0.6336862
0.23150317 0.46564412 0.6415293
0.2299267 0.47236624 0.6454509
0.2299267 0.47236624 0.6454509
0.23542474 0.4709152 0.63850194
0.23542474 0.47226474 0.63155293
0.23776984 0.48020938 0.653294
0.24169141 0.48413095 0.6572156
0.24561298 0.48805252 0.66113716
0.24953455 0.4919741 0.66505873
0.25345612 0.49724516 0.66203135
0.2667973 0.50093824 0.67682344
0.26522082 0.5090099 0.67379606
0.2691424 0.51293147 0.6777176
0.27698553 0.5207746 0.68556076
0.278562 0.51540196 0.67469025
0.289558 0.5098009 0.67469025
0.28171486 0.5019578 0.6668471
0.28721285 0.5005068 0.659898
0.2793697 0.4940132 0.6451059
0.2864442 0.48449054 0.64118433
0.29117343 0.46702334 0.6155216
0.31320453 0.42246476 0.54637647
0.37918058 0.4037033 0.46993724
0.43412158 0.4238993 0.46264312
0.44430986 0.4423861 0.4783294
0.38071793 0.43708533 0.50041574
0.32731438 0.44757223 0.55208623
0.3979026 0.5168109 0.6296235
0.48575357 0.59636337 0.71197647
0.53596526 0.6313275 0.74424314
0.5681455 0.6399617 0.75298035
0.56111014 0.60938025 0.72250193
0.52189445 0.57151407 0.6763373
0.50463176 0.5612004 0.67152154
0.50693786 0.60789955 0.7346118
0.5375027 0.6606608 0.7955687
0.5712203 0.70267713 0.8347844
0.5735654 0.7133208 0.8426275
0.5327733 0.68352634 0.79343534
0.45276555 0.61451614 0.70502746
0.44100085 0.604101 0.68631375
0.45276555 0.6158657 0.6980784
0.49513406 0.6416372 0.72945094
0.52258503 0.6677386 0.763851
0.5147419 0.6598955 0.75600785
0.52258503 0.6677386 0.763851
0.5108203 0.6546244 0.7590353
0.48729092 0.6324445 0.7285569
0.47710264 0.6139577 0.7128706
0.4810242 0.61652976 0.7237412
0.48571452 0.63511795 0.75332546
0.44492242 0.60262436 0.71803135
0.51239675 0.6479023 0.7551137
0.43408254 0.4599548 0.51789016
0.39959607 0.4032719 0.4530118
0.32581598 0.3767852 0.47330984
0.22616133 0.31882447 0.4483373
0.2253536 0.34021324 0.4779216
0.25122818 0.3730368 0.5162431
0.2872909 0.4243472 0.57025087
0.32885176 0.47420654 0.6173097
0.35864788 0.5123012 0.6526038
0.37825575 0.53190905 0.6722117
0.37825575 0.53190905 0.6722117
0.3860989 0.5384026 0.6870039
0.40178517 0.5540889 0.7026902
0.40570673 0.55666095 0.7135608
0.30297717 0.4359848 0.6067844
0.21674179 0.31500432 0.45831376
0.17364348 0.23986025 0.3390824
0.21678075 0.2856966 0.36832154
0.30305526 0.37601975 0.43374905
0.17283577 0.27609405 0.29222748
0.17594963 0.30545306 0.3048863
0.16030237 0.24426448 0.28259605
0.19244362 0.2862551 0.3604784
0.61439663 0.71515703 0.7948785
0.7163574 0.8171178 0.89683926
0.71243584 0.81184673 0.8998667
0.73046726 0.83682716 0.93034506
0.498326 0.5880888 0.6872078
0.14307873 0.18979797 0.26422748
0.1375807 0.19259852 0.26422748
0.17364348 0.24120979 0.33213335
0.17283577 0.2598995 0.37561566
0.1681065 0.2760172 0.40822744
0.19005948 0.30491912 0.4426275
0.22143203 0.33629167 0.47400004
0.24730662 0.37046477 0.5053726
0.3030163 0.40532747 0.5237411
0.8410789 0.9279413 0.99666667
0.881871 0.9658331 1.0
0.8897141 0.97367626 1.0
0.8779494 0.9592124 1.0
0.8238162 0.91627806 0.99880004
0.8026319 0.90204275 0.9900628
0.8026319 0.90204275 0.9900628
0.79871035 0.89812124 0.9861412
0.7791025 0.8798629 0.95958436
0.432467 0.5108297 0.53536475
0.5478471 0.5511203 0.50687844
0.7196665 0.67564625 0.5846196
0.7314312 0.68741095 0.5963843
0.7408507 0.688532 0.60030586
0.72124285 0.67027366 0.573749
0.7267409 0.66882265 0.56680006
0.73616046 0.6712932 0.5637726
0.7283173 0.66345006 0.5559295
0.7165526 0.6530349 0.5372157
0.71812904 0.64631283 0.5332942
0.6985212 0.62805456 0.50673723
0.70636433 0.6358977 0.51458037
0.7102859 0.63981926 0.51850194
0.70636433 0.6358977 0.51458037
0.7102859 0.63981926 0.51850194
0.70009756 0.62268203 0.49586666
0.7102859 0.64116883 0.51155293
0.72989374 0.6594271 0.5381098
0.71812904 0.64631283 0.5332942
0.71263105 0.6477638 0.5402432
0.7369291 0.68595994 0.5894353
0.73612136 0.7059992 0.6259687
0.6757214 0.6498491 0.59191376
0.58160377 0.5530324 0.5116942
0.52043504 0.48221567 0.45197645
0.51651347 0.47694454 0.4550039
0.5243566 0.48478767 0.46284702
0.5259331 0.47806552 0.45892546
0.523588 0.46742183 0.45108232
0.5220115 0.47414395 0.4550039
0.5220115 0.47414395 0.4550039
0.51574486 0.4595787 0.44323918
0.49379188 0.43067676 0.4088392
0.49771345 0.43459833 0.41276076
0.49771345 0.43459833 0.41276076
0.51574486 0.46092826 0.43629017
0.5353527 0.4805361 0.45589802
0.5055566 0.44379097 0.41365492
0.48518005 0.40681735 0.38228238
0.4781056 0.41634 0.38620394
0.5392743 0.48580718 0.4528706
0.5251644 0.4633988 0.43326277
0.52281934 0.45275512 0.42541963
0.4875252 0.417461 0.3901255
0.50713307 0.43706885 0.40973336
0.5526154 0.49084985 0.4607138
0.529086 0.46732038 0.43718433
0.52281934 0.45275512 0.42541963
0.4992899 0.4292257 0.40189022
0.5251644 0.4633988 0.43326277
0.52124286 0.45947725 0.4293412
0.5173213 0.45555568 0.42541963
0.51105464 0.44234 0.40670592
0.4875252 0.41881058 0.3831765
0.49771345 0.43594784 0.4058118
0.22293036 0.4084283 0.5458274
0.23861663 0.42411458 0.56151366
0.24096176 0.43475828 0.5693568
0.25272647 0.44652298 0.58112156
0.26606762 0.45156556 0.5889647
0.2833303 0.4618793 0.5937803
0.27783233 0.46467984 0.5937803
0.2833303 0.4618793 0.5937803
0.27548715 0.4553857 0.5789882
0.27548715 0.4553857 0.5789882
0.28725186 0.46580088 0.59770185
0.30293813 0.48148715 0.6133881
0.3084362 0.4786866 0.6133881
0.31235775 0.48260817 0.6173097
0.32412246 0.4957224 0.62212545
0.33746356 0.50211453 0.62301964
0.34688318 0.5032356 0.6269412
0.35630274 0.5057062 0.6239137
0.3484596 0.49786302 0.61607057
0.34453803 0.49394146 0.612149
0.3366949 0.48609832 0.60430586
0.34376928 0.47792524 0.5934353
0.33592615 0.47143164 0.5786431
0.33200458 0.46751007 0.5747215
0.32023987 0.45574537 0.5629568
0.31554967 0.43580753 0.5403215
0.31716514 0.39302993 0.48115298
0.36664712 0.37727192 0.43250978
0.4317764 0.4146052 0.44785094
0.4435411 0.4263699 0.45961565
0.3877924 0.42756268 0.49649414
0.3171261 0.43043497 0.52945095
0.3916359 0.50359523 0.61090976
0.4755653 0.5792261 0.6893412
0.5218554 0.61026865 0.7176863
0.5516906 0.6082592 0.71858037
0.5297376 0.5793572 0.68418044
0.51954937 0.56087035 0.66849416
0.49363574 0.5654519 0.6784706
0.514781 0.6157427 0.74245495
0.54769087 0.6791477 0.811255
0.56964386 0.7093992 0.8387059
0.56414586 0.7135493 0.83175683
0.5115891 0.67199016 0.7708
0.43158126 0.60297996 0.6823921
0.4394244 0.61217266 0.68328625
0.4511891 0.62393737 0.69505095
0.49747923 0.65228087 0.7372941
0.53434974 0.6808529 0.7686666
0.51866347 0.66381705 0.7599294
0.52258503 0.6677386 0.763851
0.5147419 0.6598955 0.75600785
0.4912125 0.63636607 0.73247844
0.47710264 0.6139577 0.7128706
0.48494577 0.62045133 0.72766274
0.49355766 0.6429611 0.7611686
0.44726753 0.61191845 0.7328236
0.52181643 0.64902323 0.7590353
0.4513452 0.47026852 0.52270585
0.39959607 0.4032719 0.4530118
0.32973754 0.38070676 0.4772314
0.2300829 0.32274604 0.45225886
0.23319674 0.34805638 0.48576474
0.25907132 0.38087994 0.52408624
0.2872909 0.4243472 0.57025087
0.33277333 0.4781281 0.62123126
0.36256945 0.5162228 0.6565254
0.38217732 0.5358306 0.6761333
0.3704126 0.5240659 0.6643685
0.38217732 0.5358306 0.6761333
0.41120473 0.55520993 0.70661175
0.40178517 0.5513898 0.7165884
0.31474188 0.44639996 0.62549806
0.2183182 0.30828223 0.4543922
0.16972192 0.23728822 0.32821178
0.20267096 0.26463777 0.3417647
0.22620037 0.29221582 0.34444705
0.17441218 0.27072152 0.2813569
0.18852206 0.29447946 0.29401568
0.16580035 0.2401144 0.28954506
0.6293142 0.7161766 0.784902
0.76030236 0.8388663 0.91039217
0.7524592 0.8323727 0.8956
0.7548044 0.8403173 0.9173412
0.73046726 0.83682716 0.93034506
0.33677298 0.4112882 0.50770986
0.13131402 0.17803326 0.25246277
0.13915716 0.1858764 0.2603059
0.11797285 0.17164114 0.25156862
0.19167495 0.26484066 0.36956078
0.25203592 0.35299754 0.47970983
0.1657614 0.26672304 0.39343533
0.18144767 0.2824093 0.4091216
0.20105551 0.30201715 0.42872944
0.21674179 0.31770343 0.44441572
0.24969074 0.345053 0.4579686
0.86226314 0.9408271 1.0
0.8716827 0.9432977 1.0
0.8661847 0.9460982 1.0
0.84657687 0.9237913 1.0
0.80420834 0.8966702 0.9791922
0.7908672 0.89162767 0.97134906
0.80028677 0.89274865 0.9752706
0.79244363 0.8849055 0.9674275
0.64892197 0.7357845 0.80450976
0.45603547 0.5010027 0.48974898
0.68437237 0.63900256 0.55627453
0.73300755 0.68068886 0.5924627
0.75653696 0.70421827 0.6159921
0.7541919 0.69492406 0.6012
0.74634874 0.6884305 0.5864079
0.7322389 0.66737163 0.55985105
0.7087095 0.6438422 0.53632164
0.70636433 0.6345481 0.52152944
0.7102859 0.6384697 0.52545106
0.7102859 0.63981926 0.51850194
0.7102859 0.63981926 0.51850194
0.70244277 0.6319761 0.5106588
0.7102859 0.63981926 0.51850194
0.7314701 0.652705 0.5341882
0.7040191 0.6266036 0.49978822
0.68833286 0.6109173 0.48410195
0.71186227 0.63444674 0.50763136
0.70009756 0.62268203 0.49586666
0.6977525 0.6120384 0.48802352
0.71186227 0.63444674 0.50763136
0.7040191 0.6266036 0.49978822
0.70009756 0.62268203 0.49586666
0.6875252 0.6309565 0.52063537
0.7573057 0.7202345 0.6347059
0.6882549 0.6789796 0.61544317
0.5996352 0.57936233 0.5352236
0.54081166 0.51918924 0.48334903
0.5149371 0.48366663 0.45892546
0.5031724 0.47190192 0.44716075
0.52043504 0.4808661 0.45892546
0.5102468 0.46237925 0.44323918
0.49771345 0.43459833 0.41276076
0.49613702 0.44132042 0.41668233
0.501635 0.4385199 0.41668233
0.51966643 0.46484983 0.44021174
0.53143114 0.47661453 0.45197645
0.51105464 0.44099042 0.41365492
0.4773369 0.3989742 0.37443924
0.49379188 0.43202627 0.40189022
0.5353527 0.4818856 0.44894904
0.523588 0.4701209 0.43718433
0.5173213 0.45555568 0.42541963
0.49536833 0.42530414 0.39796865
0.48360363 0.41353944 0.38620394
0.4992899 0.4292257 0.40189022
0.52124286 0.45947725 0.4293412
0.5188978 0.44883355 0.42149806
0.5032115 0.43314728 0.4058118
0.5055566 0.44379097 0.41365492
0.52124286 0.45947725 0.4293412
0.52124286 0.45947725 0.4293412
0.4992899 0.43057528 0.3949412
0.48360363 0.41353944 0.38620394
0.49771345 0.43594784 0.4058118
0.24338505 0.37059185 0.48060387
0.24338505 0.37059185 0.48060387
0.2629929 0.3901997 0.5002117
0.2653379 0.4008434 0.50805485
0.27318105 0.40868655 0.515898
0.2865223 0.4137291 0.5237411
0.29436544 0.4229218 0.52463526
0.2998634 0.42012125 0.52463526
0.29594183 0.41619968 0.5207137
0.29202026 0.41227812 0.5167921
0.30378497 0.42404282 0.5285568
0.30613014 0.4346865 0.53639996
0.31554967 0.43580753 0.5403215
0.31947124 0.4397291 0.5442431
0.31554967 0.43580753 0.5403215
0.33123595 0.45284337 0.5490588
0.34457707 0.45788595 0.55690193
0.34457707 0.45788595 0.55690193
0.34615356 0.45251337 0.54603136
0.33831042 0.44467023 0.5381882
0.33046728 0.4368271 0.5303451
0.33046728 0.4368271 0.5303451
0.32654572 0.43290552 0.5264235
0.32654572 0.431556 0.5333725
0.32104766 0.43435654 0.5333725
0.31870258 0.42371285 0.5255294
0.31481996 0.3837358 0.46636075
0.3721451 0.37582093 0.42556083
0.43727446 0.41315416 0.440902
0.43961954 0.42244834 0.45569408
0.3776041 0.41042545 0.4738588
0.28890643 0.3856182 0.49023527
0.35791826 0.461579 0.5716941
0.43950248 0.5279157 0.6353333
0.5030553 0.56792253 0.6754431
0.5273925 0.5687135 0.6763373
0.5038631 0.5451841 0.6528079
0.48894548 0.5455141 0.6558353
0.4865613 0.57227546 0.6962902
0.5132045 0.6211152 0.75332546
0.5437693 0.67522615 0.80733335
0.5563027 0.7043566 0.83086276
0.5484596 0.69786304 0.81607056
0.48256165 0.6526108 0.7403216
0.42608327 0.60713005 0.6754431
0.43000484 0.6110516 0.6793647
0.45511067 0.62650937 0.70592153
0.49982437 0.6629245 0.7451372
0.5382713 0.68477446 0.77258825
0.52258503 0.6677386 0.763851
0.52258503 0.6677386 0.763851
0.5147419 0.6598955 0.75600785
0.49513406 0.64028764 0.7364
0.4810242 0.6178793 0.71679217
0.4810242 0.61652976 0.7237412
0.49747923 0.64688265 0.76509017
0.44726753 0.61191845 0.7328236
0.52181643 0.64902323 0.7590353
0.44350207 0.46107584 0.5218117
0.39959607 0.4032719 0.4530118
0.34307873 0.38709888 0.47812545
0.2300829 0.3213965 0.45920783
0.23319674 0.34805638 0.48576474
0.25907132 0.38087994 0.52408624
0.2857145 0.43106928 0.57417244
0.32885176 0.47420654 0.6173097
0.3547263 0.50837964 0.64868224
0.37825575 0.53190905 0.6722117
0.37825575 0.53190905 0.6722117
0.38217732 0.5358306 0.6761333
0.41120473 0.55520993 0.70661175
0.39394203 0.5435467 0.70874524
0.2974792 0.43743578 0.61373335
0.20420833 0.28857297 0.4208863
0.17521997 0.23583722 0.32126272
0.18463951 0.2410069 0.3043373
0.18071795 0.24113399 0.2795686
0.2120905 0.28060383 0.2692471
0.45526677 0.4890351 0.45018828
0.66622376 0.71544087 0.72628236
0.7650317 0.82544774 0.8638823
0.71647453 0.713 0.710251
0.7054784 0.715902 0.72414905
0.73523563 0.7860035 0.83553725
0.7406945 0.8165594 0.9046824
0.14150226 0.19652009 0.26814905
0.13212176 0.15934357 0.20898037
0.11878057 0.15295145 0.20808625
0.11720416 0.15967354 0.21200782
0.12739246 0.1741117 0.2485412
0.17991021 0.25307596 0.35779604
0.28263968 0.37105298 0.47847056
0.1446161 0.21778183 0.32250193
0.1563808 0.22954653 0.33426663
0.1563808 0.22954653 0.33426663
0.17991021 0.25442547 0.3508471
0.6230475 0.6989123 0.78703535
0.86776114 0.93802655 1.0
0.859918 0.9301834 1.0
0.85207486 0.92099077 1.0
0.8057847 0.8912977 0.96832156
0.78852206 0.8823335 0.95655686
0.78852206 0.8823335 0.95655686
0.79794157 0.88480407 0.95352936
0.7861769 0.87303936 0.9417647
0.43954146 0.501307 0.5314432
0.6184743 0.58700264 0.5152706
0.7173213 0.6650026 0.57677644
0.73458403 0.6753162 0.58159214
0.7267409 0.6674731 0.573749
0.7267409 0.66882265 0.56680006
0.7283173 0.66345006 0.5559295
0.7047879 0.63992065 0.5324001
0.70244277 0.63062656 0.5176079
0.70244277 0.6319761 0.5106588
0.70244277 0.6319761 0.5106588
0.7102859 0.63981926 0.51850194
0.7102859 0.63981926 0.51850194
0.70244277 0.6319761 0.5106588
0.7079407 0.6291756 0.5106588
0.70009756 0.62268203 0.49586666
0.7079407 0.6305252 0.5037098
0.70167404 0.61595994 0.4919451
0.70167404 0.61730945 0.48499614
0.68990934 0.60554475 0.47323143
0.6938309 0.6081168 0.48410195
0.7095172 0.6238031 0.49978822
0.7173603 0.6316462 0.50763136
0.70009756 0.62268203 0.49586666
0.71578383 0.6383683 0.51155293
0.7220506 0.65158397 0.53026664
0.7149762 0.65840745 0.54808635
0.7400429 0.71127033 0.62294126
0.6647255 0.6541006 0.59886277
0.5902157 0.5782413 0.53130203
0.54707843 0.53375447 0.49511373
0.51101553 0.47974506 0.4550039
0.4867174 0.4401994 0.41276076
0.49613702 0.44132042 0.41668233
0.50398016 0.44916356 0.42452547
0.5118233 0.4570067 0.4323686
0.5353527 0.4805361 0.45589802
0.51105464 0.44099042 0.41365492
0.47968206 0.40961787 0.38228238
0.5079017 0.45308512 0.42844704
0.5392743 0.48445767 0.45981959
0.523588 0.4687714 0.4441333
0.52124286 0.45947725 0.4293412
0.51105464 0.44099042 0.41365492
0.5032115 0.43314728 0.4058118
0.49694476 0.41858205 0.39404708
0.5008663 0.42250362 0.39796865
0.49536833 0.42530414 0.39796865
0.5133997 0.4516341 0.42149806
0.5055566 0.44379097 0.41365492
0.52124286 0.45947725 0.4293412
0.51966643 0.46619934 0.43326277
0.4898703 0.4281047 0.39796865
0.48202717 0.42026156 0.3901255
0.4882939 0.4348268 0.40189022
0.24342401 0.33588594 0.4184079
0.24969074 0.35045117 0.4301726
0.25753388 0.3582943 0.43801573
0.25987905 0.3675884 0.45280787
0.27164376 0.3793531 0.46457258
0.2794869 0.38719624 0.47241572
0.28340846 0.3911178 0.47633728
0.2912516 0.39896095 0.48418042
0.2912516 0.39896095 0.48418042
0.2912516 0.39896095 0.48418042
0.29909474 0.40680408 0.49202356
0.31085944 0.41721925 0.51073724
0.31320453 0.4265134 0.5255294
0.31320453 0.4265134 0.5255294
0.3116281 0.43323553 0.52945095
0.32104766 0.43435654 0.5333725
0.32496923 0.4382781 0.5372941
0.32496923 0.4382781 0.5372941
0.32104766 0.43570608 0.5264235
0.33046728 0.4368271 0.5303451
0.32262415 0.42763442 0.52945095
0.3406555 0.45396438 0.55298036
0.33673394 0.4500428 0.5490588
0.3406555 0.45396438 0.55298036
0.33907908 0.45933694 0.56385094
0.33831042 0.44197115 0.55208623
0.31874153 0.38765737 0.47028232
0.38156477 0.37829143 0.42253336
0.44277245 0.4117032 0.433953
0.44119602 0.41707572 0.44482356
0.36741588 0.39328814 0.4512235
0.24107885 0.3238927 0.41751376
0.29048282 0.37889612 0.4863137
0.3720671 0.4452328 0.5499529
0.44346303 0.49443224 0.59095687
0.47249052 0.5151611 0.61448634
0.48425522 0.5269258 0.62625104
0.47168273 0.5352004 0.6510196
0.45987904 0.5621903 0.6806039
0.49986342 0.614723 0.7524314
0.53592616 0.667383 0.7994902
0.544538 0.6939415 0.812149
0.5155107 0.6759117 0.77472156
0.44334596 0.61609423 0.6872078
0.41274208 0.6020875 0.6676
0.4221617 0.6032085 0.67152154
0.45353425 0.63323146 0.70984316
0.49982437 0.6629245 0.7451372
0.5382713 0.6834249 0.77953726
0.5265066 0.6716602 0.76777256
0.53434974 0.6795033 0.7756157
0.5131655 0.6666176 0.7599294
0.5029772 0.6481308 0.74424314
0.48494577 0.62180084 0.72071373
0.47710264 0.6126082 0.7198196
0.49355766 0.6429611 0.7611686
0.45276555 0.6091179 0.7328236
0.5139733 0.6411801 0.75119215
0.4513452 0.47026852 0.52270585
0.4011726 0.39654973 0.44909024
0.32739246 0.3714126 0.46243918
0.22066335 0.32027546 0.45528626
0.22927517 0.3441348 0.48184317
0.24965164 0.37975895 0.52016467
0.2872909 0.42569673 0.5633019
0.3249302 0.4716345 0.6064392
0.3602243 0.5069286 0.6417333
0.37591058 0.5212654 0.6643685
0.37433416 0.5279875 0.6682901
0.3860989 0.5397522 0.68005484
0.40570673 0.55666095 0.7135608
0.38217732 0.531782 0.6969805
0.29513404 0.42679211 0.6058902
0.20186317 0.28062838 0.39914507
0.18229441 0.22901365 0.30344316
0.2011335 0.23800346 0.2765412
0.29294512 0.29216966 0.27282357
0.70709395 0.68257123 0.61633724
0.6874861 0.6616138 0.60367846
0.70155686 0.71467954 0.7063294
0.74158037 0.73520553 0.7020627
0.6200508 0.58028054 0.511349
0.5282782 0.4927579 0.4459216
0.67099214 0.66056865 0.6523216
0.736812 0.7792814 0.8316157
0.4999415 0.54801023 0.6141412
0.11409032 0.13571271 0.17155299
0.10390201 0.11857547 0.14891762
0.11566673 0.13034019 0.16068232
0.11801189 0.13828473 0.18242356
0.12347089 0.17153966 0.23767063
0.1493454 0.20166415 0.28989017
0.2120905 0.2657588 0.34568626
0.12973756 0.18340585 0.26333332
0.12581599 0.17948428 0.25941175
0.14542383 0.19774258 0.2859686
0.16737683 0.22799408 0.31341958
0.8379651 0.89993185 0.97705877
0.8481533 0.9184187 0.99274504
0.8497298 0.91169655 0.98882353
0.82854545 0.89881086 0.97313726
0.7861769 0.87303936 0.9417647
0.7822553 0.8691178 0.9378431
0.7916749 0.8715884 0.9348157
0.78775334 0.86766684 0.93089414
0.70463175 0.77064717 0.8228784
0.5353137 0.52333933 0.47640008
0.7173213 0.6663521 0.56982744
0.7385056 0.6792378 0.5855137
0.7424272 0.68315935 0.5894353
0.7283173 0.66210055 0.5628785
0.72439575 0.6595285 0.5520079
0.7204742 0.6556069 0.54808635
0.71263105 0.6477638 0.5402432
0.70086634 0.63734865 0.52152944
0.7220506 0.6502344 0.5372157
0.71812904 0.6476624 0.5263451
0.6985212 0.62805456 0.50673723
0.7040191 0.62525403 0.50673723
0.7079407 0.6291756 0.5106588
0.696176 0.61876047 0.4919451
0.696176 0.61876047 0.4919451
0.6977525 0.6120384 0.48802352
0.7212819 0.6369173 0.504604
0.6977525 0.6133879 0.48107457
0.68990934 0.60554475 0.47323143
0.70167404 0.61730945 0.48499614
0.7040191 0.6279531 0.49283928
0.696176 0.62011 0.48499614
0.7040191 0.6279531 0.49283928
0.71578383 0.6397178 0.504604
0.7314701 0.6554041 0.52029026
0.72754854 0.650133 0.52331764
0.7259722 0.65550554 0.5341882
0.7133997 0.6624305 0.56590587
0.7251254 0.7075516 0.6468157
0.6255098 0.6135354 0.56659615
0.5745294 0.562555 0.51561576
0.5212038 0.49823192 0.4706902
0.49532923 0.46540835 0.4323686
0.5102468 0.46372882 0.43629017
0.53143114 0.47661453 0.45197645
0.50947815 0.44771254 0.4175765
0.47418404 0.41106892 0.38923135
0.5079017 0.45308512 0.42844704
0.5392743 0.48445767 0.45981959
0.5118233 0.4583562 0.42541963
0.5173213 0.45555568 0.42541963
0.51105464 0.44099042 0.41365492
0.50713307 0.43706885 0.40973336
0.49144676 0.42138258 0.39404708
0.48518005 0.40681735 0.38228238
0.4757605 0.4056963 0.3783608
0.50947815 0.44771254 0.4175765
0.49613702 0.44266993 0.40973336
0.51966643 0.46484983 0.44021174
0.51966643 0.46484983 0.44021174
0.49379188 0.43202627 0.40189022
0.48202717 0.42026156 0.3901255
0.49221545 0.43739885 0.41276076
0.25126714 0.3464282 0.41235292
0.24969074 0.35315028 0.4162745
0.25753388 0.35964385 0.43106663
0.25987905 0.36893797 0.44585887
0.27164376 0.3793531 0.46457258
0.28340846 0.3911178 0.47633728
0.28733003 0.39503938 0.48025885
0.2912516 0.39896095 0.48418042
0.29909474 0.40815365 0.48507455
0.29909474 0.40815365 0.48507455
0.29359668 0.4109542 0.48507455
0.29359668 0.4109542 0.48507455
0.30928296 0.4252909 0.50770986
0.2998634 0.42147082 0.51768625
0.3116281 0.43323553 0.52945095
0.3233928 0.44500023 0.54121566
0.3218164 0.4503728 0.55208623
0.32573798 0.45429435 0.5560078
0.32573798 0.45429435 0.5560078
0.32965955 0.45821592 0.5599294
0.33358112 0.4621375 0.56385094
0.32573798 0.45429435 0.5560078
0.3233928 0.44365066 0.54816467
0.3116281 0.43188596 0.53639996
0.29594183 0.41619968 0.5207137
0.27556533 0.37922606 0.48934114
0.26933762 0.32995486 0.41538036
0.3541138 0.35219002 0.38813332
0.4349293 0.40386006 0.42610985
0.43727446 0.41450372 0.433953
0.353306 0.3722293 0.42466664
0.21678075 0.28434706 0.37527063
0.24031016 0.3065269 0.40574905
0.298365 0.3493342 0.44585887
0.36268657 0.40670672 0.4977333
0.4097454 0.452416 0.5517412
0.43169832 0.48131797 0.5861412
0.43165934 0.5187231 0.63443923
0.4190869 0.52834713 0.6522589
0.45514977 0.57965744 0.70626664
0.4912125 0.63096786 0.7602745
0.48571452 0.63511795 0.75332546
0.44334596 0.6133951 0.7011059
0.3986323 0.5796791 0.64799213
0.40489894 0.59424436 0.65975684
0.41666365 0.6046595 0.6784706
0.44411463 0.6321105 0.70592153
0.50532234 0.65877444 0.7520863
0.53434974 0.6795033 0.7756157
0.51866347 0.66381705 0.7599294
0.5210086 0.6744607 0.76777256
0.5249302 0.6783823 0.7716941
0.50532234 0.65877444 0.7520863
0.49671048 0.63356555 0.73247844
0.4810242 0.6178793 0.71679217
0.49355766 0.64431065 0.75421965
0.45276555 0.6091179 0.7328236
0.5139733 0.6411801 0.75119215
0.44742364 0.4649974 0.5257333
0.4066706 0.39509875 0.4421412
0.33681202 0.37388322 0.45941174
0.22066335 0.321625 0.4483373
0.22927517 0.3441348 0.48184317
0.25907132 0.38222948 0.5171373
0.2872909 0.42569673 0.5633019
0.32258502 0.46099085 0.59859604
0.34453803 0.49124235 0.626047
0.36256945 0.5162228 0.6565254
0.37433416 0.5279875 0.6682901
0.39002046 0.5423242 0.6909255
0.4096283 0.5605825 0.7174824
0.37433416 0.52258927 0.6960863
0.26768306 0.39934114 0.57843924
0.1987494 0.2580171 0.35174122
0.1940981 0.20877154 0.23911369
0.5996352 0.5820614 0.5213255
0.67729783 0.64582616 0.5740941
0.6827959 0.64302564 0.5740941
0.6969057 0.665434 0.59370196
0.7110155 0.68514323 0.6272079
0.6710312 0.63261044 0.55538046
0.6020194 0.5566496 0.47392163
0.5102468 0.46777743 0.41544318
0.424741 0.39616963 0.3548314
0.646694 0.6237221 0.5961804
0.71332157 0.7223956 0.7389412
0.5101688 0.53044164 0.57458043
0.09998044 0.1146539 0.14499605
0.10547842 0.11320292 0.13804702
0.11332156 0.12104606 0.14589016
0.112513915 0.14108527 0.18242356
0.15407468 0.18689601 0.25032938
0.17837285 0.22509208 0.2995216
0.17837285 0.22644162 0.2925726
0.12347089 0.17153966 0.23767063
0.25130618 0.3049745 0.38490194
0.13365912 0.18732741 0.2672549
0.45522776 0.5088961 0.58882356
0.8458082 0.907775 0.9849019
0.8458082 0.90912455 0.97795296
0.8340435 0.89735985 0.96618825
0.7799102 0.85847414 0.92999995
0.77598864 0.85590214 0.91912943
0.78932977 0.86094475 0.92697257
0.7854082 0.8570232 0.923051
0.76895326 0.82667017 0.88170195
0.4929451 0.4935192 0.46587455
0.7173213 0.6663521 0.56982744
0.73066247 0.6727442 0.5707216
0.74792516 0.6817084 0.58248633
0.7322389 0.6660221 0.56680006
0.7322389 0.66737163 0.55985105
0.7165526 0.65168536 0.5441648
0.6969448 0.6334271 0.5176079
0.7087095 0.6451918 0.5293726
0.71263105 0.64911336 0.5332942
0.6985212 0.626705 0.5136863
0.7142075 0.64374083 0.5224235
0.723627 0.6448619 0.5263451
0.71186227 0.6330972 0.51458037
0.723627 0.64621145 0.51939607
0.71343875 0.62772465 0.5037098
0.6938309 0.6081168 0.48410195
0.7095172 0.6238031 0.49978822
0.7095172 0.6251526 0.49283928
0.6820662 0.5977016 0.4653883
0.70167404 0.61730945 0.48499614
0.7330466 0.648682 0.5163687
0.7197054 0.6436394 0.50852555
0.71343875 0.62907416 0.49676085
0.72520345 0.64083886 0.50852555
0.7095172 0.6251526 0.49283928
0.70167404 0.61730945 0.48499614
0.70325047 0.61058736 0.48107457
0.7055956 0.6198815 0.49586666
0.6804897 0.6030742 0.4762588
0.66165066 0.5967834 0.48926282
0.7204351 0.6903129 0.6102824
0.663149 0.66082275 0.6027844
0.59256077 0.588885 0.5391452
0.5533451 0.54831976 0.50687844
0.51728225 0.49565986 0.45981959
0.5000586 0.445242 0.4206039
0.4781056 0.41499048 0.39315292
0.5000586 0.445242 0.4206039
0.5353527 0.4805361 0.45589802
0.51574486 0.46092826 0.43629017
0.501635 0.4385199 0.41668233
0.50947815 0.44636303 0.42452547
0.5133997 0.4502846 0.42844704
0.4992899 0.4292257 0.40189022
0.47968206 0.40961787 0.38228238
0.50713307 0.43706885 0.40973336
0.49771345 0.43594784 0.4058118
0.49613702 0.44132042 0.41668233
0.523588 0.4687714 0.4441333
0.523588 0.4687714 0.4441333
0.49379188 0.43067676 0.4088392
0.48594874 0.42283362 0.40099606
0.4867174 0.4401994 0.41276076
0.25284356 0.34105563 0.4014824
0.25284356 0.34105563 0.4014824
0.24734558 0.34250662 0.40843135
0.25203592 0.36244437 0.43106663
0.25203592 0.36109483 0.43801573
0.2677222 0.37543154 0.460651
0.26222414 0.3782321 0.460651
0.27164376 0.38070267 0.45762357
0.27006727 0.3874248 0.46154514
0.2661457 0.38350323 0.45762357
0.26222414 0.37958166 0.453702
0.26222414 0.37958166 0.453702
0.25672615 0.38103265 0.460651
0.25672615 0.37833357 0.474549
0.25514975 0.38505566 0.47847056
0.27241242 0.39401984 0.49023527
0.2747576 0.40331396 0.5050274
0.27083603 0.3993924 0.50110584
0.27867916 0.40723553 0.508949
0.29436544 0.4229218 0.52463526
0.27867916 0.40723553 0.508949
0.2629929 0.39154926 0.4932627
0.25280458 0.37306243 0.47757643
0.24103987 0.36129773 0.46581173
0.23477316 0.3467325 0.45404702
0.24576917 0.34248096 0.44709802
0.25365135 0.31561816 0.39274508
0.3541138 0.35219002 0.38813332
0.43100774 0.40128806 0.41523919
0.43885088 0.40778163 0.43003142
0.36664712 0.37727192 0.43250978
0.1987494 0.2580171 0.35174122
0.21835724 0.27762493 0.37134907
0.24346305 0.29443225 0.3909569
0.30386305 0.3478832 0.43890977
0.33915716 0.3831773 0.47420388
0.3461925 0.41240925 0.5116314
0.34380838 0.43917063 0.55208623
0.3351575 0.4527163 0.5738275
0.3672987 0.49875554 0.6308628
0.39709485 0.5381998 0.6592078
0.39159688 0.5423499 0.6522589
0.34922826 0.52197653 0.5930902
0.34999695 0.53934234 0.6048549
0.38136953 0.57206446 0.6292785
0.3915578 0.5878522 0.6588627
0.43000484 0.60970205 0.68631375
0.48805967 0.64981025 0.7403216
0.52416146 0.6610165 0.7599294
0.5108203 0.6559739 0.7520863
0.51866347 0.66381705 0.7599294
0.5210086 0.6744607 0.76777256
0.5029772 0.6481308 0.74424314
0.4927889 0.629644 0.7285569
0.47318107 0.61003613 0.708949
0.4896361 0.6403891 0.7502981
0.44100085 0.5987028 0.7141098
0.51789486 0.64510167 0.7551137
0.44350207 0.46242538 0.5148627
0.3949059 0.3846836 0.42342743
0.33681202 0.37523276 0.4524628
0.2183182 0.31233087 0.43354505
0.22300845 0.33091915 0.4631294
0.25672615 0.37293535 0.5023451
0.27318105 0.4046379 0.53674513
0.30297717 0.441383 0.5789882
0.3249302 0.4716345 0.6064392
0.34688318 0.501886 0.63389015
0.36256945 0.5162228 0.6565254
0.38217732 0.53448105 0.68308234
0.40178517 0.5527394 0.70963925
0.3484596 0.48841617 0.66471374
0.24653786 0.3503999 0.5075058
0.31255296 0.31042796 0.29938036
0.7031724 0.6773001 0.61936474
0.70082724 0.668006 0.60457253
0.6929841 0.66151243 0.5897804
0.6812194 0.6497477 0.5780157
0.6827959 0.64437515 0.56714517
0.68671745 0.6482967 0.57106674
0.6451567 0.5997869 0.51705885
0.5706469 0.5252771 0.44254908
0.4514233 0.41030347 0.34967056
0.3674939 0.330624 0.2920863
0.31493708 0.2850162 0.25197646
0.5619959 0.532075 0.4990353
0.6411961 0.62517303 0.60312945
0.6450785 0.6624511 0.6761961
0.070184305 0.07790881 0.10275291
0.10547842 0.11320292 0.13804702
0.10782358 0.12384658 0.14589016
0.112513915 0.14108527 0.18242356
0.16191782 0.1960887 0.2512235
0.10701586 0.14118674 0.19632155
0.11720416 0.15832399 0.21895683
0.25680423 0.30352348 0.377953
0.16268657 0.20940581 0.28383532
0.12347089 0.17019013 0.24461964
0.84738463 0.90240246 0.9740314
0.8395415 0.8945593 0.96618825
0.83012193 0.8934383 0.9622667
0.78148663 0.8531016 0.91912943
0.7697219 0.8413369 0.9073647
0.77914155 0.8424579 0.9112863
0.78463954 0.83965737 0.9112863
0.7666082 0.81602645 0.8738588
0.47491366 0.46718925 0.44234514
0.70713305 0.64786524 0.55414116
0.72439575 0.6595285 0.5520079
0.71263105 0.6464143 0.5471922
0.7165526 0.65168536 0.5441648
0.7204742 0.6556069 0.54808635
0.73616046 0.6712932 0.5637726
0.740082 0.67521477 0.5676942
0.7283173 0.66479963 0.5489805
0.7322389 0.6687212 0.552902
0.7338153 0.6619991 0.5489805
0.7259722 0.65550554 0.5341882
0.7079407 0.6291756 0.5106588
0.6726466 0.59523106 0.46841568
0.6820662 0.5963521 0.47233725
0.6820662 0.5963521 0.47233725
0.6820662 0.5963521 0.47233725
0.68990934 0.60419524 0.48018038
0.7173603 0.6329957 0.5006824
0.6977525 0.6133879 0.48107457
0.6977525 0.6133879 0.48107457
0.7055956 0.621231 0.4889177
0.6938309 0.6094663 0.477153
0.7150152 0.622352 0.49283928
0.6993289 0.6080153 0.470204
0.69540733 0.6040938 0.46628243
0.6938309 0.6094663 0.477153
0.6820662 0.5977016 0.4653883
0.68990934 0.60554475 0.47323143
0.7212819 0.6369173 0.504604
0.7040191 0.6266036 0.49978822
0.6867565 0.6176394 0.48802352
0.68518007 0.6216624 0.50584316
0.72593313 0.68886197 0.60333335
0.6984431 0.69611686 0.63807845
0.59098434 0.59425753 0.5500157
0.56745493 0.5707281 0.5264863
0.50709397 0.47717306 0.4441333
0.5008272 0.46260783 0.4323686
0.5243566 0.48613724 0.45589802
0.5079017 0.45308512 0.42844704
0.47652918 0.42171258 0.3970745
0.5251644 0.4620493 0.44021174
0.53300756 0.46989244 0.44805488
0.49536833 0.42530414 0.39796865
0.4757605 0.4056963 0.3783608
0.5173213 0.45420617 0.4323686
0.49379188 0.43067676 0.4088392
0.5079017 0.45308512 0.42844704
0.51966643 0.46484983 0.44021174
0.52750957 0.47269297 0.44805488
0.49379188 0.43067676 0.4088392
0.48594874 0.42283362 0.40099606
0.49613702 0.44132042 0.41668233
0.2772198 0.30579114 0.34712946
0.28114137 0.3097127 0.35105103
0.27172175 0.30724218 0.3540784
0.27014536 0.31261474 0.364949
0.26307088 0.32078785 0.3758196
0.259918 0.33153296 0.39756083
0.26383957 0.33410498 0.40843135
0.26226318 0.3408271 0.41235292
0.25442004 0.33433348 0.39756083
0.24500042 0.3332125 0.39363927
0.22381617 0.32032675 0.377953
0.2198946 0.31505564 0.38098037
0.2183182 0.32177773 0.38490194
0.20889865 0.31930712 0.38792938
0.20889865 0.316608 0.40182748
0.21908689 0.3337453 0.42446274
0.2253536 0.34831053 0.43622744
0.22300845 0.33766687 0.4283843
0.22300845 0.33766687 0.4283843
0.21516532 0.32982373 0.42054117
0.20732218 0.3219806 0.41269803
0.20732218 0.3219806 0.41269803
0.20340061 0.31805903 0.40877646
0.19947904 0.315487 0.39790592
0.21908689 0.3337453 0.42446274
0.2418476 0.33990893 0.43622744
0.2614945 0.32481083 0.39363927
0.35019222 0.34826845 0.38421175
0.4349293 0.40520963 0.41916075
0.44277245 0.4117032 0.433953
0.3721451 0.3744714 0.43250978
0.20424737 0.2565661 0.34479213
0.21601208 0.2683308 0.35655683
0.21993364 0.27225238 0.3604784
0.25680423 0.30082437 0.39185095
0.26307088 0.31538963 0.40361565
0.2583416 0.33285683 0.42927846
0.23400447 0.3293667 0.44228232
0.24653786 0.35714763 0.47276074
0.26849085 0.38739914 0.5002117
0.2810242 0.41787925 0.5167921
0.27944776 0.42595088 0.5137647
0.2684518 0.434251 0.4998667
0.30059305 0.48298937 0.543004
0.34215382 0.5328487 0.5900628
0.38136953 0.5693654 0.64317644
0.421393 0.58449316 0.66670585
0.47944778 0.62595093 0.71376467
0.49828702 0.6281929 0.7216078
0.5045536 0.6414087 0.7403216
0.49905562 0.6442092 0.7403216
0.4912125 0.63636607 0.73247844
0.48729092 0.6324445 0.7285569
0.48652232 0.6164282 0.70984316
0.46691447 0.5954708 0.6971843
0.48729092 0.6297454 0.74245495
0.4386557 0.5880591 0.70626664
0.5139733 0.6425296 0.74424314
0.4450785 0.45705283 0.5039922
0.3949059 0.3846836 0.42342743
0.33289045 0.3713112 0.44854122
0.21439663 0.3084093 0.42962348
0.22458492 0.32554656 0.45225886
0.24653786 0.35444856 0.4866588
0.25514975 0.3783079 0.5132157
0.28886732 0.42032418 0.5524314
0.30532235 0.45202667 0.58683133
0.33904004 0.49404287 0.626047
0.36256945 0.5162228 0.6565254
0.37825575 0.5305595 0.6791608
0.37983215 0.5238374 0.6752392
0.32104766 0.42625925 0.5750666
0.5486548 0.5270324 0.49119216
0.68356454 0.6590418 0.5928078
0.6812194 0.64839816 0.5849647
0.68906254 0.65759087 0.5858588
0.68906254 0.65759087 0.5858588
0.69848216 0.6587119 0.5897804
0.69848216 0.6600614 0.58283144
0.690639 0.6522183 0.5749883
0.6569214 0.6115516 0.5288236
0.59809786 0.55272806 0.47000006
0.4749527 0.43518242 0.36625096
0.36357233 0.328052 0.28121573
0.2757214 0.24580052 0.21276078
0.21139988 0.18842794 0.16088626
0.39729002 0.36736915 0.3343294
0.6012116 0.57264024 0.53130203
0.68352556 0.68834955 0.6828
0.44900006 0.4636735 0.49401566
0.111745164 0.12776816 0.14981174
0.111745164 0.12641862 0.15676075
0.1297766 0.15139899 0.18723926
0.1297766 0.15139899 0.18723926
0.11643548 0.1436573 0.1932941
0.11328259 0.15575197 0.20808625
0.101517886 0.14263771 0.20327055
0.12112573 0.16224556 0.2228784
0.7901376 0.8382063 0.9043373
0.83169836 0.8880657 0.9513961
0.83169836 0.8880657 0.9513961
0.7948278 0.85814416 0.92697257
0.7595337 0.82285005 0.89167845
0.77287483 0.82924217 0.8925726
0.7744513 0.82252 0.888651
0.75799626 0.7948662 0.83340394
0.41609013 0.4070162 0.39047062
0.72439575 0.658179 0.5589569
0.7440036 0.67913634 0.57161576
0.7557683 0.69090104 0.58338046
0.7440036 0.67913634 0.57161576
0.7283173 0.66345006 0.5559295
0.6930232 0.62815595 0.52063537
0.7165526 0.65168536 0.5441648
0.7259722 0.65415597 0.54113734
0.7102859 0.6384697 0.52545106
0.70244277 0.6319761 0.5106588
0.6922544 0.61348933 0.49497253
0.6844113 0.6056462 0.4871294
0.6977525 0.6120384 0.48802352
0.71186227 0.63444674 0.50763136
0.7095172 0.6238031 0.49978822
0.6977525 0.6120384 0.48802352
0.68990934 0.60419524 0.48018038
0.68990934 0.60554475 0.47323143
0.6820662 0.5977016 0.4653883
0.69148576 0.5988226 0.46930987
0.6859878 0.60297275 0.46236086
0.69148576 0.60017216 0.46236086
0.67972106 0.5884075 0.45059615
0.67972106 0.5884075 0.45059615
0.69540733 0.6040938 0.46628243
0.7150152 0.6237016 0.48589027
0.6977525 0.6133879 0.48107457
0.6977525 0.6133879 0.48107457
0.7212819 0.63826686 0.49765497
0.7173603 0.6343453 0.4937334
0.7095172 0.62650216 0.48589027
0.7212819 0.63826686 0.49765497
0.7095172 0.6251526 0.49283928
0.7040191 0.6279531 0.49283928
0.7039802 0.65996 0.5689333
0.7023647 0.701388 0.635051
0.5988275 0.6021007 0.5578588
0.5658785 0.5761007 0.53735685
0.5305844 0.5408066 0.50206274
0.5031724 0.47190192 0.44716075
0.4882939 0.43347728 0.4088392
0.49221545 0.43739885 0.41276076
0.523588 0.4687714 0.4441333
0.501635 0.4385199 0.41668233
0.47026247 0.40714735 0.3853098
0.4898703 0.4267552 0.40491763
0.49379188 0.43067676 0.4088392
0.5118233 0.4570067 0.4323686
0.51966643 0.46484983 0.44021174
0.5337762 0.48590866 0.4667686
0.48594874 0.42283362 0.40099606
0.47418404 0.41106892 0.38923135
0.49221545 0.43604928 0.41970977
0.3133607 0.28094187 0.31149024
0.31728226 0.28486344 0.3154118
0.31728226 0.28486344 0.3154118
0.31570584 0.29023603 0.32628232
0.3196274 0.2941576 0.3302039
0.31412935 0.29560858 0.33715293
0.31412935 0.29560858 0.33715293
0.3203961 0.30882424 0.3558667
0.3148981 0.31162477 0.3558667
0.30705497 0.30378163 0.34802356
0.3031334 0.29986006 0.344102
0.29371372 0.29738957 0.34712946
0.29371372 0.29604003 0.3540784
0.28821576 0.29884055 0.3540784
0.2787962 0.29636997 0.35710585
0.2889845 0.31350723 0.37974116
0.28583163 0.3256019 0.39453337
0.2724905 0.3205593 0.38669023
0.26307088 0.31808874 0.3897177
0.26307088 0.31808874 0.3897177
0.2591493 0.31416717 0.38579613
0.25130618 0.30632403 0.377953
0.23012194 0.2934383 0.36226672
0.22854546 0.29881087 0.37313724
0.23246703 0.30273244 0.3770588
0.23796508 0.29993188 0.3770588
0.25445908 0.29422936 0.36316082
0.3266628 0.32203993 0.37458044
0.40198034 0.37651053 0.41255683
0.40432543 0.38715422 0.42039996
0.35253724 0.35486355 0.41290194
0.20582382 0.25119352 0.33392155
0.19798069 0.24335039 0.32607841
0.20582382 0.25119352 0.33392155
0.22385521 0.27617395 0.36439997
0.21443567 0.27505293 0.3604784
0.22070232 0.28691906 0.3861412
0.1861769 0.26899076 0.3626118
0.18852206 0.27963442 0.37045494
0.21205147 0.3018143 0.40093333
0.2183182 0.31772906 0.40574905
0.21516532 0.33252284 0.40664318
0.21043596 0.35403875 0.4114588
0.25826353 0.41711378 0.4772314
0.31158906 0.47873783 0.5360549
0.33511847 0.49956816 0.57348233
0.3735654 0.5214181 0.6009333
0.43162036 0.56152624 0.6549412
0.44338506 0.57329094 0.66670585
0.46691447 0.59682035 0.69023526
0.44730663 0.5772125 0.6706275
0.39240465 0.52231055 0.61572546
0.38848308 0.518389 0.6118039
0.4159341 0.54583997 0.6392549
0.42535362 0.546961 0.64317644
0.46141636 0.5969219 0.70413333
0.41904786 0.56980085 0.67970985
0.51162815 0.63188595 0.7364
0.43881175 0.4424876 0.4922275
0.39256072 0.37403995 0.4155843
0.32270214 0.35417393 0.4259059
0.2081299 0.29519364 0.41090977
0.21674179 0.31770343 0.44441572
0.23242806 0.3333897 0.460102
0.24103987 0.35724908 0.4866588
0.27083603 0.39534375 0.5219529
0.2872909 0.42704627 0.556353
0.32885176 0.4769056 0.6034118
0.35238117 0.4990855 0.63389015
0.3735654 0.5133208 0.6426275
0.39402002 0.47818345 0.5635059
0.6365057 0.60793436 0.56659615
0.67729783 0.6444766 0.5810431
0.6929841 0.66016287 0.5967294
0.68906254 0.65759087 0.5858588
0.6812194 0.6497477 0.5780157
0.6969057 0.665434 0.59370196
0.7047488 0.67462665 0.59459615
0.6945606 0.65613985 0.5789099
0.68671745 0.6482967 0.57106674
0.67260766 0.62723786 0.5445099
0.62554884 0.58017904 0.49745104
0.53143114 0.48471183 0.41028237
0.38710174 0.35293096 0.29779613
0.27964297 0.24837252 0.22363135
0.21297629 0.18170583 0.15696469
0.23258413 0.20131367 0.17657253
0.35965076 0.32413045 0.27729416
0.51651347 0.48099318 0.4341569
0.6341216 0.63334614 0.6140001
0.56507075 0.58804274 0.6155843
0.12585503 0.14882697 0.1763686
0.10624719 0.12921914 0.15676075
0.14938444 0.17100683 0.2068471
0.11409032 0.13571271 0.17155299
0.13369817 0.153971 0.19810984
0.2521139 0.28763434 0.33447057
0.16191782 0.19473915 0.2581725
0.19171396 0.23283379 0.29346663
0.83327484 0.8826931 0.9405255
0.8356199 0.89333683 0.9483686
0.8120905 0.86845785 0.93178827
0.747769 0.81243485 0.87296474
0.75876504 0.80683374 0.87296474
0.7658394 0.80135983 0.848196
0.7509608 0.76563436 0.79597646
0.35807434 0.32815346 0.2951137
0.6710702 0.59790444 0.4931844
0.70636433 0.63319856 0.5284785
0.72989374 0.65672797 0.5520079
0.7283173 0.66345006 0.5559295
0.7165526 0.65168536 0.5441648
0.7204742 0.6556069 0.54808635
0.7259722 0.6528064 0.54808635
0.7377369 0.6659207 0.552902
0.7338153 0.6619991 0.5489805
0.7220506 0.65158397 0.53026664
0.7314701 0.652705 0.5341882
0.70009756 0.62133247 0.50281566
0.696176 0.61876047 0.4919451
0.696176 0.61876047 0.4919451
0.696176 0.61876047 0.4919451
0.7095172 0.6238031 0.49978822
0.68990934 0.60419524 0.48018038
0.68990934 0.60419524 0.48018038
0.6875642 0.5949011 0.4653883
0.6757995 0.5831363 0.4536236
0.69148576 0.5988226 0.46930987
0.7173603 0.6329957 0.5006824
0.71343875 0.62907416 0.49676085
0.6993289 0.6080153 0.470204
0.6859878 0.60297275 0.46236086
0.7055956 0.6225806 0.4819687
0.72520345 0.64083886 0.50852555
0.7212819 0.63826686 0.49765497
0.7173603 0.6343453 0.4937334
0.7095172 0.62650216 0.48589027
0.70325047 0.6119369 0.47412556
0.6875642 0.59625065 0.4584393
0.6993289 0.6080153 0.470204
0.69148576 0.60017216 0.46236086
0.6820662 0.5977016 0.4653883
0.68833286 0.6109173 0.48410195
0.6961371 0.65346634 0.55414116
0.71805096 0.7157247 0.65768635
0.60901576 0.61923796 0.5804941
0.5721451 0.5893164 0.5560706
0.5478471 0.5484212 0.5207765
0.49532923 0.4640588 0.4393176
0.49063897 0.4427714 0.42363134
0.5118233 0.45565712 0.4393176
0.49379188 0.43067676 0.4088392
0.49771345 0.43324876 0.41970977
0.49613702 0.43997085 0.42363134
0.5141684 0.46630082 0.44716075
0.5141684 0.46630082 0.44716075
0.5337762 0.48590866 0.4667686
0.48045075 0.42428458 0.40794507
0.4781056 0.41499048 0.39315292
0.49456054 0.44669297 0.4275529
0.30551755 0.27579787 0.289749
0.31493708 0.27556935 0.30061966
0.31728226 0.286213 0.3084628
0.30943912 0.27836987 0.30061966
0.31493708 0.27556935 0.30061966
0.31885865 0.27814135 0.31149024
0.3133607 0.28094187 0.31149024
0.31178427 0.28766397 0.3154118
0.3251254 0.29270658 0.32325494
0.32120383 0.2874355 0.32628232
0.31728226 0.28216437 0.3293098
0.3133607 0.2782428 0.32538822
0.31570584 0.28888646 0.33323136
0.31020778 0.29033744 0.34018043
0.30628622 0.28641587 0.33625886
0.31412935 0.294259 0.344102
0.3086314 0.29571 0.35105103
0.30705497 0.3024321 0.3549726
0.31881967 0.31284726 0.37368625
0.31255296 0.29828203 0.36192155
0.31647453 0.3022036 0.36584312
0.3148981 0.3089257 0.3697647
0.30705497 0.30108255 0.36192155
0.3094 0.31037676 0.3767137
0.3094 0.31037676 0.3767137
0.3094 0.31037676 0.3767137
0.31332156 0.31429833 0.38063526
0.3384275 0.3324551 0.3932941
0.3439255 0.3310041 0.38634515
0.34000394 0.32708254 0.38242358
0.33058438 0.32461196 0.38545096
0.2960589 0.30533415 0.36887056
0.28821576 0.29614148 0.36797646
0.28037262 0.28694877 0.3670824
0.27487463 0.2897493 0.3670824
0.2536904 0.275514 0.35834515
0.24819234 0.2783146 0.35834515
0.2387728 0.27719355 0.35442358
0.23485123 0.27327198 0.350502
0.24661593 0.28503668 0.36226672
0.24896109 0.29568034 0.37010986
0.24972978 0.31439567 0.37492552
0.2348122 0.3160752 0.37100396
0.26303184 0.35954243 0.41716868
0.29048282 0.38564387 0.4515686
0.31401223 0.4078237 0.48204702
0.33362007 0.42743155 0.50165486
0.38225532 0.46641874 0.5517412
0.3979416 0.48210502 0.56742746
0.39636517 0.48747754 0.5782981
0.35480434 0.43896776 0.5242902
0.29205924 0.37622267 0.46154514
0.2583416 0.3342064 0.42232946
0.26852983 0.35269326 0.43801573
0.29990238 0.3840658 0.46938828
0.3524202 0.46707863 0.55779606
0.3861379 0.5077453 0.60396075
0.48263973 0.57375205 0.6645726
0.43254516 0.42792228 0.4804628
0.38863915 0.37011838 0.41166273
0.32035705 0.3435302 0.41806278
0.21520436 0.2870205 0.4000392
0.21205147 0.2991152 0.41483134
0.2183182 0.31233087 0.43354505
0.23634963 0.33731127 0.46402356
0.254381 0.36364123 0.48755297
0.276334 0.3925432 0.5219529
0.31789485 0.44240257 0.56901175
0.33200458 0.46616054 0.58167064
0.41366696 0.4657844 0.5070196
0.67806655 0.6591432 0.6067059
0.6694547 0.63663346 0.5732
0.6694547 0.637983 0.566251
0.6969057 0.665434 0.59370196
0.6969057 0.665434 0.59370196
0.70082724 0.6693556 0.5976235
0.6929841 0.66151243 0.5897804
0.6929841 0.66286194 0.58283144
0.71024686 0.6718261 0.59459615
0.7141684 0.67709726 0.5915687
0.6961371 0.65076727 0.5680393
0.6412351 0.5958653 0.51313734
0.57456845 0.52919865 0.44647065
0.43181545 0.38934606 0.3370118
0.30709395 0.2758235 0.25108233
0.21532145 0.19234951 0.16480783
0.224741 0.19347054 0.1687294
0.35730565 0.31348673 0.26945102
0.4004429 0.35932308 0.29869017
0.45768997 0.4235192 0.36838436
0.6168589 0.6216829 0.61613333
0.55330604 0.57492846 0.6107687
0.12350987 0.13818331 0.16852546
0.1195883 0.13426174 0.16460389
0.14703928 0.16171272 0.19205487
0.09998044 0.1146539 0.14499605
0.22623941 0.2534612 0.30309802
0.11643548 0.1436573 0.1932941
0.12820019 0.15407246 0.21200782
0.84269434 0.8851637 0.93749803
0.83327484 0.8840427 0.93357646
0.81758857 0.86700684 0.9248392
0.73523563 0.7846539 0.84248626
0.74623156 0.7804024 0.83553725
0.75880396 0.7721279 0.81076866
0.7321608 0.7273367 0.73288625
0.28437233 0.23630345 0.17017251
0.6867565 0.6149403 0.50192165
0.7259722 0.65415597 0.54113734
0.7573447 0.6855285 0.5725099
0.75968987 0.6961722 0.580353
0.740082 0.67656434 0.5607451
0.7259722 0.65415597 0.54113734
0.7102859 0.6384697 0.52545106
0.70636433 0.6345481 0.52152944
0.7102859 0.63981926 0.51850194
0.7040191 0.62525403 0.50673723
0.696176 0.6174109 0.4988941
0.696176 0.6174109 0.4988941
0.70009756 0.62268203 0.49586666
0.6844113 0.60699576 0.48018038
0.6844113 0.60699576 0.48018038
0.6663799 0.5806658 0.45665097
0.67422307 0.58850896 0.4644941
0.6703015 0.5845874 0.46057254
0.7212819 0.6369173 0.504604
0.7055956 0.621231 0.4889177
0.6938309 0.6094663 0.477153
0.71343875 0.62907416 0.49676085
0.72520345 0.64083886 0.50852555
0.729125 0.64476043 0.5124471
0.7173603 0.6329957 0.5006824
0.70167404 0.61730945 0.48499614
0.70167404 0.61730945 0.48499614
0.6938309 0.6094663 0.477153
0.6977525 0.6133879 0.48107457
0.6859878 0.60297275 0.46236086
0.6757995 0.5844859 0.4466746
0.69540733 0.6040938 0.46628243
0.6875642 0.59625065 0.4584393
0.6820662 0.5990512 0.4584393
0.70167404 0.618659 0.47804713
0.6977525 0.6133879 0.48107457
0.6844113 0.60699576 0.48018038
0.6828349 0.61371785 0.48410195
0.67260766 0.62993693 0.53061175
0.72431767 0.72759086 0.683349
0.5995961 0.61541784 0.5904707
0.5603804 0.57620215 0.551255
0.536851 0.55267274 0.5277256
0.51728225 0.49296072 0.4737177
0.5000586 0.44389242 0.4275529
0.49613702 0.43997085 0.42363134
0.49221545 0.43604928 0.41970977
0.5220115 0.47414395 0.4550039
0.5102468 0.46237925 0.44323918
0.5220115 0.47414395 0.4550039
0.49379188 0.4293272 0.4157882
0.48594874 0.42283362 0.40099606
0.49456054 0.44669297 0.4275529
0.296098 0.27332726 0.29277653
0.29767442 0.26660517 0.28885496
0.30551755 0.2744483 0.2966981
0.30551755 0.2744483 0.2966981
0.301596 0.27052674 0.29277653
0.30394113 0.2811704 0.30061966
0.3078627 0.2837424 0.31149024
0.3078627 0.2837424 0.31149024
0.31570584 0.29158553 0.31933337
0.31178427 0.28631446 0.32236075
0.31178427 0.2849649 0.3293098
0.30394113 0.27712175 0.32146665
0.31178427 0.2849649 0.3293098
0.3078627 0.28104332 0.32538822
0.30236465 0.28384387 0.32538822
0.30628622 0.28641587 0.33625886
0.31020778 0.29033744 0.34018043
0.31020778 0.29033744 0.34018043
0.31805092 0.29683104 0.3549726
0.31805092 0.29683104 0.3549726
0.30236465 0.28114477 0.33928633
0.30470982 0.29178843 0.34712946
0.30470982 0.2904389 0.3540784
0.3086314 0.29436046 0.35799998
0.30705497 0.30108255 0.36192155
0.30705497 0.30108255 0.36192155
0.3086314 0.29436046 0.35799998
0.31255296 0.29963157 0.3549726
0.32589406 0.30467418 0.36281574
0.3219725 0.3007526 0.35889417
0.31647453 0.30355313 0.35889417
0.3031334 0.29716098 0.35799998
0.31255296 0.29828203 0.36192155
0.3031334 0.29581144 0.364949
0.29921183 0.29188988 0.36102742
0.29921183 0.29188988 0.36102742
0.2976353 0.29726252 0.37189803
0.29371372 0.29334095 0.36797646
0.28587058 0.2854978 0.36013332
0.2842942 0.2922199 0.3640549
0.2960589 0.3039846 0.3758196
0.28821576 0.297491 0.36102742
0.29371372 0.2946905 0.36102742
0.3094 0.31037676 0.3767137
0.3094 0.31037676 0.3767137
0.31174517 0.32102042 0.38455683
0.3195883 0.32886356 0.39239997
0.32743144 0.33535716 0.40719214
0.32585502 0.34207925 0.4111137
0.33919615 0.34712186 0.41895685
0.32743144 0.33535716 0.40719214
0.3078236 0.31574932 0.3875843
0.28821576 0.297491 0.36102742
0.28821576 0.29614148 0.36797646
0.2960589 0.3039846 0.3758196
0.32585502 0.34072968 0.41806278
0.33446684 0.36593863 0.43767062
0.34780803 0.37233075 0.4385647
0.34000394 0.32708254 0.38242358
0.34000394 0.32843208 0.37547454
0.3078236 0.31709886 0.38063526
0.25603548 0.2848082 0.37313724
0.25838065 0.29410228 0.38792938
0.25288266 0.29555327 0.39487848
0.25757292 0.31684062 0.41056475
0.26541606 0.3233342 0.4253569
0.27402788 0.3485431 0.44496474
0.30774552 0.38920984 0.4911294
0.3768354 0.40250644 0.41345102
0.63258415 0.60671186 0.5487765
0.68514097 0.6523197 0.58888626
0.68514097 0.6536693 0.58193725
0.67729783 0.64582616 0.5740941
0.67729783 0.64582616 0.5740941
0.68514097 0.6536693 0.58193725
0.6929841 0.66286194 0.58283144
0.690639 0.6522183 0.5749883
0.6945606 0.65613985 0.5789099
0.6961371 0.65076727 0.5680393
0.68829393 0.64292413 0.56019616
0.6765292 0.6311594 0.5484314
0.6451567 0.5997869 0.51705885
0.605941 0.5605712 0.4778432
0.47103113 0.42991132 0.3692784
0.3384665 0.30854562 0.27550587
0.22708616 0.20411421 0.17657253
0.224741 0.19347054 0.1687294
0.36514878 0.32132986 0.27729416
0.4137841 0.3657152 0.2995843
0.44515663 0.39708775 0.33095685
0.49140766 0.4655354 0.40760005
0.72035706 0.750278 0.7833177
0.10859235 0.13851324 0.17155299
0.1195883 0.13426174 0.16460389
0.14311771 0.1591407 0.18118429
0.10782358 0.12384658 0.14589016
0.09998044 0.1146539 0.14499605
0.28271776 0.30434015 0.34018043
0.12585503 0.14612786 0.1902667
0.8246629 0.86018336 0.9070196
0.82700807 0.870827 0.91486275
0.8230865 0.8655559 0.9178902
0.7305453 0.76471615 0.819851
0.7297766 0.74869996 0.8011372
0.73450595 0.7352813 0.75462747
0.7110155 0.6783955 0.661953
0.31028587 0.23442106 0.14629802
0.73931324 0.66054815 0.54203135
0.7471564 0.6670417 0.5568236
0.71812904 0.64631283 0.5332942
0.7259722 0.65415597 0.54113734
0.71812904 0.64631283 0.5332942
0.71578383 0.6356692 0.52545106
0.7040191 0.62525403 0.50673723
0.696176 0.6174109 0.4988941
0.68833286 0.60956776 0.49105096
0.6608819 0.5821168 0.46359998
0.668725 0.5899599 0.47144312
0.66480345 0.5873879 0.46057254
0.67656815 0.5991526 0.47233725
0.6922544 0.6148389 0.48802352
0.7040191 0.6266036 0.49978822
0.723627 0.64621145 0.51939607
0.71578383 0.6383683 0.51155293
0.71343875 0.62772465 0.5037098
0.71343875 0.62772465 0.5037098
0.7212819 0.6369173 0.504604
0.72520345 0.64083886 0.50852555
0.7095172 0.6251526 0.49283928
0.6977525 0.6133879 0.48107457
0.68990934 0.60554475 0.47323143
0.6859878 0.6016232 0.46930987
0.70167404 0.61730945 0.48499614
0.7055956 0.621231 0.4889177
0.7212819 0.6369173 0.504604
0.72520345 0.64083886 0.50852555
0.7212819 0.63826686 0.49765497
0.7173603 0.6343453 0.4937334
0.7110936 0.61978006 0.4819687
0.7110936 0.61978006 0.4819687
0.71343875 0.6304237 0.48981184
0.7095172 0.62650216 0.48589027
0.71343875 0.6304237 0.48981184
0.7095172 0.62650216 0.48589027
0.7055956 0.6225806 0.4819687
0.70167404 0.61730945 0.48499614
0.68833286 0.6109173 0.48410195
0.69771343 0.64539474 0.5571686
0.7188197 0.7276923 0.6972471
0.58625495 0.6103753 0.58262753
0.5548824 0.5776532 0.55820394
0.52900785 0.5434801 0.5268314
0.49532923 0.46270922 0.4462667
0.49690565 0.45598713 0.44234514
0.51808995 0.47022238 0.45108232
0.5102468 0.46237925 0.44323918
0.5259331 0.47806552 0.45892546
0.47652918 0.42171258 0.3970745
0.47418404 0.41106892 0.38923135
0.4874861 0.45621565 0.43147448
0.24430987 0.2450852 0.26443142
0.2403883 0.24116363 0.26050985
0.24588628 0.2383631 0.26050985
0.257651 0.2501278 0.27227455
0.25372943 0.24620625 0.268353
0.24430987 0.24373566 0.27138036
0.23881176 0.24653625 0.27138036
0.23096862 0.23869312 0.26353723
0.23096862 0.23869312 0.26353723
0.2348902 0.24126513 0.2744078
0.22704706 0.233422 0.26656467
0.23096862 0.23599401 0.27743533
0.2348902 0.23991558 0.2813569
0.23723537 0.2492097 0.29614908
0.24900007 0.2609744 0.30791378
0.2450785 0.25705284 0.3039922
0.26468635 0.27666068 0.32360005
0.26626274 0.2699386 0.3196785
0.2584196 0.26209545 0.31183535
0.26234117 0.26466748 0.32270586
0.26468635 0.27531114 0.330549
0.26234117 0.26466748 0.32270586
0.28037262 0.28829834 0.36013332
0.27095306 0.2871773 0.35621175
0.28821576 0.29614148 0.36797646
0.30390203 0.3131773 0.3767137
0.32743144 0.3367067 0.4002431
0.29921183 0.2932394 0.3540784
0.32589406 0.30467418 0.36281574
0.31412935 0.294259 0.344102
0.31020778 0.2889879 0.34712946
0.29921183 0.29188988 0.36102742
0.28979215 0.29076892 0.35710585
0.28979215 0.29076892 0.35710585
0.28587058 0.2854978 0.36013332
0.28979215 0.29076892 0.35710585
0.28587058 0.2854978 0.36013332
0.281949 0.28157625 0.35621175
0.28587058 0.2854978 0.36013332
0.281949 0.28157625 0.35621175
0.29371372 0.29334095 0.36797646
0.281949 0.28292578 0.3492627
0.2913687 0.28539628 0.34623528
0.29921183 0.2932394 0.3540784
0.3203961 0.30612516 0.3697647
0.3086314 0.29436046 0.35799998
0.31255296 0.29963157 0.3549726
0.31647453 0.3022036 0.36584312
0.30470982 0.2904389 0.3540784
0.29921183 0.2932394 0.3540784
0.2913687 0.28539628 0.34623528
0.2968667 0.28259575 0.34623528
0.2968667 0.2839453 0.33928633
0.29294512 0.28002372 0.33536476
0.30078825 0.28786686 0.3432079
0.30078825 0.28786686 0.3432079
0.30078825 0.28786686 0.3432079
0.2968667 0.2839453 0.33928633
0.30470982 0.29178843 0.34712946
0.29844308 0.2772232 0.33536476
0.29294512 0.28002372 0.33536476
0.279604 0.2749811 0.32752162
0.279604 0.27363157 0.33447057
0.27725884 0.2629879 0.32662743
0.27568242 0.26971 0.330549
0.279604 0.27363157 0.33447057
0.2913687 0.28809536 0.3323373
0.35099995 0.3336274 0.3198824
0.66003513 0.63416284 0.5762275
0.64984685 0.6170256 0.55359215
0.67337626 0.6419046 0.57017255
0.67729783 0.64582616 0.5740941
0.68906254 0.65759087 0.5858588
0.6945606 0.65613985 0.5789099
0.68671745 0.6482967 0.57106674
0.68671745 0.6482967 0.57106674
0.68829393 0.64292413 0.56019616
0.6804508 0.635081 0.552353
0.6804508 0.635081 0.552353
0.68202716 0.6283589 0.5484314
0.67495275 0.6378816 0.552353
0.6647645 0.61804515 0.54361576
0.6216273 0.57625747 0.49352947
0.5024037 0.4626334 0.39370194
0.36357233 0.32535294 0.2951137
0.22708616 0.20411421 0.17657253
0.224741 0.19347054 0.1687294
0.3612272 0.3201074 0.2594745
0.4137841 0.3657152 0.2995843
0.45299977 0.40628043 0.331851
0.48279583 0.44167602 0.3810431
0.6144747 0.64439565 0.67743534
0.35957274 0.38814408 0.4294824
0.12350987 0.13953286 0.16157645
0.10547842 0.11455246 0.13109806
0.14861569 0.15768972 0.17423533
0.10547842 0.11455246 0.13109806
0.14311771 0.1591407 0.18118429
0.12743144 0.14075533 0.17939612
0.6419257 0.66914755 0.71878433
0.82074136 0.8562618 0.903098
0.8168198 0.8523402 0.8991765
0.7164355 0.74365735 0.7932941
0.7094 0.71577495 0.74891764
0.71805096 0.70492834 0.7132784
0.690639 0.64547056 0.6097334
0.39971328 0.31129998 0.2038824
0.7197054 0.6409403 0.5224235
0.7314701 0.652705 0.5341882
0.73931324 0.6591986 0.5489805
0.7353917 0.655277 0.54505885
0.7079407 0.62782604 0.5176079
0.6922544 0.61348933 0.49497253
0.6608819 0.5821168 0.46359998
0.67656815 0.59780306 0.47928625
0.70009756 0.62133247 0.50281566
0.7314701 0.652705 0.5341882
0.7197054 0.6422899 0.5154745
0.7197054 0.6422899 0.5154745
0.72754854 0.650133 0.52331764
0.71578383 0.6383683 0.51155293
0.7197054 0.6422899 0.5154745
0.72754854 0.650133 0.52331764
0.723627 0.64621145 0.51939607
0.7095172 0.6238031 0.49978822
0.6859878 0.60027367 0.4762588
0.68990934 0.60554475 0.47323143
0.68990934 0.60554475 0.47323143
0.70167404 0.61730945 0.48499614
0.7095172 0.6251526 0.49283928
0.7173603 0.6329957 0.5006824
0.7055956 0.621231 0.4889177
0.71343875 0.62907416 0.49676085
0.72520345 0.64083886 0.50852555
0.71343875 0.62907416 0.49676085
0.6938309 0.6108159 0.470204
0.7055956 0.6225806 0.4819687
0.7173603 0.6343453 0.4937334
0.7110936 0.6211295 0.47501966
0.7173603 0.6343453 0.4937334
0.7095172 0.62650216 0.48589027
0.69540733 0.6040938 0.46628243
0.67972106 0.5884075 0.45059615
0.6601132 0.5687996 0.4309883
0.65619165 0.5648781 0.42706674
0.6522701 0.5609565 0.42314517
0.65619165 0.5648781 0.42706674
0.668725 0.5913095 0.4644941
0.6694938 0.60462654 0.49710596
0.7031724 0.67999923 0.60546666
0.7195883 0.7437086 0.71596086
0.5705687 0.5933395 0.5738902
0.5470393 0.5698101 0.5503608
0.5305844 0.53810745 0.5159608
0.51178426 0.49576125 0.4737177
0.501596 0.47727445 0.45803142
0.5125919 0.47302297 0.45108232
0.46868604 0.41251987 0.39618036
0.4781056 0.41499048 0.39315292
0.49140766 0.46013722 0.43539605
0.31020778 0.2997843 0.29153723
0.30628622 0.29586273 0.28761566
0.30628622 0.2945132 0.2945647
0.29294512 0.28812104 0.29367056
0.29294512 0.28812104 0.29367056
0.27176085 0.2752353 0.2779843
0.25449803 0.26357207 0.2801177
0.2160511 0.2403726 0.25961566
0.2042864 0.2286079 0.24785095
0.20270999 0.23398045 0.25872153
0.19878842 0.23005888 0.25479996
0.19878842 0.22870931 0.26174906
0.20663156 0.23655245 0.2695922
0.19329037 0.23016033 0.26869807
0.18544723 0.22231719 0.26085493
0.1893688 0.22623876 0.2647765
0.19721194 0.2340819 0.27261963
0.19329037 0.2288108 0.27564704
0.18387082 0.22768976 0.27172548
0.18387082 0.2263402 0.27867448
0.18779239 0.22891222 0.28954506
0.21366698 0.2603862 0.33481574
0.26307088 0.31538963 0.40361565
0.2748356 0.32715434 0.41538036
0.2724905 0.31786022 0.4005882
0.27014536 0.3085661 0.38579613
0.28506294 0.30958566 0.3758196
0.30390203 0.31452683 0.3697647
0.36276466 0.3345957 0.38723925
0.3604195 0.3280007 0.35854906
0.3313921 0.30457273 0.34891763
0.26076478 0.27004004 0.33357644
0.22308652 0.2628568 0.33178827
0.20740023 0.24717051 0.316102
0.20740023 0.24582095 0.323051
0.20347866 0.24324894 0.31218043
0.20740023 0.24717051 0.316102
0.21289821 0.24436998 0.316102
0.2285845 0.26140583 0.3248392
0.23016098 0.2546837 0.32091764
0.22466293 0.25748426 0.32091764
0.23642763 0.269249 0.33268234
0.24976882 0.27429155 0.34052548
0.26310992 0.2806837 0.34141958
0.2686079 0.2792327 0.33447057
0.27802745 0.28035375 0.33839214
0.281949 0.28562486 0.33536476
0.281949 0.28562486 0.33536476
0.28744712 0.28282425 0.33536476
0.28744712 0.28282425 0.33536476
0.279604 0.2749811 0.32752162
0.279604 0.2749811 0.32752162
0.28744712 0.28282425 0.33536476
0.28352556 0.27890268 0.3314432
0.28352556 0.27890268 0.3314432
0.28510198 0.2721806 0.32752162
0.29294512 0.28002372 0.33536476
0.28510198 0.27353013 0.32057258
0.2945215 0.27465117 0.32449415
0.29059994 0.27207917 0.31362352
0.2811804 0.26960856 0.31665102
0.29294512 0.28137326 0.32841572
0.27333727 0.26176542 0.30880788
0.27333727 0.26176542 0.30880788
0.2709921 0.25247133 0.29401568
0.27649015 0.25236985 0.2801177
0.3267018 0.29543135 0.27069017
0.6537684 0.6209472 0.5575137
0.6655331 0.6327119 0.5692784
0.6655331 0.63406146 0.5623294
0.6671096 0.62733936 0.55840784
0.6553449 0.61692417 0.5396942
0.6592665 0.62084574 0.54361576
0.68437237 0.637653 0.5632236
0.6804508 0.6337314 0.55930203
0.6765292 0.62980986 0.55538046
0.6765292 0.6311594 0.5484314
0.68202716 0.6283589 0.5484314
0.69379187 0.6401236 0.56019616
0.69379187 0.6401236 0.56019616
0.67495275 0.6351825 0.566251
0.679643 0.6524211 0.6027844
0.64907825 0.6023589 0.5279295
0.50632524 0.46655497 0.3976235
0.35415277 0.3242319 0.29119214
0.22316459 0.19884309 0.17960003
0.22866257 0.19874167 0.16570193
0.3769135 0.3371432 0.26821175
0.41770566 0.36963677 0.30350587
0.45299977 0.40628043 0.331851
0.43808213 0.40526092 0.34182742
0.6011335 0.63800347 0.6765412
0.36191782 0.39743826 0.4442745
0.12743144 0.14345443 0.16549802
0.10939999 0.11847403 0.13501963
0.11332156 0.1223956 0.1389412
0.10939999 0.11847403 0.13501963
0.12508628 0.13416031 0.15070592
0.19959608 0.20597102 0.23911369
0.26310992 0.28338277 0.32752162
0.82231784 0.8508892 0.8922275
0.82231784 0.8508892 0.8922275
0.7211647 0.7261901 0.7676314
0.6968667 0.6893435 0.7114903
0.70709395 0.6731244 0.6649804
0.6522311 0.584866 0.5409334
0.4954073 0.40139464 0.2801804
0.7212819 0.6342182 0.51850194
0.7212819 0.6342182 0.51850194
0.6844113 0.6042966 0.4940785
0.6945996 0.6227834 0.5097648
0.74165845 0.66984224 0.5568236
0.7259722 0.65550554 0.5341882
0.71578383 0.63701874 0.51850194
0.70009756 0.62133247 0.50281566
0.70009756 0.62133247 0.50281566
0.696176 0.61876047 0.4919451
0.71578383 0.6383683 0.51155293
0.7314701 0.6540546 0.5272392
0.7314701 0.6540546 0.5272392
0.7040191 0.6266036 0.49978822
0.67656815 0.60050213 0.4653883
0.6608819 0.58481586 0.44970202
0.67422307 0.58850896 0.4644941
0.6938309 0.6081168 0.48410195
0.68990934 0.60419524 0.48018038
0.6938309 0.6094663 0.477153
0.7095172 0.6251526 0.49283928
0.7173603 0.6329957 0.5006824
0.7173603 0.6343453 0.4937334
0.71343875 0.6304237 0.48981184
0.71343875 0.6304237 0.48981184
0.7055956 0.6225806 0.4819687
0.70167404 0.618659 0.47804713
0.71893674 0.6276232 0.48981184
0.70325047 0.6119369 0.47412556
0.6836426 0.592329 0.45451772
0.66795635 0.57664275 0.43883145
0.6757995 0.5844859 0.4466746
0.6718779 0.5805644 0.44275302
0.6875642 0.59625065 0.4584393
0.6993289 0.6080153 0.470204
0.6993289 0.6080153 0.470204
0.6993289 0.6080153 0.470204
0.69540733 0.6040938 0.46628243
0.6993289 0.6080153 0.470204
0.7150152 0.6237016 0.48589027
0.7055956 0.621231 0.4889177
0.7079407 0.6305252 0.5037098
0.71186227 0.63444674 0.50763136
0.7047879 0.6412702 0.52545106
0.7267018 0.7021791 0.6359451
0.68429416 0.707065 0.6876157
0.5493845 0.5791042 0.56515294
0.52977663 0.5608459 0.5385961
0.5250863 0.53955853 0.5229098
0.5039411 0.4879181 0.46587455
0.4608429 0.4060263 0.38138822
0.4608429 0.4060263 0.38138822
0.49532923 0.46270922 0.4462667
0.42158818 0.40556517 0.38352162
0.42550975 0.4081372 0.3943922
0.4200117 0.41093776 0.3943922
0.4200117 0.41093776 0.3943922
0.41451374 0.41238874 0.40134114
0.39882746 0.39535293 0.3926039
0.36430195 0.37607512 0.3760235
0.30390203 0.32127455 0.33501965
0.24742366 0.27174518 0.2909882
0.23408255 0.26670256 0.28314507
0.23408255 0.265353 0.2900941
0.22623941 0.25750986 0.28225097
0.22623941 0.25616032 0.28920004
0.21839626 0.24831715 0.2813569
0.21839626 0.24831715 0.2813569
0.21055312 0.23912448 0.28046277
0.20897664 0.2458466 0.28438434
0.20505507 0.24192503 0.28046277
0.20347866 0.24864712 0.28438434
0.20347866 0.2472976 0.29133332
0.24503952 0.29445788 0.35229018
0.2748356 0.32985345 0.4014824
0.29209834 0.3388176 0.4132471
0.28817677 0.33489603 0.40932554
0.2897532 0.33087304 0.39150587
0.3030943 0.33861473 0.38545096
0.29998046 0.31330433 0.35194513
0.31647453 0.30625224 0.34499606
0.4004429 0.3458276 0.36818036
0.43496835 0.36510548 0.38476077
0.39886644 0.35254976 0.37210193
0.26468635 0.27666068 0.32360005
0.18229441 0.23036319 0.29649416
0.16503167 0.2200495 0.29167846
0.16503167 0.2200495 0.29167846
0.16895324 0.22397107 0.29560003
0.16503167 0.2200495 0.29167846
0.16660814 0.21332738 0.2877569
0.16660814 0.21467692 0.28080788
0.17445128 0.22252005 0.28865102
0.17837285 0.22644162 0.2925726
0.17837285 0.22644162 0.2925726
0.20190226 0.24997103 0.316102
0.1995571 0.24067692 0.30130976
0.21289821 0.24706909 0.3022039
0.22231783 0.2481901 0.30612546
0.23565896 0.25458226 0.3070196
0.23565896 0.25458226 0.3070196
0.23723537 0.2492097 0.29614908
0.23723537 0.2492097 0.29614908
0.23173739 0.25201023 0.29614908
0.2278158 0.24808864 0.29222748
0.23565896 0.2559318 0.30007064
0.24115694 0.25313127 0.30007064
0.23723537 0.2492097 0.29614908
0.23723537 0.2492097 0.29614908
0.2348902 0.23856603 0.2883059
0.23254517 0.2306214 0.26656467
0.29375285 0.2626836 0.2849334
0.32278022 0.28476205 0.3015137
0.2827568 0.2655856 0.29883134
0.21762751 0.22960185 0.2765412
0.22547065 0.23879454 0.27743533
0.2348902 0.23991558 0.2813569
0.23646674 0.23589252 0.26353723
0.28198814 0.25766662 0.23842357
0.6537684 0.6209472 0.5575137
0.64984685 0.6183752 0.54664314
0.65142334 0.6116531 0.54272157
0.6592665 0.6194962 0.5505647
0.6686861 0.6219667 0.5475373
0.66084296 0.6141236 0.5396942
0.6765292 0.62980986 0.55538046
0.6686861 0.6219667 0.5475373
0.6569214 0.610202 0.5357726
0.68437237 0.63900256 0.55627453
0.69379187 0.6401236 0.56019616
0.6859487 0.63363004 0.5454039
0.67026246 0.6165942 0.53666675
0.6781056 0.6257869 0.53756076
0.67729783 0.64582616 0.5740941
0.685102 0.682977 0.6719294
0.64984685 0.61567605 0.5605412
0.5220115 0.4808917 0.4202588
0.35807434 0.32815346 0.2951137
0.2349293 0.2106078 0.19136474
0.26003513 0.23011422 0.19707447
0.3769135 0.33579367 0.27516076
0.42947036 0.38140148 0.31527057
0.4608429 0.41277403 0.34664312
0.36434108 0.34136912 0.31382743
0.7117062 0.7611245 0.81895685
0.16191782 0.19878778 0.23732552
0.12900785 0.13808188 0.15462749
0.11097654 0.11310141 0.12414905
0.1031334 0.10525827 0.11630591
0.15019223 0.1523171 0.16336474
0.11097654 0.11310141 0.12414905
0.16195694 0.16273226 0.18207847
0.111745164 0.12506905 0.16370985
0.8317374 0.85201025 0.89614904
0.82389426 0.8441671 0.8883059
0.7305844 0.72866064 0.7646039
0.67099214 0.6578695 0.6662196
0.68906254 0.6494936 0.6275529
0.5792977 0.50633323 0.44860393
0.51893675 0.42627358 0.29676083
0.7173603 0.6316462 0.50763136
0.7353917 0.6566266 0.5381098
0.7314701 0.652705 0.5341882
0.7353917 0.6566266 0.5381098
0.7338153 0.6633487 0.54203135
0.75107795 0.67231286 0.55379605
0.7471564 0.6683913 0.5498745
0.73931324 0.66054815 0.54203135
0.70009756 0.62133247 0.50281566
0.6804897 0.6030742 0.4762588
0.67656815 0.5991526 0.47233725
0.67656815 0.5991526 0.47233725
0.67656815 0.5991526 0.47233725
0.68990934 0.60419524 0.48018038
0.67814463 0.59378004 0.46146673
0.6844113 0.60834527 0.47323143
0.7055956 0.6198815 0.49586666
0.7095172 0.6251526 0.49283928
0.7173603 0.6329957 0.5006824
0.7173603 0.6329957 0.5006824
0.71343875 0.62907416 0.49676085
0.7110936 0.61978006 0.4819687
0.69540733 0.6040938 0.46628243
0.6640348 0.57272124 0.43490988
0.65619165 0.56622756 0.4201177
0.6522701 0.5609565 0.42314517
0.6757995 0.5844859 0.4466746
0.6875642 0.59625065 0.4584393
0.69148576 0.60017216 0.46236086
0.6993289 0.6080153 0.470204
0.70717204 0.61585844 0.47804713
0.70325047 0.6132864 0.46717653
0.70325047 0.6119369 0.47412556
0.7110936 0.61978006 0.4819687
0.7150152 0.6237016 0.48589027
0.6993289 0.6080153 0.470204
0.69540733 0.6040938 0.46628243
0.6836426 0.592329 0.45451772
0.67972106 0.5884075 0.45059615
0.66795635 0.57664275 0.43883145
0.66795635 0.5752932 0.44578046
0.67422307 0.5898585 0.45754516
0.6663799 0.58201534 0.44970202
0.6703015 0.5859369 0.4536236
0.6726466 0.59523106 0.46841568
0.6796821 0.6217638 0.51974124
0.75176865 0.75504184 0.7108
0.6591884 0.6889081 0.67495686
0.53761977 0.5673395 0.55338824
0.52977663 0.5608459 0.5385961
0.4929451 0.4935192 0.46587455
0.45219198 0.42092153 0.39618036
0.49375284 0.4694313 0.45018828
0.5157059 0.49968287 0.4776393
0.51020783 0.50113386 0.4845883
0.51805097 0.508977 0.49243143
0.52197254 0.51154906 0.503302
0.51647455 0.5143496 0.503302
0.50470984 0.5012353 0.49848628
0.4584196 0.47019276 0.47014114
0.3705687 0.38929078 0.3947373
0.28506294 0.31768295 0.33412546
0.24976882 0.28238884 0.29883134
0.24976882 0.28103927 0.30578038
0.24192569 0.27319613 0.29793724
0.24584725 0.2771177 0.3018588
0.2285845 0.266804 0.29704317
0.23642763 0.27464715 0.3048863
0.2285845 0.266804 0.29704317
0.2285845 0.266804 0.29704317
0.23250607 0.26937604 0.30791378
0.23485123 0.28136924 0.30880788
0.25838065 0.30219957 0.34623528
0.2607258 0.3114937 0.36102742
0.2842552 0.3350231 0.38455683
0.2960199 0.3467878 0.39632154
0.28583163 0.32965055 0.37368625
0.31251392 0.3424348 0.37547454
0.35096085 0.3656343 0.39597645
0.35019222 0.34961802 0.3772627
0.34707838 0.32430765 0.3437569
0.4137841 0.3549188 0.3551765
0.4365448 0.36108243 0.3669412
0.40436447 0.35109872 0.36515293
0.26310992 0.28338277 0.32752162
0.19798069 0.24604946 0.31218043
0.16895324 0.22397107 0.29560003
0.15718853 0.21220636 0.28383532
0.1611101 0.21612793 0.2877569
0.1611101 0.21747749 0.28080788
0.15718853 0.21355592 0.2768863
0.15718853 0.21355592 0.2768863
0.16660814 0.21467692 0.28080788
0.17445128 0.22252005 0.28865102
0.17837285 0.22644162 0.2925726
0.18229441 0.23171276 0.28954506
0.19405912 0.24347746 0.30130976
0.19171396 0.23418334 0.28651762
0.2144747 0.2416965 0.29133332
0.22231783 0.24953964 0.29917645
0.23173739 0.25201023 0.29614908
0.2278158 0.24808864 0.29222748
0.23408255 0.2626539 0.3039922
0.2278158 0.24808864 0.29222748
0.2278158 0.24808864 0.29222748
0.23173739 0.25201023 0.29614908
0.2450785 0.25840238 0.29704317
0.23723537 0.25055927 0.28920004
0.23331378 0.24663767 0.28527847
0.22547065 0.23879454 0.27743533
0.23646674 0.23454297 0.27048624
0.3439645 0.30034688 0.30330193
0.38475662 0.3328404 0.33859605
0.32589406 0.31007236 0.33501965
0.20270999 0.23263088 0.26567063
0.21997267 0.24159506 0.27743533
0.23723537 0.2519088 0.28225097
0.24354112 0.23446718 0.2179216
0.64984685 0.61567605 0.5605412
0.66318804 0.6234178 0.5544863
0.6592665 0.6194962 0.5505647
0.6553449 0.61557466 0.54664314
0.6569214 0.6088525 0.54272157
0.66084296 0.6141236 0.5396942
0.6686861 0.6219667 0.5475373
0.6506546 0.5956368 0.5240079
0.6624193 0.6074015 0.5357726
0.674184 0.6191662 0.5475373
0.67026246 0.6165942 0.53666675
0.6781056 0.62443733 0.5445099
0.6859487 0.63363004 0.5454039
0.68829393 0.64292413 0.56019616
0.70005864 0.65468884 0.5719608
0.6914077 0.6655354 0.60760003
0.7242786 0.75419956 0.78723925
0.67725885 0.6737843 0.6710353
0.40747833 0.38450637 0.35696468
0.3133607 0.28903916 0.26979613
0.21532145 0.1896504 0.17870592
0.33219978 0.2953299 0.2567922
0.3886782 0.34755838 0.28692546
0.43181545 0.39069563 0.33006272
0.4004429 0.35797352 0.30563927
0.34077254 0.34984657 0.3663922
0.74307877 0.79249704 0.8503294
0.1399649 0.16853625 0.20987454
0.11489811 0.11702298 0.12807062
0.11097654 0.11445097 0.11719997
0.10863138 0.1038073 0.109356835
0.12274125 0.12486612 0.13591376
0.11255295 0.10637931 0.12022748
0.13058439 0.13270926 0.1437569
0.14469412 0.15106906 0.18421173
0.85134524 0.8716181 0.9157569
0.8199727 0.8415951 0.8774353
0.7423491 0.74177486 0.7694196
0.6584587 0.63143814 0.62879217
0.6671096 0.62194115 0.586204
0.4726466 0.38578415 0.31705886
0.61070925 0.50974756 0.38303536
0.7212819 0.6355678 0.51155293
0.73931324 0.66054815 0.54203135
0.7314701 0.652705 0.5341882
0.7040191 0.62525403 0.50673723
0.696176 0.6174109 0.4988941
0.68833286 0.60956776 0.49105096
0.6804897 0.6017246 0.48320782
0.67656815 0.59780306 0.47928625
0.67656815 0.5991526 0.47233725
0.6804897 0.6030742 0.4762588
0.6804897 0.6030742 0.4762588
0.696176 0.61876047 0.4919451
0.7197054 0.6422899 0.5154745
0.71578383 0.6383683 0.51155293
0.71578383 0.6397178 0.504604
0.7040191 0.6279531 0.49283928
0.7079407 0.6305252 0.5037098
0.7173603 0.6329957 0.5006824
0.7095172 0.6251526 0.49283928
0.67422307 0.59120804 0.45059615
0.6522701 0.5609565 0.42314517
0.65619165 0.5648781 0.42706674
0.6836426 0.592329 0.45451772
0.6993289 0.6080153 0.470204
0.6993289 0.6080153 0.470204
0.6993289 0.6080153 0.470204
0.6993289 0.6080153 0.470204
0.7150152 0.6237016 0.48589027
0.70325047 0.6119369 0.47412556
0.70717204 0.61585844 0.47804713
0.7110936 0.61978006 0.4819687
0.69148576 0.60017216 0.46236086
0.6757995 0.5844859 0.4466746
0.6757995 0.5844859 0.4466746
0.66795635 0.57664275 0.43883145
0.66795635 0.57664275 0.43883145
0.69148576 0.60017216 0.46236086
0.7150152 0.6237016 0.48589027
0.70717204 0.61585844 0.47804713
0.6993289 0.6080153 0.470204
0.6836426 0.59097946 0.46146673
0.69148576 0.60017216 0.46236086
0.6875642 0.5949011 0.4653883
0.67814463 0.59378004 0.46146673
0.6859878 0.6016232 0.46930987
0.6922544 0.6148389 0.48802352
0.6828349 0.6110187 0.49800006
0.690639 0.6508688 0.58193725
0.7431177 0.767238 0.7394903
0.58310217 0.6211204 0.6043686
0.5321218 0.57014 0.55338824
0.5180119 0.54773164 0.5337804
0.49371374 0.5095355 0.4845883
0.5556902 0.5522157 0.54946667
0.5541138 0.5589378 0.55338824
0.5580354 0.56285936 0.5573098
0.5580354 0.5615098 0.5642588
0.55645883 0.5668824 0.57512945
0.5431177 0.5618398 0.5672863
0.5062472 0.5319183 0.5428628
0.41055313 0.44317314 0.45961565
0.29917273 0.34009138 0.3537333
0.26780018 0.30736926 0.3293098
0.25445908 0.29962754 0.33536476
0.24661593 0.2917844 0.32752162
0.25445908 0.30097708 0.32841572
0.24269436 0.28921238 0.31665102
0.24661593 0.29313394 0.32057258
0.2505375 0.29570597 0.3314432
0.25445908 0.30097708 0.32841572
0.25445908 0.30097708 0.32841572
0.25838065 0.30489865 0.3323373
0.25838065 0.3035491 0.33928633
0.2505375 0.29570597 0.3314432
0.28191006 0.32707852 0.36281574
0.29759634 0.3427648 0.378502
0.29917273 0.3360427 0.37458044
0.3282002 0.35812107 0.39116082
0.37841183 0.39308527 0.42342743
0.3839098 0.39163432 0.4164784
0.3690313 0.35455918 0.3712079
0.4137841 0.3549188 0.3551765
0.42870167 0.35458884 0.35214907
0.40594095 0.34572613 0.35428232
0.26468635 0.27666068 0.32360005
0.16268657 0.21075535 0.2768863
0.1611101 0.21747749 0.28080788
0.15718853 0.21220636 0.28383532
0.1611101 0.21747749 0.28080788
0.15718853 0.21355592 0.2768863
0.15718853 0.21355592 0.2768863
0.15718853 0.21355592 0.2768863
0.16503167 0.22139905 0.28472945
0.17445128 0.22386962 0.28170192
0.17445128 0.22386962 0.28170192
0.17837285 0.22779119 0.2856235
0.19013755 0.2395559 0.2973882
0.19171396 0.23418334 0.28651762
0.21289821 0.24841864 0.2952549
0.21839626 0.24561808 0.2952549
0.22231783 0.25088918 0.29222748
0.22623941 0.25481075 0.29614908
0.23016098 0.25873232 0.30007064
0.22231783 0.25088918 0.29222748
0.2435021 0.26377493 0.30791378
0.24192569 0.27049702 0.31183535
0.24742366 0.2676965 0.31183535
0.23565896 0.25728136 0.2931216
0.22939222 0.2427161 0.2813569
0.21920392 0.2242293 0.26567063
0.24746269 0.231641 0.25658828
0.35180762 0.30953956 0.30419612
0.4004429 0.34987622 0.34733337
0.32981563 0.3153435 0.3319922
0.21997267 0.24159506 0.27743533
0.24742366 0.2703956 0.29793724
0.28510198 0.28162745 0.27887842
0.63808215 0.6052609 0.54182744
0.6318155 0.59204525 0.5231137
0.6412351 0.59451574 0.52008635
0.6451567 0.5984373 0.5240079
0.6412351 0.59451574 0.52008635
0.6451567 0.5984373 0.5240079
0.63731354 0.5905942 0.5161648
0.6412351 0.59451574 0.52008635
0.6545762 0.59955835 0.5279295
0.65849775 0.6048295 0.524902
0.68202716 0.6283589 0.5484314
0.68202716 0.6283589 0.5484314
0.6898703 0.63620204 0.55627453
0.69771343 0.64539474 0.5571686
0.701635 0.64796674 0.5680393
0.6765292 0.6311594 0.5484314
0.6184353 0.61631036 0.60526276
0.7461925 0.8164579 0.89078426
0.6740669 0.7151867 0.7758196
0.4709921 0.45921907 0.45927057
0.22943132 0.21205877 0.19831376
0.1941372 0.17676465 0.16301964
0.33219978 0.2953299 0.2567922
0.38083506 0.33836567 0.28603142
0.38475662 0.34228724 0.289953
0.3737606 0.34383973 0.3108
0.5634553 0.62812114 0.688651
0.6254317 0.6735004 0.7396314
0.13527457 0.15129757 0.17334116
0.10705497 0.1105294 0.113278404
0.11255295 0.10772887 0.113278404
0.10863138 0.1038073 0.109356835
0.11255295 0.10772887 0.113278404
0.1321608 0.12733673 0.13288625
0.120396085 0.115572006 0.12112154
0.13685098 0.14457548 0.16941959
0.82389426 0.8441671 0.8883059
0.8176275 0.8296019 0.8765412
0.7501922 0.749618 0.77726275
0.646694 0.62102294 0.61007845
0.6624193 0.60335284 0.55661964
0.32285827 0.22344741 0.13542749
0.64600337 0.5450417 0.41832948
0.7173603 0.6316462 0.50763136
0.7095172 0.6238031 0.49978822
0.7079407 0.6291756 0.5106588
0.70636433 0.6358977 0.51458037
0.7102859 0.63981926 0.51850194
0.7102859 0.63981926 0.51850194
0.72754854 0.64878345 0.53026664
0.70009756 0.62133247 0.50281566
0.7079407 0.6305252 0.5037098
0.71578383 0.6383683 0.51155293
0.71186227 0.63444674 0.50763136
0.7197054 0.6422899 0.5154745
0.71186227 0.63444674 0.50763136
0.696176 0.61876047 0.4919451
0.67814463 0.59378004 0.46146673
0.6820662 0.5977016 0.4653883
0.67814463 0.59378004 0.46146673
0.6938309 0.6094663 0.477153
0.7095172 0.6251526 0.49283928
0.7095172 0.6251526 0.49283928
0.7110936 0.61978006 0.4819687
0.69540733 0.6040938 0.46628243
0.70325047 0.6119369 0.47412556
0.70325047 0.6119369 0.47412556
0.69148576 0.60017216 0.46236086
0.69540733 0.6040938 0.46628243
0.69148576 0.60017216 0.46236086
0.69148576 0.60017216 0.46236086
0.70325047 0.6119369 0.47412556
0.70717204 0.61585844 0.47804713
0.70717204 0.61585844 0.47804713
0.69540733 0.6040938 0.46628243
0.6836426 0.592329 0.45451772
0.67972106 0.5884075 0.45059615
0.67972106 0.5884075 0.45059615
0.6875642 0.5976001 0.45149025
0.68521905 0.58695644 0.44364712
0.68521905 0.58695644 0.44364712
0.69148576 0.60017216 0.46236086
0.6836426 0.592329 0.45451772
0.6993289 0.6080153 0.470204
0.69148576 0.60017216 0.46236086
0.6875642 0.59625065 0.4584393
0.6875642 0.59625065 0.4584393
0.6820662 0.5977016 0.4653883
0.6820662 0.5977016 0.4653883
0.6585368 0.5728227 0.44880784
0.6726466 0.5938815 0.47536469
0.68518007 0.6216624 0.50584316
0.71885866 0.69298637 0.635051
0.70859236 0.7466106 0.7298588
0.54623157 0.5911988 0.5799451
0.5187806 0.5637478 0.5524941
0.5658785 0.5693529 0.57210195
0.56430197 0.5760751 0.5760235
0.5721451 0.58256865 0.5908157
0.5705687 0.5879413 0.60168636
0.5784118 0.5957844 0.6095295
0.5611492 0.5854707 0.60471374
0.5187806 0.5596992 0.5733412
0.4403492 0.47991827 0.5018588
0.31720418 0.36372218 0.39116082
0.2779885 0.32315695 0.35889417
0.33758068 0.39664719 0.44338036
0.30386305 0.35463095 0.40416467
0.2724905 0.32595748 0.35889417
0.2779885 0.32315695 0.35889417
0.28583163 0.3310001 0.3667373
0.29209834 0.34556532 0.378502
0.29367477 0.33884323 0.37458044
0.27641207 0.32987905 0.36281574
0.27406693 0.31923538 0.3549726
0.26230222 0.30747068 0.3432079
0.2387728 0.28394127 0.3196785
0.27014536 0.31531382 0.35105103
0.29367477 0.33884323 0.37458044
0.29759634 0.3427648 0.378502
0.34623155 0.38445106 0.41469023
0.4160511 0.43767348 0.47351375
0.4176275 0.43365052 0.45569408
0.40040386 0.38593173 0.40258044
0.42947036 0.37060508 0.37086278
0.43262324 0.3585104 0.35607064
0.40986252 0.3496477 0.3582039
0.27410588 0.27913126 0.32057258
0.158765 0.20683378 0.27296475
0.15718853 0.21355592 0.2768863
0.15326697 0.2082848 0.27991375
0.15718853 0.21355592 0.2768863
0.17287481 0.22924219 0.2925726
0.15718853 0.21355592 0.2768863
0.1611101 0.21747749 0.28080788
0.16503167 0.22139905 0.28472945
0.17679638 0.23451331 0.28954506
0.18071795 0.23843488 0.29346663
0.19013755 0.2395559 0.2973882
0.18229441 0.23171276 0.28954506
0.19171396 0.23418334 0.28651762
0.21681978 0.25234023 0.29917645
0.22623941 0.2534612 0.30309802
0.21681978 0.25234023 0.29917645
0.23016098 0.25873232 0.30007064
0.2285845 0.26545447 0.3039922
0.23642763 0.2732976 0.31183535
0.24819234 0.28371277 0.330549
0.24976882 0.27699062 0.32662743
0.2435021 0.26377493 0.30791378
0.21997267 0.24159506 0.27743533
0.20978437 0.22310826 0.26174906
0.20351765 0.20989259 0.24303526
0.24511759 0.22234686 0.2417961
0.3612272 0.31066054 0.3081177
0.40594095 0.34707567 0.34733337
0.3455019 0.33102977 0.34767848
0.24192569 0.27184656 0.3048863
0.29213732 0.30950984 0.32325494
0.56983906 0.54396677 0.48603144
0.6161292 0.576359 0.50742745
0.62554884 0.57882947 0.5044001
0.62554884 0.57882947 0.5044001
0.6294704 0.58275104 0.50832164
0.63731354 0.5905942 0.5161648
0.6451567 0.5984373 0.5240079
0.6529998 0.60628045 0.53185105
0.6569214 0.610202 0.5357726
0.6624193 0.6074015 0.5357726
0.67026246 0.6165942 0.53666675
0.67026246 0.6165942 0.53666675
0.68202716 0.6283589 0.5484314
0.6781056 0.62443733 0.5445099
0.6624193 0.60875106 0.5288236
0.6663409 0.6126726 0.5327451
0.68829393 0.64022505 0.5740941
0.6623022 0.70612115 0.7501569
0.74696124 0.8311246 0.9164471
0.65049845 0.72501373 0.82143533
0.39175293 0.39812788 0.43127057
0.26864702 0.24857539 0.25142744
0.18629406 0.16892152 0.1551765
0.39336845 0.3647971 0.32345885
0.31259194 0.27572206 0.23718436
0.30709395 0.27852258 0.23718436
0.41370595 0.43107846 0.44482356
0.7595337 0.82285005 0.89167845
0.13446684 0.16998728 0.2168235
0.1211647 0.1315883 0.13983533
0.11255295 0.10772887 0.113278404
0.10863138 0.1038073 0.109356835
0.11255295 0.10772887 0.113278404
0.11647452 0.11165044 0.11719997
0.13608237 0.1312583 0.13680781
0.11647452 0.11165044 0.11719997
0.12900785 0.13538279 0.16852546
0.8199727 0.84024554 0.88438433
0.808208 0.8298304 0.8656706
0.7658785 0.76530427 0.792949
0.6459253 0.60500675 0.59136474
0.6365448 0.5705293 0.51829803
0.21855235 0.11489162 0.004776448
0.66795635 0.5752932 0.44578046
0.71343875 0.62772465 0.5037098
0.71186227 0.6330972 0.51458037
0.72754854 0.64878345 0.53026664
0.7314701 0.652705 0.5341882
0.7197054 0.6409403 0.5224235
0.73931324 0.66054815 0.54203135
0.7353917 0.6566266 0.5381098
0.7314701 0.652705 0.5341882
0.7197054 0.6422899 0.5154745
0.7040191 0.6266036 0.49978822
0.6859878 0.60027367 0.4762588
0.6859878 0.60027367 0.4762588
0.6938309 0.6081168 0.48410195
0.6977525 0.6133879 0.48107457
0.7055956 0.621231 0.4889177
0.7173603 0.6329957 0.5006824
0.7095172 0.6251526 0.49283928
0.70167404 0.61730945 0.48499614
0.6938309 0.6094663 0.477153
0.70167404 0.61730945 0.48499614
0.69540733 0.6040938 0.46628243
0.70325047 0.6119369 0.47412556
0.7150152 0.6237016 0.48589027
0.7150152 0.6237016 0.48589027
0.69148576 0.60017216 0.46236086
0.6836426 0.592329 0.45451772
0.67972106 0.5884075 0.45059615
0.6875642 0.59625065 0.4584393
0.6875642 0.59625065 0.4584393
0.7048269 0.6065643 0.46325496
0.68521905 0.58560693 0.45059615
0.6930622 0.59345007 0.4584393
0.6891406 0.5895285 0.45451772
0.6930622 0.59345007 0.4584393
0.6773759 0.5791133 0.43580398
0.66168964 0.56342703 0.4201177
0.6656112 0.5673486 0.42403927
0.64992493 0.5516623 0.408353
0.6695328 0.56992066 0.43490988
0.68521905 0.58560693 0.45059615
0.68521905 0.58560693 0.45059615
0.6891406 0.5895285 0.45451772
0.6891406 0.5895285 0.45451772
0.6812975 0.58168536 0.4466746
0.66795635 0.57664275 0.43883145
0.6640348 0.5713717 0.4418589
0.6585368 0.5741722 0.4418589
0.66245836 0.57809377 0.44578046
0.6546152 0.5689011 0.44488627
0.6491172 0.5703521 0.45183527
0.62320364 0.57223445 0.4757098
0.72274125 0.73296344 0.6942196
0.6168198 0.6631366 0.6435843
0.5156667 0.53438884 0.53983533
0.5195883 0.5369609 0.5507059
0.52350986 0.54088247 0.55462754
0.5274314 0.54345447 0.56549805
0.5336982 0.5566702 0.58421177
0.52427864 0.55554914 0.5802902
0.49525118 0.5334707 0.56370986
0.41681978 0.4550393 0.48527846
0.32896888 0.37413734 0.40987456
0.29209834 0.34286624 0.39239997
0.32973754 0.38880405 0.43553722
0.3117062 0.36247408 0.4120078
0.29994148 0.35070938 0.4002431
0.28817677 0.3402942 0.3815294
0.2960199 0.3494869 0.38242358
0.30386305 0.35733002 0.39026672
0.29994148 0.35340846 0.38634515
0.29209834 0.34556532 0.378502
0.2960199 0.3494869 0.38242358
0.28583163 0.3310001 0.3667373
0.26230222 0.30747068 0.3432079
0.28191006 0.32572898 0.3697647
0.3015179 0.34533682 0.38937253
0.30543947 0.35060793 0.38634515
0.36191782 0.3987878 0.43732554
0.43642762 0.4732976 0.51183534
0.4513452 0.47431716 0.5018588
0.4200117 0.40419 0.4291373
0.43888992 0.37172613 0.37478435
0.43419966 0.3517883 0.35214907
0.41143894 0.34427515 0.34733337
0.27410588 0.27913126 0.32057258
0.158765 0.20683378 0.27296475
0.1493454 0.20571278 0.26904318
0.15718853 0.21220636 0.28383532
0.16503167 0.2200495 0.29167846
0.16895324 0.22397107 0.29560003
0.16503167 0.22139905 0.28472945
0.16503167 0.22139905 0.28472945
0.17445128 0.22252005 0.28865102
0.16895324 0.22532062 0.28865102
0.18071795 0.23843488 0.29346663
0.17679638 0.23316376 0.29649416
0.18621598 0.23563433 0.29346663
0.19563553 0.23810491 0.2904392
0.21289821 0.24841864 0.2952549
0.21681978 0.25234023 0.29917645
0.2285845 0.26410493 0.31094116
0.24427077 0.27844167 0.33357644
0.2505375 0.29165736 0.35229018
0.25838065 0.30085003 0.35318428
0.25995705 0.29412794 0.3492627
0.24819234 0.28371277 0.330549
0.22623941 0.25481075 0.29614908
0.2042864 0.22455923 0.26869807
0.19801967 0.21134356 0.24998435
0.20743921 0.21381415 0.24695683
0.24903916 0.22491887 0.2526667
0.35338408 0.3028174 0.30027455
0.40594095 0.3484252 0.34038436
0.36118817 0.3480656 0.35641566
0.2670315 0.29135302 0.31059605
0.501596 0.4813231 0.43718433
0.6278939 0.5881237 0.51919216
0.6318155 0.59339476 0.5161648
0.6412351 0.59451574 0.52008635
0.633392 0.5866726 0.5122432
0.6412351 0.59451574 0.52008635
0.6412351 0.5958653 0.51313734
0.633392 0.5866726 0.5122432
0.6451567 0.5984373 0.5240079
0.64907825 0.60370845 0.5209805
0.66084296 0.6141236 0.5396942
0.67026246 0.6165942 0.53666675
0.6624193 0.60875106 0.5288236
0.69379187 0.6414732 0.55324703
0.68202716 0.6283589 0.5484314
0.6686861 0.6219667 0.5475373
0.23339193 0.18532304 0.11919213
0.6537684 0.61824805 0.57141185
0.72500825 0.8035722 0.875098
0.72969854 0.81946135 0.91858035
0.5885221 0.67558575 0.79130197
0.2889845 0.31485677 0.37279212
0.3337372 0.32061464 0.32896468
0.19021563 0.17284308 0.15909807
0.40905473 0.37913385 0.3460941
0.2639567 0.23268622 0.20794508
0.3455019 0.33372888 0.33378038
0.63012195 0.6920887 0.7692157
0.5415023 0.5965201 0.66814905
0.16272555 0.17874855 0.20079213
0.11097654 0.11445097 0.11719997
0.10078824 0.09731371 0.09456468
0.10078824 0.09731371 0.09456468
0.10470981 0.10123528 0.098486245
0.11255295 0.10772887 0.113278404
0.120396085 0.115572006 0.12112154
0.12823923 0.12341515 0.12896468
0.12900785 0.13538279 0.16852546
0.8042864 0.8245593 0.86869806
0.808208 0.82848084 0.8726196
0.78548634 0.7849121 0.81255686
0.624741 0.59077144 0.58262753
0.616937 0.55092144 0.4986902
0.2734543 0.16979358 0.059678406
0.67972106 0.5857084 0.4644941
0.70167404 0.6146104 0.4988941
0.729125 0.64206135 0.5263451
0.7353917 0.6566266 0.5381098
0.7353917 0.6566266 0.5381098
0.7314701 0.652705 0.5341882
0.7173603 0.6316462 0.50763136
0.6938309 0.6081168 0.48410195
0.6938309 0.6081168 0.48410195
0.6938309 0.6081168 0.48410195
0.70167404 0.61595994 0.4919451
0.6977525 0.6120384 0.48802352
0.6977525 0.6120384 0.48802352
0.6977525 0.6120384 0.48802352
0.70167404 0.61730945 0.48499614
0.69540733 0.6027442 0.47323143
0.6977525 0.6133879 0.48107457
0.70167404 0.61730945 0.48499614
0.69148576 0.5988226 0.46930987
0.6875642 0.5949011 0.4653883
0.67972106 0.5884075 0.45059615
0.6757995 0.5844859 0.4466746
0.67345434 0.5738422 0.43883145
0.68521905 0.58695644 0.44364712
0.6891406 0.5895285 0.45451772
0.68521905 0.58695644 0.44364712
0.67345434 0.5738422 0.43883145
0.6695328 0.56992066 0.43490988
0.67345434 0.5738422 0.43883145
0.6812975 0.58168536 0.4466746
0.6656112 0.5673486 0.42403927
0.6812975 0.5830349 0.43972555
0.6695328 0.57127017 0.42796084
0.6773759 0.5777638 0.44275302
0.68521905 0.58695644 0.44364712
0.6695328 0.57127017 0.42796084
0.6773759 0.5791133 0.43580398
0.67110926 0.5645481 0.42403927
0.6656112 0.5673486 0.42403927
0.6656112 0.5673486 0.42403927
0.6695328 0.56992066 0.43490988
0.6773759 0.5777638 0.44275302
0.6656112 0.5659991 0.4309883
0.6695328 0.56992066 0.43490988
0.6656112 0.5659991 0.4309883
0.6773759 0.5777638 0.44275302
0.66795635 0.57664275 0.43883145
0.67972106 0.5884075 0.45059615
0.6757995 0.5831363 0.4536236
0.67422307 0.5898585 0.45754516
0.6820662 0.5977016 0.4653883
0.6820662 0.5977016 0.4653883
0.668725 0.5913095 0.4644941
0.66084296 0.6168227 0.52579606
0.3705687 0.3865917 0.40863526
0.37841183 0.39308527 0.42342743
0.39017653 0.40484998 0.43519214
0.39252168 0.41279453 0.45693338
0.39878842 0.42735976 0.46869808
0.39486685 0.42208865 0.47172546
0.38702372 0.41424552 0.46388233
0.3266237 0.36214414 0.40898037
0.29525116 0.32807252 0.39150587
0.27406693 0.31518677 0.3758196
0.2842552 0.332324 0.39845493
0.27641207 0.32448086 0.3906118
0.28191006 0.3230299 0.38366273
0.28191006 0.3230299 0.38366273
0.29367477 0.3347946 0.39542744
0.29367477 0.33614415 0.3884784
0.29367477 0.33614415 0.3884784
0.2897532 0.33222258 0.38455683
0.29367477 0.33614415 0.3884784
0.2779885 0.32045788 0.37279212
0.2662238 0.30869317 0.36102742
0.27014536 0.3112652 0.37189803
0.28583163 0.328301 0.38063526
0.29367477 0.33614415 0.3884784
0.34857672 0.39239565 0.43643135
0.42074135 0.45626178 0.503098
0.44742364 0.46904603 0.5048863
0.41451374 0.40564102 0.43608624
0.43104678 0.363883 0.3669412
0.42635652 0.34529474 0.33735684
0.40751737 0.34035358 0.3434118
0.26626274 0.27128813 0.31272945
0.16268657 0.21075535 0.2768863
0.14542383 0.20179121 0.2651216
0.16895324 0.22397107 0.29560003
0.16503167 0.2200495 0.29167846
0.17287481 0.22789264 0.2995216
0.16895324 0.22397107 0.29560003
0.17287481 0.22924219 0.2925726
0.17679638 0.23316376 0.29649416
0.18071795 0.23708533 0.30041572
0.18856108 0.24492846 0.30825886
0.18856108 0.24492846 0.30825886
0.18856108 0.24492846 0.30825886
0.2097454 0.25916374 0.31699607
0.22543168 0.27485004 0.33268234
0.24661593 0.2877358 0.34836861
0.25838065 0.2995005 0.36013332
0.2591493 0.3155167 0.3788471
0.26307088 0.31943828 0.38276866
0.26856893 0.31663772 0.38276866
0.25445908 0.29557893 0.35621175
0.2285845 0.2627554 0.31789017
0.19486685 0.22208866 0.27172548
0.18860012 0.20887296 0.2530118
0.1940981 0.20742199 0.24606279
0.2168589 0.21493512 0.2508784
0.24903916 0.22491887 0.2526667
0.35730565 0.30673897 0.30419612
0.40594095 0.3484252 0.34038436
0.38394892 0.35557878 0.36123136
0.33923525 0.3245618 0.29421958
0.63965863 0.5998884 0.53095686
0.63573706 0.5973163 0.52008635
0.6294704 0.58275104 0.50832164
0.62554884 0.57882947 0.5044001
0.63731354 0.5905942 0.5161648
0.6294704 0.5841006 0.5013726
0.62554884 0.58017904 0.49745104
0.6412351 0.5958653 0.51313734
0.6451567 0.5997869 0.51705885
0.6451567 0.5997869 0.51705885
0.6569214 0.6115516 0.5288236
0.6804508 0.635081 0.552353
0.6898703 0.6375516 0.54932547
0.69379187 0.6414732 0.55324703
0.6898703 0.6375516 0.54932547
0.6922155 0.6441466 0.5780157
0.351039 0.30162057 0.24378821
0.6529608 0.63693774 0.61489415
0.7493064 0.84176826 0.92429024
0.692828 0.78819025 0.9011059
0.5100907 0.59850395 0.70592153
0.20820796 0.22713128 0.2795686
0.23412158 0.2292975 0.23484702
0.21532145 0.19099995 0.1717569
0.30551755 0.2825456 0.2550039
0.2859097 0.26023865 0.24929416
0.45757294 0.5208893 0.5897177
0.6975573 0.7747717 0.8545961
0.29444343 0.3494613 0.42109025
0.1603804 0.16945443 0.18600003
0.11647452 0.11165044 0.11719997
0.10078824 0.09731371 0.09456468
0.10078824 0.09731371 0.09456468
0.10863138 0.10515685 0.10240781
0.11647452 0.11165044 0.11719997
0.11647452 0.11165044 0.11719997
0.12274125 0.12486612 0.13591376
0.1211647 0.12753965 0.16068232
0.7909453 0.81816715 0.86780393
0.8160511 0.83497447 0.8874117
0.7956745 0.80204946 0.83519214
0.6074783 0.58180726 0.57086277
0.6012507 0.53523517 0.4830039
0.31659156 0.21293083 0.10281566
0.69148576 0.59747314 0.4762588
0.70167404 0.61595994 0.4919451
0.6938309 0.6081168 0.48410195
0.6977525 0.6106888 0.49497253
0.70167404 0.6146104 0.4988941
0.6859878 0.5989241 0.48320782
0.6820662 0.5963521 0.47233725
0.68990934 0.60419524 0.48018038
0.6859878 0.60027367 0.4762588
0.6859878 0.60027367 0.4762588
0.6859878 0.60027367 0.4762588
0.68990934 0.60419524 0.48018038
0.67422307 0.58850896 0.4644941
0.6640348 0.5700221 0.44880784
0.69148576 0.59747314 0.4762588
0.69148576 0.5988226 0.46930987
0.6836426 0.59097946 0.46146673
0.6875642 0.59625065 0.4584393
0.66795635 0.57664275 0.43883145
0.6812975 0.58168536 0.4466746
0.6718779 0.5805644 0.44275302
0.6891406 0.5895285 0.45451772
0.6695328 0.56992066 0.43490988
0.67345434 0.57519174 0.4318824
0.67345434 0.57519174 0.4318824
0.6671877 0.5606265 0.4201177
0.66168964 0.56342703 0.4201177
0.6420818 0.5424697 0.4074589
0.6538465 0.5542344 0.4192236
0.6538465 0.5542344 0.4192236
0.66168964 0.5620775 0.42706674
0.66168964 0.5620775 0.42706674
0.66168964 0.5620775 0.42706674
0.6577681 0.55815595 0.42314517
0.6538465 0.5542344 0.4192236
0.67345434 0.57519174 0.4318824
0.6671877 0.5606265 0.4201177
0.6656112 0.5673486 0.42403927
0.6773759 0.5791133 0.43580398
0.67345434 0.5738422 0.43883145
0.6695328 0.56992066 0.43490988
0.66168964 0.5620775 0.42706674
0.6577681 0.55815595 0.42314517
0.6577681 0.55815595 0.42314517
0.66168964 0.5620775 0.42706674
0.6656112 0.5659991 0.4309883
0.6773759 0.5777638 0.44275302
0.6640348 0.57272124 0.43490988
0.66795635 0.57664275 0.43883145
0.6757995 0.58583546 0.43972555
0.6601132 0.5701492 0.42403927
0.6601132 0.5701492 0.42403927
0.6640348 0.5740707 0.42796084
0.6585368 0.5768713 0.42796084
0.31097654 0.30635366 0.35889417
0.30155686 0.30388317 0.36192155
0.3094 0.3117263 0.3697647
0.30390203 0.3131773 0.3767137
0.3078236 0.31574932 0.3875843
0.29998046 0.3065566 0.38669023
0.28663933 0.30016446 0.38579613
0.2842942 0.2895208 0.377953
0.26468635 0.26856342 0.3652941
0.26310992 0.27393594 0.37616467
0.25918835 0.27001438 0.3722431
0.25918835 0.27001438 0.3722431
0.25918835 0.27001438 0.3722431
0.2552668 0.2660928 0.36832154
0.2842942 0.2868217 0.39185095
0.2842942 0.28817126 0.38490194
0.2842942 0.28817126 0.38490194
0.27487463 0.28570065 0.38792938
0.27329823 0.29242274 0.39185095
0.26937667 0.28715163 0.39487848
0.25761196 0.27673647 0.37616467
0.25761196 0.27673647 0.37616467
0.2536904 0.2728149 0.3722431
0.2654551 0.2845796 0.3840078
0.30624717 0.3170732 0.41930193
0.35722756 0.3707527 0.45638436
0.37606665 0.3756939 0.4503294
0.36510974 0.3452394 0.39508238
0.40751737 0.33900404 0.35036075
0.42401135 0.33465105 0.3295137
0.39967424 0.33251044 0.33556867
0.26468635 0.27801022 0.31665102
0.16268657 0.21075535 0.2768863
0.15718853 0.21355592 0.2768863
0.16345526 0.2267716 0.29560003
0.1712984 0.23461473 0.30344316
0.17521997 0.2385363 0.30736473
0.17914154 0.24110833 0.31823528
0.19325134 0.26351675 0.33784312
0.19717291 0.26743832 0.3417647
0.20109448 0.2713599 0.34568626
0.21285918 0.2831246 0.35745096
0.22070232 0.29096773 0.3652941
0.22462389 0.2948893 0.36921567
0.25757292 0.31953973 0.39666665
0.27091402 0.32458234 0.40450978
0.28267872 0.33769658 0.40932554
0.28110233 0.34441867 0.4132471
0.27718076 0.33914757 0.4162745
0.26541606 0.32738286 0.40450978
0.24738462 0.30240247 0.37403142
0.22308652 0.2628568 0.33178827
0.19721194 0.23138282 0.28651762
0.18310215 0.21032396 0.25996077
0.18467855 0.20495139 0.24909022
0.21136078 0.21638617 0.2578275
0.23254517 0.2306214 0.26656467
0.26080388 0.23668358 0.26443142
0.36672527 0.30920953 0.30116868
0.4137841 0.3576179 0.3412784
0.402788 0.36321905 0.3412784
0.5925998 0.55282956 0.48389804
0.61378413 0.56706476 0.49263537
0.6294704 0.58275104 0.50832164
0.63731354 0.5905942 0.5161648
0.63731354 0.5905942 0.5161648
0.63731354 0.59194374 0.5092157
0.6412351 0.5958653 0.51313734
0.63731354 0.59194374 0.5092157
0.64907825 0.60370845 0.5209805
0.64907825 0.60370845 0.5209805
0.6529998 0.60763 0.524902
0.6765292 0.6311594 0.5484314
0.6898703 0.63620204 0.55627453
0.6898703 0.6375516 0.54932547
0.674184 0.62186533 0.5336392
0.6663409 0.6140222 0.52579606
0.605941 0.55652255 0.4986902
0.5965214 0.55540156 0.49476862
0.6489611 0.70242804 0.73536474
0.7320437 0.83010507 0.9264235
0.60889864 0.7125594 0.8226745
0.4348122 0.50662833 0.619647
0.1603804 0.16540578 0.2068471
0.17137648 0.16655241 0.17210193
0.27491367 0.2644902 0.2562431
0.21451373 0.20834011 0.22218826
0.19640422 0.25277162 0.316102
0.7501141 0.81903 0.9016549
0.18148662 0.25040248 0.33302742
0.35957274 0.3894936 0.42253336
0.1658785 0.16935293 0.17210193
0.10470981 0.10123528 0.098486245
0.10078824 0.09731371 0.09456468
0.10078824 0.09731371 0.09456468
0.10863138 0.10515685 0.10240781
0.11255295 0.10772887 0.113278404
0.11255295 0.10772887 0.113278404
0.11647452 0.11165044 0.11719997
0.13292941 0.13930435 0.17244703
0.6536904 0.6795627 0.73749804
0.7987884 0.8260103 0.87564707
0.7925217 0.81279457 0.85693336
0.62158823 0.600167 0.61131763
0.5683017 0.50788563 0.46945104
0.3055956 0.21583277 0.11671376
0.6663799 0.57931626 0.46359998
0.6938309 0.60676724 0.49105096
0.6977525 0.6106888 0.49497253
0.6938309 0.60676724 0.49105096
0.71343875 0.6263751 0.5106588
0.71343875 0.6263751 0.5106588
0.68990934 0.60284567 0.4871294
0.6703015 0.5845874 0.46057254
0.6938309 0.6081168 0.48410195
0.68990934 0.60419524 0.48018038
0.6977525 0.6120384 0.48802352
0.70167404 0.61595994 0.4919451
0.70325047 0.6092378 0.48802352
0.6875642 0.5949011 0.4653883
0.6836426 0.59097946 0.46146673
0.6718779 0.5792148 0.44970202
0.6891406 0.5895285 0.45451772
0.67345434 0.5738422 0.43883145
0.6538465 0.5542344 0.4192236
0.6420818 0.5424697 0.4074589
0.64442694 0.55311334 0.41530204
0.64600337 0.54639125 0.41138047
0.6577681 0.55815595 0.42314517
0.68521905 0.58560693 0.45059615
0.68521905 0.58560693 0.45059615
0.6930622 0.5947996 0.45149025
0.7048269 0.6052148 0.470204
0.71267 0.6130579 0.47804713
0.7009053 0.6012932 0.46628243
0.69698375 0.59737164 0.46236086
0.6930622 0.59345007 0.4584393
0.67345434 0.5738422 0.43883145
0.66168964 0.5620775 0.42706674
0.64992493 0.5503128 0.41530204
0.6420818 0.5424697 0.4074589
0.64600337 0.54774076 0.40443143
0.6381602 0.5398976 0.3965883
0.64992493 0.5503128 0.41530204
0.66168964 0.5620775 0.42706674
0.6577681 0.55815595 0.42314517
0.66168964 0.5620775 0.42706674
0.6656112 0.5659991 0.4309883
0.6695328 0.56992066 0.43490988
0.6773759 0.5777638 0.44275302
0.6577681 0.55815595 0.42314517
0.65619165 0.5648781 0.42706674
0.6640348 0.57272124 0.43490988
0.6718779 0.5805644 0.44275302
0.6718779 0.5805644 0.44275302
0.65069366 0.56902814 0.4201177
0.6585368 0.5768713 0.42796084
0.66795635 0.5779923 0.4318824
0.66795635 0.5779923 0.4318824
0.66245836 0.58079284 0.4318824
0.37606665 0.3797425 0.4294824
0.37998822 0.38366407 0.43340397
0.3721451 0.3744714 0.43250978
0.358804 0.36807925 0.43161565
0.36272556 0.3720008 0.43553722
0.35096085 0.357537 0.43767062
0.32900783 0.32458642 0.42411762
0.31647453 0.2914072 0.42143533
0.30236465 0.26629975 0.41572547
0.296098 0.25038496 0.41090977
0.296098 0.25038496 0.41090977
0.29059994 0.2531855 0.41090977
0.28667837 0.24926394 0.4069882
0.2827568 0.24534237 0.40306664
0.31570584 0.2699928 0.4305176
0.31570584 0.2699928 0.4305176
0.31570584 0.2699928 0.4305176
0.30628622 0.26887178 0.42659605
0.30470982 0.27559388 0.4305176
0.2968667 0.26640117 0.42962348
0.2811804 0.2507149 0.4139372
0.2811804 0.2507149 0.4139372
0.2811804 0.24936537 0.4208863
0.28902355 0.2572085 0.42872944
0.30078825 0.27032274 0.43354505
0.31805092 0.2806365 0.43836075
0.32747054 0.28580612 0.42143533
0.33062336 0.2818088 0.364949
0.4012507 0.32308924 0.34554508
0.42008978 0.33072948 0.32559213
0.39575267 0.32858887 0.3316471
0.27802745 0.28305283 0.32449415
0.17052971 0.21859848 0.28472945
0.17521997 0.2385363 0.30736473
0.17598864 0.25455254 0.32607841
0.19009846 0.27561143 0.35263526
0.21754944 0.30171287 0.38703534
0.23323572 0.31604958 0.40967062
0.24107885 0.3238927 0.41751376
0.23950244 0.3306148 0.42143533
0.25676513 0.34092855 0.42625102
0.26460826 0.3487717 0.43409416
0.26460826 0.3487717 0.43409416
0.26852983 0.3513437 0.44496474
0.27637297 0.3605364 0.44585887
0.28971416 0.36557895 0.453702
0.27794945 0.3551638 0.4349882
0.2724514 0.35661483 0.4419373
0.2583416 0.33555597 0.41538036
0.24031016 0.31057557 0.38490194
0.20659253 0.26990888 0.3387373
0.18856108 0.24492846 0.30825886
0.19405912 0.24347746 0.30130976
0.18544723 0.21961811 0.27475291
0.19878842 0.22601023 0.27564704
0.20978437 0.22175871 0.26869807
0.23254517 0.2306214 0.26656467
0.26472545 0.24060516 0.268353
0.36672527 0.30920953 0.30116868
0.41928208 0.35751647 0.32738042
0.5667253 0.51730686 0.4594745
0.6216273 0.5749079 0.5004785
0.6294704 0.5841006 0.5013726
0.63731354 0.59194374 0.5092157
0.63731354 0.59194374 0.5092157
0.633392 0.5880222 0.5052942
0.6451567 0.5997869 0.51705885
0.66084296 0.61547315 0.5327451
0.6569214 0.6115516 0.5288236
0.6412351 0.5958653 0.51313734
0.6506546 0.59698635 0.51705885
0.6506546 0.5983359 0.5101098
0.65849775 0.60617906 0.5179529
0.6624193 0.6101006 0.5218745
0.67026246 0.61794376 0.5297176
0.6859487 0.63363004 0.5454039
0.674184 0.62051576 0.54058826
0.3980978 0.3486794 0.29084703
0.6655331 0.63001275 0.5831765
0.72735333 0.81286633 0.8898902
0.6771417 0.772504 0.8854196
0.5320437 0.62605643 0.7472706
0.25995705 0.2900793 0.37010986
0.12900785 0.13673234 0.16157645
0.13450596 0.13393174 0.16157645
0.29129055 0.3602064 0.44283134
0.47794947 0.5538143 0.6419373
0.71324354 0.7891084 0.8772314
0.22308652 0.26555592 0.31789017
0.22939222 0.24676475 0.26050985
0.32274124 0.32621568 0.32896468
0.16745491 0.1639804 0.16123135
0.096866675 0.09339214 0.09064311
0.096866675 0.09339214 0.09064311
0.10078824 0.09731371 0.09456468
0.11255295 0.109078415 0.10632938
0.11255295 0.109078415 0.10632938
0.11255295 0.10772887 0.113278404
0.120396085 0.115572006 0.12112154
0.11332156 0.12104606 0.14589016
0.25761196 0.28348422 0.34141958
0.78310215 0.80897444 0.8669098
0.7909453 0.8168176 0.87475294
0.64823145 0.6463077 0.682251
0.5141684 0.46495125 0.45410985
0.33616045 0.2645455 0.1985177
0.67656815 0.5964535 0.48623535
0.6844113 0.6042966 0.4940785
0.696176 0.6174109 0.4988941
0.70009756 0.62133247 0.50281566
0.7040191 0.62525403 0.50673723
0.7212819 0.6342182 0.51850194
0.70167404 0.61595994 0.4919451
0.7173603 0.6316462 0.50763136
0.7212819 0.6355678 0.51155293
0.6938309 0.6081168 0.48410195
0.66245836 0.57674426 0.4527294
0.6483485 0.55433583 0.43312156
0.65619165 0.56352854 0.43401575
0.6640348 0.5700221 0.44880784
0.6718779 0.5792148 0.44970202
0.6757995 0.5831363 0.4536236
0.67972106 0.58705795 0.45754516
0.7110936 0.6184305 0.4889177
0.70717204 0.61585844 0.47804713
0.6993289 0.6080153 0.470204
0.6993289 0.60666573 0.477153
0.6875642 0.5949011 0.4653883
0.6718779 0.5792148 0.44970202
0.6695328 0.56992066 0.43490988
0.6577681 0.55815595 0.42314517
0.6420818 0.5424697 0.4074589
0.64992493 0.5503128 0.41530204
0.6757995 0.5844859 0.4466746
0.66168964 0.5620775 0.42706674
0.68521905 0.58560693 0.45059615
0.6773759 0.5777638 0.44275302
0.6875642 0.59625065 0.4584393
0.69540733 0.6027442 0.47323143
0.69540733 0.6040938 0.46628243
0.68521905 0.58560693 0.45059615
0.6891406 0.5895285 0.45451772
0.6773759 0.5777638 0.44275302
0.67345434 0.5738422 0.43883145
0.6538465 0.5542344 0.4192236
0.6891406 0.5895285 0.45451772
0.6695328 0.56992066 0.43490988
0.6773759 0.5777638 0.44275302
0.6812975 0.58168536 0.4466746
0.67345434 0.5738422 0.43883145
0.69148576 0.60017216 0.46236086
0.69148576 0.60017216 0.46236086
0.69148576 0.5988226 0.46930987
0.6938309 0.6094663 0.477153
0.6977525 0.61473745 0.47412556
0.6977525 0.61473745 0.47412556
0.70167404 0.618659 0.47804713
0.68990934 0.6082438 0.4593334
0.6859878 0.60297275 0.46236086
0.68990934 0.6068943 0.46628243
0.54077256 0.548497 0.5733412
0.531353 0.54737604 0.5694196
0.5274314 0.54210496 0.57244706
0.5274314 0.5407554 0.5793961
0.5195883 0.5315627 0.578502
0.49998048 0.50925577 0.5727922
0.45057645 0.44750458 0.5387373
0.39021564 0.34720168 0.4911294
0.34630963 0.2839996 0.45012546
0.33454493 0.27088532 0.44530976
0.3267018 0.26304218 0.43746662
0.34004292 0.26673526 0.45225886
0.33219978 0.25889212 0.44441572
0.33219978 0.25889212 0.44441572
0.35180762 0.27849996 0.46402356
0.35180762 0.27849996 0.46402356
0.3557292 0.28242153 0.46794513
0.3502312 0.28522205 0.46794513
0.35257638 0.2958657 0.47578827
0.3313921 0.28297997 0.460102
0.32904696 0.27098677 0.45920783
0.3196274 0.26986572 0.45528626
0.31728226 0.2578725 0.4543922
0.3251254 0.26571563 0.46223533
0.32904696 0.2696372 0.4661569
0.3384665 0.27075824 0.47007847
0.33062336 0.26696375 0.4413882
0.34554094 0.2760806 0.3897177
0.4012507 0.32308924 0.34554508
0.42008978 0.33072948 0.32559213
0.4035958 0.336432 0.33949023
0.28821576 0.3001901 0.34712946
0.19090624 0.25422257 0.323051
0.19009846 0.27561143 0.35263526
0.20420833 0.29667026 0.3791922
0.23400447 0.33341533 0.42143533
0.25203592 0.35839573 0.4519137
0.26380062 0.37016043 0.46367842
0.27556533 0.38192514 0.47544312
0.27556533 0.38192514 0.47544312
0.27556533 0.38192514 0.47544312
0.28340846 0.38976827 0.48328626
0.28340846 0.38976827 0.48328626
0.2794869 0.3858467 0.4793647
0.27556533 0.38327467 0.46849415
0.2810633 0.38047415 0.46849415
0.26929858 0.36870944 0.45672944
0.24969074 0.35045117 0.4301726
0.22616133 0.32692176 0.40664318
0.2198946 0.31235653 0.39487848
0.2097063 0.29521927 0.3722431
0.20186317 0.28737614 0.36439997
0.20109448 0.2713599 0.34568626
0.21601208 0.2710299 0.34265888
0.22308652 0.2628568 0.33178827
0.23016098 0.25738278 0.3070196
0.24273334 0.24640918 0.29614908
0.26864702 0.24452671 0.27227455
0.37299192 0.32377478 0.3129334
0.42947036 0.37870237 0.32916868
0.60986257 0.5617937 0.49566275
0.6177057 0.5723359 0.4896079
0.6216273 0.57625747 0.49352947
0.633392 0.5880222 0.5052942
0.64907825 0.60370845 0.5209805
0.6294704 0.5841006 0.5013726
0.6216273 0.57625747 0.49352947
0.6294704 0.5841006 0.5013726
0.63731354 0.59194374 0.5092157
0.633392 0.5880222 0.5052942
0.6506546 0.5983359 0.5101098
0.67026246 0.61794376 0.5297176
0.674184 0.62186533 0.5336392
0.6663409 0.6140222 0.52579606
0.68202716 0.62970847 0.5414823
0.6781056 0.6271364 0.53061175
0.67026246 0.6165942 0.53666675
0.17533702 0.13846715 0.09992945
0.6348902 0.6466633 0.64661175
0.7453848 0.8351476 0.9342666
0.5791025 0.6744647 0.7873804
0.44423175 0.5104485 0.60967064
0.15880398 0.17212787 0.21076867
0.10705497 0.106480755 0.13412546
0.11724313 0.124967635 0.14981174
0.11878057 0.1516019 0.21503526
0.4207023 0.48961815 0.5722431
0.45369038 0.48361126 0.51665103
0.23804314 0.23456863 0.23181958
0.18706276 0.18358824 0.1808392
0.30078825 0.29731372 0.2945647
0.17137648 0.16790196 0.16515292
0.10628621 0.094513185 0.09456468
0.10078824 0.09731371 0.09456468
0.10470981 0.10123528 0.098486245
0.11255295 0.109078415 0.10632938
0.11647452 0.11165044 0.11719997
0.11255295 0.10772887 0.113278404
0.11255295 0.10772887 0.113278404
0.11489811 0.11567343 0.13501963
0.077219784 0.10309206 0.16102742
0.7893688 0.8221901 0.8856235
0.7893688 0.8235397 0.8786745
0.71409035 0.7343632 0.778502
0.4859097 0.4588891 0.4562431
0.34711742 0.2949999 0.25376475
0.6985212 0.6253554 0.52063537
0.7079407 0.62782604 0.5176079
0.71578383 0.63701874 0.51850194
0.71578383 0.63701874 0.51850194
0.71343875 0.6263751 0.5106588
0.68990934 0.60284567 0.4871294
0.6585368 0.5728227 0.44880784
0.6703015 0.5845874 0.46057254
0.7095172 0.6238031 0.49978822
0.7095172 0.6238031 0.49978822
0.6938309 0.6081168 0.48410195
0.6875642 0.5949011 0.4653883
0.6601132 0.56745005 0.43793732
0.6546152 0.5689011 0.44488627
0.65619165 0.56352854 0.43401575
0.65619165 0.56352854 0.43401575
0.6640348 0.5713717 0.4418589
0.6703015 0.5859369 0.4536236
0.6757995 0.5831363 0.4536236
0.6718779 0.5792148 0.44970202
0.69148576 0.5988226 0.46930987
0.69540733 0.6027442 0.47323143
0.69148576 0.5988226 0.46930987
0.69148576 0.5988226 0.46930987
0.68521905 0.58560693 0.45059615
0.6773759 0.5777638 0.44275302
0.66795635 0.57664275 0.43883145
0.6757995 0.5831363 0.4536236
0.67972106 0.58705795 0.45754516
0.6836426 0.59097946 0.46146673
0.6836426 0.59097946 0.46146673
0.6875642 0.5949011 0.4653883
0.69148576 0.5988226 0.46930987
0.70325047 0.61058736 0.48107457
0.7110936 0.6184305 0.4889177
0.71893674 0.6276232 0.48981184
0.7150152 0.6237016 0.48589027
0.69148576 0.5988226 0.46930987
0.6993289 0.6080153 0.470204
0.71267 0.6130579 0.47804713
0.68521905 0.58560693 0.45059615
0.68521905 0.58560693 0.45059615
0.6891406 0.5895285 0.45451772
0.6891406 0.5895285 0.45451772
0.6718779 0.5805644 0.44275302
0.67972106 0.5884075 0.45059615
0.69148576 0.5988226 0.46930987
0.67422307 0.5898585 0.45754516
0.6977525 0.61473745 0.47412556
0.68990934 0.6068943 0.46628243
0.66245836 0.57944334 0.43883145
0.65069366 0.56767863 0.42706674
0.67972106 0.5884075 0.45059615
0.67422307 0.59120804 0.45059615
0.6019412 0.61931384 0.6330589
0.6058628 0.6232354 0.6369804
0.60036486 0.6260359 0.6369804
0.5925217 0.6168432 0.6360863
0.5729139 0.5958859 0.62342745
0.5454629 0.5670853 0.60292554
0.5094 0.5090272 0.58366275
0.41532147 0.3667081 0.49683926
0.3557292 0.28512064 0.45404702
0.33219978 0.26024166 0.43746662
0.34161937 0.26136264 0.4413882
0.34554094 0.2652842 0.44530976
0.34554094 0.26393467 0.45225886
0.34161937 0.2600131 0.4483373
0.35338408 0.2717778 0.460102
0.3612272 0.27962095 0.46794513
0.36514878 0.2835425 0.4718667
0.35965076 0.2863431 0.4718667
0.35807434 0.2930652 0.47578827
0.3486548 0.29194415 0.4718667
0.34707838 0.30001578 0.46883917
0.3219725 0.2832085 0.44923133
0.31570584 0.2672937 0.44441572
0.3384665 0.27075824 0.47007847
0.34788606 0.2718793 0.47400004
0.3439645 0.26660818 0.47702742
0.35338408 0.2717778 0.460102
0.35496056 0.27450252 0.40753722
0.40517226 0.32566127 0.35641566
0.4302781 0.34786674 0.3482275
0.4035958 0.336432 0.33949023
0.30624717 0.3251705 0.37760782
0.22931415 0.3148271 0.39185095
0.23242806 0.341487 0.4184079
0.26222414 0.3782321 0.460651
0.29202026 0.41632676 0.49594513
0.3218164 0.4544214 0.5312393
0.33358112 0.4661861 0.543004
0.34300065 0.46730715 0.54692554
0.33907908 0.46338558 0.543004
0.32965955 0.46226454 0.5390824
0.32573798 0.45834297 0.53516084
0.3163183 0.45722198 0.5312393
0.3100517 0.4426567 0.51947457
0.298287 0.430892 0.50770986
0.2998634 0.4241699 0.5037883
0.2880987 0.4124052 0.49202356
0.28025556 0.40456206 0.48418042
0.26849085 0.39279735 0.47241572
0.27241242 0.39671892 0.47633728
0.27241242 0.39671892 0.47633728
0.26456928 0.38887578 0.46849415
0.2661457 0.38215366 0.46457258
0.26929858 0.370059 0.44978043
0.26460826 0.35012123 0.42714506
0.27091402 0.32593188 0.39756083
0.26153353 0.28875533 0.33839214
0.28510198 0.27622926 0.30667448
0.37299192 0.32512435 0.3059843
0.6177057 0.5696368 0.5035059
0.62554884 0.57882947 0.5044001
0.62554884 0.58017904 0.49745104
0.633392 0.5880222 0.5052942
0.63496834 0.5813001 0.5013726
0.6428115 0.5891432 0.5092157
0.6412351 0.5958653 0.51313734
0.6545762 0.6009079 0.5209805
0.64907825 0.60370845 0.5209805
0.6412351 0.5958653 0.51313734
0.6529998 0.6089796 0.5179529
0.6663409 0.6140222 0.52579606
0.67026246 0.61794376 0.5297176
0.68202716 0.62970847 0.5414823
0.6898703 0.6389011 0.54237646
0.6859487 0.63497955 0.5384549
0.674184 0.62321484 0.5266902
0.674184 0.62051576 0.54058826
0.11336067 0.08903916 0.069796115
0.6999415 0.7493598 0.80719215
0.6944044 0.7814681 0.8971843
0.45757294 0.51549107 0.6175138
0.39878842 0.42466068 0.48259604
0.11881968 0.11824546 0.14589016
0.08979215 0.09751665 0.12236075
0.10547842 0.111853376 0.14499605
0.09525116 0.12942204 0.18455684
0.7125139 0.7410853 0.78242356
0.22393328 0.21216026 0.21221174
0.16353334 0.16005883 0.15730979
0.1321608 0.12868628 0.12593724
0.24746269 0.23703921 0.22879213
0.15726662 0.14684314 0.13859606
0.11020778 0.09843475 0.098486245
0.10470981 0.10123528 0.098486245
0.10863138 0.10515685 0.10240781
0.11255295 0.109078415 0.10632938
0.11647452 0.11165044 0.11719997
0.11647452 0.11299998 0.11025095
0.11647452 0.11165044 0.11719997
0.11489811 0.11702298 0.12807062
0.11643548 0.14230776 0.20024312
0.8074002 0.84852004 0.9091529
0.79171395 0.83283377 0.89346665
0.7674159 0.7932882 0.8512235
0.50236464 0.4878925 0.5045412
0.34238806 0.3124672 0.27942744
0.64361924 0.56910396 0.47268242
0.6726466 0.5925319 0.48231378
0.696176 0.61606133 0.50584316
0.7040191 0.62525403 0.50673723
0.72754854 0.64878345 0.53026664
0.72520345 0.6381398 0.5224235
0.6859878 0.60027367 0.4762588
0.68990934 0.60419524 0.48018038
0.68990934 0.60419524 0.48018038
0.6820662 0.5963521 0.47233725
0.70167404 0.61595994 0.4919451
0.6938309 0.6094663 0.477153
0.70167404 0.61730945 0.48499614
0.6977525 0.6120384 0.48802352
0.6820662 0.5963521 0.47233725
0.6820662 0.5963521 0.47233725
0.67814463 0.59378004 0.46146673
0.6703015 0.5859369 0.4536236
0.6820662 0.5977016 0.4653883
0.6820662 0.5977016 0.4653883
0.6977525 0.6133879 0.48107457
0.70167404 0.61730945 0.48499614
0.7095172 0.6251526 0.49283928
0.71893674 0.62627363 0.49676085
0.70717204 0.61450887 0.48499614
0.69148576 0.60017216 0.46236086
0.70325047 0.61058736 0.48107457
0.70325047 0.61058736 0.48107457
0.68990934 0.60554475 0.47323143
0.7055956 0.621231 0.4889177
0.7055956 0.621231 0.4889177
0.70325047 0.61058736 0.48107457
0.70325047 0.6119369 0.47412556
0.69148576 0.60017216 0.46236086
0.69148576 0.60017216 0.46236086
0.67972106 0.5884075 0.45059615
0.6718779 0.5805644 0.44275302
0.6718779 0.5805644 0.44275302
0.65619165 0.5648781 0.42706674
0.64600337 0.54639125 0.41138047
0.66168964 0.5620775 0.42706674
0.66168964 0.5620775 0.42706674
0.66168964 0.56342703 0.4201177
0.66168964 0.5620775 0.42706674
0.6577681 0.55815595 0.42314517
0.6483485 0.55703497 0.4192236
0.64442694 0.55311334 0.41530204
0.6365838 0.5452702 0.4074589
0.6365838 0.5452702 0.4074589
0.6428505 0.5598355 0.4192236
0.62874067 0.53742707 0.39961576
0.61697596 0.5270119 0.38090202
0.62874067 0.53877664 0.39266673
0.63266224 0.54269814 0.3965883
0.608208 0.63387907 0.64482355
0.61212957 0.63780063 0.6487452
0.61605114 0.6417222 0.6526667
0.60428643 0.6286079 0.647851
0.5729139 0.5972354 0.61647844
0.53761977 0.56059176 0.58813334
0.4976353 0.49861208 0.56494904
0.41924304 0.37062967 0.5007608
0.35730565 0.27974802 0.44317645
0.33377624 0.25486907 0.42659605
0.3376978 0.25744107 0.43746662
0.34554094 0.2652842 0.44530976
0.3494625 0.26785624 0.45618042
0.34161937 0.2600131 0.4483373
0.3612272 0.27962095 0.46794513
0.3612272 0.28097048 0.46099603
0.36514878 0.2835425 0.4718667
0.35965076 0.2863431 0.4718667
0.35965076 0.2863431 0.4718667
0.34707838 0.30001578 0.46883917
0.3313921 0.28567907 0.4462039
0.29844308 0.26102865 0.4187529
0.30001956 0.25295696 0.42178035
0.33062336 0.2629151 0.46223533
0.34788606 0.2718793 0.47400004
0.3439645 0.26660818 0.47702742
0.35338408 0.2717778 0.460102
0.35888213 0.27842408 0.4114588
0.4028271 0.3150176 0.34857252
0.42793292 0.33722305 0.34038436
0.4035958 0.336432 0.33949023
0.3164355 0.34365728 0.3932941
0.24576917 0.34787914 0.41930193
0.276334 0.40199006 0.47330984
0.33123595 0.45554245 0.53516084
0.3610321 0.49363708 0.57045496
0.3845615 0.5171665 0.59398437
0.39240465 0.52500963 0.6018275
0.39240465 0.5263592 0.59487844
0.3963262 0.5289312 0.6057491
0.38690653 0.5278102 0.6018275
0.3790634 0.5199671 0.59398437
0.3790634 0.5199671 0.59398437
0.37514183 0.5160455 0.5900628
0.37122026 0.51212394 0.5861412
0.3790634 0.5199671 0.59398437
0.37671837 0.50932336 0.5861412
0.37671837 0.50932336 0.5861412
0.35945556 0.50035924 0.5743765
0.35945556 0.50035924 0.5743765
0.355534 0.49643767 0.57045496
0.35161242 0.4925161 0.5665334
0.34376928 0.48467296 0.55869025
0.3492674 0.48322195 0.5517412
0.34457707 0.4619346 0.5360549
0.33911806 0.42463103 0.50165486
0.30543947 0.34655932 0.40719214
0.30155686 0.3079318 0.3410745
0.51808995 0.47562057 0.42328632
0.6177057 0.57098633 0.49655694
0.61378413 0.56841433 0.48568633
0.633392 0.5880222 0.5052942
0.633392 0.5880222 0.5052942
0.63496834 0.5813001 0.5013726
0.63496834 0.5813001 0.5013726
0.6310468 0.5787281 0.49050197
0.63496834 0.58264965 0.49442354
0.64907825 0.605058 0.51403135
0.6529998 0.6089796 0.5179529
0.6569214 0.6115516 0.5288236
0.6765292 0.632509 0.5414823
0.674184 0.62186533 0.5336392
0.6624193 0.6101006 0.5218745
0.65849775 0.60752857 0.5110039
0.6679174 0.60730004 0.5218745
0.6757605 0.6151432 0.5297176
0.68202716 0.6283589 0.5484314
0.24903916 0.23031707 0.22487056
0.73365915 0.788677 0.8603059
0.6238162 0.70953035 0.8335451
0.24738462 0.29970336 0.38792938
0.111745164 0.12641862 0.15676075
0.093713716 0.10143822 0.12628232
0.08587058 0.092245534 0.1253882
0.0905609 0.1121833 0.14802356
0.0521139 0.087634325 0.13447055
0.5250863 0.5341603 0.5507059
0.17529805 0.17182353 0.16907449
0.12431765 0.119493574 0.12504311
0.10470981 0.10123528 0.098486245
0.14158034 0.13115686 0.122909784
0.14942348 0.139 0.13075292
0.10470981 0.10258483 0.09153723
0.10863138 0.10515685 0.10240781
0.11255295 0.10772887 0.113278404
0.11255295 0.109078415 0.10632938
0.10863138 0.10515685 0.10240781
0.11255295 0.10772887 0.113278404
0.11647452 0.11165044 0.11719997
0.11489811 0.11702298 0.12807062
0.11566673 0.12764108 0.17458043
0.80347866 0.8432489 0.9121804
0.7995571 0.8406769 0.9013098
0.79721195 0.83003324 0.89346665
0.5580354 0.55611163 0.5920549
0.37452936 0.3571568 0.3434118
0.6679174 0.60730004 0.5218745
0.7079407 0.62782604 0.5176079
0.70009756 0.6199829 0.5097648
0.7040191 0.62525403 0.50673723
0.7197054 0.6409403 0.5224235
0.71186227 0.6330972 0.51458037
0.71343875 0.62772465 0.5037098
0.7079407 0.6305252 0.5037098
0.70009756 0.62268203 0.49586666
0.71343875 0.62907416 0.49676085
0.71343875 0.62772465 0.5037098
0.7095172 0.6251526 0.49283928
0.71343875 0.62907416 0.49676085
0.7095172 0.6238031 0.49978822
0.70167404 0.61595994 0.4919451
0.6938309 0.6094663 0.477153
0.6820662 0.5977016 0.4653883
0.6938309 0.6094663 0.477153
0.7055956 0.621231 0.4889177
0.70167404 0.61730945 0.48499614
0.6993289 0.60666573 0.477153
0.70325047 0.61058736 0.48107457
0.6993289 0.60666573 0.477153
0.70717204 0.61450887 0.48499614
0.70325047 0.61058736 0.48107457
0.6718779 0.5805644 0.44275302
0.6757995 0.5844859 0.4466746
0.6836426 0.59097946 0.46146673
0.67814463 0.59378004 0.46146673
0.6757995 0.5844859 0.4466746
0.6718779 0.5805644 0.44275302
0.67972106 0.5884075 0.45059615
0.69148576 0.60017216 0.46236086
0.6875642 0.59625065 0.4584393
0.6836426 0.592329 0.45451772
0.6757995 0.5844859 0.4466746
0.6601132 0.5687996 0.4309883
0.6483485 0.55703497 0.4192236
0.6365838 0.54392064 0.4144079
0.6303171 0.5293554 0.4026432
0.6303171 0.530705 0.3956942
0.6263955 0.5281329 0.3848236
0.64600337 0.54774076 0.40443143
0.66168964 0.5620775 0.42706674
0.6640348 0.57272124 0.43490988
0.6875642 0.59625065 0.4584393
0.69540733 0.6040938 0.46628243
0.70325047 0.6119369 0.47412556
0.7110936 0.61978006 0.4819687
0.70717204 0.61585844 0.47804713
0.70717204 0.61585844 0.47804713
0.70325047 0.6132864 0.46717653
0.6875642 0.5976001 0.45149025
0.67972106 0.58975697 0.44364712
0.6019412 0.61931384 0.6330589
0.60978436 0.627157 0.64090204
0.61370593 0.63107854 0.64482355
0.5964433 0.62211436 0.6330589
0.5729139 0.5972354 0.61647844
0.5431177 0.55779123 0.58813334
0.5031334 0.49581146 0.56494904
0.41532147 0.36805764 0.48989016
0.34788606 0.27862704 0.43925488
0.33377624 0.25486907 0.42659605
0.3376978 0.25879064 0.4305176
0.34554094 0.2652842 0.44530976
0.3376978 0.25744107 0.43746662
0.33377624 0.2535195 0.43354505
0.3612272 0.28097048 0.46099603
0.36514878 0.28489205 0.4649176
0.3612272 0.28097048 0.46099603
0.3557292 0.28242153 0.46794513
0.35965076 0.28769264 0.4649176
0.35257638 0.29856482 0.46189016
0.3219725 0.28455806 0.44228232
0.29844308 0.26102865 0.4187529
0.31178427 0.26472166 0.43354505
0.33454493 0.26818624 0.45920783
0.3439645 0.26795772 0.47007847
0.3439645 0.26795772 0.47007847
0.3494625 0.26920578 0.44923133
0.351039 0.27058095 0.40361565
0.40674868 0.31893918 0.3524941
0.4161682 0.32545835 0.32861966
0.4035958 0.336432 0.33949023
0.3266237 0.36214414 0.40898037
0.28733003 0.3977385 0.46636075
0.32573798 0.45969254 0.5282118
0.3727968 0.50675136 0.5752706
0.41201252 0.5446175 0.62143534
0.43162036 0.5655749 0.6340942
0.4394635 0.573418 0.6419373
0.4512282 0.5851827 0.653702
0.44965166 0.59190494 0.6576236
0.44965166 0.59190494 0.6576236
0.44965166 0.59055537 0.6645726
0.44965166 0.59190494 0.6576236
0.44965166 0.59055537 0.6645726
0.45357323 0.59447694 0.66849416
0.44965166 0.59055537 0.6645726
0.4574948 0.5983985 0.67241573
0.44965166 0.59055537 0.6645726
0.43631053 0.58551276 0.65672946
0.4284674 0.5776696 0.6488863
0.41278112 0.56198335 0.63320005
0.4065144 0.5474181 0.62143534
0.41435754 0.55526125 0.6292785
0.41435754 0.55526125 0.6292785
0.4002478 0.53420234 0.60272163
0.38694564 0.4890556 0.5604784
0.3611101 0.4174775 0.48080787
0.34000394 0.3365294 0.33378038
0.6200508 0.578931 0.51829803
0.6294704 0.58275104 0.50832164
0.61378413 0.56841433 0.48568633
0.6216273 0.57625747 0.49352947
0.6294704 0.5841006 0.5013726
0.6412351 0.5958653 0.51313734
0.64673305 0.5930648 0.51313734
0.64673305 0.59441435 0.5061882
0.6388899 0.5865712 0.4983451
0.63496834 0.58264965 0.49442354
0.63496834 0.58264965 0.49442354
0.6310468 0.5773785 0.49745104
0.6545762 0.6009079 0.5209805
0.6624193 0.6101006 0.5218745
0.6624193 0.6101006 0.5218745
0.6624193 0.6101006 0.5218745
0.65849775 0.60617906 0.5179529
0.6624193 0.6101006 0.5218745
0.66084296 0.6127741 0.54664314
0.28041172 0.2603401 0.26319215
0.51012975 0.5651476 0.6367765
0.48890644 0.58156955 0.7110824
0.22696906 0.30013478 0.4048549
0.096058875 0.10938277 0.14802356
0.0913687 0.09214402 0.11149023
0.08429417 0.09896763 0.12930977
0.10624719 0.12652004 0.17065886
0.103094295 0.13861473 0.18545096
0.16430196 0.173376 0.1899216
0.12823923 0.1247647 0.12201566
0.096866675 0.09339214 0.09064311
0.09452151 0.08274848 0.08279997
0.12589405 0.11547058 0.1072235
0.14550191 0.13507843 0.12683135
0.10863138 0.1065064 0.0954588
0.10470981 0.10123528 0.098486245
0.10863138 0.1038073 0.109356835
0.11255295 0.10772887 0.113278404
0.10863138 0.1038073 0.109356835
0.11647452 0.11165044 0.11719997
0.11647452 0.11165044 0.11719997
0.11881968 0.120944545 0.13199219
0.1195883 0.13291219 0.17155299
0.74700034 0.79506904 0.86120003
0.7979807 0.8460494 0.9121804
0.7956355 0.83675534 0.8973882
0.6654551 0.69402647 0.73536474
0.35961178 0.35613725 0.35338822
0.6020194 0.5566496 0.47392163
0.7102859 0.6371201 0.5324001
0.71812904 0.64631283 0.5332942
0.71578383 0.6356692 0.52545106
0.723627 0.6448619 0.5263451
0.71186227 0.6330972 0.51458037
0.7095172 0.6238031 0.49978822
0.6977525 0.6120384 0.48802352
0.70167404 0.61730945 0.48499614
0.7055956 0.621231 0.4889177
0.7055956 0.621231 0.4889177
0.6977525 0.6120384 0.48802352
0.70167404 0.61730945 0.48499614
0.7095172 0.6251526 0.49283928
0.7055956 0.621231 0.4889177
0.70167404 0.61730945 0.48499614
0.70325047 0.61058736 0.48107457
0.6718779 0.5792148 0.44970202
0.6703015 0.5859369 0.4536236
0.67972106 0.5884075 0.45059615
0.6757995 0.5844859 0.4466746
0.6875642 0.59625065 0.4584393
0.69148576 0.60017216 0.46236086
0.69540733 0.6040938 0.46628243
0.6836426 0.592329 0.45451772
0.6718779 0.5805644 0.44275302
0.6757995 0.5844859 0.4466746
0.6836426 0.592329 0.45451772
0.67972106 0.5884075 0.45059615
0.6757995 0.5844859 0.4466746
0.69148576 0.5988226 0.46930987
0.69540733 0.6027442 0.47323143
0.6875642 0.5949011 0.4653883
0.6875642 0.59625065 0.4584393
0.70717204 0.61450887 0.48499614
0.72520345 0.64083886 0.50852555
0.72520345 0.64083886 0.50852555
0.71893674 0.62627363 0.49676085
0.7110936 0.6184305 0.4889177
0.69540733 0.6027442 0.47323143
0.6930622 0.59345007 0.4584393
0.6891406 0.5895285 0.45451772
0.6773759 0.5791133 0.43580398
0.6773759 0.5791133 0.43580398
0.6718779 0.5805644 0.44275302
0.6640348 0.57272124 0.43490988
0.6640348 0.57272124 0.43490988
0.66795635 0.57664275 0.43883145
0.6601132 0.5687996 0.4309883
0.65619165 0.56622756 0.4201177
0.6522701 0.56230605 0.41619614
0.6483485 0.5583844 0.41227457
0.65619165 0.56622756 0.4201177
0.6640348 0.5740707 0.42796084
0.56430197 0.573376 0.5899216
0.56822354 0.57729757 0.5938432
0.5721451 0.57986957 0.60471374
0.5721451 0.57986957 0.60471374
0.56430197 0.5706769 0.6038196
0.536851 0.54322594 0.57636863
0.4929451 0.47867417 0.5423137
0.39805877 0.36044303 0.47117645
0.34004292 0.27348298 0.41751376
0.3282782 0.26036873 0.41269803
0.3259331 0.24837549 0.4118039
0.3259331 0.24702595 0.4187529
0.32985467 0.2509475 0.42267448
0.32201153 0.24310438 0.41483134
0.34554094 0.26663378 0.43836075
0.35338408 0.27447692 0.4462039
0.3439645 0.27335593 0.44228232
0.34004292 0.2680848 0.44530976
0.34238806 0.27872846 0.4531529
0.34081167 0.28680012 0.45012546
0.32354897 0.27783594 0.43836075
0.31570584 0.26864323 0.43746662
0.3078627 0.25945055 0.43657258
0.31728226 0.25922206 0.44744313
0.3267018 0.2603431 0.4513647
0.33454493 0.26818624 0.45920783
0.33612135 0.26416323 0.4413882
0.3376978 0.26823747 0.38187456
0.39498398 0.308524 0.33378038
0.42401135 0.33330148 0.3364628
0.4130154 0.3362035 0.35036075
0.3383884 0.3725593 0.42769408
0.30693787 0.41734633 0.4859686
0.34534582 0.47930038 0.5478196
0.4002478 0.53420234 0.60272163
0.43162036 0.5655749 0.6340942
0.4629929 0.59694743 0.6654667
0.4747576 0.60871214 0.67723143
0.4810242 0.6232775 0.68899614
0.48494577 0.62719905 0.6929177
0.4810242 0.6232775 0.68899614
0.48886734 0.6311206 0.6968393
0.48494577 0.62719905 0.6929177
0.48336935 0.63392115 0.6968393
0.47944778 0.6299996 0.6929177
0.47944778 0.62865 0.6998667
0.4755262 0.62472844 0.69594514
0.46768308 0.6168853 0.688102
0.47160465 0.6208069 0.6920236
0.45983994 0.60904217 0.68025887
0.4402321 0.5880848 0.6676
0.41278112 0.56198335 0.63320005
0.41278112 0.56198335 0.63320005
0.43788695 0.57879066 0.6528079
0.43554193 0.56949645 0.63801575
0.4143966 0.51650655 0.58792937
0.37994927 0.4237682 0.4678039
0.5776822 0.5518099 0.49387458
0.63573706 0.5959668 0.5270353
0.6412351 0.59451574 0.52008635
0.6216273 0.57625747 0.49352947
0.62554884 0.58017904 0.49745104
0.64673305 0.5930648 0.51313734
0.64673305 0.5930648 0.51313734
0.6388899 0.58522165 0.5052942
0.6545762 0.6009079 0.5209805
0.65849775 0.6048295 0.524902
0.67026246 0.6165942 0.53666675
0.67026246 0.6165942 0.53666675
0.67026246 0.6165942 0.53666675
0.674184 0.62051576 0.54058826
0.6859487 0.63228047 0.552353
0.6898703 0.6375516 0.54932547
0.6859487 0.63363004 0.5454039
0.67026246 0.6165942 0.53666675
0.55807436 0.5281534 0.49511373
0.19098432 0.18616025 0.19170977
0.13608237 0.1312583 0.13680781
0.08744713 0.089572 0.10061964
0.10705497 0.106480755 0.13412546
0.12900785 0.13673234 0.16157645
0.12274125 0.12486612 0.13591376
0.12274125 0.12486612 0.13591376
0.11881968 0.119595 0.1389412
0.11881968 0.120944545 0.13199219
0.11489811 0.11837254 0.12112154
0.10470981 0.10123528 0.098486245
0.102364644 0.09194117 0.08369409
0.10628621 0.09586274 0.08761566
0.1313921 0.11401955 0.10027454
0.16276465 0.1453921 0.1316471
0.27491367 0.2644902 0.2562431
0.17921962 0.17709464 0.16604704
0.1321608 0.12868628 0.12593724
0.11255295 0.10772887 0.113278404
0.099211834 0.10268626 0.10543527
0.11097654 0.11445097 0.11719997
0.11097654 0.11445097 0.11719997
0.11647452 0.11165044 0.11719997
0.11097654 0.11445097 0.11719997
0.12508628 0.13281077 0.15765488
0.3524983 0.39226857 0.46120003
0.79405916 0.84212786 0.90825886
0.7901376 0.8382063 0.9043373
0.75249827 0.79496765 0.84730196
0.36272556 0.38144764 0.38689417
0.55807436 0.53220206 0.47426674
0.71263105 0.6477638 0.5402432
0.71812904 0.64631283 0.5332942
0.7259722 0.65415597 0.54113734
0.7314701 0.652705 0.5341882
0.72754854 0.650133 0.52331764
0.7212819 0.6355678 0.51155293
0.6977525 0.6133879 0.48107457
0.6977525 0.6133879 0.48107457
0.7055956 0.621231 0.4889177
0.6938309 0.6094663 0.477153
0.6938309 0.6094663 0.477153
0.67814463 0.59378004 0.46146673
0.6875642 0.5949011 0.4653883
0.69148576 0.5988226 0.46930987
0.69148576 0.5988226 0.46930987
0.6757995 0.5831363 0.4536236
0.6718779 0.5792148 0.44970202
0.67972106 0.58705795 0.45754516
0.67972106 0.5884075 0.45059615
0.69148576 0.60017216 0.46236086
0.6875642 0.59625065 0.4584393
0.69148576 0.5988226 0.46930987
0.7110936 0.61978006 0.4819687
0.71893674 0.6276232 0.48981184
0.7110936 0.61978006 0.4819687
0.6836426 0.592329 0.45451772
0.6757995 0.5844859 0.4466746
0.6640348 0.57272124 0.43490988
0.6601132 0.5687996 0.4309883
0.6522701 0.5596069 0.43009418
0.6718779 0.5792148 0.44970202
0.6640348 0.5713717 0.4418589
0.6601132 0.56745005 0.43793732
0.66795635 0.5752932 0.44578046
0.6663799 0.58201534 0.44970202
0.67814463 0.59378004 0.46146673
0.6718779 0.5792148 0.44970202
0.66795635 0.5752932 0.44578046
0.6640348 0.57272124 0.43490988
0.68521905 0.58560693 0.45059615
0.67345434 0.5738422 0.43883145
0.6577681 0.55950546 0.41619614
0.6695328 0.56992066 0.43490988
0.66795635 0.57664275 0.43883145
0.6656112 0.5659991 0.4309883
0.6601132 0.5701492 0.42403927
0.66795635 0.5779923 0.4318824
0.66795635 0.5779923 0.4318824
0.6601132 0.5701492 0.42403927
0.6522701 0.56230605 0.41619614
0.6601132 0.5701492 0.42403927
0.6538465 0.5555839 0.41227457
0.6420818 0.5438192 0.40050986
0.42704704 0.433422 0.4665647
0.4466549 0.45302984 0.48617253
0.45449802 0.46087298 0.49401566
0.45057645 0.4569514 0.4900941
0.4466549 0.45302984 0.48617253
0.4403883 0.43711495 0.4813569
0.3949059 0.3819845 0.43732554
0.32981563 0.30319756 0.39453337
0.30001956 0.26375335 0.3661883
0.28825486 0.2506391 0.36137253
0.28983128 0.24121791 0.37134907
0.2859097 0.23594677 0.3743765
0.28983128 0.23986834 0.37829807
0.28198814 0.23067568 0.37740391
0.30551755 0.25420508 0.40093333
0.30551755 0.25555462 0.39398435
0.296098 0.25308403 0.39701176
0.30394113 0.26092717 0.4048549
0.30394113 0.26092717 0.4048549
0.2945215 0.25845662 0.40788233
0.2945215 0.25845662 0.40788233
0.28902355 0.2599076 0.41483134
0.27725884 0.2481429 0.40306664
0.27333727 0.24287179 0.40609407
0.2827568 0.24534237 0.40306664
0.2811804 0.25206447 0.4069882
0.29217643 0.24916247 0.3930902
0.31259194 0.25412932 0.34836861
0.38321927 0.2967593 0.32201567
0.4161682 0.32680792 0.32167056
0.4153605 0.34684718 0.3582039
0.34230998 0.37648088 0.43161565
0.3053614 0.42406845 0.48989016
0.35318896 0.48714352 0.55566275
0.40416938 0.5381239 0.6066432
0.44338506 0.5773396 0.6458589
0.46141636 0.60366964 0.6693883
0.47318107 0.61543435 0.681153
0.48886734 0.6311206 0.6968393
0.4927889 0.6350422 0.70076084
0.4927889 0.6350422 0.70076084
0.48886734 0.6311206 0.6968393
0.49671048 0.63896376 0.7046824
0.48729092 0.63649315 0.70770985
0.48729092 0.63649315 0.70770985
0.48336935 0.6325716 0.7037883
0.4778714 0.6353721 0.7037883
0.47944778 0.62865 0.6998667
0.46768308 0.6168853 0.688102
0.4637615 0.61296374 0.68418044
0.44415367 0.5920064 0.67152154
0.41120473 0.56735593 0.64407057
0.40493798 0.55279064 0.63230586
0.4457301 0.5852843 0.6676
0.4394635 0.57206845 0.6488863
0.41831818 0.52312726 0.577953
0.41528234 0.4270555 0.4270039
0.6161292 0.576359 0.50742745
0.62554884 0.57882947 0.5044001
0.63731354 0.5905942 0.5161648
0.62554884 0.58017904 0.49745104
0.633392 0.5880222 0.5052942
0.6506546 0.59698635 0.51705885
0.6388899 0.58522165 0.5052942
0.6428115 0.5891432 0.5092157
0.63496834 0.58264965 0.49442354
0.64673305 0.59441435 0.5061882
0.6506546 0.59698635 0.51705885
0.64673305 0.5930648 0.51313734
0.6545762 0.6009079 0.5209805
0.6663409 0.6126726 0.5327451
0.6781056 0.62443733 0.5445099
0.67026246 0.61794376 0.5297176
0.6663409 0.6140222 0.52579606
0.65849775 0.6048295 0.524902
0.10628621 0.09586274 0.08761566
0.14000393 0.13517986 0.14072938
0.13765877 0.1272353 0.118988216
0.08667837 0.0762549 0.06800782
0.09059994 0.080176465 0.07192939
0.11020778 0.09978431 0.09153723
0.096866675 0.09339214 0.09064311
0.0811804 0.07635632 0.08190586
0.07725883 0.07243475 0.07798429
0.07725883 0.07243475 0.07798429
0.096866675 0.09339214 0.09064311
0.38706276 0.38358822 0.3808392
0.096866675 0.094741695 0.08369409
0.102364644 0.09194117 0.08369409
0.12747054 0.11009798 0.09635297
0.15492152 0.13754897 0.12380396
0.15099995 0.1336274 0.11988239
0.120396085 0.118271105 0.1072235
0.12431765 0.12084312 0.11809409
0.11489811 0.11837254 0.12112154
0.13450596 0.13798039 0.14072938
0.29529026 0.29741514 0.3084628
0.11489811 0.11702298 0.12807062
0.11097654 0.11310141 0.12414905
0.11489811 0.11837254 0.12112154
0.12274125 0.123516575 0.14286278
0.081910044 0.121680304 0.1906118
0.7924827 0.84885 0.9121804
0.79405916 0.84212786 0.90825886
0.7901376 0.83955586 0.8973882
0.3634943 0.39476475 0.41950586
0.5274706 0.5141466 0.4755059
0.7087095 0.6424927 0.54327065
0.71812904 0.64631283 0.5332942
0.7220506 0.65158397 0.53026664
0.7197054 0.6409403 0.5224235
0.7040191 0.6266036 0.49978822
0.6977525 0.6120384 0.48802352
0.67814463 0.59378004 0.46146673
0.67814463 0.59378004 0.46146673
0.67814463 0.59378004 0.46146673
0.6820662 0.5977016 0.4653883
0.6859878 0.6016232 0.46930987
0.6820662 0.5977016 0.4653883
0.69148576 0.5988226 0.46930987
0.6875642 0.59625065 0.4584393
0.69148576 0.60017216 0.46236086
0.69540733 0.6040938 0.46628243
0.6757995 0.5844859 0.4466746
0.65619165 0.5648781 0.42706674
0.6420818 0.5424697 0.4074589
0.64992493 0.5503128 0.41530204
0.6538465 0.5542344 0.4192236
0.6640348 0.57272124 0.43490988
0.66795635 0.57664275 0.43883145
0.6640348 0.57272124 0.43490988
0.6640348 0.57272124 0.43490988
0.6718779 0.5805644 0.44275302
0.6875642 0.59625065 0.4584393
0.69148576 0.60017216 0.46236086
0.69540733 0.6040938 0.46628243
0.70325047 0.61058736 0.48107457
0.70325047 0.61058736 0.48107457
0.6993289 0.60666573 0.477153
0.70325047 0.61058736 0.48107457
0.69540733 0.6027442 0.47323143
0.68990934 0.60554475 0.47323143
0.7055956 0.621231 0.4889177
0.70325047 0.61058736 0.48107457
0.67972106 0.5884075 0.45059615
0.6891406 0.5895285 0.45451772
0.68521905 0.58560693 0.45059615
0.6773759 0.5791133 0.43580398
0.6773759 0.5791133 0.43580398
0.6812975 0.5830349 0.43972555
0.68521905 0.58560693 0.45059615
0.6836426 0.5936786 0.44756868
0.6718779 0.5819138 0.43580398
0.6757995 0.58583546 0.43972555
0.66795635 0.5779923 0.4318824
0.6656112 0.5673486 0.42403927
0.6695328 0.57127017 0.42796084
0.67345434 0.57519174 0.4318824
0.6656112 0.5673486 0.42403927
0.6695328 0.57127017 0.42796084
0.2552668 0.27823874 0.30578038
0.26310992 0.28608188 0.31362352
0.27252948 0.28720292 0.3175451
0.28037262 0.29504606 0.32538822
0.2976353 0.30670932 0.32325494
0.29921183 0.29998714 0.31933337
0.30470982 0.29853618 0.31238437
0.28902355 0.28150034 0.3036471
0.2639177 0.2633435 0.2909882
0.2639177 0.26199394 0.29793724
0.24823146 0.24225904 0.30309802
0.22939222 0.23731792 0.3091529
0.22389424 0.23876889 0.316102
0.21762751 0.22285411 0.3112863
0.23723537 0.24246196 0.33089417
0.23723537 0.24246196 0.33089417
0.23723537 0.24111243 0.33784312
0.22939222 0.23326927 0.32999998
0.22231783 0.24279189 0.33392155
0.2278158 0.23864183 0.34087056
0.2144747 0.23359922 0.33302742
0.20505507 0.23382775 0.32215685
0.2011335 0.22720708 0.33213335
0.20270999 0.22048494 0.32821178
0.20663156 0.22575608 0.3251843
0.20897664 0.23505022 0.3399765
0.22389424 0.2360698 0.32999998
0.27256858 0.24170056 0.31094116
0.36595657 0.28914467 0.30330193
0.41224664 0.32288635 0.317749
0.40751737 0.34035358 0.3434118
0.34623155 0.38040245 0.43553722
0.31870258 0.42911103 0.4977333
0.35711053 0.48971552 0.5665334
0.39867127 0.539575 0.6135922
0.43396538 0.5748691 0.6488863
0.46141636 0.60097057 0.68328625
0.47710264 0.61800635 0.6920236
0.48494577 0.6258495 0.6998667
0.48336935 0.6325716 0.7037883
0.48729092 0.63649315 0.70770985
0.48729092 0.63649315 0.70770985
0.4912125 0.6404147 0.7116314
0.48179296 0.63794416 0.7146588
0.4778714 0.6340226 0.7107372
0.47394982 0.630101 0.70681566
0.47394982 0.630101 0.70681566
0.47002825 0.62617946 0.7028941
0.4621851 0.6183363 0.69505095
0.44649884 0.60265005 0.6793647
0.43473414 0.59088534 0.6676
0.41120473 0.56735593 0.64407057
0.41120473 0.56735593 0.64407057
0.43238896 0.5802417 0.65975684
0.43162036 0.5642253 0.6410432
0.40812987 0.50598997 0.5553177
0.59886646 0.56469566 0.5095608
0.6412351 0.59316623 0.5270353
0.6428115 0.58779365 0.5161648
0.6310468 0.57602894 0.5044001
0.63496834 0.5813001 0.5013726
0.6271252 0.57345694 0.49352947
0.6310468 0.5773785 0.49745104
0.64673305 0.5930648 0.51313734
0.6310468 0.5787281 0.49050197
0.6428115 0.5904928 0.50226665
0.65849775 0.60617906 0.5179529
0.65849775 0.60617906 0.5179529
0.6624193 0.6101006 0.5218745
0.6624193 0.6101006 0.5218745
0.674184 0.62051576 0.54058826
0.674184 0.62051576 0.54058826
0.68202716 0.62970847 0.5414823
0.6781056 0.6257869 0.53756076
0.6859487 0.63228047 0.552353
0.44669402 0.42507163 0.38923135
0.16118819 0.14941517 0.14946665
0.468647 0.44992492 0.4444784
0.21766661 0.19894452 0.19349802
0.09217642 0.073454335 0.06800782
0.09059994 0.07882691 0.0788784
0.08902354 0.08419946 0.08974899
0.08510197 0.07892833 0.0927765
0.069415696 0.06459162 0.07014115
0.073337264 0.068513185 0.07406272
0.11255295 0.109078415 0.10632938
0.22235687 0.22023189 0.20918429
0.12197249 0.11154901 0.103301935
0.10394113 0.08656857 0.07282356
0.14707838 0.13105538 0.1090118
0.16276465 0.14674166 0.12469807
0.14315681 0.12578426 0.11203925
0.11805092 0.107627444 0.09938037
0.11020778 0.09843475 0.098486245
0.10863138 0.10515685 0.10240781
0.10863138 0.1038073 0.109356835
0.21293733 0.2150622 0.22610983
0.12666282 0.13013725 0.13288625
0.11097654 0.11310141 0.12414905
0.11489811 0.11837254 0.12112154
0.12666282 0.12743814 0.14678435
0.11878057 0.1516019 0.21503526
0.80816895 0.8631868 0.9348157
0.7979807 0.8460494 0.9121804
0.7924827 0.84885 0.9121804
0.57994926 0.6251177 0.66085494
0.46157256 0.46214664 0.434502
0.6639958 0.604728 0.5110039
0.70244277 0.63062656 0.5176079
0.7142075 0.64374083 0.5224235
0.71186227 0.6330972 0.51458037
0.7055956 0.61853194 0.50281566
0.7173603 0.6316462 0.50763136
0.729125 0.6434109 0.51939607
0.72520345 0.63948935 0.5154745
0.7095172 0.6251526 0.49283928
0.70167404 0.61730945 0.48499614
0.68990934 0.60554475 0.47323143
0.66245836 0.57809377 0.44578046
0.6585368 0.5741722 0.4418589
0.6601132 0.56745005 0.43793732
0.66795635 0.5752932 0.44578046
0.6836426 0.592329 0.45451772
0.69148576 0.60017216 0.46236086
0.6875642 0.59625065 0.4584393
0.6875642 0.59625065 0.4584393
0.69148576 0.60017216 0.46236086
0.69148576 0.60017216 0.46236086
0.6993289 0.6080153 0.470204
0.70717204 0.61585844 0.47804713
0.7150152 0.6237016 0.48589027
0.7150152 0.6237016 0.48589027
0.70325047 0.6119369 0.47412556
0.7110936 0.61978006 0.4819687
0.6993289 0.6080153 0.470204
0.70717204 0.61585844 0.47804713
0.70874846 0.60913634 0.47412556
0.6930622 0.59345007 0.4584393
0.69540733 0.6040938 0.46628243
0.6891406 0.5895285 0.45451772
0.6812975 0.58168536 0.4466746
0.67345434 0.5738422 0.43883145
0.6695328 0.56992066 0.43490988
0.6656112 0.5673486 0.42403927
0.6577681 0.55950546 0.41619614
0.6538465 0.5555839 0.41227457
0.6515014 0.54494023 0.40443143
0.64992493 0.5516623 0.408353
0.64600337 0.54774076 0.40443143
0.6577681 0.55950546 0.41619614
0.66168964 0.56342703 0.4201177
0.66168964 0.56342703 0.4201177
0.6577681 0.55950546 0.41619614
0.66168964 0.5620775 0.42706674
0.6577681 0.55815595 0.42314517
0.6577681 0.55950546 0.41619614
0.6420818 0.5438192 0.40050986
0.6303171 0.5320545 0.38874516
0.6420818 0.5438192 0.40050986
0.6381602 0.5385481 0.40353733
0.18152566 0.22109473 0.24303526
0.19329037 0.23420899 0.24785095
0.20505507 0.24597369 0.25961566
0.2435021 0.27457133 0.25232154
0.30155686 0.32277682 0.26463532
0.34784707 0.35921755 0.26518434
0.37295288 0.37872398 0.2708941
0.3690313 0.37615195 0.2600235
0.36510974 0.37223038 0.25610194
0.35176864 0.36583823 0.25520784
0.31174517 0.34126362 0.2803216
0.24427077 0.28653893 0.2918824
0.19798069 0.25144765 0.28438434
0.16660814 0.21872559 0.25996077
0.18621598 0.23698387 0.28651762
0.19405912 0.244827 0.29436076
0.19171396 0.23418334 0.28651762
0.18621598 0.23563433 0.29346663
0.17837285 0.22779119 0.2856235
0.18229441 0.23171276 0.28954506
0.16895324 0.22532062 0.28865102
0.16345526 0.22812115 0.28865102
0.1595337 0.22285002 0.29167846
0.15169056 0.21635644 0.2768863
0.15718853 0.21220636 0.28383532
0.16503167 0.2200495 0.29167846
0.18779239 0.22891222 0.28954506
0.2403883 0.23711498 0.2813569
0.36045855 0.29194522 0.30330193
0.41774464 0.32008582 0.317749
0.40517226 0.3297099 0.33556867
0.3383884 0.37390885 0.42074507
0.30143982 0.41879734 0.4929177
0.3492674 0.48187238 0.55869025
0.39240465 0.52366006 0.60877645
0.42220068 0.5617549 0.64407057
0.44965166 0.58920586 0.67152154
0.46141636 0.60097057 0.68328625
0.47160465 0.61945736 0.6989725
0.47160465 0.61945736 0.6989725
0.4755262 0.62337893 0.7028941
0.47002825 0.62617946 0.7028941
0.47002825 0.6248299 0.70984316
0.46610668 0.6209083 0.70592153
0.45668712 0.6197873 0.702
0.448844 0.6105946 0.7011059
0.44492242 0.606673 0.6971843
0.44100085 0.60275143 0.69326276
0.4331577 0.5949083 0.6854196
0.421393 0.5817941 0.6806039
0.40805185 0.5767515 0.6727608
0.39236557 0.5610652 0.6570745
0.39394203 0.5556926 0.64620394
0.39551845 0.5489705 0.64228237
0.38063994 0.51189536 0.59701174
0.43565893 0.46132997 0.47227454
0.61220765 0.57108784 0.5104549
0.62320364 0.5681858 0.49655694
0.6310468 0.57602894 0.5044001
0.6388899 0.58522165 0.5052942
0.6428115 0.5891432 0.5092157
0.6388899 0.58522165 0.5052942
0.6428115 0.5891432 0.5092157
0.64673305 0.5930648 0.51313734
0.6428115 0.5904928 0.50226665
0.6522311 0.59161377 0.5061882
0.6428115 0.5904928 0.50226665
0.6428115 0.5904928 0.50226665
0.6506546 0.5983359 0.5101098
0.67026246 0.61794376 0.5297176
0.67026246 0.61794376 0.5297176
0.67026246 0.61794376 0.5297176
0.6875252 0.6269079 0.5414823
0.6757605 0.6151432 0.5297176
0.6757605 0.6151432 0.5297176
0.6624193 0.6101006 0.5218745
0.23416054 0.19864021 0.15180396
0.14630963 0.11503918 0.09029801
0.1502312 0.118960746 0.09421959
0.13612133 0.100601 0.05376474
0.13454492 0.10462402 0.071584284
0.1439255 0.13910143 0.14465095
0.096866675 0.092042595 0.09759213
0.06157255 0.05674848 0.062298007
0.057650983 0.05282691 0.05837644
0.096866675 0.09339214 0.09064311
0.26707053 0.2579966 0.24145103
0.4176666 0.40299317 0.37265095
0.15649793 0.13352598 0.10598429
0.1721842 0.1478627 0.12861964
0.15884309 0.14147054 0.12772553
0.13765877 0.1272353 0.118988216
0.11412935 0.103705876 0.0954588
0.11805092 0.107627444 0.09938037
0.10470981 0.10123528 0.098486245
0.10863138 0.10515685 0.10240781
0.19725105 0.20072548 0.20347448
0.11097654 0.11445097 0.11719997
0.15019223 0.1523171 0.16336474
0.16195694 0.16408181 0.17512944
0.12274125 0.123516575 0.14286278
0.12585503 0.14612786 0.1902667
0.76895326 0.8239711 0.8956
0.8003258 0.85669315 0.92002356
0.7924827 0.84885 0.9121804
0.7744513 0.82521915 0.87475294
0.4466549 0.4597776 0.45142743
0.6388899 0.58522165 0.5052942
0.7102859 0.6384697 0.52545106
0.7079407 0.6291756 0.5106588
0.71186227 0.6330972 0.51458037
0.6977525 0.6106888 0.49497253
0.6820662 0.59500253 0.47928625
0.6859878 0.60027367 0.4762588
0.6820662 0.5963521 0.47233725
0.68990934 0.60554475 0.47323143
0.67814463 0.59378004 0.46146673
0.6977525 0.6120384 0.48802352
0.71343875 0.62907416 0.49676085
0.6977525 0.6133879 0.48107457
0.7150152 0.622352 0.49283928
0.73070145 0.63938785 0.50157654
0.73070145 0.63938785 0.50157654
0.7110936 0.61978006 0.4819687
0.69698375 0.59737164 0.46236086
0.6930622 0.5947996 0.45149025
0.68521905 0.58695644 0.44364712
0.67345434 0.57519174 0.4318824
0.66168964 0.56342703 0.4201177
0.66168964 0.56342703 0.4201177
0.6577681 0.55950546 0.41619614
0.6695328 0.57127017 0.42796084
0.6640348 0.5740707 0.42796084
0.6522701 0.5609565 0.42314517
0.6640348 0.57272124 0.43490988
0.6695328 0.57127017 0.42796084
0.6577681 0.55950546 0.41619614
0.6695328 0.57127017 0.42796084
0.68521905 0.58695644 0.44364712
0.6656112 0.5673486 0.42403927
0.67345434 0.57519174 0.4318824
0.67345434 0.57519174 0.4318824
0.67345434 0.57519174 0.4318824
0.67110926 0.5645481 0.42403927
0.68287396 0.57766235 0.42885488
0.6789524 0.5723912 0.4318824
0.66168964 0.56342703 0.4201177
0.6671877 0.5606265 0.4201177
0.6812975 0.5830349 0.43972555
0.6695328 0.57127017 0.42796084
0.6577681 0.55950546 0.41619614
0.6577681 0.55950546 0.41619614
0.6656112 0.5673486 0.42403927
0.6695328 0.56992066 0.43490988
0.6695328 0.56992066 0.43490988
0.6773759 0.5791133 0.43580398
0.6695328 0.57127017 0.42796084
0.67345434 0.57519174 0.4318824
0.6812975 0.5830349 0.43972555
0.6836426 0.592329 0.45451772
0.16191782 0.20283644 0.2164784
0.16976096 0.21202911 0.21737258
0.19171396 0.24228062 0.24482356
0.25134522 0.28241447 0.26016468
0.3329294 0.3595476 0.26821175
0.41059217 0.42736083 0.30013338
0.43569797 0.44686726 0.30584317
0.43961954 0.45078883 0.30976474
0.4435411 0.4547104 0.3136863
0.42235687 0.4404751 0.30494905
0.36114913 0.40571386 0.30047846
0.27406693 0.32868224 0.3063294
0.19248265 0.25559777 0.27743533
0.1611101 0.22287567 0.2530118
0.18621598 0.23968294 0.27261963
0.18621598 0.23968294 0.27261963
0.17837285 0.2304903 0.27172548
0.17287481 0.23329085 0.27172548
0.16895324 0.22801973 0.27475291
0.17287481 0.2319413 0.27867448
0.16737683 0.23339227 0.2856235
0.15011407 0.22442813 0.2738588
0.15011407 0.22307858 0.28080788
0.14227094 0.21523544 0.27296475
0.15169056 0.21500689 0.28383532
0.16345526 0.2267716 0.29560003
0.19171396 0.23283379 0.29346663
0.2348902 0.23991558 0.2813569
0.35653698 0.28802365 0.29938036
0.41774464 0.32008582 0.317749
0.39732912 0.32186675 0.32772553
0.3266237 0.3607946 0.41592938
0.29517317 0.40423208 0.48115298
0.34300065 0.46730715 0.54692554
0.3845615 0.5158169 0.6009333
0.41043597 0.5499901 0.63230586
0.43396538 0.57217 0.66278434
0.44965166 0.5878563 0.6784706
0.45591837 0.6024215 0.69023526
0.4637615 0.61026466 0.6980784
0.46768308 0.6141862 0.702
0.45826355 0.6117156 0.70502746
0.4621851 0.6156372 0.708949
0.45434198 0.60779405 0.7011059
0.45276555 0.61451614 0.70502746
0.44492242 0.6053235 0.70413333
0.4331577 0.5935588 0.6923686
0.42923614 0.5896372 0.68844706
0.415895 0.58324504 0.687553
0.40805185 0.5754019 0.67970985
0.41197342 0.5793235 0.6836314
0.39628714 0.5636372 0.66794515
0.39394203 0.55299354 0.660102
0.39159688 0.5423499 0.6522589
0.37671837 0.5079738 0.5930902
0.56983906 0.5426172 0.49298045
0.633392 0.5853231 0.51919216
0.6388899 0.5838721 0.5122432
0.63496834 0.5799505 0.50832164
0.63496834 0.5813001 0.5013726
0.6271252 0.57345694 0.49352947
0.63496834 0.5813001 0.5013726
0.63496834 0.58264965 0.49442354
0.64673305 0.59441435 0.5061882
0.6428115 0.5904928 0.50226665
0.6522311 0.59161377 0.5061882
0.6545762 0.6022575 0.51403135
0.6506546 0.5983359 0.5101098
0.67026246 0.61794376 0.5297176
0.65849775 0.60617906 0.5179529
0.6679174 0.60730004 0.5218745
0.6624193 0.6101006 0.5218745
0.6679174 0.60730004 0.5218745
0.6757605 0.6151432 0.5297176
0.6679174 0.60730004 0.5218745
0.67183894 0.6125711 0.51884705
0.66007423 0.5994569 0.51403135
0.66007423 0.5994569 0.51403135
0.6247801 0.5655123 0.47178823
0.6483095 0.5890417 0.49531764
0.63496834 0.58264965 0.49442354
0.57060784 0.5545848 0.5325412
0.11020778 0.09708521 0.10543527
0.08510197 0.08027789 0.085827425
0.053729415 0.048905343 0.05445487
0.08902354 0.08419946 0.08974899
0.12431765 0.119493574 0.12504311
0.23335288 0.21867944 0.18833724
0.38629407 0.37027106 0.3482275
0.1313921 0.115369104 0.093325526
0.14707838 0.12970583 0.11596082
0.1337372 0.12331372 0.11506665
0.11020778 0.09978431 0.09153723
0.11805092 0.107627444 0.09938037
0.10863138 0.1065064 0.0954588
0.10470981 0.10123528 0.098486245
0.18940791 0.1942319 0.18868233
0.11489811 0.11972208 0.11417252
0.20509419 0.20856862 0.21131761
0.19332948 0.19545436 0.20650199
0.12666282 0.12743814 0.14678435
0.12743144 0.14075533 0.17939612
0.5744513 0.6211705 0.69560003
0.8003258 0.85669315 0.92002356
0.7924827 0.84885 0.9121804
0.7924827 0.8501996 0.90523136
0.42547065 0.44284317 0.45658827
0.5667253 0.51865643 0.4525255
0.70009756 0.61863333 0.5167138
0.7095172 0.6224535 0.50673723
0.71343875 0.6263751 0.5106588
0.7173603 0.63029665 0.51458037
0.7212819 0.6355678 0.51155293
0.72520345 0.63948935 0.5154745
0.72520345 0.63948935 0.5154745
0.73696816 0.65260357 0.52029026
0.7212819 0.6369173 0.504604
0.72520345 0.64083886 0.50852555
0.7055956 0.621231 0.4889177
0.69540733 0.6040938 0.46628243
0.66795635 0.57664275 0.43883145
0.6640348 0.57272124 0.43490988
0.6601132 0.5687996 0.4309883
0.66168964 0.5620775 0.42706674
0.6718779 0.5805644 0.44275302
0.6757995 0.5844859 0.4466746
0.6812975 0.5830349 0.43972555
0.6757995 0.58583546 0.43972555
0.67345434 0.57519174 0.4318824
0.6891406 0.590878 0.44756868
0.6930622 0.5947996 0.45149025
0.68521905 0.58695644 0.44364712
0.67972106 0.5884075 0.45059615
0.6718779 0.5805644 0.44275302
0.6757995 0.58583546 0.43972555
0.67345434 0.57519174 0.4318824
0.64992493 0.5516623 0.408353
0.64600337 0.54774076 0.40443143
0.6695328 0.57127017 0.42796084
0.64992493 0.5516623 0.408353
0.6577681 0.55950546 0.41619614
0.66168964 0.56342703 0.4201177
0.6420818 0.5438192 0.40050986
0.6397367 0.5345251 0.38571763
0.63581514 0.52925396 0.38874516
0.63423866 0.53597605 0.39266673
0.6397367 0.5331755 0.39266673
0.6303171 0.5320545 0.38874516
0.6263955 0.5281329 0.3848236
0.64600337 0.54639125 0.41138047
0.6381602 0.5398976 0.3965883
0.6381602 0.5385481 0.40353733
0.64600337 0.54639125 0.41138047
0.6601132 0.5687996 0.4309883
0.65619165 0.56352854 0.43401575
0.6601132 0.5687996 0.4309883
0.6640348 0.57272124 0.43490988
0.66168964 0.5620775 0.42706674
0.6695328 0.56992066 0.43490988
0.67345434 0.5738422 0.43883145
0.15799625 0.19891487 0.21255684
0.15249828 0.20306493 0.20560788
0.17368253 0.21595068 0.22129415
0.20897664 0.25394392 0.24269016
0.25761196 0.30102834 0.25108233
0.30390203 0.33477005 0.26552945
0.3195883 0.35180587 0.27426672
0.32350987 0.35572743 0.2781883
0.32743144 0.359649 0.28210986
0.31016874 0.34933528 0.27729416
0.2662238 0.32353818 0.28458828
0.21366698 0.27118263 0.2792235
0.18463951 0.24775463 0.2695922
0.1611101 0.22287567 0.2530118
0.17679638 0.23856194 0.26869807
0.18071795 0.24248351 0.27261963
0.17679638 0.23721242 0.27564704
0.17679638 0.23721242 0.27564704
0.17679638 0.23721242 0.27564704
0.16345526 0.23082025 0.27475291
0.16187878 0.23619284 0.2856235
0.15403564 0.2283497 0.27778035
0.15403564 0.2283497 0.27778035
0.1461925 0.21915701 0.2768863
0.1461925 0.21915701 0.2768863
0.16737683 0.23204271 0.2925726
0.19013755 0.2395559 0.2973882
0.23881176 0.24383715 0.28527847
0.35261542 0.28410208 0.2954588
0.40597993 0.30832112 0.3059843
0.39732912 0.32186675 0.32772553
0.33761972 0.35654303 0.40898037
0.29048282 0.38294476 0.4654667
0.3288908 0.44354922 0.53426665
0.35868692 0.48164386 0.56956077
0.3845615 0.5158169 0.6009333
0.40416938 0.53407526 0.62749016
0.4276988 0.5576047 0.6510196
0.44180852 0.58001316 0.6706275
0.4402321 0.5853857 0.68149805
0.4402321 0.5853857 0.68149805
0.44807523 0.5932288 0.6893412
0.4504204 0.6038725 0.6971843
0.45434198 0.60779405 0.7011059
0.45434198 0.60644454 0.7080549
0.448844 0.60924506 0.7080549
0.43707928 0.59748036 0.6962902
0.42923614 0.58828765 0.6953961
0.42923614 0.58828765 0.6953961
0.42373812 0.5910882 0.6953961
0.415895 0.58324504 0.687553
0.415895 0.58324504 0.687553
0.41197342 0.5793235 0.6836314
0.4167027 0.5591572 0.6718667
0.45599645 0.52896094 0.58669025
0.6184743 0.5843035 0.52916867
0.63496834 0.578601 0.5152706
0.61928207 0.56426424 0.49263537
0.6271252 0.5721074 0.5004785
0.6310468 0.57602894 0.5044001
0.6310468 0.5773785 0.49745104
0.6388899 0.5865712 0.4983451
0.6388899 0.5865712 0.4983451
0.63496834 0.58264965 0.49442354
0.6388899 0.5865712 0.4983451
0.6522311 0.59161377 0.5061882
0.65615267 0.59553534 0.5101098
0.6639958 0.604728 0.5110039
0.67183894 0.6112216 0.52579606
0.6679174 0.60730004 0.5218745
0.66007423 0.5994569 0.51403135
0.6522311 0.59161377 0.5061882
0.6679174 0.60730004 0.5218745
0.65615267 0.59553534 0.5101098
0.6796821 0.62041426 0.5266902
0.6796821 0.62041426 0.5266902
0.6812585 0.61369216 0.5227686
0.6694938 0.603277 0.50405496
0.6655722 0.59935546 0.5001334
0.66165066 0.5954339 0.49621183
0.66007423 0.6008064 0.50708234
0.6200508 0.5775814 0.5252471
0.098443076 0.08667005 0.08672154
0.074913666 0.06314064 0.06319213
0.06707053 0.0552975 0.05534899
0.08902354 0.08419946 0.08974899
0.16745491 0.16263084 0.16818036
0.1321608 0.13003582 0.118988216
0.4317764 0.42270246 0.4061569
0.12981562 0.11939215 0.11114507
0.14158034 0.12980732 0.1298588
0.11805092 0.107627444 0.09938037
0.10628621 0.09586274 0.08761566
0.11020778 0.09978431 0.09153723
0.10863138 0.10515685 0.10240781
0.12823923 0.1247647 0.12201566
0.12823923 0.1247647 0.12201566
0.15176864 0.14829412 0.14554508
0.16353334 0.16005883 0.15730979
0.17764321 0.18111764 0.18386663
0.16195694 0.16273226 0.18207847
0.131353 0.14602645 0.1763686
0.0842552 0.13232398 0.19845495
0.79640424 0.8527716 0.916102
0.7885611 0.84492844 0.90825886
0.79640424 0.8527716 0.916102
0.61916494 0.6643334 0.7000706
0.501596 0.47997358 0.4441333
0.66714865 0.5939829 0.48926282
0.6844113 0.6042966 0.4940785
0.70167404 0.6146104 0.4988941
0.6820662 0.59500253 0.47928625
0.67422307 0.58850896 0.4644941
0.6757995 0.5817869 0.46057254
0.6601132 0.56745005 0.43793732
0.6640348 0.5713717 0.4418589
0.6836426 0.59097946 0.46146673
0.6993289 0.60666573 0.477153
0.70325047 0.61058736 0.48107457
0.67972106 0.5884075 0.45059615
0.66795635 0.57664275 0.43883145
0.67345434 0.5738422 0.43883145
0.67345434 0.5738422 0.43883145
0.64600337 0.54639125 0.41138047
0.6303171 0.530705 0.3956942
0.6248191 0.53350556 0.3956942
0.6483485 0.55703497 0.4192236
0.6640348 0.57272124 0.43490988
0.66795635 0.57664275 0.43883145
0.6718779 0.5819138 0.43580398
0.6836426 0.5936786 0.44756868
0.7110936 0.61978006 0.4819687
0.73070145 0.63938785 0.50157654
0.734623 0.6433095 0.5054981
0.7463877 0.6550741 0.5172628
0.7385446 0.647231 0.5094197
0.7150152 0.62505114 0.47894123
0.7110936 0.6211295 0.47501966
0.7110936 0.6211295 0.47501966
0.7150152 0.62505114 0.47894123
0.72051316 0.62225056 0.47894123
0.6930622 0.5947996 0.45149025
0.69698375 0.59872115 0.45541182
0.6930622 0.5947996 0.45149025
0.6891406 0.590878 0.44756868
0.6773759 0.5791133 0.43580398
0.6812975 0.58168536 0.4466746
0.67345434 0.5738422 0.43883145
0.67345434 0.5738422 0.43883145
0.67345434 0.5738422 0.43883145
0.67345434 0.5738422 0.43883145
0.6695328 0.56992066 0.43490988
0.6773759 0.5777638 0.44275302
0.6757995 0.5844859 0.4466746
0.66795635 0.5752932 0.44578046
0.6757995 0.5831363 0.4536236
0.6757995 0.5844859 0.4466746
0.6773759 0.5777638 0.44275302
0.6695328 0.56992066 0.43490988
0.6640348 0.5713717 0.4418589
0.15407468 0.19634284 0.20168631
0.15799625 0.20026441 0.20560788
0.16426298 0.21482964 0.21737258
0.1776041 0.21987225 0.22521572
0.18152566 0.22514337 0.22218826
0.19329037 0.23690808 0.23395297
0.19171396 0.24363017 0.23787454
0.19721194 0.24082965 0.23787454
0.20347866 0.25404534 0.25658828
0.19563553 0.24620219 0.24874513
0.19013755 0.24765319 0.2556941
0.18071795 0.24518262 0.25872153
0.18071795 0.24383307 0.26567063
0.16503167 0.22814679 0.24998435
0.18071795 0.24248351 0.27261963
0.19248265 0.2542482 0.28438434
0.18856108 0.25032663 0.28046277
0.19248265 0.2528987 0.29133332
0.18698467 0.25569922 0.29133332
0.18698467 0.25434968 0.29828233
0.1830631 0.2504281 0.29436076
0.17756505 0.2518791 0.30130976
0.17756505 0.2518791 0.30130976
0.16972192 0.24268642 0.30041572
0.19717291 0.2701374 0.3278667
0.22070232 0.2936668 0.3513961
0.25130618 0.30902314 0.3640549
0.28037262 0.2936965 0.3323373
0.35888213 0.2986673 0.3072235
0.40832508 0.31896478 0.31382743
0.39732912 0.32186675 0.32772553
0.3195883 0.33156264 0.378502
0.26618475 0.3433991 0.4232235
0.292828 0.39223886 0.48025885
0.32654572 0.43425506 0.51947457
0.34849864 0.4645066 0.54692554
0.36810648 0.4827649 0.57348233
0.3727968 0.5027027 0.5961176
0.38848308 0.518389 0.6118039
0.40416938 0.53407526 0.62749016
0.42220068 0.55905575 0.65796864
0.43004382 0.5668989 0.6658118
0.43631053 0.5814641 0.6775765
0.44415367 0.58795774 0.6923686
0.44649884 0.5986014 0.70021176
0.44807523 0.5918793 0.6962902
0.44257727 0.59467983 0.6962902
0.4386557 0.59075826 0.6923686
0.43473414 0.5854871 0.6953961
0.4504204 0.6011734 0.7110824
0.4504204 0.6011734 0.7110824
0.45276555 0.6104675 0.7258745
0.45826355 0.60901654 0.71892554
0.47083604 0.59939235 0.7011059
0.6004039 0.5926795 0.56783533
0.64750177 0.60638195 0.545749
0.6451567 0.5984373 0.5240079
0.64673305 0.5917152 0.52008635
0.6428115 0.5891432 0.5092157
0.64673305 0.5930648 0.51313734
0.6388899 0.5865712 0.4983451
0.6506546 0.5983359 0.5101098
0.66007423 0.5994569 0.51403135
0.6545762 0.6022575 0.51403135
0.6404664 0.57984906 0.49442354
0.6404664 0.57984906 0.49442354
0.6365448 0.577277 0.48355293
0.6483095 0.5876922 0.50226665
0.65615267 0.59553534 0.5101098
0.6679174 0.60730004 0.5218745
0.67183894 0.6112216 0.52579606
0.66007423 0.5994569 0.51403135
0.66007423 0.5994569 0.51403135
0.67183894 0.6125711 0.51884705
0.67733693 0.6097706 0.51884705
0.6655722 0.5980059 0.50708234
0.66165066 0.5940843 0.5031608
0.6577291 0.5915123 0.49229026
0.67341536 0.6071986 0.50797653
0.68518007 0.6189633 0.51974124
0.6679174 0.60864955 0.5149255
0.2639567 0.23538533 0.1940471
0.08667837 0.0762549 0.06800782
0.0709921 0.05921907 0.05927056
0.06707053 0.0552975 0.05534899
0.09294511 0.08812103 0.09367056
0.15176864 0.14694457 0.15249409
0.1321608 0.12868628 0.12593724
0.0811804 0.07635632 0.08190586
0.10863138 0.10515685 0.10240781
0.11255295 0.109078415 0.10632938
0.12823923 0.1247647 0.12201566
0.10863138 0.10515685 0.10240781
0.11647452 0.11299998 0.11025095
0.11255295 0.109078415 0.10632938
0.23804314 0.23456863 0.23181958
0.12431765 0.12084312 0.11809409
0.257651 0.25417647 0.25142744
0.11647452 0.11299998 0.11025095
0.11489811 0.11837254 0.12112154
0.1423491 0.14447397 0.1555216
0.12900785 0.13673234 0.16157645
0.13054527 0.1633666 0.22679996
0.80816895 0.8631868 0.9348157
0.79640424 0.8527716 0.916102
0.8003258 0.85669315 0.92002356
0.79405916 0.844827 0.8943608
0.46707052 0.45664704 0.44839996
0.6749918 0.6004765 0.50405496
0.68833286 0.6082182 0.49800006
0.696176 0.61606133 0.50584316
0.68990934 0.60284567 0.4871294
0.6703015 0.5845874 0.46057254
0.65069366 0.56497955 0.4409647
0.6585368 0.5741722 0.4418589
0.67422307 0.5898585 0.45754516
0.6640348 0.5713717 0.4418589
0.65619165 0.56352854 0.43401575
0.6836426 0.59097946 0.46146673
0.69540733 0.6027442 0.47323143
0.70717204 0.61585844 0.47804713
0.7228583 0.6315447 0.4937334
0.73070145 0.63938785 0.50157654
0.7463877 0.6550741 0.5172628
0.7463877 0.6550741 0.5172628
0.7503093 0.65899575 0.5211844
0.7463877 0.6550741 0.5172628
0.734623 0.6433095 0.5054981
0.7150152 0.6237016 0.48589027
0.69540733 0.60544324 0.4593334
0.69148576 0.60152173 0.45541182
0.6757995 0.58583546 0.43972555
0.6718779 0.5819138 0.43580398
0.66795635 0.57664275 0.43883145
0.6757995 0.5844859 0.4466746
0.6640348 0.57272124 0.43490988
0.6718779 0.5805644 0.44275302
0.6812975 0.58168536 0.4466746
0.6812975 0.58168536 0.4466746
0.6656112 0.5659991 0.4309883
0.6656112 0.5673486 0.42403927
0.64992493 0.5503128 0.41530204
0.6538465 0.5542344 0.4192236
0.64992493 0.5516623 0.408353
0.6577681 0.55950546 0.41619614
0.64600337 0.54774076 0.40443143
0.6656112 0.5659991 0.4309883
0.6773759 0.5777638 0.44275302
0.6773759 0.5777638 0.44275302
0.6695328 0.56992066 0.43490988
0.64600337 0.54639125 0.41138047
0.64600337 0.54639125 0.41138047
0.65619165 0.56352854 0.43401575
0.66795635 0.5752932 0.44578046
0.6859878 0.6016232 0.46930987
0.6993289 0.60666573 0.477153
0.67972106 0.58705795 0.45754516
0.6812975 0.58168536 0.4466746
0.67345434 0.5738422 0.43883145
0.6757995 0.5831363 0.4536236
0.1776041 0.2212218 0.2182667
0.18544723 0.22771539 0.23305885
0.1893688 0.23163696 0.23698042
0.19563553 0.24620219 0.24874513
0.1995571 0.25012377 0.2526667
0.20347866 0.25404534 0.25658828
0.2113218 0.26188847 0.26443142
0.20347866 0.25404534 0.25658828
0.21524338 0.26581004 0.268353
0.21524338 0.2644605 0.27530193
0.21366698 0.26983306 0.28617254
0.23327482 0.28809133 0.31272945
0.22777678 0.2908919 0.31272945
0.21601208 0.27912718 0.30096474
0.23954149 0.3026566 0.32449415
0.24738462 0.31049973 0.3323373
0.24738462 0.3091502 0.33928633
0.24896109 0.3037776 0.32841572
0.25130618 0.31307176 0.3432079
0.25365135 0.32236588 0.35799998
0.24580821 0.3131732 0.35710585
0.2363886 0.3120522 0.35318428
0.24031016 0.31597376 0.35710585
0.2363886 0.3120522 0.35318428
0.2834474 0.35776147 0.40719214
0.36972192 0.44403598 0.49346665
0.41601205 0.47507855 0.5218117
0.40978438 0.42310825 0.46174905
0.41770566 0.3561413 0.37299606
0.4161682 0.32545835 0.32861966
0.40517226 0.3297099 0.33556867
0.31881967 0.31554633 0.35978827
0.23246703 0.30273244 0.3770588
0.25049847 0.32771283 0.40753722
0.2669534 0.35941535 0.4419373
0.2787181 0.37118006 0.453702
0.3045927 0.40400356 0.49202356
0.3171261 0.4317845 0.52250195
0.3351575 0.45811445 0.54603136
0.35318896 0.48309487 0.5765098
0.36495367 0.49485958 0.5882745
0.38063994 0.51054585 0.60396075
0.3908281 0.5276832 0.62659603
0.40259284 0.5394479 0.6383608
0.39317328 0.53832686 0.63443923
0.4010164 0.54617 0.64228237
0.4010164 0.5448204 0.6492314
0.39317328 0.53832686 0.63443923
0.39867127 0.53552634 0.63443923
0.42220068 0.55770624 0.66491765
0.43004382 0.5655494 0.6727608
0.43238896 0.57484347 0.687553
0.43788695 0.5733925 0.6806039
0.47087502 0.5646865 0.6389098
0.6341606 0.60133934 0.5379059
0.633392 0.5853231 0.51919216
0.6294704 0.58275104 0.50832164
0.6271252 0.5721074 0.5004785
0.6388899 0.58522165 0.5052942
0.6271252 0.57345694 0.49352947
0.62320364 0.57088494 0.48265883
0.6310468 0.5787281 0.49050197
0.6388899 0.5865712 0.4983451
0.6388899 0.5865712 0.4983451
0.6483095 0.5876922 0.50226665
0.6522311 0.59161377 0.5061882
0.65615267 0.59553534 0.5101098
0.6639958 0.6033785 0.5179529
0.6679174 0.60730004 0.5218745
0.67183894 0.6112216 0.52579606
0.6679174 0.60730004 0.5218745
0.6639958 0.6033785 0.5179529
0.65615267 0.59688485 0.5031608
0.65615267 0.59688485 0.5031608
0.66007423 0.6008064 0.50708234
0.6538075 0.5862412 0.49531764
0.6577291 0.5915123 0.49229026
0.6655722 0.59935546 0.5001334
0.6577291 0.5915123 0.49229026
0.6694938 0.603277 0.50405496
0.6679174 0.60864955 0.5149255
0.13689008 0.115267694 0.07942742
0.11020778 0.09978431 0.09153723
0.078835234 0.06706221 0.0671137
0.06549413 0.06067005 0.06621958
0.08510197 0.08027789 0.085827425
0.10863138 0.1038073 0.109356835
0.11255295 0.10772887 0.113278404
0.10078824 0.09596416 0.1015137
0.11647452 0.11299998 0.11025095
0.09294511 0.08812103 0.09367056
0.14000393 0.13652942 0.13378038
0.12823923 0.1247647 0.12201566
0.120396085 0.11692155 0.11417252
0.11255295 0.10772887 0.113278404
0.19098432 0.18616025 0.19170977
0.12431765 0.12084312 0.11809409
0.27333727 0.27121228 0.26016468
0.15176864 0.14829412 0.14554508
0.11647452 0.11299998 0.11025095
0.13058439 0.13405882 0.13680781
0.13685098 0.14592502 0.16247062
0.13369817 0.15262148 0.2050588
0.7626866 0.8107553 0.8768863
0.8042474 0.8606147 0.9239451
0.8003258 0.85669315 0.92002356
0.7979807 0.847399 0.90523136
0.45292163 0.47164372 0.47709024
0.6781056 0.6257869 0.53756076
0.7338153 0.6619991 0.5489805
0.7495016 0.6776854 0.56466675
0.73931324 0.66054815 0.54203135
0.7173603 0.63029665 0.51458037
0.7055956 0.6198815 0.49586666
0.7095172 0.6251526 0.49283928
0.70167404 0.61730945 0.48499614
0.70167404 0.61730945 0.48499614
0.6993289 0.60666573 0.477153
0.6859878 0.6016232 0.46930987
0.6859878 0.6016232 0.46930987
0.66795635 0.5752932 0.44578046
0.6601132 0.5687996 0.4309883
0.65619165 0.5648781 0.42706674
0.6405054 0.54919183 0.41138047
0.6601132 0.5687996 0.4309883
0.64442694 0.55311334 0.41530204
0.6640348 0.57272124 0.43490988
0.6601132 0.5687996 0.4309883
0.6522701 0.5609565 0.42314517
0.66795635 0.57664275 0.43883145
0.6718779 0.5805644 0.44275302
0.6757995 0.5844859 0.4466746
0.6836426 0.592329 0.45451772
0.67972106 0.5884075 0.45059615
0.69540733 0.6040938 0.46628243
0.7110936 0.61978006 0.4819687
0.6993289 0.6080153 0.470204
0.66795635 0.57664275 0.43883145
0.67345434 0.5738422 0.43883145
0.66168964 0.56342703 0.4201177
0.6695328 0.57127017 0.42796084
0.6538465 0.5555839 0.41227457
0.68521905 0.58560693 0.45059615
0.6891406 0.5895285 0.45451772
0.6812975 0.58168536 0.4466746
0.6656112 0.5659991 0.4309883
0.66168964 0.5620775 0.42706674
0.64600337 0.54639125 0.41138047
0.64600337 0.54639125 0.41138047
0.6381602 0.5385481 0.40353733
0.6538465 0.5542344 0.4192236
0.6405054 0.54784226 0.41832948
0.6405054 0.54784226 0.41832948
0.65619165 0.56352854 0.43401575
0.6467721 0.561058 0.43704313
0.6640348 0.5713717 0.4418589
0.6405054 0.54784226 0.41832948
0.62089753 0.52823436 0.39872164
0.63423866 0.533277 0.40656477
0.63266224 0.5399991 0.41048634
0.25761196 0.29293105 0.29277653
0.27329823 0.30861732 0.3084628
0.2795649 0.3231826 0.3202275
0.2913296 0.33494732 0.3319922
0.3030943 0.34536245 0.35070592
0.314859 0.35712716 0.36247063
0.32270214 0.3649703 0.37031376
0.2897532 0.34031984 0.34286278
0.27564332 0.31926104 0.31630594
0.2913296 0.33494732 0.3319922
0.2795649 0.3231826 0.3202275
0.29917273 0.34279045 0.33983535
0.30701587 0.34928402 0.3546275
0.29367477 0.3428919 0.3537333
0.30543947 0.3546566 0.365498
0.30936104 0.35857818 0.36941957
0.3132826 0.36115018 0.38029018
0.3015179 0.34938547 0.36852548
0.3132826 0.36115018 0.38029018
0.31954932 0.3757154 0.3920549
0.30386305 0.35867956 0.38331768
0.30228657 0.36405215 0.39418828
0.2967886 0.36685267 0.39418828
0.2850239 0.35508797 0.38242358
0.34150225 0.40326783 0.43340397
0.4450395 0.4985065 0.5314432
0.4913296 0.5295491 0.5597883
0.46234116 0.4687161 0.5018588
0.42789388 0.37462813 0.38868234
0.41224664 0.32288635 0.317749
0.39498398 0.31257263 0.3129334
0.28744712 0.28552336 0.32146665
0.19405912 0.2421279 0.30825886
0.19090624 0.25422257 0.323051
0.20736122 0.28592515 0.35745096
0.22539258 0.31090555 0.38792938
0.25911027 0.35292175 0.42714506
0.28498486 0.38439572 0.47241572
0.29909474 0.40680408 0.49202356
0.30143982 0.41609824 0.5068157
0.3053614 0.4200198 0.51073724
0.30928296 0.42259184 0.5216078
0.3116281 0.43323553 0.52945095
0.31947124 0.44107866 0.5372941
0.31554967 0.4371571 0.5333725
0.3116281 0.43323553 0.52945095
0.31320453 0.4265134 0.5255294
0.30928296 0.42259184 0.5216078
0.31554967 0.4371571 0.5333725
0.33123595 0.45284337 0.5490588
0.34300065 0.46460807 0.5608235
0.34692222 0.46718007 0.5716941
0.36026335 0.47492176 0.5656392
0.4756824 0.48185593 0.4680078
0.6435802 0.60380995 0.53487843
0.64907825 0.6023589 0.5279295
0.6451567 0.5984373 0.5240079
0.6451567 0.5997869 0.51705885
0.6624193 0.60875106 0.5288236
0.6506546 0.59698635 0.51705885
0.6506546 0.5983359 0.5101098
0.64673305 0.59441435 0.5061882
0.65849775 0.60617906 0.5179529
0.65849775 0.60617906 0.5179529
0.65615267 0.59688485 0.5031608
0.65615267 0.59688485 0.5031608
0.6483095 0.5890417 0.49531764
0.6522311 0.5929633 0.4992392
0.64438796 0.58512014 0.49139607
0.64673305 0.59441435 0.5061882
0.6624193 0.6101006 0.5218745
0.6663409 0.6140222 0.52579606
0.674184 0.62186533 0.5336392
0.67183894 0.6125711 0.51884705
0.68360364 0.6243358 0.53061175
0.69379187 0.6428227 0.546298
0.69771343 0.64674425 0.5502196
0.69536835 0.63610053 0.54237646
0.6875252 0.6282574 0.5345333
0.6757605 0.6164927 0.5227686
0.69771343 0.64674425 0.5502196
0.5079017 0.4611824 0.38675296
0.10394113 0.08656857 0.07282356
0.08510197 0.08027789 0.085827425
0.06157255 0.05674848 0.062298007
0.06391772 0.06604259 0.077090226
0.075682424 0.07645775 0.09580395
0.11097654 0.11310141 0.12414905
0.10078824 0.09596416 0.1015137
0.11255295 0.10772887 0.113278404
0.10863138 0.1038073 0.109356835
0.1439255 0.13910143 0.14465095
0.13450596 0.13798039 0.14072938
0.11881968 0.120944545 0.13199219
0.17764321 0.17976809 0.19081572
0.12823923 0.12341515 0.12896468
0.12431765 0.12219267 0.11114507
0.12431765 0.12219267 0.11114507
0.1321608 0.12868628 0.12593724
0.13608237 0.13260785 0.1298588
0.19490589 0.19008182 0.19563134
0.12666282 0.1287877 0.13983533
0.13292941 0.13930435 0.17244703
0.60974544 0.65781415 0.72394514
0.8003258 0.85669315 0.92002356
0.8003258 0.85669315 0.92002356
0.8042474 0.8619643 0.91699606
0.6442708 0.6811407 0.71967846
0.6043645 0.56459427 0.49566275
0.7495016 0.6776854 0.56466675
0.7573447 0.6855285 0.5725099
0.7589211 0.680156 0.5616392
0.7432348 0.6644697 0.5459529
0.72754854 0.650133 0.52331764
0.72520345 0.63948935 0.5154745
0.7173603 0.6329957 0.5006824
0.7095172 0.6251526 0.49283928
0.70717204 0.61450887 0.48499614
0.70717204 0.61585844 0.47804713
0.70717204 0.61585844 0.47804713
0.69540733 0.6027442 0.47323143
0.69540733 0.6027442 0.47323143
0.69540733 0.6040938 0.46628243
0.6875642 0.59625065 0.4584393
0.6836426 0.592329 0.45451772
0.6483485 0.55703497 0.4192236
0.6640348 0.57272124 0.43490988
0.6875642 0.59625065 0.4584393
0.6836426 0.592329 0.45451772
0.6757995 0.5844859 0.4466746
0.66795635 0.57664275 0.43883145
0.6640348 0.57272124 0.43490988
0.65619165 0.5648781 0.42706674
0.6640348 0.57272124 0.43490988
0.6757995 0.5844859 0.4466746
0.6718779 0.5805644 0.44275302
0.6875642 0.59625065 0.4584393
0.6601132 0.5687996 0.4309883
0.6695328 0.56992066 0.43490988
0.6577681 0.55815595 0.42314517
0.6656112 0.5659991 0.4309883
0.66168964 0.5620775 0.42706674
0.67345434 0.5738422 0.43883145
0.66168964 0.5620775 0.42706674
0.6656112 0.5659991 0.4309883
0.6812975 0.58168536 0.4466746
0.66168964 0.5620775 0.42706674
0.65619165 0.5648781 0.42706674
0.66795635 0.57664275 0.43883145
0.6875642 0.5949011 0.4653883
0.6859878 0.6016232 0.46930987
0.70167404 0.61730945 0.48499614
0.71343875 0.62907416 0.49676085
0.70167404 0.61595994 0.4919451
0.70167404 0.61730945 0.48499614
0.7055956 0.6198815 0.49586666
0.70167404 0.61595994 0.4919451
0.70167404 0.61595994 0.4919451
0.7055956 0.6198815 0.49586666
0.7055956 0.61853194 0.50281566
0.4278158 0.4548364 0.4574824
0.44350207 0.47052267 0.47316867
0.4631099 0.4901305 0.4927765
0.48663935 0.51365995 0.5163059
0.49682766 0.53214675 0.5319922
0.50074923 0.5347188 0.5428628
0.48740804 0.5296762 0.53501964
0.42466292 0.46828064 0.46532553
0.33212176 0.36879042 0.36033723
0.32193345 0.35165316 0.33770195
0.38467854 0.41439825 0.40044704
0.33369815 0.36341786 0.34946665
0.3282002 0.36486885 0.35641566
0.32427862 0.3595977 0.3594432
0.3282002 0.3621697 0.37031376
0.32035705 0.35432658 0.36247063
0.31878057 0.35969922 0.37334114
0.314859 0.35577765 0.36941957
0.32270214 0.3636208 0.3772627
0.32896888 0.37683645 0.39597645
0.30936104 0.3572286 0.3763686
0.2960199 0.3494869 0.38242358
0.298365 0.36013058 0.39026672
0.29444343 0.356209 0.38634515
0.34307873 0.3965457 0.4294824
0.44661593 0.49313393 0.5205726
0.4929061 0.522827 0.5558667
0.47176084 0.47118664 0.49883133
0.4255488 0.36533397 0.37389016
0.40832508 0.31896478 0.31382743
0.39890555 0.3164942 0.31685495
0.2827568 0.2669351 0.2918824
0.16976096 0.20393184 0.25906664
0.15718853 0.21490547 0.26993722
0.1712984 0.23461473 0.30344316
0.18540819 0.25702313 0.323051
0.22696906 0.305533 0.3770588
0.25911027 0.35292175 0.42714506
0.26852983 0.35269326 0.43801573
0.25126714 0.34372908 0.42625102
0.26303184 0.35414422 0.44496474
0.27714172 0.37655258 0.46457258
0.28340846 0.3911178 0.47633728
0.25987905 0.36623886 0.45975685
0.23634963 0.34270945 0.43622744
0.21597303 0.3070854 0.39790592
0.2081299 0.29924226 0.39006278
0.21362787 0.29644173 0.39006278
0.22147101 0.30428487 0.39790592
0.22773774 0.3188501 0.40967062
0.24342401 0.33453637 0.4253569
0.24342401 0.33453637 0.4253569
0.25599644 0.32626185 0.4005882
0.6318155 0.59204525 0.5231137
0.63731354 0.5905942 0.5161648
0.6451567 0.5997869 0.51705885
0.6545762 0.6009079 0.5209805
0.6506546 0.59698635 0.51705885
0.63496834 0.5813001 0.5013726
0.6271252 0.57345694 0.49352947
0.64673305 0.59441435 0.5061882
0.64673305 0.59441435 0.5061882
0.65849775 0.60617906 0.5179529
0.6506546 0.5983359 0.5101098
0.6639958 0.604728 0.5110039
0.6679174 0.60864955 0.5149255
0.6679174 0.60864955 0.5149255
0.6679174 0.60864955 0.5149255
0.67026246 0.6192933 0.5227686
0.68202716 0.62970847 0.5414823
0.6781056 0.6257869 0.53756076
0.674184 0.62186533 0.5336392
0.6624193 0.6101006 0.5218745
0.6624193 0.6101006 0.5218745
0.68202716 0.62970847 0.5414823
0.6859487 0.63363004 0.5454039
0.6859487 0.63497955 0.5384549
0.6914468 0.63217896 0.5384549
0.6875252 0.6282574 0.5345333
0.69771343 0.64674425 0.5502196
0.70947814 0.65850896 0.5619843
0.70005864 0.6560384 0.56501174
0.15649793 0.13217643 0.11293337
0.096866675 0.092042595 0.09759213
0.069415696 0.06459162 0.07014115
0.06783929 0.06861461 0.08796082
0.11881968 0.119595 0.1389412
0.10705497 0.10783029 0.1271765
0.08510197 0.08027789 0.085827425
0.057650983 0.05282691 0.05837644
0.10470981 0.09988573 0.10543527
0.1439255 0.13910143 0.14465095
0.14627066 0.14839554 0.15944317
0.13842753 0.1405524 0.15160003
0.24430987 0.24643475 0.25748238
0.1337372 0.12196418 0.12201566
0.17687446 0.16645098 0.1582039
0.14550191 0.13507843 0.12683135
0.11805092 0.107627444 0.09938037
0.1439255 0.14045098 0.13770194
0.2066706 0.20184653 0.20739605
0.16745491 0.16263084 0.16818036
0.13058439 0.13135971 0.15070592
0.16818455 0.20795482 0.2768863
0.7924827 0.84885 0.9121804
0.79640424 0.8527716 0.916102
0.8120905 0.86845785 0.93178827
0.78229445 0.8330623 0.8825961
0.51728225 0.49835894 0.4459216
0.7338153 0.6619991 0.5489805
0.7432348 0.6644697 0.5459529
0.74558 0.6751134 0.55379605
0.7549995 0.6762344 0.5577176
0.73931324 0.66054815 0.54203135
0.756576 0.6708619 0.54684705
0.7408897 0.65652514 0.5242118
0.73696816 0.65260357 0.52029026
0.7463877 0.6550741 0.5172628
0.74246615 0.6511526 0.51334125
0.7330466 0.65003157 0.5094197
0.75423086 0.6615677 0.53205496
0.74246615 0.6511526 0.51334125
0.7463877 0.6550741 0.5172628
0.7267799 0.63546634 0.49765497
0.734623 0.6446589 0.49854907
0.734623 0.6433095 0.5054981
0.74246615 0.6511526 0.51334125
0.74246615 0.6511526 0.51334125
0.7463877 0.6550741 0.5172628
0.7385446 0.647231 0.5094197
0.73070145 0.63938785 0.50157654
0.73070145 0.63938785 0.50157654
0.734623 0.6433095 0.5054981
0.7448113 0.6617963 0.5211844
0.7448113 0.6604467 0.5281334
0.7330466 0.648682 0.5163687
0.734623 0.6433095 0.5054981
0.73070145 0.63938785 0.50157654
0.70717204 0.61585844 0.47804713
0.7228583 0.6315447 0.4937334
0.7055956 0.621231 0.4889177
0.6977525 0.6133879 0.48107457
0.71893674 0.6276232 0.48981184
0.69540733 0.6040938 0.46628243
0.6836426 0.59097946 0.46146673
0.6757995 0.5844859 0.4466746
0.6757995 0.5831363 0.4536236
0.67972106 0.58705795 0.45754516
0.70717204 0.61450887 0.48499614
0.67814463 0.59378004 0.46146673
0.67814463 0.59378004 0.46146673
0.67814463 0.59378004 0.46146673
0.67814463 0.59378004 0.46146673
0.6859878 0.60027367 0.4762588
0.70167404 0.61595994 0.4919451
0.6977525 0.6120384 0.48802352
0.6859878 0.60027367 0.4762588
0.6938309 0.6081168 0.48410195
0.67814463 0.59243053 0.46841568
0.6977525 0.6106888 0.49497253
0.56272554 0.5827972 0.5799451
0.5705687 0.59064037 0.5877882
0.58625495 0.60632664 0.6034745
0.5925217 0.6195423 0.62218827
0.5964433 0.62346387 0.62610984
0.5791806 0.6144997 0.61434513
0.5517296 0.5870487 0.58689415
0.47721982 0.5125389 0.51238436
0.353306 0.3830257 0.3690745
0.33527458 0.3580453 0.33859605
0.3823334 0.40510413 0.38565487
0.33919615 0.36061734 0.34946665
0.3297766 0.35814676 0.3524941
0.32585502 0.35287562 0.35552162
0.36741588 0.4013854 0.40952945
0.32427862 0.35824814 0.3663922
0.32427862 0.35824814 0.3663922
0.32035705 0.35297707 0.36941957
0.3282002 0.3608202 0.3772627
0.3266237 0.36754236 0.38118428
0.2795649 0.32048354 0.33412546
0.25838065 0.30489865 0.3323373
0.2842552 0.33907172 0.36370984
0.2960199 0.3494869 0.38242358
0.34465516 0.38982362 0.42556083
0.44819233 0.48641184 0.51665103
0.4811414 0.5110623 0.544102
0.4639177 0.4633435 0.4909882
0.42162722 0.3614124 0.3699686
0.41382307 0.31751382 0.30687842
0.40048194 0.31112164 0.3059843
0.2843333 0.260213 0.28796083
0.16191782 0.19743825 0.24427448
0.15092187 0.20034021 0.2581725
0.15718853 0.21490547 0.26993722
0.17914154 0.24380742 0.3043373
0.21912593 0.29768986 0.36921567
0.24500042 0.3305134 0.40753722
0.24107885 0.32659182 0.40361565
0.23715729 0.3213207 0.40664318
0.27637297 0.3605364 0.44585887
0.3179338 0.40904617 0.4998667
0.34380838 0.44321924 0.5312393
0.31243584 0.4118467 0.4998667
0.20655349 0.3046148 0.40093333
0.17675735 0.26652017 0.3656392
0.17049061 0.25330448 0.34692553
0.17756505 0.24513136 0.33605492
0.18856108 0.24222937 0.32215685
0.19640422 0.25142205 0.323051
0.20032579 0.25534362 0.32697257
0.20582382 0.2538926 0.32002357
0.2348902 0.24531378 0.2535608
0.633392 0.5866726 0.5122432
0.6388899 0.58522165 0.5052942
0.6388899 0.58522165 0.5052942
0.64673305 0.5930648 0.51313734
0.6388899 0.58522165 0.5052942
0.62320364 0.57088494 0.48265883
0.6271252 0.5748065 0.4865804
0.6404664 0.57984906 0.49442354
0.64438796 0.58512014 0.49139607
0.64438796 0.58512014 0.49139607
0.6404664 0.5811986 0.4874745
0.6404664 0.5811986 0.4874745
0.6404664 0.5811986 0.4874745
0.6483095 0.5890417 0.49531764
0.65615267 0.59688485 0.5031608
0.6404664 0.5811986 0.4874745
0.6483095 0.5890417 0.49531764
0.65615267 0.59688485 0.5031608
0.6522311 0.59161377 0.5061882
0.6781056 0.6257869 0.53756076
0.6663409 0.6140222 0.52579606
0.6663409 0.6140222 0.52579606
0.6624193 0.61145014 0.5149255
0.65615267 0.59688485 0.5031608
0.68360364 0.6243358 0.53061175
0.6796821 0.62041426 0.5266902
0.6796821 0.62041426 0.5266902
0.701635 0.6493163 0.5610902
0.48514095 0.45097017 0.39583534
0.107862696 0.09049014 0.07674513
0.10628621 0.094513185 0.09456468
0.12823923 0.12206559 0.13591376
0.13450596 0.13663083 0.14767846
0.11489811 0.11702298 0.12807062
0.095290266 0.097415134 0.10846277
0.09294511 0.08812103 0.09367056
0.096866675 0.092042595 0.09759213
0.096866675 0.092042595 0.09759213
0.10863138 0.1038073 0.109356835
0.1541138 0.15623868 0.1672863
0.17764321 0.17976809 0.19081572
0.120396085 0.114222445 0.12807062
0.12589405 0.11547058 0.1072235
0.23961955 0.22919607 0.220949
0.19256073 0.18213725 0.17389017
0.12981562 0.11939215 0.11114507
0.14158034 0.12980732 0.1298588
0.19882746 0.19400339 0.19955291
0.20274903 0.1965754 0.21042356
0.13058439 0.13270926 0.1437569
0.12820019 0.15407246 0.21200782
0.7979807 0.8460494 0.9121804
0.8003258 0.85669315 0.92002356
0.8120905 0.86845785 0.93178827
0.8019023 0.85132056 0.9091529
0.43804315 0.4372677 0.4179216
0.69067806 0.61886185 0.50584316
0.70009756 0.62133247 0.50281566
0.7197054 0.6409403 0.5224235
0.71578383 0.63701874 0.51850194
0.6938309 0.60676724 0.49105096
0.6938309 0.6081168 0.48410195
0.6977525 0.6133879 0.48107457
0.67972106 0.5884075 0.45059615
0.66795635 0.57664275 0.43883145
0.6757995 0.5844859 0.4466746
0.6757995 0.5844859 0.4466746
0.68521905 0.58560693 0.45059615
0.68521905 0.58560693 0.45059615
0.67345434 0.57519174 0.4318824
0.6538465 0.5555839 0.41227457
0.66168964 0.56342703 0.4201177
0.6718779 0.5805644 0.44275302
0.6757995 0.5844859 0.4466746
0.6718779 0.5805644 0.44275302
0.6757995 0.5844859 0.4466746
0.67345434 0.5738422 0.43883145
0.6601132 0.5687996 0.4309883
0.6601132 0.5687996 0.4309883
0.6875642 0.59625065 0.4584393
0.6718779 0.5805644 0.44275302
0.6757995 0.5844859 0.4466746
0.69148576 0.5988226 0.46930987
0.6875642 0.59625065 0.4584393
0.69540733 0.6040938 0.46628243
0.7110936 0.61978006 0.4819687
0.69540733 0.6040938 0.46628243
0.70717204 0.61585844 0.47804713
0.6859878 0.60297275 0.46236086
0.70325047 0.61058736 0.48107457
0.6875642 0.59625065 0.4584393
0.69148576 0.60017216 0.46236086
0.69148576 0.5988226 0.46930987
0.70325047 0.61058736 0.48107457
0.69148576 0.5988226 0.46930987
0.69540733 0.6027442 0.47323143
0.69148576 0.5988226 0.46930987
0.69540733 0.6040938 0.46628243
0.69148576 0.5988226 0.46930987
0.6757995 0.5831363 0.4536236
0.6875642 0.5949011 0.4653883
0.6859878 0.60027367 0.4762588
0.67814463 0.59243053 0.46841568
0.69540733 0.6027442 0.47323143
0.69148576 0.5988226 0.46930987
0.69148576 0.5988226 0.46930987
0.70325047 0.6092378 0.48802352
0.6074392 0.6192123 0.6191608
0.6113608 0.6231339 0.62308234
0.6176275 0.6376992 0.63484704
0.6176275 0.6363496 0.6417961
0.61212957 0.63915014 0.6417961
0.5846786 0.61169916 0.61434513
0.5454629 0.5724835 0.57512945
0.48271778 0.5097384 0.51238436
0.3650707 0.3947904 0.3808392
0.331353 0.35412374 0.33467448
0.37449026 0.397261 0.37781173
0.33527458 0.3580453 0.33859605
0.33527458 0.35534623 0.3524941
0.33527458 0.35399666 0.3594432
0.3768354 0.40250644 0.41345102
0.35722756 0.3828986 0.39384317
0.32035705 0.35432658 0.36247063
0.31251392 0.34513393 0.36157644
0.3399649 0.3725849 0.38902742
0.32427862 0.35689864 0.37334114
0.27329823 0.30591825 0.32236075
0.27564332 0.3152124 0.33715293
0.28583163 0.33234963 0.35978827
0.2897532 0.3362712 0.36370984
0.33681202 0.38333002 0.41076866
0.4403492 0.4785687 0.5088079
0.48663935 0.5096113 0.53715295
0.46549413 0.45797092 0.48011768
0.41770566 0.35749084 0.36604702
0.40597993 0.3096707 0.29903528
0.38871723 0.29935694 0.29421958
0.2843333 0.26156256 0.28101182
0.15799625 0.19351669 0.24035291
0.14307873 0.19384661 0.24338037
0.15718853 0.21490547 0.26993722
0.1830631 0.24772899 0.30825886
0.2230475 0.30161142 0.37313724
0.24892199 0.33308542 0.4184079
0.23165931 0.32277167 0.4135922
0.23950244 0.3306148 0.42143533
0.29048282 0.3815952 0.47241572
0.3532279 0.4443403 0.53516084
0.39478877 0.49419963 0.58221966
0.3539967 0.4603565 0.5538745
0.22223976 0.3203011 0.4166196
0.21439663 0.3111084 0.41572547
0.20420833 0.2926216 0.4000392
0.20736122 0.28187644 0.37829807
0.2285845 0.25735718 0.34568626
0.25607458 0.24740309 0.3248392
0.274145 0.236328 0.30007064
0.28198814 0.24687025 0.29401568
0.39652133 0.3527024 0.3086667
0.6294704 0.58275104 0.50832164
0.6428115 0.5891432 0.5092157
0.64673305 0.5930648 0.51313734
0.63496834 0.5813001 0.5013726
0.6310468 0.5773785 0.49745104
0.63262326 0.5720059 0.4865804
0.6287017 0.56808436 0.48265883
0.63262326 0.57335544 0.47963136
0.63262326 0.57335544 0.47963136
0.6404664 0.5811986 0.4874745
0.64438796 0.58512014 0.49139607
0.6522311 0.5929633 0.4992392
0.65615267 0.59688485 0.5031608
0.65615267 0.59688485 0.5031608
0.6639958 0.604728 0.5110039
0.6639958 0.604728 0.5110039
0.6639958 0.604728 0.5110039
0.65849775 0.60752857 0.5110039
0.65615267 0.59688485 0.5031608
0.6663409 0.6140222 0.52579606
0.6757605 0.6151432 0.5297176
0.67183894 0.6125711 0.51884705
0.6875252 0.6269079 0.5414823
0.6914468 0.63217896 0.5384549
0.67183894 0.6125711 0.51884705
0.6796821 0.62041426 0.5266902
0.68360364 0.6243358 0.53061175
0.6781056 0.6271364 0.53061175
0.13219976 0.096679434 0.04984317
0.14865479 0.12433329 0.10509023
0.12197249 0.11154901 0.103301935
0.11255295 0.109078415 0.10632938
0.120396085 0.115572006 0.12112154
0.11255295 0.10772887 0.113278404
0.11255295 0.10772887 0.113278404
0.10470981 0.09988573 0.10543527
0.09294511 0.08812103 0.09367056
0.09294511 0.08812103 0.09367056
0.10078824 0.09596416 0.1015137
0.1423491 0.14582352 0.14857252
0.27176085 0.27388573 0.2849334
0.12823923 0.12341515 0.12896468
0.12981562 0.12074168 0.10419611
0.2709921 0.26191816 0.2453726
0.17687446 0.16780052 0.15125494
0.1337372 0.124663256 0.108117685
0.14942348 0.139 0.13075292
0.1321608 0.12868628 0.12593724
0.23020001 0.22537594 0.23092546
0.14000393 0.13383031 0.14767846
0.13761973 0.15654305 0.20898037
0.82700807 0.8681279 0.92876077
0.813667 0.86308527 0.92091763
0.81758857 0.86700684 0.9248392
0.813667 0.86308527 0.92091763
0.45918834 0.48350987 0.5027529
0.6867565 0.6149403 0.50192165
0.7173603 0.63029665 0.51458037
0.73696816 0.6499045 0.5341882
0.7212819 0.6342182 0.51850194
0.6859878 0.60027367 0.4762588
0.6875642 0.5949011 0.4653883
0.6875642 0.5949011 0.4653883
0.6757995 0.5844859 0.4466746
0.6812975 0.58168536 0.4466746
0.6930622 0.59345007 0.4584393
0.69698375 0.59872115 0.45541182
0.69698375 0.59737164 0.46236086
0.6930622 0.59345007 0.4584393
0.6891406 0.5895285 0.45451772
0.6812975 0.5830349 0.43972555
0.69698375 0.59737164 0.46236086
0.70325047 0.6119369 0.47412556
0.7150152 0.6237016 0.48589027
0.70325047 0.6119369 0.47412556
0.7048269 0.6052148 0.470204
0.7048269 0.6052148 0.470204
0.70874846 0.60913634 0.47412556
0.7048269 0.6052148 0.470204
0.70717204 0.61585844 0.47804713
0.6993289 0.6080153 0.470204
0.70325047 0.6119369 0.47412556
0.70325047 0.6119369 0.47412556
0.69148576 0.60017216 0.46236086
0.6836426 0.592329 0.45451772
0.7009053 0.6012932 0.46628243
0.6993289 0.6080153 0.470204
0.70325047 0.6119369 0.47412556
0.71893674 0.6276232 0.48981184
0.7228583 0.6315447 0.4937334
0.71893674 0.6276232 0.48981184
0.6993289 0.6080153 0.470204
0.69148576 0.5988226 0.46930987
0.67972106 0.58705795 0.45754516
0.6993289 0.60666573 0.477153
0.6836426 0.59097946 0.46146673
0.6640348 0.57272124 0.43490988
0.6601132 0.5687996 0.4309883
0.6640348 0.57272124 0.43490988
0.6522701 0.5609565 0.42314517
0.6640348 0.5713717 0.4418589
0.67972106 0.58705795 0.45754516
0.67972106 0.58705795 0.45754516
0.66795635 0.5752932 0.44578046
0.66795635 0.5752932 0.44578046
0.6640348 0.5713717 0.4418589
0.6640348 0.5700221 0.44880784
0.60351765 0.6166403 0.6082902
0.6074392 0.6205619 0.61221176
0.61528236 0.62840503 0.6200549
0.6231255 0.6348986 0.63484704
0.61370593 0.63242805 0.63787454
0.5940981 0.6128202 0.6182667
0.56272554 0.58144766 0.58689415
0.4944825 0.5215031 0.52414906
0.3823334 0.4037546 0.3926039
0.33919615 0.36061734 0.34946665
0.3721451 0.38661733 0.3699686
0.34077254 0.35389525 0.34554508
0.33685097 0.34997368 0.3416235
0.331353 0.3500751 0.35552162
0.37841183 0.39578435 0.40952945
0.38467854 0.40900007 0.4282431
0.33369815 0.35801968 0.3772627
0.3140903 0.33841184 0.35765487
0.35565117 0.38827118 0.4047137
0.3282002 0.3608202 0.3772627
0.29290608 0.32417652 0.34891763
0.30467078 0.33459166 0.3676314
0.29917273 0.33739224 0.3676314
0.30467078 0.33459166 0.3676314
0.33212176 0.36204264 0.39508238
0.42231783 0.4522387 0.48527846
0.47645104 0.4897749 0.52841574
0.43804315 0.43051994 0.4526667
0.4153605 0.34684718 0.3582039
0.40205836 0.30574912 0.2951137
0.38871723 0.29935694 0.29421958
0.2843333 0.260213 0.28796083
0.15799625 0.19216713 0.24730194
0.15092187 0.20034021 0.2581725
0.1611101 0.21882704 0.2738588
0.19482781 0.25814414 0.32697257
0.2348122 0.31202656 0.39185095
0.26929858 0.36870944 0.45672944
0.27164376 0.37800357 0.47152156
0.28340846 0.38841873 0.49023527
0.3288908 0.44085014 0.54816467
0.39555746 0.5075168 0.6148313
0.42693004 0.5402389 0.6392549
0.35007513 0.4550854 0.55690193
0.2677222 0.37273246 0.474549
0.3030163 0.40802658 0.5098431
0.32262415 0.42763442 0.52945095
0.31166708 0.39178187 0.502
0.30859235 0.32771686 0.42714506
0.3628037 0.29044294 0.37368625
0.40363485 0.28823057 0.34678435
0.40597993 0.30427247 0.32683134
0.6388899 0.5825226 0.51919216
0.6216273 0.57625747 0.49352947
0.633392 0.5880222 0.5052942
0.63731354 0.59194374 0.5092157
0.6388899 0.58522165 0.5052942
0.63496834 0.5813001 0.5013726
0.6404664 0.5784995 0.5013726
0.6287017 0.56808436 0.48265883
0.63262326 0.57335544 0.47963136
0.6483095 0.5890417 0.49531764
0.63262326 0.57335544 0.47963136
0.6287017 0.56943387 0.4757098
0.63262326 0.57335544 0.47963136
0.63262326 0.57335544 0.47963136
0.6483095 0.5890417 0.49531764
0.6483095 0.5890417 0.49531764
0.6483095 0.5876922 0.50226665
0.6624193 0.6101006 0.5218745
0.6624193 0.6101006 0.5218745
0.67026246 0.61794376 0.5297176
0.6663409 0.6140222 0.52579606
0.6757605 0.6164927 0.5227686
0.6796821 0.62041426 0.5266902
0.69536835 0.63610053 0.54237646
0.68360364 0.6243358 0.53061175
0.6875252 0.6282574 0.5345333
0.68360364 0.6243358 0.53061175
0.6796821 0.62041426 0.5266902
0.6859487 0.63497955 0.5384549
0.6545762 0.6022575 0.51403135
0.6318155 0.59339476 0.5161648
0.088254854 0.07223185 0.05018827
0.09059994 0.07882691 0.0788784
0.102364644 0.09059162 0.09064311
0.08902354 0.08419946 0.08974899
0.096866675 0.092042595 0.09759213
0.10078824 0.09596416 0.1015137
0.08510197 0.08027789 0.085827425
0.10470981 0.09988573 0.10543527
0.11255295 0.10772887 0.113278404
0.1439255 0.13910143 0.14465095
0.2639177 0.2660426 0.27709025
0.15176864 0.14964366 0.13859606
0.21216857 0.20309463 0.18654905
0.1337372 0.124663256 0.108117685
0.13923524 0.121862695 0.108117685
0.13531367 0.11794112 0.10419611
0.3219725 0.311549 0.30330193
0.208247 0.19647399 0.19652547
0.17529805 0.17182353 0.16907449
0.12823923 0.12341515 0.12896468
0.14077255 0.14714749 0.18029016
0.8050551 0.83922595 0.8943608
0.8230865 0.8655559 0.9178902
0.813667 0.86308527 0.92091763
0.81758857 0.86700684 0.9248392
0.6560355 0.6929054 0.73144317
0.6420428 0.57582605 0.47660398
0.729125 0.64206135 0.5263451
0.7448113 0.6577476 0.54203135
0.7408897 0.65382606 0.5381098
0.75265443 0.66694033 0.5429255
0.734623 0.6419599 0.5124471
0.73070145 0.6380383 0.50852555
0.7228583 0.6315447 0.4937334
0.73070145 0.63938785 0.50157654
0.7165916 0.6169795 0.4819687
0.70874846 0.60913634 0.47412556
0.6773759 0.5791133 0.43580398
0.71267 0.6130579 0.47804713
0.68521905 0.58695644 0.44364712
0.6930622 0.5947996 0.45149025
0.71267 0.6130579 0.47804713
0.70717204 0.61585844 0.47804713
0.70874846 0.60913634 0.47412556
0.70325047 0.6119369 0.47412556
0.6930622 0.59345007 0.4584393
0.6812975 0.58168536 0.4466746
0.68521905 0.58560693 0.45059615
0.6812975 0.58168536 0.4466746
0.6836426 0.592329 0.45451772
0.6875642 0.59625065 0.4584393
0.7110936 0.61978006 0.4819687
0.6875642 0.59625065 0.4584393
0.67972106 0.5884075 0.45059615
0.66795635 0.57664275 0.43883145
0.6773759 0.5777638 0.44275302
0.6891406 0.5895285 0.45451772
0.6656112 0.5659991 0.4309883
0.6601132 0.5687996 0.4309883
0.6640348 0.57272124 0.43490988
0.6757995 0.5844859 0.4466746
0.6836426 0.59097946 0.46146673
0.6757995 0.5831363 0.4536236
0.6601132 0.56745005 0.43793732
0.6656112 0.5646495 0.43793732
0.6538465 0.5528848 0.4261726
0.64992493 0.5503128 0.41530204
0.6538465 0.5542344 0.4192236
0.6577681 0.55815595 0.42314517
0.66168964 0.5620775 0.42706674
0.66168964 0.5620775 0.42706674
0.65619165 0.56352854 0.43401575
0.6656112 0.5646495 0.43793732
0.65619165 0.56352854 0.43401575
0.6695328 0.56992066 0.43490988
0.6577681 0.5568064 0.43009418
0.6773759 0.5764142 0.44970202
0.58548635 0.59031034 0.5847608
0.57998824 0.5931109 0.5847608
0.58548635 0.59031034 0.5847608
0.5760667 0.58918935 0.5808392
0.5721451 0.5839182 0.58386666
0.56430197 0.5760751 0.5760235
0.531353 0.5500751 0.5555216
0.47410586 0.48587903 0.48582742
0.38625497 0.40767616 0.39652547
0.39801967 0.41944087 0.40829018
0.3721451 0.3852678 0.37691763
0.34077254 0.35389525 0.34554508
0.3384275 0.34190196 0.34465095
0.32508627 0.33550987 0.3437569
0.3721451 0.3798696 0.4047137
0.37449026 0.3891637 0.41950586
0.3705687 0.38524213 0.4155843
0.31332156 0.31834695 0.35978827
0.3564588 0.3614842 0.40292552
0.3564588 0.3614842 0.40292552
0.2976353 0.30266067 0.344102
0.30547842 0.30915427 0.35889417
0.29371372 0.29604003 0.3540784
0.29921183 0.2932394 0.3540784
0.32431766 0.31004673 0.37368625
0.37529805 0.36237666 0.4177177
0.40274903 0.38982764 0.44516867
0.38394892 0.3515301 0.38207847
0.38556442 0.31010205 0.31596082
0.39421523 0.2965564 0.29421958
0.38871723 0.29935694 0.29421958
0.27491367 0.25909197 0.28403926
0.15249828 0.19496766 0.24730194
0.15484343 0.20426178 0.26209408
0.16345526 0.22812115 0.28865102
0.20109448 0.2713599 0.34568626
0.25284356 0.33835652 0.41538036
0.314781 0.42114082 0.5146588
0.36183983 0.4668501 0.56866664
0.39555746 0.5075168 0.6148313
0.40966734 0.5299252 0.63443923
0.44888303 0.56914085 0.6736549
0.43477318 0.5467325 0.6540471
0.33438885 0.43939912 0.54121566
0.3775261 0.48253638 0.5843529
0.44419277 0.5492031 0.6510196
0.4912516 0.59491235 0.70502746
0.4692986 0.5646608 0.6775765
0.41601205 0.4656317 0.57045496
0.40594095 0.33492973 0.40987456
0.41539955 0.30134484 0.35160005
0.4318545 0.34384376 0.33040783
0.6412351 0.59316623 0.5270353
0.6412351 0.5958653 0.51313734
0.6451567 0.5997869 0.51705885
0.6428115 0.5891432 0.5092157
0.6388899 0.58522165 0.5052942
0.63496834 0.5813001 0.5013726
0.65615267 0.59553534 0.5101098
0.66007423 0.5994569 0.51403135
0.6639958 0.6033785 0.5179529
0.6639958 0.604728 0.5110039
0.6757605 0.6164927 0.5227686
0.6679174 0.60864955 0.5149255
0.66007423 0.6008064 0.50708234
0.6639958 0.604728 0.5110039
0.66007423 0.6008064 0.50708234
0.67183894 0.6125711 0.51884705
0.6757605 0.6151432 0.5297176
0.68202716 0.62970847 0.5414823
0.6898703 0.6375516 0.54932547
0.69379187 0.6414732 0.55324703
0.68202716 0.62970847 0.5414823
0.6898703 0.6389011 0.54237646
0.69771343 0.64674425 0.5502196
0.7055566 0.6545874 0.55806273
0.7055566 0.6545874 0.55806273
0.701635 0.6506658 0.55414116
0.70947814 0.65850896 0.5619843
0.69771343 0.64674425 0.5502196
0.7173213 0.6663521 0.56982744
0.7133997 0.6624305 0.56590587
0.70005864 0.65468884 0.5719608
0.31728226 0.2943103 0.2667686
0.09217642 0.073454335 0.06800782
0.11020778 0.09978431 0.09153723
0.10628621 0.094513185 0.09456468
0.09294511 0.08812103 0.09367056
0.08510197 0.08027789 0.085827425
0.069415696 0.063242055 0.077090226
0.06157255 0.055398922 0.06924709
0.08352556 0.08565043 0.09669807
0.15019223 0.1523171 0.16336474
0.279604 0.28172886 0.29277653
0.13765877 0.1272353 0.118988216
0.4333529 0.41598034 0.40223533
0.17845093 0.16107838 0.14733337
0.13923524 0.121862695 0.108117685
0.15099995 0.1336274 0.11988239
0.2592274 0.24880391 0.24055685
0.28667837 0.2762549 0.2680078
0.12589405 0.11412103 0.11417252
0.1321608 0.12868628 0.12593724
0.13685098 0.14457548 0.16941959
0.7791806 0.8050529 0.86298823
0.8230865 0.8655559 0.9178902
0.81916493 0.8616343 0.9139686
0.8230865 0.8655559 0.9178902
0.7815257 0.8183956 0.85693336
0.5667253 0.5213555 0.4386275
0.70009756 0.62133247 0.50281566
0.72520345 0.63948935 0.5154745
0.7330466 0.6473325 0.52331764
0.71343875 0.62772465 0.5037098
0.7095172 0.6251526 0.49283928
0.70167404 0.61730945 0.48499614
0.68990934 0.6068943 0.46628243
0.6875642 0.59625065 0.4584393
0.6718779 0.5805644 0.44275302
0.66795635 0.57664275 0.43883145
0.65619165 0.5648781 0.42706674
0.6718779 0.5805644 0.44275302
0.6640348 0.57272124 0.43490988
0.6695328 0.56992066 0.43490988
0.65619165 0.5648781 0.42706674
0.6718779 0.5805644 0.44275302
0.66795635 0.57664275 0.43883145
0.6640348 0.57272124 0.43490988
0.6757995 0.5844859 0.4466746
0.69148576 0.60017216 0.46236086
0.6875642 0.59625065 0.4584393
0.6836426 0.592329 0.45451772
0.6718779 0.5805644 0.44275302
0.6718779 0.5805644 0.44275302
0.70717204 0.61585844 0.47804713
0.71893674 0.6276232 0.48981184
0.69540733 0.6040938 0.46628243
0.6757995 0.5844859 0.4466746
0.6718779 0.5805644 0.44275302
0.6757995 0.5844859 0.4466746
0.6601132 0.5687996 0.4309883
0.6405054 0.54919183 0.41138047
0.65619165 0.5648781 0.42706674
0.6483485 0.55703497 0.4192236
0.6640348 0.5713717 0.4418589
0.66795635 0.5752932 0.44578046
0.65619165 0.56352854 0.43401575
0.66168964 0.56072795 0.43401575
0.6538465 0.5528848 0.4261726
0.66168964 0.5620775 0.42706674
0.66168964 0.5620775 0.42706674
0.6577681 0.55815595 0.42314517
0.66168964 0.5620775 0.42706674
0.6577681 0.55815595 0.42314517
0.67345434 0.57249266 0.44578046
0.67345434 0.57249266 0.44578046
0.6773759 0.5764142 0.44970202
0.68521905 0.58425736 0.45754516
0.67345434 0.57249266 0.44578046
0.6812975 0.5803358 0.4536236
0.5007882 0.4973137 0.49456468
0.4756824 0.4805064 0.47495684
0.45999613 0.46482012 0.45927057
0.44430986 0.44913384 0.4435843
0.43254516 0.4360196 0.4387686
0.4129373 0.41641176 0.41916075
0.38156477 0.38368964 0.3947373
0.34234908 0.34582353 0.34857252
0.30705497 0.3105294 0.3132784
0.37372163 0.3785456 0.37299606
0.33608237 0.32990873 0.3437569
0.3219725 0.30750036 0.32414907
0.31020778 0.2943861 0.31933337
0.30628622 0.289115 0.32236075
0.32981563 0.3099453 0.35978827
0.34000394 0.32708254 0.38242358
0.34784707 0.33357614 0.39721566
0.33765876 0.3137398 0.3884784
0.3455019 0.32158294 0.39632154
0.3455019 0.3202334 0.40327057
0.30001956 0.267802 0.34534115
0.28825486 0.25468776 0.34052548
0.28041172 0.24684462 0.33268234
0.2859097 0.24269453 0.3396314
0.28983128 0.2466161 0.34355298
0.29767442 0.25445923 0.3513961
0.30317238 0.25300828 0.34444705
0.3024037 0.2423902 0.29793724
0.3557683 0.2720074 0.2806667
0.39421523 0.29790598 0.28727058
0.38871723 0.29935694 0.29421958
0.2827568 0.2669351 0.2918824
0.15249828 0.19496766 0.24730194
0.15092187 0.20034021 0.2581725
0.1712984 0.23596428 0.29649416
0.20343965 0.28200355 0.3535294
0.27087498 0.36333692 0.44585887
0.37360454 0.47996435 0.57348233
0.44419277 0.5492031 0.6510196
0.48967513 0.60163444 0.708949
0.503785 0.6240428 0.7285569
0.51162815 0.63188595 0.7364
0.4034006 0.5167095 0.61572546
0.36968297 0.47469324 0.5765098
0.47164375 0.5766541 0.6784706
0.53281236 0.64612126 0.7451372
0.5798712 0.6918305 0.7991451
0.5657614 0.66942215 0.77953726
0.52816117 0.5847298 0.69505095
0.45926642 0.39385474 0.48259604
0.42716426 0.31445912 0.35641566
0.49694476 0.41993162 0.38709807
0.63731354 0.5905942 0.5161648
0.6310468 0.5773785 0.49745104
0.63496834 0.5813001 0.5013726
0.64673305 0.59441435 0.5061882
0.64673305 0.5930648 0.51313734
0.6388899 0.58522165 0.5052942
0.64438796 0.58377063 0.4983451
0.6483095 0.5876922 0.50226665
0.6639958 0.6033785 0.5179529
0.6679174 0.60864955 0.5149255
0.6639958 0.604728 0.5110039
0.6639958 0.604728 0.5110039
0.65615267 0.59688485 0.5031608
0.6679174 0.60864955 0.5149255
0.66007423 0.6008064 0.50708234
0.66007423 0.6008064 0.50708234
0.6639958 0.604728 0.5110039
0.6679174 0.60864955 0.5149255
0.6663409 0.6140222 0.52579606
0.67026246 0.6192933 0.5227686
0.6781056 0.6271364 0.53061175
0.674184 0.62321484 0.5266902
0.69379187 0.6428227 0.546298
0.69771343 0.64674425 0.5502196
0.701635 0.6506658 0.55414116
0.701635 0.6506658 0.55414116
0.70947814 0.65850896 0.5619843
0.7055566 0.6545874 0.55806273
0.7055566 0.6545874 0.55806273
0.6992899 0.64137167 0.5393491
0.4608429 0.41412356 0.33969414
0.13689008 0.11391814 0.08637644
0.12747054 0.11009798 0.09635297
0.10628621 0.09586274 0.08761566
0.11412935 0.10235632 0.10240781
0.1321608 0.12733673 0.13288625
0.14000393 0.13383031 0.14767846
0.14000393 0.13383031 0.14767846
0.1321608 0.12598717 0.13983533
0.11097654 0.11310141 0.12414905
0.08744713 0.09092156 0.09367056
0.25999615 0.26212102 0.27316868
0.14000393 0.13652942 0.13378038
0.31570584 0.2983333 0.28458828
0.33531368 0.31929067 0.2972471
0.15099995 0.1336274 0.11988239
0.14315681 0.12578426 0.11203925
0.23569798 0.2252745 0.21702743
0.2709921 0.26056862 0.25232154
0.25138426 0.24096078 0.2327137
0.1321608 0.12868628 0.12593724
0.13292941 0.14200345 0.15854906
0.75330603 0.7722294 0.8246666
0.83250606 0.8680265 0.91486275
0.82074136 0.8549122 0.91004705
0.81524336 0.85771275 0.91004705
0.80663157 0.83520293 0.8765412
0.5220115 0.48224124 0.41330978
0.7197054 0.6409403 0.5224235
0.723627 0.64621145 0.51939607
0.7408897 0.6551756 0.5311608
0.71343875 0.62907416 0.49676085
0.7055956 0.621231 0.4889177
0.7095172 0.6251526 0.49283928
0.70167404 0.618659 0.47804713
0.6977525 0.61473745 0.47412556
0.7150152 0.6237016 0.48589027
0.69540733 0.6040938 0.46628243
0.69148576 0.60017216 0.46236086
0.6836426 0.592329 0.45451772
0.67972106 0.5884075 0.45059615
0.67972106 0.5884075 0.45059615
0.6757995 0.5844859 0.4466746
0.66795635 0.57664275 0.43883145
0.67972106 0.5884075 0.45059615
0.70717204 0.61585844 0.47804713
0.67972106 0.5884075 0.45059615
0.6993289 0.6080153 0.470204
0.6757995 0.5844859 0.4466746
0.6836426 0.592329 0.45451772
0.69148576 0.60017216 0.46236086
0.69540733 0.6040938 0.46628243
0.69148576 0.60017216 0.46236086
0.6836426 0.592329 0.45451772
0.7110936 0.61978006 0.4819687
0.6875642 0.59625065 0.4584393
0.67972106 0.5884075 0.45059615
0.69540733 0.6040938 0.46628243
0.6993289 0.6080153 0.470204
0.6836426 0.592329 0.45451772
0.6993289 0.6080153 0.470204
0.6875642 0.59625065 0.4584393
0.70717204 0.61450887 0.48499614
0.7110936 0.6184305 0.4889177
0.69148576 0.5988226 0.46930987
0.6875642 0.59625065 0.4584393
0.6812975 0.58168536 0.4466746
0.66168964 0.5620775 0.42706674
0.67345434 0.5738422 0.43883145
0.67345434 0.5738422 0.43883145
0.6695328 0.56992066 0.43490988
0.6695328 0.56992066 0.43490988
0.66168964 0.5620775 0.42706674
0.6656112 0.5646495 0.43793732
0.66168964 0.56072795 0.43401575
0.64600337 0.5450417 0.41832948
0.63423866 0.533277 0.40656477
0.64600337 0.5450417 0.41832948
0.31805092 0.3062779 0.3063294
0.30236465 0.29059163 0.29064313
0.29844308 0.28667006 0.28672156
0.29844308 0.28667006 0.28672156
0.29059994 0.27747738 0.28582743
0.27883524 0.2643631 0.28101182
0.27649015 0.25236985 0.2801177
0.27022344 0.23780464 0.268353
0.27022344 0.23780464 0.268353
0.30317238 0.26245508 0.29580396
0.2929841 0.24126919 0.29401568
0.3024037 0.24104063 0.3048863
0.2929841 0.23991962 0.30096474
0.29456055 0.23049842 0.31094116
0.32043508 0.263322 0.3492627
0.32435665 0.26454446 0.3670824
0.34630963 0.29344642 0.4014824
0.3502312 0.29601845 0.41235292
0.3502312 0.29466888 0.41930193
0.35257638 0.30531254 0.42714506
0.3486548 0.30274054 0.4162745
0.29767442 0.25176015 0.3652941
0.29140767 0.2371949 0.3535294
0.30082723 0.23561685 0.37134907
0.29848212 0.22497314 0.36350593
0.29848212 0.22497314 0.36350593
0.29848212 0.22902179 0.34265888
0.29221547 0.2225538 0.28920004
0.34792516 0.26416427 0.27282357
0.39421523 0.2965564 0.29421958
0.3808741 0.2915138 0.28637645
0.27491367 0.26044154 0.27709025
0.15799625 0.19216713 0.24730194
0.1493454 0.20571278 0.26904318
0.16580035 0.2374153 0.30344316
0.20578474 0.2912977 0.36832154
0.292828 0.39223886 0.48025885
0.42066336 0.5256737 0.62749016
0.48967513 0.602984 0.702
0.5406555 0.65261483 0.7599294
0.56260854 0.68286633 0.7873804
0.56260854 0.68286633 0.7873804
0.35007513 0.4550854 0.55690193
0.4167418 0.5217521 0.62356865
0.514781 0.6197913 0.7216078
0.5681065 0.6814154 0.7804314
0.59555745 0.7075168 0.8148314
0.5853692 0.68903 0.7991451
0.5328514 0.6046676 0.7176863
0.43885088 0.39698526 0.4856235
0.38714084 0.29798177 0.33983535
0.6271252 0.5694083 0.51437646
0.6177057 0.5723359 0.4896079
0.6271252 0.57345694 0.49352947
0.63496834 0.5813001 0.5013726
0.63496834 0.58264965 0.49442354
0.6483095 0.5876922 0.50226665
0.6365448 0.5759275 0.49050197
0.6365448 0.577277 0.48355293
0.6404664 0.5811986 0.4874745
0.66165066 0.5940843 0.5031608
0.66007423 0.6008064 0.50708234
0.6639958 0.604728 0.5110039
0.66007423 0.6008064 0.50708234
0.66007423 0.6008064 0.50708234
0.65615267 0.59688485 0.5031608
0.6639958 0.604728 0.5110039
0.6639958 0.604728 0.5110039
0.6796821 0.62041426 0.5266902
0.6796821 0.62041426 0.5266902
0.68360364 0.6243358 0.53061175
0.6757605 0.6164927 0.5227686
0.68360364 0.6243358 0.53061175
0.69536835 0.63610053 0.54237646
0.6992899 0.6400221 0.546298
0.69536835 0.63610053 0.54237646
0.701635 0.6506658 0.55414116
0.69771343 0.6480938 0.54327065
0.7032115 0.64529324 0.54327065
0.6992899 0.64137167 0.5393491
0.69536835 0.6374501 0.5354275
0.6914468 0.63352853 0.53150594
0.6796821 0.6217638 0.51974124
0.5392743 0.49255496 0.4181255
0.10551754 0.081196025 0.061952975
0.09059994 0.080176465 0.07192939
0.078835234 0.06706221 0.0671137
0.08902354 0.085549004 0.08279997
0.11647452 0.11165044 0.11719997
0.10863138 0.1038073 0.109356835
0.11412935 0.10235632 0.10240781
0.10078824 0.09731371 0.09456468
0.10078824 0.09596416 0.1015137
0.2639177 0.2660426 0.27709025
0.13608237 0.1312583 0.13680781
0.14707838 0.1283563 0.122909784
0.5274706 0.51144755 0.489404
0.12747054 0.111447535 0.08940396
0.13531367 0.11794112 0.10419611
0.13765877 0.12858483 0.11203925
0.20040387 0.18998039 0.18173331
0.23961955 0.22919607 0.220949
0.12823923 0.12611425 0.11506665
0.1439255 0.13640232 0.15854906
0.7062472 0.72652006 0.77065885
0.83958054 0.8598534 0.9039922
0.82231784 0.8495397 0.8991765
0.82231784 0.8495397 0.8991765
0.80036485 0.8206377 0.8647765
0.44984683 0.41567606 0.36054122
0.71578383 0.6383683 0.51155293
0.73696816 0.65125406 0.5272392
0.7448113 0.6604467 0.5281334
0.74873286 0.6643683 0.53205496
0.73696816 0.65260357 0.52029026
0.72520345 0.64083886 0.50852555
0.73696816 0.65395314 0.51334125
0.7212819 0.63826686 0.49765497
0.72520345 0.64218843 0.50157654
0.734623 0.6446589 0.49854907
0.73070145 0.6407374 0.4946275
0.7150152 0.62505114 0.47894123
0.7228583 0.6315447 0.4937334
0.7150152 0.6237016 0.48589027
0.7150152 0.6237016 0.48589027
0.71893674 0.6276232 0.48981184
0.7150152 0.6237016 0.48589027
0.7267799 0.63546634 0.49765497
0.7150152 0.6237016 0.48589027
0.7150152 0.6237016 0.48589027
0.71893674 0.6276232 0.48981184
0.70325047 0.6119369 0.47412556
0.73070145 0.63938785 0.50157654
0.73070145 0.63938785 0.50157654
0.7150152 0.6237016 0.48589027
0.7110936 0.61978006 0.4819687
0.70717204 0.61585844 0.47804713
0.734623 0.6433095 0.5054981
0.7110936 0.61978006 0.4819687
0.70325047 0.6119369 0.47412556
0.73070145 0.63938785 0.50157654
0.7150152 0.6237016 0.48589027
0.70717204 0.61585844 0.47804713
0.6993289 0.6080153 0.470204
0.71893674 0.6276232 0.48981184
0.70325047 0.6119369 0.47412556
0.71893674 0.6276232 0.48981184
0.6836426 0.592329 0.45451772
0.6891406 0.5895285 0.45451772
0.6812975 0.58168536 0.4466746
0.6812975 0.58168536 0.4466746
0.6812975 0.58168536 0.4466746
0.66795635 0.57664275 0.43883145
0.6718779 0.5805644 0.44275302
0.67972106 0.58705795 0.45754516
0.6601132 0.56745005 0.43793732
0.6695328 0.5685711 0.4418589
0.6695328 0.5685711 0.4418589
0.6538465 0.5528848 0.4261726
0.6577681 0.5568064 0.43009418
0.26864702 0.24857539 0.25142744
0.27649015 0.25641853 0.25927058
0.2843333 0.26426166 0.26711372
0.30394113 0.2838695 0.28672156
0.30001956 0.2785984 0.289749
0.30551755 0.2744483 0.2966981
0.29140767 0.25069037 0.28403926
0.29063898 0.2306255 0.28617254
0.30790174 0.23824006 0.3048863
0.30163503 0.2223253 0.30007064
0.30713305 0.21817519 0.3070196
0.29379186 0.21178307 0.30612546
0.30163503 0.21827666 0.32091764
0.31339973 0.22869182 0.3396314
0.34319586 0.26543692 0.38187456
0.36672527 0.2876168 0.41235292
0.36514878 0.29298934 0.4232235
0.3792586 0.31404823 0.44978043
0.38318017 0.3179698 0.453702
0.37218422 0.32357085 0.453702
0.3604195 0.31315568 0.4349882
0.3251254 0.27786157 0.3996941
0.29532924 0.23841739 0.37134907
0.30867037 0.24211042 0.3861412
0.31024683 0.2353883 0.38221964
0.31024683 0.2353883 0.38221964
0.3024037 0.23159382 0.3535294
0.30163503 0.22367485 0.2931216
0.34950155 0.2560926 0.27585095
0.3863721 0.29006284 0.27942744
0.3792977 0.29823592 0.290298
0.2843333 0.260213 0.28796083
0.16191782 0.1960887 0.2512235
0.158765 0.20818335 0.26601565
0.17364348 0.24525844 0.3112863
0.22147101 0.30698398 0.3840078
0.30851427 0.40792513 0.49594513
0.43634963 0.54135996 0.64317644
0.5171261 0.630435 0.72945094
0.57202804 0.68533695 0.7843529
0.5939811 0.7142389 0.81875294
0.48575357 0.5977129 0.70502746
0.31870258 0.42371285 0.5255294
0.43242806 0.5374384 0.6392549
0.53438884 0.6393992 0.7412157
0.57202804 0.6839874 0.79130197
0.59555745 0.7075168 0.8148314
0.5892908 0.69295156 0.8030667
0.5328514 0.6046676 0.7176863
0.41374505 0.37882838 0.47296473
0.36045855 0.29059568 0.31025097
0.6216273 0.5735584 0.50742745
0.63731354 0.59194374 0.5092157
0.6545762 0.6009079 0.5209805
0.64673305 0.59441435 0.5061882
0.64673305 0.59441435 0.5061882
0.65615267 0.59553534 0.5101098
0.64438796 0.58377063 0.4983451
0.6365448 0.5759275 0.49050197
0.6365448 0.577277 0.48355293
0.6365448 0.577277 0.48355293
0.6483095 0.5890417 0.49531764
0.65615267 0.59688485 0.5031608
0.6483095 0.5890417 0.49531764
0.65615267 0.59688485 0.5031608
0.65615267 0.59688485 0.5031608
0.66007423 0.6008064 0.50708234
0.66007423 0.6008064 0.50708234
0.6679174 0.60864955 0.5149255
0.6679174 0.60864955 0.5149255
0.66007423 0.6008064 0.50708234
0.6639958 0.604728 0.5110039
0.6639958 0.604728 0.5110039
0.6796821 0.62041426 0.5266902
0.6875252 0.6282574 0.5345333
0.6914468 0.63352853 0.53150594
0.69536835 0.6374501 0.5354275
0.69536835 0.6374501 0.5354275
0.7032115 0.64529324 0.54327065
0.6992899 0.64137167 0.5393491
0.69536835 0.6374501 0.5354275
0.6796821 0.62311333 0.5127922
0.68360364 0.6256854 0.5236628
0.6757605 0.6164927 0.5227686
0.13689008 0.11256857 0.093325526
0.09059994 0.080176465 0.07192939
0.10628621 0.09586274 0.08761566
0.102364644 0.09059162 0.09064311
0.10628621 0.094513185 0.09456468
0.09452151 0.08274848 0.08279997
0.09452151 0.08274848 0.08279997
0.11255295 0.109078415 0.10632938
0.15961178 0.1547877 0.16033722
0.29529026 0.2987647 0.3015137
0.15569021 0.15086614 0.15641566
0.1337372 0.12331372 0.11506665
0.34707838 0.33105537 0.30901182
0.1313921 0.115369104 0.093325526
0.1196274 0.1036044 0.08156082
0.1941372 0.17676465 0.16301964
0.14707838 0.12970583 0.11596082
0.24354112 0.23311764 0.22487056
0.13765877 0.1272353 0.118988216
0.1439255 0.13775188 0.15160003
0.58625495 0.59822935 0.64516866
0.8317374 0.85201025 0.89614904
0.82389426 0.8441671 0.8883059
0.8144747 0.84169656 0.89133334
0.8019412 0.8152652 0.8539059
0.37141547 0.33589515 0.28905886
0.70009756 0.62268203 0.49586666
0.72520345 0.64083886 0.50852555
0.7173603 0.6329957 0.5006824
0.71343875 0.62907416 0.49676085
0.70167404 0.61730945 0.48499614
0.6993289 0.60666573 0.477153
0.69540733 0.6040938 0.46628243
0.69540733 0.60544324 0.4593334
0.7110936 0.6211295 0.47501966
0.6836426 0.5936786 0.44756868
0.6656112 0.5673486 0.42403927
0.6930622 0.5947996 0.45149025
0.66795635 0.5779923 0.4318824
0.6836426 0.592329 0.45451772
0.6875642 0.59625065 0.4584393
0.67972106 0.5884075 0.45059615
0.6812975 0.58168536 0.4466746
0.67972106 0.5884075 0.45059615
0.6718779 0.5805644 0.44275302
0.6522701 0.5609565 0.42314517
0.6656112 0.5673486 0.42403927
0.66168964 0.56342703 0.4201177
0.64600337 0.54774076 0.40443143
0.65619165 0.56622756 0.4201177
0.6522701 0.56230605 0.41619614
0.6483485 0.5583844 0.41227457
0.6640348 0.57272124 0.43490988
0.65619165 0.5648781 0.42706674
0.64442694 0.55311334 0.41530204
0.67972106 0.5884075 0.45059615
0.6601132 0.5687996 0.4309883
0.6640348 0.57272124 0.43490988
0.6601132 0.5687996 0.4309883
0.6601132 0.5687996 0.4309883
0.66795635 0.57664275 0.43883145
0.6718779 0.5805644 0.44275302
0.69148576 0.60017216 0.46236086
0.6891406 0.5895285 0.45451772
0.68521905 0.58560693 0.45059615
0.68521905 0.58560693 0.45059615
0.6773759 0.5791133 0.43580398
0.6812975 0.5830349 0.43972555
0.6812975 0.58168536 0.4466746
0.69698375 0.59737164 0.46236086
0.7009053 0.6012932 0.46628243
0.7009053 0.6012932 0.46628243
0.6930622 0.59345007 0.4584393
0.6891406 0.5895285 0.45451772
0.6836426 0.592329 0.45451772
0.6836426 0.59097946 0.46146673
0.3588431 0.340121 0.33467448
0.3823725 0.3636504 0.3582039
0.39805877 0.37933668 0.37389016
0.42158818 0.4028661 0.39741957
0.42158818 0.40151656 0.4043686
0.40747833 0.37775865 0.39170977
0.37768218 0.33696488 0.37031376
0.34711742 0.2761062 0.35105103
0.3502703 0.26131245 0.35015684
0.33616045 0.236205 0.34444705
0.3283173 0.22701229 0.34355298
0.32047418 0.2178196 0.34265888
0.3149762 0.22062013 0.34265888
0.32124287 0.23383588 0.36137253
0.37614483 0.28873783 0.4162745
0.3863331 0.30587506 0.43890977
0.3769135 0.30475405 0.4349882
0.39652133 0.32301235 0.46154514
0.38710174 0.32189137 0.45762357
0.3761058 0.32749242 0.45762357
0.35649794 0.3092341 0.43106663
0.33531368 0.29634836 0.41538036
0.30709395 0.2501821 0.38311377
0.3165135 0.24995355 0.39398435
0.3165135 0.24995355 0.39398435
0.3141684 0.23930986 0.3861412
0.30632526 0.2355154 0.35745096
0.30947816 0.23151797 0.30096474
0.35342312 0.26136374 0.27282357
0.3863721 0.28871328 0.28637645
0.37537614 0.2929648 0.29332554
0.28041172 0.25629142 0.28403926
0.16191782 0.1960887 0.2512235
0.15718853 0.21355592 0.2768863
0.17756505 0.24918 0.31520787
0.23323572 0.31874868 0.39577252
0.33596525 0.4353761 0.52339613
0.45987904 0.5648894 0.66670585
0.53281236 0.64612126 0.7451372
0.5900595 0.7116669 0.8078823
0.6034006 0.7153599 0.8226745
0.36183983 0.46550056 0.57561564
0.31870258 0.42371285 0.5255294
0.44811434 0.55312467 0.6549412
0.542232 0.6472423 0.74905884
0.5798712 0.6931801 0.79219604
0.59555745 0.7075168 0.8148314
0.5892908 0.69295156 0.8030667
0.52500826 0.59682447 0.70984316
0.40040386 0.37513536 0.45817253
0.34711742 0.29095125 0.27461174
0.63731354 0.58924466 0.5231137
0.6451567 0.5997869 0.51705885
0.6428115 0.5891432 0.5092157
0.6428115 0.5904928 0.50226665
0.6388899 0.5865712 0.4983451
0.63496834 0.58264965 0.49442354
0.63262326 0.5720059 0.4865804
0.6365448 0.577277 0.48355293
0.6404664 0.5811986 0.4874745
0.64438796 0.58512014 0.49139607
0.64438796 0.58512014 0.49139607
0.6483095 0.5890417 0.49531764
0.64438796 0.58512014 0.49139607
0.65615267 0.59688485 0.5031608
0.65615267 0.59688485 0.5031608
0.6522311 0.5929633 0.4992392
0.6679174 0.60864955 0.5149255
0.6679174 0.60864955 0.5149255
0.67183894 0.6125711 0.51884705
0.67183894 0.6125711 0.51884705
0.67183894 0.6125711 0.51884705
0.6757605 0.6164927 0.5227686
0.68360364 0.6243358 0.53061175
0.68360364 0.6243358 0.53061175
0.6875252 0.6282574 0.5345333
0.6914468 0.63352853 0.53150594
0.6875252 0.62960696 0.5275844
0.6875252 0.62960696 0.5275844
0.70086634 0.6346496 0.5354275
0.6992899 0.6427212 0.5324001
0.6930232 0.62815595 0.52063537
0.6796821 0.6217638 0.51974124
0.68202716 0.62970847 0.5414823
0.21532145 0.19099995 0.1717569
0.0827568 0.07233333 0.06408625
0.098443076 0.0880196 0.079772525
0.11412935 0.10235632 0.10240781
0.11412935 0.10235632 0.10240781
0.10628621 0.094513185 0.09456468
0.096866675 0.092042595 0.09759213
0.09294511 0.08812103 0.09367056
0.120396085 0.115572006 0.12112154
0.1658785 0.16935293 0.17210193
0.1439255 0.14045098 0.13770194
0.13765877 0.1272353 0.118988216
0.14158034 0.13115686 0.122909784
0.15099995 0.1336274 0.11988239
0.14707838 0.13105538 0.1090118
0.23727445 0.22125146 0.19920787
0.26080388 0.24343133 0.2296863
0.13765877 0.1272353 0.118988216
0.13765877 0.1272353 0.118988216
0.14784707 0.14167345 0.1555216
0.49998048 0.51195484 0.55889416
0.83723533 0.8505593 0.88920003
0.8199727 0.84024554 0.88438433
0.8199727 0.84024554 0.88438433
0.8058628 0.81918675 0.8578275
0.31808996 0.27427104 0.23023534
0.6977525 0.6120384 0.48802352
0.729125 0.64476043 0.5124471
0.7330466 0.648682 0.5163687
0.73696816 0.65260357 0.52029026
0.7330466 0.648682 0.5163687
0.7267799 0.63546634 0.49765497
0.73070145 0.63938785 0.50157654
0.6993289 0.60936487 0.46325496
0.69540733 0.60544324 0.4593334
0.68521905 0.58695644 0.44364712
0.6930622 0.5947996 0.45149025
0.6812975 0.5830349 0.43972555
0.67972106 0.5884075 0.45059615
0.69148576 0.60017216 0.46236086
0.70325047 0.6119369 0.47412556
0.6836426 0.5936786 0.44756868
0.69148576 0.60017216 0.46236086
0.69148576 0.60017216 0.46236086
0.7150152 0.6237016 0.48589027
0.70325047 0.6119369 0.47412556
0.6930622 0.59345007 0.4584393
0.69540733 0.60544324 0.4593334
0.6993289 0.60936487 0.46325496
0.70717204 0.617208 0.4710981
0.70325047 0.6132864 0.46717653
0.7110936 0.6211295 0.47501966
0.7150152 0.6237016 0.48589027
0.7150152 0.6237016 0.48589027
0.71893674 0.6276232 0.48981184
0.7150152 0.6237016 0.48589027
0.71893674 0.6276232 0.48981184
0.70717204 0.61585844 0.47804713
0.6993289 0.6080153 0.470204
0.69540733 0.6040938 0.46628243
0.70325047 0.6119369 0.47412556
0.69148576 0.60017216 0.46236086
0.69540733 0.6040938 0.46628243
0.69540733 0.6040938 0.46628243
0.6773759 0.5777638 0.44275302
0.66168964 0.5620775 0.42706674
0.6538465 0.5555839 0.41227457
0.6381602 0.5398976 0.3965883
0.6577681 0.55815595 0.42314517
0.6538465 0.5542344 0.4192236
0.6538465 0.5542344 0.4192236
0.63423866 0.53462654 0.39961576
0.64992493 0.5503128 0.41530204
0.63266224 0.5413487 0.40353733
0.64992493 0.5503128 0.41530204
0.6640348 0.5713717 0.4418589
0.4921764 0.47480386 0.46105886
0.5157059 0.4983333 0.4845883
0.52197254 0.51289856 0.496353
0.5258941 0.51682013 0.50027454
0.53139216 0.51267004 0.50722355
0.4976744 0.46930426 0.47495684
0.4482704 0.4075531 0.440902
0.3863331 0.3153219 0.39026672
0.35968986 0.26108396 0.36102742
0.34557998 0.23732604 0.34836861
0.33223888 0.23093386 0.34747455
0.33223888 0.22958432 0.35442358
0.33066246 0.23495688 0.3652941
0.33300757 0.24560058 0.37313724
0.36045855 0.271702 0.40753722
0.35888213 0.27707455 0.4184079
0.39259976 0.31909078 0.45762357
0.40436447 0.3308555 0.46938828
0.3674939 0.30228353 0.43801573
0.3619959 0.30508405 0.43801573
0.33923525 0.30026993 0.41930193
0.3196274 0.2806621 0.3996941
0.3196274 0.27931255 0.40664318
0.3251254 0.27516246 0.4135922
0.3267018 0.26978993 0.4027216
0.31101552 0.25410366 0.38703534
0.29690567 0.23574392 0.34658045
0.30398017 0.2343185 0.30096474
0.3573447 0.2652853 0.27674514
0.3863721 0.29006284 0.27942744
0.37145457 0.2903928 0.28245488
0.27491367 0.25909197 0.28403926
0.16818455 0.21065393 0.2629882
0.1611101 0.21747749 0.28080788
0.18540819 0.25702313 0.323051
0.23950244 0.33196437 0.41448632
0.35007513 0.45643494 0.5499529
0.47398886 0.58729774 0.68631375
0.54849863 0.66180754 0.7608235
0.60732216 0.72063106 0.8196471
0.56026334 0.67357224 0.77258825
0.26929858 0.3673599 0.46367842
0.33596525 0.43402657 0.5303451
0.45595747 0.5609678 0.66278434
0.54615355 0.6511639 0.75298035
0.5775261 0.6825364 0.7843529
0.59713393 0.7007947 0.8109098
0.5775261 0.68118685 0.79130197
0.51324356 0.58505976 0.6980784
0.3823725 0.35015494 0.42769408
0.5549606 0.5041926 0.4546589
0.6216273 0.5749079 0.5004785
0.633392 0.5880222 0.5052942
0.6428115 0.5891432 0.5092157
0.6428115 0.5891432 0.5092157
0.6428115 0.5891432 0.5092157
0.64673305 0.5930648 0.51313734
0.64438796 0.58377063 0.4983451
0.6483095 0.5876922 0.50226665
0.6404664 0.57984906 0.49442354
0.6365448 0.5759275 0.49050197
0.6365448 0.577277 0.48355293
0.6483095 0.5890417 0.49531764
0.6483095 0.5890417 0.49531764
0.64438796 0.58512014 0.49139607
0.6404664 0.5811986 0.4874745
0.6404664 0.5811986 0.4874745
0.6522311 0.5929633 0.4992392
0.6639958 0.604728 0.5110039
0.6639958 0.604728 0.5110039
0.6679174 0.60864955 0.5149255
0.67183894 0.6125711 0.51884705
0.6757605 0.6164927 0.5227686
0.6796821 0.62041426 0.5266902
0.6875252 0.6282574 0.5345333
0.6992899 0.6400221 0.546298
0.7032115 0.64394367 0.5502196
0.69536835 0.6374501 0.5354275
0.69536835 0.6374501 0.5354275
0.6875252 0.62960696 0.5275844
0.68360364 0.6270349 0.5167138
0.69536835 0.6387996 0.5284785
0.69379187 0.6428227 0.546298
0.10317238 0.07325147 0.040211737
0.12981562 0.12074168 0.10419611
0.0827568 0.070983775 0.071035266
0.09452151 0.08274848 0.08279997
0.09294511 0.08947057 0.08672154
0.096866675 0.092042595 0.09759213
0.10470981 0.09988573 0.10543527
0.11647452 0.110300876 0.12414905
0.14000393 0.13383031 0.14767846
0.12666282 0.1287877 0.13983533
0.14784707 0.143023 0.14857252
0.1439255 0.14045098 0.13770194
0.13765877 0.1272353 0.118988216
0.14158034 0.1325064 0.11596082
0.15099995 0.1336274 0.11988239
0.14707838 0.13105538 0.1090118
0.14707838 0.13105538 0.1090118
0.23335288 0.21598034 0.20223533
0.16903132 0.15860784 0.15036076
0.13765877 0.1272353 0.118988216
0.14784707 0.143023 0.14857252
0.5250863 0.5301117 0.571553
0.83723533 0.8505593 0.88920003
0.8254706 0.8387946 0.8774353
0.8254706 0.8387946 0.8774353
0.80901575 0.8084415 0.8360863
0.29221547 0.24144748 0.19191377
0.7055956 0.621231 0.4889177
0.7173603 0.6329957 0.5006824
0.75265443 0.66828984 0.5359765
0.71343875 0.62907416 0.49676085
0.7110936 0.61978006 0.4819687
0.7150152 0.6237016 0.48589027
0.71893674 0.6276232 0.48981184
0.7228583 0.6328943 0.48678437
0.7228583 0.6328943 0.48678437
0.69540733 0.60544324 0.4593334
0.7228583 0.6328943 0.48678437
0.6993289 0.60936487 0.46325496
0.70325047 0.6119369 0.47412556
0.73070145 0.63938785 0.50157654
0.7110936 0.61978006 0.4819687
0.7110936 0.61978006 0.4819687
0.7150152 0.6237016 0.48589027
0.7228583 0.6315447 0.4937334
0.7150152 0.6237016 0.48589027
0.7228583 0.6315447 0.4937334
0.7110936 0.61978006 0.4819687
0.70717204 0.617208 0.4710981
0.7228583 0.6315447 0.4937334
0.73070145 0.63938785 0.50157654
0.7463877 0.6550741 0.5172628
0.73070145 0.63938785 0.50157654
0.7212819 0.63826686 0.49765497
0.7267799 0.63546634 0.49765497
0.7385446 0.647231 0.5094197
0.70325047 0.6119369 0.47412556
0.70717204 0.61585844 0.47804713
0.7150152 0.6237016 0.48589027
0.71343875 0.6304237 0.48981184
0.68990934 0.6068943 0.46628243
0.7095172 0.62650216 0.48589027
0.70167404 0.618659 0.47804713
0.6993289 0.6080153 0.470204
0.70325047 0.6119369 0.47412556
0.6757995 0.5844859 0.4466746
0.6875642 0.59625065 0.4584393
0.6601132 0.5687996 0.4309883
0.6836426 0.592329 0.45451772
0.67972106 0.5884075 0.45059615
0.67972106 0.5884075 0.45059615
0.6875642 0.59625065 0.4584393
0.69148576 0.60017216 0.46236086
0.6993289 0.6080153 0.470204
0.67972106 0.5884075 0.45059615
0.6773759 0.5777638 0.44275302
0.67972106 0.5884075 0.45059615
0.5627647 0.54674166 0.5246981
0.58237255 0.5663495 0.5443059
0.5768745 0.5691501 0.5443059
0.56903136 0.5599574 0.54341185
0.55884314 0.540121 0.5346745
0.51178426 0.49306217 0.48761564
0.46395668 0.42323938 0.45658827
0.4153605 0.33605078 0.41379613
0.37145457 0.27284867 0.37279212
0.35342312 0.24516918 0.35621175
0.3416584 0.2320549 0.3513961
0.33458403 0.24022798 0.36226672
0.33066246 0.23495688 0.3652941
0.35653698 0.26913 0.39666665
0.35496056 0.27585208 0.4005882
0.36514878 0.29298934 0.4232235
0.38710174 0.32459047 0.44372547
0.42081943 0.36660668 0.48294115
0.3761058 0.33019152 0.44372547
0.3823725 0.34475675 0.45549017
0.37295288 0.34363574 0.4515686
0.37137648 0.35170737 0.44854122
0.3658785 0.35585743 0.4415922
0.3776432 0.36762214 0.4533569
0.38156477 0.3715437 0.45727846
0.32981563 0.30319756 0.39453337
0.28198814 0.24147207 0.32181174
0.28437233 0.21740976 0.2674588
0.3440036 0.2602427 0.268902
0.3863721 0.29006284 0.27942744
0.3808741 0.2915138 0.28637645
0.27883524 0.26301354 0.28796083
0.16583939 0.20001027 0.25514507
0.16503167 0.22139905 0.28472945
0.18932976 0.25959516 0.33392155
0.2551887 0.34765065 0.4301726
0.38144767 0.48780748 0.5813255
0.48967513 0.602984 0.702
0.56026334 0.67357224 0.77258825
0.60732216 0.72063106 0.8196471
0.47948688 0.5844972 0.68631375
0.24576917 0.3438305 0.440149
0.34380838 0.4418697 0.5381882
0.46537703 0.5634384 0.65975684
0.55165154 0.64836335 0.75298035
0.5736045 0.67861485 0.7804314
0.59321237 0.6968731 0.80698824
0.56968296 0.6733437 0.7834588
0.5030553 0.56657296 0.6823921
0.37452936 0.34501088 0.405953
0.61378413 0.5643657 0.5065333
0.61928207 0.56426424 0.49263537
0.61928207 0.5656138 0.48568633
0.62320364 0.5695354 0.4896079
0.61143893 0.55777067 0.4778432
0.61928207 0.5656138 0.48568633
0.63496834 0.5813001 0.5013726
0.63262326 0.5720059 0.4865804
0.6287017 0.56808436 0.48265883
0.64438796 0.58377063 0.4983451
0.64438796 0.58377063 0.4983451
0.6522311 0.59161377 0.5061882
0.66007423 0.5994569 0.51403135
0.66007423 0.5994569 0.51403135
0.66007423 0.5994569 0.51403135
0.65615267 0.59688485 0.5031608
0.6428115 0.5918423 0.49531764
0.6624193 0.61145014 0.5149255
0.65849775 0.60752857 0.5110039
0.6545762 0.603607 0.50708234
0.65849775 0.60752857 0.5110039
0.6639958 0.6033785 0.5179529
0.6679174 0.60864955 0.5149255
0.6679174 0.60864955 0.5149255
0.6796821 0.62041426 0.5266902
0.6757605 0.6164927 0.5227686
0.6796821 0.62041426 0.5266902
0.6875252 0.6282574 0.5345333
0.6796821 0.6217638 0.51974124
0.68910164 0.62288487 0.5236628
0.67341536 0.6071986 0.50797653
0.6694938 0.60462654 0.49710596
0.67183894 0.6139207 0.5118981
0.263188 0.22206819 0.16143528
0.16276465 0.14674166 0.12469807
0.1439255 0.14045098 0.13770194
0.14000393 0.13652942 0.13378038
0.14784707 0.14437255 0.14162351
0.14550191 0.13372889 0.13378038
0.1337372 0.12196418 0.12201566
0.12981562 0.118042596 0.11809409
0.12589405 0.11412103 0.11417252
0.12197249 0.11019946 0.11025095
0.14784707 0.14437255 0.14162351
0.14784707 0.14437255 0.14162351
0.13608237 0.13395739 0.122909784
0.13765877 0.12858483 0.11203925
0.2568823 0.23950975 0.22576474
0.15492152 0.13754897 0.12380396
0.14707838 0.12970583 0.11596082
0.15099995 0.1336274 0.11988239
0.15492152 0.13619943 0.13075292
0.14550191 0.13507843 0.12683135
0.1439255 0.13910143 0.14465095
0.62704706 0.633422 0.6665647
0.8466549 0.85302985 0.88617253
0.82704705 0.833422 0.8665647
0.8231255 0.82950044 0.8626431
0.8066706 0.80049694 0.8143451
0.2875252 0.22420876 0.15538043
0.729125 0.64476043 0.5124471
0.7212819 0.6369173 0.504604
0.7095172 0.6251526 0.49283928
0.71343875 0.62907416 0.49676085
0.7095172 0.62650216 0.48589027
0.7173603 0.6343453 0.4937334
0.7055956 0.6225806 0.4819687
0.7228583 0.6328943 0.48678437
0.7150152 0.62505114 0.47894123
0.7150152 0.62505114 0.47894123
0.69540733 0.60544324 0.4593334
0.6993289 0.60936487 0.46325496
0.6875642 0.5976001 0.45149025
0.66795635 0.57664275 0.43883145
0.70717204 0.61585844 0.47804713
0.7228583 0.6315447 0.4937334
0.6993289 0.6080153 0.470204
0.70325047 0.6119369 0.47412556
0.6993289 0.6080153 0.470204
0.69148576 0.60152173 0.45541182
0.7048269 0.6065643 0.46325496
0.7009053 0.6026427 0.4593334
0.71893674 0.62897265 0.4828628
0.73070145 0.6407374 0.4946275
0.72520345 0.64218843 0.50157654
0.7212819 0.63826686 0.49765497
0.72520345 0.64218843 0.50157654
0.7173603 0.6343453 0.4937334
0.71343875 0.6304237 0.48981184
0.71893674 0.6276232 0.48981184
0.71893674 0.6276232 0.48981184
0.7095172 0.62650216 0.48589027
0.7055956 0.6225806 0.4819687
0.7173603 0.6343453 0.4937334
0.6859878 0.60297275 0.46236086
0.6859878 0.60297275 0.46236086
0.70167404 0.618659 0.47804713
0.70325047 0.6119369 0.47412556
0.69540733 0.6040938 0.46628243
0.69148576 0.60017216 0.46236086
0.70717204 0.61585844 0.47804713
0.6930622 0.59345007 0.4584393
0.6930622 0.59345007 0.4584393
0.6993289 0.6080153 0.470204
0.6993289 0.6080153 0.470204
0.69540733 0.6040938 0.46628243
0.70325047 0.6119369 0.47412556
0.6875642 0.59625065 0.4584393
0.6812975 0.58168536 0.4466746
0.6875642 0.59625065 0.4584393
0.5902157 0.5755422 0.5452
0.5902157 0.57419264 0.55214906
0.58237255 0.5663495 0.5443059
0.56903136 0.5599574 0.54341185
0.55492157 0.53754896 0.52380395
0.5157059 0.4969838 0.49153724
0.46003512 0.42066738 0.4457177
0.40201938 0.33370727 0.3920549
0.36361143 0.26635507 0.35799998
0.35184672 0.25459036 0.34623528
0.3440036 0.24539767 0.34534115
0.34242716 0.25077024 0.35621175
0.3392743 0.26421446 0.3640549
0.35730565 0.29189396 0.38063526
0.402788 0.34702447 0.42466664
0.38552532 0.33671075 0.41985095
0.42550975 0.39464173 0.46388233
0.4694157 0.45379522 0.5257333
0.45607457 0.4487526 0.51789016
0.46234116 0.46466747 0.52270585
0.47802743 0.48170328 0.5314432
0.48821577 0.5015397 0.54018044
0.49056092 0.51218337 0.5480236
0.49840406 0.5213761 0.54891765
0.48821577 0.5028892 0.5332314
0.39959607 0.40597102 0.4391137
0.26707053 0.24854976 0.2900941
0.25768995 0.20867415 0.24482356
0.33223888 0.24982752 0.2501883
0.3863721 0.29006284 0.27942744
0.3808741 0.2915138 0.28637645
0.2843333 0.260213 0.28796083
0.16426298 0.20673236 0.25906664
0.16895324 0.22532062 0.28865102
0.19951808 0.27808198 0.34960783
0.27479655 0.36590892 0.45672944
0.40497708 0.5113369 0.6048549
0.5132045 0.6265134 0.72552943
0.5798712 0.6931801 0.79219604
0.59555745 0.70886636 0.8078823
0.3555731 0.4536344 0.5499529
0.23950244 0.3306148 0.42143533
0.35714948 0.44826186 0.5390824
0.47871816 0.56848097 0.6676
0.54772997 0.6444417 0.74905884
0.5736045 0.67861485 0.7804314
0.5853692 0.69037956 0.79219604
0.5618398 0.6655006 0.7756157
0.487369 0.55223626 0.65975684
0.3604195 0.3266512 0.365498
0.61378413 0.56571525 0.49958432
0.6310468 0.57602894 0.5044001
0.6271252 0.57345694 0.49352947
0.60751736 0.5538491 0.47392163
0.61143893 0.55777067 0.4778432
0.62320364 0.5695354 0.4896079
0.6271252 0.57345694 0.49352947
0.62085855 0.5602412 0.4748157
0.62085855 0.5602412 0.4748157
0.62085855 0.5602412 0.4748157
0.616937 0.55631965 0.47089413
0.62085855 0.5602412 0.4748157
0.62085855 0.5602412 0.4748157
0.62085855 0.56159073 0.46786666
0.6365448 0.5759275 0.49050197
0.6404664 0.57984906 0.49442354
0.6639958 0.6033785 0.5179529
0.67026246 0.61794376 0.5297176
0.6796821 0.61906475 0.5336392
0.674184 0.62186533 0.5336392
0.68202716 0.62970847 0.5414823
0.6781056 0.6257869 0.53756076
0.6781056 0.6257869 0.53756076
0.67026246 0.6192933 0.5227686
0.6781056 0.6271364 0.53061175
0.68202716 0.631058 0.5345333
0.69379187 0.6428227 0.546298
0.6914468 0.63217896 0.5384549
0.6875252 0.6282574 0.5345333
0.6796821 0.6217638 0.51974124
0.6914468 0.63352853 0.53150594
0.69536835 0.6374501 0.5354275
0.6914468 0.63352853 0.53150594
0.6992899 0.64137167 0.5393491
0.6859487 0.63497955 0.5384549
0.13296852 0.10999657 0.082454875
0.12981562 0.11939215 0.11114507
0.12747054 0.11009798 0.09635297
0.1196274 0.102254845 0.088509835
0.12354897 0.10617641 0.0924314
0.1196274 0.102254845 0.088509835
0.12197249 0.11154901 0.103301935
0.12981562 0.11939215 0.11114507
0.15176864 0.14829412 0.14554508
0.13608237 0.13395739 0.122909784
0.1337372 0.12331372 0.11506665
0.1337372 0.124663256 0.108117685
0.40982348 0.39245093 0.37870592
0.17060779 0.1545848 0.13254121
0.15099995 0.13497695 0.11293337
0.18629406 0.16892152 0.1551765
0.14707838 0.12970583 0.11596082
0.14707838 0.1283563 0.122909784
0.14942348 0.13630089 0.14465095
0.7329294 0.73930436 0.77244705
0.852153 0.8515788 0.8792235
0.824702 0.8241278 0.85177255
0.82627845 0.8174057 0.847851
0.8074783 0.77910817 0.7847608
0.29775247 0.2066401 0.11581965
0.7173603 0.6329957 0.5006824
0.7448113 0.6590972 0.53508234
0.74873286 0.6643683 0.53205496
0.7330466 0.648682 0.5163687
0.7408897 0.65652514 0.5242118
0.7055956 0.6225806 0.4819687
0.71343875 0.6304237 0.48981184
0.71893674 0.6276232 0.48981184
0.7150152 0.62505114 0.47894123
0.7150152 0.6237016 0.48589027
0.70717204 0.617208 0.4710981
0.70325047 0.6132864 0.46717653
0.7110936 0.6211295 0.47501966
0.70325047 0.6132864 0.46717653
0.69148576 0.60152173 0.45541182
0.6993289 0.60936487 0.46325496
0.69540733 0.60544324 0.4593334
0.70325047 0.6132864 0.46717653
0.6993289 0.60936487 0.46325496
0.70717204 0.617208 0.4710981
0.70874846 0.61048585 0.46717653
0.7048269 0.6065643 0.46325496
0.70717204 0.617208 0.4710981
0.71893674 0.62897265 0.4828628
0.7110936 0.61978006 0.4819687
0.70325047 0.6119369 0.47412556
0.7110936 0.61978006 0.4819687
0.7150152 0.6237016 0.48589027
0.7055956 0.6225806 0.4819687
0.70717204 0.61585844 0.47804713
0.70717204 0.61585844 0.47804713
0.6993289 0.6080153 0.470204
0.6875642 0.59625065 0.4584393
0.70167404 0.618659 0.47804713
0.6977525 0.61473745 0.47412556
0.6977525 0.61473745 0.47412556
0.6993289 0.6080153 0.470204
0.69540733 0.6040938 0.46628243
0.69148576 0.60017216 0.46236086
0.6875642 0.59625065 0.4584393
0.69148576 0.60017216 0.46236086
0.6757995 0.5844859 0.4466746
0.67972106 0.5884075 0.45059615
0.67972106 0.5884075 0.45059615
0.69148576 0.5988226 0.46930987
0.6875642 0.59625065 0.4584393
0.6836426 0.592329 0.45451772
0.66795635 0.57664275 0.43883145
0.67345434 0.5738422 0.43883145
0.6718779 0.5792148 0.44970202
0.56826264 0.54394114 0.5246981
0.5666863 0.55066323 0.52861965
0.55884314 0.5428201 0.5207765
0.54707843 0.5297058 0.5159608
0.5329685 0.50729746 0.496353
0.49532923 0.46135968 0.45321572
0.45534486 0.4020791 0.4161333
0.39417624 0.32991278 0.36336476
0.35811344 0.2759033 0.32325494
0.35811344 0.2759033 0.32325494
0.35653698 0.28262544 0.3271765
0.3612272 0.3039128 0.34286278
0.39494488 0.34592906 0.38207847
0.41689786 0.37618056 0.40952945
0.46080387 0.43533406 0.47138035
0.47883523 0.46166402 0.49490976
0.49136868 0.49079448 0.5184392
0.5329294 0.5406539 0.56549805
0.5250863 0.5341603 0.5507059
0.5446941 0.55376816 0.5703138
0.55645883 0.56553286 0.58207846
0.55096084 0.56968296 0.57512945
0.5486157 0.5603888 0.56033725
0.54077256 0.55254567 0.5524941
0.5094 0.51982355 0.5280706
0.38783136 0.3969054 0.41345102
0.25530583 0.23948413 0.26443142
0.24434884 0.20633066 0.22308232
0.33223888 0.24982752 0.2501883
0.3863721 0.29006284 0.27942744
0.37695253 0.28759223 0.28245488
0.27883524 0.26301354 0.28796083
0.16034141 0.2028108 0.25514507
0.16737683 0.23204271 0.2925726
0.21128279 0.28984672 0.36137253
0.28890643 0.38966686 0.46938828
0.43634963 0.54270947 0.6362274
0.5288908 0.6421997 0.7412157
0.5916359 0.7049448 0.8039608
0.5524202 0.6657291 0.7647451
0.24500042 0.32781428 0.42143533
0.25676513 0.339579 0.43320003
0.36499262 0.456105 0.54692554
0.4747966 0.5645594 0.6636784
0.54772997 0.6457913 0.7421098
0.56968296 0.6746933 0.77650976
0.58144766 0.6851084 0.79522353
0.5539967 0.65765744 0.76777256
0.47010633 0.5432721 0.64799213
0.35257638 0.32555577 0.32290977
0.6020194 0.55395055 0.4878196
0.6177057 0.57098633 0.49655694
0.61928207 0.5656138 0.48568633
0.6035958 0.54992753 0.47000006
0.60751736 0.5538491 0.47392163
0.60751736 0.5538491 0.47392163
0.6247801 0.5628132 0.48568633
0.6247801 0.5641628 0.47873726
0.616937 0.55631965 0.47089413
0.6247801 0.5641628 0.47873726
0.62085855 0.5602412 0.4748157
0.6247801 0.5641628 0.47873726
0.62085855 0.5602412 0.4748157
0.63262326 0.5720059 0.4865804
0.6365448 0.5759275 0.49050197
0.6365448 0.5759275 0.49050197
0.6365448 0.5759275 0.49050197
0.6483095 0.5876922 0.50226665
0.64438796 0.58377063 0.4983451
0.64438796 0.58377063 0.4983451
0.6428115 0.5904928 0.50226665
0.6506546 0.5983359 0.5101098
0.66007423 0.5994569 0.51403135
0.66007423 0.5994569 0.51403135
0.67183894 0.6125711 0.51884705
0.67183894 0.6125711 0.51884705
0.68360364 0.6243358 0.53061175
0.6875252 0.6282574 0.5345333
0.68360364 0.6243358 0.53061175
0.69536835 0.6374501 0.5354275
0.6992899 0.64137167 0.5393491
0.70713305 0.6492148 0.5471922
0.7110546 0.6531364 0.5511138
0.7149762 0.65705794 0.55503535
0.70713305 0.6492148 0.5471922
0.47887427 0.43640488 0.38407063
0.14473322 0.120411724 0.10116866
0.12747054 0.111447535 0.08940396
0.12747054 0.11009798 0.09635297
0.1313921 0.11401955 0.10027454
0.12747054 0.11009798 0.09635297
0.12981562 0.12074168 0.10419611
0.14158034 0.13115686 0.122909784
0.14942348 0.139 0.13075292
0.12981562 0.11939215 0.11114507
0.1337372 0.124663256 0.108117685
0.14315681 0.12578426 0.11203925
0.20198034 0.18595734 0.16391376
0.31570584 0.29968283 0.27763927
0.26472545 0.24870244 0.22665887
0.14707838 0.12970583 0.11596082
0.14315681 0.12578426 0.11203925
0.14315681 0.124434724 0.118988216
0.14942348 0.13630089 0.14465095
0.79725105 0.7966768 0.82432157
0.857651 0.8501278 0.8722745
0.8223569 0.8148337 0.83698046
0.8239333 0.8094611 0.8261098
0.802788 0.76321906 0.7412784
0.41305438 0.32039124 0.19087848
0.74873286 0.6643683 0.53205496
0.7448113 0.6604467 0.5281334
0.756576 0.6722114 0.5398981
0.7408897 0.65652514 0.5242118
0.71343875 0.62907416 0.49676085
0.7173603 0.6329957 0.5006824
0.7055956 0.6225806 0.4819687
0.734623 0.6433095 0.5054981
0.7228583 0.6315447 0.4937334
0.6993289 0.6080153 0.470204
0.70717204 0.617208 0.4710981
0.6993289 0.60936487 0.46325496
0.69148576 0.60152173 0.45541182
0.69148576 0.60152173 0.45541182
0.69540733 0.60544324 0.4593334
0.67972106 0.5884075 0.45059615
0.70325047 0.6132864 0.46717653
0.70325047 0.6132864 0.46717653
0.7150152 0.62505114 0.47894123
0.7110936 0.6211295 0.47501966
0.71267 0.6144074 0.4710981
0.70325047 0.6132864 0.46717653
0.6993289 0.60936487 0.46325496
0.6993289 0.60936487 0.46325496
0.7110936 0.61978006 0.4819687
0.7110936 0.61978006 0.4819687
0.70717204 0.61585844 0.47804713
0.72520345 0.64218843 0.50157654
0.7212819 0.63826686 0.49765497
0.70325047 0.6119369 0.47412556
0.70717204 0.61585844 0.47804713
0.7150152 0.6237016 0.48589027
0.71343875 0.6304237 0.48981184
0.6993289 0.6080153 0.470204
0.70717204 0.61585844 0.47804713
0.70717204 0.61585844 0.47804713
0.70325047 0.6119369 0.47412556
0.6993289 0.6080153 0.470204
0.69148576 0.60017216 0.46236086
0.69540733 0.6040938 0.46628243
0.69148576 0.60017216 0.46236086
0.67345434 0.57519174 0.4318824
0.6601132 0.5687996 0.4309883
0.66795635 0.57664275 0.43883145
0.67972106 0.58705795 0.45754516
0.6993289 0.60666573 0.477153
0.69148576 0.5988226 0.46930987
0.66795635 0.57664275 0.43883145
0.6718779 0.5805644 0.44275302
0.6875642 0.5949011 0.4653883
0.4976744 0.47335288 0.45410985
0.49375284 0.4694313 0.45018828
0.4874861 0.45486608 0.43842357
0.47022343 0.4459019 0.42665887
0.47179982 0.4391798 0.4227373
0.44592527 0.40500674 0.39136475
0.41612917 0.36691204 0.35607064
0.37848997 0.3196247 0.3198824
0.35888213 0.30001685 0.30027455
0.37614483 0.30898103 0.31203926
0.3769135 0.32499728 0.3307529
0.38944688 0.35547733 0.34733337
0.42081943 0.38684988 0.37870592
0.44903916 0.43031707 0.42487055
0.46314895 0.45272547 0.4444784
0.48510197 0.48162743 0.4788784
0.507055 0.51187897 0.5063294
0.52274126 0.52756524 0.5220157
0.52274126 0.52756524 0.5220157
0.5243177 0.52084315 0.5180941
0.54000396 0.5365294 0.5337804
0.50470984 0.5012353 0.49848628
0.48667836 0.47490534 0.47495684
0.43412158 0.4292975 0.43484703
0.3894079 0.39153278 0.40258044
0.31881967 0.31959498 0.33894122
0.26157257 0.25404936 0.27619612
0.25061557 0.22089589 0.23484702
0.33223888 0.2511771 0.2432392
0.3863721 0.29141235 0.27247846
0.37695253 0.28759223 0.28245488
0.27491367 0.25909197 0.28403926
0.16426298 0.20673236 0.25906664
0.1712984 0.23596428 0.29649416
0.2230475 0.30026186 0.38008624
0.30851427 0.4092747 0.48899612
0.45987904 0.56623894 0.65975684
0.5524202 0.6657291 0.7647451
0.5916359 0.7049448 0.8039608
0.47164375 0.5766541 0.6784706
0.21520436 0.29106915 0.3791922
0.25676513 0.34092855 0.42625102
0.3689142 0.46002656 0.5508471
0.47871816 0.56848097 0.6676
0.53988683 0.63794816 0.73426664
0.5618398 0.66685015 0.7686666
0.5830241 0.67838633 0.79130197
0.54615355 0.6498143 0.7599294
0.45126718 0.5396804 0.64709806
0.4992508 0.46932992 0.43629017
0.59809786 0.550029 0.48389804
0.6020194 0.55530006 0.48087066
0.605941 0.5592216 0.48479223
0.60751736 0.5538491 0.47392163
0.6035958 0.54992753 0.47000006
0.5879095 0.53424126 0.45431378
0.6051723 0.5432054 0.4660785
0.6012507 0.5392838 0.46215692
0.6051723 0.54455495 0.45912942
0.6130154 0.5523981 0.46697256
0.6130154 0.5523981 0.46697256
0.62085855 0.5602412 0.4748157
0.616937 0.55631965 0.47089413
0.6051723 0.54455495 0.45912942
0.6247801 0.5641628 0.47873726
0.6247801 0.5641628 0.47873726
0.62085855 0.5602412 0.4748157
0.62085855 0.5602412 0.4748157
0.63262326 0.57335544 0.47963136
0.63262326 0.5720059 0.4865804
0.6365448 0.5759275 0.49050197
0.64438796 0.58377063 0.4983451
0.6639958 0.6033785 0.5179529
0.6679174 0.60730004 0.5218745
0.6679174 0.60864955 0.5149255
0.6639958 0.604728 0.5110039
0.67183894 0.6125711 0.51884705
0.67183894 0.6125711 0.51884705
0.6679174 0.60864955 0.5149255
0.66007423 0.6008064 0.50708234
0.67341536 0.6071986 0.50797653
0.6812585 0.61504173 0.51581967
0.67733693 0.61112016 0.5118981
0.6812585 0.61504173 0.51581967
0.6812585 0.61504173 0.51581967
0.61928207 0.56426424 0.49263537
0.14081165 0.11783971 0.09029801
0.13531367 0.119290665 0.097247094
0.13531367 0.119290665 0.097247094
0.12747054 0.11009798 0.09635297
0.1313921 0.11401955 0.10027454
0.14550191 0.13642797 0.11988239
0.15334505 0.14292157 0.13467449
0.14158034 0.13115686 0.122909784
0.12197249 0.11289854 0.09635297
0.13923524 0.121862695 0.108117685
0.17060779 0.1545848 0.13254121
0.21374504 0.19772205 0.17567846
0.1941372 0.1781142 0.15607062
0.30001956 0.28399655 0.261953
0.27649015 0.26046714 0.23842357
0.14315681 0.12578426 0.11203925
0.15099995 0.13227786 0.12683135
0.15726662 0.14414403 0.15249409
0.8419647 0.83579105 0.84963924
0.8419647 0.83579105 0.84963924
0.82001173 0.8068891 0.8152392
0.819243 0.79222244 0.7895765
0.7541919 0.68682677 0.64289415
0.54246616 0.45115253 0.3133412
0.7212819 0.63826686 0.49765497
0.73696816 0.65260357 0.52029026
0.73696816 0.65260357 0.52029026
0.7173603 0.6329957 0.5006824
0.7408897 0.65652514 0.5242118
0.73696816 0.65260357 0.52029026
0.71343875 0.6304237 0.48981184
0.71343875 0.6304237 0.48981184
0.7150152 0.6237016 0.48589027
0.7110936 0.61978006 0.4819687
0.70325047 0.6119369 0.47412556
0.70325047 0.6119369 0.47412556
0.69148576 0.60017216 0.46236086
0.69148576 0.60017216 0.46236086
0.70325047 0.6119369 0.47412556
0.70717204 0.61585844 0.47804713
0.7150152 0.6237016 0.48589027
0.7150152 0.62505114 0.47894123
0.734623 0.6433095 0.5054981
0.7385446 0.64858055 0.5024706
0.7150152 0.62505114 0.47894123
0.71893674 0.6276232 0.48981184
0.7267799 0.63546634 0.49765497
0.7110936 0.61978006 0.4819687
0.7110936 0.61978006 0.4819687
0.70717204 0.61585844 0.47804713
0.7150152 0.6237016 0.48589027
0.7055956 0.6225806 0.4819687
0.7228583 0.6315447 0.4937334
0.70717204 0.61585844 0.47804713
0.70717204 0.617208 0.4710981
0.7150152 0.6237016 0.48589027
0.70167404 0.618659 0.47804713
0.7055956 0.6225806 0.4819687
0.70167404 0.618659 0.47804713
0.69540733 0.6040938 0.46628243
0.69148576 0.60017216 0.46236086
0.69148576 0.60017216 0.46236086
0.70325047 0.6119369 0.47412556
0.6993289 0.6080153 0.470204
0.6875642 0.59625065 0.4584393
0.6875642 0.59625065 0.4584393
0.69540733 0.6040938 0.46628243
0.6875642 0.59625065 0.4584393
0.67972106 0.5884075 0.45059615
0.69540733 0.6027442 0.47323143
0.6875642 0.5949011 0.4653883
0.69148576 0.60017216 0.46236086
0.69148576 0.5988226 0.46930987
0.69540733 0.6027442 0.47323143
0.3761058 0.35178426 0.33254123
0.3604195 0.336098 0.31685495
0.3619959 0.33072546 0.3059843
0.35807434 0.3268039 0.30206272
0.3502312 0.31896076 0.29421958
0.3557292 0.31616023 0.29421958
0.3557292 0.31616023 0.29421958
0.35338408 0.30686608 0.27942744
0.35730565 0.31078765 0.283349
0.3674939 0.3292745 0.29903528
0.36983904 0.33721903 0.32077652
0.3878705 0.36354896 0.34430593
0.4176666 0.4016436 0.37960005
0.43569797 0.42662403 0.41007847
0.4317764 0.42270246 0.4061569
0.4302 0.42807502 0.4170274
0.4184353 0.4163103 0.4052627
0.41059217 0.40846717 0.39741957
0.4066706 0.4045456 0.393498
0.39882746 0.39535293 0.3926039
0.42785484 0.41608182 0.4161333
0.40040386 0.38863084 0.38868234
0.38863915 0.37686613 0.37691763
0.37295288 0.35983032 0.36818036
0.36118817 0.3480656 0.35641566
0.3203961 0.31422246 0.32807064
0.2694157 0.2618925 0.28403926
0.26238027 0.23401015 0.23966272
0.33458403 0.26182076 0.25108233
0.38245052 0.2874908 0.2685569
0.367533 0.28647122 0.2785333
0.2694157 0.2618925 0.28403926
0.16660814 0.21737602 0.26690978
0.1830631 0.24637944 0.31520787
0.23715729 0.32267025 0.3996941
0.35165152 0.45241195 0.53213334
0.48733002 0.5936899 0.6872078
0.5736045 0.67861485 0.7804314
0.5853692 0.69037956 0.79219604
0.33754164 0.42865402 0.51947457
0.21128279 0.28714758 0.37527063
0.25676513 0.34092855 0.42625102
0.38225532 0.46506917 0.55869025
0.47871816 0.56848097 0.6676
0.53988683 0.63794816 0.73426664
0.55791825 0.6629286 0.7647451
0.5712594 0.66662157 0.77953726
0.53438884 0.6380496 0.7481647
0.45676515 0.53822947 0.640149
0.58710176 0.5515814 0.5047451
0.5941763 0.5461074 0.47997648
0.6020194 0.55530006 0.48087066
0.605941 0.5592216 0.48479223
0.59575266 0.5420844 0.46215692
0.58398795 0.5303197 0.45039222
0.5879095 0.53424126 0.45431378
0.5918311 0.5381628 0.45823535
0.59575266 0.5420844 0.46215692
0.6051723 0.5432054 0.4660785
0.60909384 0.54712695 0.47000006
0.6051723 0.54455495 0.45912942
0.6051723 0.54455495 0.45912942
0.6051723 0.54455495 0.45912942
0.6051723 0.54455495 0.45912942
0.6051723 0.54455495 0.45912942
0.616937 0.55631965 0.47089413
0.6247801 0.5641628 0.47873726
0.6247801 0.5641628 0.47873726
0.6287017 0.56808436 0.48265883
0.6287017 0.56808436 0.48265883
0.63262326 0.5720059 0.4865804
0.63262326 0.5720059 0.4865804
0.6420428 0.5744765 0.48355293
0.63812125 0.5705549 0.47963136
0.6404664 0.5811986 0.4874745
0.6459644 0.57839805 0.4874745
0.6459644 0.57839805 0.4874745
0.6694938 0.60192746 0.5110039
0.6694938 0.60192746 0.5110039
0.68518007 0.6189633 0.51974124
0.7047879 0.63857114 0.5393491
0.70086634 0.6346496 0.5354275
0.7047879 0.63992065 0.5324001
0.7047879 0.63992065 0.5324001
0.6969448 0.6320775 0.52455693
0.69536835 0.63610053 0.54237646
0.18944688 0.15952599 0.12648624
0.1313921 0.11401955 0.10027454
0.15099995 0.1336274 0.11988239
0.12747054 0.11009798 0.09635297
0.13923524 0.121862695 0.108117685
0.14315681 0.12578426 0.11203925
0.14315681 0.12578426 0.11203925
0.208247 0.19917306 0.18262748
0.1337372 0.124663256 0.108117685
0.13531367 0.11794112 0.10419611
0.15099995 0.13497695 0.11293337
0.2568823 0.2408593 0.21881571
0.16276465 0.14674166 0.12469807
0.14707838 0.13105538 0.1090118
0.22158818 0.20421563 0.19047062
0.13923524 0.121862695 0.108117685
0.15099995 0.13227786 0.12683135
0.14158034 0.12845775 0.13680781
0.83177644 0.8200034 0.8200549
0.82943135 0.80935967 0.81221175
0.819243 0.79222244 0.7895765
0.8067096 0.7671406 0.7452
0.5079407 0.42242783 0.3454039
0.6436583 0.53979623 0.3826902
0.7330466 0.65003157 0.5094197
0.7448113 0.6617963 0.5211844
0.75265443 0.66828984 0.5359765
0.73696816 0.65260357 0.52029026
0.72520345 0.64218843 0.50157654
0.7330466 0.65003157 0.5094197
0.7173603 0.6343453 0.4937334
0.7095172 0.62650216 0.48589027
0.729125 0.64611 0.5054981
0.7173603 0.6343453 0.4937334
0.7095172 0.62650216 0.48589027
0.71343875 0.6304237 0.48981184
0.69540733 0.6040938 0.46628243
0.7110936 0.61978006 0.4819687
0.70325047 0.6119369 0.47412556
0.6993289 0.6080153 0.470204
0.69540733 0.6040938 0.46628243
0.70325047 0.6119369 0.47412556
0.7228583 0.6315447 0.4937334
0.70325047 0.6132864 0.46717653
0.70717204 0.61585844 0.47804713
0.6993289 0.6080153 0.470204
0.73070145 0.63938785 0.50157654
0.7267799 0.63546634 0.49765497
0.7228583 0.6315447 0.4937334
0.7150152 0.6237016 0.48589027
0.7267799 0.63546634 0.49765497
0.7228583 0.6315447 0.4937334
0.734623 0.6433095 0.5054981
0.72520345 0.64218843 0.50157654
0.7173603 0.6343453 0.4937334
0.7173603 0.6343453 0.4937334
0.7173603 0.6343453 0.4937334
0.72520345 0.64218843 0.50157654
0.7055956 0.6225806 0.4819687
0.70325047 0.6119369 0.47412556
0.6875642 0.59625065 0.4584393
0.6875642 0.59625065 0.4584393
0.6875642 0.59625065 0.4584393
0.6875642 0.59625065 0.4584393
0.6836426 0.592329 0.45451772
0.69540733 0.6040938 0.46628243
0.6875642 0.59625065 0.4584393
0.6820662 0.5990512 0.4584393
0.6938309 0.6094663 0.477153
0.6938309 0.6094663 0.477153
0.6977525 0.6133879 0.48107457
0.6977525 0.6133879 0.48107457
0.6938309 0.6108159 0.470204
0.6859878 0.6016232 0.46930987
0.2584587 0.2341372 0.21489415
0.274145 0.25117305 0.22363135
0.28356454 0.25364366 0.22060391
0.30709395 0.27717307 0.24413332
0.32278022 0.29285935 0.2598196
0.34004292 0.30182353 0.2715843
0.3384665 0.30854562 0.27550587
0.33296853 0.30999658 0.28245488
0.3368901 0.31391814 0.28637645
0.34707838 0.33240494 0.30206272
0.3588431 0.34282008 0.32077652
0.35334504 0.34562063 0.32077652
0.3572666 0.34819266 0.3316471
0.37687445 0.3678005 0.35125494
0.34784707 0.34707162 0.32772553
0.3439255 0.34315005 0.32380396
0.3439255 0.34315005 0.32380396
0.35176864 0.34964365 0.33859605
0.35176864 0.34964365 0.33859605
0.36353335 0.36140835 0.35036075
0.39882746 0.39535293 0.3926039
0.38079602 0.369023 0.3690745
0.3690313 0.3572583 0.3573098
0.3572666 0.34549358 0.34554508
0.36118817 0.34941515 0.34946665
0.35334504 0.34022248 0.34857252
0.32981563 0.31669307 0.3250431
0.31728226 0.28891212 0.2945647
0.35419187 0.2814286 0.27069017
0.37852895 0.28356922 0.26463532
0.35968986 0.27997765 0.26374117
0.27491367 0.26044154 0.27709025
0.17602769 0.21849707 0.27083135
0.19482781 0.25814414 0.32697257
0.25284356 0.33835652 0.41538036
0.3791025 0.47986293 0.5595843
0.514781 0.6211409 0.7146588
0.5775261 0.6825364 0.7843529
0.52262414 0.62898403 0.72250193
0.2230475 0.30026186 0.38008624
0.20343965 0.280654 0.3604784
0.26460826 0.3487717 0.43409416
0.39009845 0.4729123 0.5665334
0.47871816 0.56848097 0.6676
0.53596526 0.63402665 0.7303451
0.5594947 0.6562065 0.7608235
0.5712594 0.66797113 0.77258825
0.5320437 0.6274059 0.7403216
0.44423175 0.5117981 0.60272163
0.5808351 0.5383657 0.48603144
0.58633316 0.5382643 0.47213334
0.5941763 0.5474569 0.47302753
0.59575266 0.5407348 0.46910596
0.59575266 0.5420844 0.46215692
0.5879095 0.53424126 0.45431378
0.5879095 0.53424126 0.45431378
0.5918311 0.53681326 0.4651844
0.5996742 0.5446564 0.47302753
0.5996742 0.5446564 0.47302753
0.6035958 0.54857796 0.4769491
0.5879095 0.5328917 0.46126282
0.6051723 0.5432054 0.4660785
0.6051723 0.54455495 0.45912942
0.6012507 0.5406334 0.45520785
0.60909384 0.5484765 0.463051
0.6051723 0.54455495 0.45912942
0.60909384 0.5484765 0.463051
0.62085855 0.5602412 0.4748157
0.62085855 0.56159073 0.46786666
0.6302781 0.5627118 0.47178823
0.6341997 0.56663334 0.4757098
0.6341997 0.56663334 0.4757098
0.6341997 0.56663334 0.4757098
0.63812125 0.5705549 0.47963136
0.6420428 0.5744765 0.48355293
0.66165066 0.5940843 0.5031608
0.6577291 0.59016275 0.4992392
0.6655722 0.5980059 0.50708234
0.6655722 0.5980059 0.50708234
0.66714865 0.59263337 0.49621183
0.6655722 0.59935546 0.5001334
0.6577291 0.5915123 0.49229026
0.66165066 0.5967834 0.48926282
0.6694938 0.60462654 0.49710596
0.6538075 0.58894026 0.48141968
0.66165066 0.5954339 0.49621183
0.17533702 0.13846715 0.09992945
0.1604195 0.13474844 0.12380396
0.17452936 0.15715681 0.1434118
0.14707838 0.12970583 0.11596082
0.15492152 0.13754897 0.12380396
0.14315681 0.12578426 0.11203925
0.14707838 0.12970583 0.11596082
0.18863916 0.17956522 0.16301964
0.22393328 0.21485934 0.19831376
0.13531367 0.11794112 0.10419611
0.13923524 0.121862695 0.108117685
0.14315681 0.12713382 0.10509023
0.13531367 0.119290665 0.097247094
0.13923524 0.12321225 0.10116866
0.14315681 0.12578426 0.11203925
0.13531367 0.11794112 0.10419611
0.15492152 0.13619943 0.13075292
0.26707053 0.2552975 0.255349
0.8215882 0.80151653 0.8043686
0.81766665 0.79894453 0.79349804
0.82081944 0.7881994 0.7717569
0.79809785 0.74463075 0.7116942
0.23739158 0.12523091 0.0
0.67268574 0.56187457 0.39927065
0.75423086 0.66291726 0.52510595
0.74873286 0.66571784 0.52510595
0.7330466 0.65003157 0.5094197
0.729125 0.64611 0.5054981
0.73696816 0.65395314 0.51334125
0.729125 0.64611 0.5054981
0.7330466 0.65003157 0.5094197
0.7173603 0.6343453 0.4937334
0.7095172 0.62650216 0.48589027
0.7095172 0.62650216 0.48589027
0.729125 0.64611 0.5054981
0.71343875 0.6304237 0.48981184
0.6977525 0.61473745 0.47412556
0.6993289 0.6080153 0.470204
0.6993289 0.6080153 0.470204
0.6993289 0.6080153 0.470204
0.69148576 0.60017216 0.46236086
0.70717204 0.61585844 0.47804713
0.7267799 0.63546634 0.49765497
0.7267799 0.63546634 0.49765497
0.70717204 0.61585844 0.47804713
0.70325047 0.6119369 0.47412556
0.7228583 0.63019514 0.5006824
0.7110936 0.61978006 0.4819687
0.734623 0.6419599 0.5124471
0.7228583 0.6315447 0.4937334
0.7228583 0.6315447 0.4937334
0.71343875 0.62907416 0.49676085
0.7095172 0.62650216 0.48589027
0.6977525 0.61473745 0.47412556
0.6938309 0.6108159 0.470204
0.69540733 0.6040938 0.46628243
0.69148576 0.60017216 0.46236086
0.70325047 0.6119369 0.47412556
0.7095172 0.62650216 0.48589027
0.7055956 0.6225806 0.4819687
0.70325047 0.6119369 0.47412556
0.70325047 0.6119369 0.47412556
0.6993289 0.6080153 0.470204
0.69540733 0.6040938 0.46628243
0.70325047 0.6119369 0.47412556
0.7110936 0.61978006 0.4819687
0.70167404 0.618659 0.47804713
0.6993289 0.6080153 0.470204
0.6938309 0.6094663 0.477153
0.7055956 0.621231 0.4889177
0.6977525 0.6133879 0.48107457
0.70167404 0.61730945 0.48499614
0.7095172 0.6251526 0.49283928
0.68990934 0.60554475 0.47323143
0.32904696 0.31012365 0.25768632
0.29767442 0.27740154 0.23326279
0.29140767 0.2628363 0.22149809
0.31101552 0.28244415 0.24110593
0.33062336 0.302052 0.26071376
0.33062336 0.30070248 0.26766273
0.33454493 0.30462405 0.2715843
0.33296853 0.31134614 0.27550587
0.32747054 0.3127971 0.28245488
0.3313921 0.31671867 0.28637645
0.33923525 0.3245618 0.29421958
0.3431568 0.32848337 0.29814115
0.3588431 0.34416965 0.31382743
0.3706078 0.35458478 0.33254123
0.36510974 0.35738534 0.33254123
0.36118817 0.35346377 0.32861966
0.3690313 0.3613069 0.3364628
0.37295288 0.36522847 0.34038436
0.37921962 0.37844416 0.35909808
0.39098433 0.38885933 0.37781173
0.42235687 0.42023188 0.40918428
0.4184353 0.41496077 0.41221175
0.4066706 0.4045456 0.393498
0.39725104 0.40207502 0.39652547
0.4184353 0.41496077 0.41221175
0.4184353 0.41496077 0.41221175
0.3949059 0.39008182 0.39563134
0.37218422 0.34381407 0.34946665
0.37772128 0.30495802 0.29421958
0.37460738 0.27964765 0.26071376
0.367533 0.2878208 0.2715843
0.27883524 0.2643631 0.28101182
0.17994925 0.22241864 0.27475291
0.18932976 0.2609447 0.32697257
0.2724514 0.35796437 0.4349882
0.41989458 0.51100695 0.6018275
0.53596526 0.63402665 0.7303451
0.5736045 0.6799644 0.7734823
0.45518875 0.54630107 0.6371216
0.19325134 0.26216722 0.34479213
0.20343965 0.280654 0.3604784
0.2724514 0.35661483 0.4419373
0.40578473 0.4885986 0.58221966
0.47871816 0.56848097 0.6676
0.53596526 0.63402665 0.7303451
0.5555731 0.65228486 0.756902
0.56341624 0.660128 0.7647451
0.5320437 0.62875545 0.73337257
0.4662238 0.50869316 0.56102747
0.57691354 0.5357937 0.47516078
0.5824116 0.5343427 0.46821177
0.58633316 0.5396138 0.4651844
0.5918311 0.53681326 0.4651844
0.59575266 0.5407348 0.46910596
0.5879095 0.5328917 0.46126282
0.58398795 0.5276206 0.4642902
0.59575266 0.5393853 0.4760549
0.58867824 0.5475584 0.48692548
0.5745294 0.5558073 0.5503608
0.6450785 0.65840244 0.6970432
0.71336067 0.6890392 0.6697961
0.60751736 0.55249953 0.48087066
0.6130154 0.5523981 0.46697256
0.6051723 0.54455495 0.45912942
0.6012507 0.5406334 0.45520785
0.62085855 0.5602412 0.4748157
0.616937 0.55631965 0.47089413
0.62085855 0.5602412 0.4748157
0.62085855 0.56159073 0.46786666
0.62635654 0.5587902 0.46786666
0.62635654 0.5587902 0.46786666
0.622435 0.55486864 0.4639451
0.6341997 0.56663334 0.4757098
0.6341997 0.56663334 0.4757098
0.6287017 0.56943387 0.4757098
0.6404664 0.5811986 0.4874745
0.6538075 0.5862412 0.49531764
0.64988595 0.5836692 0.48444712
0.64988595 0.5836692 0.48444712
0.6538075 0.58759075 0.4883687
0.6514624 0.5769471 0.48052555
0.6593055 0.5847902 0.4883687
0.66714865 0.5939829 0.48926282
0.6749918 0.601826 0.49710596
0.6749918 0.601826 0.49710596
0.6710702 0.59655493 0.5001334
0.3376978 0.29522842 0.24289416
0.16276465 0.1453921 0.1316471
0.13923524 0.121862695 0.108117685
0.15099995 0.1336274 0.11988239
0.14315681 0.12578426 0.11203925
0.15099995 0.1336274 0.11988239
0.14707838 0.12970583 0.11596082
0.13923524 0.121862695 0.108117685
0.16668622 0.14931367 0.13556866
0.24903916 0.23166661 0.2179216
0.17845093 0.16107838 0.14733337
0.15884309 0.14147054 0.12772553
0.27649015 0.26046714 0.23842357
0.14707838 0.12970583 0.11596082
0.13923524 0.121862695 0.108117685
0.14707838 0.12970583 0.11596082
0.15492152 0.13619943 0.13075292
0.751 0.73227787 0.7268314
0.82943135 0.81205875 0.79831374
0.81532145 0.79099995 0.7717569
0.8145527 0.7763333 0.7460941
0.7792977 0.70498365 0.6555529
0.4515404 0.3129334 0.12833731
0.660921 0.55010986 0.38750595
0.69540733 0.6040938 0.46628243
0.69148576 0.60017216 0.46236086
0.6993289 0.6080153 0.470204
0.7150152 0.6237016 0.48589027
0.7267799 0.63546634 0.49765497
0.73070145 0.63938785 0.50157654
0.729125 0.64611 0.5054981
0.7408897 0.6578747 0.5172628
0.72520345 0.64218843 0.50157654
0.7173603 0.6343453 0.4937334
0.7095172 0.62650216 0.48589027
0.7095172 0.62650216 0.48589027
0.7212819 0.63826686 0.49765497
0.71893674 0.62897265 0.4828628
0.7110936 0.61978006 0.4819687
0.71893674 0.62897265 0.4828628
0.7150152 0.6237016 0.48589027
0.7267799 0.63546634 0.49765497
0.7150152 0.6237016 0.48589027
0.71893674 0.6276232 0.48981184
0.7330466 0.65003157 0.5094197
0.7173603 0.6343453 0.4937334
0.7330466 0.65003157 0.5094197
0.7212819 0.63826686 0.49765497
0.7212819 0.6369173 0.504604
0.7173603 0.6329957 0.5006824
0.7055956 0.621231 0.4889177
0.7055956 0.621231 0.4889177
0.73696816 0.65260357 0.52029026
0.7150152 0.622352 0.49283928
0.7095172 0.6251526 0.49283928
0.7110936 0.6184305 0.4889177
0.69540733 0.6027442 0.47323143
0.70167404 0.61730945 0.48499614
0.71343875 0.62907416 0.49676085
0.7055956 0.6225806 0.4819687
0.70325047 0.6119369 0.47412556
0.7110936 0.61978006 0.4819687
0.70325047 0.6119369 0.47412556
0.69540733 0.6040938 0.46628243
0.69148576 0.60017216 0.46236086
0.68990934 0.6068943 0.46628243
0.69148576 0.60017216 0.46236086
0.6836426 0.59097946 0.46146673
0.6875642 0.5949011 0.4653883
0.70325047 0.61058736 0.48107457
0.70167404 0.61730945 0.48499614
0.6977525 0.6133879 0.48107457
0.70167404 0.61730945 0.48499614
0.6977525 0.6133879 0.48107457
0.37299192 0.3318721 0.2712392
0.33612135 0.30330014 0.23986664
0.35180762 0.31763685 0.262502
0.3674939 0.33332312 0.2781883
0.37533703 0.34116626 0.28603142
0.3674939 0.33332312 0.2781883
0.3619959 0.3347741 0.2851373
0.3619959 0.3347741 0.2851373
0.3604195 0.34014663 0.29600787
0.36276466 0.3507903 0.303851
0.37452936 0.3612055 0.3225647
0.38629407 0.3729702 0.3343294
0.3941372 0.38081333 0.34217253
0.4176666 0.40299317 0.37265095
0.42943132 0.41475788 0.38441566
0.43569797 0.42932314 0.39618036
0.43569797 0.42797357 0.40312946
0.43961954 0.43189514 0.40705103
0.43804315 0.4372677 0.4179216
0.4403883 0.4465618 0.4327137
0.44823143 0.45440495 0.44055682
0.45607457 0.46089855 0.455349
0.43881175 0.45193446 0.4435843
0.4333138 0.45338544 0.4505333
0.4333138 0.45338544 0.4505333
0.43489018 0.44666335 0.44661173
0.4074392 0.41921237 0.41916075
0.3690313 0.3572583 0.3573098
0.38164285 0.30887958 0.29814115
0.37460738 0.27964765 0.26071376
0.3557683 0.27605608 0.2598196
0.27883524 0.2643631 0.28101182
0.17994925 0.22241864 0.27475291
0.20109448 0.2713599 0.34568626
0.30382395 0.38798738 0.47330984
0.45361233 0.5530232 0.6410432
0.55165154 0.6497129 0.74603134
0.55165154 0.6497129 0.74603134
0.31166708 0.3958305 0.48115298
0.18148662 0.25175202 0.32607841
0.21285918 0.2831246 0.35745096
0.28029454 0.3658075 0.44283134
0.38460046 0.47571284 0.5665334
0.48263973 0.57240254 0.67152154
0.5375417 0.6273045 0.7264235
0.55165154 0.64836335 0.75298035
0.5594947 0.6562065 0.7608235
0.5375417 0.6259549 0.73337257
0.51097655 0.5131014 0.52414906
0.58633316 0.5369147 0.47908235
0.57456845 0.52649957 0.46036863
0.57849 0.53042114 0.4642902
0.5879095 0.5328917 0.46126282
0.5941763 0.5461074 0.47997648
0.59809786 0.5486794 0.49084705
0.5792586 0.54238874 0.50385106
0.5541138 0.55488914 0.5742353
0.7070159 0.74118674 0.7963216
0.8074002 0.8471705 0.916102
0.80347866 0.8432489 0.9121804
0.8168589 0.81628466 0.8439294
0.59575266 0.5407348 0.46910596
0.6130154 0.5523981 0.46697256
0.6051723 0.54455495 0.45912942
0.60909384 0.5484765 0.463051
0.616937 0.55631965 0.47089413
0.6247801 0.5641628 0.47873726
0.6247801 0.5641628 0.47873726
0.6247801 0.5655123 0.47178823
0.62085855 0.56159073 0.46786666
0.6287017 0.56943387 0.4757098
0.6302781 0.5627118 0.47178823
0.6341997 0.56663334 0.4757098
0.6341997 0.56663334 0.4757098
0.6341997 0.56663334 0.4757098
0.63812125 0.5705549 0.47963136
0.6483095 0.5890417 0.49531764
0.6577291 0.59016275 0.4992392
0.64988595 0.5823196 0.49139607
0.6538075 0.58759075 0.4883687
0.6577291 0.5915123 0.49229026
0.6538075 0.58759075 0.4883687
0.6655722 0.59935546 0.5001334
0.66714865 0.5939829 0.48926282
0.6710702 0.59790444 0.4931844
0.6710702 0.59790444 0.4931844
0.55103904 0.50297016 0.43683922
0.18002734 0.15435629 0.1434118
0.14315681 0.124434724 0.118988216
0.14315681 0.124434724 0.118988216
0.14315681 0.124434724 0.118988216
0.14158034 0.1325064 0.11596082
0.1337372 0.124663256 0.108117685
0.15334505 0.1442711 0.12772553
0.15492152 0.13754897 0.12380396
0.19021563 0.17284308 0.15909807
0.3431568 0.32578427 0.31203926
0.17452936 0.15715681 0.1434118
0.15492152 0.13754897 0.12380396
0.15099995 0.1336274 0.11988239
0.13923524 0.121862695 0.108117685
0.14315681 0.12578426 0.11203925
0.1604195 0.13474844 0.12380396
0.8349293 0.8092582 0.79831374
0.8286626 0.79604256 0.7796
0.8184743 0.78025484 0.7500157
0.80751735 0.7484509 0.7017177
0.45619163 0.35678074 0.26876083
0.6044816 0.4672241 0.27432945
0.6907171 0.58685505 0.429749
0.71893674 0.6276232 0.48981184
0.7110936 0.61978006 0.4819687
0.6993289 0.6080153 0.470204
0.69540733 0.6040938 0.46628243
0.69540733 0.6040938 0.46628243
0.6993289 0.6080153 0.470204
0.70325047 0.6119369 0.47412556
0.70717204 0.61585844 0.47804713
0.6875642 0.59625065 0.4584393
0.7110936 0.61978006 0.4819687
0.70717204 0.61585844 0.47804713
0.70717204 0.61585844 0.47804713
0.7228583 0.6315447 0.4937334
0.7228583 0.6315447 0.4937334
0.7267799 0.63546634 0.49765497
0.734623 0.6446589 0.49854907
0.7228583 0.6328943 0.48678437
0.7228583 0.6328943 0.48678437
0.7228583 0.6315447 0.4937334
0.7385446 0.647231 0.5094197
0.7173603 0.6343453 0.4937334
0.7267799 0.63546634 0.49765497
0.7212819 0.63826686 0.49765497
0.7055956 0.6225806 0.4819687
0.7173603 0.6329957 0.5006824
0.72520345 0.64083886 0.50852555
0.7095172 0.6251526 0.49283928
0.7173603 0.6329957 0.5006824
0.7212819 0.6369173 0.504604
0.73696816 0.65260357 0.52029026
0.71343875 0.62907416 0.49676085
0.72520345 0.64083886 0.50852555
0.7095172 0.6251526 0.49283928
0.70167404 0.61730945 0.48499614
0.70167404 0.61730945 0.48499614
0.6977525 0.6133879 0.48107457
0.70167404 0.61730945 0.48499614
0.69148576 0.5988226 0.46930987
0.6757995 0.5831363 0.4536236
0.6836426 0.592329 0.45451772
0.67972106 0.5884075 0.45059615
0.6875642 0.59625065 0.4584393
0.69148576 0.5988226 0.46930987
0.6875642 0.5949011 0.4653883
0.67972106 0.58705795 0.45754516
0.69148576 0.5988226 0.46930987
0.6875642 0.5949011 0.4653883
0.70717204 0.61450887 0.48499614
0.70717204 0.61450887 0.48499614
0.6993289 0.60666573 0.477153
0.4004429 0.36067262 0.29174116
0.40828604 0.36851576 0.2995843
0.42005074 0.37893093 0.318298
0.43181545 0.39069563 0.33006272
0.4420037 0.4091825 0.345749
0.44042727 0.414555 0.35661966
0.44042727 0.41320547 0.36356866
0.43100774 0.41208443 0.3596471
0.4349293 0.416006 0.36356866
0.43727446 0.4253001 0.3783608
0.43961954 0.43459427 0.39315292
0.43961954 0.43459427 0.39315292
0.45138425 0.44635898 0.40491763
0.4435411 0.43716627 0.4040235
0.44746268 0.44108784 0.40794507
0.44588628 0.44646037 0.41881573
0.43646672 0.44533932 0.41489416
0.42704704 0.44286883 0.4179216
0.42154908 0.44566935 0.4179216
0.42939222 0.45216295 0.4327137
0.45292163 0.47434282 0.46319214
0.4333138 0.45473498 0.4435843
0.42547065 0.44689184 0.43574116
0.40820795 0.43657812 0.43092546
0.40978438 0.42985603 0.4270039
0.39801967 0.41809133 0.41523919
0.36430195 0.37742466 0.3690745
0.3431568 0.32443473 0.3189882
0.36595657 0.2931933 0.28245488
0.37068582 0.27707565 0.24984318
0.3557683 0.27605608 0.2598196
0.28825486 0.2668337 0.2779843
0.18229441 0.2330623 0.28259605
0.21520436 0.2937683 0.3652941
0.33362007 0.42608202 0.50860393
0.47714174 0.5765526 0.6645726
0.56341624 0.66147757 0.75779605
0.5085143 0.6065756 0.7028941
0.19951808 0.27808198 0.34960783
0.17756505 0.24783047 0.32215685
0.22854546 0.29881087 0.37313724
0.2857926 0.36300695 0.44283134
0.39009845 0.4729123 0.5665334
0.47871816 0.56848097 0.6676
0.5375417 0.6273045 0.7264235
0.5438084 0.6405202 0.7451372
0.5555731 0.65228486 0.756902
0.5336201 0.6233829 0.72250193
0.54315686 0.52578425 0.5120393
0.57456845 0.52515 0.46731764
0.57456845 0.52649957 0.46036863
0.57456845 0.52649957 0.46036863
0.57456845 0.52515 0.46731764
0.55649793 0.53217643 0.5129334
0.5446941 0.5510691 0.58421177
0.7838708 0.82364106 0.8925726
0.8074002 0.8471705 0.916102
0.7979807 0.8460494 0.9121804
0.8019023 0.849971 0.916102
0.8019023 0.849971 0.916102
0.8160511 0.836324 0.88046277
0.5996742 0.5433069 0.47997648
0.59732914 0.53536224 0.45823535
0.5934076 0.53279024 0.44736472
0.60909384 0.5484765 0.463051
0.6130154 0.5523981 0.46697256
0.62085855 0.5602412 0.4748157
0.6130154 0.5523981 0.46697256
0.616937 0.55766916 0.4639451
0.6247801 0.5655123 0.47178823
0.62085855 0.56159073 0.46786666
0.63262326 0.57335544 0.47963136
0.6287017 0.56943387 0.4757098
0.63812125 0.5705549 0.47963136
0.6247801 0.5655123 0.47178823
0.6341997 0.56663334 0.4757098
0.6404664 0.5811986 0.4874745
0.6522311 0.5929633 0.4992392
0.6577291 0.59016275 0.4992392
0.6655722 0.59935546 0.5001334
0.66165066 0.5954339 0.49621183
0.66165066 0.5954339 0.49621183
0.66165066 0.5954339 0.49621183
0.6749918 0.601826 0.49710596
0.6749918 0.601826 0.49710596
0.66714865 0.5939829 0.48926282
0.6404664 0.57984906 0.49442354
0.1721842 0.1478627 0.12861964
0.16668622 0.14796413 0.14251763
0.15099995 0.13227786 0.12683135
0.14707838 0.1283563 0.122909784
0.15099995 0.13227786 0.12683135
0.14707838 0.12970583 0.11596082
0.13531367 0.11794112 0.10419611
0.14707838 0.12970583 0.11596082
0.15099995 0.1336274 0.11988239
0.16276465 0.1453921 0.1316471
0.1941372 0.17676465 0.16301964
0.14707838 0.12970583 0.11596082
0.14707838 0.12970583 0.11596082
0.14315681 0.12578426 0.11203925
0.14473322 0.120411724 0.10116866
0.12120381 0.0968823 0.07763925
0.819243 0.7962711 0.7687294
0.80905473 0.7791338 0.7460941
0.8043645 0.76054555 0.7165098
0.794984 0.7247186 0.6503922
0.28994837 0.17083874 0.011035338
0.5927169 0.45680895 0.2556157
0.69698375 0.59872115 0.45541182
0.734623 0.6433095 0.5054981
0.74246615 0.6511526 0.51334125
0.7463877 0.6550741 0.5172628
0.73070145 0.63938785 0.50157654
0.7110936 0.61978006 0.4819687
0.6993289 0.6080153 0.470204
0.7110936 0.6184305 0.4889177
0.7228583 0.6315447 0.4937334
0.69540733 0.6040938 0.46628243
0.6836426 0.592329 0.45451772
0.69698375 0.59737164 0.46236086
0.6836426 0.592329 0.45451772
0.6836426 0.592329 0.45451772
0.6836426 0.592329 0.45451772
0.6993289 0.60936487 0.46325496
0.68521905 0.58695644 0.44364712
0.6993289 0.60936487 0.46325496
0.69148576 0.60152173 0.45541182
0.70325047 0.6132864 0.46717653
0.7150152 0.62505114 0.47894123
0.7110936 0.6211295 0.47501966
0.73070145 0.63938785 0.50157654
0.7330466 0.65003157 0.5094197
0.74873286 0.66571784 0.52510595
0.7408897 0.6578747 0.5172628
0.73696816 0.65395314 0.51334125
0.73696816 0.65260357 0.52029026
0.7212819 0.6369173 0.504604
0.71343875 0.62907416 0.49676085
0.72520345 0.64083886 0.50852555
0.7055956 0.621231 0.4889177
0.68990934 0.60554475 0.47323143
0.7330466 0.648682 0.5163687
0.71343875 0.62907416 0.49676085
0.71343875 0.62907416 0.49676085
0.70167404 0.61730945 0.48499614
0.70167404 0.61730945 0.48499614
0.70167404 0.61730945 0.48499614
0.71343875 0.62907416 0.49676085
0.7095172 0.6251526 0.49283928
0.7110936 0.6184305 0.4889177
0.6993289 0.60666573 0.477153
0.70717204 0.61450887 0.48499614
0.6993289 0.60666573 0.477153
0.69540733 0.6027442 0.47323143
0.69540733 0.6027442 0.47323143
0.69540733 0.6027442 0.47323143
0.69148576 0.60017216 0.46236086
0.66795635 0.57664275 0.43883145
0.6757995 0.5831363 0.4536236
0.46710956 0.42598975 0.36535683
0.4420037 0.4091825 0.345749
0.4365057 0.411983 0.345749
0.45768997 0.42486876 0.36143526
0.4655331 0.4327119 0.3692784
0.45611355 0.4302413 0.37230593
0.45061558 0.43169227 0.37925494
0.44119602 0.43057123 0.37533337
0.42785484 0.42552865 0.36749023
0.4302 0.43482274 0.38228238
0.43804315 0.44131637 0.3970745
0.42470202 0.43627375 0.38923135
0.4403883 0.45196003 0.40491763
0.43254516 0.4441169 0.3970745
0.42470202 0.43627375 0.38923135
0.39959607 0.41811696 0.37657252
0.39017653 0.4169959 0.37265095
0.38625497 0.41172478 0.37567848
0.38625497 0.41172478 0.37567848
0.3886001 0.42236844 0.38352162
0.39252168 0.42494047 0.3943922
0.35722756 0.38964635 0.35909808
0.34938443 0.38045368 0.3582039
0.3415413 0.37396008 0.3434118
0.32585502 0.3582738 0.32772553
0.31566674 0.34113654 0.30509025
0.30470982 0.3052839 0.27763927
0.29532924 0.2640588 0.23931763
0.34792516 0.26956245 0.2450275
0.37618387 0.2742751 0.24984318
0.35184672 0.2721345 0.25589803
0.2843333 0.26156256 0.28101182
0.17837285 0.22779119 0.2856235
0.23873377 0.3172977 0.3888235
0.3806789 0.47179127 0.5626118
0.49674958 0.59481096 0.6911294
0.5555731 0.6536344 0.7499529
0.42539257 0.509556 0.59487844
0.17364348 0.2439089 0.31823528
0.18148662 0.25175202 0.32607841
0.2363886 0.306654 0.38098037
0.28813767 0.37365064 0.45067447
0.39009845 0.47426188 0.5595843
0.4747966 0.5659089 0.65672946
0.51793385 0.60769665 0.70681566
0.5336201 0.62203336 0.72945094
0.55322796 0.6416412 0.74905884
0.52969855 0.61946136 0.71858037
0.5737606 0.5424902 0.517749
0.58867824 0.5448593 0.5008236
0.56983906 0.5399181 0.50687844
0.55176866 0.54694456 0.5524941
0.6144747 0.6416966 0.6913333
0.7995571 0.83932734 0.90825886
0.786216 0.8329352 0.9073647
0.7901376 0.8368568 0.9112863
0.786216 0.8329352 0.9073647
0.7979807 0.8446999 0.91912943
0.79405916 0.84077835 0.91520786
0.7979807 0.8446999 0.91912943
0.8050551 0.83922595 0.8943608
0.5996742 0.5433069 0.47997648
0.59732914 0.53536224 0.45823535
0.6051723 0.54455495 0.45912942
0.6130154 0.5537476 0.46002352
0.616937 0.55766916 0.4639451
0.616937 0.55766916 0.4639451
0.6130154 0.5523981 0.46697256
0.6247801 0.5655123 0.47178823
0.62085855 0.5602412 0.4748157
0.62085855 0.56159073 0.46786666
0.62085855 0.56159073 0.46786666
0.6287017 0.56943387 0.4757098
0.6247801 0.5655123 0.47178823
0.63262326 0.5720059 0.4865804
0.6247801 0.5655123 0.47178823
0.6247801 0.5655123 0.47178823
0.63262326 0.57335544 0.47963136
0.6341997 0.56663334 0.4757098
0.6420428 0.5744765 0.48355293
0.6459644 0.5797476 0.48052555
0.64988595 0.5836692 0.48444712
0.6538075 0.58759075 0.4883687
0.6593055 0.58613974 0.48141968
0.6593055 0.58613974 0.48141968
0.6514624 0.5782966 0.47357655
0.6341997 0.56663334 0.4757098
0.19963518 0.17531368 0.15607062
0.15492152 0.13619943 0.13075292
0.16276465 0.14404257 0.13859606
0.15492152 0.13619943 0.13075292
0.15099995 0.1336274 0.11988239
0.15884309 0.14147054 0.12772553
0.14315681 0.12578426 0.11203925
0.16276465 0.1453921 0.1316471
0.15334505 0.1442711 0.12772553
0.14707838 0.12970583 0.11596082
0.13923524 0.121862695 0.108117685
0.14315681 0.12578426 0.11203925
0.13923524 0.121862695 0.108117685
0.1313921 0.115369104 0.093325526
0.14081165 0.11649014 0.097247094
0.59729004 0.5660196 0.5412784
0.824741 0.7948201 0.7617804
0.8043645 0.76054555 0.7165098
0.7918311 0.73681325 0.6651844
0.5777602 0.48104843 0.3764314
0.58645016 0.44494277 0.22995293
0.6327013 0.5120409 0.31354517
0.70325047 0.6132864 0.46717653
0.71893674 0.6276232 0.48981184
0.73070145 0.63938785 0.50157654
0.69540733 0.6040938 0.46628243
0.67972106 0.5884075 0.45059615
0.6718779 0.5805644 0.44275302
0.69540733 0.6027442 0.47323143
0.73070145 0.6380383 0.50852555
0.7267799 0.63411677 0.504604
0.7267799 0.63546634 0.49765497
0.7165916 0.6169795 0.4819687
0.6875642 0.59625065 0.4584393
0.6993289 0.6080153 0.470204
0.6993289 0.6080153 0.470204
0.7009053 0.6012932 0.46628243
0.7009053 0.6012932 0.46628243
0.7048269 0.6065643 0.46325496
0.6695328 0.57127017 0.42796084
0.67345434 0.57519174 0.4318824
0.6773759 0.5791133 0.43580398
0.6891406 0.590878 0.44756868
0.6812975 0.5830349 0.43972555
0.6757995 0.58583546 0.43972555
0.6875642 0.5976001 0.45149025
0.7150152 0.6237016 0.48589027
0.6836426 0.592329 0.45451772
0.6836426 0.592329 0.45451772
0.69540733 0.6040938 0.46628243
0.70325047 0.61058736 0.48107457
0.71343875 0.62907416 0.49676085
0.71893674 0.62627363 0.49676085
0.7150152 0.622352 0.49283928
0.73070145 0.6380383 0.50852555
0.729125 0.64476043 0.5124471
0.7408897 0.65652514 0.5242118
0.73696816 0.65260357 0.52029026
0.70167404 0.61730945 0.48499614
0.7055956 0.621231 0.4889177
0.71343875 0.62907416 0.49676085
0.6977525 0.6133879 0.48107457
0.6820662 0.5977016 0.4653883
0.68990934 0.60554475 0.47323143
0.6993289 0.60666573 0.477153
0.6875642 0.5949011 0.4653883
0.7110936 0.61978006 0.4819687
0.6993289 0.60666573 0.477153
0.6993289 0.60666573 0.477153
0.69540733 0.6040938 0.46628243
0.6859878 0.60297275 0.46236086
0.6820662 0.5990512 0.4584393
0.67422307 0.59120804 0.45059615
0.45611355 0.43159086 0.36535683
0.41924304 0.40166926 0.34093338
0.40198034 0.39270508 0.32916868
0.41532147 0.3977477 0.3370118
0.4231646 0.40559083 0.34485495
0.4176666 0.40839136 0.34485495
0.41609013 0.41376394 0.35572553
0.40432543 0.40199924 0.34396082
0.3949059 0.4008782 0.34003925
0.3894079 0.40367872 0.34003925
0.38548633 0.39840758 0.3430667
0.3776432 0.39056444 0.33522356
0.3894079 0.40232915 0.34698826
0.38548633 0.39840758 0.3430667
0.35253724 0.3737572 0.3156157
0.32900783 0.3502278 0.2920863
0.31174517 0.34126362 0.2803216
0.31174517 0.3399141 0.28727058
0.29998046 0.32949892 0.2685569
0.31566674 0.3451852 0.28424317
0.2976353 0.31885526 0.26071376
0.2701843 0.29140428 0.23326279
0.26234117 0.28356114 0.22541966
0.25607458 0.2703454 0.20670593
0.26157257 0.26754487 0.20670593
0.2592274 0.2569012 0.19886279
0.2812194 0.24569906 0.19886279
0.30321148 0.23449685 0.19886279
0.35107797 0.2574678 0.23023534
0.3722623 0.27170306 0.23897259
0.35184672 0.2721345 0.25589803
0.2827568 0.26828468 0.2849334
0.19798069 0.24739903 0.30523133
0.27010632 0.34732068 0.42714506
0.41205144 0.5031638 0.59398437
0.51243585 0.61049724 0.70681566
0.5281221 0.6261835 0.72250193
0.27794945 0.35651338 0.4280392
0.17364348 0.24525844 0.3112863
0.20109448 0.27270943 0.3387373
0.23873377 0.3172977 0.3888235
0.29363573 0.3708501 0.45067447
0.38225532 0.46641874 0.5517412
0.44500044 0.52781427 0.62143534
0.49205926 0.5735236 0.6754431
0.49048287 0.5802457 0.6793647
0.5218554 0.61026865 0.7176863
0.51558864 0.5957034 0.70592153
0.54077256 0.548497 0.5733412
0.55330604 0.57492846 0.6107687
0.7211257 0.76224554 0.8228784
0.78229445 0.82901365 0.90344316
0.77287483 0.82789266 0.8995216
0.7901376 0.8368568 0.9112863
0.7901376 0.8368568 0.9112863
0.7901376 0.8368568 0.9112863
0.786216 0.8329352 0.9073647
0.7979807 0.8446999 0.91912943
0.79405916 0.84077835 0.91520786
0.7979807 0.8446999 0.91912943
0.8050551 0.8378764 0.9013098
0.57456845 0.52380043 0.47426674
0.58556443 0.52359754 0.44647065
0.58164287 0.52102554 0.4356
0.58164287 0.52237505 0.42865098
0.589486 0.5302182 0.4364941
0.589486 0.5302182 0.4364941
0.59732914 0.5380613 0.44433725
0.6051723 0.54590446 0.4521804
0.6130154 0.5537476 0.46002352
0.6287017 0.56943387 0.4757098
0.6287017 0.56943387 0.4757098
0.6404664 0.5811986 0.4874745
0.6483095 0.5876922 0.50226665
0.6483095 0.5876922 0.50226665
0.64438796 0.58512014 0.49139607
0.6522311 0.5929633 0.4992392
0.64438796 0.58512014 0.49139607
0.6365448 0.577277 0.48355293
0.64988595 0.5823196 0.49139607
0.64988595 0.5823196 0.49139607
0.6420428 0.57582605 0.47660398
0.64988595 0.5836692 0.48444712
0.6475408 0.57437503 0.46965498
0.6514624 0.5782966 0.47357655
0.6514624 0.57964617 0.4666275
0.62793297 0.5534177 0.45699614
0.19571361 0.17139211 0.15214905
0.17845093 0.15972884 0.15428233
0.17452936 0.15580727 0.15036076
0.15492152 0.13619943 0.13075292
0.16276465 0.1453921 0.1316471
0.16668622 0.14931367 0.13556866
0.17452936 0.15715681 0.1434118
0.13923524 0.121862695 0.108117685
0.22943132 0.21205877 0.19831376
0.13923524 0.121862695 0.108117685
0.14707838 0.12970583 0.11596082
0.14315681 0.12578426 0.11203925
0.13531367 0.119290665 0.097247094
0.13689008 0.11256857 0.093325526
0.1619959 0.13072544 0.10598429
0.8404273 0.81050634 0.77746665
0.8263174 0.78944755 0.75090986
0.8035958 0.74722844 0.68389803
0.78871727 0.7128524 0.6247294
0.30328947 0.17858046 0.0049803704
0.6233207 0.47621387 0.2474275
0.65857583 0.5448644 0.35186672
0.7267799 0.6368158 0.49070594
0.729125 0.6474595 0.49854907
0.71343875 0.6304237 0.48981184
0.71893674 0.6276232 0.48981184
0.69540733 0.6040938 0.46628243
0.69148576 0.60017216 0.46236086
0.6993289 0.6080153 0.470204
0.69148576 0.60017216 0.46236086
0.70325047 0.61058736 0.48107457
0.69540733 0.6040938 0.46628243
0.67345434 0.5738422 0.43883145
0.6812975 0.58168536 0.4466746
0.6812975 0.5830349 0.43972555
0.6891406 0.5895285 0.45451772
0.6993289 0.6080153 0.470204
0.73619944 0.6365873 0.50157654
0.7283563 0.6287442 0.4937334
0.71267 0.6144074 0.4710981
0.69698375 0.59872115 0.45541182
0.69698375 0.59872115 0.45541182
0.6930622 0.5947996 0.45149025
0.68521905 0.58695644 0.44364712
0.68521905 0.58695644 0.44364712
0.69540733 0.60544324 0.4593334
0.69148576 0.60017216 0.46236086
0.6757995 0.5844859 0.4466746
0.6757995 0.5844859 0.4466746
0.67972106 0.5884075 0.45059615
0.69540733 0.6027442 0.47323143
0.6875642 0.5949011 0.4653883
0.70717204 0.61450887 0.48499614
0.69540733 0.6027442 0.47323143
0.6757995 0.5844859 0.4466746
0.6718779 0.5805644 0.44275302
0.6757995 0.5831363 0.4536236
0.7228583 0.63019514 0.5006824
0.6875642 0.5949011 0.4653883
0.69148576 0.60017216 0.46236086
0.70167404 0.618659 0.47804713
0.729125 0.64611 0.5054981
0.7212819 0.63826686 0.49765497
0.7095172 0.6251526 0.49283928
0.7150152 0.6237016 0.48589027
0.70325047 0.6119369 0.47412556
0.7228583 0.6315447 0.4937334
0.7055956 0.6225806 0.4819687
0.6993289 0.6080153 0.470204
0.6875642 0.59625065 0.4584393
0.6875642 0.59625065 0.4584393
0.6859878 0.60432225 0.45541182
0.6938309 0.6108159 0.470204
0.36826265 0.35203844 0.2830039
0.36668622 0.35876054 0.28692546
0.36510974 0.36548266 0.29084703
0.36118817 0.3615611 0.28692546
0.3572666 0.35763952 0.2830039
0.3556902 0.36301205 0.29387456
0.3439255 0.35124734 0.28210986
0.33608237 0.3434042 0.27426672
0.32274124 0.3383616 0.26642358
0.3148981 0.32916892 0.26552945
0.3211647 0.34373423 0.27729416
0.31724313 0.33981267 0.2733726
0.28587058 0.30844012 0.24200004
0.2701843 0.29275385 0.22631377
0.26783928 0.28345963 0.21152161
0.24823146 0.2638518 0.19191377
0.24588628 0.25455767 0.17712155
0.25138426 0.25175714 0.17712155
0.27256858 0.26599243 0.18585882
0.29217643 0.28560027 0.20546666
0.2874861 0.2656625 0.18283142
0.29848212 0.26141092 0.1758824
0.31574488 0.27037507 0.1876471
0.33300757 0.28068882 0.19246274
0.3573447 0.2828294 0.1864079
0.38010544 0.2903426 0.19122358
0.3989445 0.29393423 0.19211769
0.40678763 0.29772872 0.22080782
0.3871798 0.27407223 0.2220471
0.38010544 0.2795462 0.24681573
0.3557683 0.27605608 0.2598196
0.27883524 0.26301354 0.28796083
0.20424737 0.26061475 0.32394513
0.29990238 0.3840658 0.46938828
0.4473456 0.53845793 0.6292785
0.525777 0.6155398 0.7146588
0.45911032 0.55022264 0.6410432
0.19482781 0.25814414 0.32697257
0.17914154 0.24245787 0.3112863
0.20893762 0.27920303 0.3535294
0.2465769 0.32514083 0.39666665
0.28971416 0.3682781 0.4398039
0.34461612 0.4204809 0.50860393
0.39167494 0.46753973 0.55566275
0.4191259 0.49364114 0.5900628
0.3979416 0.48075545 0.5743765
0.42539257 0.50685686 0.60877645
0.5045927 0.60130453 0.70592153
0.65830255 0.7689124 0.8845255
0.7406555 0.8526148 0.9599294
0.7838318 0.8596966 0.94781965
0.77914155 0.8411083 0.9182353
0.77287483 0.8265431 0.90647054
0.7767964 0.83046466 0.91039217
0.78463954 0.8383078 0.9182353
0.78229445 0.8276641 0.91039217
0.7509219 0.79629153 0.8790196
0.75876504 0.80548424 0.87991375
0.79405916 0.84077835 0.91520786
0.7979807 0.8446999 0.91912943
0.7995571 0.83932734 0.90825886
0.57533705 0.5371176 0.50687844
0.5737997 0.51183283 0.43470594
0.589486 0.5288687 0.44344315
0.6012507 0.5419829 0.44825882
0.60909384 0.549826 0.45610195
0.6012507 0.5419829 0.44825882
0.60909384 0.549826 0.45610195
0.62085855 0.56159073 0.46786666
0.6130154 0.5537476 0.46002352
0.616937 0.55766916 0.4639451
0.62085855 0.56159073 0.46786666
0.616937 0.55766916 0.4639451
0.6247801 0.5655123 0.47178823
0.6287017 0.56943387 0.4757098
0.63262326 0.57335544 0.47963136
0.64438796 0.58512014 0.49139607
0.6522311 0.5929633 0.4992392
0.6483095 0.5890417 0.49531764
0.6483095 0.5890417 0.49531764
0.6577291 0.5915123 0.49229026
0.66165066 0.5954339 0.49621183
0.6655722 0.59935546 0.5001334
0.6632271 0.5900613 0.48534125
0.6632271 0.5900613 0.48534125
0.6593055 0.5874893 0.47447065
0.6475408 0.57437503 0.46965498
0.17610577 0.15448338 0.11864311
0.17452936 0.15715681 0.1434118
0.15492152 0.13619943 0.13075292
0.16668622 0.14796413 0.14251763
0.15492152 0.13619943 0.13075292
0.16276465 0.1453921 0.1316471
0.17452936 0.15715681 0.1434118
0.18629406 0.16892152 0.1551765
0.14315681 0.12578426 0.11203925
0.13531367 0.11794112 0.10419611
0.14315681 0.12578426 0.11203925
0.1313921 0.115369104 0.093325526
0.13689008 0.11256857 0.093325526
0.13689008 0.11391814 0.08637644
0.32043508 0.2835652 0.2450275
0.82239586 0.7868755 0.7400392
0.79809785 0.7486794 0.69084704
0.79263884 0.716774 0.62865096
0.46326607 0.35535538 0.22314514
0.6076344 0.46187717 0.22479221
0.61390114 0.47509283 0.24350592
0.67110926 0.57129586 0.38929412
0.7095172 0.62785167 0.47894123
0.71893674 0.62897265 0.4828628
0.7173603 0.6356948 0.48678437
0.7095172 0.62785167 0.47894123
0.7150152 0.6237016 0.48589027
0.70717204 0.61585844 0.47804713
0.70717204 0.61585844 0.47804713
0.7110936 0.6184305 0.4889177
0.69540733 0.6027442 0.47323143
0.7110936 0.6184305 0.4889177
0.70717204 0.61585844 0.47804713
0.69698375 0.59737164 0.46236086
0.7009053 0.6012932 0.46628243
0.69698375 0.59737164 0.46236086
0.6993289 0.6080153 0.470204
0.70325047 0.6119369 0.47412556
0.6695328 0.57127017 0.42796084
0.6577681 0.55950546 0.41619614
0.67345434 0.57519174 0.4318824
0.6930622 0.5947996 0.45149025
0.7009053 0.6026427 0.4593334
0.71267 0.6144074 0.4710981
0.71267 0.6144074 0.4710981
0.73227787 0.63401526 0.49070594
0.73070145 0.6407374 0.4946275
0.70717204 0.617208 0.4710981
0.7110936 0.61978006 0.4819687
0.70325047 0.6119369 0.47412556
0.7110936 0.61978006 0.4819687
0.70717204 0.61450887 0.48499614
0.70717204 0.61450887 0.48499614
0.69540733 0.6040938 0.46628243
0.68521905 0.58560693 0.45059615
0.6773759 0.5777638 0.44275302
0.69698375 0.59737164 0.46236086
0.66795635 0.57664275 0.43883145
0.6718779 0.5805644 0.44275302
0.6718779 0.5819138 0.43580398
0.6930622 0.5947996 0.45149025
0.6836426 0.5936786 0.44756868
0.7150152 0.6237016 0.48589027
0.6993289 0.6080153 0.470204
0.6836426 0.5936786 0.44756868
0.65619165 0.56622756 0.4201177
0.6522701 0.56230605 0.41619614
0.69148576 0.60152173 0.45541182
0.70325047 0.6132864 0.46717653
0.69540733 0.60544324 0.4593334
0.70325047 0.6132864 0.46717653
0.69148576 0.60152173 0.45541182
0.6977525 0.61608696 0.46717653
0.296098 0.2881723 0.21633723
0.29059994 0.29097286 0.21633723
0.2827568 0.28312972 0.2084941
0.2945215 0.29489443 0.2202588
0.2694157 0.2780871 0.20065096
0.26157257 0.27024397 0.19280782
0.257651 0.2663224 0.18888626
0.2592274 0.26094985 0.17801568
0.27491367 0.27663612 0.19370195
0.27883524 0.2805577 0.19762352
0.25530583 0.25702828 0.17409408
0.26707053 0.26744345 0.19280782
0.2945215 0.29489443 0.2202588
0.28198814 0.26846302 0.18283142
0.2812194 0.2524468 0.1641177
0.29221547 0.24954477 0.15021959
0.3149762 0.25705793 0.15503535
0.34950155 0.2776854 0.16466671
0.40128967 0.307277 0.18606274
0.41463077 0.31366915 0.18695691
0.4358151 0.3279044 0.19569416
0.4726857 0.35917547 0.2131686
0.4915248 0.36411667 0.20711377
0.5205522 0.38619506 0.22369416
0.54565805 0.40435195 0.23635292
0.5707639 0.42115927 0.25596076
0.5880266 0.43012345 0.26772547
0.5495796 0.4028753 0.26807058
0.45857584 0.32462117 0.25610194
0.38168183 0.2728241 0.24289416
0.3573447 0.2679844 0.26284704
0.28667837 0.26950717 0.3027529
0.2222788 0.2842456 0.36137253
0.34538478 0.43649715 0.5273177
0.47087502 0.56198734 0.6528079
0.5100907 0.5998535 0.6989725
0.31716514 0.3943795 0.47420388
0.17679638 0.2318142 0.30344316
0.19090624 0.25422257 0.323051
0.22462389 0.2948893 0.36921567
0.2465769 0.32514083 0.39666665
0.27560428 0.3458697 0.42019606
0.30228657 0.3559549 0.43588233
0.30778462 0.35450387 0.42893338
0.29759634 0.33601707 0.4132471
0.27406693 0.31248766 0.3897177
0.29367477 0.3320955 0.40932554
0.4748356 0.5258048 0.6223295
0.5539967 0.65765744 0.76777256
0.68183196 0.7924418 0.9080549
0.73281235 0.8447717 0.95208627
0.7900984 0.87426186 0.95958436
0.7830631 0.8450299 0.9221568
0.76895326 0.8226215 0.902549
0.7415023 0.79517055 0.875098
0.75876504 0.80413467 0.88686275
0.7783729 0.8250921 0.8995216
0.79405916 0.84077835 0.91520786
0.79405916 0.84077835 0.91520786
0.7979807 0.8446999 0.91912943
0.7995571 0.83932734 0.90825886
0.69217646 0.67345434 0.66800785
0.5800664 0.52504855 0.4534197
0.58164287 0.52102554 0.4356
0.58556443 0.5262966 0.43257254
0.589486 0.5302182 0.4364941
0.589486 0.5302182 0.4364941
0.59732914 0.5380613 0.44433725
0.6051723 0.54590446 0.4521804
0.62085855 0.56159073 0.46786666
0.63262326 0.57335544 0.47963136
0.63262326 0.57335544 0.47963136
0.616937 0.55766916 0.4639451
0.62085855 0.56159073 0.46786666
0.6287017 0.56943387 0.4757098
0.62085855 0.56159073 0.46786666
0.6247801 0.5655123 0.47178823
0.6287017 0.56943387 0.4757098
0.6247801 0.5655123 0.47178823
0.62635654 0.5601398 0.4609177
0.63812125 0.5719045 0.47268242
0.62635654 0.5601398 0.4609177
0.64361924 0.57045346 0.4657334
0.6357761 0.5626103 0.45789027
0.6357761 0.5626103 0.45789027
0.65303874 0.5729241 0.46270594
0.6491172 0.5690025 0.45878437
0.25768995 0.22082008 0.18228239
0.15492152 0.13754897 0.12380396
0.17452936 0.15715681 0.1434118
0.14707838 0.1283563 0.122909784
0.14707838 0.12970583 0.11596082
0.17060779 0.15323524 0.13949023
0.16668622 0.14931367 0.13556866
0.15099995 0.1336274 0.11988239
0.13531367 0.11794112 0.10419611
0.13531367 0.11794112 0.10419611
0.13531367 0.11794112 0.10419611
0.13531367 0.119290665 0.097247094
0.13296852 0.108647004 0.08940396
0.1518076 0.11493772 0.076400034
0.82397234 0.78285253 0.7222196
0.82162726 0.7735584 0.70742744
0.78714085 0.7195745 0.62865096
0.740121 0.6391593 0.5124471
0.4860658 0.3349104 0.13101959
0.6131325 0.4590766 0.22479221
0.6319326 0.5014228 0.26703537
0.7064034 0.60389084 0.43848634
0.7228583 0.6328943 0.48678437
0.7173603 0.6356948 0.48678437
0.71343875 0.63177323 0.4828628
0.7095172 0.62785167 0.47894123
0.70717204 0.61585844 0.47804713
0.7110936 0.61978006 0.4819687
0.70717204 0.61585844 0.47804713
0.71893674 0.6276232 0.48981184
0.7228583 0.63019514 0.5006824
0.7228583 0.6315447 0.4937334
0.7110936 0.61978006 0.4819687
0.6836426 0.5936786 0.44756868
0.7009053 0.6012932 0.46628243
0.69698375 0.59737164 0.46236086
0.69698375 0.59737164 0.46236086
0.69148576 0.60017216 0.46236086
0.69698375 0.59737164 0.46236086
0.6891406 0.590878 0.44756868
0.69698375 0.59872115 0.45541182
0.69698375 0.59872115 0.45541182
0.6891406 0.590878 0.44756868
0.67345434 0.5765413 0.4249333
0.6891406 0.5922276 0.4406196
0.68521905 0.588306 0.43669802
0.6891406 0.590878 0.44756868
0.66168964 0.56342703 0.4201177
0.6695328 0.57127017 0.42796084
0.66795635 0.57664275 0.43883145
0.6993289 0.6080153 0.470204
0.69540733 0.6040938 0.46628243
0.7267799 0.63546634 0.49765497
0.72443473 0.6248226 0.48981184
0.7283563 0.6300937 0.48678437
0.71267 0.6144074 0.4710981
0.71267 0.6130579 0.47804713
0.70325047 0.6119369 0.47412556
0.6875642 0.59625065 0.4584393
0.6930622 0.5947996 0.45149025
0.68521905 0.58695644 0.44364712
0.6773759 0.5791133 0.43580398
0.68521905 0.58695644 0.44364712
0.6695328 0.57127017 0.42796084
0.66168964 0.56342703 0.4201177
0.6695328 0.57127017 0.42796084
0.6656112 0.5673486 0.42403927
0.67345434 0.57519174 0.4318824
0.6773759 0.5791133 0.43580398
0.6718779 0.5832634 0.42885488
0.6538465 0.55693346 0.40532547
0.6248191 0.5362046 0.38179606
0.6303171 0.53340405 0.38179606
0.23335288 0.22677673 0.1466431
0.23335288 0.22812627 0.13969415
0.24903916 0.24381256 0.15538043
0.25296074 0.24908367 0.15235297
0.2639567 0.24348262 0.15235297
0.2655331 0.23811008 0.14148232
0.2749527 0.24058063 0.13845488
0.29613703 0.25481588 0.14719221
0.33692914 0.28730947 0.18248633
0.35968986 0.29212356 0.20119998
0.36361143 0.2946956 0.21207058
0.37068582 0.28517294 0.20814902
0.3604976 0.2666861 0.19246274
0.40444255 0.29113367 0.19211769
0.43739158 0.32118225 0.1917726
0.4640738 0.3366657 0.1796628
0.50486594 0.3705088 0.20800789
0.5495796 0.40962306 0.23332547
0.5707639 0.42385834 0.24206279
0.57468545 0.42912942 0.23903534
0.5958697 0.44201517 0.2547216
0.61939913 0.46554458 0.27825102
0.617054 0.45625046 0.26345885
0.6382383 0.46913618 0.27914512
0.6382383 0.46913618 0.27914512
0.6343168 0.4652146 0.27522355
0.6303952 0.45994347 0.27825102
0.59194815 0.43134588 0.28554514
0.4624974 0.32989228 0.25307456
0.3738387 0.26498097 0.23505102
0.34792516 0.26686338 0.25892547
0.28902355 0.27880126 0.3175451
0.24423173 0.31179804 0.4027216
0.37518093 0.4745918 0.5626118
0.48263973 0.57375205 0.6645726
0.46460828 0.5474221 0.6410432
0.19640422 0.25277162 0.316102
0.18229441 0.23171276 0.28954506
0.19405912 0.2421279 0.30825886
0.22777678 0.28414416 0.34747455
0.25522774 0.3102456 0.38187456
0.2607258 0.3087946 0.37492552
0.25761196 0.28348422 0.34141958
0.23565896 0.25458226 0.3070196
0.23723537 0.2492097 0.29614908
0.2348902 0.23856603 0.2883059
0.2450785 0.2557033 0.31094116
0.514859 0.5436317 0.63196075
0.5054004 0.5772166 0.69023526
0.5265457 0.62885696 0.7472706
0.6739888 0.78594816 0.89326274
0.7273144 0.8475722 0.95208627
0.76499265 0.85610497 0.9469255
0.76737684 0.8293436 0.90647054
0.78463954 0.8383078 0.9182353
0.7885611 0.84222937 0.9221568
0.7901376 0.8368568 0.9112863
0.78229445 0.82901365 0.90344316
0.79405916 0.84077835 0.91520786
0.79405916 0.84077835 0.91520786
0.7995571 0.83932734 0.90825886
0.7949059 0.7873827 0.8095294
0.5761448 0.521127 0.44949812
0.58164287 0.52102554 0.4356
0.6012507 0.5406334 0.45520785
0.5934076 0.53413975 0.44041568
0.59732914 0.5367118 0.4512863
0.59732914 0.5380613 0.44433725
0.6130154 0.5537476 0.46002352
0.616937 0.55766916 0.4639451
0.616937 0.55766916 0.4639451
0.6051723 0.54590446 0.4521804
0.6012507 0.5419829 0.44825882
0.6051723 0.54590446 0.4521804
0.62085855 0.56159073 0.46786666
0.6287017 0.56943387 0.4757098
0.6365448 0.577277 0.48355293
0.64438796 0.58512014 0.49139607
0.6538075 0.5862412 0.49531764
0.6538075 0.5862412 0.49531764
0.6538075 0.5862412 0.49531764
0.6420428 0.57582605 0.47660398
0.63812125 0.5719045 0.47268242
0.6357761 0.5626103 0.45789027
0.6357761 0.5626103 0.45789027
0.64127403 0.5611594 0.45094123
0.62558776 0.54682267 0.42830586
0.44123507 0.39181665 0.3339843
0.17452936 0.15715681 0.1434118
0.14707838 0.12970583 0.11596082
0.17452936 0.15580727 0.15036076
0.15884309 0.14147054 0.12772553
0.14315681 0.12578426 0.11203925
0.17060779 0.15323524 0.13949023
0.13923524 0.121862695 0.108117685
0.1313921 0.11401955 0.10027454
0.12747054 0.11009798 0.09635297
0.12747054 0.11009798 0.09635297
0.13296852 0.108647004 0.08940396
0.13846649 0.10719604 0.082454875
0.43181545 0.39069563 0.33006272
0.8177057 0.7709863 0.6965569
0.78714085 0.7195745 0.62865096
0.7801054 0.6943913 0.57037646
0.4044816 0.26857367 0.06738044
0.6131325 0.4590766 0.22479221
0.6209756 0.46691975 0.23263535
0.6185915 0.4923316 0.28003922
0.68521905 0.5896556 0.429749
0.6875642 0.5989497 0.44454116
0.6993289 0.60936487 0.46325496
0.70717204 0.617208 0.4710981
0.7267799 0.6368158 0.49070594
0.71893674 0.62897265 0.4828628
0.7110936 0.6211295 0.47501966
0.71893674 0.6276232 0.48981184
0.7110936 0.61978006 0.4819687
0.7110936 0.61978006 0.4819687
0.69540733 0.6040938 0.46628243
0.7150152 0.6237016 0.48589027
0.70717204 0.617208 0.4710981
0.6993289 0.60936487 0.46325496
0.70717204 0.61585844 0.47804713
0.69148576 0.60017216 0.46236086
0.69540733 0.6040938 0.46628243
0.6993289 0.6080153 0.470204
0.70325047 0.6132864 0.46717653
0.69148576 0.60152173 0.45541182
0.6836426 0.5936786 0.44756868
0.6875642 0.5989497 0.44454116
0.6891406 0.5922276 0.4406196
0.6891406 0.5922276 0.4406196
0.6891406 0.5922276 0.4406196
0.70874846 0.6118354 0.46022743
0.6773759 0.5804629 0.42885488
0.66168964 0.56342703 0.4201177
0.6891406 0.590878 0.44756868
0.7048269 0.6065643 0.46325496
0.7009053 0.6026427 0.4593334
0.7048269 0.6065643 0.46325496
0.6812975 0.5830349 0.43972555
0.64992493 0.5516623 0.408353
0.66168964 0.56342703 0.4201177
0.6695328 0.57127017 0.42796084
0.68521905 0.58560693 0.45059615
0.7048269 0.6052148 0.470204
0.70874846 0.61048585 0.46717653
0.6930622 0.59614915 0.44454116
0.7009053 0.6039923 0.4523843
0.69698375 0.59872115 0.45541182
0.69698375 0.59872115 0.45541182
0.68521905 0.58695644 0.44364712
0.69698375 0.59872115 0.45541182
0.6757995 0.58583546 0.43972555
0.6757995 0.58583546 0.43972555
0.66795635 0.5779923 0.4318824
0.6640348 0.57542026 0.42101175
0.6656112 0.56869817 0.41709018
0.66168964 0.5647766 0.4131686
0.66168964 0.5647766 0.4131686
0.27026245 0.21929327 0.1227686
0.28360364 0.22568537 0.123662785
0.3008663 0.23734863 0.121529445
0.33696818 0.251254 0.12723921
0.36599556 0.27333242 0.14381966
0.3848347 0.27827358 0.13776475
0.41151702 0.2897083 0.14650194
0.45780715 0.31940132 0.18179606
0.4907561 0.34270224 0.21619612
0.48448938 0.32408834 0.22527842
0.46645796 0.2923602 0.22954515
0.47587755 0.29483077 0.22651769
0.4578462 0.26985034 0.19603926
0.5064814 0.31828436 0.19748233
0.5951011 0.42329982 0.24990593
0.60686576 0.43776363 0.24777259
0.6186305 0.44952834 0.25953728
0.64215994 0.47440732 0.27611765
0.62647367 0.45737147 0.26738042
0.6303952 0.4626426 0.26435292
0.6303952 0.4626426 0.26435292
0.6343168 0.46656418 0.2682745
0.6382383 0.47048575 0.27219605
0.6343168 0.4652146 0.27522355
0.6382383 0.46913618 0.27914512
0.6209756 0.45882246 0.27432945
0.61547756 0.45757437 0.29517645
0.5652659 0.41856158 0.28375685
0.45307785 0.3274217 0.25610194
0.3738387 0.26498097 0.23505102
0.35184672 0.27078494 0.26284704
0.29294512 0.28272283 0.32146665
0.26618475 0.34204954 0.4301726
0.39871034 0.49677166 0.5930902
0.47087502 0.56198734 0.6528079
0.30620813 0.36257553 0.4259059
0.17683542 0.19710825 0.24124709
0.19017653 0.20350042 0.24214122
0.2058628 0.2191867 0.2578275
0.23331378 0.24528812 0.29222748
0.25292164 0.26489598 0.31183535
0.26234117 0.26736656 0.30880788
0.26157257 0.25135028 0.2900941
0.26314896 0.24597776 0.2792235
0.27883524 0.26031446 0.3018588
0.27491367 0.2563929 0.29793724
0.2639177 0.25929484 0.31183535
0.53604335 0.5565174 0.647647
0.44031015 0.5051774 0.612698
0.49440444 0.5828177 0.69023526
0.5453848 0.63514763 0.73426664
0.6520359 0.7570462 0.85886276
0.7077066 0.82796437 0.9324784
0.7846005 0.8757128 0.96653336
0.7948278 0.8554451 0.9408706
0.7885611 0.84222937 0.9221568
0.7885611 0.84222937 0.9221568
0.786216 0.8329352 0.9073647
0.7901376 0.8368568 0.9112863
0.7901376 0.8368568 0.9112863
0.7995571 0.8379778 0.91520786
0.8176275 0.83095145 0.8695922
0.5808351 0.5397153 0.47908235
0.556537 0.50151914 0.42989028
0.556537 0.50151914 0.42989028
0.57222325 0.518555 0.4386275
0.57222325 0.518555 0.4386275
0.5761448 0.5238261 0.4356
0.58556443 0.5249471 0.43952158
0.589486 0.5302182 0.4364941
0.589486 0.5288687 0.44344315
0.59732914 0.5367118 0.4512863
0.6130154 0.5523981 0.46697256
0.616937 0.55631965 0.47089413
0.6130154 0.5523981 0.46697256
0.60909384 0.5484765 0.463051
0.6130154 0.5523981 0.46697256
0.616937 0.55631965 0.47089413
0.61459184 0.5470255 0.45610195
0.6051723 0.54590446 0.4521804
0.6302781 0.5627118 0.47178823
0.6302781 0.5627118 0.47178823
0.64361924 0.56910396 0.47268242
0.65538394 0.58086866 0.48444712
0.65538394 0.58221817 0.4774981
0.6491172 0.5690025 0.45878437
0.64127403 0.56250894 0.44399214
0.5385056 0.4765387 0.3994118
0.17845093 0.16107838 0.14733337
0.15884309 0.140121 0.13467449
0.14942348 0.139 0.13075292
0.16276465 0.14404257 0.13859606
0.17845093 0.16107838 0.14733337
0.14315681 0.12578426 0.11203925
0.14315681 0.12578426 0.11203925
0.1313921 0.11401955 0.10027454
0.12354897 0.10617641 0.0924314
0.13296852 0.108647004 0.08940396
0.13454492 0.10192491 0.08548239
0.14161937 0.100499555 0.03986664
0.8114389 0.7591202 0.6708941
0.79890555 0.7326888 0.6334667
0.784027 0.6983129 0.574298
0.3636895 0.23473051 0.03903535
0.6131325 0.46042618 0.21784312
0.6209756 0.46826932 0.22568625
0.6350854 0.4893282 0.25224322
0.6468111 0.5317502 0.34705096
0.68521905 0.588306 0.43669802
0.6875642 0.5976001 0.45149025
0.69540733 0.60544324 0.4593334
0.6993289 0.60936487 0.46325496
0.6875642 0.5976001 0.45149025
0.67972106 0.58975697 0.44364712
0.69148576 0.60017216 0.46236086
0.69540733 0.6040938 0.46628243
0.70325047 0.6119369 0.47412556
0.71893674 0.6276232 0.48981184
0.70874846 0.60913634 0.47412556
0.70325047 0.6132864 0.46717653
0.70325047 0.6132864 0.46717653
0.70325047 0.6132864 0.46717653
0.70325047 0.6132864 0.46717653
0.70717204 0.61585844 0.47804713
0.7110936 0.61978006 0.4819687
0.70325047 0.6132864 0.46717653
0.7110936 0.6211295 0.47501966
0.70325047 0.6132864 0.46717653
0.70325047 0.6132864 0.46717653
0.69540733 0.60544324 0.4593334
0.6875642 0.5989497 0.44454116
0.6930622 0.59614915 0.44454116
0.6930622 0.59614915 0.44454116
0.6930622 0.59614915 0.44454116
0.69698375 0.6000707 0.44846272
0.6930622 0.59614915 0.44454116
0.69698375 0.6000707 0.44846272
0.6930622 0.5947996 0.45149025
0.6930622 0.5947996 0.45149025
0.7009053 0.6039923 0.4523843
0.6695328 0.57127017 0.42796084
0.67345434 0.57519174 0.4318824
0.67110926 0.5645481 0.42403927
0.6891406 0.590878 0.44756868
0.71267 0.6144074 0.4710981
0.7048269 0.6065643 0.46325496
0.71267 0.6144074 0.4710981
0.67345434 0.5765413 0.4249333
0.66168964 0.5647766 0.4131686
0.6538465 0.55693346 0.40532547
0.6695328 0.57261974 0.42101175
0.6656112 0.5673486 0.42403927
0.68521905 0.58695644 0.44364712
0.6930622 0.5947996 0.45149025
0.69698375 0.59872115 0.45541182
0.6993289 0.60936487 0.46325496
0.6993289 0.61071444 0.45630586
0.7048269 0.60791385 0.45630586
0.70874846 0.6118354 0.46022743
0.67345434 0.5778909 0.4179843
0.4146699 0.27626407 0.1386588
0.4397757 0.2984696 0.13047057
0.47822267 0.32166904 0.15097253
0.5017521 0.34654802 0.167553
0.5347011 0.37254795 0.18805495
0.5519638 0.3815121 0.19981965
0.57706964 0.399669 0.21247847
0.5966775 0.41927683 0.23208632
0.6084422 0.4269929 0.26469803
0.56530493 0.3771079 0.25630587
0.5198226 0.31792873 0.23312156
0.5331637 0.32297134 0.2409647
0.521399 0.31525528 0.20835298
0.5590383 0.36659127 0.22369416
0.6162853 0.43888468 0.25169414
0.62412846 0.4467278 0.25953728
0.62647367 0.45737147 0.26738042
0.6343168 0.4652146 0.27522355
0.62647367 0.45737147 0.26738042
0.6131325 0.44962975 0.27343535
0.61547756 0.45892394 0.28822744
0.6076344 0.44973123 0.2873333
0.59821486 0.44726068 0.2903608
0.57937574 0.4423195 0.2964157
0.5605366 0.43602878 0.30941963
0.54169744 0.42973813 0.32242352
0.5244347 0.41807488 0.3245569
0.47579947 0.3736895 0.30226666
0.40128967 0.29513106 0.24860391
0.36441916 0.26385993 0.23112945
0.35184672 0.27078494 0.26284704
0.2968667 0.2866444 0.32538822
0.2834474 0.35236326 0.4349882
0.40578473 0.48994815 0.5752706
0.36660814 0.41467693 0.48080787
0.19175294 0.19677833 0.23821965
0.20040387 0.18323264 0.2164784
0.21216857 0.19499734 0.22824311
0.22785485 0.21068361 0.24392939
0.24903916 0.22356933 0.25961566
0.26314896 0.24597776 0.2792235
0.25530583 0.2381346 0.27138036
0.2568823 0.23141247 0.2674588
0.26080388 0.23533404 0.27138036
0.25530583 0.23678505 0.27832937
0.25138426 0.23286349 0.2744078
0.25372943 0.23945852 0.30309802
0.5399649 0.5590895 0.65851766
0.3336591 0.37923014 0.508949
0.44815332 0.511671 0.62749016
0.5501141 0.61498135 0.72250193
0.509322 0.58248776 0.6872078
0.6167418 0.72040254 0.83051765
0.69594187 0.81485015 0.92766273
0.7657614 0.8721213 0.9656392
0.80267096 0.8632882 0.9487137
0.7924827 0.84615093 0.92607844
0.786216 0.83158565 0.9143137
0.786216 0.8329352 0.9073647
0.79405916 0.84077835 0.91520786
0.7901376 0.8368568 0.9112863
0.8011335 0.8339548 0.8973882
0.54627067 0.547046 0.5663922
0.5321608 0.5273367 0.53288627
0.54000396 0.5365294 0.5337804
0.5611882 0.5494152 0.54946667
0.5886392 0.5782157 0.56996864
0.59256077 0.5821373 0.5738902
0.5745294 0.5571568 0.54341185
0.5666863 0.54931366 0.5355687
0.5353137 0.5192907 0.49724713
0.56434107 0.5400196 0.5207765
0.5721842 0.5492123 0.5216706
0.5619959 0.5307255 0.5059843
0.57533705 0.53846717 0.4999295
0.5894469 0.56087554 0.5195373
0.61063117 0.5737613 0.5352236
0.6051332 0.5765618 0.5352236
0.61455274 0.57903236 0.53219616
0.6067096 0.5711892 0.524353
0.60044295 0.556624 0.51258826
0.5902547 0.5394867 0.489953
0.60751736 0.55115 0.4878196
0.62085855 0.5575421 0.4887138
0.60909384 0.54712695 0.47000006
0.59890556 0.5313392 0.44041568
0.61459184 0.54837507 0.449153
0.61928207 0.5656138 0.48568633
0.17060779 0.15323524 0.13949023
0.17452936 0.15580727 0.15036076
0.17452936 0.15580727 0.15036076
0.16276465 0.14404257 0.13859606
0.15492152 0.13754897 0.12380396
0.14707838 0.12970583 0.11596082
0.13531367 0.11794112 0.10419611
0.13531367 0.11794112 0.10419611
0.12747054 0.11009798 0.09635297
0.12904695 0.104725435 0.08548239
0.1494625 0.10429403 0.0685569
0.7228193 0.662202 0.57677644
0.8067487 0.7405319 0.64130986
0.77618384 0.69181925 0.55950594
0.40840316 0.27249524 0.07130201
0.5974462 0.4447399 0.20215684
0.60921085 0.45785412 0.2069726
0.62881875 0.47746196 0.22658044
0.63743055 0.4986223 0.26703537
0.6789524 0.57509035 0.4179843
0.6993289 0.60936487 0.46325496
0.7150152 0.62505114 0.47894123
0.70717204 0.61585844 0.47804713
0.70167404 0.6200085 0.4710981
0.6993289 0.60936487 0.46325496
0.6875642 0.5976001 0.45149025
0.6875642 0.5976001 0.45149025
0.6836426 0.592329 0.45451772
0.6836426 0.592329 0.45451772
0.6930622 0.59345007 0.4584393
0.6812975 0.58168536 0.4466746
0.6891406 0.590878 0.44756868
0.7048269 0.6065643 0.46325496
0.7048269 0.6065643 0.46325496
0.7048269 0.6052148 0.470204
0.69148576 0.60017216 0.46236086
0.7110936 0.61978006 0.4819687
0.70325047 0.6132864 0.46717653
0.6993289 0.60936487 0.46325496
0.70717204 0.617208 0.4710981
0.70717204 0.617208 0.4710981
0.71893674 0.62897265 0.4828628
0.7150152 0.6264007 0.47199214
0.69540733 0.6067928 0.4523843
0.69148576 0.6028713 0.44846272
0.6891406 0.5922276 0.4406196
0.69698375 0.6000707 0.44846272
0.6930622 0.59614915 0.44454116
0.69698375 0.6000707 0.44846272
0.69698375 0.6000707 0.44846272
0.68521905 0.58695644 0.44364712
0.6930622 0.59614915 0.44454116
0.6812975 0.58438444 0.43277645
0.68287396 0.57766235 0.42885488
0.6789524 0.5723912 0.4318824
0.6750308 0.56846964 0.42796084
0.6577681 0.55950546 0.41619614
0.6656112 0.5673486 0.42403927
0.6695328 0.57261974 0.42101175
0.64992493 0.5530119 0.4014039
0.67345434 0.5765413 0.4249333
0.6656112 0.56869817 0.41709018
0.6891406 0.5922276 0.4406196
0.68521905 0.588306 0.43669802
0.69698375 0.6000707 0.44846272
0.67345434 0.5765413 0.4249333
0.6773759 0.5791133 0.43580398
0.6718779 0.5832634 0.42885488
0.6601132 0.57149875 0.41709018
0.6656112 0.57004774 0.41014117
0.64600337 0.5504399 0.39053333
0.6577681 0.5622046 0.40229803
0.56138337 0.38263315 0.20374122
0.58648926 0.40213954 0.20945096
0.5943324 0.41133225 0.21034509
0.6060971 0.4230969 0.2221098
0.61943823 0.4281395 0.22995293
0.61394024 0.43094003 0.22995293
0.6233598 0.43071157 0.2408235
0.62728137 0.43463314 0.24474508
0.6296265 0.44392723 0.25953728
0.61394024 0.4241923 0.26469803
0.58883435 0.4033364 0.2659373
0.5966775 0.41117954 0.27378044
0.60059905 0.41645065 0.27075297
0.5911795 0.41667917 0.25988233
0.60528934 0.4404371 0.27254117
0.59194815 0.43404502 0.27164704
0.5825286 0.4315744 0.27467453
0.56761104 0.4305548 0.28465098
0.5542699 0.42281312 0.29070592
0.5409288 0.41372186 0.3037098
0.5338543 0.42054543 0.32152945
0.5032505 0.40518913 0.3088706
0.5055956 0.41448322 0.3236628
0.48283488 0.40562052 0.32579607
0.47341534 0.4018004 0.33577257
0.46791735 0.40190184 0.34967056
0.46399578 0.3966307 0.3526981
0.43262324 0.36390862 0.32827455
0.37695253 0.2902913 0.2685569
0.3416584 0.2549972 0.23326279
0.34008202 0.25902024 0.25108233
0.28983128 0.25876203 0.28101182
0.2976353 0.30266067 0.344102
0.3384275 0.33515418 0.3793961
0.24119602 0.2157262 0.25177252
0.23335288 0.2092326 0.23698042
0.24119602 0.21707574 0.24482356
0.246694 0.21427521 0.24482356
0.246694 0.21427521 0.24482356
0.24511759 0.2209973 0.24874513
0.24119602 0.2157262 0.25177252
0.24903916 0.22356933 0.25961566
0.25138426 0.23286349 0.2744078
0.25138426 0.23286349 0.2744078
0.2403883 0.23576543 0.2883059
0.24430987 0.23833747 0.29917645
0.23565896 0.25188318 0.32091764
0.5438865 0.5603119 0.6763373
0.22151011 0.2560834 0.40520003
0.22151011 0.25743297 0.39825094
0.5265847 0.5901024 0.70592153
0.5955965 0.66876227 0.7734823
0.54146326 0.6298765 0.7372941
0.63711834 0.7560266 0.8688392
0.67318106 0.80733705 0.9228471
0.7430007 0.861909 0.97472155
0.80501604 0.8725824 0.9635059
0.7885611 0.84222937 0.9221568
0.78229445 0.82901365 0.90344316
0.79405916 0.84077835 0.91520786
0.7995571 0.8379778 0.91520786
0.7956355 0.83675534 0.8973882
0.82231784 0.8495397 0.8991765
0.82231784 0.8495397 0.8991765
0.82231784 0.8508892 0.8922275
0.82231784 0.8508892 0.8922275
0.8183963 0.8483172 0.8813569
0.82231784 0.8522388 0.88527846
0.8262394 0.85616034 0.88920003
0.830161 0.8600819 0.8931216
0.830161 0.8600819 0.8931216
0.83408254 0.8640035 0.89704317
0.83958054 0.86120296 0.89704317
0.83958054 0.8625525 0.8900941
0.83958054 0.8625525 0.8900941
0.83958054 0.8625525 0.8900941
0.8474237 0.87039566 0.89793724
0.8435021 0.8678236 0.88706666
0.8474237 0.87174517 0.89098823
0.8474237 0.87174517 0.89098823
0.86076474 0.8767878 0.89883137
0.8568432 0.8728662 0.8949098
0.8584196 0.86614406 0.89098823
0.854498 0.86357206 0.88011765
0.852153 0.85292834 0.8722745
0.8458863 0.8410622 0.84661174
0.8333529 0.8146308 0.8091843
0.8098235 0.7924509 0.77870595
0.21766661 0.20029406 0.18654905
0.17452936 0.15580727 0.15036076
0.17845093 0.15972884 0.15428233
0.15884309 0.140121 0.13467449
0.14315681 0.124434724 0.118988216
0.14707838 0.12970583 0.11596082
0.13531367 0.11794112 0.10419611
0.13296852 0.10729745 0.09635297
0.12904695 0.104725435 0.08548239
0.13846649 0.10854559 0.07550585
0.4247801 0.3628132 0.2856863
0.8083251 0.73515934 0.6304393
0.78168184 0.6903683 0.55255693
0.5495796 0.4163708 0.19858038
0.58568144 0.4329752 0.19039214
0.60528934 0.45393255 0.20305103
0.617054 0.46569726 0.21481574
0.6248971 0.4735404 0.22265887
0.64604247 0.518433 0.3144393
0.68521905 0.5896556 0.429749
0.69540733 0.60544324 0.4593334
0.7110936 0.6211295 0.47501966
0.70717204 0.617208 0.4710981
0.7173603 0.6343453 0.4937334
0.7110936 0.61978006 0.4819687
0.7110936 0.61978006 0.4819687
0.70325047 0.6119369 0.47412556
0.70325047 0.6119369 0.47412556
0.70325047 0.6119369 0.47412556
0.6993289 0.6080153 0.470204
0.6891406 0.5895285 0.45451772
0.67345434 0.57519174 0.4318824
0.6812975 0.5830349 0.43972555
0.6773759 0.5791133 0.43580398
0.6812975 0.58168536 0.4466746
0.6930622 0.5947996 0.45149025
0.7009053 0.6026427 0.4593334
0.70717204 0.617208 0.4710981
0.69540733 0.60544324 0.4593334
0.69540733 0.60544324 0.4593334
0.69540733 0.60544324 0.4593334
0.70325047 0.6132864 0.46717653
0.70717204 0.6185576 0.464149
0.70325047 0.6132864 0.46717653
0.69540733 0.6067928 0.4523843
0.6875642 0.5989497 0.44454116
0.70325047 0.61463594 0.46022743
0.7009053 0.6039923 0.4523843
0.70874846 0.6118354 0.46022743
0.7009053 0.6039923 0.4523843
0.7048269 0.6065643 0.46325496
0.7009053 0.6026427 0.4593334
0.6930622 0.59614915 0.44454116
0.69698375 0.59872115 0.45541182
0.6891406 0.590878 0.44756868
0.6930622 0.5947996 0.45149025
0.6812975 0.5830349 0.43972555
0.6891406 0.590878 0.44756868
0.6930622 0.5947996 0.45149025
0.6812975 0.5830349 0.43972555
0.6812975 0.58438444 0.43277645
0.6891406 0.590878 0.44756868
0.7009053 0.6039923 0.4523843
0.7009053 0.6039923 0.4523843
0.69698375 0.6000707 0.44846272
0.7048269 0.60791385 0.45630586
0.6577681 0.56085503 0.40924704
0.6538465 0.55693346 0.40532547
0.6577681 0.56085503 0.40924704
0.6695328 0.5739693 0.41406274
0.67345434 0.5778909 0.4179843
0.6538465 0.55828303 0.39837646
0.5959088 0.40461016 0.20642352
0.60375196 0.4124533 0.21426666
0.6115951 0.42164594 0.21516083
0.61551666 0.42421794 0.22603136
0.61943823 0.4281395 0.22995293
0.6178618 0.4335121 0.2408235
0.62570494 0.44135523 0.24866664
0.61236376 0.4349631 0.24777259
0.6107874 0.43898606 0.26559222
0.611556 0.4536528 0.29125488
0.60213643 0.4484831 0.3081804
0.5927169 0.4473621 0.30425882
0.56918746 0.42248315 0.28767842
0.53858364 0.40577728 0.28196865
0.5119014 0.39299297 0.2801804
0.5009053 0.39724457 0.2871294
0.4954073 0.39599642 0.3079765
0.4820662 0.38825473 0.31403136
0.47656816 0.38970572 0.32098043
0.46949378 0.39787883 0.331851
0.46399578 0.3993298 0.33879998
0.46399578 0.3993298 0.33879998
0.45065463 0.39428723 0.33095685
0.4428115 0.38374498 0.3370118
0.41928208 0.35886604 0.3204314
0.39417624 0.34070915 0.30777258
0.36672527 0.31190866 0.28727058
0.33535272 0.27918655 0.26284704
0.3000586 0.24254286 0.234502
0.29221547 0.23469973 0.22665887
0.28437233 0.22550704 0.22576474
0.26945466 0.22313796 0.24269016
0.25611356 0.2167458 0.2417961
0.23100773 0.19993849 0.22218826
0.23100773 0.19858894 0.22913729
0.23100773 0.19858894 0.22913729
0.23335288 0.20788306 0.24392939
0.24511759 0.21964777 0.2556941
0.23569798 0.21717721 0.25872153
0.23412158 0.22254975 0.2695922
0.21920392 0.22287975 0.27261963
0.21762751 0.22690277 0.2904392
0.21997267 0.23619688 0.30523133
0.20347866 0.24054985 0.32607841
0.18148662 0.24905293 0.3399765
0.17283577 0.26394814 0.35476866
0.2230475 0.29756272 0.39398435
0.50778466 0.5504552 0.64978045
0.20190226 0.23782513 0.3786431
0.22543168 0.26135454 0.4021725
0.3085533 0.36377236 0.48239213
0.5854082 0.65027547 0.75779605
0.54227096 0.6071382 0.7146588
0.55791825 0.65887994 0.7855922
0.63315773 0.78681105 0.92711365
0.676295 0.8299483 0.9702509
0.72965956 0.8541672 0.9807764
0.7916749 0.8661902 0.9626118
0.786216 0.8329352 0.9073647
0.79171395 0.8301347 0.9073647
0.7956355 0.83405626 0.9112863
0.7956355 0.83540577 0.9043373
0.8246629 0.8588338 0.9139686
0.8128982 0.84841865 0.89525485
0.82074136 0.8562618 0.903098
0.8168198 0.8523402 0.8991765
0.82231784 0.8508892 0.8922275
0.82231784 0.8508892 0.8922275
0.8262394 0.8548108 0.89614904
0.8262394 0.8548108 0.89614904
0.830161 0.85873234 0.9000706
0.830161 0.85873234 0.9000706
0.83408254 0.8626539 0.9039922
0.83408254 0.8640035 0.89704317
0.83408254 0.8640035 0.89704317
0.8380041 0.86792505 0.90096474
0.8380041 0.86792505 0.90096474
0.8380041 0.86792505 0.90096474
0.8380041 0.86792505 0.90096474
0.8380041 0.86792505 0.90096474
0.8435021 0.8651245 0.90096474
0.8474237 0.8690461 0.9048863
0.8435021 0.8651245 0.90096474
0.84507847 0.859752 0.8900941
0.8411569 0.85717994 0.8792235
0.8427333 0.85180736 0.868353
0.8419647 0.8371406 0.84269017
0.835698 0.8252745 0.81702745
0.8545371 0.83021563 0.8109726
0.1721842 0.1478627 0.12861964
0.16434106 0.13867001 0.12772553
0.14865479 0.12298374 0.11203925
0.14707838 0.12970583 0.11596082
0.12354897 0.10617641 0.0924314
0.12354897 0.10617641 0.0924314
0.12512538 0.10080387 0.08156082
0.1400429 0.10317303 0.06463533
0.3149762 0.25435886 0.16893333
0.8099015 0.7311364 0.6126196
0.77307004 0.6705575 0.505153
0.6217443 0.48158646 0.2582981
0.617054 0.46434775 0.22176468
0.617054 0.46434775 0.22176468
0.6131325 0.4617757 0.21089417
0.63274026 0.48138353 0.23050201
0.6350854 0.4893282 0.25224322
0.6648426 0.555381 0.3844785
0.6891406 0.5922276 0.4406196
0.6836426 0.59502816 0.4406196
0.6836426 0.5936786 0.44756868
0.6993289 0.60936487 0.46325496
0.71343875 0.6304237 0.48981184
0.70167404 0.618659 0.47804713
0.71343875 0.6304237 0.48981184
0.7228583 0.6315447 0.4937334
0.71893674 0.6276232 0.48981184
0.7150152 0.6237016 0.48589027
0.69540733 0.6040938 0.46628243
0.70325047 0.6119369 0.47412556
0.70325047 0.6119369 0.47412556
0.69698375 0.59737164 0.46236086
0.6891406 0.590878 0.44756868
0.6773759 0.5791133 0.43580398
0.6695328 0.57127017 0.42796084
0.67345434 0.57519174 0.4318824
0.6695328 0.57261974 0.42101175
0.6773759 0.5804629 0.42885488
0.68521905 0.588306 0.43669802
0.68521905 0.588306 0.43669802
0.69698375 0.6000707 0.44846272
0.6836426 0.59502816 0.4406196
0.69540733 0.6067928 0.4523843
0.6993289 0.60936487 0.46325496
0.6993289 0.61071444 0.45630586
0.7009053 0.6039923 0.4523843
0.7048269 0.60791385 0.45630586
0.69698375 0.6000707 0.44846272
0.68521905 0.588306 0.43669802
0.6891406 0.590878 0.44756868
0.69698375 0.59872115 0.45541182
0.69698375 0.6000707 0.44846272
0.68521905 0.58695644 0.44364712
0.6891406 0.590878 0.44756868
0.6891406 0.590878 0.44756868
0.69698375 0.59872115 0.45541182
0.7009053 0.6026427 0.4593334
0.7009053 0.6026427 0.4593334
0.70874846 0.61048585 0.46717653
0.70325047 0.6132864 0.46717653
0.69698375 0.59872115 0.45541182
0.6930622 0.59614915 0.44454116
0.67345434 0.5765413 0.4249333
0.6577681 0.56085503 0.40924704
0.6695328 0.57261974 0.42101175
0.6812975 0.58438444 0.43277645
0.6695328 0.57261974 0.42101175
0.66795635 0.58069146 0.4179843
0.6718779 0.58461297 0.42190588
0.6773759 0.58181244 0.42190588
0.6538465 0.55828303 0.39837646
0.58648926 0.40078998 0.21640004
0.5825677 0.39821798 0.20552939
0.5849128 0.40616256 0.22727063
0.57941484 0.40896308 0.22727063
0.56999516 0.405143 0.23724703
0.5644972 0.40659404 0.24419606
0.56292075 0.410617 0.26201573
0.53389335 0.3885386 0.24543528
0.53308564 0.4085778 0.28196865
0.53935236 0.4190944 0.31458038
0.5244347 0.41807488 0.3245569
0.51659155 0.41023174 0.31671375
0.47579947 0.37773815 0.28141963
0.4703015 0.37783957 0.29531762
0.46322703 0.38601267 0.30618823
0.46322703 0.3846631 0.3131373
0.44988593 0.37827098 0.31224316
0.44596437 0.37299988 0.31527057
0.4302781 0.35596406 0.3065333
0.4012507 0.3338856 0.289953
0.39732912 0.32996404 0.28603142
0.362035 0.29466993 0.2507373
0.33300757 0.27259153 0.2341569
0.32124287 0.25947726 0.22934122
0.3173213 0.25420618 0.23236862
0.3000586 0.24254286 0.234502
0.28437233 0.22550704 0.22576474
0.26868606 0.20982076 0.21007846
0.25926644 0.20735022 0.21310586
0.25926644 0.20600069 0.22005488
0.24984682 0.20487967 0.21613331
0.24434884 0.20498109 0.2300314
0.23100773 0.19993849 0.22218826
0.21766661 0.19354632 0.22129415
0.21216857 0.19499734 0.22824311
0.20117262 0.1978993 0.24214122
0.2058628 0.21648762 0.27172548
0.19644326 0.21401702 0.27475291
0.17679638 0.2318142 0.30344316
0.16422394 0.24143831 0.32126272
0.18460049 0.27571285 0.36653337
0.22223976 0.31895155 0.4235686
0.31085944 0.4158697 0.51768625
0.5273144 0.6475722 0.7520863
0.48733002 0.59234035 0.6941569
0.43792605 0.5359874 0.63230586
0.42539257 0.5082064 0.6018275
0.498365 0.5506838 0.6389098
0.69367474 0.7307459 0.8162745
0.26856893 0.3071909 0.43141174
0.40032578 0.44859588 0.5617176
0.37521997 0.43448767 0.5282118
0.54934543 0.6003146 0.6968393
0.6105922 0.5922726 0.6808079
0.4410399 0.55455 0.7005569
0.5978636 0.75151694 0.89181954
0.6872909 0.82569677 0.96330196
0.74772996 0.8430922 0.95600784
0.7995571 0.8379778 0.91520786
0.7838708 0.82229155 0.8995216
0.79171395 0.8314842 0.9004157
0.79171395 0.8314842 0.9004157
0.83250606 0.8666769 0.92181176
0.8128982 0.84841865 0.89525485
0.8128982 0.84841865 0.89525485
0.8168198 0.8523402 0.8991765
0.8168198 0.8523402 0.8991765
0.82231784 0.8508892 0.8922275
0.82074136 0.8576113 0.89614904
0.830161 0.85873234 0.9000706
0.830161 0.85873234 0.9000706
0.8285845 0.86545444 0.9039922
0.83408254 0.8626539 0.9039922
0.830161 0.85873234 0.9000706
0.8380041 0.86792505 0.90096474
0.83408254 0.8640035 0.89704317
0.83408254 0.8640035 0.89704317
0.8380041 0.86792505 0.90096474
0.8380041 0.86792505 0.90096474
0.8380041 0.86792505 0.90096474
0.8380041 0.86792505 0.90096474
0.83958054 0.86120296 0.89704317
0.83958054 0.8625525 0.8900941
0.83565897 0.85863096 0.88617253
0.83723533 0.8532584 0.87530196
0.8427333 0.85180736 0.868353
0.8419647 0.8371406 0.84269017
0.835698 0.8252745 0.81702745
0.8404273 0.81050634 0.77746665
0.5824505 0.49963677 0.40601575
0.16749388 0.13062401 0.092086315
0.13689008 0.11391814 0.08637644
0.13296852 0.108647004 0.08940396
0.12904695 0.104725435 0.08548239
0.12512538 0.102153435 0.07461174
0.14161937 0.09914999 0.04681572
0.622435 0.5575677 0.45004714
0.7918701 0.7088551 0.5682432
0.73466206 0.61130255 0.4294039
0.5762619 0.42780554 0.2073177
0.60528934 0.45123348 0.21694908
0.6209756 0.46826932 0.22568625
0.6209756 0.46826932 0.22568625
0.62881875 0.47611246 0.23352939
0.639007 0.49459928 0.24921569
0.6476189 0.51441 0.29661962
0.6812975 0.58438444 0.43277645
0.6718779 0.5819138 0.43580398
0.6836426 0.5936786 0.44756868
0.70717204 0.617208 0.4710981
0.70325047 0.6119369 0.47412556
0.69540733 0.6040938 0.46628243
0.69148576 0.60017216 0.46236086
0.69540733 0.6040938 0.46628243
0.69540733 0.6040938 0.46628243
0.6993289 0.6080153 0.470204
0.7150152 0.6237016 0.48589027
0.71893674 0.6276232 0.48981184
0.7110936 0.61978006 0.4819687
0.6993289 0.6080153 0.470204
0.70717204 0.61585844 0.47804713
0.70717204 0.61585844 0.47804713
0.70325047 0.6132864 0.46717653
0.69698375 0.59872115 0.45541182
0.6891406 0.590878 0.44756868
0.6656112 0.56869817 0.41709018
0.6656112 0.56869817 0.41709018
0.6577681 0.56085503 0.40924704
0.6577681 0.56085503 0.40924704
0.66168964 0.5647766 0.4131686
0.6656112 0.56869817 0.41709018
0.6812975 0.58438444 0.43277645
0.68521905 0.588306 0.43669802
0.68521905 0.588306 0.43669802
0.68521905 0.58695644 0.44364712
0.69698375 0.6000707 0.44846272
0.6930622 0.59614915 0.44454116
0.7009053 0.6039923 0.4523843
0.7165916 0.618329 0.47501966
0.69698375 0.6000707 0.44846272
0.7009053 0.6026427 0.4593334
0.7009053 0.6026427 0.4593334
0.7048269 0.6065643 0.46325496
0.6930622 0.5947996 0.45149025
0.6891406 0.590878 0.44756868
0.6930622 0.5947996 0.45149025
0.69698375 0.59872115 0.45541182
0.69148576 0.60152173 0.45541182
0.68521905 0.58695644 0.44364712
0.6656112 0.56869817 0.41709018
0.66168964 0.5647766 0.4131686
0.68521905 0.588306 0.43669802
0.6891406 0.5922276 0.4406196
0.6812975 0.585734 0.42582744
0.6930622 0.5974987 0.43759215
0.70874846 0.613185 0.45327842
0.69698375 0.6014203 0.44151372
0.69540733 0.6081424 0.4454353
0.69540733 0.6081424 0.4454353
0.6875642 0.60029924 0.43759215
0.5142855 0.36893076 0.22582744
0.5127091 0.37430328 0.23669802
0.5127091 0.37295374 0.2436471
0.49936792 0.3665616 0.24275298
0.48052883 0.36296996 0.24185887
0.47503078 0.36307147 0.25575686
0.46561116 0.35925135 0.26573336
0.46403477 0.36462387 0.27660397
0.4820662 0.38960427 0.30708233
0.5055956 0.41043457 0.34450984
0.5000976 0.41323513 0.34450984
0.45696032 0.36874834 0.3083216
0.42950934 0.34129736 0.28087062
0.4044035 0.3231405 0.26821175
0.3808741 0.29826158 0.25163135
0.35184672 0.2775327 0.22810194
0.3283173 0.25265372 0.21152161
0.32047418 0.24481057 0.20367847
0.30870947 0.23169632 0.19886279
0.30870947 0.23034675 0.20581181
0.3149762 0.24356247 0.22452548
0.27968207 0.20826833 0.18923134
0.25849774 0.19403307 0.1804941
0.25692135 0.19940561 0.19136474
0.2490782 0.19021292 0.19047062
0.24750173 0.19693506 0.19439219
0.23416054 0.19054294 0.19349802
0.23808211 0.19311497 0.2043686
0.23100773 0.20128804 0.21523918
0.22943132 0.20531103 0.23305885
0.22235687 0.21348415 0.24392939
0.20901576 0.20709199 0.24303526
0.18467855 0.20360187 0.2560392
0.17052971 0.21859848 0.28472945
0.16814551 0.24670942 0.31823528
0.19402003 0.27818343 0.36350593
0.23950244 0.3306148 0.42143533
0.35714948 0.44826186 0.5390824
0.46695346 0.5580658 0.6488863
0.45518875 0.54630107 0.6371216
0.421471 0.50428486 0.59790593
0.40578473 0.4885986 0.58221966
0.4010555 0.5060658 0.6078823
0.6802556 0.8005134 0.90502745
0.41205144 0.50181425 0.6009333
0.41678074 0.48569658 0.5683215
0.41678074 0.48434705 0.5752706
0.51170623 0.55572635 0.64675295
0.564263 0.6026837 0.67991376
0.71954936 0.764919 0.8476471
0.3964042 0.44737342 0.54389805
0.5924827 0.64345187 0.7399765
0.5509219 0.59494203 0.68596864
0.6082861 0.5415248 0.6385647
0.68287396 0.54122454 0.61647844
0.5297376 0.5726095 0.71892554
0.5791025 0.66906655 0.8151765
0.67249054 0.7138115 0.82143533
0.7995571 0.8379778 0.91520786
0.78544724 0.81556946 0.8956
0.7838708 0.82229155 0.8995216
0.7877924 0.82756263 0.89649415
0.8246629 0.8588338 0.9139686
0.80897665 0.8444971 0.89133334
0.8168198 0.8523402 0.8991765
0.8168198 0.8523402 0.8991765
0.82231784 0.8495397 0.8991765
0.8262394 0.85346127 0.903098
0.8262394 0.8548108 0.89614904
0.830161 0.85873234 0.9000706
0.830161 0.85873234 0.9000706
0.83408254 0.8626539 0.9039922
0.83408254 0.8626539 0.9039922
0.83408254 0.8626539 0.9039922
0.83408254 0.8640035 0.89704317
0.83408254 0.8640035 0.89704317
0.8380041 0.86792505 0.90096474
0.8380041 0.86792505 0.90096474
0.8380041 0.86792505 0.90096474
0.8419257 0.8718466 0.9048863
0.8474237 0.8690461 0.9048863
0.83958054 0.86120296 0.89704317
0.83958054 0.86120296 0.89704317
0.84507847 0.859752 0.8900941
0.8411569 0.85717994 0.8792235
0.83881176 0.8478858 0.8644314
0.8364667 0.83994114 0.84269017
0.835698 0.8252745 0.81702745
0.8404273 0.81050634 0.77746665
0.56522685 0.4600153 0.31120783
0.6020975 0.4926359 0.32173342
0.41620725 0.30964613 0.1691373
0.2193211 0.13090782 0.023490235
0.18871725 0.11420198 0.017780438
0.19421521 0.11140145 0.017780438
0.27110922 0.16319852 0.030988276
0.35426986 0.23091042 0.049011737
0.58645016 0.44359326 0.23690194
0.5880266 0.43957025 0.2190824
0.58568144 0.4302761 0.20429024
0.5974462 0.44339034 0.20910594
0.60528934 0.45123348 0.21694908
0.60528934 0.45123348 0.21694908
0.5974462 0.4447399 0.20215684
0.61939913 0.4722923 0.24350592
0.6350464 0.51998544 0.33528626
0.7048269 0.6065643 0.46325496
0.6993289 0.60936487 0.46325496
0.69540733 0.60544324 0.4593334
0.7150152 0.62505114 0.47894123
0.7228583 0.6315447 0.4937334
0.69540733 0.6040938 0.46628243
0.69540733 0.6040938 0.46628243
0.6993289 0.6080153 0.470204
0.7110936 0.61978006 0.4819687
0.6875642 0.59625065 0.4584393
0.6875642 0.59625065 0.4584393
0.6993289 0.6080153 0.470204
0.70325047 0.6119369 0.47412556
0.7110936 0.6211295 0.47501966
0.7110936 0.61978006 0.4819687
0.7110936 0.61978006 0.4819687
0.70325047 0.6119369 0.47412556
0.6993289 0.6080153 0.470204
0.70325047 0.6119369 0.47412556
0.70325047 0.6132864 0.46717653
0.69148576 0.6028713 0.44846272
0.68521905 0.588306 0.43669802
0.67345434 0.5765413 0.4249333
0.6656112 0.56869817 0.41709018
0.66168964 0.5647766 0.4131686
0.6695328 0.57261974 0.42101175
0.6695328 0.57261974 0.42101175
0.67110926 0.56589764 0.41709018
0.68679553 0.5815839 0.43277645
0.68287396 0.57766235 0.42885488
0.6891406 0.5922276 0.4406196
0.6907171 0.5855055 0.43669802
0.6891406 0.5922276 0.4406196
0.6930622 0.5947996 0.45149025
0.69698375 0.59872115 0.45541182
0.7048269 0.6065643 0.46325496
0.69698375 0.59872115 0.45541182
0.7009053 0.6026427 0.4593334
0.7009053 0.6026427 0.4593334
0.7009053 0.6026427 0.4593334
0.69698375 0.59872115 0.45541182
0.69698375 0.59872115 0.45541182
0.69148576 0.6028713 0.44846272
0.69148576 0.6028713 0.44846272
0.6875642 0.5989497 0.44454116
0.69148576 0.6028713 0.44846272
0.68521905 0.588306 0.43669802
0.68521905 0.588306 0.43669802
0.67345434 0.5778909 0.4179843
0.6695328 0.5739693 0.41406274
0.66168964 0.56612617 0.4062196
0.66168964 0.56612617 0.4062196
0.6656112 0.57004774 0.41014117
0.6656112 0.57004774 0.41014117
0.4483485 0.3516367 0.24701965
0.45227006 0.35420874 0.25789022
0.45227006 0.35420874 0.25789022
0.45619163 0.35678074 0.26876083
0.4483485 0.3489376 0.2609177
0.4350074 0.34254545 0.2600235
0.4232427 0.3294312 0.25520784
0.39971328 0.30455223 0.2386275
0.4099015 0.32168952 0.26126277
0.3981368 0.30857527 0.25644705
0.37852895 0.2876179 0.24378821
0.323627 0.23271595 0.18888626
0.31578383 0.22352324 0.18799219
0.3063643 0.22105263 0.19101964
0.2891016 0.21073891 0.18620396
0.27183893 0.20177473 0.17443925
0.26007423 0.18866049 0.1696235
0.2655722 0.18585996 0.1696235
0.2522311 0.18081735 0.16178036
0.26007423 0.18866049 0.1696235
0.27968207 0.20691878 0.19618037
0.25849774 0.19403307 0.1804941
0.24358016 0.19436304 0.1835216
0.23023897 0.1879709 0.18262748
0.224741 0.18807235 0.19652547
0.21924302 0.18952334 0.20347448
0.20509419 0.20451997 0.23216468
0.20194124 0.21526513 0.25390592
0.19329037 0.2288108 0.27564704
0.19090624 0.25557214 0.316102
0.21520436 0.2937683 0.3652941
0.30540043 0.38396436 0.45549017
0.40343964 0.48200357 0.5535294
0.46618477 0.54474866 0.6162745
0.43089062 0.50945455 0.58098036
0.39951807 0.478082 0.5496078
0.40109447 0.4700103 0.55263525
0.40109447 0.47135988 0.54568624
0.42620036 0.48816717 0.5652941
0.43012193 0.49208874 0.56921566
0.41993362 0.47360194 0.5535294
0.41601205 0.4710299 0.54265887
0.36580035 0.43336666 0.5242902
0.5665301 0.6867879 0.79130197
0.11793381 0.20769665 0.30681565
0.099133685 0.16804956 0.2506745
0.122663096 0.19157897 0.2742039
0.50463176 0.565249 0.6506745
0.613667 0.6603862 0.7348157
0.7117062 0.75707585 0.83980393
0.6120905 0.6644093 0.7526353
0.60816896 0.6604877 0.74871373
0.5509219 0.59494203 0.68596864
0.57849 0.5034301 0.6032706
0.66722673 0.48408458 0.5733412
0.6954854 0.48879722 0.57815695
0.72055227 0.5457086 0.6321647
0.6937528 0.6518872 0.7405255
0.80663157 0.8298047 0.9043373
0.7815257 0.8129974 0.88472944
0.7815257 0.8129974 0.88472944
0.7932904 0.8247621 0.89649415
0.8011335 0.8339548 0.8973882
0.80897665 0.8444971 0.89133334
0.80897665 0.8444971 0.89133334
0.8168198 0.8523402 0.8991765
0.8262394 0.85346127 0.903098
0.8262394 0.85346127 0.903098
0.8262394 0.8548108 0.89614904
0.8246629 0.86153287 0.9000706
0.83408254 0.8626539 0.9039922
0.8380041 0.8665755 0.90791374
0.8380041 0.8665755 0.90791374
0.83408254 0.8626539 0.9039922
0.8380041 0.8665755 0.90791374
0.8380041 0.86792505 0.90096474
0.8380041 0.86792505 0.90096474
0.8419257 0.8718466 0.9048863
0.8380041 0.86792505 0.90096474
0.8419257 0.8718466 0.9048863
0.8474237 0.8690461 0.9048863
0.8435021 0.8651245 0.90096474
0.83958054 0.86120296 0.89704317
0.84507847 0.859752 0.8900941
0.8427333 0.8504578 0.87530196
0.83881176 0.8478858 0.8644314
0.8364667 0.83994114 0.84269017
0.83177644 0.82135296 0.8131059
0.83885086 0.81722844 0.7813882
0.5479641 0.44970158 0.3063922
0.61309344 0.49243307 0.29393733
0.6068267 0.47921732 0.27522355
0.58487374 0.44896582 0.24777259
0.58645016 0.44359326 0.23690194
0.5942933 0.4514364 0.24474508
0.6076344 0.45782852 0.2456392
0.611556 0.4617501 0.24956077
0.5997913 0.45268446 0.22389808
0.5935246 0.43946877 0.20518437
0.5974462 0.44339034 0.20910594
0.60528934 0.45123348 0.21694908
0.6013677 0.4473119 0.2130275
0.5974462 0.44339034 0.20910594
0.6013677 0.4473119 0.2130275
0.61390114 0.47104424 0.26435292
0.6413132 0.530502 0.3678981
0.6695328 0.57127017 0.42796084
0.67345434 0.57519174 0.4318824
0.6875642 0.5976001 0.45149025
0.70325047 0.6119369 0.47412556
0.71893674 0.6276232 0.48981184
0.70325047 0.6119369 0.47412556
0.70325047 0.6119369 0.47412556
0.70717204 0.61585844 0.47804713
0.6993289 0.6080153 0.470204
0.70717204 0.61585844 0.47804713
0.69540733 0.6040938 0.46628243
0.70717204 0.617208 0.4710981
0.7048269 0.6065643 0.46325496
0.7009053 0.6026427 0.4593334
0.6930622 0.5947996 0.45149025
0.71267 0.6130579 0.47804713
0.70325047 0.6119369 0.47412556
0.6993289 0.6080153 0.470204
0.7110936 0.61978006 0.4819687
0.69540733 0.60544324 0.4593334
0.6875642 0.5976001 0.45149025
0.6993289 0.60936487 0.46325496
0.70325047 0.6132864 0.46717653
0.7009053 0.6026427 0.4593334
0.6812975 0.58438444 0.43277645
0.6695328 0.57261974 0.42101175
0.6656112 0.56869817 0.41709018
0.6695328 0.57261974 0.42101175
0.6695328 0.57261974 0.42101175
0.67345434 0.5765413 0.4249333
0.6789524 0.5737408 0.4249333
0.6789524 0.5737408 0.4249333
0.6789524 0.5737408 0.4249333
0.69463867 0.58942705 0.4406196
0.6907171 0.5841559 0.44364712
0.7048269 0.6065643 0.46325496
0.69698375 0.59872115 0.45541182
0.69698375 0.59872115 0.45541182
0.69698375 0.59872115 0.45541182
0.7009053 0.6026427 0.4593334
0.7048269 0.6065643 0.46325496
0.6930622 0.5947996 0.45149025
0.69698375 0.6000707 0.44846272
0.6891406 0.5922276 0.4406196
0.69540733 0.60544324 0.4593334
0.69540733 0.6067928 0.4523843
0.69698375 0.6000707 0.44846272
0.69698375 0.6000707 0.44846272
0.6812975 0.585734 0.42582744
0.6656112 0.57004774 0.41014117
0.6656112 0.57004774 0.41014117
0.6656112 0.57004774 0.41014117
0.6577681 0.5622046 0.40229803
0.6577681 0.5622046 0.40229803
0.40205836 0.3165455 0.23952156
0.39029366 0.30478078 0.22775686
0.3722623 0.27710125 0.21117651
0.35265446 0.2574934 0.19156867
0.33696818 0.2404576 0.18283142
0.32128188 0.22477132 0.16714513
0.30951717 0.21165706 0.16232938
0.30009755 0.20918652 0.16535684
0.33304662 0.23383695 0.19280782
0.3353917 0.24313109 0.20760004
0.30009755 0.2064874 0.17925493
0.27107018 0.18575852 0.15572552
0.2671486 0.18048741 0.15875298
0.2538075 0.17409526 0.15785879
0.2522311 0.18081735 0.16178036
0.25849774 0.19403307 0.1804941
0.2373135 0.18114732 0.16480783
0.2373135 0.17979777 0.1717569
0.23181546 0.18259834 0.1717569
0.2396586 0.18909192 0.18654905
0.25768995 0.21542189 0.21007846
0.23335288 0.21328126 0.21613331
0.2184353 0.21091212 0.23305885
0.20036483 0.22333677 0.2508784
0.20740023 0.2525687 0.2883059
0.24738462 0.3064511 0.35318428
0.34150225 0.39921921 0.45425096
0.48502392 0.54968977 0.61021966
0.48110235 0.5457682 0.6062981
0.41443565 0.47910154 0.5396314
0.40659252 0.4712584 0.5317883
0.39874938 0.46341527 0.52394515
0.4105141 0.47517997 0.53570986
0.39248264 0.44885004 0.51218045
0.3979807 0.44739905 0.5052313
0.40740025 0.4485201 0.5091529
0.39171398 0.43283382 0.49346665
0.28191006 0.3230299 0.38366273
0.105439454 0.14655928 0.20719212
0.06072579 0.10879456 0.17492552
0.07641207 0.12313129 0.19756082
0.07718076 0.13914755 0.21627448
0.075604275 0.14317058 0.23409414
0.5939811 0.7142389 0.81875294
0.5939811 0.7142389 0.81875294
0.46460828 0.5474221 0.6410432
0.42696905 0.50283384 0.59095687
0.52031803 0.5822848 0.6594118
0.69836503 0.75338286 0.8250118
0.7140513 0.76906914 0.84069806
0.68267876 0.736347 0.8162745
0.7140513 0.76637006 0.8545961
0.53289044 0.5686121 0.6624392
0.57456845 0.498159 0.6062981
0.6319326 0.44474182 0.55889416
0.65392464 0.43623877 0.5449961
0.6695719 0.49337873 0.58813334
0.62397236 0.55991024 0.64035296
0.7987884 0.8219616 0.89649415
0.7815257 0.8129974 0.88472944
0.7776041 0.80907583 0.8808079
0.7932904 0.8247621 0.89649415
0.79721195 0.83003324 0.89346665
0.8144747 0.840347 0.89828235
0.8144747 0.84169656 0.89133334
0.82231784 0.8495397 0.8991765
0.82231784 0.8495397 0.8991765
0.8262394 0.85346127 0.903098
0.8262394 0.8548108 0.89614904
0.8262394 0.8548108 0.89614904
0.83408254 0.8626539 0.9039922
0.8403492 0.87721914 0.9157569
0.8419257 0.87049705 0.9118353
0.8380041 0.8665755 0.90791374
0.8380041 0.8665755 0.90791374
0.8380041 0.8665755 0.90791374
0.8380041 0.86792505 0.90096474
0.8380041 0.86792505 0.90096474
0.8380041 0.86792505 0.90096474
0.8419257 0.8718466 0.9048863
0.8419257 0.8718466 0.9048863
0.8474237 0.8690461 0.9048863
0.84900004 0.86367357 0.89401567
0.83723533 0.85190886 0.88225096
0.8411569 0.85717994 0.8792235
0.83881176 0.8478858 0.8644314
0.8364667 0.8385916 0.84963924
0.835698 0.8252745 0.81702745
0.8349293 0.81330687 0.77746665
0.5973681 0.50470495 0.37519222
0.60525024 0.48458987 0.28609416
0.62251306 0.49625316 0.2839608
0.6178227 0.4776649 0.25437653
0.60213643 0.4619786 0.23869024
0.5997913 0.45133495 0.2308471
0.5997913 0.45133495 0.2308471
0.584105 0.43564868 0.21516083
0.58018345 0.43307668 0.20429024
0.58960307 0.4355472 0.2012628
0.6013677 0.4473119 0.2130275
0.60921085 0.45515504 0.22087064
0.60921085 0.45515504 0.22087064
0.6131325 0.4590766 0.22479221
0.6076344 0.45782852 0.2456392
0.617015 0.492306 0.3187059
0.65934455 0.55413294 0.40532547
0.6656112 0.5673486 0.42403927
0.6656112 0.5673486 0.42403927
0.6812975 0.5830349 0.43972555
0.67345434 0.57519174 0.4318824
0.67972106 0.58975697 0.44364712
0.6875642 0.59625065 0.4584393
0.6993289 0.6080153 0.470204
0.6993289 0.6080153 0.470204
0.69540733 0.6040938 0.46628243
0.7150152 0.6237016 0.48589027
0.69698375 0.59872115 0.45541182
0.7009053 0.6026427 0.4593334
0.7048269 0.6065643 0.46325496
0.70874846 0.61048585 0.46717653
0.70874846 0.61048585 0.46717653
0.69540733 0.60544324 0.4593334
0.6993289 0.6080153 0.470204
0.70717204 0.61585844 0.47804713
0.69540733 0.6040938 0.46628243
0.6993289 0.60936487 0.46325496
0.6875642 0.5976001 0.45149025
0.7110936 0.6211295 0.47501966
0.69148576 0.60152173 0.45541182
0.6836426 0.5936786 0.44756868
0.6930622 0.5947996 0.45149025
0.69698375 0.59872115 0.45541182
0.7009053 0.6039923 0.4523843
0.70874846 0.6118354 0.46022743
0.6930622 0.59614915 0.44454116
0.6812975 0.5830349 0.43972555
0.67345434 0.57519174 0.4318824
0.6789524 0.5723912 0.4318824
0.6695328 0.57127017 0.42796084
0.655423 0.5488618 0.408353
0.66168964 0.56342703 0.4201177
0.6812975 0.5830349 0.43972555
0.6812975 0.5830349 0.43972555
0.68521905 0.58695644 0.44364712
0.6891406 0.590878 0.44756868
0.69698375 0.59872115 0.45541182
0.69698375 0.59872115 0.45541182
0.6891406 0.590878 0.44756868
0.6930622 0.5947996 0.45149025
0.7009053 0.6039923 0.4523843
0.7048269 0.60791385 0.45630586
0.7048269 0.60791385 0.45630586
0.6930622 0.59614915 0.44454116
0.68521905 0.588306 0.43669802
0.6812975 0.585734 0.42582744
0.6875642 0.60029924 0.43759215
0.6836426 0.59637773 0.43367058
0.6757995 0.5885346 0.42582744
0.67972106 0.5924561 0.429749
0.67972106 0.5924561 0.429749
0.296176 0.20526496 0.16143528
0.28833285 0.19742182 0.15359214
0.28833285 0.19742182 0.15359214
0.28441128 0.19350025 0.14967057
0.27656814 0.18565711 0.14182743
0.27264658 0.18038598 0.14485493
0.27264658 0.18038598 0.14485493
0.268725 0.17646441 0.14093336
0.30009755 0.20783696 0.17230591
0.3079407 0.21433054 0.18709807
0.27499175 0.18833055 0.16659611
0.24046639 0.16905265 0.15001565
0.23496833 0.16915411 0.16391376
0.23339193 0.17452665 0.17478435
0.23023897 0.18662137 0.18957645
0.24042727 0.20375863 0.21221174
0.22001171 0.20688912 0.21523918
0.21293733 0.2150622 0.22610983
0.20978437 0.22580737 0.24785095
0.2435021 0.26647404 0.29401568
0.32035705 0.3516275 0.3763686
0.4011335 0.43935302 0.46959218
0.48583165 0.5310001 0.5667373
0.45445907 0.49962753 0.53536475
0.41132182 0.45649028 0.4922275
0.40740025 0.4525687 0.48830593
0.39329037 0.43016034 0.46869808
0.39329037 0.43016034 0.46869808
0.39486685 0.42478773 0.45782748
0.40036482 0.4219872 0.45782748
0.41528234 0.4216573 0.45479998
0.39017653 0.4035004 0.4421412
0.25918835 0.2794612 0.32360005
0.1023256 0.121248916 0.17368624
0.06780018 0.10197105 0.15710585
0.05445906 0.095578894 0.15621173
0.06307088 0.118088715 0.18971768
0.07952584 0.14979126 0.22411762
0.17991021 0.2584741 0.32999998
0.3838318 0.46104616 0.54087055
0.4622632 0.5394776 0.619302
0.39951807 0.47538286 0.5635059
0.40109447 0.4700103 0.55263525
0.74457705 0.85788596 0.9569019
0.6802556 0.8005134 0.90502745
0.41678074 0.48569658 0.5683215
0.40267095 0.46463776 0.5417647
0.5179729 0.5729907 0.64461964
0.7117062 0.7584254 0.8328549
0.70778465 0.75450385 0.82893336
0.5767964 0.62911516 0.7173412
0.65914935 0.71011853 0.8066432
0.53289044 0.56726253 0.6693883
0.60044295 0.52963305 0.65156865
0.5699562 0.39531386 0.52876073
0.6413521 0.44451332 0.56976473
0.6272033 0.46490812 0.57065886
0.6404273 0.59296227 0.6678039
0.80036485 0.8152395 0.8925726
0.7815257 0.8129974 0.88472944
0.77368253 0.80515426 0.8768863
0.7893688 0.82084054 0.8925726
0.7893688 0.8221901 0.8856235
0.8144747 0.840347 0.89828235
0.8144747 0.84169656 0.89133334
0.8183963 0.8456181 0.89525485
0.8144747 0.84304607 0.88438433
0.82231784 0.8508892 0.8922275
0.8262394 0.8548108 0.89614904
0.830161 0.85873234 0.9000706
0.830161 0.85873234 0.9000706
0.7383884 0.77390885 0.8207451
0.84427077 0.8797912 0.9266274
0.8521139 0.88898385 0.9275216
0.8419257 0.87049705 0.9118353
0.8380041 0.8665755 0.90791374
0.8380041 0.86792505 0.90096474
0.8419257 0.8718466 0.9048863
0.8419257 0.8718466 0.9048863
0.8474237 0.8690461 0.9048863
0.8474237 0.8690461 0.9048863
0.8474237 0.8690461 0.9048863
0.8435021 0.8664741 0.89401567
0.84507847 0.859752 0.8900941
0.83723533 0.85190886 0.88225096
0.8427333 0.8504578 0.87530196
0.8403883 0.84251314 0.8535608
0.8302 0.8267255 0.82397646
0.8349293 0.81195736 0.78441566
0.70244277 0.629277 0.52455693
0.60525024 0.48458987 0.28609416
0.60056 0.46600166 0.25650978
0.60997957 0.46982175 0.24653338
0.60213643 0.4619786 0.23869024
0.61547756 0.46837074 0.23958436
0.62724227 0.48013544 0.25134906
0.62724227 0.48013544 0.25134906
0.6076344 0.46187717 0.22479221
0.6013677 0.4473119 0.2130275
0.5935246 0.43946877 0.20518437
0.5935246 0.43946877 0.20518437
0.58960307 0.4355472 0.2012628
0.617054 0.46299818 0.22871378
0.6217443 0.47888738 0.27219605
0.6468111 0.52905107 0.3609491
0.6750308 0.5698192 0.42101175
0.6812975 0.5830349 0.43972555
0.6812975 0.5830349 0.43972555
0.68521905 0.58695644 0.44364712
0.6695328 0.57127017 0.42796084
0.6695328 0.57127017 0.42796084
0.6718779 0.5819138 0.43580398
0.69540733 0.6040938 0.46628243
0.70325047 0.6119369 0.47412556
0.7009053 0.6012932 0.46628243
0.6812975 0.5830349 0.43972555
0.6773759 0.5791133 0.43580398
0.6773759 0.5791133 0.43580398
0.6930622 0.5947996 0.45149025
0.68521905 0.58695644 0.44364712
0.6930622 0.5947996 0.45149025
0.6930622 0.5947996 0.45149025
0.70717204 0.617208 0.4710981
0.70717204 0.61585844 0.47804713
0.7110936 0.61978006 0.4819687
0.69148576 0.60152173 0.45541182
0.6836426 0.5936786 0.44756868
0.6875642 0.5976001 0.45149025
0.6875642 0.5976001 0.45149025
0.6812975 0.5830349 0.43972555
0.6891406 0.590878 0.44756868
0.7048269 0.6065643 0.46325496
0.6875642 0.5976001 0.45149025
0.6836426 0.5936786 0.44756868
0.6836426 0.5936786 0.44756868
0.6875642 0.5976001 0.45149025
0.70874846 0.61048585 0.46717653
0.71893674 0.6276232 0.48981184
0.6993289 0.6080153 0.470204
0.70717204 0.61585844 0.47804713
0.69148576 0.60017216 0.46236086
0.69148576 0.60017216 0.46236086
0.69540733 0.6040938 0.46628243
0.6812975 0.5830349 0.43972555
0.6656112 0.5673486 0.42403927
0.6773759 0.5804629 0.42885488
0.68521905 0.588306 0.43669802
0.6812975 0.5830349 0.43972555
0.67345434 0.57519174 0.4318824
0.6773759 0.5804629 0.42885488
0.6773759 0.5804629 0.42885488
0.6891406 0.5922276 0.4406196
0.6891406 0.5922276 0.4406196
0.69698375 0.6000707 0.44846272
0.68521905 0.5896556 0.429749
0.68521905 0.5896556 0.429749
0.68521905 0.5896556 0.429749
0.6757995 0.5885346 0.42582744
0.6757995 0.5885346 0.42582744
0.6718779 0.58461297 0.42190588
0.27264658 0.18038598 0.14485493
0.268725 0.17646441 0.14093336
0.27264658 0.18038598 0.14485493
0.26480344 0.17254284 0.1370118
0.26480344 0.17254284 0.1370118
0.25930548 0.17399381 0.14396082
0.24988593 0.17287277 0.14003925
0.25772905 0.17936637 0.15483141
0.27968207 0.20826833 0.18923134
0.28202716 0.21756248 0.20402351
0.23573703 0.18517035 0.18262748
0.20982347 0.18975185 0.1926039
0.21059217 0.2057681 0.21131761
0.2286236 0.23074847 0.2417961
0.2686079 0.28598043 0.29972553
0.34938443 0.37370595 0.392949
0.44350207 0.4678236 0.48706663
0.48663935 0.5109609 0.53020394
0.44350207 0.4678236 0.48706663
0.40820795 0.43252948 0.4517725
0.40820795 0.43252948 0.4517725
0.41370595 0.43107846 0.44482356
0.40428638 0.42995742 0.440902
0.40428638 0.42995742 0.440902
0.40194124 0.41931376 0.43305886
0.41528234 0.42300686 0.44785094
0.37372163 0.37314743 0.40079212
0.22470203 0.22547735 0.24482356
0.18944688 0.1514287 0.16818036
0.18002734 0.15030766 0.1642588
0.14865479 0.116236 0.14678435
0.08271776 0.10299061 0.14712945
0.06856893 0.11798726 0.17581958
0.16895324 0.22532062 0.28865102
0.36895323 0.4239711 0.49560004
0.4497298 0.51304615 0.58187455
0.41285917 0.48312458 0.55745095
0.40109447 0.47135988 0.54568624
0.40501603 0.476631 0.54265887
0.4105141 0.47383043 0.54265887
0.40424734 0.4592652 0.53089416
0.38621598 0.43428478 0.50041574
0.3995571 0.44067696 0.50130975
0.41128278 0.48714757 0.5752706
0.6684909 0.7887487 0.89326274
0.1830631 0.2450299 0.32215685
0.17914154 0.24245787 0.3112863
0.57914156 0.6424579 0.7112863
0.6999415 0.7480102 0.8141412
0.69601995 0.74273914 0.81716865
0.14307873 0.18979797 0.26422748
0.23169835 0.2840171 0.3722431
0.48975322 0.5227757 0.63320005
0.59575266 0.50699615 0.6428314
0.62954843 0.46880406 0.6132471
0.6232817 0.45558834 0.5945334
0.6310858 0.5089339 0.6089804
0.6764902 0.64427257 0.7218118
0.78310215 0.8062753 0.8808079
0.7501531 0.78162485 0.8533569
0.7815257 0.8129974 0.88472944
0.7776041 0.80907583 0.8808079
0.7893688 0.8221901 0.8856235
0.8144747 0.840347 0.89828235
0.81055313 0.837775 0.8874117
0.8144747 0.84169656 0.89133334
0.8144747 0.84169656 0.89133334
0.8144747 0.84304607 0.88438433
0.8183963 0.84696764 0.8883059
0.8317374 0.85201025 0.89614904
0.8176275 0.832301 0.8626431
0.8341216 0.8346957 0.807051
0.824702 0.8349242 0.79618037
0.8293922 0.85081345 0.83966273
0.8380041 0.86792505 0.90096474
0.8497688 0.87968975 0.91272944
0.8419257 0.8718466 0.9048863
0.8380041 0.86792505 0.90096474
0.8419257 0.8718466 0.9048863
0.8435021 0.8651245 0.90096474
0.8474237 0.8690461 0.9048863
0.8435021 0.8651245 0.90096474
0.8474237 0.87039566 0.89793724
0.8435021 0.8664741 0.89401567
0.8293922 0.8440657 0.8744078
0.83881176 0.8465362 0.8713804
0.8403883 0.84251314 0.8535608
0.8341216 0.8292975 0.83484703
0.8333529 0.8173299 0.7952863
0.789486 0.72886866 0.6434431
0.617015 0.49500507 0.3048079
0.5927169 0.45815852 0.24866664
0.5942933 0.45413548 0.2308471
0.59821486 0.45805705 0.23476867
0.6076344 0.4605276 0.23174122
0.6076344 0.4605276 0.23174122
0.60371286 0.45660603 0.22781965
0.5974462 0.44339034 0.20910594
0.60528934 0.4498839 0.22389808
0.617054 0.4616486 0.23566279
0.617054 0.46299818 0.22871378
0.60528934 0.4498839 0.22389808
0.60371286 0.45525652 0.23476867
0.6068267 0.47786775 0.2821726
0.6452347 0.5344236 0.37181967
0.6750308 0.56846964 0.42796084
0.6812975 0.5830349 0.43972555
0.6930622 0.5947996 0.45149025
0.6891406 0.590878 0.44756868
0.68521905 0.58695644 0.44364712
0.6891406 0.590878 0.44756868
0.68521905 0.58695644 0.44364712
0.68521905 0.58695644 0.44364712
0.6812975 0.5830349 0.43972555
0.6812975 0.5830349 0.43972555
0.67345434 0.57519174 0.4318824
0.6773759 0.5791133 0.43580398
0.69463867 0.5880775 0.44756868
0.6907171 0.5855055 0.43669802
0.6907171 0.5841559 0.44364712
0.6789524 0.5723912 0.4318824
0.6907171 0.5841559 0.44364712
0.6891406 0.590878 0.44756868
0.69540733 0.60544324 0.4593334
0.6993289 0.60936487 0.46325496
0.6993289 0.60936487 0.46325496
0.6993289 0.60936487 0.46325496
0.6993289 0.60936487 0.46325496
0.69148576 0.60152173 0.45541182
0.67345434 0.57519174 0.4318824
0.68521905 0.58695644 0.44364712
0.6891406 0.590878 0.44756868
0.6930622 0.5947996 0.45149025
0.69148576 0.60152173 0.45541182
0.70325047 0.6132864 0.46717653
0.7110936 0.61978006 0.4819687
0.69148576 0.60017216 0.46236086
0.6836426 0.592329 0.45451772
0.6859878 0.6016232 0.46930987
0.7095172 0.6251526 0.49283928
0.7338153 0.66469824 0.53508234
0.75342315 0.6843061 0.5546902
0.7667642 0.6906982 0.5555844
0.7173603 0.6343453 0.4937334
0.6875642 0.5976001 0.45149025
0.6891406 0.590878 0.44756868
0.67345434 0.57519174 0.4318824
0.67345434 0.57519174 0.4318824
0.6656112 0.56869817 0.41709018
0.6695328 0.57261974 0.42101175
0.6789524 0.5737408 0.4249333
0.6750308 0.5698192 0.42101175
0.6750308 0.5698192 0.42101175
0.6695328 0.57261974 0.42101175
0.6773759 0.58181244 0.42190588
0.67345434 0.5778909 0.4179843
0.6695328 0.5739693 0.41406274
0.6695328 0.5739693 0.41406274
0.67345434 0.5778909 0.4179843
0.66795635 0.58069146 0.4179843
0.2538075 0.17679434 0.14396082
0.24830952 0.17959486 0.14396082
0.24830952 0.17689578 0.15785879
0.2388899 0.17577478 0.15393722
0.24281147 0.17969635 0.15785879
0.22397232 0.17610475 0.15696469
0.22708616 0.2014151 0.19047062
0.22785485 0.21743137 0.20918429
0.28667837 0.27490535 0.27495685
0.35961178 0.3547877 0.36033723
0.40901574 0.4124902 0.41523919
0.47176084 0.47523528 0.47798428
0.46626273 0.4780359 0.47798428
0.43881175 0.45058492 0.4505333
0.42312548 0.43489864 0.43484703
0.41059217 0.4057681 0.41131762
0.41059217 0.40711764 0.4043686
0.4317764 0.42135292 0.41310585
0.4317764 0.42135292 0.41310585
0.42158818 0.40421563 0.39047062
0.42550975 0.40948674 0.38744318
0.3761058 0.35178426 0.33254123
0.26630184 0.2406308 0.2296863
0.16353334 0.16005883 0.15730979
0.06783929 0.069964156 0.081011795
0.093713716 0.102787755 0.119333364
0.09998044 0.11330434 0.15194513
0.09525116 0.13212113 0.17065886
0.16976096 0.20663092 0.24516866
0.36818457 0.41065395 0.4629882
0.45288265 0.50365055 0.5531843
0.41758853 0.4670069 0.52483916
0.39405912 0.44347748 0.50130975
0.38856107 0.44492847 0.5082589
0.3846395 0.44235647 0.4973882
0.39013755 0.44090545 0.49043918
0.39563555 0.43810493 0.49043918
0.4128982 0.4497682 0.48830593
0.33761972 0.3592421 0.39508238
0.18625496 0.2009284 0.23127055
0.16272555 0.17874855 0.20079213
0.1823334 0.19835639 0.22039998
0.1940981 0.20877154 0.23911369
0.27172175 0.3045431 0.36797646
0.5822164 0.70382375 0.8000392
0.23089063 0.308105 0.38792938
0.20109448 0.2713599 0.34568626
0.65914935 0.7141672 0.7857961
0.69444346 0.7508108 0.8141412
0.49601993 0.54408866 0.61021966
0.14230998 0.17648086 0.23161566
0.21524338 0.25501367 0.32394513
0.42935324 0.46932474 0.58524704
0.51728225 0.46462023 0.619647
0.59659946 0.44145456 0.59969413
0.63347006 0.47137606 0.6241176
0.67891335 0.57065934 0.68170196
0.7258941 0.70062554 0.78366274
0.7791806 0.80100423 0.8838353
0.74231 0.7724322 0.85246277
0.7815257 0.8129974 0.88472944
0.7815257 0.8129974 0.88472944
0.7893688 0.82084054 0.8925726
0.8144747 0.84169656 0.89133334
0.80663157 0.8338534 0.8834902
0.8160511 0.83497447 0.8874117
0.8199727 0.84024554 0.88438433
0.8199727 0.84024554 0.88438433
0.8199727 0.84024554 0.88438433
0.82389426 0.8441671 0.8883059
0.8254706 0.84149367 0.86353725
0.7682626 0.7493393 0.69690204
0.75257635 0.7404008 0.64647067
0.7392743 0.7100991 0.5277882
0.7408507 0.70742565 0.5030196
0.7824116 0.7505372 0.5848236
0.8176275 0.8363496 0.8417961
0.8474237 0.8690461 0.9048863
0.8497688 0.87968975 0.91272944
0.8474237 0.8676965 0.9118353
0.8474237 0.8690461 0.9048863
0.8474237 0.8690461 0.9048863
0.8474237 0.8690461 0.9048863
0.8474237 0.87039566 0.89793724
0.83723533 0.8532584 0.87530196
0.82704705 0.8361211 0.85266674
0.83254516 0.83467 0.84571767
0.8341216 0.8292975 0.83484703
0.83177644 0.82270247 0.8061569
0.84750175 0.80638194 0.745749
0.617015 0.4936555 0.31175685
0.6044816 0.46992323 0.26043135
0.5903717 0.44886434 0.2338745
0.5958697 0.44606382 0.2338745
0.59194815 0.44349182 0.22300397
0.5880266 0.44091976 0.21213338
0.617054 0.4616486 0.23566279
0.6131325 0.45772704 0.23174122
0.5935246 0.4381192 0.21213338
0.5935246 0.43946877 0.20518437
0.60528934 0.4498839 0.22389808
0.5974462 0.44069126 0.22300397
0.5997913 0.44998538 0.23779607
0.64996403 0.51965547 0.33225888
0.6750308 0.5711688 0.41406274
0.69463867 0.58942705 0.4406196
0.64757985 0.54101866 0.40050986
0.655423 0.5488618 0.408353
0.66168964 0.56342703 0.4201177
0.6812975 0.5830349 0.43972555
0.69148576 0.60152173 0.45541182
0.6875642 0.5976001 0.45149025
0.7009053 0.6026427 0.4593334
0.6930622 0.5947996 0.45149025
0.67345434 0.57519174 0.4318824
0.6812975 0.5830349 0.43972555
0.6891406 0.590878 0.44756868
0.6789524 0.5723912 0.4318824
0.6671877 0.5619761 0.4131686
0.67110926 0.5645481 0.42403927
0.68287396 0.57766235 0.42885488
0.68287396 0.57766235 0.42885488
0.6907171 0.5841559 0.44364712
0.6812975 0.5830349 0.43972555
0.6930622 0.5947996 0.45149025
0.6930622 0.5947996 0.45149025
0.68521905 0.588306 0.43669802
0.6891406 0.5922276 0.4406196
0.7009053 0.6039923 0.4523843
0.69698375 0.59872115 0.45541182
0.69148576 0.60152173 0.45541182
0.7009053 0.6026427 0.4593334
0.6757995 0.58583546 0.43972555
0.6757995 0.58583546 0.43972555
0.6993289 0.60936487 0.46325496
0.69540733 0.6040938 0.46628243
0.69540733 0.6040938 0.46628243
0.7055956 0.621231 0.4889177
0.72989374 0.6594271 0.5381098
0.75968987 0.69752175 0.5734039
0.78164285 0.7264237 0.60780394
0.78164285 0.7264237 0.60780394
0.7792977 0.7171296 0.59301174
0.74165845 0.6711918 0.5498745
0.7330466 0.648682 0.5163687
0.71893674 0.6276232 0.48981184
0.6891406 0.590878 0.44756868
0.6891406 0.590878 0.44756868
0.6773759 0.5791133 0.43580398
0.6773759 0.5804629 0.42885488
0.6750308 0.5698192 0.42101175
0.65934455 0.55413294 0.40532547
0.65934455 0.55413294 0.40532547
0.6577681 0.56085503 0.40924704
0.6656112 0.57004774 0.41014117
0.6695328 0.5739693 0.41406274
0.6577681 0.5622046 0.40229803
0.64600337 0.5504399 0.39053333
0.6538465 0.55963254 0.39142752
0.66168964 0.56612617 0.4062196
0.224741 0.192121 0.17567846
0.23100773 0.20668623 0.18744317
0.25138426 0.24365985 0.21881571
0.2945215 0.2867971 0.261953
0.3455019 0.33642796 0.3198824
0.43961954 0.4305456 0.41400003
0.4709921 0.46191815 0.44537258
0.44746268 0.43838874 0.42184317
0.4435411 0.43311763 0.42487055
0.43569797 0.4252745 0.4170274
0.4200117 0.40958822 0.40134114
0.41609013 0.40566665 0.39741957
0.41609013 0.40566665 0.39741957
0.42158818 0.40421563 0.39047062
0.42081943 0.38819942 0.3717569
0.41063115 0.37241176 0.34217253
0.34161937 0.29645088 0.26071376
0.263188 0.21801953 0.18228239
0.23573703 0.19056855 0.15483141
0.2263174 0.188098 0.15785879
0.21139988 0.18707839 0.16783533
0.14077255 0.15119614 0.15944317
0.10074921 0.13201967 0.15676075
0.1634943 0.19476476 0.21950585
0.3383884 0.37660792 0.4068471
0.43092966 0.47609812 0.51183534
0.3995571 0.44472557 0.4804628
0.3760277 0.41984662 0.46388233
0.36976096 0.40663093 0.44516867
0.3776041 0.41447407 0.4530118
0.39329037 0.43016034 0.46869808
0.3886001 0.41157207 0.4391137
0.39252168 0.41549364 0.44303527
0.32350987 0.33953288 0.36157644
0.19175294 0.20082697 0.21737258
0.14469412 0.15376815 0.17031376
0.15253726 0.16161129 0.1781569
0.15253726 0.16296084 0.17120788
0.1603804 0.17080398 0.17905101
0.16822353 0.17729756 0.19384317
0.17998824 0.18906227 0.20560788
0.1940981 0.2101211 0.23216468
0.2058628 0.2218858 0.24392939
0.23173739 0.2506607 0.30309802
0.5641849 0.6774938 0.77650976
0.6049771 0.711337 0.80485487
0.24892199 0.33308542 0.4184079
0.6638396 0.7327555 0.8153804
0.69444346 0.7494613 0.8210902
0.6920984 0.7401671 0.8062981
0.48506296 0.51228476 0.5619216
0.19171396 0.23148423 0.30041572
0.21758854 0.25756004 0.37348235
0.45369038 0.46336806 0.6208863
0.5008663 0.3901145 0.56474507
0.5918701 0.46027133 0.6184079
0.6506546 0.5659467 0.6768863
0.7815648 0.7715437 0.85727847
0.73446685 0.7645891 0.84461963
0.73446685 0.7645891 0.84461963
0.77368253 0.80515426 0.8768863
0.7776041 0.80907583 0.8808079
0.78544724 0.81691897 0.888651
0.80663157 0.83250386 0.8904392
0.81212956 0.8310529 0.8834902
0.8160511 0.83497447 0.8874117
0.8199727 0.84024554 0.88438433
0.8199727 0.84024554 0.88438433
0.8199727 0.84024554 0.88438433
0.8199727 0.84024554 0.88438433
0.8293922 0.8440657 0.8744078
0.80351764 0.8112421 0.8360863
0.8042864 0.8245593 0.86869806
0.8160511 0.83497447 0.8874117
0.8137059 0.8310785 0.8448236
0.7792196 0.7824928 0.738251
0.7360824 0.7366565 0.7090118
0.7729139 0.7945363 0.8303765
0.81212956 0.8324024 0.8765412
0.8199727 0.8415951 0.8774353
0.85134524 0.8716181 0.9157569
0.86310995 0.88473237 0.9205726
0.8552668 0.8768892 0.91272944
0.8474237 0.87039566 0.89793724
0.84900004 0.86367357 0.89401567
0.8309686 0.84004265 0.85658824
0.8286236 0.832098 0.83484703
0.82627845 0.8228039 0.8200549
0.835698 0.8252745 0.81702745
0.85611355 0.8275422 0.786204
0.61936015 0.50429916 0.3196
0.5887953 0.4528874 0.25169414
0.58645016 0.44359326 0.23690194
0.5958697 0.44606382 0.2338745
0.59194815 0.44349182 0.22300397
0.5935246 0.4367697 0.2190824
0.58960307 0.43419763 0.20821181
0.58960307 0.43419763 0.20821181
0.60921085 0.45380548 0.22781965
0.5935246 0.4381192 0.21213338
0.60528934 0.4498839 0.22389808
0.5997913 0.44998538 0.23779607
0.6123247 0.4764168 0.27522355
0.63112485 0.5133648 0.34526283
0.6436583 0.53979623 0.3826902
0.65934455 0.55413294 0.40532547
0.67110926 0.56589764 0.41709018
0.6907171 0.5855055 0.43669802
0.68287396 0.57766235 0.42885488
0.67345434 0.5765413 0.4249333
0.66168964 0.5647766 0.4131686
0.6773759 0.5791133 0.43580398
0.6812975 0.58438444 0.43277645
0.6773759 0.5804629 0.42885488
0.6930622 0.5947996 0.45149025
0.69698375 0.59872115 0.45541182
0.69698375 0.59872115 0.45541182
0.68679553 0.58023435 0.43972555
0.6789524 0.5737408 0.4249333
0.68679553 0.5815839 0.43277645
0.69463867 0.58942705 0.4406196
0.68287396 0.5763128 0.43580398
0.6891406 0.590878 0.44756868
0.7009053 0.6026427 0.4593334
0.7009053 0.6026427 0.4593334
0.6930622 0.5947996 0.45149025
0.6750308 0.5698192 0.42101175
0.65934455 0.55413294 0.40532547
0.6750308 0.5698192 0.42101175
0.6773759 0.5791133 0.43580398
0.68521905 0.58695644 0.44364712
0.69698375 0.59872115 0.45541182
0.6930622 0.5947996 0.45149025
0.6891406 0.590878 0.44756868
0.69698375 0.59872115 0.45541182
0.6695328 0.57127017 0.42796084
0.67972106 0.5884075 0.45059615
0.7197054 0.6436394 0.50852555
0.78164285 0.7264237 0.60780394
0.8255488 0.7855772 0.66965497
0.8278939 0.7935218 0.69139606
0.8278939 0.7935218 0.69139606
0.8294704 0.78814924 0.68052554
0.80517226 0.7486035 0.6382824
0.77695256 0.7064859 0.5851686
0.71578383 0.6397178 0.504604
0.6836426 0.592329 0.45451772
0.6836426 0.592329 0.45451772
0.6718779 0.5819138 0.43580398
0.6836426 0.59502816 0.4406196
0.69540733 0.60544324 0.4593334
0.68521905 0.588306 0.43669802
0.68521905 0.588306 0.43669802
0.6773759 0.5804629 0.42885488
0.6577681 0.5622046 0.40229803
0.6538465 0.55828303 0.39837646
0.6577681 0.5622046 0.40229803
0.6656112 0.57004774 0.41014117
0.6656112 0.57004774 0.41014117
0.6718779 0.5832634 0.42885488
0.45922738 0.45150298 0.42665887
0.4553058 0.44893098 0.4157882
0.44119602 0.42652258 0.39618036
0.4333529 0.41867945 0.38833722
0.4333529 0.41867945 0.38833722
0.42550975 0.40948674 0.38744318
0.42158818 0.40556517 0.38352162
0.42550975 0.4081372 0.3943922
0.42550975 0.4081372 0.3943922
0.4059019 0.38852936 0.37478435
0.36118817 0.3507647 0.3425176
0.23727445 0.21855237 0.21310586
0.12747054 0.11009798 0.09635297
0.1619959 0.13072544 0.10598429
0.21689786 0.1856274 0.16088626
0.21689786 0.1856274 0.16088626
0.2059019 0.18717982 0.18173331
0.15803537 0.16285935 0.15730979
0.16430196 0.17472555 0.18297258
0.33919615 0.35656866 0.37031376
0.44742364 0.47309467 0.48403925
0.39252168 0.4181927 0.4291373
0.3768354 0.40250644 0.41345102
0.36899227 0.3933138 0.41255683
0.38075697 0.406428 0.41737258
0.38467854 0.40900007 0.4282431
0.37841183 0.39443484 0.4164784
0.37998822 0.38906226 0.40560788
0.36434108 0.33732048 0.33467448
0.28437233 0.22685659 0.21881571
0.20594095 0.14842522 0.14038435
0.1604195 0.13204937 0.13770194
0.11255295 0.10772887 0.113278404
0.11647452 0.110300876 0.12414905
0.12274125 0.12621568 0.12896468
0.1423491 0.14447397 0.1555216
0.15803537 0.16016024 0.17120788
0.15645882 0.16688241 0.17512944
0.16430196 0.173376 0.1899216
0.17606667 0.1851407 0.20168631
0.17841183 0.19578436 0.20952944
0.19801967 0.21404266 0.23608625
0.21762751 0.23230095 0.2626431
0.2278158 0.24673912 0.29917645
0.7602633 0.8749218 0.9656392
0.6975182 0.81082714 0.9098431
0.27087498 0.3606378 0.45975685
0.66776115 0.73667705 0.81930196
0.7007102 0.76267695 0.83980393
0.6379651 0.69993186 0.77705884
0.3336591 0.38867697 0.46030593
0.2795649 0.31103668 0.38276866
0.16660814 0.20523009 0.32945096
0.3964042 0.43522748 0.6064392
0.43723536 0.42761692 0.60733336
0.52043504 0.4498265 0.6187529
0.619243 0.57332873 0.6868627
0.8019412 0.8085174 0.888651
0.7776041 0.8077263 0.8877569
0.76976097 0.8012327 0.87296474
0.7776041 0.80907583 0.8808079
0.7776041 0.80907583 0.8808079
0.78544724 0.81691897 0.888651
0.79486686 0.8193896 0.8856235
0.81212956 0.8310529 0.8834902
0.81212956 0.8310529 0.8834902
0.8160511 0.83497447 0.8874117
0.8199727 0.84024554 0.88438433
0.8199727 0.84024554 0.88438433
0.8199727 0.84024554 0.88438433
0.8293922 0.84271616 0.8813569
0.8137059 0.8270299 0.8656706
0.7940981 0.80472296 0.8599608
0.7987884 0.8260103 0.87564707
0.75957274 0.78544503 0.8433804
0.7517296 0.780301 0.82163924
0.76507074 0.78669316 0.82253337
0.81212956 0.833752 0.8695922
0.75330603 0.77492845 0.81076866
0.68429416 0.69626856 0.7432079
0.8019412 0.8152652 0.8539059
0.8176275 0.83095145 0.8695922
0.8317374 0.8533598 0.88920003
0.86310995 0.88608193 0.9136235
0.8646863 0.87935984 0.90970194
0.8529216 0.86894464 0.89098823
0.83254516 0.83467 0.84571767
0.8302 0.8253759 0.83092546
0.83177644 0.8200034 0.8200549
0.83885086 0.81722844 0.7813882
0.6256269 0.51481575 0.35221183
0.6185915 0.48963252 0.29393733
0.59821486 0.45535797 0.24866664
0.58645016 0.44494277 0.22995293
0.584105 0.43564868 0.21516083
0.5880266 0.43957025 0.2190824
0.6013677 0.44596234 0.21997651
0.5778383 0.42108342 0.20339613
0.5935246 0.4381192 0.21213338
0.5935246 0.4381192 0.21213338
0.5935246 0.4381192 0.21213338
0.60997957 0.46847218 0.25348234
0.64996403 0.51965547 0.33225888
0.65857583 0.5408158 0.3727138
0.6671877 0.56332564 0.4062196
0.6907171 0.5855055 0.43669802
0.67110926 0.56589764 0.41709018
0.6750308 0.5698192 0.42101175
0.6750308 0.5698192 0.42101175
0.65934455 0.55413294 0.40532547
0.67345434 0.5765413 0.4249333
0.7009053 0.6039923 0.4523843
0.6930622 0.59614915 0.44454116
0.6750308 0.5698192 0.42101175
0.655423 0.55021137 0.4014039
0.67110926 0.56589764 0.41709018
0.67110926 0.56589764 0.41709018
0.6907171 0.5855055 0.43669802
0.69856024 0.5933486 0.44454116
0.69463867 0.58942705 0.4406196
0.69463867 0.58942705 0.4406196
0.68287396 0.57766235 0.42885488
0.6671877 0.5606265 0.4201177
0.67345434 0.57519174 0.4318824
0.6812975 0.5830349 0.43972555
0.6930622 0.59614915 0.44454116
0.6907171 0.5855055 0.43669802
0.6750308 0.5698192 0.42101175
0.68287396 0.57766235 0.42885488
0.6750308 0.5698192 0.42101175
0.6538465 0.55693346 0.40532547
0.6695328 0.57127017 0.42796084
0.6930622 0.59614915 0.44454116
0.68521905 0.58695644 0.44364712
0.6812975 0.5830349 0.43972555
0.68521905 0.58695644 0.44364712
0.6993289 0.6080153 0.470204
0.75968987 0.69752175 0.5734039
0.80986255 0.7685414 0.6609177
0.83808213 0.8106591 0.71403134
0.84984684 0.82107425 0.7327452
0.8639567 0.8434826 0.75235295
0.8772978 0.8485252 0.7601961
0.84750175 0.81312966 0.7110039
0.80751735 0.75924724 0.64612556
0.767533 0.7053649 0.58124703
0.73931324 0.6632472 0.5281334
0.6938309 0.6108159 0.470204
0.6836426 0.5936786 0.44756868
0.6875642 0.5976001 0.45149025
0.67972106 0.58975697 0.44364712
0.6757995 0.58583546 0.43972555
0.6875642 0.5989497 0.44454116
0.6836426 0.59502816 0.4406196
0.6773759 0.58181244 0.42190588
0.6695328 0.5739693 0.41406274
0.6656112 0.57004774 0.41014117
0.6601132 0.5728483 0.41014117
0.65619165 0.5689267 0.4062196
0.6601132 0.57149875 0.41709018
0.42708617 0.40546378 0.3696235
0.42708617 0.40546378 0.3696235
0.42708617 0.40546378 0.3696235
0.41924304 0.39762065 0.36178038
0.3941372 0.37946376 0.34912154
0.32747054 0.31144753 0.28940398
0.23335288 0.21598034 0.20223533
0.12747054 0.11009798 0.09635297
0.1196274 0.100905314 0.0954588
0.11805092 0.107627444 0.09938037
0.12589405 0.11547058 0.1072235
0.13608237 0.13260785 0.1298588
0.15961178 0.15613726 0.15338822
0.19882746 0.19535294 0.1926039
0.31881967 0.32364365 0.3180941
0.43254516 0.4360196 0.4387686
0.4129373 0.41641176 0.41916075
0.39725104 0.40072548 0.40347448
0.4011726 0.40464705 0.40739605
0.39332947 0.39815345 0.3926039
0.3949059 0.3927809 0.3817333
0.39098433 0.39020887 0.37086278
0.38079602 0.37172207 0.3551765
0.3706078 0.35323524 0.33949023
0.28983128 0.26281068 0.26016468
0.20121159 0.16724202 0.15909807
0.17376061 0.13979104 0.1316471
0.17533702 0.1344185 0.120776504
0.20359579 0.14048067 0.11864311
0.2318545 0.1451933 0.12345886
0.22793293 0.13992219 0.12648624
0.16749388 0.12522581 0.11988239
0.10863138 0.1038073 0.109356835
0.11097654 0.11310141 0.12414905
0.12666282 0.13013725 0.13288625
0.13842753 0.1405524 0.15160003
0.1603804 0.17080398 0.17905101
0.16430196 0.17472555 0.18297258
0.16822353 0.17729756 0.19384317
0.17998824 0.18906227 0.20560788
0.18625496 0.20227796 0.22432154
0.20194124 0.21661468 0.24695683
0.22154908 0.23487297 0.27351376
0.21997267 0.2402455 0.28438434
0.47168273 0.54059863 0.62322354
0.68183196 0.79514086 0.8941568
0.26929858 0.3673599 0.46367842
0.67952585 0.74844176 0.83106667
0.6089376 0.67650396 0.7674275
0.30463174 0.36524898 0.45067447
0.17918058 0.20235375 0.2768863
0.28441128 0.16785882 0.28170192
0.16345526 0.21462566 0.35814118
0.22381617 0.30008352 0.48218828
0.3344278 0.38444996 0.583255
0.43565893 0.43298948 0.6182039
0.57683545 0.58496237 0.7037883
0.79486686 0.8166905 0.8995216
0.77368253 0.80380476 0.8838353
0.7658394 0.7959616 0.8759922
0.7658394 0.7959616 0.8759922
0.77368253 0.80515426 0.8768863
0.7815257 0.8129974 0.88472944
0.78544724 0.81826854 0.88170195
0.808208 0.82713133 0.8795686
0.81212956 0.8310529 0.8834902
0.8160511 0.836324 0.88046277
0.8199727 0.84024554 0.88438433
0.8199727 0.84024554 0.88438433
0.8199727 0.84024554 0.88438433
0.82781583 0.8480887 0.8922275
0.8199727 0.84024554 0.88438433
0.8042864 0.82320976 0.87564707
0.80036485 0.8179386 0.8786745
0.81055313 0.8364254 0.8943608
0.8144747 0.84169656 0.89133334
0.73212177 0.76069313 0.8020314
0.6984041 0.7200265 0.7558667
0.7415413 0.76316375 0.79900396
0.8019412 0.8152652 0.8539059
0.8176275 0.83095145 0.8695922
0.7195883 0.7342618 0.7646039
0.7910233 0.7676489 0.64612556
0.80044293 0.77416813 0.62225103
0.8223569 0.8215814 0.80223536
0.8293922 0.84541523 0.8674588
0.8529216 0.8702942 0.8840393
0.8348902 0.8453137 0.8535608
0.8302 0.8267255 0.82397646
0.82943135 0.8134083 0.7913647
0.56757194 0.46795985 0.33294904
0.60132873 0.47796923 0.29607058
0.6044816 0.46857366 0.26738042
0.59821486 0.45670748 0.24171764
0.60213643 0.4619786 0.23869024
0.59194815 0.44349182 0.22300397
0.5935246 0.4367697 0.2190824
0.5739168 0.4185114 0.19252554
0.58568144 0.4302761 0.20429024
0.6013677 0.44461283 0.22692554
0.60371286 0.45525652 0.23476867
0.60056 0.4646521 0.26345885
0.62485814 0.50149864 0.3196
0.63739157 0.52658045 0.36397654
0.6452347 0.5330741 0.37876862
0.67660725 0.5644466 0.41014117
0.6671877 0.56332564 0.4062196
0.6750308 0.5711688 0.41406274
0.6907171 0.5855055 0.43669802
0.68287396 0.5790119 0.42190588
0.67110926 0.56589764 0.41709018
0.6632661 0.5580545 0.40924704
0.67110926 0.5672472 0.41014117
0.6750308 0.5711688 0.41406274
0.69463867 0.5907766 0.43367058
0.69856024 0.5946982 0.43759215
0.68287396 0.57766235 0.42885488
0.6632661 0.5580545 0.40924704
0.6515014 0.5462898 0.39748234
0.6632661 0.5580545 0.40924704
0.68287396 0.57766235 0.42885488
0.69463867 0.58942705 0.4406196
0.6907171 0.5855055 0.43669802
0.6907171 0.5855055 0.43669802
0.6891406 0.5922276 0.4406196
0.6930622 0.59614915 0.44454116
0.68287396 0.57766235 0.42885488
0.6632661 0.5580545 0.40924704
0.67110926 0.56589764 0.41709018
0.67110926 0.56589764 0.41709018
0.67110926 0.56589764 0.41709018
0.6750308 0.5698192 0.42101175
0.6789524 0.5737408 0.4249333
0.655423 0.55021137 0.4014039
0.6789524 0.5737408 0.4249333
0.69856024 0.5933486 0.44454116
0.7079407 0.63322425 0.48981184
0.7996742 0.7527537 0.63133335
0.86161155 0.8341885 0.73756075
0.89140767 0.8682345 0.79370195
0.8976744 0.8814502 0.81241566
0.90159595 0.88537174 0.8163372
0.8859097 0.87103504 0.79370195
0.8600351 0.83956105 0.74843144
0.8396586 0.8052865 0.70316076
0.8153605 0.76843995 0.6470196
0.78714085 0.7263223 0.59390587
0.7197054 0.64498895 0.50157654
0.68990934 0.6068943 0.46628243
0.67972106 0.58975697 0.44364712
0.6836426 0.5936786 0.44756868
0.6836426 0.5936786 0.44756868
0.6875642 0.5976001 0.45149025
0.6875642 0.5989497 0.44454116
0.6695328 0.5739693 0.41406274
0.6695328 0.5739693 0.41406274
0.67345434 0.5778909 0.4179843
0.6718779 0.5832634 0.42885488
0.6757995 0.587185 0.43277645
0.66795635 0.5793419 0.4249333
0.30709395 0.27717307 0.24413332
0.19963518 0.17801279 0.14217252
0.16668622 0.15201278 0.12167057
0.15726662 0.14819267 0.1316471
0.120396085 0.118271105 0.1072235
0.08510197 0.08297699 0.07192939
0.10863138 0.10515685 0.10240781
0.1337372 0.12331372 0.11506665
0.19490589 0.19143137 0.18868233
0.34784707 0.34572208 0.33467448
0.41059217 0.40846717 0.39741957
0.40040386 0.38998038 0.3817333
0.3964823 0.3860588 0.37781173
0.38863915 0.3795652 0.36301965
0.3964823 0.38875788 0.36391377
0.40432543 0.39525148 0.37870592
0.4059019 0.38852936 0.37478435
0.40982348 0.39380047 0.3717569
0.38944688 0.35817644 0.33343527
0.32278022 0.29150978 0.2667686
0.26161152 0.22339211 0.1931529
0.23808211 0.1998627 0.1696235
0.21847427 0.18025486 0.15001565
0.21612918 0.16826162 0.14912155
0.20436448 0.15514736 0.14430591
0.19259977 0.14338265 0.13254121
0.18083507 0.13161795 0.120776504
0.18241154 0.12489581 0.116854936
0.20909384 0.1376801 0.11864311
0.23577607 0.14911486 0.12738043
0.23577607 0.14911486 0.12738043
0.16749388 0.12387627 0.12683135
0.10863138 0.1038073 0.109356835
0.11255295 0.10772887 0.113278404
0.12274125 0.12621568 0.12896468
0.15019223 0.15366666 0.15641566
0.16430196 0.17472555 0.18297258
0.1721451 0.18121913 0.19776474
0.17998824 0.18906227 0.20560788
0.19175294 0.19947743 0.22432154
0.19801967 0.21404266 0.23608625
0.2058628 0.22053625 0.2508784
0.21370594 0.22702983 0.26567063
0.21370594 0.22568028 0.27261963
0.29290608 0.3174288 0.38366273
0.5963652 0.6874775 0.7782981
0.19717291 0.26473922 0.3556628
0.29994148 0.34801027 0.4141412
0.2105141 0.2697818 0.36350593
0.19482781 0.24734777 0.38256466
0.14465514 0.17362903 0.308949
0.4146699 0.23037943 0.37492552
0.22539258 0.29336143 0.47826672
0.13200456 0.25266504 0.4511608
0.13673392 0.23519778 0.42549807
0.34069455 0.40036476 0.58807063
0.4866003 0.5308218 0.6688392
0.7626866 0.80805624 0.89078426
0.75249827 0.790919 0.86814904
0.7328904 0.77131116 0.8485412
0.7266237 0.75674593 0.8367765
0.77368253 0.80515426 0.8768863
0.7776041 0.80907583 0.8808079
0.7870237 0.81154644 0.8777804
0.81212956 0.8310529 0.8834902
0.808208 0.82713133 0.8795686
0.8160511 0.836324 0.88046277
0.8160511 0.836324 0.88046277
0.8199727 0.84024554 0.88438433
0.82781583 0.8480887 0.8922275
0.8317374 0.85201025 0.89614904
0.8160511 0.83497447 0.8874117
0.82389426 0.8428176 0.89525485
0.81212956 0.82970333 0.8904392
0.80271 0.8285823 0.88651764
0.80663157 0.8338534 0.8834902
0.7572276 0.7801996 0.80774117
0.8192039 0.83367616 0.81702745
0.7823334 0.7983564 0.8204
0.73527455 0.7499481 0.7802902
0.7195883 0.7342618 0.7646039
0.7823334 0.7970069 0.827349
0.82078046 0.8229053 0.83395296
0.74630964 0.72718513 0.62775683
0.740082 0.6941085 0.4704079
0.7495016 0.69522953 0.47432947
0.8019804 0.79270506 0.72916865
0.8639177 0.86604255 0.8770902
0.8302 0.8253759 0.83092546
0.8372745 0.8199019 0.8061569
0.5863721 0.5062574 0.39603928
0.61309344 0.489734 0.30783528
0.6123247 0.4764168 0.27522355
0.58645016 0.44359326 0.23690194
0.58645016 0.44494277 0.22995293
0.5997913 0.45133495 0.2308471
0.5958697 0.44741338 0.22692554
0.60528934 0.4498839 0.22389808
0.6013677 0.44596234 0.21997651
0.5974462 0.44069126 0.22300397
0.611556 0.4617501 0.24956077
0.6146699 0.48571095 0.29001576
0.638968 0.5225575 0.34615687
0.6805289 0.5683682 0.41406274
0.6452347 0.5330741 0.37876862
0.64915633 0.53699565 0.3826902
0.6648426 0.5526819 0.39837646
0.6687641 0.5566035 0.40229803
0.6413132 0.5291525 0.37484705
0.660921 0.54876035 0.3944549
0.64915633 0.53699565 0.3826902
0.6750308 0.5711688 0.41406274
0.6750308 0.5711688 0.41406274
0.6789524 0.57509035 0.4179843
0.6632661 0.5594041 0.40229803
0.64757985 0.5437178 0.38661176
0.67110926 0.5672472 0.41014117
0.69463867 0.58942705 0.4406196
0.68679553 0.5815839 0.43277645
0.6671877 0.5619761 0.4131686
0.6515014 0.5462898 0.39748234
0.65934455 0.55413294 0.40532547
0.6436583 0.53844666 0.3896392
0.6515014 0.5462898 0.39748234
0.68287396 0.57766235 0.42885488
0.69856024 0.5933486 0.44454116
0.69856024 0.5933486 0.44454116
0.69463867 0.58942705 0.4406196
0.6750308 0.5698192 0.42101175
0.6750308 0.5698192 0.42101175
0.6671877 0.56332564 0.4062196
0.6671877 0.5619761 0.4131686
0.6789524 0.5737408 0.4249333
0.67110926 0.56589764 0.41709018
0.6656112 0.56869817 0.41709018
0.6656112 0.56869817 0.41709018
0.7197054 0.6436394 0.50852555
0.8035958 0.75667524 0.635255
0.8694547 0.8406821 0.75235295
0.8937528 0.8788782 0.8015451
0.9172822 0.901058 0.8320235
0.9196274 0.9117017 0.83986664
0.9212038 0.9049796 0.83594507
0.90159595 0.8867213 0.8093882
0.87964296 0.8591689 0.7680392
0.84750175 0.81312966 0.7110039
0.7973291 0.74210995 0.6234902
0.7259722 0.6568551 0.5272392
0.6820662 0.5990512 0.4584393
0.69148576 0.60152173 0.45541182
0.6993289 0.60936487 0.46325496
0.67972106 0.58975697 0.44364712
0.6836426 0.5936786 0.44756868
0.6757995 0.587185 0.43277645
0.66168964 0.5647766 0.4131686
0.6695328 0.5739693 0.41406274
0.66168964 0.56612617 0.4062196
0.6773759 0.5804629 0.42885488
0.6757995 0.587185 0.43277645
0.6718779 0.5832634 0.42885488
0.15726662 0.14819267 0.1316471
0.13608237 0.13530692 0.11596082
0.1439255 0.14180052 0.13075292
0.19882746 0.19670248 0.18565488
0.33608237 0.33665645 0.30901182
0.42393327 0.41620886 0.39136475
0.41216856 0.40444416 0.37960005
0.41374505 0.39772204 0.37567848
0.40355676 0.3805848 0.3530431
0.4129763 0.38305542 0.35001567
0.4129763 0.38305542 0.35001567
0.4012116 0.3712907 0.33825096
0.4012116 0.3712907 0.33825096
0.38160375 0.35303238 0.31169415
0.3439645 0.3057451 0.27550587
0.2812194 0.2443495 0.20581181
0.25376838 0.21689852 0.17836082
0.24750173 0.20233326 0.16659611
0.25299978 0.19953269 0.16659611
0.2490782 0.19561112 0.16267455
0.24358016 0.19841169 0.16267455
0.2396586 0.19314058 0.16570193
0.22789389 0.18137588 0.15393722
0.21220762 0.16434005 0.14519998
0.20044291 0.15122579 0.14038435
0.19259977 0.14338265 0.13254121
0.18083507 0.13161795 0.120776504
0.18241154 0.12489581 0.116854936
0.21459182 0.13487957 0.11864311
0.2451956 0.15158544 0.12435298
0.23577607 0.14911486 0.12738043
0.1769135 0.12634683 0.12380396
0.11020778 0.09708521 0.10543527
0.10863138 0.1038073 0.109356835
0.11881968 0.120944545 0.13199219
0.15019223 0.1523171 0.16336474
0.16822353 0.17864712 0.18689415
0.1839098 0.19298384 0.20952944
0.1839098 0.1916343 0.2164784
0.19567451 0.203399 0.22824311
0.19567451 0.203399 0.22824311
0.19175294 0.19677833 0.23821965
0.18625496 0.1982293 0.24516866
0.17841183 0.18903664 0.24427448
0.18625496 0.19687977 0.25211763
0.13212176 0.15934357 0.20898037
0.18702371 0.21424553 0.26388234
0.16818455 0.21065393 0.2629882
0.13754165 0.22055674 0.3611686
0.19944 0.33804703 0.5226431
0.20493796 0.33659604 0.51569414
0.23865569 0.3745636 0.57575685
0.3045927 0.38376033 0.5962589
0.30778462 0.33965883 0.5053726
0.20340061 0.31266084 0.43657258
0.21908689 0.32024983 0.493953
0.30928296 0.41179544 0.57719994
0.62773776 0.7134519 0.83746666
0.6999415 0.74531114 0.82803917
0.7250473 0.763468 0.84069806
0.7250473 0.763468 0.84069806
0.77368253 0.80515426 0.8768863
0.7776041 0.80907583 0.8808079
0.78310215 0.8076249 0.8738588
0.8160511 0.83497447 0.8874117
0.81212956 0.8310529 0.8834902
0.8160511 0.83497447 0.8874117
0.8199727 0.84024554 0.88438433
0.81055313 0.837775 0.8874117
0.82781583 0.8480887 0.8922275
0.83958054 0.8598534 0.9039922
0.81212956 0.8310529 0.8834902
0.8160511 0.8336249 0.8943608
0.81212956 0.82970333 0.8904392
0.808208 0.82578176 0.88651764
0.7987884 0.8260103 0.87564707
0.81055313 0.8391245 0.88046277
0.7603804 0.77620214 0.7512549
0.7298547 0.7116772 0.5099687
0.8067096 0.78873336 0.63401574
0.8129373 0.8191109 0.80526274
0.75253725 0.7616113 0.7781569
0.75253725 0.7616113 0.7781569
0.7266628 0.72743815 0.7467843
0.8011726 0.804647 0.80739605
0.79256076 0.7861859 0.7530431
0.6922155 0.66034114 0.4946275
0.84430987 0.8464347 0.8574824
0.8403883 0.84251314 0.8535608
0.835698 0.8252745 0.81702745
0.729086 0.67406815 0.6024393
0.60759544 0.48983538 0.32173342
0.60056 0.46330252 0.2704079
0.60213643 0.45927954 0.2525882
0.60213643 0.46062905 0.2456392
0.59821486 0.45670748 0.24171764
0.5958697 0.44741338 0.22692554
0.60371286 0.45525652 0.23476867
0.60371286 0.45525652 0.23476867
0.611556 0.46309966 0.24261181
0.6240895 0.4881815 0.28698832
0.6327013 0.5093418 0.32744312
0.64915633 0.53834516 0.37574124
0.6750308 0.5711688 0.41406274
0.655423 0.55156094 0.3944549
0.6436583 0.53979623 0.3826902
0.67268574 0.56052506 0.4062196
0.6648426 0.5526819 0.39837646
0.65307784 0.5409172 0.38661176
0.63739157 0.52523094 0.3709255
0.65307784 0.5422667 0.3796628
0.64915633 0.53699565 0.3826902
0.6452347 0.5344236 0.37181967
0.67268574 0.56052506 0.4062196
0.65934455 0.5554825 0.39837646
0.6632661 0.5594041 0.40229803
0.68679553 0.5829335 0.42582744
0.6671877 0.5619761 0.4131686
0.67110926 0.56589764 0.41709018
0.6648426 0.55133235 0.40532547
0.6750308 0.5698192 0.42101175
0.6907171 0.5855055 0.43669802
0.6789524 0.57509035 0.4179843
0.65934455 0.55413294 0.40532547
0.67110926 0.56589764 0.41709018
0.6671877 0.5619761 0.4131686
0.6436583 0.53844666 0.3896392
0.64757985 0.54236823 0.39356077
0.67110926 0.5672472 0.41014117
0.6671877 0.56332564 0.4062196
0.6805289 0.5683682 0.41406274
0.6750308 0.5711688 0.41406274
0.67110926 0.56589764 0.41709018
0.6632661 0.5594041 0.40229803
0.6750308 0.5698192 0.42101175
0.6875642 0.5976001 0.45149025
0.74792516 0.6871066 0.5546902
0.83339196 0.7920708 0.6844471
0.89532924 0.8735056 0.79067457
0.91336066 0.89713645 0.82810193
0.923549 0.9142737 0.8507373
0.9353137 0.9260384 0.862502
0.93139213 0.9221168 0.8585804
0.9117843 0.90385854 0.8320235
0.90159595 0.8880708 0.8024393
0.89140767 0.8709336 0.779804
0.85926646 0.82624394 0.71581966
0.794984 0.73281586 0.608698
0.70009756 0.62403154 0.4889177
0.6836426 0.5936786 0.44756868
0.6757995 0.58583546 0.43972555
0.66795635 0.5779923 0.4318824
0.66795635 0.5793419 0.4249333
0.6773759 0.5804629 0.42885488
0.6773759 0.5804629 0.42885488
0.6773759 0.5804629 0.42885488
0.6695328 0.5739693 0.41406274
0.6695328 0.57261974 0.42101175
0.6640348 0.57542026 0.42101175
0.66168964 0.5647766 0.4131686
