depth-size
160 90
timestamp
1317865894878192
intrinsics
130.86836 130.80324 80.38718 45.643036
camera-pose
0.09792793
-0.7890343
0.6064941
0.0
0.97445446
-0.04774213
-0.21945225
0.0
0.20211065
0.61249137
0.7642026
0.0
0.045829203
0.006021049
-0.05633061
1.0
depth
1307
1285
1291
1303
1302
1298
1298
1297
1298
1298
1301
1307
1311
1313
1315
1326
1329
1327
1337
1353
1364
1354
1355
1371
1393
1437
1389
1521
1490
1498
1376
1495
1494
1493
1488
1481
1486
1506
1532
1544
1551
1552
1562
1565
1574
1577
1569
1571
1566
1563
1573
1573
1590
1595
1635
1615
1631
1671
1691
1687
1756
1753
1731
1735
1743
1747
1757
1773
1770
1747
1733
1724
1710
428
426
424
422
434
619
608
602
595
584
576
567
567
560
554
549
544
537
532
528
527
526
520
517
516
513
508
500
493
489
485
478
471
467
465
464
464
451
450
441
446
438
439
433
428
425
422
415
407
409
403
394
404
379
386
407
376
374
372
376
376
446
431
433
474
1547
1548
1095
1486
1543
336
334
331
329
1053
1044
1020
1009
1516
1514
1540
1571
1581
1577
1589
0
0
1306
1312
1290
1291
1295
1297
1298
1300
1301
1302
1305
1308
1312
1313
1314
1316
1319
1327
1343
1355
1358
1357
1356
1368
1398
1439
1362
1490
1491
1379
1376
1500
1503
1508
1507
1493
1493
1330
1539
1548
1555
1557
1575
1568
1588
1597
1587
1566
1566
1577
1579
1606
1660
1585
1642
1622
1630
1662
1688
1709
1775
1780
1718
1717
1721
1729
1742
436
432
425
1691
1695
645
427
425
629
625
621
611
602
595
593
583
580
573
566
556
559
554
546
541
538
533
530
529
523
520
519
515
510
504
496
490
484
480
471
470
474
465
460
452
455
444
441
445
439
437
426
419
420
418
408
404
402
398
399
394
387
389
376
375
373
384
372
380
388
424
441
472
1110
341
338
336
1502
331
328
1068
1054
1044
1443
1010
1466
1533
1581
1594
1449
1449
1449
0
0
1301
1301
1280
1282
1290
1296
1301
1304
1306
1307
1308
1310
1313
1314
1314
1315
1320
1329
1343
1351
1358
1361
1360
1369
1401
1446
1364
1376
1493
1384
1502
1508
1515
1525
1526
1504
1498
1519
1545
1558
1562
1562
1585
1589
1598
1611
1584
1562
1575
1592
1594
1630
1654
1645
1640
1623
1633
1670
1667
1680
1786
1737
1750
1697
1701
1705
448
442
435
428
442
437
650
642
637
630
623
617
610
602
593
593
588
581
572
564
558
562
560
553
546
542
538
536
531
530
526
522
517
511
504
497
490
483
478
473
472
469
463
465
461
454
455
446
445
440
434
427
419
417
417
411
407
406
405
404
398
397
392
395
385
388
395
398
377
409
380
414
397
340
337
335
332
330
454
1073
1365
310
310
1022
1011
1486
1565
1601
1619
1449
1449
1449
0
0
1241
1241
1250
1278
1288
1296
1304
1309
1312
1312
1312
1313
1314
1315
1315
1317
1322
1331
1346
1356
1362
1363
1365
1373
1404
1451
1293
1487
1491
1499
1507
1515
1525
1527
1507
1502
1502
1522
1541
1557
1565
1564
1578
1584
1587
1602
1572
1558
1575
1591
1601
1638
1628
1641
1646
1624
1628
1663
1675
1718
1800
1759
1683
1689
1722
1689
455
449
437
430
446
670
646
642
637
632
625
615
607
598
591
587
583
580
571
565
567
563
561
553
553
544
540
541
539
538
529
524
518
511
505
498
490
484
479
475
472
469
468
465
465
457
450
449
446
443
437
430
427
421
418
412
408
405
406
402
399
398
396
394
397
398
391
383
391
403
371
396
365
380
382
391
386
393
407
431
432
310
310
1043
1452
1590
1621
1613
1614
1438
1439
1371
0
0
1241
1241
1250
1275
1286
1297
1306
1313
1316
1317
1316
1315
1315
1315
1316
1319
1324
1332
1344
1353
1359
1367
1282
1296
1391
1421
1295
1484
1394
1393
1402
1516
1524
1517
1505
1501
1506
1524
1534
1541
1551
1563
1563
1556
1555
1568
1559
1556
1569
1580
1592
1603
1610
1706
1699
1635
1620
1654
1715
1708
1752
1719
1716
1128
740
740
719
456
440
687
669
658
648
642
638
632
623
612
604
598
594
588
585
579
574
573
569
566
563
561
555
548
544
545
545
537
527
523
516
511
506
499
494
490
487
480
476
473
472
470
466
456
457
452
448
440
439
432
430
425
417
413
411
407
408
404
402
405
401
401
399
398
397
397
395
394
392
385
376
384
361
356
371
397
421
430
426
424
416
418
418
1627
1645
1612
1400
1395
1563
1692
0
0
1241
1241
1271
1273
1285
1297
1307
1315
1318
1319
1318
1317
1315
1316
1318
1322
1328
1335
1342
1353
1366
1382
1312
1298
1397
1407
1298
1479
1395
1395
1509
1518
1521
1516
1505
1504
1512
1524
1528
1538
1551
1503
1545
1532
1526
1542
1548
1556
1567
1572
1574
1572
1611
1676
1714
1638
1625
1658
1709
1736
1737
1729
1405
1130
567
560
676
528
674
669
665
658
649
641
636
630
618
609
603
600
596
593
586
581
580
572
570
575
571
568
557
556
546
548
544
534
526
521
516
512
507
503
499
494
495
496
490
482
479
478
461
467
459
457
450
443
434
431
428
420
415
415
411
407
405
406
405
406
405
400
398
396
396
399
397
392
389
390
385
388
369
362
352
360
374
429
425
413
414
412
411
1587
1534
1544
1523
1366
1532
1645
0
0
1241
1241
1271
1273
1285
1298
1307
1314
1317
1316
1317
1317
1316
1317
1320
1326
1333
1340
1347
1361
1376
1380
1312
1300
1280
1408
1409
1363
1380
1491
1506
1404
1464
1473
1510
1512
1519
1523
1527
1545
1562
1584
1535
1521
1513
1525
1537
1553
1567
1578
1573
1569
1624
1713
1775
1620
1616
1681
1712
1678
1682
1714
1405
1405
570
563
675
674
670
665
660
655
647
639
632
625
615
607
602
600
598
594
588
578
580
574
578
570
570
565
562
553
554
547
541
531
526
520
516
513
509
506
503
501
501
499
492
486
482
477
471
469
458
454
451
442
431
431
425
417
417
416
409
404
399
402
404
404
402
401
401
402
398
395
397
394
392
393
387
386
376
369
356
360
354
355
376
409
406
399
399
1078
402
402
1411
1469
1360
1360
0
0
1242
1254
1266
1277
1288
1298
1305
1311
1314
1315
1316
1317
1316
1316
1312
1311
1310
1347
1355
1364
1380
1386
1312
1315
1317
1403
1381
1359
1374
1398
1408
1417
1426
1436
1519
1521
1525
1527
1534
1553
1574
1570
1541
1523
1513
1518
1529
1546
1559
1584
1581
1591
1714
1653
1685
1609
1617
1720
1728
1663
1523
678
0
682
572
566
674
672
667
661
656
649
642
635
628
621
614
607
602
601
594
593
589
586
579
579
573
574
566
557
555
552
549
544
536
530
524
520
518
515
510
506
503
504
503
497
489
482
476
477
460
463
457
450
451
440
436
430
421
420
420
415
413
410
406
404
405
407
407
405
401
404
404
402
397
399
396
393
390
390
379
380
359
361
356
367
377
394
405
401
398
405
404
403
1417
1476
1548
1360
0
0
1246
1258
1270
1283
1291
1298
1304
1308
1310
1312
1314
1316
1318
1318
1314
1313
1312
1355
1364
1372
1386
1384
1388
1313
1403
1387
1366
1346
1346
1356
1263
1268
1401
1427
1504
1516
1501
1510
1541
1555
1573
1571
1552
1532
1520
1519
1527
1540
1552
1576
1575
1597
975
1633
1666
1657
1640
1767
1830
1221
1221
685
670
697
577
678
675
671
666
660
654
647
640
634
627
621
614
608
603
602
597
592
587
586
582
577
565
564
559
552
552
549
544
540
533
530
523
520
518
515
511
506
504
503
499
494
488
482
476
470
463
461
454
457
454
447
443
435
429
428
426
419
417
412
404
404
400
406
408
407
405
404
403
401
401
400
395
391
393
396
385
348
381
374
375
375
381
393
400
386
400
406
405
404
1415
1543
1610
0
0
0
1250
1262
1274
1285
1293
1300
1304
1307
1309
1311
1313
1318
1326
1330
1329
1328
1345
1352
1357
1398
1397
1384
1379
1311
1380
1375
1366
1338
1325
1243
1248
1252
1257
1261
1376
1502
971
970
1541
1556
1566
1575
1560
1542
1529
1525
1529
1541
1551
1564
1568
1593
1688
1655
1647
1724
662
657
652
902
885
691
677
707
693
683
677
674
668
661
655
649
642
637
632
622
616
609
604
600
595
589
588
583
574
569
561
558
554
550
552
542
541
536
529
526
521
518
514
512
511
506
502
499
493
491
484
478
471
470
462
463
458
457
455
451
444
439
434
433
430
424
419
417
409
396
399
403
407
405
404
400
401
402
401
404
403
399
397
394
390
377
376
381
382
383
385
384
382
384
394
411
441
453
1378
1479
1312
1312
0
0
1254
1266
1286
1287
1296
1303
1307
1310
1312
1315
1322
1325
1329
1332
1335
1338
1344
1352
1357
1367
1385
1378
1371
1379
1371
1355
1347
1324
1307
1292
1266
1252
1134
1140
1146
980
979
978
977
1524
1566
1573
1563
1549
1536
1531
1531
1545
1552
1556
1563
1591
1658
1772
1773
1803
671
666
661
656
887
699
684
715
703
690
682
679
673
666
661
656
651
646
639
624
619
614
606
600
594
589
584
578
572
566
562
558
554
550
545
540
538
532
524
521
518
515
513
510
508
504
497
492
488
487
480
479
473
469
467
464
456
458
455
450
445
441
439
436
431
429
422
415
411
407
400
404
405
401
400
399
395
401
398
397
398
396
397
391
389
386
384
388
384
380
383
379
380
382
367
366
453
453
1545
1605
1693
1692
0
0
0
1259
1270
1288
1299
1306
1311
1315
1318
1321
1325
1329
1331
1332
1334
1337
1342
1347
1352
1355
1360
1355
1348
1360
1355
1331
1317
1300
1289
1269
1236
1218
1190
1177
1173
1137
987
986
986
1539
1523
1530
1558
1501
1535
1531
1524
1520
1031
1025
1019
1013
1670
1756
1775
1788
1913
675
670
665
660
706
728
721
708
698
689
681
675
674
668
665
662
654
643
628
622
616
608
602
596
590
586
578
572
567
563
560
556
551
545
541
536
530
526
522
518
515
513
510
508
504
497
492
490
485
482
479
475
473
468
465
458
455
456
450
446
440
443
440
436
434
428
422
416
409
399
400
405
402
403
370
373
395
398
403
391
396
393
386
391
389
390
385
382
378
381
383
384
384
376
367
378
1477
1432
1914
1749
1693
0
0
1254
1264
1275
1290
1303
1313
1320
1325
1329
1331
1334
1335
1335
1334
1334
1335
1337
1341
1345
1344
1340
1335
1333
1340
1342
1327
1314
1298
1287
1267
1238
1221
1192
1178
1168
1090
1104
1100
1121
1172
1517
1411
1520
1506
1492
1499
1461
1453
1041
1035
1029
1022
1593
1733
1770
1786
839
827
692
675
669
735
727
717
707
704
697
690
682
679
677
673
668
661
651
637
627
619
611
604
597
591
585
578
575
567
563
560
557
552
546
542
537
533
529
524
520
516
512
511
509
504
500
496
491
488
483
482
482
473
471
466
461
459
460
456
457
454
447
445
442
438
431
428
423
414
408
412
414
406
402
370
366
374
391
405
406
363
383
387
382
382
387
382
386
383
384
385
384
385
391
380
378
1386
740
740
1574
1574
0
0
1259
1269
1280
1294
1308
1315
1320
1324
1329
1350
1349
1345
1341
1337
1334
1333
1334
1337
1342
1342
1339
1335
1331
1329
1327
1325
1319
1307
1297
1278
1249
1231
1202
1184
1168
1082
1149
1095
1116
1170
1191
1401
1413
1426
1458
1451
1474
1475
1486
1034
1038
1032
1574
1741
1761
714
706
830
695
789
754
744
738
726
715
714
704
704
698
690
690
683
673
667
659
646
632
622
614
607
599
592
592
581
572
567
563
560
557
554
551
550
543
535
527
523
520
515
511
510
508
503
501
499
495
487
486
484
482
481
469
473
468
468
465
464
462
464
457
453
447
441
434
427
423
424
417
412
378
373
370
367
366
383
372
404
366
364
385
362
378
379
388
386
388
390
388
362
365
369
387
383
1590
1782
1613
1639
1623
1594
0
0
1263
1273
1283
1298
1311
1328
1344
1355
1356
1348
1353
1358
1349
1340
1335
1332
1331
1334
1341
1340
1339
1337
1334
1332
1331
1331
1330
1322
1314
1296
1270
1254
1225
1211
1137
1146
1086
1089
1046
1054
1063
1104
1112
1119
1050
1049
1468
1472
1489
1512
1031
1042
1559
1748
1748
718
710
701
699
773
753
743
738
728
716
713
705
708
711
701
693
683
674
668
661
652
637
624
616
609
601
594
588
580
577
569
565
565
565
559
554
549
545
537
528
523
519
514
511
508
505
501
498
495
496
493
487
486
487
481
482
476
468
471
470
470
469
466
464
460
452
443
434
429
425
421
416
418
413
413
369
377
390
378
389
390
388
390
386
374
380
383
384
381
351
354
385
361
364
368
383
382
770
770
1736
1725
1584
1593
0
0
1268
1277
1287
1303
1315
1326
1349
1352
1356
1360
1352
1357
1357
1350
1336
1331
1321
1311
1310
1308
1347
1344
1341
1342
1342
1343
1344
1339
1335
1320
1295
1284
1185
1188
1131
1075
1089
1045
1053
1062
1070
1079
1072
1060
1059
1057
1056
1497
1512
1528
1034
1558
1567
0
0
722
714
705
702
761
750
741
734
725
713
709
702
705
709
697
693
683
676
669
658
650
638
626
616
610
603
597
590
588
587
586
569
570
570
562
554
552
545
536
529
523
518
514
511
509
507
502
497
494
496
496
490
490
487
482
482
481
476
476
475
467
469
466
465
457
450
437
427
423
424
420
414
408
395
405
395
373
384
393
390
386
390
383
383
380
379
382
376
378
373
380
357
360
363
367
414
414
1819
1888
1627
1627
1584
1584
0
0
1272
1282
1292
1308
1319
1336
1346
1350
1354
1358
1361
1369
1360
1357
1328
1328
1313
1311
1354
1354
1351
1349
1347
1351
1358
1356
1351
1346
1342
1328
1306
1273
1255
1187
1130
1077
1092
1052
1060
1069
1078
1121
1081
1069
1068
1066
1546
1547
1549
1045
1037
1565
1572
0
0
727
718
709
774
772
761
753
748
735
721
717
707
710
708
697
692
679
668
662
651
642
633
624
617
611
605
604
594
594
594
578
572
573
570
558
552
546
541
535
528
522
517
514
512
512
509
505
500
496
493
491
485
483
483
484
482
480
477
473
473
466
469
461
463
453
442
434
427
424
422
415
412
410
407
398
401
374
381
388
385
387
384
385
384
379
375
370
369
376
372
380
356
381
362
366
414
414
1815
1906
1684
1627
0
0
0
0
1277
1286
1296
1313
1324
1339
1344
1347
1351
1355
1359
1378
1364
1329
1328
1339
1340
1344
1353
1356
1354
1352
1349
1359
1310
1367
1354
1350
1338
1321
1304
1275
1272
1210
1134
1080
1051
1059
1068
1077
1085
1130
1091
1086
1080
1592
1600
1599
1055
1048
1041
1579
1575
924
911
811
722
783
770
766
758
747
740
729
717
712
704
702
702
693
680
669
662
654
645
637
630
623
617
612
608
605
599
595
602
583
574
571
565
557
554
545
538
532
526
521
517
514
514
513
509
507
502
498
494
490
486
484
483
481
481
482
474
474
470
464
464
458
456
450
444
436
431
428
423
416
412
409
406
403
408
382
394
397
392
383
381
376
374
369
366
368
362
355
367
379
355
389
361
365
408
0
1806
1912
1958
0
0
0
0
0
1282
1296
1305
1318
1329
1342
1357
1345
1325
1327
1330
1370
1356
1328
1340
1340
1342
1347
1356
1360
1361
1360
1355
1365
1310
1373
1358
1351
1324
1303
1286
1291
1212
1212
1160
1083
1097
1067
1075
1084
1131
1139
1101
1556
1607
1632
1635
1629
1091
1051
1044
1621
1576
922
910
820
819
794
775
772
763
755
752
742
727
724
714
714
714
700
684
669
661
653
645
638
631
625
620
615
612
609
606
601
598
588
446
447
567
558
550
543
537
531
526
521
517
515
515
515
511
509
505
501
497
493
491
490
485
482
485
479
477
474
470
468
464
457
451
448
444
439
435
427
421
417
412
417
413
406
403
406
404
406
401
388
385
375
366
361
366
353
358
363
373
385
390
398
360
364
408
434
0
0
0
0
0
0
0
0
1283
1302
1306
1323
1333
1344
1356
1366
1326
1328
1331
1361
1351
1344
1341
1341
1344
1352
1358
1362
1365
1368
1361
1317
1311
1389
1358
1338
1307
1285
1270
1281
1290
1185
1166
1109
1100
1116
1124
1132
1140
1148
1534
1581
1629
1655
1656
1052
1089
1082
1070
1058
0
920
812
812
810
794
777
773
765
757
755
744
729
726
716
716
715
701
687
672
663
655
647
640
634
628
623
619
617
616
614
610
442
443
446
578
568
559
551
544
538
532
526
522
518
516
497
515
513
511
507
504
500
496
494
491
486
484
483
482
482
479
475
469
463
463
454
448
445
441
435
428
423
423
422
421
422
423
418
421
419
415
415
410
408
384
377
366
373
379
369
378
386
396
404
416
416
363
434
434
0
0
0
0
0
0
0
0
1302
1302
1307
1325
1334
1345
1353
1360
1365
1366
1362
1355
1347
1343
1341
1341
1344
1353
1360
1362
1361
1367
1365
1317
1270
1379
1353
1324
1300
1282
1267
1288
1304
1324
1272
1160
1175
1142
1133
1141
1149
1500
1556
1593
1631
1658
1059
1101
1091
1081
1074
1061
0
833
833
795
793
784
773
767
761
753
747
736
725
721
715
713
711
700
694
680
665
657
650
644
638
632
628
624
622
623
616
609
451
451
446
447
574
563
553
546
539
533
528
523
520
518
517
515
514
513
510
507
503
498
495
491
488
486
485
484
483
480
476
470
464
459
456
451
450
443
442
439
435
433
426
420
425
423
424
426
419
415
413
408
394
386
386
376
383
387
381
395
408
413
417
414
415
428
433
509
0
0
0
0
0
0
0
0
1302
1302
1308
1326
1334
1344
1351
1356
1360
1361
1358
1352
1346
1343
1342
1342
1345
1352
1359
1361
1358
1365
1370
1391
1271
1264
1347
1336
1304
1288
1275
1302
1316
1340
1209
1170
1185
1150
1157
1175
1428
1510
1558
1593
1618
1584
1614
1102
1092
1082
891
882
0
841
840
795
799
794
782
782
777
773
767
752
739
736
727
727
726
711
709
674
671
661
655
649
643
638
633
444
444
448
449
620
451
450
452
453
576
564
555
548
541
535
530
525
521
518
517
516
515
515
514
510
506
502
497
492
489
488
486
483
480
477
471
466
461
457
455
453
448
442
447
447
443
434
425
425
423
423
424
420
409
411
413
404
388
382
388
386
393
400
414
415
426
431
423
419
422
428
449
530
0
0
0
0
0
0
0
0
1306
1304
1309
1327
1334
1323
1350
1354
1357
1359
1357
1353
1348
1345
1344
1345
1348
1353
1357
1328
1357
1359
1368
1384
1404
1265
1352
1345
1322
1336
1294
1312
1325
1354
1312
1232
1259
1275
1167
1274
1447
1511
1553
1585
1606
1608
1114
1104
1093
1083
891
882
873
818
819
793
792
787
776
772
769
764
756
744
739
733
728
725
720
710
708
702
695
682
666
655
649
644
444
444
444
448
449
450
449
450
451
452
454
557
550
545
541
537
533
528
524
520
518
517
518
517
516
513
486
483
480
477
475
472
469
466
461
457
458
455
451
448
448
448
445
440
441
439
389
420
425
427
426
425
421
408
406
410
411
397
391
387
392
388
350
432
430
425
432
435
431
430
437
456
487
537
0
567
567
6913
6913
0
0
0
1309
1305
1310
1315
1335
1325
1349
1354
1358
1361
1361
1358
1354
1351
1350
1350
1352
1355
1358
1328
1362
1369
1371
1385
1400
1266
1361
1343
1338
1328
1304
1313
1139
1312
1312
1253
1269
1277
1289
1272
1461
1510
1545
1573
1592
1592
1115
1105
1095
1085
890
882
873
821
820
799
798
793
781
776
773
772
772
761
748
746
738
741
741
728
732
726
732
731
443
441
439
443
442
444
444
445
450
450
449
450
451
452
453
455
456
476
535
535
535
531
527
524
522
522
522
523
492
495
484
481
478
476
481
475
470
461
452
445
443
441
438
434
433
432
430
427
406
417
411
409
412
383
391
414
402
399
375
404
402
401
384
382
384
389
384
396
345
429
435
434
430
438
440
466
511
534
0
567
567
6913
6913
0
0
0
1309
1309
1321
1328
1331
1328
1331
1334
1337
1368
1369
1367
1363
1360
1358
1357
1358
1359
1361
1365
1371
1382
1372
1382
1386
1387
1362
1355
1346
1337
1316
1321
1144
1148
1244
1296
1303
1310
1393
1426
1471
1510
1537
1527
1526
1605
1603
1106
1096
897
873
873
581
821
824
803
802
798
784
778
773
769
771
762
752
751
744
747
747
736
742
740
758
456
443
442
440
438
443
446
445
445
445
450
451
450
451
452
502
501
501
508
519
528
534
490
507
529
529
530
533
494
495
485
482
504
494
482
472
466
460
453
445
438
434
430
427
423
420
415
411
398
387
384
380
388
382
391
396
401
402
396
395
408
410
406
392
385
384
385
383
385
408
348
430
441
453
450
462
493
512
526
564
567
567
0
0
0
0
0
1309
1309
1321
1331
1334
1330
1333
1336
1340
1343
1379
1377
1374
1371
1368
1366
1364
1363
1364
1368
1369
1379
1366
1373
1379
1391
1370
1362
1353
1351
1142
1145
1149
1153
1362
1300
1308
1315
1424
1448
1481
1513
1517
1551
1575
1598
1599
1108
1097
872
872
873
850
816
816
801
796
791
779
772
766
760
759
754
746
744
738
739
739
733
736
737
756
457
444
442
441
439
440
446
446
446
446
451
451
451
451
451
502
501
500
496
497
489
487
515
506
535
536
539
540
538
532
523
511
501
486
470
463
457
452
442
439
433
429
426
422
419
415
401
398
392
384
381
389
387
384
383
383
393
401
399
398
415
354
401
398
384
382
383
351
366
396
352
352
352
471
378
483
501
524
545
564
565
567
6863
0
0
0
0
1309
1309
1339
1338
1343
1351
1336
1339
1342
1345
1389
1387
1384
1381
1377
1374
1370
1367
1367
1368
1364
1363
1355
1354
1358
1368
1367
1365
1232
1236
1147
1150
1154
1206
1350
1358
1409
1425
1452
1463
1485
1507
1527
1587
1608
1593
1579
1565
1099
882
881
874
847
819
821
805
803
800
787
782
777
774
777
770
761
760
755
764
766
766
783
781
460
458
450
443
441
442
441
440
443
447
447
451
452
457
450
450
451
451
452
471
486
484
483
482
502
502
451
450
449
494
493
481
479
372
367
373
370
445
406
406
406
405
412
407
408
405
402
400
398
403
393
392
390
388
379
383
387
389
398
401
398
407
358
406
418
380
387
381
357
381
357
356
383
356
356
380
488
504
524
528
525
527
526
962
7012
0
0
0
1309
1309
1327
1331
1346
1355
1357
1359
1344
1348
1396
1394
1391
1388
1384
1380
1375
1371
1369
1368
1361
1358
1351
1343
1342
1342
1356
1353
1291
1339
1244
1197
1204
1211
1354
1363
1372
1431
1447
1451
1463
1485
1515
1570
1533
1574
946
917
901
891
869
862
845
820
819
803
799
795
783
777
772
767
767
761
751
749
744
748
753
754
778
858
461
459
451
449
448
447
442
443
443
447
447
454
454
453
449
450
450
451
452
500
455
481
461
461
461
486
451
450
449
390
373
372
372
367
362
366
362
449
406
406
406
406
407
408
407
405
403
401
400
397
394
392
390
388
386
383
383
395
400
401
398
399
412
417
417
390
402
408
390
379
361
361
360
360
378
379
390
455
484
524
522
523
522
968
1050
0
0
0
1308
1308
1328
1331
1336
1358
1360
1362
1364
1366
1368
1397
1396
1393
1389
1384
1378
1374
1371
1370
1363
1358
1352
1340
1334
1332
1332
1336
1341
1341
1339
1349
1359
1350
1359
1368
1428
1427
1435
1443
1454
1474
1467
1488
1476
1042
1011
921
904
899
867
863
850
826
827
810
808
806
792
788
784
781
785
778
768
767
762
776
783
770
919
464
1025
1065
458
456
449
448
443
443
443
447
447
454
454
446
445
450
450
451
451
452
454
455
461
461
461
484
445
444
390
379
373
369
367
368
368
369
377
389
389
406
406
406
405
402
398
405
402
401
398
396
395
392
390
388
386
384
386
397
398
401
394
367
421
366
366
365
420
421
422
365
398
365
365
378
376
379
403
398
429
519
520
520
520
1050
1050
0
0
0
1308
1308
1329
1329
1337
1352
1353
1365
1367
1369
1371
1378
1397
1395
1391
1385
1380
1375
1373
1373
1373
1361
1350
1336
1333
1332
1335
1338
1343
1345
1346
1358
1370
1394
1417
1426
1433
1432
1437
1445
1451
1463
1457
1327
1327
1042
1040
921
904
898
869
866
854
832
830
813
808
803
790
783
778
774
775
770
760
757
752
759
769
818
470
466
462
1019
459
457
456
451
450
452
451
451
449
447
446
444
444
443
450
450
451
453
454
465
461
461
461
484
445
391
375
370
368
364
361
367
368
370
365
385
384
384
443
407
403
400
396
397
403
401
398
396
394
393
390
387
385
384
384
397
400
400
400
395
371
371
371
410
414
370
370
370
369
386
387
383
380
380
395
398
429
519
520
520
520
0
0
0
0
0
1308
1305
1313
1330
1334
1353
1354
1367
1360
1361
1362
1363
1394
1392
1389
1384
1379
1375
1373
1376
1407
1368
1348
1334
1334
1334
1337
1342
1347
1353
1361
1376
1395
1421
1443
1446
1448
1447
1452
1457
1459
1453
1442
1306
1310
1052
942
925
901
896
871
871
862
841
844
824
823
816
799
794
789
788
795
790
786
787
790
825
855
931
1122
467
465
461
461
459
457
452
451
454
452
451
451
449
446
445
443
442
455
455
455
463
458
452
462
472
478
436
391
386
376
368
366
362
357
367
367
371
363
379
379
401
413
383
386
398
399
396
393
401
398
395
394
392
389
386
384
383
382
385
413
407
403
403
396
393
391
388
398
396
375
382
388
406
395
390
387
384
392
398
429
0
0
0
0
0
0
0
0
0
1298
1306
1314
1323
1334
1353
1355
1360
1361
1362
1363
1389
1388
1386
1384
1381
1377
1374
1372
1377
1342
1373
1353
1337
1334
1335
1338
1344
1351
1361
1376
1403
1427
1450
1465
1466
1467
1467
1473
1476
1473
1403
1428
1406
1099
996
963
933
903
901
876
881
873
850
858
834
834
825
805
799
794
793
803
800
805
748
739
731
877
1191
473
469
465
462
465
460
458
456
455
455
454
453
452
450
449
443
443
444
458
458
436
435
452
448
450
444
444
436
387
376
371
366
362
357
364
363
362
361
360
435
397
380
368
374
400
418
400
396
393
391
397
395
393
390
388
385
383
381
379
382
383
372
411
407
405
403
351
346
426
423
384
418
428
406
405
403
410
383
394
402
429
792
794
795
0
0
0
0
0
0
1299
1307
1315
1324
1336
1339
1363
1361
1362
1363
1383
1382
1381
1380
1379
1377
1375
1372
1370
1372
1343
1338
1362
1343
1337
1337
1337
1346
1353
1367
1388
1429
1454
1470
1478
1480
1484
1487
1494
1497
1492
1397
1415
1057
979
979
942
928
897
896
873
877
870
850
854
832
826
815
797
788
784
781
788
790
798
726
668
946
646
763
476
472
468
464
460
464
454
453
456
456
455
454
454
452
450
449
447
445
440
439
437
436
434
448
450
451
452
387
382
365
365
361
368
362
361
360
359
372
366
479
379
377
375
363
409
407
399
396
394
390
389
395
393
390
387
384
381
380
379
381
376
369
416
414
358
352
347
342
440
447
443
445
462
437
435
0
0
0
785
786
789
792
794
795
1044
1044
0
0
0
0
1300
1308
1316
1325
1336
1340
1343
1362
1363
1364
1376
1376
1375
1375
1374
1373
1372
1370
1368
1372
1345
1324
1365
1350
1346
1354
1362
1248
1251
1365
1386
1436
1461
1475
1483
1487
1494
1500
1508
1510
1406
1369
1369
968
971
963
941
919
893
893
870
873
867
849
852
831
824
815
798
790
787
787
799
805
847
727
669
660
646
675
478
474
470
466
459
458
456
454
463
456
456
456
455
454
452
450
449
443
442
440
439
437
436
434
451
445
447
447
453
364
364
364
369
369
372
373
375
377
380
380
380
380
364
375
367
406
400
397
393
390
388
386
391
388
385
382
381
380
379
380
372
366
431
359
353
348
343
338
358
354
351
348
489
558
641
897
825
825
793
787
789
808
865
795
1044
1044
9769
0
0
0
1301
1309
1317
1326
1335
1340
1344
1347
1364
1364
1365
1366
1367
1339
1369
1369
1369
1368
1366
1371
1330
1325
1363
1360
1364
1391
1386
1248
1251
1221
1224
1228
1239
1470
1479
1486
1498
1506
1513
1310
1292
1386
1095
980
963
947
934
917
895
894
869
871
863
844
844
824
814
804
790
781
777
775
782
787
825
728
671
662
653
684
480
476
472
468
461
460
457
456
455
463
461
459
457
455
454
452
450
445
443
452
464
465
429
435
466
437
437
448
442
364
364
364
369
449
387
376
346
346
358
360
380
372
369
367
372
398
399
395
393
390
388
385
391
389
385
382
380
380
379
376
369
362
360
354
349
343
338
333
354
351
348
345
592
558
859
875
862
826
824
813
790
793
794
795
10054
9769
9769
0
0
0
1324
1310
1318
1326
1333
1341
1344
1367
1364
1365
1344
1341
1357
1340
1362
1364
1366
1367
1366
1344
1378
1386
1367
1372
1386
1418
1420
1414
1401
1261
1223
1233
1238
1423
1282
1381
1372
1342
1326
1311
1300
1283
1094
980
964
942
931
917
899
897
873
874
865
843
843
823
813
806
793
784
782
782
792
801
862
729
673
664
654
711
482
478
474
470
466
461
459
457
456
464
462
461
459
457
455
454
452
450
449
446
447
448
461
462
457
435
429
421
421
453
364
364
478
458
459
339
339
335
335
362
487
371
370
368
364
401
399
395
392
389
387
384
391
389
386
383
382
381
381
382
366
359
355
349
344
339
334
329
351
347
344
334
332
579
925
903
863
826
824
824
813
793
794
795
0
0
0
0
0
0
1324
1317
1324
1331
1337
1371
1379
1381
1379
1368
1346
1352
1351
1353
1356
1360
1363
1345
1344
1383
1382
1396
1389
1387
1405
1414
1444
1453
1463
1261
1263
1268
1274
1279
1281
1284
1371
1352
1335
1320
1308
1290
1047
1002
976
936
938
925
909
910
884
889
879
849
850
826
816
810
797
788
787
787
799
820
721
713
675
666
656
767
756
481
477
472
465
463
461
460
468
466
464
462
461
459
457
455
453
452
450
445
442
434
458
454
442
434
429
422
420
413
415
416
0
458
459
339
336
335
335
336
478
482
366
367
367
400
398
396
389
389
386
384
383
389
386
384
382
382
382
370
361
356
350
345
340
335
330
350
347
338
336
333
330
328
929
912
835
827
825
825
825
10200
10200
0
0
0
0
0
0
0
0
1321
1328
1335
1341
1391
1388
1386
1386
1373
1361
1353
1351
1353
1355
1358
1359
1344
1344
1391
1392
1298
1409
1403
1417
1418
1434
1454
1472
1274
1387
1390
1276
1278
1281
1284
1333
1325
1164
1147
1313
1298
1231
1099
1013
933
943
932
916
918
893
897
884
851
848
824
812
804
793
785
783
783
792
811
723
715
677
667
658
746
758
483
479
468
467
465
463
462
460
459
459
464
462
460
459
457
446
444
441
438
436
448
454
431
433
433
431
423
420
413
415
416
421
366
364
383
382
359
336
336
474
372
372
370
368
367
398
395
391
388
386
387
385
389
386
384
383
382
382
385
357
351
346
341
336
331
340
434
440
337
334
332
329
327
907
902
923
895
910
924
929
0
5784
5784
9031
9031
0
0
0
0
0
0
1332
1339
1399
1420
1428
1386
1386
1385
1368
1356
1353
1354
1356
1357
1359
1344
1342
1400
1402
1345
1408
1408
1428
1420
1429
1440
1450
1438
1404
1400
1396
1278
1281
1284
1456
1464
1167
1150
1322
1306
1227
1099
1010
976
926
934
920
922
901
904
892
857
856
831
823
819
807
802
802
807
825
856
725
717
706
669
660
849
836
833
644
477
469
467
465
463
461
461
460
466
464
462
460
459
448
445
443
440
437
444
432
448
431
435
431
423
421
413
412
1187
369
367
365
363
360
363
349
348
348
372
372
371
368
384
406
404
412
399
397
394
385
390
387
385
384
383
382
358
352
347
342
337
332
343
338
428
429
436
333
331
328
325
476
482
922
901
920
935
936
0
5784
7519
9499
9031
0
0
0
0
0
0
0
1418
1439
1465
1470
1458
1436
1409
1372
1363
1357
1357
1358
1360
1361
1344
1342
1402
1403
1344
1399
1409
1296
1425
1429
1430
1444
1446
1423
1414
1409
1334
1331
1352
1479
1475
1475
1153
1332
1314
1254
1155
990
981
961
939
924
928
905
909
895
859
857
833
824
821
811
807
808
814
830
856
751
739
712
699
668
656
870
864
647
497
470
469
467
459
457
462
462
463
466
464
462
460
450
447
444
442
455
435
435
432
432
442
426
418
420
417
1187
1187
371
368
373
366
364
350
349
349
348
387
387
474
411
408
406
415
410
407
403
394
386
390
387
385
384
383
385
353
348
342
337
333
346
341
337
429
428
433
332
329
327
324
420
459
461
902
917
890
936
0
0
6804
6804
0
0
0
0
0
0
0
0
1450
1478
1508
1514
1500
1477
1445
1374
1373
1365
1363
1364
1365
1366
1343
1343
1402
1399
1343
1394
1408
1284
1431
1434
1427
1441
1451
1447
1443
1450
1325
1351
1552
1528
1492
1173
1149
1139
1447
1376
1322
970
968
958
941
925
928
904
908
895
862
862
840
836
837
826
829
831
846
863
767
732
720
732
686
674
662
650
868
868
624
615
461
461
460
458
465
464
464
463
466
464
454
451
449
446
464
441
438
440
433
419
426
423
418
417
419
422
365
362
358
361
358
358
357
351
349
464
387
387
467
411
408
406
402
411
407
404
400
386
390
388
387
385
384
384
348
343
338
333
348
344
340
437
433
432
333
331
328
325
323
421
446
449
321
314
890
936
0
0
6804
6804
0
0
0
0
0
0
0
0
1459
1488
1527
1544
1535
1448
1447
1443
1405
1385
1378
1376
1375
1373
1343
1339
1408
1403
1342
1398
1404
1426
1427
1428
1426
1438
1457
1477
1463
1461
1351
1542
1555
1554
1559
1163
1146
1129
1459
1405
1025
999
942
967
950
929
935
905
913
901
867
870
849
848
852
840
849
852
874
788
771
737
724
712
711
680
667
655
868
856
845
639
462
463
461
459
460
465
465
464
467
465
464
453
450
448
460
442
440
436
435
419
416
418
418
418
421
422
368
351
351
355
355
357
352
352
352
351
464
435
433
410
408
406
402
400
407
395
400
386
389
387
386
385
385
349
344
339
334
348
344
341
337
440
436
435
332
329
327
324
322
415
439
450
320
314
887
0
0
0
0
0
0
0
0
0
0
0
0
0
1443
1463
1501
1531
1535
1518
1448
1446
1406
1404
1403
1395
1387
1380
1375
1382
1418
1415
1417
1404
1409
1429
1420
1421
1422
1433
1459
1488
1475
1468
1365
1573
1576
1572
1594
1160
1143
1127
1177
1298
1029
930
937
983
961
932
936
902
907
895
865
864
848
844
848
839
847
851
869
820
813
741
729
717
717
686
673
661
649
845
845
845
644
633
622
462
461
466
465
471
469
467
465
455
452
449
447
444
442
439
436
421
419
421
459
481
442
438
370
356
356
354
357
352
355
354
350
350
441
436
433
419
408
426
403
400
398
395
388
387
389
387
386
386
387
345
356
353
350
346
344
341
336
334
435
433
430
328
326
323
411
414
435
457
321
314
887
0
0
0
0
0
0
0
0
0
0
0
0
0
1418
1432
1459
1483
1499
1433
1434
1434
1434
1405
1415
1405
1393
1383
1376
1392
1412
1412
1418
1410
1412
1435
1422
1413
1414
1425
1463
1509
1499
1508
1549
1595
1606
1606
1586
1058
1140
1124
1170
1276
946
920
970
920
914
933
934
901
905
895
869
870
856
857
863
791
869
817
828
821
798
784
733
721
709
692
679
666
655
852
917
991
0
634
622
457
461
470
469
469
471
469
467
457
454
446
446
429
426
441
438
436
429
429
459
481
443
438
373
369
361
362
358
355
357
351
353
412
430
436
423
419
423
420
417
396
398
392
386
384
390
389
387
386
386
392
354
351
348
344
343
339
335
435
430
427
426
422
332
329
327
418
441
463
321
315
0
0
0
0
0
0
0
0
0
0
0
0
0
0
1392
1402
1427
1447
1431
1431
1431
1431
1397
1397
1414
1406
1393
1382
1375
1390
1404
1408
1407
1409
1410
1423
1425
1416
1409
1418
1466
1529
1533
1531
1564
1594
1624
1630
1617
1055
1138
1195
1162
1243
936
911
969
916
910
941
943
907
912
902
876
877
863
865
873
815
881
836
829
821
803
789
738
840
707
698
685
672
660
648
954
1004
0
601
460
459
457
471
470
470
477
475
471
470
456
439
438
436
433
430
426
423
428
424
424
416
416
439
434
372
362
363
361
350
351
351
427
415
412
409
406
403
419
416
413
410
408
388
387
385
391
390
387
387
389
356
352
349
346
343
342
341
338
335
427
426
425
423
421
331
328
430
453
489
321
315
0
0
0
3013
3013
0
0
0
0
0
0
0
0
0
1321
1333
1383
1410
1360
1389
1389
1390
1397
1396
1382
1402
1389
1378
1373
1380
1398
1406
1401
1404
1409
1412
1417
1425
1414
1419
1472
1549
1566
1570
1609
1609
1337
1070
1060
1051
1106
1187
1155
1094
927
902
968
1006
900
888
877
865
928
844
837
897
839
889
898
815
808
843
830
821
812
789
775
866
709
698
691
678
666
654
973
608
610
604
462
460
459
471
470
469
478
477
472
471
453
448
437
437
436
436
433
430
427
425
419
414
414
396
394
374
362
362
362
350
356
350
418
415
412
409
406
421
417
413
411
409
408
389
387
391
391
390
388
387
388
354
350
347
344
341
345
342
338
335
430
430
430
428
325
433
329
463
479
760
321
315
0
0
0
3013
3013
0
0
0
0
0
0
0
0
1312
1321
1333
1323
1334
1359
1364
1350
1353
1396
1395
1383
1381
1346
1373
1370
1376
1384
1403
1405
1402
1405
1408
1410
1417
1417
1426
1337
1338
1593
1602
1628
1631
1332
1066
1053
1047
1102
1180
1148
943
871
1008
995
1001
898
886
875
863
850
843
836
848
839
831
823
815
808
791
782
821
812
789
775
898
712
700
689
684
671
659
0
607
610
612
610
462
461
473
472
471
457
456
455
454
453
453
453
451
448
438
438
437
434
431
421
414
413
396
395
388
373
368
366
362
359
421
418
415
412
409
428
422
416
412
411
410
409
387
394
392
391
391
389
387
387
397
349
345
342
339
345
342
339
441
439
440
441
328
326
323
320
475
326
888
321
315
0
0
0
9518
2164
2164
0
0
0
0
0
1303
1298
1310
1320
1315
1325
1324
1337
1345
1348
1351
1354
1368
1384
1370
1347
1369
1370
1378
1389
1399
1404
1400
1404
1410
1408
1406
1412
1429
1487
1584
1335
1597
1612
1134
1131
1060
1051
1124
1098
1172
1654
933
867
1002
977
989
986
979
873
861
849
841
834
848
840
832
824
816
808
788
779
821
803
789
775
830
715
703
692
690
677
665
0
604
608
613
615
0
1302
475
474
461
460
459
458
458
457
456
453
453
450
438
439
442
443
444
444
444
444
440
436
386
381
372
368
365
361
421
418
415
413
410
429
422
416
413
411
410
410
403
396
394
392
390
390
389
389
399
347
343
340
438
346
342
451
450
451
453
456
329
327
324
320
329
324
888
890
1476
1476
3841
3841
9518
2164
2164
0
0
0
0
0
1299
1290
1300
1310
1316
1317
1326
1336
1344
1346
1349
1352
1370
1370
1371
1368
1364
1371
1382
1400
1405
1402
1399
1405
1411
1410
1410
1416
1433
1493
1563
1587
1589
1597
1252
1701
1044
1032
1696
1699
1165
1817
888
863
972
953
964
967
966
871
859
847
840
833
848
840
832
824
816
795
786
776
821
803
789
775
762
717
706
694
702
683
671
668
679
685
666
659
1250
0
478
465
464
464
463
462
461
460
459
458
460
466
466
442
443
443
444
444
444
444
440
436
432
428
386
425
428
425
422
419
416
413
439
430
423
418
415
413
411
390
398
397
396
394
392
391
390
391
406
345
342
425
446
346
458
458
458
461
468
483
330
327
325
320
328
323
889
897
1476
1476
3841
3841
1585
1585
0
0
0
0
0
0
1284
1294
1303
1311
1317
1319
1329
1339
1327
1330
1332
1335
1372
1372
1373
1370
1366
1362
1368
1365
1410
1408
1401
1405
1413
1422
1425
1427
1443
1098
1572
1606
1616
1611
1247
1678
1664
1034
1709
1725
1158
1825
883
859
956
941
950
954
952
979
857
846
839
832
856
840
832
824
816
793
783
774
821
803
789
775
762
805
708
697
686
693
674
667
660
726
670
664
658
0
615
469
468
467
466
465
464
463
462
461
461
470
453
453
444
459
457
444
444
444
441
436
432
428
424
427
423
468
422
419
416
413
437
430
425
419
417
397
394
400
399
397
396
396
394
393
392
392
414
343
425
431
419
461
461
462
464
471
488
333
331
328
325
320
328
322
3326
2995
3436
2427
2440
2268
1900
1585
0
0
0
0
0
0
1288
1292
1305
1314
1331
1329
1343
1352
1328
1331
1333
1336
1378
1378
1375
1371
1368
1364
1371
1366
1415
1415
1401
1405
1423
1434
1433
1434
1458
1512
1596
1613
1629
1636
1242
1664
1644
1036
1111
1740
1751
1768
879
855
948
935
941
945
942
964
978
871
893
861
854
840
832
824
816
825
780
807
898
773
789
775
762
723
711
699
688
680
622
667
682
662
675
669
662
656
0
0
471
470
469
468
468
467
466
465
464
483
453
453
453
459
457
445
445
444
441
437
433
428
424
426
421
417
422
419
416
413
411
432
405
402
399
397
404
402
400
399
397
397
396
394
392
394
413
358
430
437
423
462
463
465
469
483
519
334
331
329
326
320
327
322
1267
1267
1267
2427
2435
2011
2011
0
0
0
0
0
0
0
1291
1301
1310
1320
1337
1346
1355
1365
1329
1332
1334
1337
1380
1380
1380
1373
1370
1377
1374
1370
1414
1413
1403
1407
1436
1441
1437
1438
1469
1143
1099
1606
1622
1242
1673
1657
1642
1038
1107
1081
1746
1750
875
851
949
935
940
945
941
961
963
993
884
878
852
846
867
840
832
824
814
805
783
768
754
769
762
706
693
702
745
632
679
671
675
679
714
673
667
661
1236
1218
475
474
468
467
471
470
469
468
467
487
453
453
453
459
457
455
450
446
441
437
433
429
425
424
420
416
422
419
417
414
411
408
405
402
400
408
406
404
402
400
399
398
396
395
394
396
359
357
433
435
444
460
465
468
476
500
561
603
354
352
350
320
326
321
1268
1268
3415
2990
2339
2033
2045
2409
0
0
0
0
0
0
1294
1304
1305
1321
1348
1362
1379
1393
1399
1407
1386
1387
1388
1382
1382
1390
1389
1417
1414
1412
1409
1408
1406
1416
1441
1445
1445
1449
1478
1148
1603
1602
1613
1627
1647
1645
1647
1040
1711
1714
1664
1728
871
963
951
935
939
943
939
956
952
883
882
876
851
844
863
838
830
822
812
802
778
763
749
766
752
654
641
705
733
730
676
671
668
676
709
663
672
666
862
1208
1235
472
472
471
471
473
473
472
500
473
458
456
454
463
469
466
462
446
442
437
433
429
425
423
419
426
423
420
417
414
411
408
405
403
414
411
408
406
404
403
400
398
397
397
397
416
358
433
432
434
443
460
468
472
485
488
611
355
353
351
349
347
325
651
3227
3410
3858
2767
2422
2408
2403
257
255
253
251
0
0
0
1301
1305
1305
1323
1359
1374
1391
1406
1419
1433
1446
1457
1464
1465
1458
1443
1428
1419
1415
1414
1410
1406
1408
1426
1442
1444
1451
1460
1155
1152
1603
1607
1622
1646
1623
1612
1609
1064
1047
1684
1129
1129
866
960
948
934
936
940
936
949
942
953
952
873
948
867
860
836
828
819
809
788
773
758
778
763
749
652
639
627
738
735
677
670
668
672
689
701
726
744
753
765
781
839
476
475
474
1307
1158
506
476
473
459
457
455
463
461
466
463
446
442
438
434
429
426
422
418
426
423
412
409
414
411
409
396
420
415
412
410
408
407
406
408
380
401
404
429
370
357
436
434
439
447
463
471
478
504
640
355
353
352
350
348
346
344
651
3228
3420
4151
3216
3030
2336
2666
260
258
256
254
252
250
0
1306
1305
1305
1323
1364
1379
1397
1411
1424
1439
1453
1466
1473
1472
1463
1450
1432
1421
1416
1413
1411
1406
1406
1419
1434
1446
1454
1464
1243
1156
1600
1604
1281
1658
1617
1596
1090
1072
1055
1412
1125
1118
862
936
951
936
939
943
939
951
849
946
940
918
930
927
856
835
827
816
806
783
768
753
775
760
665
651
638
625
729
728
675
670
668
671
699
713
740
752
757
769
784
523
883
532
532
1305
1258
1267
476
474
471
458
456
464
461
467
450
446
443
439
436
432
429
426
429
426
423
412
410
407
412
409
396
393
390
398
395
381
378
411
413
371
368
366
462
458
451
444
442
446
454
468
477
502
512
812
354
350
348
333
331
322
318
314
0
0
0
3239
3104
3470
11802
264
261
259
257
255
253
251
0
1305
1305
1323
1367
1382
1400
1415
1428
1443
1458
1471
1490
1523
1469
1455
1434
1420
1415
1414
1413
1408
1403
1406
1422
1447
1462
1472
1216
1242
1621
1612
1282
1394
1597
1581
1098
1080
1063
1046
1116
972
952
930
957
941
944
949
942
854
843
934
875
909
920
919
941
829
814
813
865
777
763
749
772
727
663
650
637
624
733
589
672
669
668
670
694
716
673
762
759
525
787
527
513
514
514
899
1285
1290
477
474
471
469
466
464
461
459
451
447
443
440
436
433
429
426
423
427
424
413
410
408
412
409
396
393
401
398
383
380
377
375
372
370
367
365
363
467
459
452
450
454
464
477
492
534
650
1238
339
336
326
331
324
320
310
307
0
0
0
11804
11804
11805
11805
0
266
262
260
258
256
254
0
0
1323
1323
1346
1384
1400
1415
1429
1445
1461
1474
1482
1482
1474
1455
1433
1419
1414
1414
1415
1407
1400
1406
1426
1449
1472
1488
1218
1270
1625
1290
1284
1396
1570
1569
1176
1089
1071
1054
977
957
938
924
972
952
956
865
859
848
838
918
869
909
919
918
938
963
814
804
810
772
758
744
769
727
662
649
636
611
596
680
671
667
666
667
682
683
712
675
724
760
530
531
516
516
517
762
788
816
477
474
472
469
467
464
462
459
451
447
444
440
437
433
430
426
423
427
424
420
411
414
412
409
407
404
401
398
383
380
377
374
371
369
367
364
362
477
468
462
461
465
476
493
526
619
341
340
330
328
326
324
323
319
310
306
297
293
0
11804
11805
11805
11806
0
270
268
267
266
259
257
0
0
0
1352
1346
1383
1390
1412
1427
1445
1461
1347
1482
1482
1473
1451
1430
1419
1412
1411
1409
1402
1400
1406
1427
1455
1480
1496
1344
1614
1613
1291
1285
1592
1567
1572
1253
1097
1079
1062
962
942
937
918
903
888
873
859
853
916
900
898
907
905
911
908
920
817
809
804
782
767
753
754
740
727
661
647
634
613
677
673
670
667
665
666
668
697
733
747
750
766
777
532
532
532
533
529
786
794
477
475
472
470
467
465
462
460
452
448
444
441
437
434
430
427
424
427
416
413
418
415
412
400
397
404
401
387
382
379
376
372
370
368
366
360
357
468
477
472
472
478
492
523
623
343
341
339
329
327
325
314
314
318
310
306
297
294
0
11805
283
280
11807
0
0
0
271
269
268
267
0
0
0
1364
1325
1325
1390
1333
1337
1340
1344
1347
1350
1452
1446
1432
1411
1363
1360
1408
1408
1403
1404
1409
1428
1459
1484
1501
1551
1621
1603
1293
1287
1587
1569
1575
1302
1252
1087
1070
947
1100
929
912
897
882
932
964
847
904
897
890
905
857
911
906
910
920
812
803
796
762
748
750
738
728
659
646
633
614
676
673
671
667
665
664
664
661
655
613
613
745
531
532
532
532
530
529
528
733
749
475
473
470
467
465
463
502
452
448
445
441
438
434
431
427
424
428
416
413
411
416
413
400
397
393
393
386
381
379
376
372
369
368
365
359
357
475
486
481
482
490
511
614
353
343
339
337
324
321
324
314
313
310
309
306
298
294
0
0
285
282
279
0
0
0
0
0
0
0
0
0
0
1341
1325
1325
1351
1334
1337
1341
1344
1347
1350
1452
1445
1434
1369
1366
1407
1406
1406
1405
1412
1424
1440
1470
1495
1509
1359
1617
1602
1325
1321
1561
1548
1548
1315
1298
1161
1078
1100
936
922
906
974
941
928
914
900
896
892
887
902
854
911
903
900
902
810
870
793
782
741
746
734
781
658
737
632
677
677
677
675
671
667
663
660
653
638
623
638
718
811
532
532
532
531
529
528
765
767
653
473
470
468
465
505
501
497
449
445
441
438
434
431
428
424
428
417
414
411
416
413
399
396
405
382
382
381
378
375
371
368
359
353
353
353
479
492
488
489
347
345
355
861
342
340
337
324
322
319
314
313
310
308
305
298
295
302
298
287
284
281
278
0
0
0
0
0
0
0
1327
1335
1343
1325
1314
1322
1346
1346
1378
1343
1346
1358
1358
1358
1359
1359
1370
1367
1364
1362
1352
1429
1445
1455
1476
1504
1360
1592
1616
1333
1328
1310
1523
1506
1498
1490
1310
1293
1318
1318
929
914
971
963
939
923
912
900
893
891
889
898
852
918
906
898
896
811
858
850
749
840
729
741
785
657
643
631
669
672
676
677
676
673
669
667
655
653
640
665
737
836
870
509
530
528
527
526
770
659
649
635
516
512
508
504
500
496
449
446
442
438
435
565
574
425
428
417
414
419
416
413
410
408
405
382
382
382
377
375
370
367
359
353
353
353
352
496
494
349
347
345
345
343
341
340
338
324
322
320
314
313
310
308
309
307
295
303
300
289
286
283
277
275
273
0
0
0
0
0
1329
1337
1338
1307
1315
1323
1346
1346
1377
1381
1362
1363
1363
1363
1363
1363
1364
1370
1367
1365
1362
1354
1453
1457
1470
1507
1361
1597
1625
1336
1331
1305
1289
1273
1328
1474
1498
1528
1405
1022
921
907
963
953
933
917
909
899
893
891
892
898
855
931
844
904
901
810
855
847
836
834
727
747
767
655
642
663
661
664
668
674
695
659
657
655
655
655
673
672
662
711
509
508
507
505
525
524
735
661
648
633
515
460
457
503
499
495
492
446
442
551
549
555
571
594
421
417
414
407
395
414
411
396
392
382
382
381
372
369
366
366
359
353
353
353
352
499
499
371
347
634
346
344
342
341
339
337
335
320
320
321
311
312
308
306
12267
12268
301
298
288
285
279
277
275
273
271
0
0
0
1332
1340
1333
1308
1316
1324
1340
1343
1377
1380
1367
1367
1367
1368
1368
1368
1368
1404
1407
1368
1365
1374
1453
1458
1469
1507
1399
1390
1358
1339
1334
1382
1379
1381
1408
1446
1484
1506
1027
1008
914
894
956
943
923
909
903
896
891
887
885
889
898
851
845
828
887
809
793
824
746
806
725
745
728
654
641
628
654
656
661
696
731
748
685
683
755
753
756
672
668
712
508
506
505
504
515
763
751
695
647
635
463
460
457
502
498
494
491
471
546
542
543
550
564
590
422
417
402
399
396
393
389
395
392
388
383
376
373
370
366
363
363
361
359
348
504
502
456
371
369
652
353
344
348
341
339
337
335
320
320
314
311
313
310
307
4414
4417
4428
299
0
289
280
278
276
274
272
270
0
0
1367
1370
1337
1343
1349
1340
1344
1347
1385
1388
1372
1372
1372
1372
1373
1373
1373
1373
1409
1371
1379
1379
1450
1455
1466
1500
1378
1361
1358
1340
1378
1369
1360
1349
1358
1381
1403
1508
1013
995
897
889
961
934
915
903
899
893
889
886
885
891
832
852
846
840
756
808
790
747
744
843
724
709
699
677
663
646
638
610
640
647
568
559
781
787
777
785
770
710
693
669
506
505
504
515
665
603
597
753
642
632
463
461
458
455
497
461
456
439
542
546
465
463
427
425
422
419
403
400
397
394
391
387
391
388
383
376
373
370
367
364
361
360
359
510
505
502
512
372
370
368
353
351
349
347
340
346
343
341
329
314
312
309
311
308
1086
1415
4432
0
0
290
281
279
277
275
273
272
0
0
1373
1376
1380
1385
1393
1391
1392
1394
1386
1390
1394
1377
1377
1377
1377
1377
1378
1394
1395
1384
1383
1383
1432
1438
1452
1477
1357
1348
1359
1407
1370
1360
1349
1334
1333
1344
1370
1017
999
1031
892
883
951
885
908
902
895
888
885
884
883
888
902
825
786
933
758
748
830
747
737
732
719
709
700
682
639
594
595
596
601
591
570
561
793
802
787
789
772
695
653
617
634
628
593
590
600
598
593
502
498
494
464
461
458
455
465
460
456
542
544
553
464
423
421
425
422
420
405
401
398
395
392
389
385
381
386
377
373
370
367
357
354
360
359
508
507
508
521
376
640
368
369
352
349
347
345
348
344
341
329
326
313
310
319
309
1080
3779
313
0
11528
11529
289
281
279
277
275
273
0
0
0
1426
1413
1412
1402
1394
1396
1397
1391
1394
1397
1401
1408
1382
1382
1382
1397
1384
1384
1384
1395
1423
1424
1428
1438
1446
1362
1360
1395
1390
1370
1359
1349
1331
1334
1349
1378
1003
0
947
887
893
893
883
873
903
894
889
884
883
883
886
891
897
788
780
760
750
771
746
737
730
720
710
700
691
667
656
604
660
616
608
572
562
805
863
855
842
626
632
629
622
613
605
596
591
562
582
507
503
499
495
492
507
458
499
464
541
540
542
549
561
570
423
421
419
423
420
406
402
399
396
439
390
386
383
379
375
374
371
367
357
355
352
508
507
509
357
519
376
721
851
370
367
347
345
351
348
332
343
329
327
324
321
319
322
320
315
314
312
11529
11529
11530
11530
280
278
276
274
0
0
0
0
1428
1428
1428
1427
1399
1401
1397
1400
1402
1406
1408
1408
1404
1396
1378
1376
1379
1388
1400
1409
1412
1416
1425
1375
1363
1354
1343
1375
1368
1357
1348
1327
1329
1338
1362
0
958
913
901
889
891
881
871
916
893
891
885
884
883
883
884
882
886
879
762
753
743
746
737
728
720
710
700
691
673
665
648
661
653
609
600
591
583
665
866
849
626
622
615
610
607
597
587
578
575
579
587
504
500
496
493
506
502
488
528
537
537
542
556
573
426
424
422
420
536
473
407
404
400
397
394
391
421
384
380
376
364
361
364
357
355
510
506
508
360
358
371
678
375
372
370
350
347
345
342
335
332
329
330
327
325
322
323
321
313
312
310
308
6345
11531
11532
11532
0
0
0
0
0
0
0
0
1466
1444
1437
1436
1430
1395
1397
1399
1399
1376
1371
1362
1359
1360
1365
1371
1378
1391
1400
1402
1408
1412
1393
1393
1364
1335
1373
1373
1368
1357
1380
1423
1411
1335
1357
0
949
908
896
884
890
879
937
919
905
893
885
884
881
878
874
864
859
849
833
828
816
808
809
793
800
789
763
778
770
665
656
661
654
610
599
591
584
577
663
937
0
605
605
607
607
598
589
581
577
576
576
465
460
446
442
438
517
490
537
535
534
540
558
580
476
425
423
478
477
540
408
405
507
398
395
392
388
385
381
369
366
363
360
362
355
509
509
512
358
358
371
751
362
360
370
350
347
345
342
335
332
329
330
327
325
322
323
318
313
311
309
303
4039
11533
11535
11535
0
0
0
0
0
0
0
0
1640
1594
1635
1647
1397
1344
1344
1345
1345
1346
1357
1358
1356
1359
1363
1369
1375
1386
1403
1409
1396
1396
1397
1434
1407
5442
1467
1390
1367
1349
1530
1549
1544
1209
1209
921
909
904
892
880
888
950
931
920
919
898
886
886
882
882
879
867
858
847
833
831
817
803
808
787
795
787
755
767
760
665
657
661
645
611
599
592
584
577
663
661
0
608
633
616
603
606
600
594
587
488
484
466
461
447
443
439
435
471
489
486
483
534
550
567
605
477
481
480
478
421
418
406
403
399
396
393
389
386
382
374
367
365
362
359
361
512
515
536
358
362
360
358
362
360
358
350
347
341
338
338
332
329
330
328
325
322
319
317
312
311
305
301
287
285
284
0
0
0
0
0
0
0
0
0
1710
1736
1860
1858
1348
1349
1349
1350
1334
1331
1346
1352
1355
1360
1364
1372
1379
1391
1407
1405
1403
1405
1405
1403
1402
1401
1461
1450
1439
1601
1572
1530
1530
1203
1189
920
908
884
875
876
886
947
931
923
925
920
869
885
883
882
875
862
850
837
818
814
803
786
792
775
782
776
750
759
752
769
763
652
645
683
674
669
676
577
663
661
0
616
633
515
510
618
616
481
455
490
471
467
452
448
444
440
472
485
489
493
484
482
540
562
596
478
478
481
480
422
419
416
404
401
397
394
390
387
383
375
372
366
363
361
358
356
363
547
631
362
360
358
356
360
1123
351
344
341
338
335
335
332
329
327
325
320
318
316
312
310
304
301
287
285
283
279
278
277
276
0
0
0
0
0
1369
1368
1368
1367
1367
1354
1354
1344
1320
1323
1336
1347
1411
1401
1379
1380
1390
1393
1403
1401
1398
1405
1405
1398
1397
1466
1454
1443
1592
1586
778
772
0
1179
1157
902
885
876
1056
1048
900
945
935
929
937
877
870
863
884
884
877
863
851
839
819
817
806
785
797
781
797
795
758
767
758
666
679
652
686
679
672
668
668
703
664
666
669
656
522
517
513
491
488
459
456
453
488
468
453
449
445
441
437
433
492
495
483
502
534
564
606
480
480
479
434
431
420
417
415
402
399
395
392
388
384
381
374
370
367
365
358
357
355
361
359
362
360
358
356
354
350
348
343
340
337
334
334
331
328
322
319
317
316
313
310
307
304
299
286
285
283
278
278
277
276
275
0
0
0
0
1349
1289
1325
1367
1343
1341
1340
1360
1360
1361
1361
1393
1410
1401
1391
1400
1415
1407
1420
1305
1301
1298
1391
1393
1426
1428
1430
1437
1597
4756
783
777
1273
1141
1133
898
878
869
1065
1058
898
890
942
935
949
979
1023
868
885
885
878
861
846
834
809
805
793
772
781
769
784
786
763
760
740
685
693
687
683
677
673
669
667
669
636
633
658
700
524
679
515
510
490
469
458
455
458
469
464
450
419
442
438
434
430
483
497
522
533
568
630
700
426
424
420
431
428
425
422
419
407
396
400
389
385
382
378
372
369
371
363
358
364
366
364
357
354
358
356
353
350
347
342
339
337
334
333
330
328
321
318
315
314
311
309
306
301
298
286
284
282
278
277
276
276
275
0
0
1345
1351
1321
1250
1253
1272
1283
1353
1351
1350
1348
1366
1366
1399
1393
1401
1391
1416
1407
1399
1302
1299
1295
1292
1289
1381
1413
1310
1301
1627
1616
5436
788
782
776
1092
902
879
870
861
1079
903
895
888
946
937
949
969
882
861
878
875
866
849
831
819
794
788
777
761
765
759
772
779
766
764
691
684
682
674
676
676
674
669
665
664
667
635
632
644
526
735
517
512
508
471
467
464
460
470
465
423
420
417
439
435
431
441
531
527
536
567
430
428
426
422
420
417
428
425
422
419
416
404
400
397
397
393
387
377
373
372
369
367
365
362
359
356
354
351
349
346
349
346
342
339
327
324
332
329
320
318
315
314
311
309
308
303
299
297
295
284
286
278
277
276
275
0
0
0
1304
1321
1339
1230
1245
1270
1350
1364
1363
1361
1360
1381
1379
1406
1399
1400
1391
1349
1341
1299
1296
1292
1289
1286
1283
1330
1316
1307
1297
1288
1506
1538
1539
787
781
1097
898
872
863
1074
1079
900
893
885
947
942
953
966
863
856
877
875
867
850
830
820
792
787
776
759
764
758
776
704
788
675
691
681
657
650
660
673
672
665
658
653
650
648
646
631
528
523
519
514
510
473
469
466
462
459
466
424
421
418
440
436
432
442
525
534
549
438
435
428
417
415
420
417
428
425
422
419
415
404
401
397
400
393
387
377
374
372
370
368
364
361
359
356
353
351
348
346
343
346
343
328
325
322
331
323
320
317
313
312
309
308
306
302
297
295
293
295
285
284
283
0
0
0
0
1305
1322
1339
1357
1222
1235
1275
1367
1369
1372
1373
1377
1379
1418
1412
1406
1400
1350
1342
1296
1293
1290
1286
1283
1280
1277
1301
1345
1355
1293
1284
1317
1445
1506
1169
1169
1107
894
887
880
873
866
865
858
883
874
952
966
983
858
852
871
867
858
842
822
810
786
779
769
756
758
755
767
785
681
673
676
669
652
643
649
666
663
653
644
638
636
636
636
638
631
526
521
516
512
507
471
468
464
461
476
425
422
419
416
437
445
425
535
559
573
434
420
417
416
414
412
409
428
425
422
419
415
745
401
403
400
393
388
377
374
375
371
369
364
361
358
356
353
351
348
346
343
341
343
326
323
320
330
322
319
316
313
310
308
306
306
305
299
300
294
293
284
283
283
306
306
306
0
1322
1340
1358
1379
1381
1298
1386
1389
1392
1394
1397
1399
1402
1405
1407
1412
1410
1344
1293
1290
1287
1283
1280
1350
1341
1346
1347
1351
1364
1360
1378
1313
1446
1490
1183
1175
766
755
883
876
869
862
860
853
846
868
863
859
860
854
847
879
869
862
846
826
819
791
789
779
763
767
761
777
696
691
684
677
692
656
648
640
633
622
643
634
629
628
629
631
631
633
528
523
518
514
509
505
470
466
482
477
472
423
420
441
449
446
443
423
563
420
418
419
417
422
413
411
409
406
422
422
409
414
410
406
403
390
393
385
381
377
374
372
369
363
361
358
355
353
350
348
345
343
340
340
273
270
331
330
321
318
316
313
313
311
309
305
304
300
298
293
292
291
290
0
304
305
305
305
1340
0
0
1666
1404
1407
1409
1412
1415
1417
1420
1423
1426
1428
1424
1418
1402
1338
1287
1266
1348
1348
1341
1342
1342
1347
1357
1361
1374
1368
1376
1310
1404
1443
1226
1194
765
754
743
872
866
863
856
849
842
862
858
853
856
849
907
881
869
862
846
825
819
792
790
781
766
768
762
770
775
768
756
751
739
734
717
640
632
622
611
634
628
627
628
631
633
633
757
525
520
516
501
507
495
488
483
478
473
468
463
456
452
446
443
424
422
420
426
419
417
421
413
410
408
406
407
404
408
405
410
396
393
389
386
384
381
377
369
372
369
363
360
358
355
353
350
347
345
343
340
273
271
268
315
429
320
318
315
312
313
311
308
306
309
298
292
296
294
0
0
0
303
303
304
304
0
0
0
1689
1714
1824
1871
1859
1736
1725
1715
1543
1536
1529
1450
1434
1339
1332
1403
1371
1355
1353
1346
1348
1350
1368
1380
1375
1399
1388
1390
1306
1396
1367
1367
775
764
753
742
869
865
858
851
844
837
856
852
847
851
845
894
872
858
850
835
817
811
792
789
782
770
772
765
770
771
758
760
746
747
748
733
716
699
623
579
571
564
631
634
638
638
638
638
894
520
516
502
485
484
488
483
478
474
469
464
456
453
449
713
430
428
436
427
424
421
421
418
410
407
407
406
404
401
404
409
395
392
389
385
382
380
371
368
364
369
363
360
357
355
352
350
347
345
342
470
473
482
266
494
343
320
317
314
311
312
310
308
306
293
292
291
291
290
0
0
0
0
302
303
303
0
0
0
1717
1735
1822
1865
1856
1746
1735
1725
1714
1547
1540
1456
1440
1508
1459
1415
1382
1364
1360
1353
1353
1354
1367
1380
1391
1394
1395
1406
1398
1368
1392
1324
774
763
752
741
885
861
854
847
840
833
850
846
853
846
840
834
865
859
852
837
820
818
799
802
797
780
785
774
780
778
760
760
745
745
746
734
727
717
586
579
572
564
557
586
642
642
642
642
525
521
507
502
486
484
489
484
479
474
469
465
457
453
443
439
858
429
437
427
424
421
418
418
412
409
407
405
403
400
385
383
395
391
388
385
381
379
370
366
363
368
363
360
357
355
352
349
347
344
478
271
269
478
481
484
504
341
316
313
322
312
310
308
305
293
292
291
290
290
289
0
0
0
0
301
302
0
0
0
1729
1745
1822
1829
1833
1831
1745
1775
1746
1713
1686
1646
1582
1534
1483
1436
1397
1375
1366
1357
1367
1357
1362
1378
1391
1391
1399
1405
1384
1347
1341
1324
773
762
751
740
730
856
849
842
836
849
845
801
797
842
836
830
824
850
840
827
816
811
799
800
797
786
790
779
783
779
759
758
745
745
750
742
748
752
587
579
572
564
557
587
647
647
646
648
525
521
507
502
497
492
494
485
480
475
470
465
462
447
443
440
437
433
433
427
424
421
418
416
415
409
406
401
402
399
385
382
380
391
387
375
375
377
369
365
362
368
362
360
357
354
352
349
347
344
342
339
332
470
473
474
342
340
581
324
322
319
309
307
305
293
292
291
290
289
288
0
0
0
0
0
0
0
0
0
1735
1751
1839
1847
1851
1855
1832
1809
1781
1753
1738
1728
1638
1589
1536
1483
1434
1398
1383
1368
1375
1364
1369
1383
1398
1401
1402
1398
1380
1341
1323
1286
772
760
750
739
729
852
845
798
831
902
802
798
794
791
815
825
819
865
848
831
818
821
811
821
822
806
818
794
802
792
762
762
747
747
755
755
776
784
587
579
572
564
544
551
659
649
657
653
526
521
517
502
497
492
493
489
481
476
471
466
462
448
444
441
437
434
434
431
427
424
419
416
416
413
403
400
398
386
384
381
379
390
387
375
375
375
363
363
361
350
347
349
357
354
351
349
346
344
342
337
335
466
465
462
461
339
447
325
322
319
317
314
312
292
291
291
290
289
288
0
0
0
0
0
0
0
0
0
1743
1762
1869
1866
1870
1874
1867
1847
1822
1799
1790
1769
1724
1253
1253
1223
1512
1455
1414
1391
1391
1380
1383
1393
1417
1421
1408
1409
1380
1333
1298
1248
770
759
749
738
728
848
801
795
1135
803
799
795
792
788
886
813
779
869
848
830
818
824
817
833
836
819
833
799
805
790
761
758
745
745
754
766
612
603
587
579
572
550
543
537
668
661
665
665
526
521
511
502
497
493
493
489
485
454
449
445
463
449
445
442
438
435
431
431
428
424
421
414
411
408
405
400
397
398
383
380
378
389
384
375
375
375
363
363
353
349
346
349
345
354
351
349
346
344
336
335
333
457
456
462
454
442
445
325
322
319
317
314
312
310
291
290
289
289
0
291
0
0
0
0
0
0
0
0
1748
1765
1895
1932
1926
1911
1895
1878
1858
1838
1832
1825
1800
1260
1260
1230
1228
1523
1466
1436
1415
1401
1403
1413
1452
1456
1425
1425
1406
1347
1308
1230
769
758
748
737
727
804
798
792
786
800
796
793
789
785
856
811
770
771
842
826
817
820
816
832
682
674
667
659
652
796
765
768
751
759
776
619
610
601
587
579
572
549
543
537
685
688
926
911
884
522
511
506
502
498
493
489
485
455
450
446
441
450
446
443
439
436
432
430
427
425
422
414
411
408
405
395
383
381
382
379
392
389
384
375
375
375
363
363
360
349
345
346
345
354
351
348
346
336
334
333
331
454
462
471
455
337
435
325
322
320
317
315
312
310
307
0
0
290
290
290
290
0
0
0
0
0
0
0
0
1634
1807
1942
1935
1916
1883
1890
1877
1862
1857
1865
1838
1812
1267
1267
1235
1554
1495
1465
1435
1419
1429
1430
1470
1472
1441
1442
1265
1371
1327
1229
768
757
746
736
726
801
795
789
1187
797
793
790
861
890
837
813
811
802
753
746
851
732
966
685
677
670
662
655
648
833
708
786
693
778
806
617
608
599
587
579
572
548
542
536
531
739
869
539
534
522
511
506
502
498
493
489
485
456
452
447
442
459
447
443
440
436
433
431
427
424
422
414
412
409
398
395
384
381
392
390
388
388
384
381
378
375
363
363
359
355
351
347
332
353
351
348
346
343
322
320
329
459
467
312
309
336
430
325
322
320
317
315
312
310
307
0
295
289
290
290
290
290
0
0
0
0
0
0
0
1535
1667
1840
1913
1896
1873
1882
1876
1868
1868
1879
1846
1844
1787
1720
1553
1555
1500
1467
1446
1431
1439
1455
1476
1467
1291
1281
1271
1390
1382
1249
767
756
745
735
725
797
792
786
1181
794
791
787
783
780
825
816
814
805
754
747
740
733
688
680
673
665
658
650
643
842
803
704
696
688
625
616
607
598
587
579
572
547
541
535
532
1109
869
538
534
530
511
506
502
498
493
489
485
458
453
448
444
439
441
444
441
437
434
430
428
417
414
415
412
409
399
396
384
382
393
390
397
394
385
381
378
374
370
367
359
355
351
347
332
329
325
348
345
343
323
320
318
469
337
334
337
335
433
325
322
320
317
315
312
310
308
295
295
289
289
289
289
290
0
0
0
0
0
0
0
1518
1569
1728
1818
1860
1859
1860
1859
1855
1855
1871
1856
1825
1738
1615
1615
1549
1505
1470
1455
1440
1464
1463
1485
1487
1297
1287
1276
1416
1452
1426
766
755
744
734
1319
1394
789
1179
1169
792
788
784
781
838
828
818
978
809
755
748
741
734
683
676
668
661
653
646
639
0
945
892
699
692
623
614
605
596
587
579
572
546
540
534
534
527
0
538
534
499
496
506
502
498
472
467
485
471
454
449
445
440
443
439
436
438
435
432
414
410
415
412
409
409
406
396
394
396
393
390
387
394
385
382
379
375
370
367
364
355
352
347
333
329
325
322
345
343
324
321
319
316
338
335
332
335
0
0
323
320
317
315
313
310
295
295
296
288
289
289
289
289
295
295
0
0
0
0
0
1490
1528
1645
1755
1821
1828
1820
1832
1829
1828
1846
1752
1768
1726
1672
1602
1540
1468
1453
1455
1439
1455
1461
1480
1336
1304
1293
1282
1418
1446
1431
765
754
743
733
1482
1469
1469
1201
1205
1238
1325
1316
1214
1135
831
821
1011
1077
756
749
742
735
679
671
663
656
649
642
1212
0
947
947
720
782
621
612
603
595
586
579
572
565
539
533
535
528
0
537
501
498
495
506
502
477
472
467
463
462
455
451
446
442
445
442
438
440
437
433
416
412
408
405
398
395
394
390
388
385
392
390
388
376
370
367
363
376
370
367
364
356
352
347
334
330
326
322
345
342
324
322
319
317
339
336
333
330
309
307
304
302
318
315
313
310
295
296
296
296
288
288
288
289
295
295
295
0
0
0
0
1474
1515
1586
1691
1753
1798
1797
1777
1758
1795
1795
1737
1730
1688
1634
1577
1532
1519
1459
1444
1429
1461
1474
1392
1493
1468
1484
1483
1455
1490
1490
1510
753
742
732
1488
1469
1469
1227
1246
1266
1301
1404
1354
1178
1189
1137
1118
1198
1108
750
743
736
674
666
659
652
645
638
1213
0
995
995
995
900
619
610
602
593
585
579
572
565
558
551
537
529
0
537
500
497
495
645
502
478
473
468
463
462
467
459
447
451
448
444
440
437
438
434
418
414
410
403
400
397
394
391
389
386
394
390
383
378
372
368
364
361
373
367
364
357
353
347
335
331
327
323
855
855
325
322
320
317
318
336
334
331
309
307
304
302
318
315
313
310
296
296
296
296
297
294
294
294
294
294
294
0
0
0
0
1465
1488
1529
1620
1698
1766
1772
1755
1764
1755
1738
1712
1679
1638
1599
1558
1530
1541
1501
1450
1435
1487
1498
1482
1500
1465
1483
1488
1463
1466
1504
1516
752
741
1498
1497
1492
1492
1246
1256
1249
1333
1413
1378
1229
1214
1266
1303
1298
1269
1289
744
737
669
662
655
647
640
1286
1286
0
1237
1237
1215
1277
618
609
600
591
1254
1266
572
565
558
551
538
531
0
973
532
497
494
923
502
478
473
468
463
463
953
1103
458
454
450
446
442
439
435
436
420
416
412
405
402
399
396
393
390
387
395
388
385
379
376
369
366
362
359
376
372
1305
353
347
335
331
328
324
1287
1288
324
323
320
318
318
316
334
331
309
306
304
302
0
0
0
0
296
296
296
297
297
294
294
294
294
294
294
0
0
0
0
1461
1469
1511
1537
1606
1656
1669
1722
1715
1700
1677
1647
1615
1584
1561
1534
1529
1553
1519
1523
1442
1516
1517
1480
1486
1448
1462
1468
1443
1431
1391
1402
1505
1501
1500
1492
1492
1490
1483
1242
1235
1354
1423
1377
1276
1302
1421
1413
1381
1350
1388
0
0
665
657
650
643
1408
1381
1304
0
1237
1237
1265
1312
1370
607
598
590
1296
1305
1331
565
558
1346
1320
1261
0
0
0
953
920
964
1010
498
473
468
463
463
1040
1121
460
456
452
448
445
441
437
437
433
418
415
411
405
402
399
396
393
390
396
389
386
381
377
370
367
363
360
376
373
1306
1302
347
339
332
328
325
1290
1291
324
323
321
319
318
314
310
0
309
306
304
302
0
0
0
0
12128
296
297
297
297
294
294
294
294
294
294
confidence
0.09019608
-0.23921569
-0.23921569
0.39215687
0.37254903
0.34117648
0.4
-0.4627451
-0.29803923
-0.30980393
-0.32941177
-0.26666668
-0.12156863
-0.05882353
-0.023529412
-0.003921569
-0.003921569
-0.003921569
-0.003921569
-0.003921569
-0.007843138
-0.003921569
-0.003921569
-0.003921569
-0.003921569
-0.4745098
-0.003921569
-0.37254903
-0.003921569
-0.003921569
0.09803922
-0.003921569
-0.003921569
-0.003921569
-0.003921569
-0.003921569
-0.003921569
-0.003921569
-0.047058824
-0.003921569
-0.003921569
-0.003921569
-0.003921569
-0.003921569
-0.003921569
-0.16470589
-0.37254903
-0.3254902
-0.1254902
-0.007843138
-0.05490196
-0.4
0.36078432
-0.003921569
-0.41568628
-0.003921569
-0.003921569
-0.003921569
-0.003921569
-0.003921569
-0.25490198
-0.30980393
-0.003921569
-0.003921569
-0.003921569
-0.003921569
-0.003921569
-0.32941177
0.36862746
0.32156864
0.3254902
0.29803923
0.2
0.09803922
0.09803922
0.09803922
0.09803922
0.09019608
0.3882353
-0.31764707
-0.05490196
-0.023529412
-0.003921569
-0.003921569
-0.003921569
-0.003921569
-0.003921569
-0.003921569
-0.003921569
-0.003921569
-0.003921569
-0.003921569
-0.003921569
-0.003921569
-0.003921569
-0.003921569
-0.003921569
-0.003921569
-0.003921569
-0.003921569
-0.003921569
-0.043137256
-0.003921569
-0.003921569
-0.08627451
-0.06666667
-0.09803922
-0.019607844
-0.015686275
-0.11764706
-0.22745098
-0.25490198
-0.3882353
-0.13725491
-0.4509804
-0.28235295
-0.43137255
-0.3647059
-0.36078432
-0.3019608
0.4
-0.46666667
-0.4392157
0.39215687
-0.44705883
-0.5019608
0.011764706
-0.3882353
-0.4745098
0.05882353
0.07058824
0.07058824
0.05882353
0.0
-0.16078432
0.3764706
0.08235294
0.007843138
0.36078432
0.29411766
-0.003921569
0.30588236
0.32156864
-0.36862746
0.0627451
0.0627451
0.0627451
0.09019608
0.09803922
0.09803922
-0.003921569
0.21176471
0.26666668
0.31764707
0.21568628
0.05882353
0.011764706
0.003921569
0.0
0.0
0.09019608
0.09019608
0.101960786
0.40784314
0.49803922
-0.41568628
-0.34901962
-0.31764707
-0.29803923
-0.27058825
-0.23921569
-0.18039216
-0.08235294
-0.003921569
-0.003921569
-0.003921569
-0.003921569
-0.003921569
-0.003921569
-0.003921569
-0.07058824
-0.003921569
-0.003921569
-0.003921569
-0.003921569
-0.39215687
-0.22352941
0.3254902
-0.003921569
0.09803922
0.09803922
-0.003921569
-0.003921569
-0.003921569
-0.003921569
-0.003921569
-0.003921569
-0.17254902
-0.003921569
-0.003921569
-0.003921569
-0.003921569
-0.003921569
-0.003921569
-0.003921569
-0.07450981
-0.28627452
-0.34509805
-0.16078432
-0.003921569
-0.21568628
-0.3764706
0.41960785
-0.003921569
-0.38039216
-0.003921569
-0.003921569
-0.003921569
-0.003921569
-0.1882353
0.4392157
0.3372549
-0.2627451
-0.003921569
-0.003921569
-0.16470589
-0.43529412
0.34901962
0.03529412
0.03529412
0.0
0.007843138
0.003921569
0.09803922
0.09803922
0.31764707
0.49411765
-0.36078432
-0.2
-0.09019608
-0.003921569
-0.003921569
-0.003921569
-0.003921569
-0.003921569
-0.003921569
-0.003921569
-0.003921569
-0.003921569
-0.003921569
-0.003921569
-0.003921569
-0.003921569
-0.003921569
-0.003921569
-0.003921569
-0.003921569
-0.003921569
-0.003921569
-0.003921569
-0.003921569
-0.05490196
-0.05882353
-0.003921569
-0.078431375
-0.09411765
-0.003921569
-0.003921569
-0.09019608
-0.21176471
-0.19607843
-0.10980392
-0.40392157
-0.28627452
-0.08235294
-0.29803923
-0.17254902
-0.43137255
-0.44313726
-0.2784314
-0.42352942
-0.49803922
-0.3019608
-0.4
-0.32156864
-0.34509805
-0.3882353
-0.29411766
-0.3254902
-0.49019608
0.45882353
0.35686275
0.47058824
0.0627451
0.011764706
0.03137255
-0.20784314
0.03137255
0.27450982
-0.003921569
-0.36862746
-0.36862746
-0.36862746
0.3529412
0.0627451
0.0627451
-0.003921569
0.09019608
0.09803922
0.30588236
-0.003921569
0.18431373
0.34901962
0.3647059
0.22352941
0.0
0.0
0.0
0.0
0.0
0.078431375
0.078431375
0.09019608
0.43137255
-0.49411765
-0.41960785
-0.36078432
-0.3254902
-0.29803923
-0.23921569
-0.18431373
-0.17254902
-0.12156863
-0.003921569
-0.003921569
-0.003921569
-0.003921569
-0.003921569
-0.003921569
-0.003921569
-0.039215688
-0.003921569
-0.003921569
-0.003921569
-0.09803922
-0.44313726
-0.22352941
-0.003921569
-0.03137255
0.09803922
-0.003921569
-0.003921569
-0.003921569
-0.003921569
-0.33333334
-0.003921569
-0.003921569
-0.050980393
-0.003921569
-0.003921569
-0.003921569
-0.003921569
-0.003921569
-0.003921569
-0.003921569
-0.02745098
-0.2901961
-0.33333334
-0.14509805
-0.003921569
-0.17254902
-0.35686275
0.37254903
-0.003921569
-0.39215687
-0.003921569
-0.003921569
-0.003921569
-0.003921569
-0.40392157
0.3882353
0.09803922
0.47843137
-0.39215687
-0.44705883
0.3529412
0.03137255
0.03529412
0.03529412
0.03529412
0.07450981
0.07450981
0.22745098
0.44313726
-0.44705883
-0.3529412
-0.21568628
-0.105882354
-0.03529412
-0.003921569
-0.003921569
-0.003921569
-0.003921569
-0.003921569
-0.003921569
-0.003921569
-0.003921569
-0.003921569
-0.003921569
-0.003921569
-0.003921569
-0.003921569
-0.003921569
-0.003921569
-0.003921569
-0.003921569
-0.003921569
-0.003921569
-0.003921569
-0.003921569
-0.003921569
-0.08627451
-0.14509805
-0.14901961
-0.13333334
-0.09411765
-0.047058824
-0.003921569
-0.03137255
-0.003921569
-0.08235294
-0.11764706
-0.003921569
-0.18431373
-0.08235294
-0.21960784
-0.25882354
-0.36862746
-0.40392157
-0.2627451
-0.3137255
-0.37254903
-0.3137255
-0.25882354
-0.12156863
-0.23921569
-0.16078432
-0.25490198
-0.105882354
-0.2627451
-0.25882354
-0.2784314
0.48235294
-0.41960785
-0.3882353
-0.23137255
-0.3882353
0.050980393
0.003921569
0.0627451
0.0627451
0.0627451
-0.36862746
-0.36862746
0.003921569
-0.003921569
0.09019608
0.0
0.0
0.09803922
0.09803922
0.31764707
0.39215687
0.3137255
0.22352941
0.007843138
0.007843138
0.0
0.0
0.0
0.039215688
0.039215688
0.05490196
0.4392157
-0.49411765
-0.43529412
-0.39215687
-0.35686275
-0.3137255
-0.25490198
-0.19215687
-0.19607843
-0.14901961
-0.06666667
-0.003921569
-0.003921569
-0.003921569
-0.003921569
-0.003921569
-0.003921569
-0.003921569
-0.003921569
-0.003921569
-0.003921569
-0.2
-0.45490196
0.09803922
0.49803922
-0.003921569
-0.003921569
-0.003921569
-0.003921569
-0.003921569
-0.3254902
-0.23529412
-0.003921569
-0.003921569
-0.003921569
-0.003921569
-0.18431373
-0.14509805
-0.003921569
-0.003921569
-0.003921569
-0.003921569
-0.047058824
-0.32156864
-0.34509805
-0.17254902
-0.07450981
-0.18431373
-0.3764706
0.39215687
-0.003921569
0.2784314
-0.003921569
-0.003921569
-0.003921569
-0.003921569
-0.39215687
0.3019608
0.09803922
0.015686275
0.29411766
0.23921569
0.09019608
0.03137255
0.03137255
0.03529412
0.03529412
0.07450981
-0.32941177
-0.43137255
-0.11372549
-0.07450981
-0.02745098
-0.05882353
-0.003921569
-0.003921569
-0.003921569
-0.003921569
-0.003921569
-0.003921569
-0.003921569
-0.003921569
-0.003921569
-0.003921569
-0.003921569
-0.003921569
-0.003921569
-0.003921569
-0.003921569
-0.003921569
-0.003921569
-0.003921569
-0.003921569
-0.07058824
-0.015686275
-0.078431375
-0.08627451
-0.08235294
-0.15294118
-0.19215687
-0.20784314
-0.2
-0.17254902
-0.16862746
-0.09803922
-0.11764706
-0.003921569
-0.003921569
-0.05882353
-0.21568628
-0.08235294
-0.05882353
-0.003921569
-0.16078432
-0.28235295
-0.36862746
-0.26666668
-0.31764707
-0.23921569
-0.22352941
-0.05490196
-0.05882353
-0.023529412
-0.07450981
-0.003921569
-0.0627451
-0.011764706
-0.003921569
-0.17254902
-0.3529412
-0.3764706
-0.12156863
-0.25882354
-0.3882353
-0.40392157
0.12156863
0.20784314
0.2
0.101960786
0.0
0.0627451
0.023529412
0.02745098
0.039215688
0.0
0.0
0.09803922
0.16470589
0.4
0.31764707
0.23921569
0.20784314
0.007843138
0.011764706
0.0
0.0
0.0
0.039215688
0.039215688
0.05490196
0.41568628
0.47843137
-0.4745098
-0.43529412
-0.4
-0.34509805
-0.28235295
-0.23137255
0.07450981
0.07450981
-0.12156863
-0.003921569
-0.003921569
-0.003921569
-0.003921569
-0.003921569
-0.003921569
-0.003921569
-0.003921569
0.07450981
0.07450981
-0.23137255
0.4862745
0.09803922
0.42352942
0.09803922
0.09803922
0.09803922
-0.003921569
-0.003921569
-0.34901962
-0.003921569
-0.003921569
-0.003921569
-0.003921569
-0.003921569
-0.03137255
-0.45882353
-0.37254903
-0.003921569
-0.003921569
-0.003921569
-0.11764706
-0.29803923
-0.32941177
-0.21960784
-0.17254902
-0.26666668
-0.44313726
0.48235294
0.46666667
0.31764707
-0.07058824
-0.14509805
-0.43137255
-0.20392157
-0.49411765
0.09803922
0.0
0.05882353
0.0
0.0
0.0
0.02745098
0.03137255
0.3529412
-0.32941177
-0.1764706
-0.02745098
-0.003921569
-0.003921569
-0.003921569
-0.003921569
-0.003921569
-0.003921569
-0.003921569
-0.003921569
-0.003921569
-0.003921569
-0.003921569
-0.003921569
-0.003921569
-0.003921569
-0.003921569
-0.003921569
-0.003921569
-0.003921569
-0.003921569
-0.003921569
-0.003921569
-0.003921569
-0.003921569
-0.07450981
-0.23921569
-0.17254902
-0.22745098
-0.09803922
-0.1254902
-0.14117648
-0.19607843
-0.16470589
-0.23921569
-0.23529412
-0.24313726
-0.16470589
-0.08627451
-0.07058824
-0.050980393
-0.15294118
-0.007843138
-0.039215688
-0.02745098
-0.20392157
-0.003921569
-0.21960784
-0.09803922
-0.2
-0.2784314
-0.09411765
-0.19215687
-0.003921569
-0.003921569
-0.03529412
-0.003921569
-0.003921569
-0.003921569
-0.03137255
-0.003921569
-0.003921569
-0.03529412
-0.07058824
-0.003921569
-0.08627451
-0.37254903
-0.4509804
0.3372549
-0.21568628
0.15686275
0.24313726
0.39215687
0.41960785
0.05882353
0.007843138
0.29803923
0.14117648
0.03137255
0.03529412
0.015686275
0.3882353
0.3372549
0.2901961
0.023529412
0.039215688
0.043137256
0.007843138
0.0
0.0
0.039215688
0.039215688
0.047058824
0.3529412
0.40392157
0.45882353
-0.49411765
-0.44705883
-0.44705883
0.48235294
-0.39215687
-0.28235295
-0.40784314
-0.15686275
-0.003921569
-0.003921569
-0.003921569
-0.003921569
-0.003921569
-0.003921569
-0.003921569
-0.003921569
0.08627451
0.05882353
-0.003921569
-0.3372549
-0.003921569
0.41568628
0.09803922
0.09803922
-0.003921569
-0.05882353
-0.19215687
-0.3647059
-0.003921569
-0.003921569
-0.003921569
-0.003921569
-0.003921569
-0.003921569
-0.003921569
-0.003921569
-0.003921569
-0.003921569
-0.06666667
-0.11764706
-0.22352941
-0.25882354
-0.21960784
-0.22352941
-0.3529412
0.45490196
0.42745098
-0.003921569
0.44313726
-0.07450981
-0.14117648
-0.2627451
-0.34509805
0.3647059
0.09803922
0.09803922
0.0
0.0
0.015686275
0.015686275
0.019607844
-0.06666667
0.47058824
-0.02745098
-0.003921569
-0.003921569
-0.003921569
-0.003921569
-0.003921569
-0.003921569
-0.003921569
-0.003921569
-0.003921569
-0.003921569
-0.003921569
-0.003921569
-0.003921569
-0.003921569
-0.003921569
-0.003921569
-0.003921569
-0.003921569
-0.003921569
-0.003921569
-0.003921569
-0.003921569
-0.08627451
-0.003921569
-0.003921569
-0.09803922
-0.19607843
-0.1882353
-0.16862746
-0.078431375
-0.09803922
-0.07058824
-0.14509805
-0.16078432
-0.050980393
-0.06666667
-0.14509805
-0.09019608
-0.003921569
-0.16078432
-0.1882353
-0.06666667
-0.003921569
-0.003921569
-0.003921569
-0.078431375
-0.23529412
-0.14117648
-0.19215687
-0.3372549
-0.1254902
-0.12941177
-0.019607844
-0.003921569
-0.003921569
-0.003921569
-0.003921569
-0.003921569
-0.003921569
-0.003921569
-0.003921569
-0.003921569
-0.003921569
-0.003921569
-0.015686275
-0.19215687
-0.19607843
-0.24705882
-0.2901961
-0.3137255
0.38039216
0.39215687
0.12941177
0.27450982
0.06666667
0.0627451
0.019607844
0.023529412
0.3764706
0.43137255
0.22745098
0.34509805
0.09019608
0.21568628
0.18039216
0.019607844
0.09019608
0.03529412
0.0
0.0
0.039215688
0.039215688
0.02745098
0.24705882
0.28627452
0.33333334
0.39607844
0.46666667
0.4392157
0.21176471
0.3764706
-0.41568628
0.35686275
-0.22352941
-0.050980393
-0.003921569
-0.003921569
-0.003921569
-0.003921569
-0.003921569
-0.003921569
-0.003921569
0.09803922
0.05882353
0.09803922
-0.37254903
0.3647059
0.023529412
0.0
-0.42352942
0.4509804
0.06666667
-0.003921569
-0.003921569
-0.15686275
-0.003921569
-0.003921569
-0.003921569
-0.003921569
-0.003921569
-0.003921569
0.3137255
-0.003921569
-0.003921569
-0.07058824
-0.12156863
-0.18431373
-0.1882353
-0.1882353
-0.2
-0.40392157
0.3882353
0.34117648
-0.003921569
0.39607844
-0.3137255
0.47843137
-0.37254903
0.4862745
0.0
0.011764706
0.09803922
0.0
0.0
0.015686275
0.015686275
0.14901961
-0.48235294
-0.03529412
-0.003921569
-0.003921569
-0.003921569
-0.003921569
-0.003921569
-0.003921569
-0.003921569
-0.003921569
-0.003921569
-0.003921569
-0.003921569
-0.003921569
-0.003921569
-0.003921569
-0.003921569
-0.003921569
-0.003921569
-0.003921569
-0.003921569
-0.003921569
-0.003921569
-0.003921569
-0.003921569
-0.003921569
-0.003921569
-0.003921569
-0.003921569
-0.023529412
-0.08235294
-0.003921569
-0.003921569
-0.003921569
-0.003921569
-0.015686275
-0.09019608
-0.003921569
-0.003921569
-0.003921569
-0.003921569
-0.003921569
-0.039215688
-0.011764706
-0.03529412
-0.003921569
-0.003921569
-0.003921569
-0.101960786
-0.39215687
-0.050980393
-0.22745098
-0.30980393
-0.003921569
-0.105882354
-0.09019608
-0.07450981
-0.003921569
-0.003921569
-0.003921569
-0.003921569
-0.003921569
-0.003921569
-0.003921569
-0.09411765
-0.14509805
-0.003921569
-0.003921569
-0.12941177
-0.12941177
-0.1764706
-0.19215687
-0.32941177
-0.39607844
0.36862746
0.24705882
0.49803922
0.23137255
0.20784314
0.15294118
0.06666667
0.050980393
0.043137256
0.34901962
-0.22745098
0.0
0.0
0.007843138
0.0627451
0.0
0.0
0.0
0.0
0.40392157
0.40392157
0.40392157
0.18039216
0.019607844
0.24313726
0.2901961
0.36862746
0.047058824
0.05882353
-0.36078432
-0.39607844
0.09803922
0.09803922
0.09803922
0.09803922
0.09803922
-0.003921569
-0.003921569
-0.003921569
-0.003921569
-0.003921569
-0.003921569
0.09803922
0.09803922
-0.4392157
0.38431373
0.15686275
0.039215688
0.06666667
0.06666667
0.06666667
0.06666667
0.06666667
-0.3137255
-0.003921569
-0.003921569
-0.003921569
-0.003921569
-0.003921569
-0.003921569
-0.105882354
-0.003921569
-0.003921569
-0.08627451
-0.1764706
-0.22352941
-0.20392157
-0.19215687
-0.14509805
-0.40784314
0.40784314
0.4117647
-0.003921569
-0.003921569
0.43529412
0.45490196
-0.43529412
0.09803922
0.03137255
0.003921569
0.02745098
0.0
0.0
0.02745098
0.1764706
0.42352942
-0.14901961
-0.003921569
-0.003921569
-0.003921569
-0.003921569
-0.003921569
-0.003921569
-0.003921569
-0.003921569
-0.003921569
-0.003921569
-0.003921569
-0.003921569
-0.003921569
-0.003921569
-0.003921569
-0.003921569
-0.003921569
-0.003921569
-0.003921569
-0.003921569
-0.003921569
-0.003921569
-0.003921569
-0.003921569
-0.003921569
-0.003921569
-0.003921569
-0.003921569
-0.003921569
-0.003921569
-0.003921569
-0.003921569
-0.003921569
-0.003921569
-0.003921569
-0.003921569
-0.003921569
-0.003921569
-0.003921569
-0.003921569
-0.003921569
-0.06666667
-0.0627451
-0.003921569
-0.003921569
-0.05882353
-0.003921569
-0.2509804
-0.2509804
-0.16470589
-0.34509805
-0.043137256
-0.1254902
-0.105882354
-0.05490196
-0.14509805
-0.003921569
-0.003921569
-0.003921569
-0.003921569
-0.003921569
-0.007843138
-0.003921569
-0.019607844
-0.003921569
-0.12941177
-0.10980392
-0.09019608
-0.039215688
-0.003921569
-0.09019608
-0.25490198
-0.36862746
0.3254902
0.35686275
0.29803923
0.2627451
0.4627451
0.21176471
0.15686275
-0.40392157
0.039215688
0.03137255
0.003921569
0.05882353
0.03137255
0.03529412
0.105882354
0.02745098
0.0
0.0
0.0
0.039215688
0.039215688
0.039215688
0.21568628
0.24313726
0.2627451
0.28627452
0.34117648
0.043137256
0.050980393
0.047058824
0.039215688
0.09803922
0.09803922
0.09803922
0.09803922
0.09803922
-0.003921569
-0.003921569
-0.003921569
-0.003921569
-0.003921569
-0.003921569
0.09803922
-0.19215687
-0.019607844
-0.34901962
0.39215687
0.1882353
0.09411765
0.33333334
0.33333334
0.09411765
0.03529412
0.09803922
0.09803922
0.09803922
0.09803922
-0.11372549
-0.003921569
-0.003921569
-0.003921569
-0.003921569
-0.039215688
-0.16470589
-0.24705882
-0.28235295
-0.25882354
-0.21568628
-0.15686275
-0.3764706
0.48235294
0.09803922
-0.003921569
-0.003921569
-0.003921569
0.3019608
0.28627452
0.19607843
0.0
0.0
0.02745098
0.02745098
0.015686275
0.1764706
0.3529412
-0.2627451
-0.003921569
-0.003921569
-0.003921569
-0.003921569
-0.003921569
-0.003921569
-0.003921569
-0.003921569
-0.003921569
-0.003921569
-0.003921569
-0.003921569
-0.003921569
-0.003921569
-0.003921569
-0.003921569
-0.003921569
-0.003921569
-0.003921569
-0.003921569
-0.003921569
-0.003921569
-0.003921569
-0.003921569
-0.003921569
-0.003921569
-0.003921569
-0.003921569
-0.003921569
-0.003921569
-0.003921569
-0.003921569
-0.003921569
-0.003921569
-0.003921569
-0.003921569
-0.003921569
-0.003921569
-0.003921569
-0.003921569
-0.003921569
-0.003921569
-0.003921569
-0.003921569
-0.003921569
-0.003921569
-0.003921569
-0.003921569
-0.11764706
-0.047058824
-0.16078432
-0.21568628
-0.003921569
-0.08235294
-0.10980392
-0.003921569
-0.16078432
-0.003921569
-0.019607844
-0.003921569
-0.003921569
-0.003921569
-0.003921569
-0.003921569
-0.003921569
-0.050980393
-0.05882353
-0.003921569
-0.15294118
-0.19215687
-0.11372549
-0.08627451
-0.18039216
-0.26666668
0.25882354
-0.4117647
0.4
0.35686275
-0.4627451
0.42745098
-0.4117647
-0.49411765
0.17254902
0.03137255
0.015686275
0.011764706
0.003921569
0.03137255
0.10980392
0.050980393
0.0
0.0
0.0
0.039215688
0.039215688
0.039215688
0.27058825
0.29803923
0.31764707
0.3372549
0.3764706
0.4117647
0.4
0.02745098
0.019607844
0.011764706
0.019607844
0.09803922
0.09803922
-0.28235295
-0.003921569
-0.003921569
-0.37254903
0.4392157
-0.003921569
-0.003921569
0.09803922
-0.07450981
-0.003921569
-0.08235294
-0.38039216
0.4117647
0.03137255
0.03137255
0.03137255
0.33333334
0.33333334
0.1254902
0.15294118
-0.16862746
-0.16862746
0.09803922
-0.47843137
-0.31764707
-0.043137256
-0.05490196
-0.19607843
-0.3137255
-0.36862746
-0.38039216
-0.33333334
-0.27450982
-0.22352941
-0.32941177
-0.43529412
-0.49019608
-0.003921569
-0.003921569
0.16078432
0.039215688
0.039215688
0.039215688
0.007843138
0.019607844
0.02745098
0.28235295
0.14117648
0.37254903
-0.33333334
-0.011764706
-0.003921569
-0.003921569
-0.003921569
-0.003921569
-0.003921569
-0.003921569
-0.003921569
-0.003921569
-0.003921569
-0.003921569
-0.003921569
-0.003921569
-0.003921569
-0.003921569
-0.003921569
-0.003921569
-0.003921569
-0.003921569
-0.003921569
-0.003921569
-0.003921569
-0.003921569
-0.003921569
-0.003921569
-0.003921569
-0.003921569
-0.003921569
-0.003921569
-0.003921569
-0.003921569
-0.003921569
-0.003921569
-0.003921569
-0.003921569
-0.003921569
-0.003921569
-0.003921569
-0.003921569
-0.003921569
-0.003921569
-0.003921569
-0.003921569
-0.003921569
-0.003921569
-0.003921569
-0.003921569
-0.003921569
-0.003921569
-0.003921569
-0.07058824
-0.003921569
-0.003921569
-0.003921569
-0.003921569
-0.08235294
-0.050980393
-0.1254902
-0.34117648
-0.047058824
-0.03137255
-0.003921569
-0.003921569
-0.003921569
-0.050980393
-0.011764706
-0.003921569
-0.105882354
-0.09019608
-0.09803922
-0.1882353
-0.13333334
-0.23137255
-0.21176471
-0.29803923
0.3529412
0.44313726
-0.4392157
-0.30980393
-0.34117648
-0.4627451
-0.4745098
0.32941177
0.44705883
0.3764706
0.015686275
0.011764706
0.0
0.0
0.007843138
0.0
0.0
0.0
0.0
0.039215688
0.039215688
0.011764706
0.26666668
0.29411766
0.31764707
0.34509805
0.38039216
0.38039216
0.3137255
0.12941177
0.28627452
0.34901962
0.39215687
-0.49411765
-0.44313726
-0.46666667
-0.08235294
-0.003921569
-0.07450981
-0.16470589
-0.003921569
-0.003921569
-0.003921569
-0.003921569
-0.003921569
-0.003921569
-0.23529412
-0.41960785
0.4392157
0.3764706
0.35686275
0.05490196
0.05490196
-0.41960785
0.08235294
0.08235294
-0.16862746
-0.16862746
0.09803922
0.36078432
-0.3882353
-0.32941177
-0.4117647
-0.49411765
0.47843137
0.48235294
-0.47058824
-0.44313726
-0.4
-0.40784314
-0.4627451
0.28627452
0.24313726
0.0
0.12941177
0.039215688
0.039215688
0.039215688
0.039215688
0.011764706
0.02745098
0.28235295
-0.5019608
-0.24705882
-0.09411765
-0.003921569
-0.003921569
-0.003921569
-0.003921569
-0.003921569
-0.003921569
-0.003921569
-0.003921569
-0.003921569
-0.003921569
-0.003921569
-0.003921569
-0.003921569
-0.003921569
-0.003921569
-0.003921569
-0.003921569
-0.003921569
-0.003921569
-0.003921569
-0.003921569
-0.003921569
-0.003921569
-0.003921569
-0.003921569
-0.003921569
-0.003921569
-0.003921569
-0.003921569
-0.003921569
-0.003921569
-0.003921569
-0.003921569
-0.003921569
-0.003921569
-0.003921569
-0.003921569
-0.003921569
-0.003921569
-0.003921569
-0.003921569
-0.003921569
-0.003921569
-0.003921569
-0.003921569
-0.003921569
-0.003921569
-0.003921569
-0.003921569
-0.003921569
-0.003921569
-0.003921569
-0.003921569
-0.003921569
-0.019607844
-0.039215688
-0.23921569
-0.1882353
-0.34901962
-0.3882353
-0.1764706
-0.07058824
-0.101960786
-0.09803922
-0.16078432
-0.28235295
-0.03529412
-0.043137256
-0.11764706
-0.18039216
-0.23137255
-0.2627451
-0.30588236
-0.29411766
-0.43529412
-0.42745098
-0.34901962
-0.40784314
-0.27450982
-0.34509805
-0.20784314
-0.48235294
0.37254903
0.12941177
0.015686275
0.003921569
0.011764706
0.0
0.0627451
0.003921569
0.0
0.0
0.0
0.0
0.0
0.33333334
0.33333334
0.21568628
0.23137255
0.25882354
0.29411766
0.3254902
0.32941177
0.3254902
0.3254902
0.37254903
0.44313726
-0.49019608
-0.39215687
-0.25490198
-0.06666667
-0.003921569
-0.003921569
-0.003921569
-0.003921569
-0.003921569
-0.003921569
-0.003921569
-0.003921569
-0.003921569
-0.05490196
-0.2509804
-0.3647059
-0.49803922
0.43137255
0.42745098
0.41960785
0.41960785
0.36078432
-0.41960785
0.08235294
0.08235294
-0.16862746
-0.14901961
0.09803922
0.09803922
0.32941177
0.09803922
0.023529412
0.023529412
0.28627452
0.08627451
0.047058824
0.047058824
0.047058824
0.047058824
0.27058825
0.21176471
0.03137255
0.023529412
0.07058824
0.039215688
0.039215688
0.039215688
0.039215688
0.28235295
0.4627451
-0.09019608
-0.003921569
-0.003921569
-0.003921569
-0.003921569
-0.003921569
-0.003921569
-0.003921569
-0.003921569
-0.003921569
-0.003921569
-0.003921569
-0.003921569
-0.003921569
-0.003921569
-0.003921569
-0.003921569
-0.003921569
-0.003921569
-0.003921569
-0.003921569
-0.003921569
-0.003921569
-0.003921569
-0.003921569
-0.003921569
-0.003921569
-0.003921569
-0.003921569
-0.003921569
-0.003921569
-0.003921569
-0.003921569
-0.003921569
-0.003921569
-0.003921569
-0.003921569
-0.003921569
-0.003921569
-0.003921569
-0.003921569
-0.003921569
-0.003921569
-0.003921569
-0.003921569
-0.003921569
-0.003921569
-0.003921569
-0.003921569
-0.003921569
-0.003921569
-0.003921569
-0.003921569
-0.11372549
-0.16862746
-0.003921569
-0.003921569
-0.06666667
-0.003921569
-0.23529412
-0.2509804
-0.32941177
-0.38431373
-0.34901962
-0.12156863
-0.25882354
-0.20392157
-0.2627451
0.078431375
0.09411765
-0.09019608
-0.019607844
-0.36862746
-0.39215687
-0.32941177
-0.43137255
-0.36862746
-0.19607843
-0.28235295
-0.29803923
-0.4
-0.48235294
0.49019608
-0.2784314
-0.40784314
0.49019608
0.25490198
0.015686275
0.003921569
0.0
0.13725491
0.03529412
0.0
0.0
0.0
0.0
0.0
0.33333334
0.33333334
0.33333334
0.18039216
0.1764706
0.19607843
0.23137255
0.09803922
0.09803922
0.09803922
0.3019608
0.35686275
0.42352942
-0.49411765
-0.38431373
-0.24705882
-0.09803922
-0.003921569
-0.003921569
-0.003921569
-0.003921569
-0.003921569
-0.003921569
-0.003921569
-0.003921569
-0.003921569
-0.09411765
-0.26666668
-0.39215687
0.49019608
0.4392157
0.43529412
0.42745098
0.43137255
0.36862746
0.4117647
0.4117647
0.3529412
0.3529412
0.19215687
0.20392157
0.23529412
-0.003921569
-0.003921569
-0.003921569
0.019607844
0.37254903
0.37254903
0.49803922
0.49803922
0.047058824
0.047058824
0.0
0.003921569
0.039215688
0.050980393
0.06666667
0.06666667
0.02745098
0.039215688
0.39215687
-0.3529412
-0.11372549
-0.003921569
-0.003921569
-0.003921569
-0.003921569
-0.003921569
-0.003921569
-0.003921569
-0.003921569
-0.003921569
-0.003921569
-0.003921569
-0.003921569
-0.003921569
-0.003921569
-0.003921569
-0.003921569
-0.003921569
-0.003921569
-0.003921569
-0.003921569
-0.003921569
-0.003921569
-0.003921569
-0.003921569
-0.003921569
-0.003921569
-0.003921569
-0.003921569
-0.003921569
-0.003921569
-0.003921569
-0.003921569
-0.003921569
-0.003921569
-0.003921569
-0.003921569
-0.003921569
-0.003921569
-0.003921569
-0.003921569
-0.003921569
-0.003921569
-0.003921569
-0.003921569
-0.003921569
-0.003921569
-0.003921569
-0.003921569
-0.003921569
-0.003921569
-0.003921569
-0.003921569
-0.003921569
-0.003921569
-0.18039216
-0.27058825
-0.003921569
-0.003921569
-0.07058824
-0.16078432
-0.10980392
-0.34509805
-0.45882353
0.4862745
-0.43137255
0.4509804
0.3882353
0.3254902
-0.19215687
-0.33333334
-0.0627451
-0.4
-0.38431373
0.46666667
-0.07450981
0.38039216
-0.5019608
-0.48235294
-0.43137255
0.17254902
0.47058824
-0.38431373
0.3137255
-0.4627451
-0.41960785
0.38039216
0.13725491
0.015686275
0.0
0.0
0.043137256
0.0
0.0
0.003921569
0.0
0.0
0.0
0.03137255
0.03137255
0.03137255
0.19607843
0.18431373
0.09803922
0.09803922
0.09803922
0.09803922
0.08235294
0.25490198
0.3019608
0.3647059
0.44313726
-0.4627451
-0.3529412
-0.2509804
-0.19215687
-0.06666667
-0.003921569
-0.003921569
-0.003921569
-0.003921569
-0.003921569
-0.003921569
-0.003921569
-0.078431375
-0.27450982
-0.40784314
0.46666667
0.4117647
0.40784314
0.39215687
0.39215687
0.34117648
0.039215688
0.30588236
0.3529412
0.3529412
0.19215687
0.19215687
0.23529412
0.23529412
0.23529412
0.37254903
0.37254903
0.32156864
0.3372549
0.31764707
-0.003921569
0.49803922
0.49803922
0.0
0.0
0.0
0.03137255
0.03137255
0.06666667
0.02745098
0.30588236
-0.44313726
-0.003921569
-0.003921569
-0.003921569
-0.003921569
-0.003921569
-0.003921569
-0.003921569
-0.003921569
-0.003921569
-0.003921569
-0.003921569
-0.003921569
-0.003921569
-0.003921569
-0.003921569
-0.003921569
-0.003921569
-0.003921569
-0.003921569
-0.003921569
-0.003921569
-0.003921569
-0.003921569
-0.003921569
-0.003921569
-0.003921569
-0.003921569
-0.003921569
-0.003921569
-0.003921569
-0.003921569
-0.003921569
-0.003921569
-0.003921569
-0.003921569
-0.003921569
-0.003921569
-0.003921569
-0.003921569
-0.003921569
-0.003921569
-0.003921569
-0.003921569
-0.003921569
-0.003921569
-0.003921569
-0.003921569
-0.003921569
-0.003921569
-0.003921569
-0.003921569
-0.003921569
-0.003921569
-0.003921569
-0.003921569
-0.003921569
-0.003921569
-0.14117648
-0.043137256
-0.019607844
-0.16470589
-0.17254902
-0.25490198
-0.14901961
-0.38431373
0.44705883
0.44705883
-0.19215687
-0.43529412
-0.43529412
-0.43529412
-0.33333334
-0.4509804
-0.35686275
-0.3019608
-0.34117648
-0.34117648
0.4117647
-0.27450982
0.4392157
0.41960785
-0.34509805
-0.3764706
-0.3372549
-0.3764706
-0.4745098
-0.43529412
-0.43529412
-0.43529412
0.007843138
0.0
0.03529412
0.043137256
0.043137256
0.07450981
0.003921569
0.0
0.0
0.0
0.047058824
0.047058824
0.047058824
0.24705882
0.2509804
0.23529412
0.23921569
0.08235294
0.078431375
0.08235294
0.08235294
0.08235294
0.25882354
0.28235295
0.32941177
0.3882353
0.43529412
0.30980393
0.39607844
-0.2784314
-0.011764706
-0.003921569
-0.003921569
-0.003921569
-0.003921569
-0.003921569
-0.015686275
-0.24705882
-0.42745098
0.43137255
0.3647059
0.34901962
0.3254902
0.30980393
0.05882353
0.05882353
0.40784314
0.3529412
-0.24705882
-0.24705882
-0.24705882
-0.4117647
-0.4117647
-0.4117647
-0.003921569
-0.003921569
0.3137255
0.34509805
0.36078432
0.3137255
-0.003921569
0.49803922
0.007843138
0.0
0.0
0.03137255
0.03137255
0.03137255
0.29411766
-0.4745098
-0.23921569
-0.003921569
-0.003921569
-0.003921569
-0.003921569
-0.003921569
-0.003921569
-0.003921569
-0.003921569
-0.003921569
-0.003921569
-0.003921569
-0.003921569
-0.003921569
-0.003921569
-0.003921569
-0.003921569
-0.003921569
-0.003921569
-0.003921569
-0.003921569
-0.003921569
-0.003921569
-0.003921569
-0.003921569
-0.003921569
-0.003921569
-0.003921569
-0.003921569
-0.003921569
-0.003921569
-0.003921569
-0.003921569
-0.003921569
-0.003921569
-0.003921569
-0.003921569
-0.003921569
-0.003921569
-0.003921569
-0.003921569
-0.003921569
-0.003921569
-0.003921569
-0.003921569
-0.003921569
-0.003921569
-0.003921569
-0.003921569
-0.003921569
-0.003921569
-0.003921569
-0.003921569
-0.003921569
-0.003921569
-0.003921569
-0.003921569
-0.03137255
-0.003921569
-0.003921569
-0.105882354
-0.19215687
-0.21960784
-0.25882354
-0.19607843
-0.29411766
-0.11372549
-0.40784314
0.47058824
0.30980393
-0.34509805
0.31764707
-0.36862746
0.31764707
-0.12941177
-0.29803923
-0.45490196
-0.3372549
-0.41960785
0.3372549
-0.3647059
-0.41568628
-0.34509805
-0.41568628
0.05490196
0.05490196
0.43137255
-0.43529412
-0.43529412
0.05490196
0.003921569
0.0
0.0
0.0
0.07450981
0.08627451
0.0
0.0
0.0
0.0
0.047058824
0.047058824
0.047058824
0.29411766
0.31764707
0.09803922
-0.16862746
0.08235294
-0.16862746
-0.16862746
0.08235294
0.08235294
0.11764706
0.02745098
0.015686275
0.02745098
-0.003921569
0.09803922
0.09803922
0.09803922
-0.3529412
-0.003921569
-0.003921569
-0.003921569
-0.003921569
-0.003921569
-0.003921569
-0.16470589
-0.40784314
0.42352942
0.33333334
0.30980393
0.05490196
0.03137255
0.05882353
0.40784314
0.40784314
-0.24705882
-0.24705882
-0.24705882
-0.24705882
-0.24705882
-0.003921569
-0.003921569
-0.003921569
-0.003921569
-0.003921569
0.31764707
0.3372549
0.3019608
-0.003921569
0.078431375
0.007843138
0.0
0.0
0.03137255
0.03137255
0.33333334
0.29411766
-0.30980393
-0.11764706
-0.003921569
-0.003921569
-0.003921569
-0.003921569
-0.003921569
-0.003921569
-0.003921569
-0.003921569
-0.003921569
-0.003921569
-0.003921569
-0.003921569
-0.003921569
-0.003921569
-0.003921569
-0.003921569
-0.003921569
-0.003921569
-0.003921569
-0.003921569
-0.003921569
-0.003921569
-0.003921569
-0.003921569
-0.003921569
-0.003921569
-0.003921569
-0.003921569
-0.003921569
-0.003921569
-0.003921569
-0.003921569
-0.003921569
-0.003921569
-0.003921569
-0.003921569
-0.003921569
-0.003921569
-0.003921569
-0.003921569
-0.003921569
-0.003921569
-0.003921569
-0.003921569
-0.003921569
-0.003921569
-0.003921569
-0.003921569
-0.003921569
-0.003921569
-0.003921569
-0.003921569
-0.003921569
-0.003921569
-0.003921569
-0.003921569
-0.015686275
-0.003921569
-0.20784314
-0.21176471
-0.37254903
-0.40392157
-0.14117648
-0.09411765
-0.2509804
-0.16470589
-0.22352941
-0.2509804
-0.34901962
-0.4509804
0.34901962
-0.07058824
-0.03137255
-0.003921569
-0.14901961
-0.003921569
-0.1882353
-0.21568628
-0.3529412
-0.34117648
-0.26666668
-0.44313726
-0.38039216
0.3254902
-0.46666667
0.05490196
0.05490196
-0.43529412
0.05490196
0.003921569
0.007843138
0.023529412
0.03529412
0.019607844
0.015686275
0.0
0.0
0.0
0.0
0.047058824
0.047058824
0.05490196
0.31764707
0.34901962
0.30980393
-0.16862746
-0.16862746
-0.16862746
-0.16862746
-0.16862746
0.078431375
0.08235294
0.007843138
0.09803922
0.09803922
-0.003921569
-0.003921569
0.42745098
-0.36862746
-0.1254902
-0.003921569
-0.003921569
-0.003921569
0.12156863
-0.003921569
-0.003921569
-0.08235294
-0.3647059
0.42745098
0.3254902
0.3019608
0.31764707
0.03137255
0.36078432
0.40784314
0.40784314
-0.24705882
-0.24705882
-0.24705882
-0.24705882
-0.4117647
-0.003921569
-0.003921569
-0.003921569
-0.003921569
0.32156864
0.30980393
0.31764707
-0.003921569
-0.003921569
0.05490196
0.007843138
0.0
0.0
0.03137255
0.33333334
0.33333334
0.48235294
-0.09411765
-0.05882353
-0.003921569
-0.003921569
-0.03137255
-0.003921569
-0.003921569
-0.003921569
-0.003921569
-0.003921569
-0.003921569
-0.003921569
-0.003921569
-0.003921569
-0.003921569
-0.003921569
-0.003921569
-0.003921569
-0.003921569
-0.003921569
-0.003921569
-0.003921569
-0.011764706
-0.03137255
-0.003921569
-0.003921569
-0.003921569
-0.003921569
-0.003921569
-0.003921569
-0.003921569
-0.003921569
-0.003921569
-0.003921569
-0.003921569
-0.003921569
-0.003921569
-0.003921569
-0.003921569
-0.003921569
-0.003921569
-0.003921569
-0.003921569
-0.003921569
-0.05882353
-0.003921569
-0.003921569
-0.003921569
-0.003921569
-0.003921569
-0.003921569
-0.003921569
-0.003921569
-0.003921569
-0.003921569
-0.003921569
-0.14901961
-0.003921569
-0.24313726
-0.043137256
-0.36862746
0.4862745
-0.49803922
-0.4862745
-0.26666668
-0.20784314
-0.101960786
-0.12156863
-0.1764706
-0.28235295
-0.105882354
-0.34509805
0.39607844
-0.25490198
-0.003921569
-0.17254902
-0.003921569
-0.003921569
-0.003921569
-0.003921569
-0.09019608
-0.2901961
-0.35686275
-0.38039216
-0.12941177
-0.44705883
-0.27058825
0.05490196
0.39607844
0.05490196
0.05490196
0.02745098
0.03529412
0.043137256
0.015686275
0.015686275
0.011764706
0.0
0.0
0.0
0.0
0.05490196
0.05490196
0.05490196
0.3529412
0.3764706
0.33333334
-0.16862746
-0.16862746
-0.16862746
-0.16862746
-0.16862746
-0.13333334
0.14509805
0.09803922
0.09803922
0.3529412
-0.49803922
0.49411765
-0.44313726
-0.25882354
-0.003921569
-0.003921569
-0.003921569
-0.003921569
0.09803922
-0.003921569
-0.003921569
-0.003921569
-0.30588236
0.45490196
0.34509805
0.3019608
0.3019608
0.2901961
0.03529412
0.40784314
-0.24705882
-0.24705882
-0.24705882
-0.24705882
-0.24705882
-0.4117647
-0.003921569
-0.003921569
-0.003921569
0.35686275
0.43529412
0.4
-0.003921569
-0.003921569
-0.003921569
0.023529412
0.0
0.047058824
0.047058824
0.0
0.33333334
0.38039216
-0.29411766
-0.003921569
-0.023529412
-0.003921569
-0.003921569
-0.12941177
-0.101960786
-0.06666667
-0.06666667
-0.003921569
-0.047058824
-0.05882353
-0.08627451
-0.043137256
-0.003921569
-0.003921569
-0.003921569
-0.003921569
-0.003921569
-0.003921569
-0.003921569
-0.019607844
-0.06666667
-0.11372549
-0.21568628
-0.10980392
-0.10980392
-0.27450982
-0.1764706
-0.003921569
-0.003921569
-0.003921569
-0.003921569
-0.003921569
-0.003921569
-0.003921569
-0.003921569
-0.003921569
-0.003921569
-0.003921569
-0.003921569
-0.003921569
-0.003921569
-0.003921569
-0.003921569
-0.078431375
-0.14117648
-0.10980392
-0.10980392
-0.039215688
-0.003921569
-0.003921569
-0.003921569
-0.003921569
-0.14509805
-0.08627451
-0.20784314
-0.3764706
-0.28235295
-0.39607844
-0.33333334
-0.4627451
-0.47058824
-0.4627451
-0.4
-0.27058825
-0.27450982
-0.25490198
-0.16470589
-0.12156863
-0.14117648
-0.05882353
-0.38431373
-0.45882353
-0.003921569
-0.02745098
-0.043137256
-0.29803923
-0.07450981
-0.003921569
-0.003921569
-0.08627451
-0.28235295
-0.32941177
-0.45882353
0.47058824
-0.34117648
-0.30588236
0.05490196
0.4862745
0.05490196
0.05490196
0.011764706
0.0
0.015686275
0.023529412
0.003921569
0.0
0.0
0.0
0.0
0.0
0.043137256
-0.40784314
-0.40784314
0.38039216
0.4
0.36078432
0.29803923
-0.16862746
-0.06666667
-0.06666667
-0.06666667
0.24705882
0.33333334
0.09803922
0.39607844
-0.38039216
-0.4
-0.46666667
-0.40784314
-0.17254902
-0.003921569
-0.003921569
-0.003921569
-0.003921569
0.09803922
-0.003921569
-0.003921569
-0.003921569
-0.23529412
-0.47843137
0.40784314
0.34509805
-0.3647059
0.2901961
0.3254902
0.40784314
0.40784314
-0.24705882
-0.24705882
-0.24705882
-0.4117647
-0.4117647
-0.003921569
0.34901962
0.4117647
0.45490196
0.47058824
0.41568628
-0.37254903
-0.003921569
-0.003921569
0.003921569
0.0
0.047058824
0.047058824
0.023529412
0.35686275
-0.37254903
-0.2509804
-0.003921569
-0.11764706
-0.03529412
-0.07058824
-0.19607843
-0.105882354
-0.050980393
-0.050980393
-0.003921569
-0.050980393
-0.11372549
-0.1882353
-0.17254902
-0.12941177
-0.13333334
-0.11372549
-0.08235294
-0.06666667
-0.05490196
-0.078431375
-0.14901961
-0.22745098
-0.3137255
-0.40392157
-0.4392157
-0.40392157
-0.47058824
0.05882353
0.05882353
-0.15294118
-0.13333334
-0.03137255
-0.003921569
-0.003921569
-0.003921569
-0.003921569
-0.003921569
-0.003921569
-0.003921569
-0.003921569
-0.003921569
-0.003921569
-0.003921569
-0.015686275
-0.11764706
-0.17254902
-0.14117648
-0.101960786
-0.10980392
-0.039215688
-0.03529412
-0.10980392
-0.21176471
-0.34901962
-0.4509804
-0.47058824
-0.40784314
-0.42352942
0.40392157
0.40392157
0.49803922
-0.44705883
-0.43137255
-0.4
-0.44705883
-0.3254902
-0.3764706
-0.101960786
-0.24313726
-0.26666668
-0.21176471
-0.03529412
-0.17254902
-0.003921569
-0.003921569
-0.23921569
0.49803922
-0.30588236
-0.41568628
-0.4392157
-0.34901962
-0.09803922
0.14509805
-0.42352942
-0.34901962
-0.31764707
-0.42745098
0.37254903
0.3372549
0.05490196
0.05490196
0.043137256
0.0
0.0
0.0
0.0
0.0
0.0
0.0
0.0
0.0
0.047058824
0.05490196
-0.29803923
0.39607844
0.41568628
0.38431373
0.34509805
0.29803923
-0.06666667
-0.06666667
-0.06666667
0.32941177
0.4392157
-0.46666667
-0.36862746
-0.36862746
-0.5019608
0.44313726
-0.40784314
-0.050980393
-0.003921569
-0.003921569
-0.003921569
0.09803922
0.09803922
-0.03529412
-0.003921569
-0.003921569
-0.18039216
-0.4
0.45490196
0.38039216
0.3254902
0.49019608
0.3254902
0.40784314
0.40784314
-0.4117647
-0.4117647
-0.4117647
-0.4117647
-0.4117647
0.34117648
0.42745098
0.4627451
0.45882353
0.37254903
0.09803922
0.4117647
-0.37254903
-0.37254903
-0.37254903
0.0
0.047058824
0.0
0.22352941
-0.39215687
-0.21568628
-0.20784314
-0.003921569
-0.14509805
-0.07058824
-0.09411765
-0.21960784
-0.12156863
-0.047058824
-0.043137256
-0.003921569
-0.05490196
-0.13725491
-0.21568628
-0.27450982
-0.23137255
-0.21960784
-0.20392157
-0.18039216
-0.1764706
-0.1882353
-0.23529412
-0.32156864
-0.4117647
-0.5019608
0.40784314
0.3372549
0.08627451
0.08627451
0.05882353
0.47058824
-0.43137255
-0.34901962
-0.2
-0.05490196
-0.003921569
-0.003921569
-0.003921569
-0.003921569
-0.003921569
-0.003921569
0.09803922
-0.003921569
-0.003921569
-0.003921569
-0.09803922
-0.19607843
-0.21960784
-0.18431373
-0.17254902
-0.2
-0.17254902
-0.18431373
-0.1882353
-0.3137255
-0.40784314
0.49803922
0.45490196
0.44313726
0.40392157
-0.48235294
0.43137255
0.43529412
0.43137255
-0.41960785
-0.44313726
-0.4862745
0.49803922
-0.4627451
-0.27058825
-0.23529412
-0.003921569
-0.19215687
-0.05882353
-0.003921569
-0.015686275
-0.003921569
-0.101960786
-0.11372549
-0.19215687
-0.28627452
0.4
-0.47058824
-0.15294118
0.34509805
-0.33333334
-0.31764707
-0.4
0.45882353
0.47843137
0.38039216
0.30980393
-0.43529412
0.047058824
0.02745098
0.0
0.0
0.0
0.0
0.0
0.0
0.0
0.0
0.05490196
0.06666667
0.06666667
0.3882353
0.43137255
0.40784314
0.38039216
0.3529412
0.3254902
0.3137255
0.32156864
0.36862746
0.46666667
-0.39607844
-0.34509805
-0.43529412
0.3882353
0.3647059
-0.3647059
-0.003921569
-0.003921569
-0.003921569
-0.003921569
0.09803922
-0.003921569
0.4
-0.003921569
-0.003921569
-0.09411765
-0.33333334
0.44313726
0.37254903
0.34509805
0.3137255
0.29411766
0.31764707
0.31764707
0.36862746
-0.4117647
-0.4117647
-0.4117647
0.30980393
0.40784314
-0.5019608
0.44705883
0.34509805
0.09803922
0.4117647
0.4117647
0.4117647
-0.37254903
-0.37254903
0.0
0.0
0.13725491
0.4117647
-0.22352941
-0.11372549
-0.11372549
-0.019607844
-0.11764706
-0.13725491
-0.18431373
-0.2901961
-0.22745098
-0.16470589
-0.12941177
-0.06666667
-0.19607843
-0.23921569
-0.24313726
-0.4117647
-0.3529412
-0.3254902
-0.31764707
-0.3019608
-0.31764707
-0.3647059
-0.45882353
0.43137255
0.34509805
0.27450982
-0.35686275
-0.35686275
0.050980393
0.05490196
0.05882353
0.05882353
0.42352942
-0.5019608
-0.36862746
-0.22745098
-0.08627451
-0.003921569
-0.003921569
-0.003921569
-0.003921569
-0.003921569
-0.003921569
-0.003921569
-0.003921569
-0.003921569
-0.1764706
-0.28235295
-0.32156864
-0.33333334
-0.34117648
-0.34901962
-0.3529412
-0.34117648
-0.34117648
-0.3882353
-0.44705883
0.4862745
0.4509804
0.4392157
0.4
0.42352942
0.4
0.3764706
-0.4862745
0.4627451
-0.4745098
-0.45882353
0.4117647
-0.45882353
-0.43137255
-0.14117648
-0.003921569
-0.003921569
-0.003921569
-0.003921569
-0.003921569
-0.003921569
-0.003921569
-0.18039216
-0.003921569
-0.003921569
-0.003921569
-0.39607844
-0.07450981
-0.19215687
-0.47058824
-0.07450981
-0.34117648
0.4862745
0.3254902
0.3882353
0.38039216
0.30588236
0.0
0.0
0.0
0.0
0.0
0.0
0.0
0.0
0.0
0.0
0.05490196
0.05490196
0.06666667
0.3647059
0.42745098
0.40392157
0.39607844
0.38039216
0.36078432
0.34117648
0.34509805
0.3529412
-0.5019608
-0.39215687
-0.3529412
-0.4509804
0.3882353
0.4
-0.28235295
-0.003921569
-0.003921569
-0.003921569
-0.003921569
-0.003921569
-0.003921569
0.09803922
-0.003921569
-0.003921569
-0.003921569
-0.3254902
0.3137255
0.32941177
0.36078432
0.33333334
0.29411766
0.31764707
0.31764707
0.36862746
0.48235294
0.48235294
0.34117648
0.4
0.47058824
-0.44705883
0.45882353
-0.003921569
-0.003921569
0.4117647
0.4117647
0.4117647
0.047058824
0.047058824
0.0
0.02745098
0.31764707
-0.49411765
-0.12156863
-0.09803922
-0.09803922
-0.003921569
-0.10980392
-0.1254902
-0.23529412
-0.2627451
-0.1254902
-0.08627451
-0.09019608
-0.003921569
-0.17254902
-0.24313726
-0.17254902
-0.03137255
-0.49411765
-0.47058824
-0.45882353
-0.45490196
-0.49411765
0.42745098
0.3019608
0.09803922
0.09803922
0.07450981
0.07450981
0.06666667
0.050980393
0.05490196
0.05490196
0.05490196
0.34509805
0.43529412
-0.44705883
-0.32941177
-0.21176471
-0.09019608
-0.003921569
-0.003921569
-0.003921569
-0.003921569
-0.039215688
-0.003921569
-0.003921569
-0.08235294
-0.28627452
-0.4117647
-0.48235294
0.4627451
0.3882353
0.3372549
0.35686275
0.40392157
0.37254903
0.4862745
-0.48235294
0.45882353
0.49411765
0.4745098
0.42352942
0.4392157
0.42352942
0.39215687
0.3647059
0.38039216
-0.30588236
-0.2784314
-0.49803922
0.49803922
-0.5019608
-0.31764707
-0.003921569
-0.003921569
-0.003921569
-0.007843138
-0.003921569
-0.003921569
-0.050980393
-0.24705882
-0.003921569
-0.08627451
-0.003921569
-0.3372549
-0.023529412
-0.25490198
-0.39215687
-0.003921569
-0.14509805
0.34509805
0.30980393
0.29411766
0.23137255
0.22352941
0.07058824
0.0
0.0
0.0
0.0
0.0
0.0
0.0
0.0
0.0
0.047058824
0.06666667
0.06666667
0.3254902
0.39607844
0.09019608
0.33333334
0.3764706
0.36078432
0.3254902
0.36078432
0.41960785
0.4862745
-0.39215687
-0.33333334
-0.38431373
-0.4745098
-0.42745098
-0.23137255
0.09803922
-0.003921569
-0.003921569
-0.003921569
-0.003921569
-0.003921569
0.09803922
-0.003921569
-0.003921569
-0.003921569
-0.2509804
0.35686275
0.3764706
0.36078432
0.32156864
0.3647059
0.29411766
0.32941177
0.32941177
0.48235294
0.39607844
0.36078432
0.42745098
0.4862745
-0.4627451
0.4392157
-0.003921569
0.4117647
0.4117647
0.4117647
0.4117647
0.047058824
0.047058824
0.047058824
0.15294118
-0.49411765
-0.36078432
-0.03137255
-0.003921569
-0.02745098
-0.003921569
-0.003921569
-0.03529412
-0.13333334
-0.23529412
-0.08627451
-0.17254902
-0.09019608
-0.1764706
-0.30980393
-0.37254903
-0.36862746
-0.5019608
0.42745098
0.35686275
0.32941177
0.35686275
0.3137255
0.21960784
0.09803922
0.09803922
0.09803922
0.07450981
0.07450981
0.0627451
0.05490196
0.05490196
0.05490196
0.05490196
0.05490196
0.32941177
0.49803922
-0.3764706
-0.28627452
-0.23137255
-0.20392157
-0.19607843
-0.21176471
-0.21568628
-0.14509805
-0.09019608
-0.16862746
-0.34509805
0.48235294
0.36862746
0.09019608
0.09019608
0.09019608
0.09019608
0.09019608
0.09019608
0.09019608
0.09019608
0.05882353
0.05882353
-0.49803922
-0.4509804
0.46666667
0.4392157
0.4392157
0.40392157
0.3647059
0.34901962
-0.49803922
-0.40784314
-0.4392157
0.3647059
-0.40392157
-0.3019608
-0.15686275
-0.023529412
-0.24313726
-0.16862746
-0.003921569
-0.003921569
-0.043137256
-0.08235294
-0.003921569
-0.003921569
-0.003921569
0.36078432
0.07450981
-0.14901961
-0.4392157
-0.03137255
-0.09803922
-0.4627451
0.44313726
0.3882353
0.2901961
0.23921569
0.09019608
0.007843138
0.0
0.0
0.0
0.007843138
0.007843138
0.0
0.0
0.0
0.039215688
0.06666667
0.06666667
0.06666667
0.34117648
-0.09803922
0.3254902
0.34117648
0.33333334
0.33333334
0.3647059
0.43137255
-0.5019608
-0.40392157
-0.29803923
-0.26666668
-0.25882354
-0.16470589
-0.17254902
0.09803922
-0.003921569
-0.003921569
-0.003921569
-0.003921569
-0.003921569
-0.003921569
-0.24705882
-0.003921569
-0.003921569
0.44313726
-0.49411765
0.40784314
0.09019608
0.4
0.4
0.32941177
0.32941177
0.36078432
0.36078432
0.39607844
0.32156864
0.38039216
0.42352942
0.44313726
0.3372549
-0.003921569
0.4117647
0.4117647
0.4117647
0.4117647
0.047058824
0.047058824
0.047058824
0.3372549
-0.3764706
-0.33333334
-0.06666667
-0.05490196
-0.13333334
-0.003921569
-0.06666667
-0.023529412
-0.12941177
-0.27450982
-0.15294118
-0.14901961
-0.16862746
-0.13333334
-0.34117648
-0.3764706
-0.39607844
0.4862745
-0.49019608
0.34509805
0.09803922
0.09803922
0.09803922
0.08627451
0.08627451
0.09803922
0.09803922
0.09019608
0.0627451
0.0627451
0.05490196
0.05490196
0.05490196
0.05490196
0.05490196
0.05490196
0.05490196
0.09803922
-0.30588236
-0.29803923
-0.41960785
-0.48235294
-0.49019608
-0.46666667
-0.39215687
-0.36862746
0.49019608
0.30588236
0.09803922
0.0627451
0.09019608
0.09019608
0.09019608
0.09019608
0.32156864
0.36862746
0.3764706
0.3137255
0.29803923
0.31764707
0.45882353
-0.47843137
0.4509804
0.38039216
0.36862746
0.3647059
0.34509805
0.30588236
0.05490196
0.32941177
0.3882353
0.44705883
-0.5019608
-0.4392157
0.0
-0.32941177
0.3647059
-0.38431373
-0.16862746
-0.003921569
-0.003921569
-0.050980393
-0.13333334
-0.003921569
-0.003921569
-0.003921569
0.40784314
0.33333334
0.078431375
-0.17254902
-0.32156864
-0.4509804
0.4862745
0.3019608
0.23529412
0.38431373
0.16862746
0.02745098
0.0
0.0
0.0
0.0
0.0
0.0
0.0
0.0
0.039215688
0.023529412
0.039215688
0.4117647
0.4117647
-0.09803922
-0.09803922
-0.09803922
-0.09803922
0.3019608
0.35686275
0.4392157
-0.46666667
-0.38431373
-0.26666668
-0.19215687
-0.101960786
-0.003921569
-0.003921569
-0.12941177
-0.19215687
-0.003921569
-0.003921569
-0.003921569
-0.003921569
-0.40392157
0.4509804
-0.003921569
-0.11764706
-0.30980393
0.4627451
0.3137255
0.09019608
0.09019608
0.33333334
0.22745098
0.22745098
0.22745098
0.16862746
0.1882353
0.23921569
0.2901961
0.32156864
-0.003921569
-0.003921569
0.039215688
-0.003921569
0.4117647
0.4117647
0.039215688
0.0
0.03529412
0.023529412
0.48235294
-0.24313726
-0.3137255
-0.05882353
-0.05882353
-0.16078432
-0.019607844
-0.12156863
-0.050980393
-0.08235294
-0.24313726
-0.15294118
-0.1764706
-0.20784314
-0.1764706
-0.38039216
-0.4117647
-0.45490196
0.45490196
0.47058824
0.07058824
0.09803922
0.09803922
0.09803922
0.09803922
0.08627451
0.078431375
0.09019608
0.09019608
0.09019608
0.0627451
0.05882353
0.05490196
0.05490196
0.05490196
0.33333334
0.47843137
-0.41960785
-0.38431373
-0.3764706
-0.42745098
0.37254903
0.0627451
0.09803922
0.38039216
0.4627451
0.4509804
0.34509805
0.09803922
0.06666667
0.09019608
0.09019608
0.29803923
0.34117648
0.4745098
0.49803922
0.47058824
0.44705883
0.3647059
0.34901962
0.38039216
0.41960785
0.42745098
0.36862746
0.26666668
0.19607843
0.20392157
0.23529412
0.09803922
0.078431375
0.078431375
-0.19607843
0.05490196
-0.07058824
-0.4509804
-0.2627451
-0.36078432
0.37254903
0.3764706
-0.4509804
-0.03137255
-0.13725491
-0.043137256
-0.31764707
-0.16078432
-0.003921569
-0.003921569
-0.003921569
0.32941177
-0.003921569
-0.20392157
-0.18039216
0.4862745
0.4117647
0.43529412
0.4117647
0.29411766
0.2509804
0.06666667
0.0
0.0
0.0
0.0
0.0
0.0
0.0
0.0
0.023529412
0.023529412
0.039215688
0.4117647
0.4117647
-0.09803922
-0.09803922
-0.09803922
-0.09803922
-0.09803922
0.34509805
0.44705883
-0.4509804
-0.3529412
-0.26666668
-0.19607843
-0.105882354
-0.003921569
-0.003921569
-0.003921569
-0.003921569
-0.003921569
-0.003921569
-0.003921569
-0.003921569
-0.10980392
-0.33333334
-0.023529412
0.3137255
0.36862746
-0.07450981
-0.07450981
-0.07450981
-0.07450981
0.12941177
0.22745098
0.22745098
0.22745098
0.10980392
0.105882354
0.12941177
0.16862746
-0.003921569
0.16078432
0.09803922
0.05882353
0.078431375
0.039215688
0.039215688
0.0
0.0
0.12941177
0.4392157
-0.45490196
-0.21568628
-0.29411766
-0.1254902
-0.10980392
-0.18039216
-0.09411765
-0.15294118
-0.14117648
-0.14117648
-0.25882354
-0.26666668
-0.2901961
-0.3372549
-0.3529412
-0.49019608
0.4509804
0.4
0.3019608
0.29803923
0.07058824
0.09803922
0.09803922
0.09803922
0.09803922
0.09803922
0.078431375
0.09019608
0.09019608
0.09019608
0.05882353
0.05882353
0.05882353
0.05490196
0.08235294
0.4392157
-0.29411766
-0.05882353
-0.003921569
-0.05490196
0.09803922
0.0627451
0.0627451
0.09803922
0.30588236
0.38039216
0.4
0.38039216
0.36862746
0.34509805
0.31764707
0.3254902
0.32941177
0.43137255
0.46666667
0.44313726
0.39607844
0.3372549
-0.07058824
0.023529412
0.023529412
0.023529412
0.019607844
0.015686275
0.007843138
0.003921569
0.09803922
0.09803922
0.09803922
0.078431375
0.078431375
0.09803922
0.09803922
-0.4627451
-0.10980392
0.05490196
0.078431375
0.4117647
0.30980393
-0.4627451
-0.12156863
-0.20392157
-0.1882353
-0.36862746
-0.41568628
-0.3372549
-0.13725491
0.07450981
0.3882353
-0.2627451
0.078431375
0.078431375
0.078431375
0.44705883
0.16470589
0.32156864
0.3529412
0.25882354
0.101960786
0.007843138
0.0
0.0
0.007843138
0.0
0.0
0.0
0.0
0.023529412
0.023529412
0.03137255
0.13725491
0.34509805
-0.4627451
-0.09803922
-0.09803922
-0.09803922
-0.09803922
0.33333334
0.44313726
-0.45490196
-0.3764706
-0.3254902
-0.29803923
-0.23137255
-0.047058824
-0.003921569
-0.003921569
-0.003921569
-0.003921569
-0.003921569
-0.003921569
-0.003921569
-0.003921569
-0.35686275
-0.37254903
0.09803922
0.09803922
0.09019608
0.09019608
0.09019608
0.0627451
0.03137255
0.03137255
0.09803922
0.08627451
0.078431375
0.05490196
0.050980393
0.08235294
0.09803922
0.09803922
0.078431375
0.078431375
0.078431375
0.078431375
0.039215688
0.0
0.14901961
0.3137255
-0.40392157
-0.44313726
-0.25490198
-0.37254903
-0.22745098
-0.24705882
-0.3254902
-0.2
-0.28627452
-0.24313726
-0.26666668
-0.39215687
-0.2901961
-0.3254902
-0.34509805
-0.33333334
0.4627451
0.4627451
0.34901962
0.0
0.07058824
0.07058824
0.09803922
0.09803922
0.09803922
0.09803922
0.09803922
0.09803922
0.09803922
0.07450981
-0.2509804
0.05882353
0.05882353
0.050980393
0.08235294
0.08235294
0.08235294
0.08235294
0.08235294
0.09803922
0.09803922
0.0627451
0.09803922
0.09803922
0.03137255
0.09803922
0.05490196
0.05490196
0.05490196
0.06666667
0.06666667
0.09019608
0.09019608
0.050980393
0.050980393
0.05882353
0.05882353
-0.07058824
0.0
0.003921569
0.039215688
0.105882354
0.22352941
-0.003921569
0.2901961
0.38431373
0.49803922
-0.34117648
-0.24313726
-0.23137255
-0.2627451
-0.2784314
-0.37254903
0.4392157
0.09019608
0.05490196
-0.39215687
0.4392157
0.015686275
0.015686275
0.3764706
-0.39607844
0.078431375
-0.1764706
-0.49019608
0.32156864
-0.40784314
0.30588236
-0.20392157
-0.41960785
-0.20392157
-0.20392157
0.3137255
0.078431375
0.078431375
0.007843138
0.2
0.28627452
0.20784314
0.101960786
0.02745098
0.003921569
0.0
0.007843138
0.007843138
0.0
0.0
0.0
0.023529412
0.023529412
0.3882353
0.3882353
0.34509805
-0.4627451
-0.4627451
-0.4627451
-0.09803922
-0.09803922
0.3019608
0.40784314
-0.5019608
-0.45882353
-0.45490196
-0.4627451
-0.41568628
-0.22745098
-0.003921569
-0.003921569
-0.003921569
-0.003921569
-0.003921569
-0.003921569
-0.003921569
-0.003921569
0.3019608
0.4509804
0.09803922
-0.47843137
-0.003921569
-0.34117648
-0.34117648
-0.34117648
0.3372549
0.3372549
0.3372549
0.12156863
0.105882354
0.12156863
0.11372549
0.12941177
0.09803922
0.09803922
0.050980393
-0.1882353
0.0
0.0
0.003921569
0.11764706
0.39607844
-0.40784314
-0.29803923
-0.39215687
-0.24313726
-0.38039216
-0.26666668
-0.27058825
-0.34117648
-0.23529412
-0.2784314
-0.2627451
-0.26666668
-0.38039216
-0.39215687
-0.41568628
-0.45490196
-0.45490196
0.40784314
0.3529412
0.2901961
0.21960784
0.07058824
0.07058824
0.09803922
0.09803922
-0.003921569
-0.003921569
-0.003921569
-0.007843138
-0.007843138
-0.2509804
-0.2509804
-0.34901962
-0.34901962
-0.34901962
-0.15686275
-0.15686275
0.08235294
0.08235294
0.08235294
0.40392157
0.09411765
0.09803922
0.05882353
0.05882353
0.05882353
0.023529412
0.05490196
0.05490196
0.05490196
0.03137255
0.011764706
0.05882353
-0.49411765
0.050980393
0.050980393
0.05882353
0.05882353
0.09019608
0.0
0.0
0.0
0.007843138
0.03137255
0.45882353
-0.38039216
-0.1254902
-0.003921569
-0.003921569
-0.003921569
-0.003921569
-0.003921569
-0.003921569
-0.003921569
-0.07450981
-0.31764707
0.05490196
0.05490196
0.3019608
0.12941177
0.0627451
0.011764706
0.3647059
-0.45882353
-0.4392157
-0.4745098
0.36862746
-0.35686275
-0.43529412
0.36078432
0.3254902
-0.20392157
-0.20392157
0.078431375
0.078431375
0.105882354
0.043137256
0.011764706
0.101960786
0.08627451
0.1254902
0.07058824
0.015686275
0.0
0.043137256
0.0
0.0
0.0
0.0
0.03529412
0.03529412
0.3882353
0.12941177
0.3882353
-0.4627451
-0.4627451
-0.4627451
-0.4627451
-0.4627451
-0.4627451
0.34117648
0.4117647
0.43137255
0.4
0.38039216
0.42745098
-0.39607844
-0.09411765
-0.003921569
-0.003921569
-0.003921569
-0.003921569
-0.003921569
-0.003921569
-0.003921569
0.49411765
-0.16078432
-0.1254902
-0.105882354
-0.3254902
0.47843137
0.32941177
0.3372549
0.3372549
0.3372549
0.24705882
0.23921569
0.21960784
0.27058825
0.25882354
0.21568628
-0.003921569
0.043137256
0.023529412
0.0
0.011764706
0.03137255
0.18039216
0.29803923
-0.43529412
-0.3137255
-0.28235295
-0.40392157
-0.29411766
-0.45490196
-0.34901962
-0.38039216
-0.4509804
-0.3137255
-0.38431373
-0.3372549
-0.37254903
0.49019608
-0.41960785
-0.45882353
-0.4627451
-0.44313726
0.34901962
0.003921569
0.09803922
0.09019608
0.0
0.0
-0.23529412
-0.23529412
-0.003921569
-0.003921569
-0.007843138
0.09803922
0.09803922
-0.2509804
0.07450981
-0.34901962
-0.34901962
-0.27450982
-0.27450982
0.08235294
0.08235294
0.08235294
0.08235294
0.08235294
0.09411765
0.09411765
0.05882353
0.05882353
0.05882353
0.039215688
0.06666667
-0.32156864
0.03137255
0.05882353
0.0
0.047058824
-0.49411765
-0.4745098
-0.49019608
-0.09019608
-0.3764706
0.007843138
0.29803923
0.0
0.0
0.0
0.09803922
0.09803922
0.05882353
-0.003921569
-0.003921569
-0.003921569
-0.003921569
-0.003921569
-0.003921569
-0.003921569
-0.003921569
-0.003921569
-0.003921569
-0.10980392
0.03529412
0.03137255
0.3254902
0.05882353
0.05490196
0.078431375
-0.42745098
-0.20392157
-0.20392157
0.078431375
-0.27450982
-0.2
0.4862745
0.078431375
0.34509805
0.078431375
0.078431375
0.09019608
0.07058824
0.050980393
0.03137255
0.0
0.0
0.05882353
0.039215688
0.007843138
0.0
0.050980393
0.02745098
0.0
0.0
0.0
0.03529412
0.03529412
0.03529412
0.13333334
0.03529412
0.47843137
0.47843137
0.050980393
0.050980393
-0.4627451
-0.4627451
-0.16862746
0.33333334
0.34509805
0.31764707
0.30588236
0.3529412
0.4862745
-0.3137255
-0.05882353
-0.003921569
-0.003921569
-0.003921569
-0.003921569
-0.003921569
-0.003921569
-0.003921569
-0.003921569
-0.003921569
-0.003921569
-0.24313726
-0.37254903
0.44313726
0.36078432
0.3019608
0.3137255
0.34901962
0.3647059
0.3647059
0.38431373
0.36078432
0.2784314
-0.003921569
0.0
0.023529412
0.050980393
0.003921569
0.015686275
0.17254902
0.4509804
-0.31764707
-0.23137255
-0.23529412
-0.38431373
-0.28627452
-0.45490196
-0.36862746
-0.3764706
-0.43137255
-0.30980393
-0.34117648
-0.32156864
-0.3372549
-0.4745098
-0.49411765
0.47058824
0.42352942
0.43529412
0.2901961
0.28627452
0.09019608
0.09019608
0.09019608
0.0
-0.23529412
-0.23529412
-0.23529412
-0.02745098
-0.02745098
-0.07450981
-0.32156864
-0.12156863
-0.12156863
-0.12156863
-0.12156863
0.08627451
-0.27450982
0.07058824
0.08235294
0.08235294
0.08235294
0.09411765
0.09411765
0.0
0.05882353
0.05882353
0.05882353
0.019607844
0.06666667
0.31764707
0.05882353
0.0
0.05882353
0.05882353
-0.41568628
-0.3019608
-0.23529412
0.44313726
-0.09019608
0.29803923
0.29803923
0.29803923
0.0
0.09803922
0.09803922
0.05882353
0.05882353
0.06666667
-0.003921569
-0.003921569
-0.003921569
-0.003921569
-0.003921569
-0.003921569
-0.003921569
-0.003921569
-0.003921569
-0.003921569
-0.21960784
0.03137255
0.03137255
0.07058824
0.039215688
0.05490196
0.078431375
0.078431375
0.078431375
0.4
-0.4509804
0.078431375
0.078431375
0.078431375
0.078431375
0.16470589
0.07450981
0.05882353
0.043137256
0.015686275
0.011764706
0.0
0.0
0.0
0.0
0.0
0.0
0.0
0.0
0.0
0.0
0.0
0.03529412
0.03529412
0.03529412
0.1254902
0.043137256
0.47843137
0.47843137
0.4862745
0.09411765
-0.0627451
-0.0627451
-0.0627451
0.31764707
0.3372549
0.33333334
0.34509805
0.39607844
0.49019608
-0.35686275
-0.2901961
-0.4862745
-0.37254903
-0.13725491
-0.003921569
-0.003921569
-0.003921569
-0.003921569
-0.003921569
-0.003921569
-0.019607844
-0.27450982
-0.40392157
0.44313726
0.3764706
0.34117648
0.36078432
0.41568628
0.43529412
0.4509804
0.43529412
0.38431373
-0.003921569
-0.05490196
0.0
0.039215688
0.023529412
0.003921569
0.047058824
0.26666668
-0.49019608
-0.2901961
-0.25882354
-0.27058825
-0.40784314
-0.3372549
0.4862745
-0.42352942
-0.4509804
-0.49411765
-0.34509805
-0.39607844
-0.3529412
-0.40392157
0.42745098
0.4627451
0.36862746
0.3764706
0.3137255
0.105882354
0.039215688
0.023529412
0.09411765
0.09019608
0.09019608
-0.23529412
-0.23529412
-0.23529412
-0.02745098
-0.02745098
-0.07450981
-0.32156864
-0.32156864
-0.12156863
-0.12156863
-0.27450982
0.07058824
0.07058824
0.08627451
0.08235294
0.08235294
0.08235294
0.44705883
0.36862746
0.4
0.039215688
0.2901961
0.14117648
0.003921569
0.03137255
0.03137255
0.050980393
0.0
0.050980393
0.050980393
-0.49411765
-0.5019608
-0.41960785
0.41568628
0.09019608
0.29803923
0.02745098
0.007843138
0.03529412
0.078431375
0.0627451
0.05882353
0.09803922
0.09803922
0.06666667
-0.003921569
-0.003921569
-0.003921569
-0.003921569
-0.003921569
-0.003921569
-0.003921569
-0.003921569
-0.003921569
-0.003921569
0.039215688
0.023529412
0.039215688
0.0
0.039215688
0.05490196
0.05490196
-0.4392157
-0.4392157
-0.41960785
-0.41960785
0.16470589
0.16470589
0.015686275
0.0
0.0627451
0.043137256
0.02745098
0.011764706
0.003921569
0.0
0.0
0.0
0.0
0.0
0.0
0.0
0.0
0.0
0.0
0.0
0.37254903
0.37254903
0.03529412
0.03529412
0.043137256
0.47843137
0.47843137
0.09411765
0.09411765
0.09411765
0.09411765
0.3137255
0.3647059
0.39607844
0.41960785
0.46666667
-0.46666667
-0.37254903
-0.24705882
-0.2901961
0.09803922
0.4509804
-0.16862746
-0.003921569
-0.003921569
-0.003921569
-0.33333334
-0.03137255
-0.003921569
-0.15686275
-0.31764707
-0.49411765
0.41568628
0.4
0.41960785
0.43529412
0.4745098
0.4862745
0.49019608
0.4509804
0.34901962
-0.06666667
-0.05490196
-0.05490196
0.003921569
0.007843138
0.05490196
0.1764706
-0.49411765
-0.45882353
-0.26666668
-0.28235295
-0.26666668
-0.41960785
-0.31764707
0.4627451
-0.4
-0.42352942
-0.47058824
-0.2901961
-0.3529412
-0.3019608
-0.36078432
0.42352942
0.4392157
0.48235294
0.48235294
0.48235294
0.03529412
0.015686275
0.09411765
0.09411765
0.09411765
0.09411765
-0.10980392
-0.23529412
-0.23529412
-0.07450981
-0.07450981
-0.07450981
-0.07450981
-0.07450981
-0.12156863
0.08627451
0.08627451
0.0
0.07058824
0.08627451
0.34509805
0.40784314
0.09803922
0.09803922
0.03137255
0.02745098
0.08235294
0.0
0.0
0.0
0.03137255
0.050980393
0.050980393
0.050980393
0.050980393
0.050980393
0.09019608
0.09019608
0.09019608
0.09019608
0.09019608
0.0
0.0
0.007843138
0.0
0.0
0.05882353
0.003921569
0.06666667
0.06666667
0.06666667
0.05490196
-0.003921569
-0.003921569
-0.003921569
-0.003921569
-0.003921569
-0.003921569
-0.003921569
-0.003921569
-0.003921569
-0.23137255
0.003921569
0.047058824
0.039215688
0.039215688
0.039215688
0.039215688
0.050980393
-0.47843137
0.14117648
0.105882354
0.16470589
0.078431375
0.09411765
0.0
0.03137255
0.023529412
0.011764706
0.0
0.0
0.0
0.0
0.0
0.0
0.0
0.0
0.0
0.0
0.0
0.0
0.0
0.37254903
0.37254903
0.03529412
0.03529412
0.050980393
0.050980393
0.14117648
0.09411765
0.09411765
0.09411765
0.30980393
0.36078432
0.4117647
0.45490196
-0.49411765
-0.42352942
-0.33333334
-0.23529412
-0.12941177
-0.14117648
0.09803922
-0.003921569
-0.003921569
-0.003921569
-0.003921569
-0.003921569
0.34509805
-0.43529412
-0.3372549
-0.35686275
-0.4392157
0.4509804
0.40784314
0.43529412
0.49019608
-0.49411765
-0.48235294
-0.49411765
0.49803922
0.43529412
0.3019608
-0.06666667
-0.05490196
0.003921569
0.011764706
0.09019608
0.13725491
0.34117648
-0.39215687
-0.4
-0.29411766
-0.2627451
-0.2784314
-0.4117647
-0.3137255
0.49019608
-0.38431373
-0.3764706
-0.3882353
-0.24313726
-0.2627451
-0.26666668
-0.3254902
0.4627451
0.40392157
0.46666667
0.34509805
0.03137255
0.0
0.0
0.09411765
0.09411765
0.09411765
0.09411765
-0.03529412
-0.10980392
-0.003921569
-0.003921569
-0.07450981
-0.07450981
-0.07450981
-0.07450981
-0.16862746
0.08627451
0.08627451
0.08627451
0.08627451
0.08627451
0.09803922
0.09803922
0.09803922
0.09803922
0.09803922
0.011764706
0.08235294
0.08235294
0.078431375
0.03137255
0.03137255
0.0
0.0
0.050980393
0.0
0.09019608
0.09019608
0.09019608
0.09019608
0.0
0.03529412
-0.14901961
0.007843138
0.011764706
0.2509804
0.0
-0.003921569
-0.003921569
0.06666667
0.06666667
0.05490196
0.05490196
0.09803922
-0.003921569
-0.003921569
-0.003921569
-0.003921569
-0.003921569
-0.003921569
-0.003921569
-0.003921569
-0.003921569
0.047058824
0.047058824
0.039215688
0.039215688
0.050980393
0.050980393
-0.47843137
-0.47843137
0.40784314
0.07450981
0.06666667
0.07058824
0.06666667
0.023529412
0.019607844
0.0
0.0
0.0
0.0
0.011764706
0.03137255
0.02745098
0.003921569
0.0
0.003921569
0.0
0.0
0.0
0.0
0.0
0.03529412
0.03529412
0.03529412
0.03529412
0.050980393
0.050980393
0.050980393
0.09411765
0.09411765
0.09411765
0.30980393
0.34509805
0.38039216
0.42352942
0.49803922
-0.40784314
-0.32156864
-0.24705882
-0.1764706
-0.27058825
0.09803922
-0.003921569
-0.003921569
-0.003921569
-0.003921569
-0.003921569
0.38039216
-0.003921569
-0.003921569
0.42352942
0.41568628
0.41960785
0.4
0.43137255
0.4862745
-0.5019608
-0.5019608
0.4745098
0.4509804
0.3764706
-0.06666667
0.0
0.047058824
0.003921569
0.078431375
0.2627451
0.3764706
0.47058824
-0.35686275
-0.4
-0.3647059
-0.30588236
-0.34509805
-0.44705883
-0.3529412
0.49019608
-0.38039216
-0.35686275
-0.36862746
-0.21960784
-0.2627451
-0.2784314
-0.36862746
0.38431373
0.36078432
0.46666667
0.34509805
0.34509805
0.0
0.003921569
0.09411765
-0.03529412
-0.03529412
-0.03529412
-0.1764706
-0.1764706
-0.003921569
-0.003921569
-0.12156863
-0.07450981
-0.07450981
-0.07450981
-0.12156863
-0.12156863
-0.12156863
-0.12156863
-0.12156863
-0.003921569
-0.003921569
-0.003921569
-0.003921569
-0.003921569
-0.003921569
-0.003921569
0.08235294
0.023529412
0.003921569
0.078431375
0.3882353
0.0
0.0
0.0
0.0
0.0
0.003921569
0.02745098
0.043137256
0.019607844
0.0
0.0
0.05882353
0.0627451
0.07058824
0.047058824
0.0
-0.003921569
-0.003921569
0.05490196
0.09803922
0.05490196
0.09803922
0.09803922
-0.003921569
-0.003921569
-0.003921569
-0.003921569
-0.003921569
-0.003921569
-0.003921569
0.047058824
0.047058824
0.047058824
-0.41568628
0.050980393
0.050980393
0.050980393
0.050980393
0.050980393
0.42745098
0.42745098
0.42745098
0.42745098
0.015686275
0.0
0.0
0.0
0.0
0.0
0.0
0.015686275
0.039215688
0.03529412
0.015686275
0.0
0.09411765
0.07058824
0.007843138
0.0
0.0
0.0
0.03529412
0.03529412
0.03529412
0.03529412
0.12156863
0.050980393
0.050980393
0.050980393
0.09411765
-0.0627451
-0.0627451
-0.0627451
-0.0627451
0.09803922
0.39215687
-0.4745098
-0.4117647
-0.4117647
-0.38431373
0.35686275
0.09803922
-0.003921569
-0.003921569
-0.003921569
-0.003921569
-0.21960784
0.44313726
-0.003921569
-0.003921569
-0.003921569
-0.003921569
-0.003921569
-0.11372549
0.33333334
0.38039216
0.4
0.40392157
0.37254903
0.3372549
0.06666667
0.06666667
-0.06666667
0.0
0.023529412
0.14901961
0.36862746
-0.45882353
-0.3764706
-0.28235295
-0.3647059
-0.38431373
-0.32156864
-0.36078432
-0.45882353
-0.34117648
-0.46666667
-0.32941177
-0.27058825
-0.26666668
-0.14117648
-0.15686275
-0.21568628
-0.29411766
0.4627451
0.3764706
0.46666667
0.34509805
0.34509805
0.34509805
0.0
-0.03529412
-0.03529412
-0.03529412
-0.03529412
-0.1764706
-0.1764706
-0.003921569
-0.003921569
-0.003921569
-0.12156863
-0.12156863
-0.12156863
0.08627451
0.08627451
0.08627451
-0.12156863
0.08627451
0.09803922
0.09803922
0.34509805
0.45490196
0.31764707
-0.019607844
-0.003921569
0.078431375
0.0
0.003921569
-0.20392157
-0.20392157
0.0
0.0
0.0
0.0
0.0
0.0
0.0
0.0
0.0
-0.43137255
0.05490196
0.003921569
0.039215688
0.12941177
0.24705882
0.31764707
0.08235294
0.09803922
0.09803922
0.09803922
0.05490196
0.09803922
0.09803922
-0.003921569
-0.003921569
-0.003921569
-0.003921569
-0.003921569
-0.003921569
-0.003921569
0.047058824
0.047058824
0.047058824
0.050980393
0.050980393
0.050980393
0.050980393
0.050980393
0.050980393
0.039215688
0.039215688
0.039215688
0.42745098
0.043137256
0.015686275
0.003921569
0.0
0.0
0.007843138
0.011764706
0.003921569
0.0
0.0
0.0
0.0
0.0
0.0
0.0
0.0
0.0
0.0
0.22745098
0.03529412
0.03529412
0.019607844
0.019607844
-0.47843137
-0.47843137
0.13725491
-0.0627451
-0.0627451
0.09803922
0.09803922
0.22352941
-0.003921569
0.37254903
-0.49803922
0.4862745
0.36862746
0.35686275
0.09803922
0.49019608
-0.2901961
-0.003921569
-0.003921569
-0.003921569
-0.3529412
0.3764706
0.41568628
0.3019608
-0.003921569
-0.003921569
0.08627451
0.08627451
0.09803922
0.09803922
0.09803922
0.09803922
0.07450981
0.07450981
0.07450981
0.06666667
0.06666667
0.047058824
0.019607844
0.1254902
0.34509805
-0.40784314
-0.2784314
-0.25490198
-0.36862746
-0.43137255
-0.39607844
-0.44313726
0.47843137
-0.40392157
-0.49411765
-0.34509805
-0.28235295
-0.28627452
-0.15686275
-0.19607843
-0.2627451
-0.3529412
0.3882353
0.3137255
0.46666667
0.34509805
0.34509805
0.34509805
0.007843138
0.09411765
-0.03529412
-0.03529412
-0.03529412
-0.03529412
-0.1764706
-0.003921569
-0.003921569
-0.003921569
-0.12156863
-0.12156863
-0.12156863
0.08627451
0.08627451
0.08627451
-0.12156863
0.08627451
0.08627451
0.3647059
-0.47843137
-0.3019608
-0.2901961
-0.40392157
0.30980393
0.45490196
0.03529412
0.07450981
0.08235294
0.0
0.07450981
0.0
0.0
0.078431375
0.07058824
0.07058824
0.039215688
0.14117648
0.007843138
0.0
-0.43137255
0.09019608
0.03137255
0.09803922
0.08627451
0.007843138
0.09803922
0.09803922
0.09803922
0.09803922
0.09803922
0.09803922
0.09803922
-0.003921569
-0.003921569
-0.003921569
-0.003921569
-0.003921569
-0.003921569
-0.003921569
-0.2784314
0.047058824
0.047058824
0.050980393
0.050980393
0.050980393
0.050980393
0.050980393
0.050980393
0.039215688
0.039215688
0.039215688
-0.38431373
-0.38431373
0.0
0.0
0.0
0.003921569
0.019607844
0.023529412
0.003921569
0.0
0.0
0.0
0.0
0.0
0.0
0.0
0.0
0.0
0.0
0.22745098
0.22745098
0.22745098
0.22745098
0.22745098
0.101960786
0.12941177
0.12156863
0.105882354
0.1254902
-0.003921569
0.3137255
0.40784314
0.47843137
-0.4392157
-0.39215687
0.44705883
-0.003921569
-0.003921569
-0.5019608
-0.003921569
-0.003921569
-0.003921569
-0.003921569
-0.003921569
-0.003921569
-0.32941177
-0.34901962
0.4117647
-0.003921569
-0.003921569
-0.003921569
-0.003921569
-0.003921569
-0.003921569
-0.003921569
0.09803922
0.07450981
0.07450981
0.07450981
0.06666667
0.06666667
0.0
0.007843138
0.05882353
0.03529412
-0.49019608
-0.27450982
-0.21960784
-0.4
-0.45882353
-0.45490196
-0.49803922
0.4
-0.44313726
0.46666667
-0.35686275
-0.28627452
-0.30588236
-0.17254902
-0.21176471
-0.27058825
-0.34509805
0.41568628
0.4862745
0.4862745
0.34509805
0.34509805
0.34509805
0.015686275
0.02745098
-0.03529412
-0.03529412
-0.03529412
-0.05490196
-0.05490196
-0.05490196
-0.05490196
-0.12156863
-0.12156863
-0.12156863
0.08627451
0.08627451
0.08627451
0.08627451
0.08627451
-0.12156863
-0.12156863
0.32156864
0.45882353
0.4627451
-0.019607844
0.47058824
0.3529412
0.27450982
0.2509804
0.34901962
0.33333334
0.078431375
0.10980392
0.08627451
0.0
0.0
0.07058824
0.07058824
0.07450981
0.13725491
0.007843138
0.003921569
0.0
0.08627451
-0.10980392
0.0
0.011764706
0.2784314
0.09803922
0.09803922
-0.003921569
0.16470589
0.09803922
0.09803922
0.09803922
0.09803922
-0.003921569
-0.003921569
-0.003921569
-0.003921569
-0.003921569
-0.003921569
0.047058824
-0.47843137
0.050980393
0.050980393
0.050980393
0.050980393
0.050980393
0.050980393
0.039215688
0.42745098
-0.38431373
-0.38431373
-0.38431373
-0.38431373
-0.38431373
0.043137256
0.023529412
0.0
0.0
0.0
0.0
0.0
0.003921569
0.0
0.0
0.0
0.0
0.0
0.0
0.0
0.0
0.0
0.22745098
0.22745098
0.22745098
0.22745098
0.11372549
0.02745098
0.043137256
0.043137256
0.26666668
0.35686275
0.4862745
-0.3764706
-0.23529412
-0.15294118
-0.22352941
0.47058824
-0.003921569
0.09803922
-0.050980393
-0.003921569
0.09803922
-0.003921569
-0.003921569
-0.003921569
-0.003921569
-0.003921569
-0.003921569
-0.30588236
0.09803922
0.35686275
0.3529412
-0.003921569
-0.003921569
-0.003921569
-0.003921569
-0.003921569
-0.003921569
-0.21568628
-0.21568628
0.07450981
0.06666667
0.02745098
0.023529412
0.043137256
0.03529412
0.3372549
-0.30588236
-0.22352941
-0.40784314
-0.48235294
-0.49411765
0.45882353
0.34509805
0.49803922
0.43137255
-0.42352942
-0.34117648
-0.34509805
-0.25882354
-0.2784314
-0.3372549
-0.39607844
0.42352942
0.4862745
0.4862745
0.34509805
0.34509805
0.34509805
0.007843138
0.011764706
-0.03529412
-0.03529412
-0.05490196
-0.05490196
-0.05490196
-0.05490196
-0.05490196
-0.05490196
-0.05490196
-0.05490196
-0.12156863
0.08627451
-0.12156863
-0.12156863
-0.12156863
-0.03137255
-0.03137255
0.09411765
0.09411765
-0.03137255
0.49411765
0.43137255
0.09803922
0.34117648
0.45490196
0.25490198
0.41568628
0.2509804
0.19607843
0.13725491
0.0
0.0
-0.27058825
-0.27058825
-0.105882354
-0.105882354
0.0
0.023529412
0.019607844
0.05490196
0.0
0.0
0.007843138
0.011764706
0.0
0.09803922
-0.003921569
0.09803922
0.09803922
0.09803922
0.09803922
0.09803922
-0.003921569
-0.003921569
-0.003921569
-0.003921569
-0.003921569
-0.003921569
-0.39215687
0.050980393
0.050980393
0.050980393
0.050980393
0.050980393
0.050980393
0.039215688
0.29803923
0.3372549
-0.38431373
-0.38431373
-0.38431373
-0.38431373
-0.38431373
0.007843138
0.003921569
0.0
0.0
0.0
0.0
0.0
0.0
0.003921569
0.011764706
0.003921569
0.007843138
0.0
0.0
0.0
0.0
0.0
0.0
0.22745098
0.22745098
0.08627451
0.101960786
0.1254902
0.043137256
0.043137256
0.24313726
0.32941177
0.47058824
-0.33333334
-0.12941177
-0.019607844
-0.1254902
-0.48235294
-0.003921569
-0.003921569
-0.003921569
-0.003921569
-0.003921569
-0.003921569
-0.003921569
-0.003921569
-0.003921569
-0.003921569
-0.003921569
-0.003921569
0.35686275
0.43137255
-0.4392157
0.41960785
0.09803922
0.09803922
-0.003921569
0.3529412
0.34901962
-0.21568628
-0.21568628
-0.22352941
-0.30588236
0.06666667
0.0
0.0
0.050980393
0.36078432
-0.39215687
-0.2901961
-0.45490196
0.4745098
0.44313726
0.38039216
0.3019608
0.41960785
0.35686275
0.49411765
-0.46666667
-0.49803922
-0.40784314
-0.46666667
-0.4862745
0.44313726
0.29803923
0.4862745
0.4862745
-0.38431373
0.34509805
0.34509805
0.007843138
0.003921569
0.007843138
0.05490196
-0.03529412
-0.05490196
-0.05490196
-0.05490196
-0.05490196
-0.05490196
-0.05490196
-0.05490196
-0.12156863
-0.12156863
-0.12156863
-0.12156863
-0.12156863
-0.03137255
-0.03137255
-0.03137255
-0.03137255
-0.03137255
0.30588236
-0.03137255
0.33333334
0.023529412
0.32156864
0.21568628
0.24313726
0.23921569
0.05490196
0.007843138
0.0
0.07058824
0.07058824
-0.27058825
0.07058824
0.07058824
0.019607844
0.0
0.0
0.0
0.0
0.101960786
0.007843138
0.007843138
0.18039216
0.12941177
0.09803922
0.30588236
-0.003921569
-0.003921569
0.09803922
0.09803922
-0.003921569
-0.003921569
-0.003921569
-0.003921569
-0.003921569
-0.003921569
0.050980393
0.050980393
0.050980393
0.050980393
0.050980393
0.050980393
0.039215688
0.039215688
0.34117648
0.4392157
0.3529412
-0.38431373
-0.38431373
-0.38431373
-0.38431373
0.003921569
0.0
0.007843138
0.011764706
0.011764706
0.0
0.0
0.0
0.0
0.007843138
0.007843138
0.0
0.0
0.0
0.0
0.0
0.0
0.0
0.0
0.03137255
0.0627451
0.078431375
0.09411765
0.11764706
0.13725491
0.16470589
-0.29803923
0.33333334
-0.4745098
-0.25490198
-0.10980392
-0.17254902
-0.47843137
-0.003921569
-0.003921569
-0.003921569
-0.003921569
0.09803922
-0.003921569
-0.003921569
-0.003921569
-0.003921569
-0.003921569
-0.003921569
-0.003921569
-0.3254902
0.4745098
-0.33333334
-0.48235294
0.09803922
0.09803922
-0.003921569
0.4392157
0.45882353
0.37254903
0.078431375
-0.22352941
-0.30588236
0.050980393
0.023529412
0.0
0.14901961
0.35686275
-0.43529412
-0.3529412
-0.48235294
0.46666667
0.44705883
0.38431373
0.30588236
0.43137255
0.35686275
0.48235294
-0.4862745
0.47058824
-0.47058824
0.47843137
0.4627451
0.41960785
0.30980393
0.4392157
0.4392157
-0.38431373
-0.38431373
-0.44313726
-0.44313726
0.0
0.0
0.019607844
0.31764707
-0.05490196
-0.05490196
-0.05490196
-0.003921569
-0.003921569
-0.05490196
-0.05490196
-0.13725491
-0.12156863
-0.12156863
-0.12156863
-0.12156863
-0.03137255
-0.03137255
-0.03137255
-0.03137255
0.30980393
0.047058824
-0.47058824
0.09411765
0.35686275
-0.40784314
0.05882353
0.14901961
0.2627451
0.015686275
0.0
0.0
0.07058824
0.07058824
-0.3529412
-0.29411766
0.48235294
0.02745098
0.02745098
0.0
0.0
0.12941177
0.11764706
0.050980393
0.09803922
0.09803922
-0.003921569
0.3647059
-0.44705883
-0.4117647
0.49411765
0.09803922
0.09803922
-0.003921569
-0.003921569
-0.003921569
-0.003921569
-0.003921569
-0.16862746
0.050980393
0.050980393
0.050980393
0.050980393
0.050980393
0.039215688
0.039215688
0.039215688
0.3019608
0.34509805
0.33333334
-0.38431373
-0.38431373
-0.38431373
-0.38431373
0.019607844
0.0
0.0
0.07450981
0.08235294
0.003921569
0.0
0.0
0.0
0.011764706
0.019607844
0.0
0.0
0.0
0.0
0.0
0.0
0.0
0.0
0.023529412
0.047058824
0.05490196
0.06666667
0.08235294
0.09019608
0.101960786
-0.29803923
-0.29803923
0.34901962
-0.4745098
-0.32941177
-0.33333334
0.46666667
-0.003921569
0.09803922
-0.003921569
-0.003921569
0.09803922
-0.003921569
-0.003921569
-0.003921569
-0.003921569
-0.003921569
-0.003921569
-0.003921569
-0.003921569
0.38039216
-0.34117648
-0.3529412
0.09803922
-0.003921569
-0.49803922
-0.34117648
0.3529412
-0.21568628
0.09411765
0.078431375
0.05490196
0.03137255
0.015686275
0.0
0.14901961
0.39215687
-0.47843137
-0.44313726
0.49411765
0.4392157
0.44313726
0.39215687
0.30980393
0.42352942
0.34509805
0.45490196
0.45882353
0.38431373
0.44705883
0.3529412
0.3647059
0.30588236
0.4392157
0.05490196
0.05490196
0.4392157
-0.44313726
0.05490196
0.05490196
0.05490196
0.0
0.0
0.0
0.007843138
-0.2
-0.003921569
-0.003921569
-0.003921569
-0.13725491
-0.13725491
-0.13725491
-0.13725491
-0.12156863
-0.12156863
-0.03137255
-0.03137255
-0.03137255
-0.03137255
0.30588236
-0.03137255
-0.03137255
0.3019608
0.09411765
0.050980393
0.32156864
0.26666668
0.30980393
0.3254902
0.07450981
0.0
0.09019608
0.09019608
-0.08627451
-0.36078432
-0.003921569
-0.14901961
0.41960785
0.02745098
0.0
0.05490196
0.011764706
0.011764706
0.050980393
0.09803922
0.09803922
-0.003921569
-0.050980393
0.41568628
-0.3764706
-0.42352942
0.49411765
0.09803922
-0.003921569
-0.003921569
-0.003921569
-0.003921569
-0.003921569
-0.35686275
0.050980393
0.050980393
0.050980393
0.050980393
0.039215688
0.039215688
0.039215688
0.30980393
0.32941177
0.3372549
-0.38431373
-0.38431373
-0.38431373
-0.38431373
-0.38431373
0.20392157
0.019607844
0.0
-0.078431375
-0.078431375
0.023529412
0.0
0.0
0.0
0.003921569
0.007843138
0.0
0.0
0.0
0.0
0.0
0.0
0.0
0.0
0.019607844
0.039215688
0.039215688
0.043137256
0.050980393
-0.4862745
-0.4862745
0.08627451
0.12941177
0.21960784
0.34117648
0.45490196
-0.5019608
0.43137255
-0.003921569
0.09803922
-0.14117648
-0.003921569
0.09803922
-0.003921569
-0.003921569
-0.003921569
-0.003921569
-0.003921569
-0.003921569
-0.003921569
-0.003921569
0.38039216
-0.35686275
-0.36078432
-0.003921569
0.4
-0.18431373
-0.22745098
0.3019608
0.09411765
0.09411765
0.09411765
0.039215688
0.007843138
0.0
0.019607844
0.34901962
0.36862746
0.43529412
0.49411765
0.44705883
0.43137255
0.45490196
0.42745098
0.32156864
0.4627451
0.35686275
0.47843137
0.4627451
0.35686275
0.4392157
0.30980393
0.3529412
-0.02745098
0.4392157
0.05490196
0.05490196
0.05490196
-0.38431373
0.05490196
0.05490196
-0.44313726
0.0
0.0
0.0
0.0
-0.2
-0.2
-0.003921569
-0.003921569
-0.1254902
-0.13725491
-0.13725491
-0.13725491
-0.12156863
-0.12156863
-0.12156863
0.09411765
0.09411765
0.09411765
0.30980393
-0.03137255
-0.03137255
0.007843138
-0.03137255
0.011764706
0.16470589
0.19607843
0.07058824
0.1764706
0.078431375
0.0
0.09019608
0.09803922
0.09803922
0.31764707
-0.08235294
-0.039215688
0.09803922
0.02745098
0.02745098
0.28235295
0.05490196
0.42745098
0.42745098
0.09803922
0.09803922
-0.003921569
-0.050980393
-0.050980393
0.3137255
-0.050980393
0.42745098
0.09803922
-0.003921569
-0.003921569
-0.003921569
-0.003921569
-0.003921569
0.050980393
-0.47843137
0.050980393
0.050980393
0.043137256
0.05490196
0.05490196
0.05490196
0.30588236
0.32941177
0.33333334
-0.38431373
-0.38431373
-0.38431373
-0.38431373
-0.38431373
0.24313726
0.043137256
0.0
-0.003921569
-0.078431375
0.0
0.0
0.0
0.0
0.0
0.0
0.0
0.0
0.0
0.0
0.0
0.0
0.0
0.0
0.019607844
0.03529412
0.03137255
0.03137255
0.039215688
0.050980393
-0.4862745
-0.4862745
-0.105882354
-0.105882354
-0.105882354
0.3529412
0.42745098
0.4862745
0.44313726
0.45490196
-0.039215688
-0.003921569
-0.003921569
-0.003921569
-0.003921569
-0.003921569
-0.003921569
-0.003921569
-0.003921569
-0.003921569
-0.003921569
-0.32156864
-0.36078432
0.4117647
0.09803922
0.43529412
-0.23137255
-0.42745098
0.3254902
0.09411765
0.09411765
0.09411765
0.07450981
0.0
0.0
0.43137255
0.34901962
0.31764707
0.35686275
0.43529412
0.43137255
0.41960785
0.4862745
0.45882353
0.35686275
0.4862745
0.38431373
0.47843137
0.46666667
0.36078432
0.41960785
0.30588236
0.34509805
-0.34117648
-0.34117648
-0.4392157
-0.4392157
-0.4392157
-0.38431373
-0.44313726
-0.44313726
-0.44313726
-0.44313726
0.0
0.0
0.0
0.003921569
0.007843138
0.003921569
-0.1254902
-0.1254902
-0.13725491
-0.13725491
-0.12156863
-0.12156863
-0.12156863
-0.12156863
0.09411765
0.09411765
0.09411765
0.09411765
0.09411765
-0.03137255
-0.03137255
-0.03137255
0.003921569
0.078431375
0.011764706
0.09803922
0.09803922
0.047058824
0.047058824
0.09019608
0.09803922
0.09803922
0.2
-0.22352941
0.09019608
0.02745098
0.02745098
0.003921569
0.0
0.0
0.42745098
0.42745098
0.07058824
0.09803922
0.29803923
-0.050980393
-0.050980393
-0.050980393
-0.050980393
0.09803922
0.09803922
-0.003921569
-0.003921569
-0.003921569
-0.003921569
-0.003921569
0.050980393
0.44705883
0.043137256
0.043137256
0.043137256
0.05490196
0.039215688
0.039215688
0.05490196
0.33333334
0.3529412
0.31764707
-0.38431373
-0.38431373
-0.38431373
0.011764706
0.26666668
0.06666667
0.0
-0.003921569
-0.078431375
0.0
0.0
0.0
0.0
0.0
0.0
0.0
0.0
0.0
0.0
0.0
0.0
0.0
0.0
0.023529412
0.043137256
0.039215688
0.039215688
0.043137256
0.03137255
0.31764707
0.31764707
0.15294118
-0.105882354
0.3137255
0.36078432
0.4627451
-0.39607844
-0.3372549
-0.11372549
-0.003921569
-0.003921569
-0.003921569
-0.003921569
-0.003921569
-0.003921569
-0.003921569
-0.003921569
-0.003921569
-0.003921569
-0.003921569
-0.09019608
-0.44313726
0.4392157
-0.4862745
-0.37254903
-0.23137255
-0.45490196
0.3764706
0.09803922
-0.050980393
-0.050980393
-0.23137255
0.043137256
0.043137256
0.43137255
0.21568628
0.3254902
0.3254902
0.34901962
0.3647059
0.36862746
0.43529412
0.41960785
0.34509805
0.44705883
0.35686275
0.42745098
0.39215687
-0.44705883
0.34117648
-0.3019608
-0.34117648
-0.34117648
0.42352942
0.42352942
-0.4392157
-0.4392157
-0.4392157
-0.44313726
-0.44313726
-0.44313726
-0.44313726
0.0
0.003921569
0.0
0.0
0.003921569
0.019607844
-0.003921569
-0.1254902
-0.14901961
-0.14901961
-0.14901961
-0.12156863
-0.12156863
-0.12156863
-0.03137255
0.09411765
0.0627451
0.0627451
0.09803922
0.09803922
0.09411765
-0.03137255
-0.03137255
0.023529412
0.0
0.09803922
0.09803922
0.047058824
0.047058824
0.09019608
0.09019608
0.0
0.09019608
-0.08627451
-0.08627451
0.02745098
0.0
0.007843138
0.015686275
0.019607844
0.42745098
0.0
0.07058824
0.33333334
-0.4745098
0.3764706
-0.003921569
-0.050980393
0.09803922
0.09803922
0.09803922
-0.003921569
-0.003921569
-0.003921569
-0.003921569
-0.03137255
0.36862746
0.44705883
0.043137256
0.043137256
0.043137256
0.039215688
0.039215688
0.039215688
0.3019608
0.35686275
0.38431373
0.3647059
0.31764707
-0.39607844
-0.39607844
-0.4509804
0.24705882
0.07058824
0.0
-0.003921569
-0.078431375
0.0
0.0
0.0
0.0
0.0
0.0
0.0
0.0
0.0
0.0
0.0
0.0
0.0
0.0
0.02745098
0.0627451
0.05490196
0.05490196
0.03137255
0.03137255
0.03137255
0.31764707
0.06666667
0.06666667
0.29803923
0.3764706
0.49411765
-0.33333334
-0.12156863
-0.003921569
-0.003921569
-0.003921569
-0.003921569
-0.003921569
-0.003921569
-0.003921569
-0.003921569
-0.003921569
-0.003921569
-0.003921569
-0.003921569
-0.19215687
0.4117647
0.47843137
-0.24313726
-0.09803922
-0.39215687
-0.4745098
0.48235294
0.09803922
-0.050980393
-0.23137255
-0.23137255
0.043137256
0.43137255
0.43137255
0.21568628
0.3254902
0.3254902
0.30588236
0.30980393
0.3254902
0.4
0.3882353
0.32156864
0.43529412
0.34509805
0.41568628
0.38431373
-0.44313726
0.33333334
-0.34117648
-0.34117648
-0.45490196
0.42352942
0.42352942
-0.4392157
0.39215687
-0.16470589
-0.44313726
-0.44313726
-0.44313726
-0.44313726
-0.44313726
0.0
0.0
0.0
0.007843138
-0.003921569
-0.003921569
-0.003921569
-0.14901961
-0.14901961
-0.14901961
0.078431375
-0.21960784
0.08235294
0.08235294
-0.03137255
0.0
0.0
-0.003921569
-0.003921569
0.09803922
0.09803922
0.09803922
0.11764706
0.03529412
0.003921569
0.03137255
0.007843138
0.047058824
0.047058824
0.09019608
0.0
0.28627452
-0.08627451
0.0
0.007843138
0.0
0.0
0.08627451
0.08627451
0.08627451
0.08627451
0.08627451
-0.49411765
-0.33333334
-0.40392157
-0.4745098
0.33333334
0.09803922
0.09803922
0.09803922
-0.003921569
-0.003921569
-0.003921569
-0.003921569
-0.023529412
0.043137256
0.44705883
0.043137256
0.043137256
0.043137256
0.039215688
0.05490196
0.05490196
-0.42352942
0.32156864
0.36862746
0.3372549
0.30588236
0.32156864
-0.4509804
-0.4509804
0.14117648
0.02745098
0.0
-0.003921569
-0.078431375
0.0
0.0
0.0
0.02745098
0.0
0.0
0.0
0.0
0.0
0.0
0.0
0.0
0.0
0.0
0.047058824
0.047058824
0.0627451
0.06666667
0.03137255
0.039215688
0.039215688
0.039215688
-0.31764707
-0.31764707
-0.1882353
0.3137255
0.41960785
-0.40392157
-0.10980392
-0.003921569
-0.003921569
-0.003921569
-0.003921569
-0.003921569
-0.003921569
-0.003921569
-0.003921569
-0.003921569
-0.003921569
-0.003921569
-0.09803922
-0.45882353
0.36078432
0.4392157
-0.23921569
-0.16078432
0.09803922
0.09803922
0.09803922
-0.003921569
-0.003921569
-0.23137255
-0.23137255
0.0
0.43137255
0.43137255
0.21568628
0.22745098
-0.3529412
-0.3529412
-0.3529412
-0.3529412
0.31764707
-0.3372549
-0.3372549
0.34901962
-0.44313726
0.34509805
0.29803923
-0.44313726
-0.44313726
-0.47058824
-0.34117648
-0.45490196
-0.45490196
-0.34509805
-0.34509805
0.34117648
-0.16470589
-0.16470589
-0.44313726
-0.44313726
-0.44313726
-0.44313726
0.0
0.0
0.007843138
0.0
0.09803922
-0.003921569
-0.003921569
-0.13333334
-0.13333334
-0.13333334
0.078431375
0.078431375
0.08235294
0.08235294
0.05490196
-0.34117648
0.0
0.003921569
0.03137255
0.050980393
-0.003921569
-0.003921569
0.007843138
0.003921569
0.003921569
0.16470589
0.050980393
0.03529412
0.07450981
0.09019608
0.007843138
0.08627451
0.007843138
0.0
0.09019608
0.0
0.08627451
0.08627451
0.08627451
0.08627451
0.08627451
0.40784314
-0.3254902
-0.16078432
-0.13725491
-0.20784314
0.42745098
0.09803922
0.043137256
-0.003921569
-0.003921569
-0.003921569
-0.003921569
-0.003921569
-0.003921569
0.043137256
0.44705883
0.043137256
0.043137256
0.043137256
0.05490196
0.05490196
0.05490196
0.05490196
0.3372549
0.38039216
0.36862746
0.3372549
0.05882353
0.30588236
-0.4509804
0.0627451
0.003921569
0.0
-0.003921569
-0.078431375
0.0
0.0
0.0
0.0
0.0
0.0
0.0
0.0
0.0
0.0
0.0
0.0
0.0
0.043137256
0.047058824
0.047058824
0.043137256
0.043137256
0.03137255
0.3372549
0.047058824
0.047058824
-0.31764707
-0.31764707
-0.1882353
-0.1882353
-0.003921569
0.45882353
-0.23529412
-0.003921569
-0.003921569
-0.003921569
-0.003921569
-0.003921569
-0.003921569
-0.003921569
-0.003921569
-0.003921569
-0.003921569
-0.003921569
0.08627451
0.08627451
0.36078432
0.43529412
-0.1254902
-0.18039216
0.09803922
0.09803922
0.09803922
-0.003921569
-0.003921569
-0.23137255
-0.23137255
0.43137255
-0.27058825
0.3372549
0.3372549
0.2784314
-0.3529412
-0.3529412
-0.3529412
-0.3529412
-0.3372549
-0.3372549
-0.3372549
-0.44313726
-0.44313726
-0.44313726
-0.44313726
-0.44313726
-0.44313726
-0.22352941
-0.22352941
-0.45490196
-0.45490196
-0.34509805
-0.34509805
0.3529412
-0.16470589
-0.16470589
-0.16470589
-0.44313726
-0.44313726
-0.44313726
0.0
0.019607844
0.05490196
0.043137256
0.0
0.09803922
0.09803922
-0.13333334
-0.13333334
-0.13333334
0.42352942
0.42352942
0.039215688
0.42352942
0.42352942
0.05490196
0.05490196
0.09411765
0.09411765
0.0
0.11372549
-0.003921569
-0.003921569
-0.003921569
0.007843138
0.011764706
0.043137256
0.0
0.02745098
0.043137256
0.09019608
0.0
0.09019608
0.09019608
0.09019608
0.08627451
0.08627451
0.08627451
0.08627451
0.08627451
0.34901962
-0.3372549
-0.2509804
-0.050980393
-0.003921569
-0.1764706
-0.44705883
0.043137256
-0.10980392
-0.003921569
-0.003921569
-0.003921569
-0.003921569
-0.003921569
-0.003921569
-0.003921569
0.44705883
0.043137256
0.043137256
0.043137256
0.05490196
0.05490196
0.05490196
0.3019608
0.3372549
0.34509805
0.31764707
-0.41568628
-0.41568628
-0.41568628
-0.12156863
0.015686275
-0.2509804
0.003921569
-0.003921569
-0.078431375
0.0
0.0
0.0
0.003921569
0.003921569
0.0
0.0
0.0
0.0
0.0
0.0
0.03529412
0.050980393
0.043137256
0.047058824
0.043137256
0.043137256
0.043137256
0.03529412
0.047058824
0.047058824
0.047058824
0.047058824
0.047058824
-0.1882353
0.09803922
-0.003921569
0.31764707
-0.4862745
-0.13333334
-0.003921569
-0.003921569
-0.003921569
-0.003921569
-0.003921569
-0.003921569
-0.003921569
-0.003921569
-0.003921569
-0.003921569
-0.41568628
0.4
0.08627451
0.4392157
-0.10980392
0.09803922
0.09803922
0.09803922
0.09803922
-0.003921569
-0.003921569
-0.23137255
0.08235294
0.43137255
-0.27058825
0.23921569
0.40392157
0.39215687
0.29803923
0.30588236
-0.3529412
-0.3529412
-0.3372549
-0.3372549
-0.3372549
-0.44313726
-0.44313726
-0.44313726
-0.44313726
-0.44313726
-0.44313726
-0.22352941
-0.22352941
-0.45490196
-0.34509805
-0.34509805
-0.34509805
0.30588236
-0.16470589
-0.16470589
-0.16470589
0.05490196
0.05490196
0.05490196
0.0
0.007843138
0.015686275
0.007843138
0.0
0.0
0.0
0.08627451
-0.13333334
0.42352942
0.42352942
0.42352942
0.42352942
0.42352942
0.42352942
0.039215688
0.0
0.0
-0.03137255
0.0
0.0
0.007843138
0.12156863
0.105882354
0.05882353
0.015686275
0.0
0.49411765
0.047058824
0.003921569
0.0
0.09019608
0.09019608
0.09019608
0.09019608
0.08627451
0.08627451
0.08627451
0.08627451
0.08627451
0.40784314
-0.21568628
-0.26666668
-0.015686275
-0.06666667
-0.35686275
-0.4
-0.4862745
-0.003921569
-0.003921569
-0.003921569
-0.003921569
-0.003921569
-0.003921569
-0.003921569
-0.003921569
0.44705883
0.043137256
0.043137256
0.007843138
0.05490196
0.05490196
0.32156864
0.34117648
0.35686275
0.3372549
0.29803923
-0.41568628
-0.41568628
-0.41568628
-0.12156863
-0.36078432
-0.36078432
0.015686275
0.007843138
0.0
0.023529412
0.0
0.023529412
0.0
0.015686275
0.011764706
0.0
0.0
0.0
0.0
0.0
0.03529412
0.08235294
0.08235294
0.08235294
0.043137256
0.043137256
0.043137256
0.043137256
0.047058824
0.047058824
0.047058824
0.047058824
0.047058824
0.047058824
0.09803922
0.09803922
0.09803922
-0.003921569
0.3372549
-0.29803923
-0.003921569
-0.003921569
-0.003921569
-0.003921569
-0.003921569
-0.003921569
-0.003921569
-0.003921569
-0.003921569
-0.3372549
0.3647059
0.19607843
-0.4627451
-0.14901961
0.09803922
-0.41568628
0.09803922
0.09803922
0.32941177
0.32156864
-0.23137255
0.047058824
-0.27058825
-0.27058825
0.3372549
0.46666667
0.49411765
0.3764706
0.34117648
-0.3529412
-0.3529412
-0.3372549
-0.3372549
-0.3372549
-0.44313726
-0.44313726
-0.44313726
-0.44313726
-0.44313726
-0.22352941
-0.22352941
-0.22352941
-0.45490196
-0.34509805
-0.34509805
-0.34509805
-0.34509805
-0.16470589
-0.16470589
-0.16470589
-0.38431373
0.05490196
0.05490196
-0.40784314
0.015686275
0.003921569
-0.34509805
-0.34509805
0.0
0.0
0.08627451
0.039215688
0.42352942
0.42352942
0.42352942
0.42352942
0.42352942
0.42352942
0.42352942
0.42352942
-0.36862746
0.0
-0.4
0.0
0.0
0.003921569
0.007843138
0.07450981
0.02745098
0.003921569
0.047058824
0.047058824
0.49411765
0.047058824
0.0
0.023529412
0.08627451
0.08627451
0.08627451
0.08627451
0.08627451
0.08627451
0.3137255
-0.33333334
-0.3764706
-0.3882353
-0.19607843
-0.35686275
-0.43137255
0.09803922
-0.003921569
-0.003921569
-0.003921569
-0.003921569
-0.003921569
-0.003921569
-0.003921569
-0.003921569
-0.003921569
0.44705883
0.043137256
0.03137255
0.05490196
0.05490196
0.38039216
0.39215687
0.39607844
0.39215687
0.3764706
0.3137255
-0.41568628
-0.41568628
-0.41568628
-0.12156863
-0.36078432
-0.36078432
0.023529412
0.011764706
0.0
0.023529412
0.0
0.003921569
0.003921569
0.023529412
0.0
0.0
0.0
0.0
0.0
0.0
0.08235294
0.08235294
0.08235294
0.07450981
0.043137256
0.043137256
0.043137256
0.4509804
0.09803922
0.09803922
0.09803922
-0.003921569
0.48235294
0.48235294
-0.003921569
-0.003921569
-0.003921569
0.09803922
-0.003921569
0.09803922
-0.22352941
-0.078431375
-0.003921569
-0.003921569
-0.003921569
-0.003921569
-0.003921569
-0.003921569
-0.003921569
0.09803922
0.3137255
0.49019608
-0.19215687
-0.18039216
-0.019607844
-0.4862745
0.4745098
0.09803922
0.3882353
0.38431373
-0.23137255
0.023529412
-0.27058825
-0.27058825
0.44705883
-0.41960785
-0.38039216
0.4862745
0.41568628
0.32156864
-0.3529412
-0.3372549
-0.3372549
-0.3372549
-0.4745098
-0.44313726
-0.44313726
-0.44313726
-0.44313726
-0.22352941
-0.22352941
-0.22352941
-0.45490196
-0.34509805
-0.34509805
-0.34509805
-0.34509805
0.32941177
-0.16470589
-0.16470589
-0.16470589
-0.38431373
-0.40784314
-0.40784314
-0.40784314
0.078431375
-0.34509805
-0.34509805
-0.34509805
0.0
0.0
0.039215688
0.039215688
0.039215688
0.42352942
0.42352942
0.42352942
0.42352942
0.42352942
0.42352942
0.42352942
-0.4
0.08235294
0.08235294
0.0
0.07058824
0.07058824
0.0
0.0
0.0
0.49411765
0.49411765
0.49411765
0.047058824
0.047058824
0.050980393
0.050980393
0.4
0.08627451
0.08627451
0.08627451
0.08627451
0.34509805
-0.3254902
0.4117647
0.4627451
0.38431373
0.09803922
0.08627451
-0.28235295
-0.003921569
-0.003921569
-0.003921569
-0.003921569
-0.003921569
-0.003921569
-0.003921569
-0.003921569
-0.14509805
0.043137256
-0.4117647
0.49411765
0.09411765
0.3764706
0.4392157
0.43137255
0.42352942
0.43137255
0.40784314
-0.41568628
-0.41568628
-0.41568628
-0.41568628
-0.12156863
-0.36078432
-0.36078432
0.023529412
0.02745098
0.02745098
0.0
0.0
0.003921569
0.007843138
0.02745098
0.0
0.0
0.0
0.0
0.0
0.0
0.08235294
-0.47058824
-0.47058824
0.07450981
0.34901962
-0.19607843
-0.29803923
0.21568628
-0.003921569
-0.003921569
-0.003921569
-0.003921569
0.09803922
0.09803922
-0.003921569
-0.003921569
-0.003921569
-0.003921569
-0.003921569
0.09803922
-0.3529412
-0.39215687
-0.36078432
-0.07058824
-0.17254902
-0.003921569
-0.003921569
-0.003921569
-0.003921569
-0.34509805
0.4509804
-0.21960784
-0.003921569
-0.30588236
-0.019607844
-0.4745098
-0.40392157
0.09803922
-0.003921569
0.30588236
0.19215687
0.03137255
-0.27058825
-0.27058825
-0.47843137
-0.30588236
-0.25882354
-0.40784314
0.49803922
0.39607844
0.32156864
0.4745098
0.35686275
-0.4745098
-0.4745098
0.05490196
-0.44313726
-0.44313726
-0.44313726
0.3764706
-0.22352941
0.48235294
0.14901961
-0.36078432
-0.34509805
-0.34509805
-0.34509805
-0.16470589
-0.16470589
-0.16470589
-0.16470589
-0.40784314
-0.21960784
-0.40784314
0.36862746
-0.32156864
-0.34509805
-0.34509805
-0.34509805
-0.34509805
0.0
0.0
0.039215688
0.039215688
0.039215688
0.039215688
0.039215688
0.039215688
0.42352942
0.42352942
0.42352942
0.34117648
0.08235294
0.08235294
0.08235294
0.07058824
0.07058824
0.0
0.0
0.0
0.047058824
0.047058824
0.047058824
0.047058824
0.047058824
0.050980393
0.050980393
0.050980393
0.08627451
0.08627451
0.08627451
0.08627451
0.08627451
0.34509805
0.08627451
0.08627451
0.08627451
0.08627451
-0.42745098
-0.003921569
-0.003921569
-0.003921569
-0.003921569
-0.003921569
-0.003921569
-0.003921569
-0.003921569
-0.12941177
-0.49803922
0.023529412
-0.3137255
-0.20392157
0.09411765
0.47843137
0.49411765
0.4745098
0.47058824
-0.4862745
0.13725491
-0.41568628
-0.41568628
-0.41568628
-0.41568628
-0.12156863
-0.36078432
-0.36078432
0.0
0.0
0.0
0.047058824
0.03137255
0.003921569
0.007843138
0.0
0.0
0.0
0.0
0.0
0.0
0.0
0.08235294
-0.17254902
-0.44705883
-0.17254902
0.42745098
0.34117648
-0.06666667
-0.06666667
-0.003921569
-0.003921569
-0.003921569
-0.003921569
-0.003921569
-0.003921569
-0.003921569
-0.003921569
0.09803922
-0.003921569
-0.003921569
0.09803922
-0.24705882
-0.14509805
-0.14901961
-0.09411765
-0.23529412
-0.003921569
-0.003921569
-0.003921569
-0.003921569
0.09803922
0.09803922
-0.34509805
-0.03529412
0.09803922
0.02745098
-0.30980393
-0.44313726
0.09803922
-0.003921569
-0.003921569
0.11764706
0.043137256
-0.27058825
-0.27058825
-0.4392157
-0.23529412
-0.16470589
-0.3254902
-0.44313726
0.44705883
0.34117648
0.3019608
-0.18431373
-0.18431373
-0.4745098
-0.4745098
-0.27058825
0.3764706
0.3764706
0.3764706
0.48235294
0.48235294
-0.36078432
-0.36078432
-0.36078432
0.3882353
-0.34509805
0.25490198
0.25490198
-0.16470589
0.4862745
-0.21960784
0.30980393
0.44313726
-0.45882353
0.3764706
0.3254902
-0.34509805
-0.34509805
-0.34509805
0.011764706
0.007843138
0.039215688
0.039215688
0.05490196
0.05490196
0.039215688
0.039215688
0.039215688
0.039215688
0.039215688
0.03137255
0.08235294
0.08235294
0.08235294
0.07058824
0.07058824
0.07058824
0.047058824
0.047058824
0.047058824
0.047058824
0.047058824
0.047058824
0.047058824
0.050980393
0.050980393
0.050980393
0.03529412
0.08627451
0.08627451
0.08627451
0.08627451
0.08627451
0.08627451
0.08627451
-0.11372549
-0.33333334
-0.003921569
-0.003921569
-0.003921569
-0.003921569
-0.003921569
-0.003921569
-0.003921569
-0.003921569
-0.023529412
0.49411765
0.023529412
0.023529412
-0.3137255
-0.003921569
-0.003921569
-0.3764706
-0.49411765
0.4745098
-0.49019608
-0.5019608
-0.5019608
0.07450981
0.38431373
0.38431373
0.38431373
-0.12156863
-0.36078432
-0.36078432
0.0
0.0
0.03137255
0.078431375
0.011764706
0.019607844
0.02745098
0.0
0.0
0.0
0.0
0.0
0.0
0.0
-0.17254902
-0.17254902
0.38039216
-0.06666667
0.42352942
0.36862746
0.32156864
0.30588236
-0.05490196
-0.05490196
-0.003921569
-0.003921569
-0.003921569
0.09803922
0.09803922
-0.003921569
0.09803922
0.3137255
0.37254903
0.49803922
-0.21568628
-0.003921569
-0.003921569
-0.07058824
-0.023529412
-0.003921569
-0.003921569
-0.003921569
-0.003921569
0.09803922
0.35686275
-0.33333334
-0.1254902
0.05490196
0.0627451
-0.36078432
0.35686275
0.09803922
0.31764707
0.23137255
0.078431375
0.043137256
-0.27058825
0.32941177
-0.39215687
-0.18039216
-0.08235294
-0.2509804
-0.39215687
0.49803922
0.36862746
-0.22352941
-0.18431373
-0.18431373
-0.4745098
-0.4745098
-0.27058825
0.3764706
0.3764706
0.48235294
0.48235294
0.48235294
-0.36078432
-0.36078432
-0.36078432
0.3882353
0.3882353
-0.03137255
-0.03137255
0.08235294
0.42745098
0.3882353
0.3137255
0.49411765
-0.4509804
-0.3254902
0.45490196
-0.003921569
-0.34509805
-0.34509805
0.007843138
0.023529412
0.011764706
0.05490196
0.05490196
0.05490196
0.05490196
0.039215688
0.039215688
0.039215688
0.023529412
0.09019608
0.08627451
0.08627451
0.08627451
0.09019608
0.07058824
0.07058824
0.07058824
0.078431375
0.047058824
0.047058824
0.047058824
0.047058824
0.047058824
0.050980393
0.050980393
0.08627451
0.08627451
0.08627451
-0.11372549
-0.11372549
-0.11372549
-0.11372549
0.08627451
0.08627451
-0.45490196
-0.003921569
-0.003921569
-0.003921569
-0.003921569
-0.003921569
-0.003921569
-0.003921569
-0.003921569
-0.14901961
0.46666667
0.31764707
0.023529412
0.38431373
-0.2627451
-0.003921569
-0.003921569
-0.2784314
-0.49411765
0.4627451
-0.45490196
0.05490196
0.22352941
0.38431373
0.38431373
0.38431373
0.38431373
0.38431373
-0.36078432
0.0
0.019607844
0.02745098
0.015686275
0.03529412
0.023529412
0.015686275
0.019607844
0.47058824
0.047058824
0.047058824
0.47058824
0.0
0.0
0.0
-0.44705883
0.38039216
0.38039216
0.3882353
0.42352942
0.41568628
0.4117647
0.4392157
0.45490196
0.43137255
0.40784314
0.38039216
0.38039216
0.3882353
0.38431373
0.40392157
0.49019608
-0.36862746
-0.26666668
-0.1882353
-0.16078432
-0.10980392
-0.12156863
-0.13333334
-0.003921569
-0.003921569
-0.003921569
-0.003921569
0.09803922
0.09803922
-0.38039216
-0.09803922
-0.14901961
0.05490196
0.05882353
-0.3372549
0.30980393
0.09803922
-0.003921569
0.2627451
0.0
0.007843138
-0.27058825
0.3254902
-0.4
-0.2
-0.12156863
-0.28235295
-0.42352942
0.4627451
0.32156864
0.34901962
0.3254902
-0.18431373
0.3529412
-0.27058825
-0.27058825
0.3764706
0.3764706
0.48235294
0.48235294
-0.36078432
-0.36078432
-0.36078432
0.3882353
0.3882353
0.3882353
-0.03137255
-0.03137255
-0.03137255
0.4627451
0.44313726
0.30588236
-0.49803922
-0.4117647
-0.33333334
0.49019608
0.33333334
0.27058825
0.16470589
0.13333334
0.101960786
0.11764706
0.05882353
0.05490196
0.05490196
0.05490196
0.003921569
0.003921569
0.023529412
0.09019608
0.09019608
0.08627451
0.08627451
0.08627451
0.09019608
0.09019608
0.07058824
0.07058824
0.078431375
0.047058824
0.047058824
0.047058824
0.047058824
0.050980393
0.050980393
0.050980393
0.08627451
0.08627451
-0.07450981
-0.07450981
-0.11372549
-0.11372549
-0.11372549
-0.28627452
0.35686275
-0.4392157
-0.20392157
-0.007843138
-0.003921569
-0.003921569
-0.003921569
0.32941177
0.36078432
0.3254902
0.36078432
0.27450982
0.02745098
0.023529412
-0.4
-0.14901961
-0.003921569
-0.003921569
-0.30588236
-0.49019608
0.4862745
0.24705882
0.28627452
0.38431373
0.38431373
0.38431373
0.38431373
0.38431373
0.38431373
0.38431373
0.0
0.003921569
0.003921569
0.0
0.023529412
0.023529412
0.019607844
0.043137256
0.47058824
0.47058824
0.47058824
0.47058824
0.47058824
0.47058824
0.0
-0.44705883
0.03529412
0.38039216
0.03529412
0.39607844
0.4117647
0.41960785
0.49803922
-0.45490196
-0.45490196
-0.47058824
-0.49411765
0.49411765
0.43137255
0.4117647
0.4745098
-0.47058824
-0.3019608
-0.14509805
-0.10980392
-0.20392157
-0.29803923
-0.32156864
-0.2627451
-0.003921569
-0.003921569
-0.003921569
-0.003921569
0.09019608
0.09803922
-0.43137255
-0.1254902
0.09803922
0.0627451
0.078431375
-0.18431373
0.09803922
0.09803922
-0.003921569
0.0627451
0.019607844
0.10980392
-0.27058825
-0.003921569
-0.43137255
-0.26666668
-0.20784314
-0.36862746
0.49803922
0.4
0.09803922
0.3137255
0.34901962
0.32941177
0.42745098
0.3137255
-0.27058825
0.36078432
0.36078432
0.48235294
0.48235294
-0.36078432
-0.36078432
-0.36078432
0.3882353
0.3882353
-0.03137255
-0.03137255
-0.03137255
-0.03137255
0.39607844
0.41960785
0.29803923
-0.49411765
-0.4
-0.33333334
-0.1254902
-0.43137255
0.48235294
0.3137255
0.32941177
0.23529412
0.3254902
0.09803922
0.039215688
0.047058824
0.047058824
0.019607844
0.007843138
0.02745098
0.09019608
0.09019608
0.09019608
0.08627451
0.08627451
0.09019608
0.09019608
0.07058824
0.078431375
0.078431375
0.078431375
0.078431375
0.078431375
0.078431375
0.078431375
0.078431375
0.08627451
0.08627451
0.08627451
0.09019608
0.09019608
0.09019608
0.08627451
0.08627451
-0.28627452
-0.28627452
-0.28627452
-0.11372549
-0.11372549
-0.22745098
-0.22745098
0.4745098
0.34901962
-0.29411766
-0.29411766
0.07058824
0.019607844
0.3647059
0.4862745
-0.34509805
-0.11372549
-0.003921569
-0.003921569
-0.41960785
0.49803922
0.47058824
0.34509805
0.20784314
0.38431373
0.29411766
0.29411766
-0.3647059
-0.3647059
-0.28627452
-0.28627452
0.43137255
0.0
0.0
0.0
0.0
0.0
0.0
0.0
0.47058824
0.47058824
0.47058824
0.47058824
0.47058824
0.47058824
0.47058824
0.0
0.38039216
0.38039216
0.3882353
0.34117648
0.36862746
0.39215687
0.46666667
-0.47843137
-0.4627451
-0.4627451
-0.45882353
-0.46666667
0.3529412
0.29803923
0.45882353
-0.48235294
-0.30980393
-0.18431373
-0.21960784
-0.35686275
-0.46666667
-0.42745098
-0.27058825
-0.003921569
-0.003921569
-0.003921569
-0.003921569
0.07450981
0.09019608
-0.46666667
-0.28235295
0.09803922
-0.003921569
-0.08235294
-0.1882353
0.09803922
0.09803922
-0.003921569
-0.003921569
0.011764706
-0.49803922
-0.49803922
-0.003921569
0.4862745
-0.4
-0.38039216
0.47843137
0.34509805
0.09803922
0.09803922
0.3137255
0.078431375
0.30980393
0.45882353
0.35686275
0.36862746
0.36078432
-0.25490198
0.36078432
0.20784314
-0.36078432
-0.36078432
-0.36078432
0.3882353
-0.4862745
-0.03137255
-0.03137255
-0.03137255
-0.03137255
0.43529412
0.38431373
0.34901962
-0.48235294
-0.40784314
-0.34509805
-0.45882353
-0.36862746
-0.4117647
0.23137255
0.41568628
0.09803922
0.39215687
0.09803922
0.047058824
0.047058824
0.047058824
0.02745098
0.023529412
0.03137255
0.09019608
0.09019608
0.09019608
0.09019608
0.09019608
0.09019608
0.09019608
0.09019608
0.078431375
0.078431375
0.078431375
0.078431375
0.078431375
0.078431375
0.078431375
0.078431375
0.078431375
0.08627451
0.08627451
0.09019608
0.09019608
0.09019608
0.08627451
0.08627451
0.07058824
0.07058824
0.08627451
0.08627451
0.07450981
0.07450981
0.07450981
0.07450981
0.07450981
0.07058824
0.07058824
0.07058824
0.07058824
0.38039216
0.47058824
-0.3764706
-0.1764706
-0.105882354
-0.25490198
-0.4745098
0.4745098
0.078431375
0.2627451
0.023529412
-0.49411765
-0.49411765
-0.30588236
-0.3647059
-0.28627452
-0.28627452
0.42352942
0.42352942
0.0
0.0
0.0
0.0
0.0
0.0
0.0
0.0
0.32941177
0.47058824
0.47058824
0.47058824
0.47058824
0.47058824
0.0
0.0
0.3882353
0.3882353
0.02745098
0.3254902
0.35686275
0.39607844
0.42745098
0.44705883
0.45490196
0.45882353
0.44313726
0.42352942
0.4
0.39215687
0.4745098
-0.38431373
-0.34117648
-0.47058824
0.34509805
0.35686275
-0.36078432
-0.003921569
-0.003921569
-0.003921569
-0.003921569
-0.003921569
0.07450981
-0.14901961
-0.3372549
0.09803922
-0.003921569
-0.003921569
-0.23137255
-0.36078432
0.09803922
0.09803922
-0.003921569
-0.003921569
-0.49803922
-0.49803922
-0.49803922
-0.003921569
0.3764706
0.42352942
0.38431373
-0.003921569
0.09803922
-0.007843138
-0.007843138
0.4
0.078431375
0.3254902
0.49411765
0.3882353
0.4117647
0.30980393
-0.25490198
-0.25490198
0.3137255
-0.36078432
-0.36078432
-0.36078432
0.3882353
-0.4862745
-0.03137255
-0.03137255
-0.03137255
-0.015686275
0.38431373
0.36078432
0.44705883
-0.4745098
-0.41960785
-0.38431373
-0.23137255
0.40784314
0.38039216
-0.4117647
0.1882353
0.32156864
0.09803922
0.09803922
0.047058824
0.047058824
0.047058824
0.13725491
0.10980392
0.101960786
0.09019608
0.09019608
0.09019608
0.09019608
0.09019608
0.09019608
0.09019608
0.09019608
0.078431375
0.078431375
0.078431375
0.078431375
0.078431375
0.078431375
0.078431375
0.078431375
0.078431375
0.08627451
0.08627451
0.06666667
0.09019608
0.06666667
0.08627451
0.08627451
0.08627451
0.08627451
0.08627451
0.08627451
0.07450981
0.07450981
0.07450981
0.07450981
0.07450981
0.07058824
0.07058824
0.07058824
0.07058824
0.34117648
0.40392157
-0.47058824
-0.34509805
-0.3372549
-0.42745098
0.47058824
0.42745098
-0.36862746
-0.23529412
-0.23529412
-0.30588236
-0.30588236
-0.30588236
-0.30588236
-0.28627452
-0.28627452
0.42352942
0.42352942
-0.2509804
-0.2509804
0.0
0.0
0.0
0.003921569
0.0
0.0
0.32941177
0.32941177
0.32941177
0.32941177
0.47058824
0.47058824
0.0
0.0
0.0
0.38039216
0.02745098
0.2627451
0.36078432
0.30980393
0.3137255
0.3137255
0.3019608
-0.36078432
0.24313726
0.21568628
0.1764706
0.20392157
0.29803923
0.35686275
0.35686275
0.36862746
0.33333334
-0.49411765
-0.101960786
-0.003921569
-0.003921569
-0.003921569
-0.003921569
-0.003921569
0.0627451
-0.42745098
-0.15686275
0.09803922
-0.003921569
-0.25490198
-0.21960784
-0.4745098
0.09803922
0.09803922
-0.003921569
-0.003921569
-0.49803922
-0.49803922
0.09803922
-0.003921569
-0.003921569
-0.003921569
0.09803922
0.09803922
-0.007843138
0.34901962
0.32156864
0.48235294
0.39607844
0.32156864
0.49019608
0.42352942
0.4509804
0.36078432
0.36078432
-0.25490198
-0.36078432
-0.36078432
-0.36078432
0.4
-0.4862745
-0.4862745
-0.03137255
-0.03137255
-0.03137255
-0.015686275
0.32156864
0.42745098
0.4627451
0.49803922
-0.47058824
-0.44705883
-0.4745098
-0.3137255
0.45490196
0.2901961
0.3019608
0.23921569
0.25882354
0.09019608
0.09019608
0.09019608
0.09019608
0.07450981
0.23137255
0.1764706
0.09019608
0.09019608
0.09019608
0.09019608
0.09019608
0.09019608
0.09019608
0.09019608
0.078431375
0.078431375
0.078431375
0.078431375
0.078431375
0.078431375
0.078431375
0.078431375
0.078431375
0.08627451
0.0627451
0.0627451
0.06666667
0.06666667
0.06666667
0.07450981
0.07450981
0.08627451
0.08627451
0.0627451
0.07450981
0.07450981
0.07450981
0.05490196
0.05490196
0.07058824
0.07058824
0.09019608
0.09019608
0.078431375
0.34509805
0.4509804
-0.47058824
-0.4509804
-0.4509804
0.49411765
-0.4745098
-0.23529412
-0.23529412
-0.23529412
-0.30588236
-0.30588236
-0.30588236
-0.2627451
-0.2627451
-0.28627452
0.42352942
0.42352942
-0.2509804
-0.2509804
0.0
0.0
-0.34901962
-0.34901962
0.0
0.0
0.0
0.0
0.32941177
0.32941177
0.32941177
0.32941177
0.0
0.0
0.0
0.015686275
0.2627451
0.2627451
0.03529412
-0.2509804
-0.2509804
-0.2509804
-0.36078432
-0.36078432
-0.36078432
0.03529412
0.05882353
0.101960786
-0.003921569
0.09803922
0.09803922
0.43529412
-0.3882353
-0.15686275
-0.003921569
-0.003921569
-0.003921569
-0.003921569
-0.003921569
-0.05490196
0.043137256
-0.43529412
-0.15686275
0.09803922
-0.003921569
-0.05490196
-0.21176471
0.49803922
0.09019608
0.09803922
-0.003921569
-0.003921569
-0.49803922
0.14901961
0.09803922
-0.003921569
0.09803922
0.09803922
0.43137255
-0.3019608
-0.007843138
-0.49803922
0.4
0.4745098
0.41960785
-0.2
0.40784314
0.39607844
0.42745098
0.3647059
-0.25490198
-0.25490198
0.3137255
-0.36078432
-0.36078432
0.4
0.4
-0.4862745
-0.03137255
-0.03137255
-0.03137255
-0.015686275
0.38039216
0.4392157
0.44313726
0.45882353
0.47843137
0.49411765
0.47843137
0.29803923
0.2901961
0.0
0.0
0.17254902
0.09019608
0.09019608
0.09019608
0.09019608
0.07450981
0.07450981
0.07450981
0.16862746
0.1254902
0.09019608
0.09019608
0.09019608
0.09019608
0.09019608
0.09019608
-0.28235295
0.078431375
0.078431375
0.078431375
0.078431375
0.078431375
0.078431375
0.078431375
0.078431375
0.078431375
0.08627451
0.0627451
0.0627451
0.0627451
0.06666667
0.06666667
0.07450981
0.07450981
0.07450981
0.05490196
0.0627451
0.07450981
0.07450981
0.07450981
0.05490196
0.05490196
0.07058824
0.07058824
0.09019608
0.09019608
0.06666667
0.32941177
0.41568628
0.4745098
-0.5019608
-0.44313726
-0.44313726
-0.24705882
-0.23529412
-0.32156864
-0.32156864
-0.4117647
-0.4117647
-0.30588236
-0.2627451
-0.08235294
-0.08235294
0.42352942
0.42352942
-0.2509804
-0.2509804
0.0
0.0
-0.34901962
-0.34901962
-0.34901962
0.0
0.0
0.0
0.0
0.0
0.0
0.0
0.0
0.0
0.0
0.2
0.2627451
0.2627451
0.30588236
0.07450981
0.07450981
0.0627451
0.0627451
0.0627451
-0.36078432
0.10980392
0.15686275
0.18431373
0.09803922
0.09803922
0.3019608
0.4
-0.4392157
-0.25490198
-0.003921569
-0.003921569
-0.003921569
-0.003921569
-0.003921569
-0.22352941
-0.003921569
-0.3372549
-0.2784314
-0.003921569
-0.003921569
-0.33333334
-0.42352942
0.42745098
0.09019608
-0.09803922
0.0
-0.003921569
0.0
0.09803922
0.09803922
0.09803922
0.34901962
-0.49019608
-0.15686275
-0.38431373
-0.3254902
-0.2784314
-0.4627451
-0.47843137
-0.49411765
-0.2
0.38039216
0.38431373
0.43529412
0.39607844
0.3137255
0.3254902
-0.25490198
0.41568628
0.41568628
0.4
0.4
0.31764707
-0.03137255
0.3647059
-0.03137255
0.33333334
0.45882353
0.45490196
0.41960785
0.40784314
0.40784314
0.41568628
0.42352942
0.37254903
0.38431373
0.48235294
-0.32156864
0.3764706
0.20784314
0.09019608
0.09019608
0.09803922
0.09803922
0.09803922
0.09803922
0.20392157
0.10980392
0.07450981
0.09019608
0.09019608
0.09019608
0.09019608
0.07058824
0.07058824
0.07058824
0.078431375
0.078431375
0.078431375
0.078431375
0.078431375
0.078431375
0.078431375
0.078431375
0.08627451
0.0627451
0.0627451
0.0627451
0.08627451
0.08627451
0.07450981
0.07450981
0.08627451
0.03529412
0.03529412
0.07450981
0.07450981
0.07450981
0.05490196
0.05490196
0.07058824
0.09019608
0.09019608
0.09019608
0.06666667
0.32156864
0.4
0.3254902
0.07450981
0.07450981
0.07450981
0.3254902
-0.32156864
-0.32156864
-0.32156864
-0.4117647
-0.4117647
-0.4117647
-0.2627451
-0.08235294
-0.08235294
-0.08235294
0.42352942
-0.2509804
-0.2509804
-0.16470589
-0.16470589
-0.34901962
-0.34901962
-0.34901962
-0.34901962
0.0
0.0
0.0
0.0
0.0
0.0
0.0
0.019607844
0.019607844
0.2
0.023529412
0.03137255
0.03137255
0.03137255
0.03137255
0.03137255
0.0627451
-0.36078432
0.09411765
0.09411765
0.09411765
0.09411765
0.09411765
0.09803922
-0.003921569
-0.003921569
0.09803922
-0.003921569
-0.42745098
-0.003921569
-0.003921569
-0.003921569
-0.003921569
0.09803922
-0.4862745
-0.2627451
0.09803922
-0.003921569
-0.003921569
0.32941177
0.35686275
0.3529412
0.17254902
0.09019608
0.09019608
0.015686275
0.02745098
0.09803922
-0.003921569
0.3372549
-0.29803923
-0.05882353
-0.003921569
-0.003921569
-0.003921569
-0.003921569
-0.23529412
-0.3647059
0.4627451
-0.2
0.3254902
0.3254902
0.3882353
0.36862746
-0.25490198
0.30980393
0.3137255
0.41568628
0.3529412
0.41568628
-0.4862745
0.38431373
-0.03137255
-0.03137255
-0.03137255
0.44705883
-0.48235294
0.49803922
0.4392157
0.38039216
0.32941177
0.31764707
0.3137255
-0.43529412
0.25490198
0.2627451
0.4117647
0.32156864
0.09803922
0.11764706
0.09803922
0.09803922
0.09803922
0.09803922
0.09803922
0.1882353
0.06666667
0.12156863
0.14901961
0.07058824
0.07058824
0.07058824
0.07058824
0.07058824
0.07058824
0.078431375
0.078431375
0.078431375
0.078431375
0.078431375
0.34901962
0.33333334
0.078431375
0.08627451
0.05490196
0.05490196
0.08627451
0.08627451
0.08627451
0.08627451
0.08627451
0.08627451
0.03529412
0.03529412
0.050980393
0.07450981
0.07450981
0.05490196
0.05882353
0.07058824
0.09019608
0.09019608
0.09019608
0.07058824
0.33333334
0.38431373
0.07450981
0.07450981
0.07450981
0.0627451
-0.37254903
-0.37254903
-0.32156864
-0.32156864
-0.4117647
0.05882353
-0.17254902
-0.2627451
-0.08235294
-0.08235294
-0.08235294
-0.29803923
-0.29803923
-0.2509804
-0.16470589
-0.16470589
-0.34901962
-0.34901962
-0.34901962
0.37254903
0.37254903
0.37254903
0.0
0.0
0.0
0.0
0.0
0.019607844
0.019607844
0.0
0.03137255
0.03137255
0.33333334
0.34117648
0.34117648
0.03137255
0.3372549
0.09411765
0.09411765
0.09411765
-0.039215688
-0.039215688
-0.039215688
-0.039215688
-0.003921569
-0.003921569
-0.003921569
0.09803922
-0.003921569
-0.19607843
-0.003921569
-0.003921569
-0.003921569
0.09803922
0.40392157
-0.3647059
-0.003921569
-0.003921569
-0.003921569
-0.003921569
0.09803922
-0.003921569
0.2
0.078431375
0.011764706
0.003921569
0.03137255
0.09803922
-0.003921569
0.47843137
-0.03529412
-0.003921569
-0.003921569
-0.003921569
-0.003921569
-0.003921569
-0.003921569
-0.08235294
-0.4862745
0.09803922
0.30588236
0.039215688
0.34117648
0.34509805
-0.25490198
0.31764707
0.3529412
0.3254902
0.41960785
0.41568628
0.31764707
0.3647059
-0.03137255
-0.03137255
0.34901962
0.4392157
0.4745098
0.49803922
0.47843137
0.44313726
-0.32941177
-0.32941177
-0.43529412
-0.43529412
-0.43529412
0.11372549
0.2509804
0.19607843
0.33333334
0.09803922
0.09803922
0.09803922
0.09803922
0.09803922
0.09803922
0.16078432
0.08235294
0.13725491
0.16078432
0.07058824
-0.2901961
-0.2901961
0.07058824
0.07058824
0.07058824
0.07058824
0.078431375
0.078431375
0.30980393
0.36078432
0.40784314
0.38431373
0.30980393
0.09411765
0.05490196
0.05490196
0.09803922
0.08235294
0.08627451
0.08627451
0.0627451
0.0627451
0.03529412
0.03529412
0.050980393
0.09803922
0.09803922
0.09803922
0.05882353
0.07058824
0.09019608
0.09019608
0.09019608
0.07058824
0.35686275
0.34901962
0.0627451
0.07450981
-0.43137255
0.0627451
-0.37254903
-0.37254903
-0.32156864
-0.32156864
-0.32156864
-0.32156864
-0.17254902
-0.17254902
-0.16470589
-0.08235294
-0.44705883
-0.29803923
-0.44705883
0.0
0.003921569
-0.16470589
-0.16470589
-0.34901962
-0.34901962
0.37254903
0.37254903
0.37254903
0.37254903
0.37254903
0.0
0.0
0.0
0.2
0.2
0.40784314
0.33333334
0.33333334
0.33333334
0.39215687
0.39215687
0.3372549
0.3372549
-0.039215688
-0.039215688
-0.039215688
-0.039215688
-0.039215688
-0.039215688
-0.039215688
0.31764707
0.30588236
-0.003921569
0.09803922
-0.003921569
-0.38039216
-0.050980393
-0.023529412
-0.16078432
0.039215688
0.039215688
0.09803922
-0.003921569
-0.003921569
0.34901962
0.3529412
0.3137255
0.20392157
0.105882354
0.0627451
0.019607844
0.03137255
0.31764707
0.09803922
0.05490196
0.34901962
-0.08235294
-0.003921569
-0.003921569
-0.003921569
-0.003921569
-0.003921569
-0.003921569
-0.003921569
-0.16470589
0.36078432
0.41568628
0.039215688
-0.25490198
0.3019608
-0.25490198
0.39607844
0.3372549
0.41568628
0.32941177
0.41568628
0.31764707
-0.4862745
-0.03137255
-0.03137255
-0.03137255
0.31764707
0.3529412
0.41568628
-0.4392157
0.3882353
0.2509804
0.3019608
0.3019608
0.20392157
0.22352941
0.105882354
0.105882354
0.19215687
0.30980393
0.09803922
0.09803922
0.09803922
0.09803922
0.09019608
0.02745098
0.1254902
0.08627451
0.09411765
0.15686275
-0.2901961
-0.2901961
-0.2901961
0.07058824
0.07058824
0.07058824
0.07058824
0.09411765
0.3137255
0.36078432
0.36862746
0.37254903
0.3882353
0.3647059
0.09411765
0.05490196
0.08235294
0.08235294
0.08235294
0.08235294
0.08235294
0.0627451
0.0627451
0.0627451
0.050980393
0.09803922
0.09803922
0.09803922
0.09803922
0.09803922
0.05882353
0.05882353
0.078431375
0.07058824
0.3019608
0.34509805
0.047058824
0.0627451
0.0627451
0.44705883
-0.39607844
-0.37254903
-0.39607844
-0.32156864
-0.32156864
-0.32156864
-0.32156864
-0.17254902
-0.17254902
-0.39215687
-0.39215687
-0.44705883
-0.44705883
-0.44705883
0.019607844
0.007843138
0.0
-0.16470589
0.0
-0.4862745
0.37254903
0.37254903
0.37254903
0.37254903
0.37254903
0.37254903
0.0
0.0
0.015686275
0.015686275
0.40784314
0.40784314
0.40784314
0.39215687
0.39215687
0.39215687
0.34117648
0.34117648
-0.039215688
-0.039215688
-0.039215688
-0.039215688
-0.039215688
-0.039215688
-0.039215688
-0.039215688
0.3019608
-0.003921569
-0.003921569
-0.003921569
-0.5019608
-0.21176471
-0.20784314
-0.36078432
0.039215688
0.09803922
-0.003921569
-0.003921569
0.41568628
-0.40784314
-0.45882353
0.4627451
0.32156864
0.15294118
0.02745098
0.003921569
0.03137255
0.31764707
0.05490196
-0.4392157
0.19607843
-0.41960785
-0.003921569
-0.003921569
-0.003921569
-0.003921569
-0.003921569
-0.003921569
-0.003921569
-0.003921569
0.09803922
0.41568628
0.039215688
0.039215688
0.07058824
-0.25490198
0.39607844
0.047058824
0.41568628
0.30588236
0.41568628
0.06666667
0.06666667
-0.043137256
0.050980393
0.105882354
0.19215687
-0.015686275
0.38039216
0.3019608
-0.38039216
-0.38039216
0.019607844
0.06666667
0.2784314
0.24313726
0.20784314
0.15294118
0.19215687
0.13725491
0.09803922
0.09803922
0.09803922
0.09019608
0.2901961
0.03137255
0.03137255
0.09803922
0.06666667
0.14117648
-0.2901961
-0.2901961
-0.2901961
-0.2901961
0.07058824
0.07058824
0.07058824
0.09803922
0.36078432
0.43529412
0.09411765
0.09411765
0.09411765
0.09411765
0.09411765
0.09411765
0.08235294
0.08235294
0.08235294
0.08235294
0.08235294
0.08235294
0.0627451
0.0627451
0.050980393
0.09803922
0.09803922
0.09803922
0.09803922
0.09803922
0.09803922
0.07058824
0.078431375
0.30588236
0.32156864
0.03529412
0.1882353
0.0627451
0.0627451
0.0627451
-0.39607844
-0.39607844
-0.39607844
-0.39607844
-0.32156864
-0.45882353
-0.45882353
-0.45882353
0.45882353
-0.39215687
-0.39215687
-0.39215687
-0.44705883
-0.44705883
0.003921569
0.0
0.0
0.0
0.0
-0.4862745
0.37254903
0.37254903
0.37254903
0.37254903
0.37254903
0.03529412
0.0
0.0
0.16470589
0.16470589
0.16470589
0.101960786
0.08627451
0.4745098
0.4745098
0.105882354
0.34117648
0.34117648
0.20392157
-0.039215688
-0.039215688
-0.039215688
-0.039215688
-0.039215688
-0.039215688
-0.14117648
-0.14117648
-0.003921569
-0.003921569
-0.003921569
0.4745098
-0.34509805
-0.3882353
0.4627451
0.039215688
0.42352942
-0.003921569
0.3372549
-0.44313726
-0.35686275
-0.42352942
0.49411765
0.36078432
0.16862746
0.03137255
0.03137255
0.03137255
0.007843138
0.05490196
0.05490196
0.1764706
0.09803922
-0.3137255
-0.003921569
-0.003921569
-0.003921569
-0.003921569
-0.003921569
-0.003921569
-0.003921569
-0.3764706
0.09803922
0.09803922
0.13333334
0.07058824
0.07058824
0.30980393
0.047058824
0.047058824
0.41568628
0.06666667
0.06666667
0.06666667
0.0
0.0
0.0
0.03137255
0.09803922
-0.015686275
-0.015686275
-0.38039216
-0.38039216
0.019607844
0.019607844
0.14117648
0.14901961
0.12156863
0.41568628
0.09803922
0.011764706
0.34117648
0.3647059
-0.48235294
-0.48235294
0.06666667
0.34509805
0.34509805
-0.33333334
-0.33333334
-0.33333334
-0.2901961
-0.2901961
-0.2901961
-0.2901961
0.07058824
0.07058824
0.07058824
0.32156864
0.35686275
0.4509804
0.09411765
0.09411765
0.09411765
0.09411765
0.09411765
0.09411765
0.08235294
0.08235294
0.08235294
0.08235294
0.08235294
0.08235294
0.09803922
0.09803922
0.08235294
0.09803922
0.09803922
0.09803922
0.09803922
0.09411765
0.09411765
0.07058824
0.078431375
0.36078432
0.32156864
0.1882353
0.02745098
0.047058824
-0.46666667
0.0627451
0.047058824
-0.39607844
-0.39607844
-0.39607844
-0.39607844
0.34901962
-0.45882353
-0.45882353
0.45882353
0.45882353
-0.39215687
-0.39215687
-0.4
-0.44705883
0.007843138
0.0
0.45490196
0.0
0.0
0.0
-0.4862745
0.37254903
0.37254903
0.37254903
0.37254903
0.37254903
0.0
0.0
0.0
0.019607844
0.0
0.09019608
0.36862746
0.4745098
0.4745098
0.4745098
0.023529412
0.023529412
0.023529412
0.023529412
0.20392157
0.09411765
0.09411765
0.09411765
0.09019608
0.08235294
-0.14901961
-0.14901961
-0.003921569
0.31764707
-0.49019608
-0.42745098
0.4745098
0.32156864
0.09019608
-0.101960786
0.30980393
0.4627451
-0.46666667
-0.4627451
0.45490196
0.39607844
0.29803923
0.14117648
0.02745098
0.03137255
0.0
0.0627451
0.05490196
0.07058824
0.09803922
-0.003921569
0.09803922
-0.20784314
-0.003921569
-0.003921569
-0.003921569
-0.003921569
-0.003921569
-0.003921569
-0.16862746
0.32941177
0.09803922
0.09803922
0.07058824
0.07058824
0.09803922
0.047058824
0.047058824
0.039215688
0.06666667
0.06666667
0.06666667
0.06666667
0.09411765
-0.21176471
0.0
0.03529412
0.023529412
-0.43137255
-0.38039216
-0.38039216
0.019607844
0.101960786
0.14901961
0.14117648
0.0
0.039215688
0.17254902
0.3019608
0.38431373
0.43529412
0.43529412
0.46666667
-0.16862746
0.13725491
-0.33333334
-0.33333334
-0.33333334
-0.33333334
-0.33333334
0.07058824
-0.2901961
0.07058824
0.07058824
0.31764707
0.30588236
0.36862746
0.39215687
0.3882353
0.30588236
0.09411765
0.09411765
0.09411765
0.09411765
0.09411765
0.08235294
0.08235294
0.08235294
0.08235294
0.30588236
0.08235294
0.09803922
0.09803922
0.09803922
0.09803922
0.09803922
0.09803922
0.09803922
0.09411765
0.09411765
0.09411765
0.34901962
0.40784314
0.29803923
0.078431375
0.0
0.047058824
0.32941177
0.29803923
0.49019608
0.49019608
0.3529412
0.3529412
0.34901962
0.34901962
-0.48235294
0.34901962
0.45882353
0.45882353
0.45882353
-0.4
-0.4
0.40392157
0.40392157
0.45490196
0.45490196
0.45490196
0.0
0.0
0.003921569
0.0
0.37254903
0.37254903
0.37254903
0.37254903
0.0
0.0
0.0
0.0
0.0
0.0627451
0.06666667
0.07058824
0.047058824
0.047058824
0.023529412
0.043137256
0.050980393
0.07058824
0.07058824
0.047058824
0.050980393
0.02745098
0.047058824
0.11764706
0.13333334
-0.14901961
-0.003921569
0.40392157
0.4862745
0.46666667
0.3529412
0.21176471
-0.101960786
-0.2509804
-0.2509804
0.3529412
0.3647059
0.31764707
0.2509804
0.21568628
0.16078432
0.08235294
0.019607844
0.0
0.0627451
0.07058824
0.07058824
0.07058824
-0.003921569
-0.003921569
-0.003921569
0.31764707
-0.24313726
-0.003921569
-0.003921569
-0.003921569
-0.003921569
-0.003921569
-0.003921569
-0.2509804
0.48235294
0.3137255
-0.29803923
-0.29803923
-0.29803923
0.49411765
0.49411765
0.039215688
-0.3137255
-0.3137255
-0.3137255
-0.3137255
-0.39215687
-0.39215687
0.078431375
0.38039216
0.38039216
0.05490196
-0.26666668
0.4627451
-0.26666668
0.02745098
0.003921569
0.003921569
0.0
0.0
0.12156863
0.29803923
0.36862746
0.45490196
0.44705883
0.46666667
0.49803922
0.42352942
0.34117648
-0.33333334
-0.33333334
-0.33333334
-0.33333334
0.07058824
0.07058824
0.09803922
0.3372549
0.34509805
0.38039216
0.44705883
0.4862745
0.34901962
0.09411765
0.09411765
0.09411765
0.09411765
0.16470589
-0.0627451
0.08235294
0.08235294
0.08235294
0.08235294
0.08235294
0.08235294
0.44705883
0.09803922
0.09803922
0.09803922
0.09803922
0.09803922
0.09803922
0.09411765
0.09411765
0.32156864
0.4
0.42352942
0.078431375
0.078431375
0.08627451
0.31764707
0.047058824
0.49019608
0.49019608
0.3529412
0.3529412
0.3529412
0.3529412
-0.48235294
-0.48235294
-0.48235294
0.45882353
0.45882353
0.45882353
0.45882353
0.40392157
0.40392157
0.46666667
0.46666667
0.46666667
0.46666667
0.015686275
0.0
0.0
0.0
0.0
0.0
0.0
0.0
0.0
0.0
0.0
0.0
0.0
0.015686275
0.015686275
0.0
0.007843138
0.03137255
0.03137255
0.31764707
0.0
0.019607844
0.043137256
0.06666667
0.047058824
0.105882354
0.15686275
0.23529412
0.27058825
0.33333334
0.35686275
0.3882353
0.3764706
0.31764707
-0.03529412
-0.03529412
-0.101960786
-0.2509804
0.0627451
0.07058824
0.0627451
-0.33333334
0.039215688
0.03529412
0.0
0.0
0.0
0.0
0.0627451
0.07058824
0.07058824
0.07058824
0.09803922
-0.003921569
0.35686275
0.3764706
0.4745098
-0.11372549
-0.003921569
-0.003921569
-0.003921569
-0.003921569
-0.003921569
-0.003921569
-0.2627451
-0.4745098
-0.49019608
0.45882353
0.43137255
0.48235294
0.34117648
0.4745098
0.3882353
0.32156864
0.45882353
0.4117647
0.4117647
-0.39215687
-0.39215687
0.38039216
0.38039216
-0.26666668
0.4627451
0.4627451
-0.26666668
0.4627451
0.28235295
0.0
0.0
0.0
0.047058824
0.21568628
0.3254902
0.41568628
0.40784314
0.41568628
0.43529412
0.36862746
0.3254902
-0.35686275
-0.35686275
-0.37254903
-0.37254903
-0.37254903
0.08627451
0.09803922
0.3137255
0.3372549
0.39215687
0.49803922
-0.43529412
0.39607844
0.09411765
0.09411765
0.09411765
0.050980393
0.050980393
0.1764706
0.08235294
0.08235294
0.32941177
0.08235294
0.08235294
0.08235294
0.09803922
0.09803922
0.09803922
0.09803922
0.09803922
0.09803922
0.09803922
0.09803922
0.09411765
0.34509805
0.42745098
0.38039216
0.09411765
0.078431375
0.08627451
0.3764706
0.07058824
-0.27450982
0.49019608
0.3529412
0.3529412
0.3529412
0.49019608
-0.48235294
-0.48235294
-0.48235294
0.45882353
0.45882353
0.45882353
0.45882353
-0.47058824
-0.26666668
0.46666667
0.46666667
0.46666667
0.44705883
0.0
0.0
0.0
0.0
0.0
0.0
0.0
0.0
0.0
0.0
0.0
0.0
0.0
0.0
0.0
0.0
0.31764707
0.40784314
0.40784314
0.039215688
0.039215688
0.039215688
0.05882353
0.105882354
0.101960786
0.17254902
0.19607843
0.24705882
0.2509804
0.21960784
0.14901961
0.09411765
-0.03529412
-0.03529412
-0.03529412
0.09803922
0.05882353
0.03529412
0.078431375
0.07450981
0.06666667
0.06666667
0.0
0.019607844
0.0
0.0
0.0
0.06666667
0.06666667
-0.26666668
-0.26666668
0.07058824
-0.003921569
0.38431373
-0.33333334
-0.10980392
-0.41960785
0.49411765
-0.40392157
-0.003921569
-0.003921569
-0.003921569
-0.003921569
-0.007843138
-0.23921569
-0.44705883
-0.36078432
-0.43137255
-0.47843137
-0.36078432
0.45882353
-0.36862746
-0.44313726
0.46666667
-0.4627451
-0.4509804
-0.46666667
-0.39215687
-0.39215687
0.38039216
-0.16862746
-0.26666668
0.4627451
0.4627451
0.4627451
-0.26666668
0.28235295
0.28235295
0.0
0.0
0.0
0.06666667
-0.32941177
0.34509805
0.35686275
0.34117648
0.3372549
-0.33333334
-0.33333334
-0.35686275
-0.35686275
-0.37254903
-0.37254903
-0.37254903
-0.37254903
0.14117648
0.09803922
0.09803922
0.09803922
-0.47058824
-0.38431373
0.3137255
0.39607844
0.09411765
0.050980393
0.050980393
0.050980393
0.043137256
0.043137256
0.08235294
0.08235294
0.08235294
0.08235294
0.08235294
0.09803922
0.09803922
0.09803922
0.08627451
0.09803922
0.09803922
0.09803922
0.09803922
0.09803922
0.34901962
0.43529412
0.3882353
0.09411765
0.09803922
0.09803922
0.09803922
-0.27450982
-0.27450982
-0.27450982
0.3529412
0.3529412
-0.34901962
-0.34901962
0.49019608
-0.48235294
-0.48235294
-0.18039216
-0.18039216
0.36862746
0.36862746
-0.26666668
-0.26666668
0.46666667
0.46666667
0.44705883
0.47843137
0.43529412
0.43529412
0.43529412
0.0
0.0
0.0
0.0
0.0
0.0
0.0
0.0
0.0
0.0
0.0
0.007843138
0.007843138
0.039215688
0.039215688
0.039215688
0.039215688
0.03137255
0.03137255
0.03137255
0.05490196
0.05490196
0.08235294
0.07058824
0.12941177
0.1254902
-0.33333334
0.09411765
0.09411765
0.09411765
0.09803922
-0.003921569
-0.39607844
-0.39607844
-0.39607844
-0.20784314
-0.20784314
-0.20784314
0.011764706
0.003921569
0.003921569
0.003921569
0.0
0.0
0.06666667
0.06666667
0.09803922
-0.003921569
-0.26666668
0.09803922
0.40784314
-0.23921569
-0.003921569
-0.25882354
0.32156864
0.09803922
0.36078432
-0.003921569
-0.003921569
-0.003921569
-0.0627451
-0.23529412
-0.40392157
-0.34901962
-0.39215687
-0.44313726
-0.30588236
-0.46666667
-0.38431373
-0.43529412
0.49019608
0.47058824
-0.41960785
0.43137255
0.42745098
0.34901962
-0.16862746
-0.16862746
0.30980393
0.31764707
0.3019608
0.3137255
0.4627451
0.28235295
0.28235295
0.0
0.0
0.019607844
0.09411765
0.09411765
0.3254902
0.3137255
-0.003921569
-0.38039216
-0.33333334
-0.35686275
-0.35686275
-0.37254903
-0.37254903
-0.37254903
-0.37254903
-0.39215687
-0.23529412
0.16078432
-0.40392157
0.09803922
0.09803922
-0.2901961
0.43529412
0.39215687
0.09411765
0.07450981
0.050980393
0.050980393
0.043137256
0.043137256
0.043137256
0.08235294
0.08235294
0.08235294
0.08235294
0.09803922
0.09803922
0.09803922
0.08627451
0.08627451
0.09803922
0.09803922
0.09803922
0.06666667
0.06666667
0.09411765
0.3137255
0.35686275
0.09803922
0.09803922
0.09803922
0.09803922
-0.27450982
0.09803922
-0.1882353
-0.34901962
-0.34901962
-0.34901962
-0.34901962
0.49019608
-0.18039216
-0.18039216
-0.18039216
0.36862746
-0.26666668
-0.26666668
-0.26666668
0.46666667
0.46666667
0.44705883
0.47843137
0.43529412
0.43529412
0.43529412
-0.49803922
-0.49803922
-0.49803922
-0.49803922
0.0
0.0
0.0
0.0
0.0
0.047058824
0.047058824
0.047058824
0.047058824
0.047058824
0.039215688
0.039215688
0.015686275
0.011764706
0.011764706
0.003921569
0.007843138
0.07058824
0.07058824
0.0
0.0
0.0
0.06666667
-0.0627451
-0.0627451
-0.0627451
-0.003921569
-0.003921569
0.05882353
0.05882353
0.078431375
0.078431375
0.078431375
0.0
0.0
0.050980393
0.050980393
0.0
0.09803922
0.007843138
0.09411765
0.09803922
0.09803922
0.30588236
0.30588236
-0.003921569
0.3137255
-0.24313726
-0.003921569
-0.21176471
0.09803922
0.09803922
-0.003921569
-0.23137255
-0.003921569
-0.09411765
-0.21568628
-0.25882354
-0.4
-0.24705882
-0.30980393
-0.36078432
-0.16078432
-0.35686275
-0.24313726
-0.38039216
0.46666667
-0.49411765
-0.34117648
-0.47058824
-0.39215687
0.45882353
-0.16862746
0.3647059
0.36078432
0.36078432
0.34509805
0.3254902
0.3019608
0.28235295
0.41568628
0.0
0.0
0.09411765
0.09411765
0.09411765
0.09803922
-0.003921569
-0.38039216
-0.38039216
-0.38039216
-0.33333334
-0.35686275
-0.37254903
-0.37254903
-0.37254903
-0.37254903
-0.37254903
-0.37254903
0.09803922
0.4627451
-0.40784314
-0.1882353
-0.18431373
0.47843137
0.3529412
-0.22745098
0.07450981
0.07450981
0.047058824
0.047058824
0.043137256
0.043137256
0.043137256
0.08235294
0.08235294
0.08235294
0.09803922
0.09803922
0.09803922
0.09803922
0.08627451
0.08627451
0.09803922
0.09803922
0.06666667
0.06666667
0.06666667
0.09411765
0.09411765
0.09803922
0.09803922
0.09803922
0.09803922
0.09803922
0.09803922
0.09803922
-0.34901962
-0.34901962
-0.34901962
-0.34901962
-0.18039216
-0.18039216
-0.18039216
-0.12156863
-0.12156863
-0.12156863
-0.23529412
-0.23529412
-0.24705882
-0.24313726
0.44705883
-0.3019608
0.43529412
0.43529412
0.43529412
-0.49803922
-0.49803922
-0.49803922
-0.49803922
-0.49803922
0.0
0.0
0.0
0.0
0.050980393
0.0
0.0
0.050980393
0.08235294
0.08235294
0.08235294
0.40784314
0.40784314
0.039215688
0.039215688
0.08235294
-0.29411766
-0.29411766
-0.29411766
-0.40784314
-0.24705882
-0.24705882
0.40784314
0.09803922
0.09803922
0.09803922
0.0627451
0.0627451
0.08235294
0.08235294
0.08235294
0.078431375
0.0
0.0
0.050980393
0.050980393
0.0
0.08235294
0.015686275
0.09411765
0.09803922
-0.003921569
0.3529412
0.3019608
-0.003921569
-0.003921569
-0.27450982
-0.019607844
-0.1882353
0.3137255
0.03137255
-0.003921569
-0.39607844
-0.07058824
-0.12941177
-0.21960784
-0.16470589
-0.3137255
-0.11764706
-0.13333334
-0.14117648
-0.07450981
-0.06666667
-0.1882353
-0.21960784
-0.4627451
0.46666667
-0.4509804
0.43137255
0.40784314
0.3019608
0.39215687
0.40392157
0.3882353
0.38039216
0.37254903
0.37254903
0.3019608
-0.08627451
-0.08627451
0.015686275
0.0
0.09411765
0.3764706
0.09411765
0.09411765
-0.003921569
-0.24313726
-0.38039216
-0.38039216
-0.24313726
-0.35686275
-0.35686275
-0.37254903
0.3882353
-0.37254903
-0.37254903
-0.37254903
-0.37254903
0.4392157
-0.32156864
-0.4
-0.13725491
-0.4745098
0.36862746
0.46666667
0.08627451
0.08627451
0.047058824
0.047058824
0.047058824
0.047058824
0.047058824
0.047058824
0.023529412
0.08235294
0.023529412
0.09803922
0.09803922
0.09803922
0.09803922
0.08627451
0.08627451
0.0627451
0.09803922
0.06666667
0.0627451
0.09803922
0.09803922
0.0627451
0.0627451
0.09803922
0.09803922
0.09803922
0.09803922
0.09803922
-0.34901962
-0.34901962
-0.34901962
-0.34901962
-0.18039216
-0.18039216
-0.18039216
-0.12156863
-0.11764706
-0.11764706
-0.11764706
-0.18431373
-0.24705882
-0.24313726
-0.3019608
-0.2
0.43529412
0.43529412
0.43529412
-0.49803922
-0.49803922
-0.49803922
-0.49803922
-0.49803922
0.0
0.0
0.050980393
0.050980393
0.043137256
0.0
0.0
0.011764706
0.011764706
-0.15686275
-0.15686275
-0.15686275
-0.15686275
0.039215688
0.039215688
0.08235294
0.08235294
-0.29411766
0.07058824
0.07450981
0.07450981
0.07450981
-0.003921569
-0.003921569
-0.003921569
-0.003921569
-0.003921569
0.0627451
0.08235294
0.09803922
0.09803922
0.019607844
0.019607844
0.0
0.050980393
0.050980393
0.050980393
0.007843138
0.09411765
0.09803922
0.09803922
-0.003921569
0.39215687
0.09803922
0.09803922
-0.003921569
-0.42745098
-0.16470589
-0.24313726
0.3647059
0.09803922
-0.003921569
0.49411765
-0.1254902
-0.09411765
-0.17254902
-0.13333334
-0.23921569
-0.11764706
-0.043137256
-0.039215688
-0.019607844
-0.003921569
-0.16862746
-0.23137255
0.4392157
0.3254902
0.30588236
-0.32156864
0.40784314
0.36862746
0.4627451
0.44313726
0.39607844
0.37254903
0.3647059
0.4
0.43137255
0.41568628
-0.08627451
-0.08627451
0.003921569
0.09411765
0.30980393
0.09411765
0.09411765
0.09411765
0.07450981
-0.24313726
-0.24313726
-0.24313726
-0.35686275
-0.35686275
0.3882353
0.3882353
0.3882353
-0.37254903
-0.37254903
-0.37254903
0.09803922
0.36078432
-0.49803922
-0.3019608
0.45490196
0.08627451
0.08627451
0.08627451
0.047058824
0.047058824
0.047058824
0.047058824
0.047058824
0.047058824
0.047058824
0.039215688
0.023529412
0.023529412
0.023529412
0.03529412
0.03529412
0.039215688
0.047058824
0.047058824
0.0627451
0.0627451
0.0627451
0.0627451
0.0627451
0.0627451
0.0627451
0.0627451
0.0627451
0.0627451
0.0627451
0.09803922
0.09803922
0.0627451
0.0627451
-0.003921569
-0.003921569
-0.18039216
-0.18039216
0.47843137
0.47843137
0.47843137
-0.11764706
-0.18431373
-0.18431373
-0.2
-0.003921569
-0.2
-0.2
-0.2
0.43529412
0.4117647
-0.49803922
-0.49803922
-0.49803922
-0.49803922
0.0
0.0
0.0
0.46666667
0.46666667
0.46666667
0.003921569
0.011764706
0.011764706
0.011764706
-0.15686275
-0.15686275
-0.15686275
-0.15686275
-0.49803922
-0.49803922
0.08235294
0.08235294
0.07058824
0.07058824
-0.46666667
-0.46666667
-0.003921569
0.09803922
0.09803922
0.09803922
0.09803922
0.09803922
0.078431375
0.09803922
0.09803922
0.09803922
0.09803922
0.0
0.011764706
0.019607844
0.050980393
0.050980393
0.003921569
0.09411765
0.09803922
0.09803922
0.30980393
0.34901962
0.09803922
0.09803922
0.09803922
0.33333334
-0.4
-0.4392157
0.29803923
0.09803922
-0.003921569
0.46666667
-0.14901961
-0.10980392
-0.17254902
-0.05490196
-0.16470589
-0.023529412
-0.003921569
-0.003921569
-0.003921569
-0.003921569
-0.003921569
-0.03137255
-0.003921569
0.34509805
-0.45882353
-0.32156864
0.14509805
-0.16862746
-0.42745098
-0.43529412
0.40392157
0.36078432
0.38039216
0.45490196
-0.44705883
-0.40784314
-0.46666667
0.40392157
-0.08627451
0.09411765
0.09411765
0.09411765
0.09411765
0.09411765
0.07450981
-0.24313726
-0.24313726
-0.24313726
-0.24313726
-0.35686275
0.3882353
0.3882353
0.3882353
-0.37254903
-0.37254903
-0.37254903
0.09803922
0.36862746
-0.42745098
-0.4745098
0.09803922
0.09803922
0.08627451
0.05490196
0.05490196
0.047058824
0.047058824
0.047058824
0.047058824
0.047058824
0.047058824
0.039215688
0.023529412
0.023529412
0.023529412
0.039215688
0.03529412
0.039215688
0.047058824
0.047058824
0.0627451
0.0627451
0.0627451
0.0627451
0.0627451
0.0627451
0.0627451
0.0627451
0.0627451
0.0627451
0.0627451
0.0627451
0.09803922
0.09803922
-0.003921569
-0.003921569
-0.003921569
-0.18039216
0.47843137
0.47843137
0.47843137
-0.11764706
-0.11764706
-0.18431373
-0.18431373
-0.18431373
-0.003921569
-0.2
-0.2
-0.2
0.40392157
0.4117647
0.4117647
0.4117647
0.0
0.0
0.0
0.0
0.46666667
0.46666667
0.46666667
0.46666667
0.0
0.0
0.0
-0.3254902
0.06666667
0.06666667
0.08235294
0.06666667
0.06666667
0.08235294
0.08235294
0.08235294
0.07058824
0.050980393
0.050980393
0.09803922
0.09803922
0.09803922
0.09803922
0.09803922
0.09803922
0.09803922
0.09803922
0.3529412
0.35686275
-0.003921569
-0.003921569
-0.015686275
0.03529412
0.023529412
0.0
0.0
0.007843138
0.09411765
0.09411765
0.09411765
-0.05490196
0.09411765
-0.003921569
-0.003921569
0.09803922
0.09803922
0.39215687
0.38431373
0.20392157
0.09803922
-0.003921569
0.4509804
-0.11372549
-0.039215688
-0.10980392
-0.043137256
-0.14901961
-0.08627451
-0.003921569
-0.003921569
-0.003921569
-0.003921569
-0.003921569
-0.1254902
0.4392157
0.050980393
0.050980393
-0.003921569
0.03529412
0.14901961
0.40392157
-0.48235294
0.33333334
0.30588236
0.38431373
-0.48235294
-0.28235295
-0.16470589
-0.22745098
-0.41960785
0.32941177
0.0
0.09411765
0.09411765
0.09411765
0.09411765
-0.03137255
-0.24313726
-0.24313726
-0.24313726
-0.24313726
-0.08627451
0.3882353
0.3882353
0.3882353
0.3882353
-0.37254903
0.09803922
0.09803922
0.32156864
-0.49803922
0.3529412
0.06666667
0.09803922
0.09803922
0.05490196
0.05490196
0.09019608
0.09019608
0.047058824
0.047058824
0.047058824
0.047058824
0.039215688
0.34901962
0.023529412
0.039215688
0.039215688
0.03529412
0.039215688
0.047058824
0.047058824
0.06666667
0.0627451
0.0627451
0.0627451
0.0627451
0.0627451
0.0627451
0.0627451
0.0627451
0.0627451
0.0627451
0.0627451
0.0627451
0.09803922
-0.003921569
-0.003921569
-0.003921569
-0.18039216
0.47843137
0.47843137
0.47843137
0.47843137
-0.11764706
-0.11764706
-0.18431373
-0.1764706
-0.1764706
-0.003921569
-0.41960785
0.40392157
0.40392157
0.4117647
0.4117647
0.4117647
-0.4745098
-0.4745098
-0.4745098
0.0
0.043137256
0.043137256
0.043137256
0.06666667
0.06666667
0.0
0.06666667
0.06666667
0.06666667
0.06666667
-0.3254902
-0.3254902
-0.3254902
-0.3254902
0.06666667
-0.14509805
-0.24705882
0.050980393
0.09803922
0.09803922
0.09803922
0.09803922
0.09803922
0.43529412
-0.41960785
-0.21960784
-0.07058824
-0.003921569
-0.043137256
-0.3019608
0.3882353
-0.015686275
0.0627451
0.03137255
0.007843138
0.007843138
0.050980393
0.050980393
0.09411765
0.09411765
-0.05490196
-0.05490196
0.09803922
-0.003921569
-0.003921569
-0.003921569
0.09803922
0.09803922
0.09803922
0.09803922
-0.003921569
-0.46666667
-0.08235294
-0.07058824
-0.12941177
-0.003921569
-0.12156863
-0.05882353
-0.003921569
-0.003921569
-0.003921569
-0.003921569
-0.003921569
-0.003921569
-0.003921569
-0.003921569
0.09803922
0.09803922
-0.08235294
-0.16862746
-0.16862746
-0.16862746
-0.16862746
-0.06666667
0.32156864
0.47843137
-0.30980393
-0.12156863
-0.12156863
-0.3137255
0.39215687
0.011764706
0.09411765
0.09411765
-0.03137255
-0.03137255
-0.03137255
-0.03137255
-0.24313726
-0.24313726
-0.08627451
-0.08627451
-0.08627451
0.3882353
0.3882353
-0.37254903
0.09803922
0.09803922
0.09803922
0.09803922
0.43529412
0.09803922
0.09803922
0.09803922
0.09803922
0.09019608
0.09019608
0.09019608
0.09019608
0.09019608
0.03529412
0.047058824
0.03137255
0.039215688
0.039215688
0.039215688
0.039215688
0.09803922
0.03529412
0.06666667
0.06666667
0.06666667
0.06666667
0.06666667
0.06666667
0.0627451
0.0627451
0.0627451
0.0627451
0.0627451
0.0627451
0.0627451
0.0627451
0.0627451
0.0627451
0.07450981
0.050980393
0.050980393
0.07450981
-0.18039216
0.47843137
0.47843137
0.47843137
0.47843137
-0.2
-0.2
-0.2
-0.1764706
-0.1764706
-0.41960785
-0.41960785
0.40392157
0.40392157
0.40392157
0.40392157
0.0
-0.4745098
-0.4745098
-0.4745098
-0.4745098
0.043137256
0.0
0.0
0.0
0.06666667
-0.3254902
-0.3254902
-0.3254902
-0.3254902
-0.3254902
0.06666667
0.06666667
-0.3254902
-0.3254902
-0.14509805
-0.14509805
0.07450981
0.050980393
-0.003921569
-0.003921569
0.34901962
-0.39607844
-0.14509805
-0.003921569
-0.003921569
-0.003921569
-0.003921569
-0.003921569
-0.003921569
-0.003921569
-0.44313726
-0.015686275
0.07058824
0.039215688
0.019607844
0.011764706
0.050980393
0.050980393
0.050980393
0.09411765
0.09411765
0.09803922
-0.003921569
0.09803922
0.09803922
-0.003921569
-0.003921569
0.09803922
0.09803922
0.09803922
0.3254902
-0.38039216
-0.02745098
-0.047058824
-0.08235294
-0.003921569
-0.047058824
-0.043137256
-0.003921569
-0.003921569
-0.003921569
-0.003921569
-0.003921569
-0.003921569
-0.08627451
-0.25490198
0.35686275
-0.49411765
0.42745098
0.41960785
0.3254902
0.08235294
-0.16862746
-0.06666667
-0.13333334
0.34117648
-0.46666667
-0.28627452
-0.24313726
-0.3882353
0.3372549
0.09019608
0.27058825
0.09411765
0.09803922
0.09803922
-0.019607844
-0.03137255
-0.08627451
-0.08627451
-0.08627451
-0.08627451
-0.08627451
-0.08627451
-0.08627451
0.09803922
0.09803922
0.09803922
0.09803922
0.09803922
0.09803922
0.09803922
0.09803922
0.09803922
0.09803922
0.09019608
0.09019608
0.09019608
0.09019608
0.09019608
0.07450981
0.07450981
0.03137255
0.03137255
0.039215688
0.09803922
0.09803922
0.09803922
0.09803922
0.06666667
0.06666667
0.06666667
0.05882353
0.06666667
0.06666667
0.0627451
0.0627451
0.0627451
0.0627451
0.0627451
0.0627451
0.0627451
0.0627451
0.0627451
0.0627451
0.050980393
0.050980393
0.050980393
0.09803922
-0.4509804
0.47843137
0.47843137
0.47843137
0.47843137
-0.2
-0.2
-0.2
-0.2
-0.4392157
-0.41960785
-0.43529412
-0.41960785
-0.41960785
0.0
0.0
0.0
-0.4745098
-0.4745098
-0.4745098
-0.4745098
0.0
0.0
0.0
0.0
0.007843138
0.003921569
0.003921569
0.0
0.047058824
0.047058824
0.047058824
-0.28627452
-0.28627452
-0.28627452
0.4627451
0.4627451
-0.46666667
-0.46666667
0.3254902
0.45490196
-0.3254902
-0.003921569
-0.003921569
-0.003921569
-0.003921569
-0.003921569
-0.003921569
-0.003921569
-0.003921569
-0.003921569
-0.27450982
-0.015686275
0.105882354
0.0
0.03137255
-0.49019608
0.050980393
0.050980393
0.050980393
0.09411765
0.09803922
0.09803922
0.09803922
0.09803922
0.09803922
0.09803922
-0.003921569
-0.003921569
0.09803922
0.09803922
0.29803923
-0.40392157
-0.047058824
-0.003921569
-0.03529412
-0.043137256
-0.09019608
-0.08627451
-0.02745098
-0.043137256
-0.047058824
-0.003921569
-0.0627451
-0.003921569
-0.10980392
-0.2627451
-0.15294118
-0.34117648
-0.20784314
-0.29803923
-0.4745098
0.45490196
0.35686275
-0.06666667
0.043137256
0.043137256
0.043137256
0.43137255
-0.49019608
0.43529412
-0.09411765
0.09019608
0.09019608
0.078431375
0.09803922
0.09803922
-0.019607844
-0.22352941
-0.22352941
-0.08627451
-0.08627451
-0.08627451
-0.08627451
-0.08627451
-0.08627451
0.09803922
0.09803922
0.09803922
0.15686275
0.07058824
0.07058824
0.0627451
0.09803922
0.09803922
0.09803922
0.09019608
0.09019608
0.09019608
0.09019608
0.07058824
0.07450981
0.07450981
0.07450981
0.03137255
0.039215688
0.09803922
0.09803922
0.09803922
0.09803922
0.09803922
0.06666667
0.05882353
0.05882353
0.05882353
0.06666667
0.0627451
0.0627451
0.0627451
0.0627451
0.0627451
0.0627451
0.0627451
0.0627451
0.0627451
0.41568628
-0.38431373
-0.44705883
0.050980393
0.42352942
0.09803922
0.47843137
0.47843137
0.47843137
0.47843137
-0.2
-0.2
-0.2
-0.2
-0.43529412
-0.43529412
-0.43529412
-0.43529412
-0.43529412
0.0
0.0
0.0
0.0
-0.4745098
-0.4745098
-0.4745098
0.0
0.0
0.0
0.0
0.02745098
0.03137255
0.039215688
0.05490196
-0.49803922
-0.49803922
-0.49803922
-0.49803922
0.07058824
0.07058824
0.4627451
0.4627451
0.34901962
0.37254903
0.4862745
-0.38431373
-0.15294118
-0.003921569
-0.003921569
-0.003921569
-0.003921569
-0.003921569
-0.003921569
-0.003921569
-0.003921569
-0.003921569
-0.07450981
0.38039216
0.17254902
0.10980392
0.0
-0.49019608
-0.49019608
0.050980393
0.050980393
0.02745098
0.09803922
0.09803922
0.09803922
-0.003921569
-0.003921569
0.09803922
0.09803922
0.09803922
0.09803922
0.09803922
-0.003921569
0.39607844
-0.14117648
-0.003921569
-0.003921569
-0.003921569
-0.019607844
-0.047058824
-0.003921569
-0.10980392
-0.12941177
-0.03529412
-0.18039216
-0.03137255
-0.10980392
-0.25490198
-0.05490196
-0.24705882
-0.08235294
-0.16862746
-0.36862746
-0.39607844
0.39607844
0.4392157
0.4392157
0.4392157
0.4392157
0.043137256
-0.13333334
-0.09411765
-0.09411765
-0.09411765
0.09019608
0.09803922
0.09803922
0.09803922
-0.019607844
-0.22352941
-0.22352941
-0.08627451
-0.08627451
-0.08627451
-0.08627451
-0.08627451
-0.08627451
0.09803922
0.09803922
0.09803922
0.09803922
0.09803922
0.07058824
0.0627451
0.09803922
0.09803922
0.09803922
0.09803922
0.09019608
0.07058824
0.07058824
0.07058824
0.07450981
0.07450981
0.07450981
0.07450981
0.07450981
0.09803922
0.09803922
0.09803922
0.09803922
0.09803922
0.06666667
0.05882353
0.09803922
0.09803922
0.05490196
0.0627451
0.0627451
0.0627451
0.0627451
0.0627451
0.0627451
0.0627451
0.0627451
0.32156864
0.050980393
0.050980393
-0.02745098
0.49019608
0.4392157
0.30588236
0.09803922
0.47843137
0.47843137
-0.4392157
-0.2
-0.2
-0.2
-0.2
-0.43529412
-0.43529412
-0.43529412
-0.43529412
-0.43529412
-0.43529412
0.0
0.0
0.0
0.0
-0.4745098
-0.4745098
0.0
0.0
0.0
0.003921569
0.05490196
0.0627451
-0.4392157
-0.4392157
0.18039216
-0.49803922
0.30588236
0.33333334
0.35686275
0.3647059
0.3529412
0.3019608
0.35686275
0.39607844
-0.5019608
-0.39215687
-0.13333334
-0.003921569
-0.003921569
-0.003921569
-0.003921569
-0.003921569
-0.003921569
-0.003921569
-0.003921569
-0.003921569
-0.003921569
-0.5019608
0.25490198
0.18431373
0.09019608
-0.49019608
-0.49019608
-0.49019608
-0.49019608
-0.49019608
-0.003921569
-0.003921569
-0.003921569
-0.003921569
-0.003921569
-0.003921569
-0.48235294
-0.48235294
0.09803922
0.09803922
0.09803922
0.09803922
-0.40784314
-0.15294118
-0.003921569
-0.003921569
-0.039215688
-0.13725491
-0.1882353
-0.31764707
-0.34117648
-0.3372549
-0.38039216
-0.2901961
-0.3019608
-0.34901962
-0.14901961
-0.27450982
-0.11764706
-0.21568628
-0.45490196
-0.44313726
0.32941177
0.4392157
0.4392157
0.4392157
0.4392157
0.4392157
0.08627451
-0.09411765
0.09411765
0.007843138
0.0
0.09803922
0.09803922
-0.019607844
-0.019607844
-0.019607844
-0.019607844
-0.003921569
-0.08627451
-0.08627451
-0.08627451
-0.08627451
-0.08627451
0.09803922
0.09803922
0.09803922
0.09803922
0.09803922
0.09803922
0.09803922
0.09803922
0.09803922
0.09803922
0.09803922
0.09803922
0.08235294
0.07058824
0.07058824
0.07450981
0.09803922
0.09803922
0.07450981
0.07450981
0.07450981
0.09803922
0.09803922
0.09803922
0.09803922
0.09803922
0.05882353
0.09803922
0.09803922
0.05490196
0.0627451
0.0627451
0.0627451
0.0627451
0.0627451
0.0627451
0.0627451
0.0627451
0.0627451
0.0627451
0.07450981
-0.003921569
-0.039215688
-0.21176471
0.09803922
0.09803922
0.003921569
-0.4392157
-0.4392157
-0.4392157
-0.2
-0.2
-0.2
-0.43529412
-0.43529412
-0.43529412
-0.43529412
-0.43529412
-0.43529412
0.0
0.0
0.0
0.0
0.0
0.0
0.0
0.0
0.0
0.003921569
0.07058824
0.08235294
-0.4392157
-0.4392157
-0.4392157
0.3137255
0.35686275
0.38431373
0.41960785
0.4509804
0.19215687
0.3019608
0.31764707
0.3254902
0.3764706
0.4627451
-0.33333334
-0.011764706
-0.003921569
-0.003921569
-0.003921569
-0.003921569
-0.003921569
-0.003921569
-0.003921569
-0.003921569
-0.003921569
-0.44313726
0.3019608
0.24313726
0.13725491
0.050980393
0.050980393
-0.49019608
-0.49019608
-0.49019608
-0.003921569
-0.003921569
-0.5019608
-0.003921569
-0.27058825
0.050980393
0.050980393
-0.48235294
-0.48235294
0.06666667
0.09803922
0.09803922
0.38039216
-0.30980393
-0.003921569
-0.003921569
-0.011764706
-0.14901961
-0.21176471
-0.41960785
-0.43137255
-0.46666667
-0.47058824
-0.36078432
-0.34509805
-0.41568628
-0.1254902
-0.28627452
-0.08627451
-0.1882353
0.4745098
0.42352942
0.35686275
0.4392157
0.4392157
0.4392157
0.4392157
-0.14901961
0.4392157
0.078431375
0.08235294
0.0
0.0
0.09803922
0.09803922
0.09803922
0.09803922
0.09803922
0.09803922
-0.003921569
-0.003921569
-0.08627451
-0.08627451
-0.08627451
-0.08627451
0.09803922
0.09803922
0.09803922
0.09803922
0.09803922
0.09803922
0.09803922
0.09803922
0.09803922
0.09803922
0.09803922
0.09803922
0.08627451
0.08627451
0.07450981
0.07450981
0.07450981
0.07450981
0.07450981
0.07450981
0.07450981
0.09803922
0.09803922
0.09803922
0.09803922
0.09803922
-0.015686275
-0.015686275
0.09803922
-0.23529412
-0.23529412
-0.36078432
0.0627451
0.0627451
0.0627451
0.0627451
0.0627451
0.0627451
0.0627451
0.043137256
0.043137256
-0.003921569
-0.003921569
-0.003921569
-0.13725491
0.09803922
0.047058824
-0.4392157
-0.4392157
-0.4392157
-0.4392157
-0.4392157
-0.4392157
-0.43529412
-0.43529412
-0.43529412
-0.43529412
-0.43529412
-0.43529412
0.0
0.0
0.0
0.0
0.0
0.0
0.0
0.0
0.0
0.0
0.07450981
0.08627451
-0.4392157
-0.4392157
-0.4392157
0.31764707
0.3647059
0.40392157
0.4509804
0.4862745
0.4392157
0.34509805
0.36078432
0.36078432
-0.45490196
0.32156864
0.44705883
-0.34509805
-0.003921569
-0.003921569
-0.003921569
-0.003921569
-0.003921569
-0.003921569
-0.003921569
-0.003921569
-0.18039216
0.44313726
0.25490198
0.2
0.13725491
-0.49019608
0.050980393
-0.49019608
-0.49019608
-0.49019608
0.09803922
-0.5019608
0.047058824
0.0
0.050980393
-0.48235294
-0.48235294
-0.48235294
-0.48235294
0.38039216
-0.32156864
0.05882353
0.34509805
-0.37254903
-0.039215688
-0.003921569
-0.047058824
-0.25882354
-0.34117648
0.45882353
0.44705883
0.4117647
0.4
-0.4862745
-0.47058824
0.49019608
-0.27450982
-0.37254903
-0.23529412
-0.34509805
0.32156864
0.043137256
0.4627451
0.4392157
0.4392157
0.4392157
-0.14901961
-0.14901961
-0.14901961
0.09803922
0.06666667
0.0
0.0
0.09803922
0.09803922
-0.003921569
-0.019607844
0.09803922
0.09803922
-0.003921569
-0.003921569
-0.003921569
-0.08627451
-0.08627451
-0.08627451
0.09803922
0.09803922
0.09803922
0.09803922
0.09803922
0.09803922
0.09803922
0.09803922
0.09803922
0.09803922
0.09803922
0.09803922
0.09803922
0.09803922
0.09803922
0.07450981
0.07450981
0.09803922
0.07450981
0.07450981
0.07450981
0.09803922
0.06666667
0.09803922
0.09803922
0.09803922
0.09803922
-0.015686275
-0.23529412
-0.23529412
-0.23529412
-0.36078432
-0.36078432
0.0627451
0.0627451
0.0627451
0.0627451
0.0627451
0.043137256
0.043137256
0.043137256
-0.003921569
-0.21176471
-0.43137255
-0.34117648
0.46666667
0.25490198
0.05490196
-0.4392157
-0.4392157
-0.4392157
-0.4392157
-0.4392157
-0.4392157
-0.43529412
-0.43529412
-0.43529412
-0.43529412
0.0
0.38431373
0.0
0.0
0.0
0.0
0.0
0.0
0.0
0.0
0.0
0.0627451
0.011764706
0.10980392
0.16862746
0.23529412
0.30588236
0.36862746
0.42352942
0.47843137
-0.48235294
0.4862745
0.4
0.36078432
0.36078432
-0.45490196
-0.45490196
0.3647059
-0.46666667
-0.14901961
-0.003921569
-0.003921569
-0.003921569
-0.003921569
-0.003921569
-0.003921569
-0.28235295
-0.4392157
0.30588236
0.15686275
0.14901961
0.08627451
-0.49019608
-0.49019608
-0.49019608
-0.49019608
-0.49019608
-0.5019608
0.047058824
0.047058824
0.047058824
0.050980393
-0.48235294
-0.48235294
-0.48235294
-0.48235294
0.4392157
0.06666667
0.05882353
0.05882353
0.41568628
-0.3882353
-0.20784314
-0.40392157
0.40392157
0.3372549
0.043137256
0.043137256
0.043137256
0.043137256
0.043137256
0.31764707
0.32156864
-0.49019608
0.43529412
-0.40784314
0.44313726
0.4627451
0.043137256
0.4627451
0.4392157
0.4392157
0.4392157
-0.14901961
-0.14901961
-0.14901961
0.43529412
0.43529412
0.015686275
0.03529412
0.050980393
0.09803922
-0.003921569
-0.003921569
-0.003921569
-0.003921569
-0.003921569
-0.003921569
-0.003921569
-0.08627451
-0.08627451
0.09019608
0.09019608
0.09803922
0.09803922
0.09803922
0.09803922
0.09803922
0.09803922
0.09803922
0.09803922
0.09803922
0.09803922
0.09803922
0.09803922
0.09803922
0.09803922
0.078431375
0.05882353
0.05882353
0.07450981
0.07450981
0.09803922
0.09803922
0.06666667
0.09803922
0.09803922
-0.30588236
-0.015686275
-0.015686275
0.09803922
0.07450981
-0.23529412
-0.4117647
-0.36078432
0.0627451
0.0627451
0.0627451
0.0627451
0.043137256
0.043137256
0.043137256
0.043137256
-0.27058825
-0.32156864
-0.47058824
0.41568628
0.09803922
0.28235295
0.05490196
0.05490196
-0.4392157
-0.4392157
-0.4392157
-0.4392157
-0.4392157
-0.4392157
0.0
0.0
0.38431373
0.38431373
0.38431373
0.38431373
0.0
0.0
0.0
0.0
0.0
0.0
0.0
0.0
0.007843138
0.015686275
0.09019608
0.14117648
0.21176471
0.043137256
0.3764706
0.44313726
0.49019608
-0.48235294
0.49803922
0.41568628
0.3019608
0.36078432
0.36078432
-0.45490196
0.3529412
-0.48235294
-0.23921569
-0.11764706
-0.003921569
-0.003921569
-0.003921569
-0.003921569
-0.26666668
0.38039216
0.34117648
-0.003921569
0.09019608
0.08627451
0.047058824
-0.49019608
-0.49019608
-0.49019608
-0.49019608
-0.49019608
-0.5019608
0.047058824
0.047058824
0.015686275
0.050980393
0.050980393
-0.48235294
0.4
0.31764707
0.45490196
0.06666667
-0.32156864
0.06666667
0.03529412
0.03529412
0.43529412
0.36862746
0.03529412
0.043137256
0.043137256
0.043137256
0.043137256
0.043137256
0.043137256
0.22352941
-0.003921569
0.3372549
-0.003921569
0.4627451
0.38431373
0.4627451
0.4627451
0.4627451
0.043137256
0.4392157
0.4392157
0.08235294
0.08235294
0.08235294
0.05882353
0.0
0.0
0.050980393
0.050980393
0.09803922
-0.003921569
-0.003921569
-0.003921569
-0.003921569
-0.003921569
-0.003921569
-0.003921569
-0.08627451
-0.08627451
0.09019608
0.09019608
0.09803922
0.09803922
0.09803922
0.09803922
0.09803922
0.09803922
0.09803922
0.09803922
0.09803922
0.09803922
0.09803922
0.09803922
0.09803922
0.078431375
0.078431375
0.05882353
0.05882353
0.07058824
0.07058824
0.078431375
0.09803922
0.06666667
0.06666667
0.09803922
0.09803922
-0.015686275
-0.015686275
-0.003921569
-0.4117647
-0.4117647
-0.4117647
-0.42745098
0.0627451
0.0627451
0.0627451
0.0627451
0.0627451
0.0627451
0.0627451
0.043137256
-0.18039216
-0.3882353
-0.003921569
-0.003921569
0.09803922
0.2
0.05490196
0.05490196
-0.4392157
-0.4392157
-0.4392157
-0.4392157
-0.4392157
-0.4392157
0.0
-0.4862745
0.38431373
0.38431373
0.38431373
0.38431373
0.38431373
0.0
0.0
0.0
0.0
0.0
0.0
0.0
0.007843138
0.015686275
0.015686275
0.11764706
0.19607843
0.043137256
0.36862746
0.4392157
0.48235294
-0.49019608
0.46666667
0.38039216
0.32156864
0.22745098
0.12156863
0.0
0.28235295
0.4392157
-0.41568628
-0.32156864
-0.21960784
-0.15686275
-0.28627452
-0.32156864
-0.40784314
-0.003921569
-0.003921569
-0.003921569
0.06666667
0.05882353
0.015686275
-0.49019608
-0.49019608
-0.49019608
-0.49019608
-0.49019608
0.047058824
0.047058824
-0.5019608
0.05490196
0.050980393
0.050980393
0.050980393
-0.48235294
-0.48235294
0.06666667
-0.3019608
0.06666667
-0.32156864
0.36862746
0.03529412
0.03529412
0.36862746
0.043137256
0.043137256
0.44313726
0.44313726
0.44313726
0.043137256
0.043137256
0.078431375
0.0
0.09803922
-0.003921569
-0.003921569
0.4627451
0.4627451
0.4627451
0.4627451
0.043137256
0.4392157
0.4392157
0.08235294
0.08235294
0.08235294
0.05882353
0.0
0.0
0.050980393
0.050980393
-0.4627451
-0.003921569
-0.003921569
-0.003921569
-0.003921569
-0.003921569
-0.003921569
-0.003921569
0.09019608
0.09019608
0.09019608
0.09019608
0.09019608
-0.3137255
0.09803922
0.09803922
0.09803922
0.09803922
-0.36862746
0.09803922
-0.02745098
0.09411765
0.09803922
0.09803922
0.09803922
0.078431375
0.078431375
0.05882353
0.05882353
0.07058824
0.07058824
0.06666667
0.06666667
0.06666667
0.06666667
0.09803922
0.09803922
-0.11372549
-0.11372549
-0.003921569
-0.4117647
-0.4117647
-0.4117647
-0.42745098
-0.42745098
-0.42745098
0.0627451
0.0627451
0.0627451
0.0627451
0.0627451
0.0627451
0.41960785
0.07450981
0.07450981
-0.003921569
-0.003921569
0.050980393
0.05490196
0.05490196
-0.4392157
-0.4392157
-0.4392157
-0.4392157
-0.4392157
-0.4392157
-0.4862745
-0.4862745
0.38431373
0.38431373
0.38431373
0.38431373
0.38431373
0.0
0.0
0.0
0.0
0.0
0.0
0.0
0.015686275
0.015686275
0.019607844
0.03137255
0.18431373
0.26666668
0.3372549
0.39607844
0.43529412
0.45490196
0.43137255
0.32941177
0.25490198
0.07450981
0.0
0.08235294
0.21568628
0.3254902
0.41568628
-0.49803922
-0.4392157
-0.32941177
-0.3019608
-0.38039216
0.39215687
-0.003921569
-0.003921569
-0.003921569
0.07058824
0.06666667
0.011764706
-0.49019608
-0.49019608
0.050980393
-0.49019608
0.03137255
0.0
0.047058824
0.0
0.047058824
0.050980393
0.050980393
0.050980393
0.050980393
-0.3019608
-0.3019608
0.06666667
0.03529412
-0.32156864
0.03529412
0.03529412
0.36862746
0.36862746
0.043137256
0.043137256
0.44313726
0.44313726
0.44313726
0.44313726
0.043137256
0.0
0.0
0.0
0.09803922
-0.003921569
0.4627451
0.4627451
0.4627451
0.4627451
0.4392157
0.4392157
0.4392157
0.08235294
0.08235294
0.08235294
0.05882353
-0.41568628
0.0
0.050980393
0.050980393
-0.34509805
-0.34509805
-0.003921569
-0.003921569
-0.003921569
0.46666667
0.46666667
-0.003921569
-0.15294118
0.09019608
0.09019608
0.09019608
0.09019608
-0.3137255
-0.3137255
-0.3137255
-0.003921569
-0.003921569
-0.36862746
-0.3647059
-0.3647059
-0.02745098
-0.33333334
-0.33333334
0.09803922
0.09803922
0.078431375
0.078431375
0.07058824
0.07058824
0.07058824
0.07058824
0.06666667
0.06666667
0.06666667
0.06666667
0.06666667
-0.11372549
-0.11372549
-0.11372549
-0.003921569
-0.4117647
-0.34901962
-0.42745098
-0.42745098
-0.42745098
-0.42745098
0.0627451
0.0627451
0.0627451
0.0627451
0.0627451
0.0627451
0.07450981
0.07450981
0.07450981
-0.003921569
0.0
0.0
0.05490196
0.05490196
-0.4392157
-0.4392157
-0.4392157
-0.4392157
-0.4862745
-0.4862745
-0.4862745
0.38431373
0.38431373
0.38431373
0.38431373
0.38431373
0.3137255
0.3137255
0.0
0.0
0.0
0.0
0.0
0.015686275
0.015686275
0.019607844
0.03529412
0.16862746
0.23137255
0.36862746
0.32941177
0.35686275
0.37254903
0.38039216
0.007843138
0.16862746
0.12156863
0.10980392
0.10980392
0.14509805
0.37254903
0.37254903
0.3529412
0.39215687
0.45490196
0.3882353
0.37254903
0.09803922
-0.003921569
-0.003921569
-0.003921569
0.0627451
0.0627451
0.023529412
-0.49019608
-0.49019608
0.050980393
-0.49019608
0.0
0.011764706
0.0
0.0
0.047058824
0.05882353
0.043137256
0.03137255
0.0
0.0
-0.3019608
0.06666667
0.06666667
0.050980393
0.03529412
0.36862746
0.36862746
0.36862746
0.44313726
0.44313726
0.44313726
0.043137256
0.043137256
0.043137256
0.0
0.0
0.0
0.023529412
0.043137256
0.050980393
0.4627451
0.4627451
0.4627451
0.4627451
0.043137256
0.4392157
0.4392157
0.043137256
0.08235294
0.08235294
0.05882353
-0.41568628
0.0
0.050980393
0.0627451
-0.34509805
-0.34509805
-0.003921569
-0.003921569
0.46666667
0.46666667
0.46666667
0.46666667
-0.43529412
0.09019608
0.09019608
0.09019608
0.09019608
-0.3137255
-0.3137255
-0.3137255
-0.36862746
-0.36862746
-0.36862746
-0.3647059
-0.3647059
-0.3647059
-0.3647059
0.49411765
0.49411765
-0.42745098
-0.44705883
0.05490196
0.05490196
0.039215688
0.039215688
0.07058824
0.03137255
0.03529412
0.03529412
0.36862746
0.06666667
0.08627451
-0.11372549
-0.11372549
-0.4117647
-0.4117647
-0.34901962
-0.42745098
-0.42745098
-0.42745098
-0.42745098
0.0627451
0.0627451
0.0627451
0.0627451
0.0627451
0.0627451
0.07450981
0.07450981
0.07450981
0.07450981
0.05882353
0.05882353
0.05882353
0.05882353
-0.4392157
-0.4392157
-0.4392157
-0.4392157
-0.4862745
-0.4862745
-0.4862745
-0.4862745
0.38431373
0.38431373
0.38431373
0.38431373
0.3137255
0.3137255
0.3137255
0.0
0.0
0.0
0.0
0.015686275
0.03137255
0.019607844
0.02745098
0.043137256
0.18039216
0.36862746
0.36862746
0.36862746
0.26666668
0.25490198
0.08235294
0.13333334
0.09803922
0.078431375
0.07450981
0.09411765
0.14117648
0.37254903
0.37254903
0.37254903
0.28235295
0.23137255
0.09803922
0.16470589
0.09803922
0.11372549
0.09803922
0.05882353
0.050980393
0.023529412
0.039215688
0.050980393
0.050980393
0.050980393
0.007843138
0.019607844
0.003921569
0.0
0.050980393
0.05490196
0.011764706
0.007843138
0.019607844
0.019607844
0.047058824
0.011764706
0.03137255
0.03529412
0.007843138
0.03529412
0.36862746
0.03529412
0.043137256
0.043137256
0.043137256
0.043137256
0.043137256
0.043137256
0.0
0.0
0.0
0.011764706
0.0
0.08627451
0.4627451
0.4627451
0.4627451
0.4627451
0.4627451
0.4392157
0.043137256
0.4392157
0.043137256
0.043137256
0.05882353
-0.41568628
0.0
0.050980393
0.0627451
-0.34509805
-0.34509805
0.019607844
-0.003921569
0.46666667
0.46666667
0.46666667
0.46666667
-0.43529412
-0.15294118
-0.3137255
0.09019608
-0.3137255
-0.3137255
-0.3137255
-0.3137255
-0.3137255
-0.36862746
-0.36862746
-0.3647059
-0.3647059
-0.3647059
0.49411765
0.49411765
0.49411765
0.49411765
0.49411765
-0.44705883
0.05490196
0.039215688
0.07058824
0.023529412
0.03137255
0.03529412
0.03529412
0.03529412
0.03529412
0.06666667
-0.11372549
-0.11372549
-0.4117647
-0.4117647
-0.34901962
-0.42745098
-0.42745098
-0.42745098
-0.42745098
0.0
0.0
0.0627451
0.0627451
0.0627451
0.0627451
0.043137256
-0.24705882
0.07450981
0.07450981
-0.38039216
0.05882353
0.05882353
0.05882353
0.05490196
-0.4392157
-0.4392157
-0.4392157
-0.4862745
-0.4862745
-0.4862745
-0.4862745
-0.4862745
0.3137255
0.3137255
0.3137255
0.3137255
0.3137255
0.3137255
0.0
0.0
0.0
0.0
0.011764706
0.023529412
0.011764706
0.015686275
0.023529412
0.10980392
0.13725491
0.36862746
0.16470589
0.16078432
0.14117648
0.11372549
0.08627451
0.06666667
0.050980393
0.023529412
0.0627451
0.09411765
0.101960786
0.37254903
0.37254903
0.15686275
0.13333334
0.09019608
0.10980392
0.078431375
0.101960786
0.08627451
0.050980393
0.011764706
0.0
0.03137255
-0.49019608
0.050980393
0.019607844
0.003921569
0.003921569
0.0
0.0
0.023529412
0.03137255
0.007843138
0.039215688
0.015686275
0.015686275
0.023529412
0.015686275
0.02745098
0.019607844
0.011764706
0.003921569
0.03529412
0.03529412
0.043137256
0.043137256
0.043137256
0.44313726
0.043137256
0.0
0.007843138
0.0
0.0
0.02745098
0.007843138
0.003921569
0.4627451
0.4627451
0.4627451
0.4627451
0.0
0.011764706
0.043137256
0.4392157
0.4392157
0.043137256
0.05882353
-0.41568628
0.0
0.0
0.050980393
-0.34509805
-0.34509805
0.03529412
-0.003921569
0.46666667
0.46666667
0.46666667
0.46666667
-0.43529412
0.03137255
0.003921569
-0.3137255
-0.3137255
-0.3137255
-0.3137255
-0.3137255
-0.3137255
-0.3137255
-0.36862746
-0.3647059
-0.3647059
-0.3647059
0.49411765
0.49411765
0.49411765
-0.42745098
-0.42745098
-0.44705883
-0.44705883
0.039215688
0.023529412
0.023529412
0.03137255
0.03137255
0.03529412
0.03529412
0.36862746
0.36862746
0.25490198
0.25490198
0.03137255
-0.4117647
-0.34901962
-0.42745098
-0.42745098
-0.42745098
-0.42745098
0.0
0.0
0.043137256
0.043137256
0.0627451
0.0627451
0.4509804
0.4509804
-0.24705882
0.07450981
-0.38039216
0.05882353
0.05882353
0.05882353
0.0
0.0
0.0
0.0
-0.4862745
-0.4862745
-0.4862745
-0.4862745
-0.4862745
0.3137255
0.3137255
0.3137255
0.3137255
0.3137255
0.3137255
0.0
0.0
0.0
0.0
0.007843138
0.019607844
0.019607844
0.003921569
0.003921569
0.007843138
0.015686275
0.078431375
0.08627451
0.08235294
0.078431375
0.06666667
0.05882353
0.050980393
0.03529412
0.007843138
0.039215688
0.05882353
0.0627451
0.08235294
0.37254903
0.08627451
0.07058824
0.050980393
0.07450981
0.0627451
0.08235294
0.07450981
0.043137256
0.011764706
0.0
0.0
0.015686275
0.011764706
0.0
0.0
0.007843138
0.0
0.0
0.0
0.007843138
0.03137255
0.039215688
0.019607844
0.011764706
0.007843138
0.023529412
0.03137255
0.011764706
0.019607844
0.011764706
0.0
0.0
0.043137256
0.043137256
0.44313726
0.44313726
0.023529412
0.007843138
0.007843138
0.0
0.0
0.011764706
0.003921569
0.0
0.02745098
0.4627451
0.4627451
0.4627451
0.007843138
0.011764706
0.02745098
0.043137256
0.043137256
0.0
0.0
0.003921569
0.0
0.0
0.0
0.003921569
0.015686275
0.0627451
0.05490196
-0.003921569
0.46666667
0.46666667
0.46666667
-0.43529412
0.050980393
0.019607844
-0.3137255
-0.3137255
-0.3137255
-0.3137255
-0.3137255
-0.3137255
-0.3137255
-0.36862746
-0.36862746
-0.3647059
-0.3647059
-0.3647059
0.49411765
0.49411765
0.49411765
0.49411765
0.49411765
0.047058824
0.40784314
0.023529412
0.023529412
0.03137255
0.03137255
0.03529412
0.03529412
0.03529412
0.36862746
0.25490198
0.25490198
0.03529412
0.03137255
-0.34901962
-0.39215687
-0.42745098
-0.42745098
-0.42745098
0.0
0.0
0.043137256
0.043137256
0.043137256
0.043137256
0.4509804
-0.40392157
-0.40392157
0.0
-0.38039216
-0.38039216
0.05882353
0.05882353
0.0
0.0
0.0
0.0
0.0
-0.4862745
-0.4862745
-0.4862745
-0.4862745
0.3137255
0.3137255
0.3137255
0.3137255
0.3137255
0.3137255
colors
0.15145633 0.4272912 0.6361647
0.14987989 0.43401334 0.6400863
0.14595832 0.43009177 0.6361647
0.14987989 0.43401334 0.6400863
0.15380146 0.4379349 0.64400786
0.15380146 0.4379349 0.64400786
0.14830345 0.43938592 0.65095687
0.14280547 0.44218644 0.65095687
0.14672704 0.446108 0.6548784
0.14672704 0.446108 0.6548784
0.15222502 0.4433075 0.6548784
0.16006815 0.45115063 0.6627215
0.15614659 0.44722906 0.6588
0.15614659 0.44722906 0.6588
0.15614659 0.44722906 0.6588
0.1616446 0.44577804 0.651851
0.1836366 0.43727496 0.6379529
0.20093836 0.41018367 0.5944705
0.254381 0.36094213 0.501451
0.36272556 0.3720008 0.43553722
0.40274903 0.39252675 0.43127057
0.40351763 0.40719348 0.45693338
0.3360043 0.39662153 0.48204702
0.25122818 0.37708545 0.4953961
0.3045536 0.43736002 0.5611686
0.38298497 0.5171409 0.632651
0.46064773 0.5782065 0.6993177
0.50928295 0.6198928 0.7355059
0.5281221 0.6221348 0.743349
0.5328514 0.6046676 0.7176863
0.50463176 0.5612004 0.67152154
0.4638396 0.5273573 0.64317644
0.43792605 0.53193873 0.65315294
0.45514977 0.57830787 0.7132157
0.48021653 0.6338699 0.7741725
0.50609106 0.66804296 0.80554503
0.50609106 0.66939247 0.7985961
0.45511067 0.6197616 0.74066675
0.39002046 0.54907197 0.65618044
0.39002046 0.54907197 0.65618044
0.40178517 0.5621862 0.6609961
0.426891 0.57899356 0.6806039
0.4504204 0.60252297 0.70413333
0.4386557 0.5894087 0.6993177
0.4621851 0.6129381 0.7228471
0.45276555 0.61181706 0.71892554
0.42923614 0.58828765 0.6953961
0.43081257 0.5829151 0.6845255
0.41904786 0.56980085 0.67970985
0.41747144 0.5751734 0.69058037
0.38686758 0.5598171 0.67792165
0.3711813 0.5441308 0.6622354
0.4512282 0.5797845 0.68149805
0.38310215 0.41032395 0.45996076
0.35253724 0.35756263 0.39900395
0.3030943 0.3345661 0.40629807
0.1861769 0.26629168 0.3765098
0.17360453 0.27591574 0.39432937
0.17829478 0.294504 0.42391372
0.20416936 0.32597798 0.46918428
0.22846738 0.36552367 0.51142734
0.25826353 0.4036183 0.54672146
0.2943263 0.45627823 0.5937803
0.31235775 0.4812586 0.62425876
0.31785572 0.47980765 0.6173097
0.31393415 0.47588608 0.6133881
0.32177728 0.4837292 0.62123126
0.3311969 0.48485023 0.6251528
0.24415365 0.38120994 0.5271136
0.17675735 0.26112196 0.39343533
0.15561213 0.21622938 0.30165488
0.16895324 0.22397107 0.29560003
0.17602769 0.21984662 0.26388234
0.18467855 0.21034959 0.22129415
0.33450595 0.34337854 0.3129334
0.6827959 0.64437515 0.56714517
0.62320364 0.5695354 0.4896079
0.64438796 0.58242106 0.5052942
0.67183894 0.60987204 0.5327451
0.6694938 0.60057795 0.5179529
0.6459644 0.57704854 0.49442354
0.6459644 0.57704854 0.49442354
0.66165066 0.5940843 0.5031608
0.66165066 0.5940843 0.5031608
0.63812125 0.5705549 0.47963136
0.6538075 0.5862412 0.49531764
0.67341536 0.605849 0.5149255
0.7102859 0.63442105 0.546298
0.6867565 0.61089164 0.5227686
0.67891335 0.6030485 0.5149255
0.69067806 0.6148132 0.5266902
0.69067806 0.6148132 0.5266902
0.6475408 0.57167596 0.48355293
0.67891335 0.6030485 0.5149255
0.6710702 0.59520537 0.50708234
0.6828349 0.6069701 0.51884705
0.70244277 0.6265779 0.5384549
0.696176 0.61336225 0.51974124
0.67656815 0.5937544 0.5001334
0.6569603 0.5754961 0.47357655
0.66480345 0.5833392 0.48141968
0.6844113 0.60294706 0.5010275
0.6804897 0.5990255 0.49710596
0.6804897 0.5990255 0.49710596
0.67422307 0.58446026 0.48534125
0.6546152 0.5648524 0.4657334
0.65069366 0.5622804 0.4548628
0.6663799 0.5779667 0.47054908
0.6585368 0.5714731 0.45575684
0.64442694 0.54906476 0.436149
0.6483485 0.55298626 0.44007057
0.6350074 0.5479437 0.43222743
0.65069366 0.5622804 0.4548628
0.6663799 0.5779667 0.47054908
0.6585368 0.57012355 0.46270594
0.66245836 0.5740451 0.4666275
0.6585368 0.57012355 0.46270594
0.65619165 0.55947983 0.4548628
0.6718779 0.5751661 0.47054908
0.6601132 0.564751 0.45183527
0.6522701 0.5569079 0.44399214
0.6365838 0.5412216 0.42830586
0.6420818 0.53842103 0.42830586
0.67345434 0.5697936 0.4596784
0.6891406 0.58547986 0.47536469
0.6601132 0.564751 0.45183527
0.6836426 0.58828044 0.47536469
0.6836426 0.58828044 0.47536469
0.6522701 0.5569079 0.44399214
0.6405054 0.5451431 0.43222743
0.67972106 0.5843588 0.47144312
0.6859878 0.59757453 0.49015692
0.6859878 0.59757453 0.49015692
0.68910164 0.6215353 0.53061175
0.67495275 0.6311338 0.5870981
0.6365057 0.6038857 0.5874432
0.5329685 0.50729746 0.496353
0.47964296 0.44702294 0.43058044
0.44515663 0.3876409 0.37960005
0.44515663 0.3876409 0.37960005
0.45299977 0.39548403 0.38744318
0.47026247 0.4044482 0.3992079
0.4726076 0.41644144 0.40010193
0.47418404 0.40836978 0.40312946
0.45772907 0.3766673 0.36872938
0.42635652 0.3466443 0.33040783
0.46007422 0.38866052 0.3696235
0.44046637 0.36905268 0.35001567
0.45772907 0.37801686 0.36178038
0.43419966 0.35448745 0.33825096
0.45615265 0.38473895 0.36570194
0.46710956 0.419242 0.40010193
0.47652918 0.420363 0.4040235
0.4428115 0.37969637 0.3578588
0.46399578 0.3925821 0.37354508
0.44046637 0.36905268 0.35001567
0.44046637 0.36905268 0.35001567
0.41693696 0.34552327 0.32648626
0.44438794 0.37297425 0.35393724
0.44438794 0.37297425 0.35393724
0.16795033 0.42293823 0.6153177
0.15853079 0.42046764 0.61834514
0.16637392 0.42831078 0.6261883
0.16637392 0.42831078 0.6261883
0.16637392 0.42831078 0.6261883
0.16479744 0.4350329 0.6301098
0.16322103 0.4404055 0.64098036
0.15929946 0.43648392 0.6370588
0.16322103 0.4404055 0.64098036
0.1671426 0.44432706 0.64490193
0.17106417 0.44824862 0.6488235
0.17106417 0.44824862 0.6488235
0.17106417 0.44824862 0.6488235
0.1671426 0.44432706 0.64490193
0.17264058 0.44287604 0.6379529
0.17421706 0.43750346 0.62708247
0.18678945 0.42652988 0.61621165
0.20409124 0.3994385 0.57272947
0.254381 0.3622917 0.49450195
0.36272556 0.3720008 0.43553722
0.40432543 0.38580465 0.427349
0.4011726 0.39789927 0.4421412
0.32423958 0.38485682 0.47028232
0.2606477 0.379556 0.49236858
0.3218164 0.44767368 0.56598437
0.4002478 0.52610505 0.64441574
0.4645693 0.5834776 0.6962902
0.51085943 0.6131707 0.7315843
0.525777 0.61149114 0.7355059
0.5226631 0.5861808 0.702
0.48894548 0.5455141 0.6558353
0.45599645 0.52086365 0.6283843
0.4402712 0.5412329 0.66794515
0.4574948 0.58760214 0.72800785
0.48805967 0.641713 0.7820156
0.5100126 0.6719645 0.8094666
0.50609106 0.66939247 0.7985961
0.45511067 0.62111115 0.7337176
0.39002046 0.5504215 0.6492314
0.3860989 0.5464999 0.6453098
0.40570673 0.5661078 0.66491765
0.43081257 0.5829151 0.6845255
0.45434198 0.60644454 0.7080549
0.4504204 0.60252297 0.70413333
0.46610668 0.6168597 0.7267687
0.45276555 0.61181706 0.71892554
0.4331577 0.5922092 0.6993177
0.43081257 0.58156556 0.69147456
0.42296943 0.5737224 0.6836314
0.42531458 0.5830165 0.6984235
0.39471072 0.5676602 0.6857648
0.37510288 0.5480524 0.6661569
0.4512282 0.578435 0.68844706
0.37918058 0.40640238 0.4560392
0.35253724 0.35756263 0.39900395
0.29917273 0.33064452 0.4023765
0.1861769 0.26629168 0.3765098
0.1775261 0.2798373 0.39825094
0.18771434 0.29562503 0.4278353
0.20416936 0.32732752 0.46223533
0.23238894 0.37079477 0.50839996
0.2684518 0.42210513 0.56240773
0.2943263 0.45627823 0.5937803
0.31235775 0.4812586 0.62425876
0.3084362 0.47733703 0.62033725
0.3202009 0.48910174 0.6321019
0.32962042 0.49157235 0.6290744
0.3311969 0.48485023 0.6251528
0.24415365 0.37986037 0.53406274
0.17518094 0.2664945 0.40430588
0.15561213 0.21622938 0.30165488
0.18621598 0.23563433 0.29346663
0.22627844 0.22415346 0.21310586
0.63965863 0.5985388 0.5379059
0.6287017 0.5667348 0.4896079
0.6404664 0.57984906 0.49442354
0.6483095 0.5876922 0.50226665
0.6577291 0.58881325 0.5061882
0.6365448 0.5759275 0.49050197
0.63812125 0.5692054 0.4865804
0.6655722 0.5966564 0.51403135
0.66165066 0.5940843 0.5031608
0.63812125 0.5705549 0.47963136
0.6577291 0.59016275 0.4992392
0.68518007 0.61761373 0.5266902
0.68910164 0.6215353 0.53061175
0.6655722 0.5980059 0.50708234
0.6632271 0.58736223 0.4992392
0.6710702 0.59520537 0.50708234
0.6632271 0.58736223 0.4992392
0.6514624 0.5755975 0.4874745
0.6749918 0.59912694 0.5110039
0.6749918 0.59912694 0.5110039
0.67891335 0.6030485 0.5149255
0.70636433 0.6304995 0.54237646
0.6867565 0.6122412 0.51581967
0.66480345 0.5819897 0.4883687
0.6569603 0.5754961 0.47357655
0.6608819 0.57941765 0.4774981
0.668725 0.5872608 0.48534125
0.668725 0.5872608 0.48534125
0.6569603 0.5754961 0.47357655
0.6334309 0.55196667 0.45004714
0.6491172 0.56765294 0.4657334
0.6663799 0.5766171 0.4774981
0.6585368 0.57012355 0.46270594
0.6428505 0.5544373 0.44701967
0.6428505 0.5544373 0.44701967
0.6467721 0.55835885 0.45094123
0.6467721 0.5597084 0.44399214
0.6703015 0.58188826 0.47447065
0.6585368 0.57012355 0.46270594
0.67814463 0.5897314 0.48231378
0.6703015 0.58188826 0.47447065
0.65069366 0.5622804 0.4548628
0.6546152 0.566202 0.45878437
0.6546152 0.566202 0.45878437
0.6601132 0.564751 0.45183527
0.6601132 0.564751 0.45183527
0.6522701 0.5569079 0.44399214
0.67972106 0.5843588 0.47144312
0.67972106 0.5843588 0.47144312
0.6405054 0.5464927 0.42527843
0.6538465 0.5515353 0.43312156
0.6640348 0.5700221 0.44880784
0.64442694 0.5504143 0.4292
0.6601132 0.5661006 0.44488627
0.67972106 0.5843588 0.47144312
0.70325047 0.6078882 0.49497253
0.69540733 0.6000451 0.4871294
0.69148576 0.5961236 0.48320782
0.68521905 0.58290786 0.4644941
0.6656112 0.5633 0.44488627
0.6538465 0.5515353 0.43312156
0.6538465 0.55018574 0.44007057
0.66245836 0.5740451 0.4666275
0.6593055 0.5807416 0.5092157
0.65769 0.6208201 0.5822824
0.59179205 0.56747055 0.5482275
0.50551754 0.48119602 0.46195298
0.46395668 0.43133667 0.41489416
0.45534486 0.40612772 0.39528632
0.48045075 0.422935 0.41489416
0.4663409 0.4018762 0.38833722
0.44046637 0.3677031 0.35696468
0.42635652 0.3466443 0.33040783
0.47026247 0.40579778 0.3922588
0.45849776 0.39403307 0.3804941
0.44438794 0.37297425 0.35393724
0.4247801 0.3533664 0.3343294
0.46241933 0.3993042 0.37746665
0.463188 0.41532043 0.39618036
0.4749527 0.42708513 0.40794507
0.45299977 0.3968336 0.3804941
0.45065463 0.3875395 0.36570194
0.4153605 0.3522454 0.33040783
0.4247801 0.3533664 0.3343294
0.42320365 0.35873896 0.34519997
0.44123507 0.38641846 0.36178038
0.44673306 0.38361794 0.36178038
0.2142795 0.41792533 0.58841574
0.2087815 0.42207545 0.5814666
0.21662463 0.42856902 0.5962589
0.2205462 0.4324906 0.6001804
0.22446777 0.43641216 0.604102
0.23623247 0.44817686 0.61586666
0.22523645 0.45377794 0.61586666
0.22915801 0.45634997 0.62673724
0.23307958 0.46027154 0.6306588
0.23307958 0.46162108 0.6237098
0.23465602 0.45489895 0.6197883
0.23465602 0.4535494 0.62673724
0.23465602 0.45489895 0.6197883
0.22681288 0.44705582 0.61194515
0.23388734 0.43888274 0.60107446
0.22604421 0.4310396 0.5932313
0.23861663 0.42141548 0.57541186
0.25434196 0.39834717 0.549749
0.2842161 0.3643309 0.474549
0.36430195 0.36662826 0.42466664
0.40982348 0.38435367 0.42039996
0.39882746 0.38860518 0.427349
0.32973754 0.38340586 0.4633333
0.27006727 0.38067704 0.49629015
0.32573798 0.45159525 0.5699059
0.40182418 0.52073246 0.63354504
0.46614572 0.5767555 0.6923686
0.5045927 0.5986054 0.7198196
0.51558864 0.59435385 0.7128706
0.5085533 0.56512195 0.6754431
0.47718078 0.5337494 0.64407057
0.45599645 0.51951414 0.6353333
0.44811434 0.549076 0.6757883
0.46533793 0.5954453 0.735851
0.49040478 0.6523567 0.78985876
0.5084362 0.6786866 0.81338817
0.49274993 0.66434985 0.79075295
0.44334596 0.60934645 0.7219529
0.39002046 0.5504215 0.6492314
0.38452244 0.55322206 0.6492314
0.40413028 0.5728299 0.6688392
0.4386557 0.59075826 0.6923686
0.46610668 0.61820924 0.7198196
0.4621851 0.6142877 0.71589804
0.47002825 0.6221308 0.7237412
0.45668712 0.61573863 0.7228471
0.43707928 0.5961308 0.70323926
0.43473414 0.5854871 0.6953961
0.41904786 0.56980085 0.67970985
0.43473414 0.5854871 0.6953961
0.40255386 0.5741538 0.7005569
0.37744796 0.55869603 0.674
0.4629929 0.5901997 0.70021176
0.3909453 0.41816708 0.4678039
0.3564588 0.3614842 0.40292552
0.3030943 0.3345661 0.40629807
0.19009846 0.27021325 0.38043135
0.18144767 0.28375888 0.4021725
0.19005948 0.3062687 0.43567842
0.2120125 0.33382112 0.47702742
0.24023208 0.37728837 0.52319205
0.27629495 0.42994827 0.57025087
0.30216944 0.46412137 0.6016234
0.3084362 0.47733703 0.62033725
0.3084362 0.4786866 0.6133881
0.32412246 0.49437287 0.6290744
0.33746356 0.4994155 0.63691753
0.333542 0.49549392 0.63299596
0.25591835 0.39162508 0.5458274
0.18694565 0.27825922 0.41607058
0.18544723 0.21961811 0.27475291
0.53454494 0.5059736 0.46463537
0.6624193 0.6074015 0.5357726
0.6639958 0.6020289 0.524902
0.64438796 0.58377063 0.4983451
0.6483095 0.5876922 0.50226665
0.6302781 0.5627118 0.47178823
0.6459644 0.57839805 0.4874745
0.67341536 0.6044995 0.5218745
0.64438796 0.58512014 0.49139607
0.6365448 0.577277 0.48355293
0.67341536 0.605849 0.5149255
0.6796821 0.61906475 0.5336392
0.67341536 0.605849 0.5149255
0.66165066 0.5940843 0.5031608
0.6655722 0.5980059 0.50708234
0.66714865 0.5912838 0.5031608
0.6632271 0.58736223 0.4992392
0.6710702 0.59520537 0.50708234
0.6749918 0.59912694 0.5110039
0.6867565 0.61089164 0.5227686
0.69067806 0.6148132 0.5266902
0.70244277 0.6265779 0.5384549
0.67656815 0.5937544 0.5001334
0.668725 0.5859113 0.49229026
0.67656815 0.5937544 0.5001334
0.6844113 0.60159755 0.50797653
0.668725 0.5859113 0.49229026
0.6569603 0.5754961 0.47357655
0.6491172 0.56765294 0.4657334
0.6608819 0.57941765 0.4774981
0.668725 0.5872608 0.48534125
0.6608819 0.57941765 0.4774981
0.65303874 0.5715745 0.46965498
0.6608819 0.57941765 0.4774981
0.668725 0.5872608 0.48534125
0.66480345 0.5833392 0.48141968
0.6726466 0.59118235 0.48926282
0.6585368 0.57012355 0.46270594
0.6546152 0.566202 0.45878437
0.66245836 0.5740451 0.4666275
0.6608819 0.5807672 0.47054908
0.65303874 0.5729241 0.46270594
0.6546152 0.566202 0.45878437
0.66245836 0.5740451 0.4666275
0.6703015 0.58188826 0.47447065
0.6585368 0.57012355 0.46270594
0.67972106 0.5843588 0.47144312
0.70325047 0.6078882 0.49497253
0.6718779 0.57786524 0.45665097
0.6405054 0.5464927 0.42527843
0.6718779 0.57786524 0.45665097
0.6718779 0.57786524 0.45665097
0.6405054 0.5464927 0.42527843
0.6601132 0.5661006 0.44488627
0.69540733 0.60139465 0.48018038
0.6875642 0.5935515 0.47233725
0.6875642 0.59220195 0.47928625
0.67345434 0.5697936 0.4596784
0.67345434 0.57114315 0.4527294
0.67345434 0.57114315 0.4527294
0.67345434 0.57114315 0.4527294
0.6656112 0.5646495 0.43793732
0.6577681 0.5568064 0.43009418
0.64757985 0.5369701 0.42135686
0.6436583 0.5330485 0.4174353
0.66168964 0.5580289 0.4479137
0.67972106 0.5843588 0.47144312
0.6726466 0.58983284 0.49621183
0.6647645 0.6153461 0.5575137
0.63885087 0.61587894 0.58833724
0.5486548 0.5243333 0.50509024
0.501596 0.47727445 0.45803142
0.4420037 0.40108517 0.38744318
0.43812123 0.35705945 0.34912154
0.4130154 0.34025213 0.3295137
0.4898703 0.42540562 0.41186664
0.46241933 0.39795464 0.38441566
0.46007422 0.38866052 0.3696235
0.42870167 0.3559384 0.34519997
0.44673306 0.38226837 0.36872938
0.47103113 0.42316356 0.4040235
0.47103113 0.42316356 0.4040235
0.44750172 0.39963415 0.3804941
0.4428115 0.3783468 0.3648078
0.4153605 0.35089582 0.33735684
0.42320365 0.35873896 0.34519997
0.42947036 0.3733042 0.35696468
0.4373135 0.38114733 0.3648078
0.44673306 0.38361794 0.36178038
0.26141635 0.3928732 0.5249804
0.27318105 0.4046379 0.53674513
0.2621851 0.4088894 0.5436941
0.26610667 0.41281098 0.54761565
0.27787137 0.42592523 0.5524314
0.29513404 0.4348894 0.5641961
0.2990556 0.43881097 0.5681177
0.2990556 0.43881097 0.5681177
0.30297717 0.44273254 0.57203925
0.29513404 0.4348894 0.5641961
0.30063203 0.43343845 0.55724704
0.30220857 0.42806584 0.54637647
0.298287 0.42414427 0.54245496
0.28494576 0.41910172 0.5346118
0.2865223 0.41237956 0.5306902
0.29359668 0.40420645 0.51981956
0.2779104 0.38852018 0.5041333
0.26929858 0.36601037 0.47062743
0.2866003 0.3402686 0.42019606
0.35803536 0.35476202 0.39900395
0.40747833 0.37505952 0.40560788
0.40432543 0.38580465 0.427349
0.34230998 0.37378177 0.44551376
0.26929858 0.36466083 0.47757643
0.3233928 0.4423011 0.5551137
0.39947903 0.5100888 0.6257019
0.45987904 0.5621903 0.6806039
0.49440444 0.5814681 0.6971843
0.50147885 0.57329506 0.68631375
0.48502392 0.54159254 0.6519137
0.4614945 0.5180631 0.6283843
0.44107887 0.5211936 0.6314118
0.4410399 0.55724907 0.6866588
0.4621851 0.60753995 0.7506431
0.49040478 0.6523567 0.78985876
0.50451463 0.67476505 0.8094666
0.4849068 0.6565067 0.7829098
0.4276597 0.59500974 0.6993177
0.38452244 0.5545716 0.64228237
0.39236557 0.5610652 0.6570745
0.40805185 0.5767515 0.6727608
0.4504204 0.6038725 0.6971843
0.4778714 0.63132346 0.7246353
0.47002825 0.6221308 0.7237412
0.47394982 0.6260524 0.72766274
0.4606087 0.62100977 0.7198196
0.44492242 0.6039739 0.7110824
0.43473414 0.5868367 0.68844706
0.41904786 0.5711504 0.6727608
0.43473414 0.5854871 0.6953961
0.40097737 0.58087593 0.70447844
0.38136953 0.5612681 0.6848706
0.46141636 0.5969219 0.70413333
0.39486685 0.42208865 0.47172546
0.35253724 0.35756263 0.39900395
0.30701587 0.33848765 0.41021964
0.19244362 0.2808569 0.3882745
0.18144767 0.2824093 0.4091216
0.19947904 0.30738974 0.4396
0.21593407 0.33909222 0.47400004
0.24807522 0.3851315 0.5310352
0.27237338 0.4260267 0.5663293
0.30216944 0.46412137 0.6016234
0.31235775 0.48260817 0.6173097
0.3084362 0.4786866 0.6133881
0.31235775 0.48260817 0.6173097
0.333542 0.49549392 0.63299596
0.3547263 0.50837964 0.64868224
0.28494576 0.41505307 0.5554588
0.31332156 0.32104608 0.34589016
0.65142334 0.6103035 0.5496706
0.64673305 0.5917152 0.52008635
0.64438796 0.58377063 0.4983451
0.63262326 0.5720059 0.4865804
0.65615267 0.59553534 0.5101098
0.65615267 0.59688485 0.5031608
0.66165066 0.5940843 0.5031608
0.6459644 0.57839805 0.4874745
0.6459644 0.57839805 0.4874745
0.6655722 0.5980059 0.50708234
0.6655722 0.5980059 0.50708234
0.64988595 0.5823196 0.49139607
0.64988595 0.5823196 0.49139607
0.68518007 0.61761373 0.5266902
0.6655722 0.5980059 0.50708234
0.67733693 0.6097706 0.51884705
0.67341536 0.605849 0.5149255
0.6867565 0.61089164 0.5227686
0.69067806 0.6148132 0.5266902
0.6985212 0.6240059 0.5275844
0.68833286 0.6055191 0.5118981
0.6514624 0.5769471 0.48052555
0.66714865 0.59263337 0.49621183
0.668725 0.5859113 0.49229026
0.66480345 0.5819897 0.4883687
0.6608819 0.57806814 0.48444712
0.6569603 0.57414657 0.48052555
0.668725 0.5859113 0.49229026
0.66480345 0.5833392 0.48141968
0.6726466 0.59118235 0.48926282
0.6608819 0.57941765 0.4774981
0.6569603 0.5754961 0.47357655
0.668725 0.5872608 0.48534125
0.66480345 0.5833392 0.48141968
0.66480345 0.5833392 0.48141968
0.6569603 0.5754961 0.47357655
0.6569603 0.5754961 0.47357655
0.6608819 0.57941765 0.4774981
0.63735247 0.55588824 0.4539687
0.64127403 0.5598098 0.45789027
0.668725 0.5872608 0.48534125
0.67656815 0.5964535 0.48623535
0.66480345 0.5833392 0.48141968
0.6844113 0.6042966 0.4940785
0.6859878 0.59757453 0.49015692
0.68990934 0.60284567 0.4871294
0.6718779 0.57786524 0.45665097
0.6601132 0.5661006 0.44488627
0.6577681 0.5554569 0.43704313
0.6656112 0.5633 0.44488627
0.64600337 0.5436922 0.42527843
0.62874067 0.53472805 0.41351372
0.67345434 0.57114315 0.4527294
0.6773759 0.5750647 0.45665097
0.6695328 0.5672216 0.44880784
0.6812975 0.5789863 0.46057254
0.6695328 0.5672216 0.44880784
0.6656112 0.5633 0.44488627
0.6773759 0.5750647 0.45665097
0.6632661 0.55265635 0.43704313
0.6632661 0.55265635 0.43704313
0.6671877 0.5579274 0.43401575
0.64992493 0.54896325 0.42225105
0.66168964 0.56072795 0.43401575
0.68521905 0.58425736 0.45754516
0.6812975 0.5789863 0.46057254
0.6695328 0.5672216 0.44880784
0.6773759 0.5750647 0.45665097
0.6789524 0.5683426 0.4527294
0.6773759 0.5750647 0.45665097
0.6820662 0.59500253 0.47928625
0.6875252 0.62420875 0.55538046
0.66003513 0.6301142 0.5970745
0.57060784 0.5545848 0.5325412
0.501596 0.4759249 0.46498042
0.42708617 0.4014151 0.39047062
0.47179982 0.4391798 0.4227373
0.4514233 0.40220615 0.39136475
0.4490782 0.39291203 0.37657252
0.43262324 0.35985997 0.34912154
0.41928208 0.3548174 0.3412784
0.45926642 0.41139886 0.3922588
0.4608429 0.40467674 0.38833722
0.44123507 0.3850689 0.36872938
0.43104678 0.3665821 0.3530431
0.41770566 0.36153948 0.34519997
0.43339193 0.3758762 0.36783534
0.4373135 0.38114733 0.3648078
0.42005074 0.37218317 0.3530431
0.43339193 0.37722576 0.36088625
0.26852983 0.3486446 0.45886272
0.2787181 0.3671314 0.474549
0.265377 0.36073926 0.47365487
0.265377 0.36073926 0.47365487
0.26929858 0.36466083 0.47757643
0.28498486 0.38169664 0.4863137
0.292828 0.38953978 0.49415684
0.292828 0.38953978 0.49415684
0.29674956 0.39346135 0.4980784
0.2944044 0.3828177 0.49023527
0.29048282 0.37889612 0.4863137
0.28656125 0.3763241 0.47544312
0.28656125 0.3763241 0.47544312
0.29048282 0.38024566 0.4793647
0.28656125 0.37497455 0.48239213
0.28498486 0.38169664 0.4863137
0.28890643 0.3856182 0.49023527
0.27637297 0.3578373 0.45975685
0.29367477 0.3320955 0.40932554
0.36353335 0.35331106 0.3920549
0.4129763 0.37360856 0.39865887
0.40198034 0.37651053 0.41255683
0.3399649 0.36313805 0.43767062
0.25911027 0.34617403 0.46189016
0.28967512 0.4002849 0.515898
0.36418492 0.4747947 0.5904078
0.4340045 0.52936673 0.64228237
0.47794947 0.54976565 0.66278434
0.48502392 0.54159254 0.6519137
0.4614945 0.51941264 0.62143534
0.44031015 0.5051774 0.612698
0.43008292 0.5240956 0.6453098
0.44338506 0.56654316 0.70145106
0.46610668 0.6114615 0.75456464
0.48882836 0.6590788 0.7937803
0.50059307 0.6708435 0.80554503
0.46529895 0.6382484 0.756353
0.41197342 0.58067304 0.67668235
0.38452244 0.5545716 0.64228237
0.39236557 0.56241477 0.6501255
0.41197342 0.58202255 0.66973335
0.448844 0.6105946 0.7011059
0.48571452 0.6391666 0.73247844
0.4778714 0.62997395 0.7315843
0.4778714 0.62997395 0.7315843
0.45668712 0.6170882 0.71589804
0.44100085 0.6014019 0.70021176
0.4402321 0.5840362 0.68844706
0.426891 0.57899356 0.6806039
0.4386557 0.5894087 0.6993177
0.41824013 0.58984005 0.71624315
0.38921267 0.5691112 0.69271374
0.46141636 0.5969219 0.70413333
0.40428638 0.4232097 0.47564703
0.36038038 0.36540577 0.4068471
0.314859 0.34768036 0.4111137
0.19636519 0.28477848 0.39219606
0.1892908 0.29025245 0.41696474
0.19005948 0.3062687 0.43567842
0.2237772 0.34693536 0.48184317
0.24807522 0.3851315 0.5310352
0.27629495 0.42994827 0.57025087
0.30216944 0.46412137 0.6016234
0.31393415 0.47588608 0.6133881
0.31001258 0.4719645 0.60946655
0.31393415 0.47588608 0.6133881
0.33904004 0.49404287 0.626047
0.37829477 0.49720305 0.61001563
0.55807436 0.5281534 0.49511373
0.6412351 0.59316623 0.5270353
0.6310468 0.5773785 0.49745104
0.6522311 0.59161377 0.5061882
0.6639958 0.6033785 0.5179529
0.66007423 0.5994569 0.51403135
0.63812125 0.5705549 0.47963136
0.6302781 0.5627118 0.47178823
0.64988595 0.5823196 0.49139607
0.66165066 0.5940843 0.5031608
0.6420428 0.5744765 0.48355293
0.6459644 0.57839805 0.4874745
0.64988595 0.5823196 0.49139607
0.64988595 0.5823196 0.49139607
0.64988595 0.5823196 0.49139607
0.68910164 0.6215353 0.53061175
0.68518007 0.61761373 0.5266902
0.6812585 0.61504173 0.51581967
0.6945996 0.62008435 0.5236628
0.6710702 0.59655493 0.5001334
0.65303874 0.570225 0.47660398
0.65303874 0.5715745 0.46965498
0.66480345 0.5819897 0.4883687
0.6726466 0.58983284 0.49621183
0.6844113 0.60159755 0.50797653
0.6804897 0.597676 0.50405496
0.6804897 0.597676 0.50405496
0.6608819 0.57806814 0.48444712
0.6569603 0.57414657 0.48052555
0.66480345 0.5819897 0.4883687
0.6608819 0.57941765 0.4774981
0.66480345 0.5833392 0.48141968
0.66480345 0.5833392 0.48141968
0.6608819 0.57941765 0.4774981
0.6451956 0.5637314 0.46181184
0.6451956 0.5637314 0.46181184
0.65303874 0.5715745 0.46965498
0.6216662 0.54020196 0.43828243
0.6451956 0.5637314 0.46181184
0.65303874 0.5715745 0.46965498
0.6844113 0.60294706 0.5010275
0.6844113 0.60294706 0.5010275
0.67656815 0.5951039 0.4931844
0.67656815 0.5951039 0.4931844
0.696176 0.61606133 0.50584316
0.6663799 0.5779667 0.47054908
0.66245836 0.5740451 0.4666275
0.6522701 0.5569079 0.44399214
0.6130544 0.5190418 0.39782745
0.62874067 0.53472805 0.41351372
0.65619165 0.56217897 0.4409647
0.67972106 0.5857084 0.4644941
0.67972106 0.5857084 0.4644941
0.6718779 0.57786524 0.45665097
0.6577681 0.5554569 0.43704313
0.6420818 0.5411201 0.4144079
0.64600337 0.5450417 0.41832948
0.67345434 0.57114315 0.4527294
0.6538465 0.5515353 0.43312156
0.64992493 0.54896325 0.42225105
0.655423 0.5461627 0.42225105
0.64757985 0.5383196 0.4144079
0.655423 0.5461627 0.42225105
0.68679553 0.5775353 0.4536236
0.6789524 0.56969213 0.44578046
0.6671877 0.5579274 0.43401575
0.6773759 0.5764142 0.44970202
0.69698375 0.59602207 0.46930987
0.6812975 0.5803358 0.4536236
0.68287396 0.5736137 0.44970202
0.68679553 0.58023435 0.43972555
0.6687641 0.55390435 0.41619614
0.67110926 0.5645481 0.42403927
0.65934455 0.55143386 0.4192236
0.65934455 0.5500843 0.4261726
0.6593055 0.58209115 0.50226665
0.6506156 0.62899315 0.59315294
0.5768745 0.5678005 0.551255
0.51805097 0.508977 0.49243143
0.47649014 0.4591176 0.44537258
0.44984683 0.4089283 0.39528632
0.44046637 0.3677031 0.35696468
0.41143894 0.34697425 0.33343527
0.42712522 0.36266053 0.34912154
0.44515663 0.38899046 0.37265095
0.4373135 0.38114733 0.3648078
0.4137841 0.3576179 0.3412784
0.4122076 0.36299047 0.35214907
0.40828604 0.3590689 0.3482275
0.42789388 0.3800263 0.36088625
0.43181545 0.3825983 0.3717569
0.41770566 0.36153948 0.34519997
0.26618475 0.34069997 0.4371216
0.28187102 0.35638624 0.45280787
0.27087498 0.35928828 0.46670586
0.27479655 0.36320984 0.47062743
0.27322015 0.36993194 0.474549
0.2810633 0.37777507 0.48239213
0.28498486 0.38169664 0.4863137
0.28498486 0.3803471 0.4932627
0.28498486 0.38169664 0.4863137
0.2810633 0.37642553 0.48934114
0.27714172 0.37250397 0.48541957
0.27714172 0.37250397 0.48541957
0.27714172 0.37250397 0.48541957
0.28340846 0.3870692 0.49718428
0.29517317 0.3988339 0.508949
0.30143982 0.4120496 0.5276627
0.30693787 0.40924904 0.5276627
0.29205924 0.37217402 0.48239213
0.30543947 0.3438602 0.42109025
0.3690313 0.35051054 0.3920549
0.40905473 0.369687 0.3947373
0.4113999 0.37898108 0.40952945
0.33369815 0.35127193 0.4120078
0.22696906 0.30013478 0.4048549
0.24576917 0.34113142 0.45404702
0.3179338 0.40499756 0.5207137
0.38617688 0.46629167 0.5765098
0.43796507 0.4958832 0.59790593
0.4473846 0.49700424 0.6018275
0.432467 0.49868375 0.59790593
0.40812987 0.49654317 0.60396075
0.4167418 0.519053 0.63746667
0.43396538 0.5640727 0.70447844
0.46453026 0.6181836 0.7584862
0.4849068 0.6565067 0.7829098
0.48882836 0.6604283 0.7868314
0.4511891 0.6171896 0.72979605
0.4002087 0.57025784 0.65796864
0.38452244 0.5545716 0.64228237
0.39078915 0.5691368 0.6540471
0.41981655 0.5898657 0.6775765
0.45668712 0.6170882 0.71589804
0.4896361 0.64308816 0.7364
0.47394982 0.6260524 0.72766274
0.48179296 0.6338955 0.7355059
0.46845183 0.6288529 0.72766274
0.448844 0.60924506 0.7080549
0.44649884 0.5986014 0.70021176
0.43238896 0.57619303 0.6806039
0.43473414 0.5854871 0.6953961
0.41274208 0.59264064 0.71624315
0.39313424 0.5730328 0.6966353
0.46141636 0.5969219 0.70413333
0.39721194 0.43138283 0.4865176
0.36430195 0.36932734 0.41076866
0.31878057 0.35160193 0.41503528
0.20028676 0.28870004 0.39611763
0.1892908 0.29025245 0.41696474
0.20182419 0.3180334 0.44744313
0.2237772 0.34693536 0.48184317
0.24257725 0.38928157 0.52408624
0.27629495 0.43129778 0.5633019
0.31158906 0.4665919 0.59859604
0.32727534 0.48227817 0.6142823
0.3194322 0.47443503 0.6064392
0.33277333 0.48082718 0.60733336
0.39636517 0.49017665 0.56439996
0.61063117 0.57646036 0.5213255
0.63731354 0.58924466 0.5231137
0.65849775 0.6034799 0.53185105
0.6545762 0.6009079 0.5209805
0.64438796 0.58377063 0.4983451
0.6365448 0.5759275 0.49050197
0.64438796 0.58512014 0.49139607
0.66165066 0.5940843 0.5031608
0.6420428 0.5744765 0.48355293
0.6577291 0.59016275 0.4992392
0.66165066 0.5940843 0.5031608
0.6577291 0.59016275 0.4992392
0.6459644 0.57839805 0.4874745
0.67341536 0.605849 0.5149255
0.6632271 0.5887118 0.49229026
0.6577291 0.59016275 0.4992392
0.6710702 0.59655493 0.5001334
0.6749918 0.6004765 0.50405496
0.66480345 0.5819897 0.4883687
0.668725 0.5872608 0.48534125
0.66714865 0.5939829 0.48926282
0.66480345 0.5833392 0.48141968
0.6804897 0.5990255 0.49710596
0.6726466 0.59118235 0.48926282
0.6569603 0.5754961 0.47357655
0.65303874 0.570225 0.47660398
0.6491172 0.56630343 0.47268242
0.6491172 0.56630343 0.47268242
0.6491172 0.56630343 0.47268242
0.67656815 0.5937544 0.5001334
0.6569603 0.5754961 0.47357655
0.6491172 0.56765294 0.4657334
0.6608819 0.57941765 0.4774981
0.65303874 0.5715745 0.46965498
0.6608819 0.57941765 0.4774981
0.668725 0.5872608 0.48534125
0.66480345 0.5833392 0.48141968
0.6726466 0.59118235 0.48926282
0.6844113 0.60294706 0.5010275
0.6804897 0.5990255 0.49710596
0.66480345 0.5833392 0.48141968
0.64127403 0.5598098 0.45789027
0.668725 0.5872608 0.48534125
0.6726466 0.59118235 0.48926282
0.668725 0.5872608 0.48534125
0.6703015 0.58188826 0.47447065
0.65069366 0.5622804 0.4548628
0.65069366 0.56363 0.4479137
0.6718779 0.5765157 0.46359998
0.6640348 0.5700221 0.44880784
0.6757995 0.5817869 0.46057254
0.6601132 0.5661006 0.44488627
0.6640348 0.5700221 0.44880784
0.6483485 0.55433583 0.43312156
0.64992493 0.54761374 0.4292
0.67345434 0.57114315 0.4527294
0.6656112 0.5646495 0.43793732
0.6420818 0.5411201 0.4144079
0.6577681 0.5568064 0.43009418
0.64600337 0.5436922 0.42527843
0.66168964 0.55937845 0.4409647
0.6773759 0.5764142 0.44970202
0.68679553 0.5775353 0.4536236
0.655423 0.5461627 0.42225105
0.67110926 0.561849 0.43793732
0.6891406 0.58817893 0.46146673
0.68521905 0.58425736 0.45754516
0.7009053 0.59994364 0.47323143
0.69698375 0.59602207 0.46930987
0.69463867 0.5853784 0.46146673
0.6789524 0.5710417 0.43883145
0.6632661 0.55670494 0.41619614
0.6687641 0.55390435 0.41619614
0.6805289 0.56566906 0.42796084
0.65699947 0.54213965 0.40443143
0.64757985 0.54101866 0.40050986
0.6632661 0.5553554 0.42314517
0.6656112 0.5633 0.44488627
0.6632271 0.5887118 0.49229026
0.67179984 0.6432285 0.60189027
0.5870628 0.5862873 0.56694126
0.52197254 0.51289856 0.496353
0.47649014 0.4591176 0.44537258
0.4184743 0.37755576 0.36391377
0.40594095 0.3484252 0.34038436
0.42947036 0.37195462 0.36391377
0.42162722 0.36546105 0.34912154
0.40594095 0.3484252 0.34038436
0.41612917 0.3655625 0.36301965
0.41063115 0.36836308 0.36301965
0.42239586 0.38147733 0.36783534
0.42631742 0.3853989 0.3717569
0.4137841 0.35626835 0.3482275
0.27010632 0.3459711 0.43409416
0.28187102 0.3577358 0.44585887
0.27479655 0.36455938 0.46367842
0.265377 0.3620888 0.46670586
0.26929858 0.36601037 0.47062743
0.27556533 0.37922606 0.48934114
0.28340846 0.3870692 0.49718428
0.2912516 0.39491233 0.5050274
0.29517317 0.3988339 0.508949
0.28967512 0.4002849 0.515898
0.29751825 0.40812802 0.5237411
0.29751825 0.40812802 0.5237411
0.29751825 0.40677848 0.5306902
0.29751825 0.40677848 0.5306902
0.29359668 0.40420645 0.51981956
0.28575355 0.39636332 0.5119764
0.27164376 0.3753045 0.48541957
0.26460826 0.34607258 0.44799215
0.28191006 0.3203308 0.39756083
0.36118817 0.34401697 0.3772627
0.41063115 0.36431447 0.38386664
0.40747833 0.37640908 0.39865887
0.32743144 0.33805624 0.3932941
0.20267096 0.26193866 0.3556628
0.20736122 0.28052694 0.38524705
0.2583416 0.33150733 0.43622744
0.32423958 0.3821577 0.48418042
0.3728748 0.423844 0.52036864
0.40032578 0.451295 0.5478196
0.40501603 0.47123277 0.57045496
0.39636517 0.48477846 0.59219605
0.39555746 0.5048177 0.62872946
0.4167027 0.55510855 0.69271374
0.448844 0.60249734 0.74279994
0.46529895 0.6368989 0.76330197
0.45903224 0.62233365 0.75153726
0.4276597 0.59500974 0.6993177
0.38452244 0.55592114 0.6353333
0.37902445 0.55737215 0.64228237
0.38686758 0.5652153 0.6501255
0.415895 0.5845946 0.6806039
0.45668712 0.6170882 0.71589804
0.4896361 0.64173865 0.743349
0.47394982 0.6260524 0.72766274
0.4778714 0.62997395 0.7315843
0.4723734 0.6327745 0.7315843
0.45668712 0.6170882 0.71589804
0.44649884 0.5986014 0.70021176
0.43238896 0.57619303 0.6806039
0.426891 0.577644 0.687553
0.42058522 0.6004838 0.7240863
0.38921267 0.5691112 0.69271374
0.45591837 0.59972245 0.70413333
0.40820795 0.42713127 0.4795686
0.3658785 0.36395472 0.39989802
0.31878057 0.35295147 0.40808624
0.20028676 0.28870004 0.39611763
0.1892908 0.29025245 0.41696474
0.19790262 0.31411183 0.44352156
0.2182791 0.34973595 0.48184317
0.24415365 0.38255948 0.52016467
0.2857145 0.43241882 0.5672235
0.31158906 0.46794146 0.5916471
0.32885176 0.4769056 0.6034118
0.3398477 0.47265413 0.5964627
0.4403492 0.4785687 0.5088079
0.66318804 0.62071866 0.56838435
0.66084296 0.6127741 0.54664314
0.6428115 0.58779365 0.5161648
0.63496834 0.5799505 0.50832164
0.64673305 0.5930648 0.51313734
0.64438796 0.58242106 0.5052942
0.66007423 0.5994569 0.51403135
0.6522311 0.59161377 0.5061882
0.6420428 0.5744765 0.48355293
0.6538075 0.5862412 0.49531764
0.6577291 0.59016275 0.4992392
0.6538075 0.5862412 0.49531764
0.66165066 0.5940843 0.5031608
0.67891335 0.6043981 0.50797653
0.65538394 0.58086866 0.48444712
0.6710702 0.59655493 0.5001334
0.66714865 0.59263337 0.49621183
0.6514624 0.5782966 0.47357655
0.6569603 0.5754961 0.47357655
0.668725 0.5872608 0.48534125
0.67656815 0.5951039 0.4931844
0.66480345 0.5833392 0.48141968
0.6451956 0.5637314 0.46181184
0.64127403 0.5598098 0.45789027
0.63735247 0.55588824 0.4539687
0.6451956 0.5637314 0.46181184
0.6608819 0.57941765 0.4774981
0.66480345 0.5819897 0.4883687
0.67656815 0.5937544 0.5001334
0.66480345 0.5819897 0.4883687
0.6491172 0.56630343 0.47268242
0.6334309 0.55196667 0.45004714
0.6491172 0.56765294 0.4657334
0.66480345 0.5833392 0.48141968
0.6844113 0.60294706 0.5010275
0.6726466 0.59118235 0.48926282
0.6859878 0.59622496 0.49710596
0.6569603 0.5754961 0.47357655
0.6726466 0.59118235 0.48926282
0.6608819 0.57806814 0.48444712
0.66480345 0.5819897 0.4883687
0.6726466 0.59118235 0.48926282
0.67656815 0.5951039 0.4931844
0.6491172 0.56765294 0.4657334
0.6608819 0.57941765 0.4774981
0.6922544 0.6107902 0.50887066
0.6804897 0.5990255 0.49710596
0.6820662 0.59365296 0.48623535
0.68990934 0.6014961 0.4940785
0.66245836 0.5753947 0.4596784
0.6522701 0.5569079 0.44399214
0.6601132 0.564751 0.45183527
0.6640348 0.5700221 0.44880784
0.67972106 0.5857084 0.4644941
0.6656112 0.5633 0.44488627
0.64992493 0.54761374 0.4292
0.6577681 0.5568064 0.43009418
0.64600337 0.5450417 0.41832948
0.64600337 0.5450417 0.41832948
0.6656112 0.5646495 0.43793732
0.6891406 0.5868294 0.46841568
0.6812975 0.5789863 0.46057254
0.6773759 0.5750647 0.45665097
0.6812975 0.5789863 0.46057254
0.6891406 0.58817893 0.46146673
0.68521905 0.58425736 0.45754516
0.6812975 0.5803358 0.4536236
0.6773759 0.5764142 0.44970202
0.6695328 0.5685711 0.4418589
0.6750308 0.56577057 0.4418589
0.6750308 0.56577057 0.4418589
0.655423 0.5475123 0.41530204
0.660921 0.5447117 0.41530204
0.660921 0.5460612 0.408353
0.660921 0.5460612 0.408353
0.65699947 0.54213965 0.40443143
0.67660725 0.5617475 0.42403927
0.6805289 0.56431955 0.43490988
0.65934455 0.55143386 0.4192236
0.655423 0.5461627 0.42225105
0.6515014 0.54224116 0.41832948
0.6491172 0.56630343 0.47268242
0.66630185 0.6446794 0.6088392
0.5949059 0.59278095 0.58173335
0.5031334 0.50930697 0.4954588
0.47649014 0.45776805 0.45232153
0.41063115 0.36836308 0.36301965
0.40594095 0.3484252 0.34038436
0.40828604 0.3590689 0.3482275
0.4122076 0.36164093 0.35909808
0.41063115 0.36836308 0.36301965
0.42239586 0.38147733 0.36783534
0.430239 0.38932046 0.37567848
0.4004429 0.35122576 0.34038436
0.2465769 0.32379127 0.40361565
0.2583416 0.33555597 0.41538036
0.2606867 0.34485012 0.4301726
0.2418476 0.33990893 0.43622744
0.23792604 0.33598736 0.43230587
0.2402712 0.34393194 0.45404702
0.25595748 0.35961822 0.4697333
0.25987905 0.36219022 0.48060387
0.25830257 0.36891234 0.48452544
0.26222414 0.3728339 0.488447
0.26456928 0.38347757 0.49629015
0.26222414 0.3728339 0.488447
0.254381 0.36364123 0.48755297
0.254381 0.36499077 0.48060387
0.23869473 0.3493045 0.4649176
0.21908689 0.32969666 0.44530976
0.22066335 0.3243241 0.43443918
0.21912593 0.29364115 0.39006278
0.2403492 0.271821 0.34355298
0.35099995 0.32687965 0.3546275
0.40670958 0.3603929 0.37994507
0.40905473 0.369687 0.3947373
0.33685097 0.33917728 0.39721566
0.18856108 0.23953027 0.33605492
0.18698467 0.24625236 0.3399765
0.21443567 0.27370337 0.3674275
0.26856893 0.31123954 0.41056475
0.31562775 0.3596479 0.45067447
0.35092187 0.39359248 0.4929177
0.35638082 0.42954654 0.53426665
0.3539967 0.45900697 0.5608235
0.34692222 0.464481 0.58559215
0.36806744 0.5161213 0.6426275
0.40570673 0.5607096 0.69271374
0.42373812 0.58703953 0.71624315
0.40413028 0.57013077 0.68273723
0.37825575 0.54000634 0.63051766
0.36099297 0.5323917 0.6118039
0.37510288 0.5534506 0.6383608
0.38686758 0.5652153 0.6501255
0.410397 0.58739513 0.6806039
0.44726753 0.61596715 0.71197647
0.48571452 0.6378171 0.73942745
0.47160465 0.6154087 0.7198196
0.4778714 0.62997395 0.7315843
0.46845183 0.62750334 0.7346118
0.4606087 0.62100977 0.7198196
0.45434198 0.60644454 0.7080549
0.4402321 0.5840362 0.68844706
0.426891 0.577644 0.687553
0.43000484 0.60160476 0.72800785
0.39313424 0.5730328 0.6966353
0.45983994 0.60229445 0.71500397
0.40820795 0.42713127 0.4795686
0.36980006 0.3678763 0.4038196
0.314859 0.3490299 0.40416467
0.20186317 0.28197795 0.39219606
0.1892908 0.29025245 0.41696474
0.20574576 0.32195497 0.4513647
0.22220066 0.3536575 0.48576474
0.24807522 0.3878306 0.5171373
0.28179294 0.4298468 0.556353
0.30532235 0.4533762 0.5798824
0.33200458 0.46616054 0.58167064
0.47802743 0.4898006 0.48974898
0.63965863 0.5985388 0.5379059
0.63731354 0.58924466 0.5231137
0.63731354 0.58924466 0.5231137
0.6545762 0.59820884 0.53487843
0.6506546 0.5956368 0.5240079
0.6388899 0.58522165 0.5052942
0.64673305 0.5930648 0.51313734
0.6639958 0.6020289 0.524902
0.65615267 0.59553534 0.5101098
0.6459644 0.57839805 0.4874745
0.64988595 0.5823196 0.49139607
0.6577291 0.59016275 0.4992392
0.6655722 0.5980059 0.50708234
0.6694938 0.603277 0.50405496
0.6749918 0.6004765 0.50405496
0.6632271 0.5887118 0.49229026
0.6514624 0.5782966 0.47357655
0.6569603 0.5754961 0.47357655
0.6491172 0.56765294 0.4657334
0.6608819 0.57941765 0.4774981
0.63735247 0.55588824 0.4539687
0.63735247 0.55588824 0.4539687
0.6491172 0.56765294 0.4657334
0.6569603 0.5754961 0.47357655
0.6608819 0.57941765 0.4774981
0.6569603 0.5754961 0.47357655
0.66480345 0.5833392 0.48141968
0.65303874 0.5715745 0.46965498
0.6451956 0.56238186 0.46876085
0.64127403 0.5584603 0.46483928
0.65303874 0.570225 0.47660398
0.668725 0.5859113 0.49229026
0.66480345 0.5833392 0.48141968
0.67656815 0.5951039 0.4931844
0.67656815 0.5951039 0.4931844
0.68833286 0.6055191 0.5118981
0.6608819 0.57941765 0.4774981
0.6451956 0.5637314 0.46181184
0.6726466 0.59118235 0.48926282
0.6491172 0.56765294 0.4657334
0.6491172 0.56630343 0.47268242
0.64127403 0.5598098 0.45789027
0.6804897 0.5990255 0.49710596
0.68990934 0.60014653 0.5010275
0.67814463 0.5897314 0.48231378
0.6663799 0.5779667 0.47054908
0.6703015 0.58188826 0.47447065
0.6663799 0.5779667 0.47054908
0.6703015 0.58188826 0.47447065
0.6663799 0.5779667 0.47054908
0.6640348 0.56867254 0.45575684
0.6718779 0.5765157 0.46359998
0.6601132 0.5661006 0.44488627
0.6601132 0.5661006 0.44488627
0.6538465 0.5515353 0.43312156
0.6381602 0.53584903 0.4174353
0.6263955 0.52543384 0.39872164
0.66168964 0.55937845 0.4409647
0.69148576 0.59747314 0.4762588
0.6757995 0.5817869 0.46057254
0.66795635 0.57394373 0.4527294
0.6812975 0.5789863 0.46057254
0.6875642 0.5935515 0.47233725
0.7009053 0.5985941 0.48018038
0.6930622 0.590751 0.47233725
0.67345434 0.57249266 0.44578046
0.6695328 0.5672216 0.44880784
0.67345434 0.57114315 0.4527294
0.67345434 0.57114315 0.4527294
0.6773759 0.5750647 0.45665097
0.6891406 0.5868294 0.46841568
0.6891406 0.5868294 0.46841568
0.6907171 0.58145684 0.45754516
0.68521905 0.58425736 0.45754516
0.6750308 0.56712013 0.43490988
0.67110926 0.56319857 0.4309883
0.67110926 0.5645481 0.42403927
0.6750308 0.56846964 0.42796084
0.6750308 0.56712013 0.43490988
0.68679553 0.57888484 0.4466746
0.68287396 0.5749633 0.44275302
0.6750308 0.56712013 0.43490988
0.6750308 0.56712013 0.43490988
0.65934455 0.5500843 0.4261726
0.6601132 0.56340146 0.45878437
0.635698 0.6293232 0.5961804
0.5839098 0.5970325 0.58868235
0.5015569 0.51333 0.5132784
0.4694157 0.46594116 0.46319214
0.44042727 0.40645772 0.39831376
0.39729002 0.36332047 0.3551765
0.4129763 0.37900674 0.37086278
0.41689786 0.3829283 0.37478435
0.42631742 0.3853989 0.3717569
0.39259976 0.34338263 0.33254123
0.21443567 0.27910155 0.3396314
0.21443567 0.277752 0.34658045
0.21678075 0.2883957 0.35442358
0.20736122 0.28592515 0.35745096
0.20578474 0.28994817 0.37527063
0.20420833 0.29397115 0.3930902
0.20655349 0.3046148 0.40093333
0.20105551 0.30741534 0.40093333
0.20655349 0.3046148 0.40093333
0.20263192 0.2993437 0.40396076
0.19321238 0.29822266 0.4000392
0.19321238 0.29822266 0.4000392
0.18536924 0.29037952 0.39219606
0.1775261 0.2825364 0.38435292
0.17910251 0.27716386 0.37348235
0.19478878 0.2928501 0.38916862
0.20655349 0.3046148 0.40093333
0.21912593 0.29499072 0.38311377
0.2403492 0.27317056 0.3366039
0.33923525 0.31511495 0.34286278
0.40670958 0.3603929 0.37994507
0.40513316 0.367115 0.38386664
0.32900783 0.33268368 0.38242358
0.17679638 0.23046467 0.31039214
0.16895324 0.22127199 0.309498
0.18856108 0.24087983 0.32910585
0.22935325 0.27472296 0.35745096
0.2607258 0.3060955 0.3888235
0.28267872 0.33499748 0.4232235
0.2857926 0.3603078 0.45672944
0.27164376 0.37665403 0.47847056
0.26849085 0.38604963 0.5071608
0.2990556 0.44016054 0.5611686
0.32885176 0.47825518 0.5964627
0.3484596 0.49786302 0.61607057
0.3366949 0.4887974 0.5904078
0.3076675 0.47076762 0.55298036
0.32412246 0.5038197 0.58043134
0.34999695 0.53799284 0.6118039
0.36568326 0.55232954 0.63443923
0.40255386 0.579552 0.6727608
0.448844 0.60924506 0.7080549
0.47944778 0.62325186 0.72766274
0.46768308 0.61148715 0.71589804
0.4778714 0.62997395 0.7315843
0.4723734 0.6327745 0.7315843
0.4606087 0.62100977 0.7198196
0.45434198 0.60644454 0.7080549
0.43238896 0.57619303 0.6806039
0.426891 0.57899356 0.6806039
0.43000484 0.60295427 0.72105885
0.39078915 0.5623891 0.68879217
0.45983994 0.603644 0.7080549
0.40820795 0.42713127 0.4795686
0.36745492 0.3585822 0.38902742
0.32193345 0.33950722 0.4002431
0.20186317 0.2833275 0.38524705
0.1892908 0.29160202 0.41001564
0.20732218 0.3165824 0.44049415
0.21985564 0.34436336 0.47097254
0.24573007 0.3785365 0.5023451
0.27160463 0.41270956 0.53371763
0.30847517 0.44263113 0.55814123
0.49844307 0.48936912 0.47282356
0.6200508 0.578931 0.51829803
0.6412351 0.59316623 0.5270353
0.6529998 0.60628045 0.53185105
0.633392 0.5853231 0.51919216
0.6412351 0.59451574 0.52008635
0.6569214 0.610202 0.5357726
0.6506546 0.59698635 0.51705885
0.64673305 0.5930648 0.51313734
0.6388899 0.58522165 0.5052942
0.6483095 0.5876922 0.50226665
0.6679174 0.60864955 0.5149255
0.6655722 0.5980059 0.50708234
0.66165066 0.5954339 0.49621183
0.6593055 0.5847902 0.4883687
0.6593055 0.5847902 0.4883687
0.6475408 0.57437503 0.46965498
0.6514624 0.5769471 0.48052555
0.65538394 0.58221817 0.4774981
0.6334309 0.55196667 0.45004714
0.64127403 0.5598098 0.45789027
0.65538394 0.58221817 0.4774981
0.6608819 0.57941765 0.4774981
0.6569603 0.5754961 0.47357655
0.6569603 0.57414657 0.48052555
0.6593055 0.5847902 0.4883687
0.6451956 0.56238186 0.46876085
0.64127403 0.5598098 0.45789027
0.63735247 0.55588824 0.4539687
0.6451956 0.5637314 0.46181184
0.6804897 0.597676 0.50405496
0.67656815 0.5951039 0.4931844
0.668725 0.5872608 0.48534125
0.66480345 0.5833392 0.48141968
0.6467721 0.5570093 0.45789027
0.6310858 0.541323 0.442204
0.65069366 0.56093085 0.46181184
0.65303874 0.5715745 0.46965498
0.63735247 0.55588824 0.4539687
0.63735247 0.55588824 0.4539687
0.67656815 0.5951039 0.4931844
0.70009756 0.61863333 0.5167138
0.7040191 0.6225549 0.52063537
0.67656815 0.5951039 0.4931844
0.6726466 0.59118235 0.48926282
0.6585368 0.568774 0.46965498
0.66245836 0.5740451 0.4666275
0.6703015 0.58188826 0.47447065
0.6663799 0.57931626 0.46359998
0.6663799 0.57931626 0.46359998
0.6467721 0.5597084 0.44399214
0.6483485 0.55298626 0.44007057
0.63892895 0.5518653 0.436149
0.62874067 0.5333785 0.42046273
0.6248191 0.52945685 0.41654116
0.61697596 0.5229633 0.401749
0.6601132 0.5661006 0.44488627
0.70325047 0.6092378 0.48802352
0.6836426 0.58963 0.46841568
0.6718779 0.57786524 0.45665097
0.6836426 0.58963 0.46841568
0.69148576 0.59747314 0.4762588
0.6993289 0.6053163 0.48410195
0.69698375 0.59467256 0.4762588
0.6718779 0.57786524 0.45665097
0.6656112 0.5633 0.44488627
0.66168964 0.55937845 0.4409647
0.6656112 0.5633 0.44488627
0.6812975 0.5789863 0.46057254
0.67972106 0.5857084 0.4644941
0.69148576 0.59747314 0.4762588
0.69698375 0.59467256 0.4762588
0.6930622 0.590751 0.47233725
0.68521905 0.58425736 0.45754516
0.68521905 0.58425736 0.45754516
0.6773759 0.5764142 0.44970202
0.69463867 0.586728 0.45451772
0.69856024 0.59064955 0.4584393
0.68287396 0.5749633 0.44275302
0.6750308 0.56846964 0.42796084
0.6789524 0.5723912 0.4318824
0.655423 0.5488618 0.408353
0.63739157 0.5225318 0.3848236
0.6256269 0.5107671 0.3730589
0.62954843 0.5146887 0.37698045
0.6217053 0.50684553 0.36913732
0.6256269 0.5107671 0.3730589
0.6146308 0.5150187 0.38000792
0.62635654 0.5587902 0.46786666
0.65372944 0.652954 0.63360786
0.57449025 0.59456193 0.5917098
0.4960589 0.51613057 0.5132784
0.45999613 0.46482012 0.45927057
0.41059217 0.40846717 0.39741957
0.4059019 0.38717982 0.3817333
0.41924304 0.39357197 0.3826275
0.38710174 0.3461832 0.33254123
0.26157257 0.25000072 0.29704317
0.26157257 0.25000072 0.29704317
0.25057647 0.2542523 0.3039922
0.2450785 0.2557033 0.31094116
0.23408255 0.2599548 0.31789017
0.22151011 0.2695789 0.33570984
0.22543168 0.27215093 0.34658045
0.21835724 0.28032404 0.35745096
0.21443567 0.27640247 0.3535294
0.20109448 0.2713599 0.34568626
0.19717291 0.26743832 0.3417647
0.17991021 0.2584741 0.32999998
0.17991021 0.2584741 0.32999998
0.17049061 0.2560036 0.33302742
0.17441218 0.25992516 0.336949
0.18460049 0.2770624 0.35958436
0.18852206 0.28098395 0.36350593
0.20343965 0.280654 0.3604784
0.23485123 0.27597108 0.3366039
0.32431766 0.31544495 0.34589016
0.402788 0.35647133 0.3760235
0.4012116 0.36319342 0.37994507
0.33450595 0.3312326 0.37547454
0.17287481 0.2265431 0.30647057
0.17679638 0.22911513 0.31734115
0.17287481 0.2265431 0.30647057
0.19013755 0.23550725 0.31823528
0.20190226 0.24727196 0.32999998
0.21993364 0.27360195 0.3535294
0.21128279 0.285798 0.38221964
0.20028676 0.28870004 0.39611763
0.20497708 0.30863783 0.4187529
0.2253536 0.34426188 0.45707446
0.23554191 0.3627487 0.47276074
0.25514975 0.38370612 0.48541957
0.24573007 0.38393468 0.474549
0.25434196 0.4104931 0.48720783
0.2809852 0.46068245 0.5372941
0.31078127 0.49877712 0.5725882
0.34215382 0.52880013 0.61090976
0.39236557 0.5610652 0.6570745
0.4402321 0.5853857 0.68149805
0.46533793 0.602193 0.7011059
0.45983994 0.6049935 0.7011059
0.47160465 0.6154087 0.7198196
0.4621851 0.6142877 0.71589804
0.44100085 0.6014019 0.70021176
0.45591837 0.59972245 0.70413333
0.43396538 0.57082045 0.66973335
0.42454582 0.5683499 0.6727608
0.4221617 0.59511113 0.7132157
0.38686758 0.5584675 0.6848706
0.4637615 0.606216 0.71892554
0.41370595 0.42568028 0.47261965
0.36745492 0.3585822 0.38902742
0.31801188 0.3369352 0.38937253
0.20343965 0.27660537 0.38132548
0.18694565 0.28230786 0.3952235
0.19947904 0.30873927 0.432651
0.20809093 0.33259866 0.45920783
0.23788694 0.37069336 0.49450195
0.2747576 0.4019644 0.5119764
0.51805097 0.51167613 0.47853333
0.62397236 0.581503 0.52916867
0.6412351 0.59316623 0.5270353
0.63731354 0.58924466 0.5231137
0.6569214 0.610202 0.5357726
0.66084296 0.6141236 0.5396942
0.66084296 0.6141236 0.5396942
0.6569214 0.610202 0.5357726
0.6506546 0.59698635 0.51705885
0.674184 0.62051576 0.54058826
0.66007423 0.5994569 0.51403135
0.6522311 0.5929633 0.4992392
0.6694938 0.60192746 0.5110039
0.63812125 0.5719045 0.47268242
0.6396977 0.5651824 0.46876085
0.6475408 0.5730255 0.47660398
0.65538394 0.58086866 0.48444712
0.6514624 0.5769471 0.48052555
0.6396977 0.5651824 0.46876085
0.65538394 0.58221817 0.4774981
0.6451956 0.5637314 0.46181184
0.6475408 0.57437503 0.46965498
0.66480345 0.5833392 0.48141968
0.6608819 0.57806814 0.48444712
0.6451956 0.56238186 0.46876085
0.62793297 0.5534177 0.45699614
0.6514624 0.5769471 0.48052555
0.6726466 0.58983284 0.49621183
0.66480345 0.5833392 0.48141968
0.668725 0.5872608 0.48534125
0.6608819 0.57941765 0.4774981
0.65303874 0.5715745 0.46965498
0.6216662 0.54020196 0.43828243
0.6216662 0.54020196 0.43828243
0.6491172 0.56765294 0.4657334
0.6608819 0.57941765 0.4774981
0.6451956 0.5637314 0.46181184
0.6295093 0.5480451 0.44612557
0.6569603 0.5754961 0.47357655
0.70009756 0.61863333 0.5167138
0.6922544 0.6107902 0.50887066
0.6804897 0.5990255 0.49710596
0.66480345 0.5833392 0.48141968
0.6569603 0.5754961 0.47357655
0.66480345 0.5833392 0.48141968
0.6585368 0.568774 0.46965498
0.66245836 0.5740451 0.4666275
0.6546152 0.566202 0.45878437
0.63892895 0.5518653 0.436149
0.6310858 0.54402214 0.42830586
0.61697596 0.5216137 0.40869802
0.63892895 0.5518653 0.436149
0.6703015 0.5832378 0.46752155
0.6922544 0.61348933 0.49497253
0.71343875 0.6263751 0.5106588
0.7055956 0.61853194 0.50281566
0.68990934 0.60284567 0.4871294
0.6820662 0.59500253 0.47928625
0.6836426 0.58828044 0.47536469
0.70325047 0.6092378 0.48802352
0.70325047 0.6092378 0.48802352
0.6757995 0.5817869 0.46057254
0.6640348 0.5700221 0.44880784
0.6656112 0.5633 0.44488627
0.6640348 0.5700221 0.44880784
0.6773759 0.5750647 0.45665097
0.6812975 0.5789863 0.46057254
0.67972106 0.5857084 0.4644941
0.6757995 0.5817869 0.46057254
0.6875642 0.5935515 0.47233725
0.69148576 0.59747314 0.4762588
0.6875642 0.5935515 0.47233725
0.67345434 0.57114315 0.4527294
0.6656112 0.5633 0.44488627
0.6773759 0.5764142 0.44970202
0.6812975 0.5803358 0.4536236
0.68287396 0.5736137 0.44970202
0.6907171 0.5828064 0.45059615
0.68287396 0.5749633 0.44275302
0.655423 0.5475123 0.41530204
0.6397367 0.5331755 0.39266673
0.62012887 0.5135677 0.3730589
0.63739157 0.5225318 0.3848236
0.62954843 0.5146887 0.37698045
0.63347006 0.51861024 0.38090202
0.6452347 0.53037494 0.39266673
0.64757985 0.54101866 0.40050986
0.65934455 0.55143386 0.4192236
0.6656112 0.5659991 0.4309883
0.67345434 0.57249266 0.44578046
0.668725 0.5899599 0.47144312
0.6624193 0.6074015 0.5357726
0.65449804 0.66627115 0.6662196
0.5454629 0.5724835 0.57512945
0.47487462 0.50189525 0.5045412
0.4395805 0.4666011 0.4692471
0.42235687 0.41888234 0.4161333
0.3761058 0.34908518 0.34643918
0.2812194 0.23355313 0.26140398
0.28906253 0.2400467 0.27619612
0.28356454 0.24284723 0.27619612
0.2874861 0.2467688 0.2801177
0.2859097 0.2534909 0.28403926
0.27649015 0.25102034 0.28706664
0.27649015 0.24967077 0.29401568
0.27883524 0.2589649 0.30880788
0.2639177 0.25929484 0.31183535
0.25999615 0.25537327 0.30791378
0.25449803 0.25817388 0.30791378
0.25057647 0.2542523 0.3039922
0.24900007 0.25962487 0.31486273
0.24900007 0.25962487 0.31486273
0.24742366 0.26499742 0.3257333
0.2403492 0.2745201 0.32965487
0.2387728 0.27854308 0.34747455
0.24269436 0.28246465 0.3513961
0.2552668 0.27284056 0.33357644
0.3086314 0.29705954 0.344102
0.3572666 0.33874583 0.38029018
0.36510974 0.34658897 0.38813332
0.31724313 0.32091898 0.37065887
0.19563553 0.23405625 0.3112863
0.17837285 0.22374254 0.30647057
0.19798069 0.24335039 0.32607841
0.18229441 0.22766411 0.31039214
0.18229441 0.22901365 0.30344316
0.17679638 0.23046467 0.31039214
0.16972192 0.23863779 0.32126272
0.16814551 0.24401031 0.33213335
0.16656904 0.25073245 0.33605492
0.17283577 0.26394814 0.35476866
0.18302408 0.28108543 0.37740391
0.19321238 0.30092174 0.3861412
0.19555748 0.312915 0.38703534
0.21043596 0.35133964 0.4253569
0.23865569 0.39480683 0.47152156
0.28021652 0.44331664 0.5255294
0.3194322 0.48253232 0.56474507
0.35787913 0.50438225 0.59219605
0.4065144 0.5433695 0.64228237
0.42612225 0.5629773 0.6618902
0.4457301 0.58258516 0.68149805
0.4457301 0.58258516 0.68149805
0.4167027 0.56050676 0.66491765
0.3892517 0.5344053 0.63051766
0.4276988 0.5562551 0.65796864
0.4182791 0.5551342 0.6540471
0.42220068 0.55905575 0.65796864
0.41981655 0.58581704 0.6984235
0.3711813 0.5441308 0.6622354
0.46141636 0.5969219 0.70413333
0.3940981 0.40742198 0.44606277
0.36510974 0.34793854 0.38118428
0.31801188 0.3369352 0.38937253
0.1979416 0.28075546 0.3743765
0.18694565 0.28230786 0.3952235
0.20655349 0.30191574 0.41483134
0.21124375 0.32185352 0.43746662
0.24811433 0.35177508 0.46189016
0.4921764 0.47750297 0.44716075
0.63573706 0.59461725 0.5339843
0.6200508 0.58028054 0.511349
0.6529998 0.60493094 0.5388
0.6451567 0.5984373 0.5240079
0.63731354 0.5905942 0.5161648
0.633392 0.5866726 0.5122432
0.6529998 0.60763 0.524902
0.6506546 0.59698635 0.51705885
0.65615267 0.59553534 0.5101098
0.66007423 0.5994569 0.51403135
0.63812125 0.5705549 0.47963136
0.63812125 0.5705549 0.47963136
0.64988595 0.5836692 0.48444712
0.64988595 0.5836692 0.48444712
0.6357761 0.5612608 0.46483928
0.6396977 0.5651824 0.46876085
0.65538394 0.58086866 0.48444712
0.64361924 0.56910396 0.47268242
0.6357761 0.5612608 0.46483928
0.6514624 0.5769471 0.48052555
0.64361924 0.57045346 0.4657334
0.6475408 0.57437503 0.46965498
0.6396977 0.5665319 0.46181184
0.6451956 0.5637314 0.46181184
0.6593055 0.58613974 0.48141968
0.66480345 0.5833392 0.48141968
0.66714865 0.5939829 0.48926282
0.6804897 0.5990255 0.49710596
0.6608819 0.57941765 0.4774981
0.62558776 0.54412353 0.442204
0.62558776 0.54412353 0.442204
0.6608819 0.57941765 0.4774981
0.6844113 0.60294706 0.5010275
0.6726466 0.59118235 0.48926282
0.6451956 0.5637314 0.46181184
0.6177446 0.5362804 0.43436086
0.6569603 0.5754961 0.47357655
0.696176 0.61471176 0.5127922
0.67656815 0.5951039 0.4931844
0.6726466 0.59118235 0.48926282
0.668725 0.5872608 0.48534125
0.6569603 0.5754961 0.47357655
0.66480345 0.5833392 0.48141968
0.66480345 0.5833392 0.48141968
0.6703015 0.5805387 0.48141968
0.65069366 0.5622804 0.4548628
0.6310858 0.5426726 0.43525496
0.6075564 0.51914316 0.41172555
0.6428505 0.55578685 0.44007057
0.6663799 0.57931626 0.46359998
0.6977525 0.6106888 0.49497253
0.6820662 0.59365296 0.48623535
0.6820662 0.59365296 0.48623535
0.6859878 0.59757453 0.49015692
0.68990934 0.6014961 0.4940785
0.6938309 0.60676724 0.49105096
0.70167404 0.6146104 0.4988941
0.70717204 0.61180985 0.4988941
0.6757995 0.5817869 0.46057254
0.6483485 0.55433583 0.43312156
0.6483485 0.55433583 0.43312156
0.6522701 0.55825746 0.43704313
0.66795635 0.57394373 0.4527294
0.6773759 0.5750647 0.45665097
0.66795635 0.57394373 0.4527294
0.69540733 0.60139465 0.48018038
0.7048269 0.6025157 0.48410195
0.6930622 0.5921005 0.4653883
0.6930622 0.5921005 0.4653883
0.6930622 0.5921005 0.4653883
0.68521905 0.58425736 0.45754516
0.6891406 0.58817893 0.46146673
0.69856024 0.5893 0.4653883
0.68287396 0.5736137 0.44970202
0.6632661 0.55400586 0.43009418
0.64757985 0.53966916 0.4074589
0.6436583 0.5357476 0.40353733
0.63581514 0.52790445 0.3956942
0.65934455 0.55143386 0.4192236
0.6656112 0.5659991 0.4309883
0.67110926 0.56319857 0.4309883
0.6750308 0.56712013 0.43490988
0.67110926 0.5645481 0.42403927
0.6750308 0.56846964 0.42796084
0.67660725 0.56309706 0.41709018
0.6805289 0.56566906 0.42796084
0.67110926 0.5645481 0.42403927
0.655423 0.5475123 0.41530204
0.655423 0.5475123 0.41530204
0.6632661 0.5553554 0.42314517
0.64992493 0.54896325 0.42225105
0.6381602 0.53719854 0.41048634
0.59971327 0.5126496 0.39693332
0.62631744 0.59214664 0.5370118
0.63408256 0.66805214 0.6761961
0.51093745 0.55185604 0.56549805
0.4521139 0.49303254 0.50667447
0.42389423 0.44956526 0.46050984
0.28279585 0.22683099 0.25748238
0.28279585 0.22683099 0.25748238
0.29063898 0.23467414 0.26532555
0.28514096 0.2374747 0.26532555
0.28356454 0.24284723 0.27619612
0.27964297 0.23892567 0.27227455
0.2757214 0.2350041 0.268353
0.27806658 0.24429825 0.28314507
0.27256858 0.2457492 0.2900941
0.27256858 0.2457492 0.2900941
0.2694157 0.25784385 0.3048863
0.27491367 0.25504333 0.3048863
0.26549414 0.25392228 0.30096474
0.27725884 0.26433745 0.3196785
0.27568242 0.27105954 0.32360005
0.279604 0.2749811 0.32752162
0.27568242 0.27105954 0.32360005
0.27802745 0.2817033 0.3314432
0.28352556 0.27890268 0.3314432
0.27568242 0.27105954 0.32360005
0.29294512 0.28137326 0.32841572
0.29294512 0.28002372 0.33536476
0.281949 0.28427532 0.3423137
0.25292164 0.2621969 0.3257333
0.25134522 0.26756945 0.3366039
0.25134522 0.26756945 0.3366039
0.23958053 0.25580475 0.3248392
0.23408255 0.25860527 0.3248392
0.22074136 0.25221315 0.32394513
0.21366698 0.2603862 0.33481574
0.21366698 0.2603862 0.33481574
0.19248265 0.24615094 0.32607841
0.19640422 0.2500725 0.32999998
0.20032579 0.25399408 0.33392155
0.19717291 0.26743832 0.3417647
0.19951808 0.27808198 0.34960783
0.21205147 0.3072125 0.37313724
0.23242806 0.34283653 0.4114588
0.254381 0.37038895 0.45280787
0.28575355 0.40041196 0.4911294
0.3053614 0.4200198 0.51073724
0.35634178 0.4710002 0.5617176
0.36810648 0.48141536 0.58043134
0.38771433 0.50102323 0.6000392
0.3626085 0.48421592 0.58043134
0.31554967 0.4371571 0.5333725
0.28575355 0.40041196 0.4911294
0.31085944 0.41721925 0.51073724
0.32104766 0.43570608 0.5264235
0.34849864 0.46180752 0.5608235
0.38140854 0.5252126 0.6296235
0.36256945 0.5202714 0.6356784
0.4629929 0.5915492 0.69326276
0.40351763 0.40854302 0.44998434
0.3690313 0.3518601 0.38510585
0.31174517 0.3237195 0.37065887
0.19559652 0.27011174 0.36653337
0.19244362 0.2808569 0.3882745
0.20028676 0.28870004 0.39611763
0.2198946 0.30965742 0.40877646
0.43569797 0.42797357 0.40312946
0.6200508 0.578931 0.51829803
0.6435802 0.60380995 0.53487843
0.6278939 0.5881237 0.51919216
0.63731354 0.5905942 0.5161648
0.633392 0.5866726 0.5122432
0.66084296 0.6141236 0.5396942
0.64907825 0.60370845 0.5209805
0.6506546 0.5983359 0.5101098
0.6404664 0.57984906 0.49442354
0.6341997 0.56663334 0.4757098
0.6459644 0.57839805 0.4874745
0.6341997 0.56663334 0.4757098
0.63812125 0.5705549 0.47963136
0.622435 0.5562182 0.45699614
0.6577291 0.5915123 0.49229026
0.6475408 0.5730255 0.47660398
0.63185453 0.55733925 0.4609177
0.64361924 0.56910396 0.47268242
0.6475408 0.5730255 0.47660398
0.64361924 0.56910396 0.47268242
0.6475408 0.5730255 0.47660398
0.63185453 0.55868876 0.4539687
0.6593055 0.58613974 0.48141968
0.65303874 0.5715745 0.46965498
0.668725 0.5872608 0.48534125
0.66480345 0.5833392 0.48141968
0.6491172 0.56765294 0.4657334
0.63735247 0.5572378 0.44701967
0.6295093 0.5480451 0.44612557
0.64127403 0.5611594 0.45094123
0.6569603 0.57684565 0.4666275
0.6491172 0.56765294 0.4657334
0.64127403 0.5598098 0.45789027
0.6295093 0.5480451 0.44612557
0.65303874 0.570225 0.47660398
0.69067806 0.6161628 0.51974124
0.6804897 0.5990255 0.49710596
0.6726466 0.59118235 0.48926282
0.67656815 0.5951039 0.4931844
0.6608819 0.57941765 0.4774981
0.6569603 0.5754961 0.47357655
0.6569603 0.5754961 0.47357655
0.6703015 0.5805387 0.48141968
0.6546152 0.5648524 0.4657334
0.62558776 0.5454731 0.43525496
0.6193211 0.5295583 0.4304393
0.668725 0.58861035 0.4783922
0.67656815 0.5964535 0.48623535
0.668725 0.58861035 0.4783922
0.6585368 0.57012355 0.46270594
0.6546152 0.56755155 0.45183527
0.66245836 0.5753947 0.4596784
0.6703015 0.5832378 0.46752155
0.6938309 0.60541767 0.49800006
0.6977525 0.6106888 0.49497253
0.6820662 0.59500253 0.47928625
0.66795635 0.57259417 0.4596784
0.64442694 0.5504143 0.4292
0.63266224 0.53864956 0.4174353
0.64600337 0.5436922 0.42527843
0.65619165 0.56217897 0.4409647
0.6601132 0.5661006 0.44488627
0.6640348 0.5700221 0.44880784
0.69148576 0.59747314 0.4762588
0.7009053 0.5985941 0.48018038
0.6930622 0.590751 0.47233725
0.6773759 0.5764142 0.44970202
0.6789524 0.56969213 0.44578046
0.6671877 0.5579274 0.43401575
0.67345434 0.57249266 0.44578046
0.6656112 0.5646495 0.43793732
0.6538465 0.5528848 0.4261726
0.6515014 0.54224116 0.41832948
0.6397367 0.531826 0.39961576
0.64992493 0.54896325 0.42225105
0.64992493 0.54896325 0.42225105
0.67345434 0.57249266 0.44578046
0.6695328 0.56992066 0.43490988
0.6656112 0.5659991 0.4309883
0.6812975 0.58168536 0.4466746
0.6789524 0.5710417 0.43883145
0.68679553 0.57888484 0.4466746
0.6632661 0.5553554 0.42314517
0.6632661 0.55670494 0.41619614
0.655423 0.5488618 0.408353
0.6436583 0.5370971 0.3965883
0.6318936 0.5253324 0.3848236
0.6318936 0.5253324 0.3848236
0.63581514 0.52790445 0.3956942
0.6436583 0.5357476 0.40353733
0.6436583 0.5357476 0.40353733
0.63581514 0.52925396 0.38874516
0.6303171 0.5320545 0.38874516
0.6405054 0.54919183 0.41138047
0.62716424 0.5401006 0.4243843
0.63185453 0.55868876 0.4539687
0.6498079 0.650382 0.6227373
0.6168198 0.6577384 0.6713804
0.48348647 0.52305555 0.5449961
0.25061557 0.21954633 0.2417961
0.25061557 0.21954633 0.2417961
0.25453714 0.22211835 0.2526667
0.26238027 0.23131104 0.2535608
0.27022344 0.23780464 0.268353
0.26630184 0.23388305 0.26443142
0.26472545 0.24060516 0.268353
0.26472545 0.23925562 0.27530193
0.26472545 0.23790607 0.28225097
0.26707053 0.24854976 0.2900941
0.2709921 0.25112176 0.30096474
0.26314896 0.24327865 0.2931216
0.2694157 0.25784385 0.3048863
0.2694157 0.2564943 0.31183535
0.26783928 0.2632164 0.31575692
0.27568242 0.27105954 0.32360005
0.26783928 0.2632164 0.31575692
0.27568242 0.27105954 0.32360005
0.2811804 0.26960856 0.31665102
0.27725884 0.265687 0.31272945
0.28510198 0.27353013 0.32057258
0.28510198 0.2721806 0.32752162
0.279604 0.2749811 0.32752162
0.26626274 0.26858905 0.32662743
0.2701843 0.27251062 0.330549
0.2686079 0.2792327 0.33447057
0.26076478 0.27138957 0.32662743
0.26310992 0.2806837 0.34141958
0.2552668 0.27149102 0.34052548
0.24976882 0.27429155 0.34052548
0.24976882 0.27429155 0.34052548
0.2654551 0.28997782 0.35621175
0.24976882 0.27429155 0.34052548
0.24976882 0.27429155 0.34052548
0.25134522 0.26756945 0.3366039
0.25918835 0.2754126 0.34444705
0.2654551 0.28997782 0.35621175
0.2662238 0.30734363 0.36797646
0.2662238 0.30599406 0.37492552
0.28583163 0.3256019 0.39453337
0.3015179 0.33993864 0.41716868
0.3234709 0.3688406 0.4515686
0.31639645 0.37836325 0.45549017
0.32423958 0.38485682 0.47028232
0.31405127 0.3677196 0.44764704
0.2591493 0.31281763 0.39274508
0.23719639 0.28391564 0.35834515
0.22543168 0.27350047 0.3396314
0.23169835 0.28536665 0.3652941
0.2481533 0.31706914 0.3996941
0.292828 0.39088932 0.48720783
0.3288908 0.44219968 0.54121566
0.41362786 0.49644172 0.5900628
0.37606665 0.38109204 0.42253336
0.36510974 0.34793854 0.38118428
0.31174517 0.32236996 0.37760782
0.19325134 0.26081765 0.35174122
0.18225533 0.2650692 0.35869023
0.20343965 0.27930444 0.3674275
0.35334504 0.3442711 0.32772553
0.6067096 0.5725388 0.51740396
0.6082861 0.56851584 0.49958432
0.63573706 0.5959668 0.5270353
0.64750177 0.60908103 0.53185105
0.64907825 0.60370845 0.5209805
0.6428115 0.5891432 0.5092157
0.6388899 0.58522165 0.5052942
0.6310468 0.5787281 0.49050197
0.6404664 0.57984906 0.49442354
0.62635654 0.5587902 0.46786666
0.6302781 0.5627118 0.47178823
0.62635654 0.5587902 0.46786666
0.6538075 0.5862412 0.49531764
0.6459644 0.57839805 0.4874745
0.6185134 0.55229664 0.45307457
0.61616826 0.541653 0.44523144
0.6357761 0.5612608 0.46483928
0.6514624 0.5769471 0.48052555
0.65538394 0.58086866 0.48444712
0.6475408 0.5730255 0.47660398
0.6475408 0.5730255 0.47660398
0.6593055 0.5847902 0.4883687
0.6514624 0.5782966 0.47357655
0.65538394 0.58221817 0.4774981
0.6491172 0.56765294 0.4657334
0.62558776 0.54412353 0.442204
0.6216662 0.54020196 0.43828243
0.6451956 0.56508094 0.4548628
0.63735247 0.5572378 0.44701967
0.6334309 0.55331624 0.4430981
0.6295093 0.54939467 0.43917653
0.6177446 0.53762996 0.42741182
0.6451956 0.5637314 0.46181184
0.6475408 0.57437503 0.46965498
0.6828349 0.60966915 0.5049491
0.6867565 0.6122412 0.51581967
0.69067806 0.6161628 0.51974124
0.6804897 0.5990255 0.49710596
0.6569603 0.5754961 0.47357655
0.668725 0.5872608 0.48534125
0.67656815 0.5951039 0.4931844
0.66480345 0.5833392 0.48141968
0.6350074 0.5452446 0.44612557
0.6177446 0.53762996 0.42741182
0.6491172 0.5690025 0.45878437
0.70009756 0.61863333 0.5167138
0.68833286 0.6068686 0.5049491
0.67656815 0.5951039 0.4931844
0.67656815 0.5964535 0.48623535
0.6726466 0.5925319 0.48231378
0.7040191 0.62390447 0.5136863
0.6922544 0.61213976 0.50192165
0.6703015 0.5832378 0.46752155
0.65069366 0.56363 0.4479137
0.63892895 0.5518653 0.436149
0.6428505 0.55578685 0.44007057
0.6640348 0.56867254 0.45575684
0.6640348 0.56867254 0.45575684
0.6522701 0.55825746 0.43704313
0.6601132 0.5661006 0.44488627
0.6875642 0.5935515 0.47233725
0.6836426 0.58963 0.46841568
0.6836426 0.58963 0.46841568
0.69148576 0.59747314 0.4762588
0.69540733 0.60139465 0.48018038
0.68521905 0.58425736 0.45754516
0.68287396 0.5736137 0.44970202
0.65934455 0.5500843 0.4261726
0.63581514 0.52790445 0.3956942
0.62012887 0.5122182 0.38000792
0.6436583 0.534398 0.41048634
0.66168964 0.56072795 0.43401575
0.67345434 0.57249266 0.44578046
0.6773759 0.5764142 0.44970202
0.67345434 0.57249266 0.44578046
0.6773759 0.5764142 0.44970202
0.6695328 0.5685711 0.4418589
0.6891406 0.58817893 0.46146673
0.67345434 0.57249266 0.44578046
0.6656112 0.5659991 0.4309883
0.66168964 0.5620775 0.42706674
0.64757985 0.53966916 0.4074589
0.63581514 0.52790445 0.3956942
0.6318936 0.5239829 0.39177263
0.6436583 0.5357476 0.40353733
0.6632661 0.55670494 0.41619614
0.6750308 0.56846964 0.42796084
0.6750308 0.56846964 0.42796084
0.6671877 0.5606265 0.4201177
0.64757985 0.53966916 0.4074589
0.6515014 0.5435907 0.41138047
0.6515014 0.54494023 0.40443143
0.6436583 0.5370971 0.3965883
0.63423866 0.53597605 0.39266673
0.64600337 0.54639125 0.41138047
0.6522701 0.5596069 0.43009418
0.64442694 0.5517638 0.42225105
0.62716424 0.54145014 0.4174353
0.63262326 0.5720059 0.4865804
0.6505765 0.66369915 0.655349
0.18156478 0.18099056 0.20863527
0.18156478 0.18099056 0.20863527
0.17998824 0.18771273 0.21255684
0.17998824 0.18636318 0.21950585
0.17998824 0.18636318 0.21950585
0.18783137 0.19420631 0.22734898
0.19175294 0.19677833 0.23821965
0.19175294 0.19677833 0.23821965
0.20351765 0.20854303 0.24998435
0.20743921 0.2124646 0.25390592
0.2058628 0.21783714 0.2647765
0.21762751 0.22960185 0.2765412
0.21762751 0.22960185 0.2765412
0.22939222 0.24136655 0.2883059
0.23331378 0.24528812 0.29222748
0.23723537 0.2492097 0.29614908
0.25449803 0.25817388 0.30791378
0.2701843 0.27386016 0.32360005
0.26234117 0.26736656 0.30880788
0.27568242 0.27240908 0.31665102
0.28510198 0.27353013 0.32057258
0.27333727 0.26176542 0.30880788
0.28510198 0.27353013 0.32057258
0.27410588 0.2764322 0.33447057
0.2568432 0.26611847 0.32965487
0.25134522 0.268919 0.32965487
0.2552668 0.27284056 0.33357644
0.2552668 0.27284056 0.33357644
0.25918835 0.27676213 0.337498
0.2670315 0.28325573 0.35229018
0.25134522 0.26756945 0.3366039
0.24742366 0.26364788 0.33268234
0.24742366 0.26499742 0.3257333
0.2568432 0.26611847 0.32965487
0.26234117 0.26466748 0.32270586
0.24900007 0.25962487 0.31486273
0.26234117 0.26466748 0.32270586
0.26626274 0.26858905 0.32662743
0.2584196 0.2607459 0.3187843
0.27410588 0.27778172 0.32752162
0.281949 0.28427532 0.3423137
0.28037262 0.29099742 0.34623528
0.27252948 0.28315428 0.33839214
0.27252948 0.28180474 0.34534115
0.2686079 0.27788317 0.34141958
0.281949 0.28427532 0.3423137
0.27802745 0.28035375 0.33839214
0.27410588 0.27778172 0.32752162
0.26626274 0.26858905 0.32662743
0.27252948 0.28315428 0.33839214
0.28821576 0.297491 0.36102742
0.2905609 0.30813468 0.36887056
0.29840404 0.3159778 0.3767137
0.2913687 0.28674582 0.33928633
0.29529026 0.29201692 0.33625886
0.28587058 0.28954643 0.33928633
0.24584725 0.27171952 0.32965487
0.22700809 0.26812792 0.32876077
0.27568242 0.27915686 0.28190586
0.61063117 0.57780993 0.51437646
0.6278939 0.5881237 0.51919216
0.62554884 0.57882947 0.5044001
0.6216273 0.57625747 0.49352947
0.61928207 0.5656138 0.48568633
0.61928207 0.5656138 0.48568633
0.6388899 0.58522165 0.5052942
0.6247801 0.5641628 0.47873726
0.6247801 0.5641628 0.47873726
0.62085855 0.5602412 0.4748157
0.6538075 0.5862412 0.49531764
0.64988595 0.5823196 0.49139607
0.6302781 0.5627118 0.47178823
0.6341997 0.56663334 0.4757098
0.63812125 0.5705549 0.47963136
0.6459644 0.5797476 0.48052555
0.6475408 0.5730255 0.47660398
0.65538394 0.58086866 0.48444712
0.6632271 0.5887118 0.49229026
0.6749918 0.6004765 0.50405496
0.6593055 0.5847902 0.4883687
0.6593055 0.5847902 0.4883687
0.6632271 0.5887118 0.49229026
0.6451956 0.5637314 0.46181184
0.6491172 0.56765294 0.4657334
0.6569603 0.5754961 0.47357655
0.6491172 0.56765294 0.4657334
0.6334309 0.55196667 0.45004714
0.6310858 0.5426726 0.43525496
0.6569603 0.5754961 0.47357655
0.6632271 0.5900613 0.48534125
0.66714865 0.5939829 0.48926282
0.6867565 0.6135907 0.50887066
0.6867565 0.6135907 0.50887066
0.69067806 0.6161628 0.51974124
0.69067806 0.6161628 0.51974124
0.6749918 0.6004765 0.50405496
0.66714865 0.59263337 0.49621183
0.66714865 0.59263337 0.49621183
0.6593055 0.5847902 0.4883687
0.6240114 0.5508456 0.44612557
0.60440356 0.5298883 0.43346673
0.67656815 0.5951039 0.4931844
0.6804897 0.5990255 0.49710596
0.6726466 0.59118235 0.48926282
0.67656815 0.5951039 0.4931844
0.68833286 0.6068686 0.5049491
0.6922544 0.6107902 0.50887066
0.6804897 0.5990255 0.49710596
0.65303874 0.5729241 0.46270594
0.63735247 0.5572378 0.44701967
0.6350074 0.54659414 0.43917653
0.6467721 0.55835885 0.45094123
0.6703015 0.58188826 0.47447065
0.6546152 0.566202 0.45878437
0.6428505 0.5544373 0.44701967
0.6546152 0.566202 0.45878437
0.6820662 0.59365296 0.48623535
0.6938309 0.60676724 0.49105096
0.69540733 0.6000451 0.4871294
0.6875642 0.5935515 0.47233725
0.6875642 0.5935515 0.47233725
0.69540733 0.60139465 0.48018038
0.69540733 0.60139465 0.48018038
0.6812975 0.5789863 0.46057254
0.64992493 0.54896325 0.42225105
0.63423866 0.533277 0.40656477
0.63423866 0.533277 0.40656477
0.6750308 0.56712013 0.43490988
0.6812975 0.58168536 0.4466746
0.6773759 0.5764142 0.44970202
0.68521905 0.58425736 0.45754516
0.6812975 0.5803358 0.4536236
0.67345434 0.57249266 0.44578046
0.68521905 0.58425736 0.45754516
0.6812975 0.58168536 0.4466746
0.68521905 0.58560693 0.45059615
0.6656112 0.5646495 0.43793732
0.6656112 0.5646495 0.43793732
0.6656112 0.5646495 0.43793732
0.6538465 0.5542344 0.4192236
0.67110926 0.56319857 0.4309883
0.655423 0.5475123 0.41530204
0.65934455 0.55143386 0.4192236
0.6515014 0.5435907 0.41138047
0.65307784 0.5382181 0.40050986
0.6413132 0.5264534 0.38874516
0.64757985 0.54101866 0.40050986
0.64757985 0.54101866 0.40050986
0.655423 0.5488618 0.408353
0.6632661 0.55670494 0.41619614
0.65934455 0.55278337 0.41227457
0.655423 0.5488618 0.408353
0.655423 0.5488618 0.408353
0.6515014 0.54494023 0.40443143
0.64757985 0.54101866 0.40050986
0.64600337 0.54639125 0.41138047
0.6263955 0.5267834 0.39177263
0.6091328 0.5164697 0.38695693
0.6232427 0.5388781 0.40656477
0.6334309 0.5546658 0.436149
0.20117262 0.20194794 0.22129415
0.19175294 0.20082697 0.21737258
0.18783137 0.19555587 0.22039998
0.19175294 0.19947743 0.22432154
0.18783137 0.19420631 0.22734898
0.17841183 0.19308527 0.22342741
0.17683542 0.19980736 0.22734898
0.17291385 0.19588579 0.22342741
0.16899228 0.19061467 0.22645494
0.16507071 0.1866931 0.22253338
0.17133744 0.1999088 0.24124709
0.17133744 0.1999088 0.24124709
0.17525901 0.20248082 0.25211763
0.16741587 0.19463769 0.24427448
0.1634943 0.19071612 0.24035291
0.17683542 0.19575873 0.24819605
0.1940981 0.20607243 0.2530118
0.1940981 0.20742199 0.24606279
0.21370594 0.22702983 0.26567063
0.23646674 0.23454297 0.27048624
0.27806658 0.24564776 0.27619612
0.30317238 0.26380464 0.28885496
0.2843333 0.25886348 0.29490978
0.24665491 0.24898121 0.3070196
0.19721194 0.22868371 0.30041572
0.19171396 0.23148423 0.30041572
0.19171396 0.23148423 0.30041572
0.20505507 0.2378764 0.30130976
0.19721194 0.23003326 0.29346663
0.20897664 0.24179797 0.30523133
0.20897664 0.24179797 0.30523133
0.22231783 0.24684054 0.31307447
0.22231783 0.2481901 0.30612546
0.23173739 0.24931115 0.31004703
0.23565896 0.25458226 0.3070196
0.24115694 0.25178173 0.3070196
0.25057647 0.25290278 0.31094116
0.25449803 0.25682434 0.31486273
0.2701843 0.27386016 0.32360005
0.26234117 0.26601702 0.31575692
0.27802745 0.2817033 0.3314432
0.26626274 0.2699386 0.3196785
0.26626274 0.2699386 0.3196785
0.2584196 0.26209545 0.31183535
0.2639177 0.25929484 0.31183535
0.26783928 0.2632164 0.31575692
0.26783928 0.2632164 0.31575692
0.27176085 0.26713797 0.3196785
0.26157257 0.24865119 0.3039922
0.25607458 0.2514517 0.3039922
0.2639177 0.25929484 0.31183535
0.27176085 0.26713797 0.3196785
0.2639177 0.25929484 0.31183535
0.27176085 0.2684875 0.31272945
0.26549414 0.25392228 0.30096474
0.25999615 0.2567228 0.30096474
0.2639177 0.26199394 0.29793724
0.27491367 0.2644902 0.2562431
0.62631744 0.59214664 0.5370118
0.61220765 0.57108784 0.5104549
0.6177057 0.5696368 0.5035059
0.61378413 0.56706476 0.49263537
0.6310468 0.5773785 0.49745104
0.61928207 0.5656138 0.48568633
0.63496834 0.5813001 0.5013726
0.6310468 0.5773785 0.49745104
0.6130154 0.5523981 0.46697256
0.64438796 0.58377063 0.4983451
0.6522311 0.5929633 0.4992392
0.63812125 0.5705549 0.47963136
0.62635654 0.5601398 0.4609177
0.63812125 0.5719045 0.47268242
0.64988595 0.5836692 0.48444712
0.6577291 0.5915123 0.49229026
0.6694938 0.603277 0.50405496
0.66714865 0.59263337 0.49621183
0.66714865 0.59263337 0.49621183
0.6514624 0.5769471 0.48052555
0.6632271 0.5887118 0.49229026
0.6396977 0.5651824 0.46876085
0.62793297 0.5534177 0.45699614
0.6593055 0.5847902 0.4883687
0.6569603 0.5754961 0.47357655
0.65303874 0.5715745 0.46965498
0.65303874 0.5715745 0.46965498
0.65303874 0.5715745 0.46965498
0.6451956 0.5637314 0.46181184
0.6475408 0.57437503 0.46965498
0.6749918 0.601826 0.49710596
0.6985212 0.6240059 0.5275844
0.69067806 0.6161628 0.51974124
0.6867565 0.6122412 0.51581967
0.6749918 0.6004765 0.50405496
0.6475408 0.5730255 0.47660398
0.6749918 0.6004765 0.50405496
0.6828349 0.60831964 0.5118981
0.64361924 0.56910396 0.47268242
0.6396977 0.5651824 0.46876085
0.6593055 0.5847902 0.4883687
0.63812125 0.5705549 0.47963136
0.58714086 0.5195745 0.42865098
0.66480345 0.5833392 0.48141968
0.6726466 0.59118235 0.48926282
0.6804897 0.60037506 0.49015692
0.6608819 0.5807672 0.47054908
0.6451956 0.5637314 0.46181184
0.6451956 0.5637314 0.46181184
0.6569603 0.5754961 0.47357655
0.65303874 0.5729241 0.46270594
0.6428505 0.5544373 0.44701967
0.6295093 0.54939467 0.43917653
0.64127403 0.5611594 0.45094123
0.668725 0.58861035 0.4783922
0.6922544 0.61213976 0.50192165
0.70167404 0.6132608 0.50584316
0.70167404 0.6132608 0.50584316
0.6977525 0.60933924 0.50192165
0.68990934 0.6014961 0.4940785
0.6875642 0.59220195 0.47928625
0.67972106 0.5843588 0.47144312
0.6601132 0.5661006 0.44488627
0.64442694 0.5504143 0.4292
0.66795635 0.57394373 0.4527294
0.6891406 0.5868294 0.46841568
0.7048269 0.6025157 0.48410195
0.6930622 0.590751 0.47233725
0.67345434 0.57249266 0.44578046
0.67345434 0.57249266 0.44578046
0.6891406 0.58817893 0.46146673
0.6773759 0.5764142 0.44970202
0.68679553 0.5775353 0.4536236
0.6773759 0.5764142 0.44970202
0.67345434 0.57249266 0.44578046
0.6656112 0.5659991 0.4309883
0.6773759 0.5777638 0.44275302
0.69698375 0.59737164 0.46236086
0.68679553 0.57888484 0.4466746
0.67110926 0.56319857 0.4309883
0.64992493 0.5503128 0.41530204
0.6515014 0.5435907 0.41138047
0.65934455 0.55143386 0.4192236
0.6632661 0.5553554 0.42314517
0.67110926 0.56319857 0.4309883
0.67110926 0.56319857 0.4309883
0.6687641 0.55390435 0.41619614
0.6413132 0.52780294 0.38179606
0.64915633 0.5356461 0.3896392
0.655423 0.5488618 0.408353
0.64757985 0.54101866 0.40050986
0.63739157 0.5225318 0.3848236
0.627972 0.5214108 0.38090202
0.6318936 0.5253324 0.3848236
0.6397367 0.5331755 0.39266673
0.6318936 0.5253324 0.3848236
0.6318936 0.5253324 0.3848236
0.6303171 0.530705 0.3956942
0.6303171 0.530705 0.3956942
0.6263955 0.5267834 0.39177263
0.6130544 0.5203912 0.3908785
0.6012897 0.5086266 0.3791138
0.2168589 0.21763422 0.23698042
0.20351765 0.21259168 0.22913729
0.20743921 0.21516371 0.24000782
0.20351765 0.21124214 0.23608625
0.20743921 0.21516371 0.24000782
0.19017653 0.20619953 0.22824311
0.1940981 0.20877154 0.23911369
0.1940981 0.20877154 0.23911369
0.19252169 0.21414408 0.24998435
0.19094528 0.22086617 0.25390592
0.18702371 0.21559507 0.25693336
0.17918058 0.20775193 0.24909022
0.17525901 0.20383036 0.24516866
0.17918058 0.20640239 0.2560392
0.17368253 0.20920296 0.2560392
0.17918058 0.20640239 0.2560392
0.2042864 0.22455923 0.26869807
0.22547065 0.23879454 0.27743533
0.23881176 0.24383715 0.28527847
0.24980785 0.24093513 0.27138036
0.33612135 0.2911542 0.30240783
0.37848997 0.31692562 0.33378038
0.35180762 0.30684048 0.3180941
0.28510198 0.27353013 0.32057258
0.16034141 0.20011169 0.26904318
0.14150226 0.19652009 0.26814905
0.14150226 0.19652009 0.26814905
0.14150226 0.19652009 0.26814905
0.1375807 0.19259852 0.26422748
0.14307873 0.1911475 0.25727847
0.15092187 0.19899064 0.2651216
0.15092187 0.19899064 0.2651216
0.15484343 0.20291221 0.26904318
0.16660814 0.21602648 0.2738588
0.16426298 0.20538281 0.26601565
0.1776041 0.21177498 0.26690978
0.19094528 0.21681756 0.27475291
0.19094528 0.2181671 0.2678039
0.2042864 0.22320971 0.27564704
0.2160511 0.23497441 0.28741175
0.22389424 0.24281755 0.2952549
0.22389424 0.24281755 0.2952549
0.23723537 0.24786016 0.30309802
0.24273334 0.24640918 0.29614908
0.25449803 0.25817388 0.30791378
0.25057647 0.25560185 0.29704317
0.25057647 0.2542523 0.3039922
0.25449803 0.25817388 0.30791378
0.24665491 0.25033075 0.30007064
0.252153 0.2488797 0.2931216
0.25057647 0.2542523 0.3039922
0.25607458 0.2514517 0.3039922
0.25607458 0.25280124 0.29704317
0.26157257 0.25135028 0.2900941
0.26314896 0.24597776 0.2792235
0.26314896 0.24597776 0.2792235
0.28041172 0.257641 0.27709025
0.60278803 0.56726766 0.5204314
0.62397236 0.58285254 0.5222196
0.6216273 0.5735584 0.50742745
0.62554884 0.57747996 0.511349
0.62320364 0.5681858 0.49655694
0.61928207 0.5656138 0.48568633
0.6428115 0.5891432 0.5092157
0.6051723 0.5432054 0.4660785
0.6130154 0.5523981 0.46697256
0.6247801 0.5641628 0.47873726
0.6302781 0.5627118 0.47178823
0.6302781 0.5627118 0.47178823
0.6459644 0.5797476 0.48052555
0.64988595 0.5836692 0.48444712
0.66165066 0.5940843 0.5031608
0.6655722 0.5980059 0.50708234
0.67733693 0.6097706 0.51884705
0.6655722 0.59935546 0.5001334
0.6240114 0.5494961 0.45307457
0.6396977 0.5651824 0.46876085
0.62793297 0.5534177 0.45699614
0.6694938 0.603277 0.50405496
0.68518007 0.6189633 0.51974124
0.66714865 0.59263337 0.49621183
0.6593055 0.5847902 0.4883687
0.6514624 0.5769471 0.48052555
0.64361924 0.56910396 0.47268242
0.65538394 0.58086866 0.48444712
0.67891335 0.6043981 0.50797653
0.69067806 0.6161628 0.51974124
0.6985212 0.6240059 0.5275844
0.6867565 0.6122412 0.51581967
0.6710702 0.59655493 0.5001334
0.6514624 0.5769471 0.48052555
0.66714865 0.59263337 0.49621183
0.6749918 0.6004765 0.50405496
0.6475408 0.5730255 0.47660398
0.6514624 0.5755975 0.4874745
0.69067806 0.6161628 0.51974124
0.6867565 0.61089164 0.5227686
0.65538394 0.58086866 0.48444712
0.6710702 0.59520537 0.50708234
0.63262326 0.5720059 0.4865804
0.622435 0.55486864 0.4639451
0.65303874 0.5715745 0.46965498
0.668725 0.5872608 0.48534125
0.6608819 0.57941765 0.4774981
0.66480345 0.5833392 0.48141968
0.6608819 0.57941765 0.4774981
0.6726466 0.59118235 0.48926282
0.6804897 0.5990255 0.49710596
0.6828349 0.60966915 0.5049491
0.6922544 0.6107902 0.50887066
0.668725 0.5872608 0.48534125
0.67656815 0.5951039 0.4931844
0.6804897 0.5990255 0.49710596
0.6804897 0.60037506 0.49015692
0.68990934 0.6014961 0.4940785
0.67814463 0.5897314 0.48231378
0.6546152 0.566202 0.45878437
0.65069366 0.56363 0.4479137
0.6640348 0.56867254 0.45575684
0.6820662 0.59500253 0.47928625
0.69148576 0.5961236 0.48320782
0.69148576 0.5961236 0.48320782
0.69540733 0.60139465 0.48018038
0.6836426 0.58963 0.46841568
0.68521905 0.58290786 0.4644941
0.68521905 0.58425736 0.45754516
0.6695328 0.5685711 0.4418589
0.6773759 0.5764142 0.44970202
0.69698375 0.59602207 0.46930987
0.7009053 0.59994364 0.47323143
0.68287396 0.5736137 0.44970202
0.6750308 0.56712013 0.43490988
0.66168964 0.56072795 0.43401575
0.6632661 0.5553554 0.42314517
0.6671877 0.559277 0.42706674
0.6750308 0.56712013 0.43490988
0.6907171 0.5828064 0.45059615
0.655423 0.5488618 0.408353
0.6632661 0.55670494 0.41619614
0.6632661 0.5553554 0.42314517
0.6671877 0.559277 0.42706674
0.655423 0.5475123 0.41530204
0.63347006 0.51726073 0.38785106
0.62954843 0.5146887 0.37698045
0.63739157 0.5238814 0.3778745
0.62954843 0.51603824 0.37003136
0.63347006 0.5199598 0.37395293
0.64915633 0.5342965 0.3965883
0.6648426 0.5499828 0.41227457
0.65307784 0.5382181 0.40050986
0.6413132 0.5264534 0.38874516
0.6318936 0.5253324 0.3848236
0.627972 0.5214108 0.38090202
0.62012887 0.5135677 0.3730589
0.62012887 0.5135677 0.3730589
0.61070925 0.51109713 0.37608635
0.6146308 0.5150187 0.38000792
0.6146308 0.51366913 0.38695693
0.6146308 0.51366913 0.38695693
0.60521126 0.5125481 0.38303536
0.22312549 0.23219952 0.24874513
0.21920392 0.22827795 0.24482356
0.22312549 0.23084998 0.2556941
0.22312549 0.23084998 0.2556941
0.21762751 0.2336505 0.2556941
0.22154908 0.23622252 0.26656467
0.21370594 0.22837938 0.25872153
0.21212953 0.23510148 0.2626431
0.20820796 0.22983035 0.26567063
0.20270999 0.23263088 0.26567063
0.20270999 0.23263088 0.26567063
0.19486685 0.2234382 0.2647765
0.19486685 0.2234382 0.2647765
0.20505507 0.23922595 0.29436076
0.21758854 0.26700687 0.3248392
0.25288266 0.30230102 0.36013332
0.2889845 0.3162063 0.36584312
0.30624717 0.32786956 0.36370984
0.3078236 0.32114747 0.35978827
0.3203961 0.31152338 0.3419686
0.36357233 0.31860518 0.3298588
0.3863331 0.32476875 0.3416235
0.37299192 0.31972617 0.33378038
0.28744712 0.2841738 0.32841572
0.18071795 0.23708533 0.30041572
0.13992585 0.20189264 0.2790196
0.12973756 0.18475538 0.25638434
0.14150226 0.19652009 0.26814905
0.1375807 0.19259852 0.26422748
0.13365912 0.1900265 0.2533569
0.1470003 0.19506907 0.26120004
0.14307873 0.1911475 0.25727847
0.1470003 0.19506907 0.26120004
0.158765 0.20683378 0.27296475
0.15092187 0.20034021 0.2581725
0.15484343 0.20426178 0.26209408
0.16818455 0.21065393 0.2629882
0.17210612 0.2145755 0.26690978
0.17368253 0.2078534 0.2629882
0.18544723 0.21961811 0.27475291
0.19329037 0.2288108 0.27564704
0.2144747 0.2416965 0.29133332
0.19878842 0.22601023 0.27564704
0.20663156 0.23520291 0.2765412
0.2160511 0.23632394 0.28046277
0.2160511 0.23632394 0.28046277
0.2160511 0.23632394 0.28046277
0.21212953 0.23240237 0.2765412
0.21370594 0.22568028 0.27261963
0.20820796 0.22983035 0.26567063
0.21762751 0.2309514 0.2695922
0.21370594 0.22702983 0.26567063
0.21136078 0.21638617 0.2578275
0.26472545 0.24195471 0.26140398
0.29140767 0.2533895 0.27014115
0.274145 0.24577487 0.25142744
0.48514095 0.44962063 0.40278435
0.6177057 0.5696368 0.5035059
0.61928207 0.5629147 0.49958432
0.6153605 0.56034267 0.4887138
0.5996742 0.5446564 0.47302753
0.61928207 0.5656138 0.48568633
0.616937 0.5549701 0.4778432
0.6051723 0.54455495 0.45912942
0.6130154 0.5523981 0.46697256
0.62085855 0.5602412 0.4748157
0.6247801 0.5655123 0.47178823
0.6538075 0.5862412 0.49531764
0.6459644 0.57839805 0.4874745
0.6577291 0.5915123 0.49229026
0.6694938 0.603277 0.50405496
0.6459644 0.5797476 0.48052555
0.622435 0.5562182 0.45699614
0.61459184 0.54837507 0.449153
0.6357761 0.5612608 0.46483928
0.6357761 0.5612608 0.46483928
0.6538075 0.58759075 0.4883687
0.6655722 0.59935546 0.5001334
0.66165066 0.5954339 0.49621183
0.64361924 0.56910396 0.47268242
0.6475408 0.5730255 0.47660398
0.6593055 0.5847902 0.4883687
0.6749918 0.6004765 0.50405496
0.6828349 0.60831964 0.5118981
0.6867565 0.6122412 0.51581967
0.6632271 0.5887118 0.49229026
0.64361924 0.56910396 0.47268242
0.6514624 0.5769471 0.48052555
0.6749918 0.6004765 0.50405496
0.6710702 0.59655493 0.5001334
0.6357761 0.5612608 0.46483928
0.6593055 0.5847902 0.4883687
0.6945996 0.62008435 0.5236628
0.68518007 0.6189633 0.51974124
0.6710702 0.59520537 0.50708234
0.6632271 0.5887118 0.49229026
0.67891335 0.6030485 0.5149255
0.6593055 0.58344066 0.49531764
0.6302781 0.5627118 0.47178823
0.57849 0.53177065 0.45734125
0.63262326 0.5720059 0.4865804
0.6569603 0.5754961 0.47357655
0.6491172 0.56765294 0.4657334
0.6569603 0.5754961 0.47357655
0.6804897 0.5990255 0.49710596
0.67891335 0.6043981 0.50797653
0.6710702 0.59655493 0.5001334
0.6749918 0.6004765 0.50405496
0.696176 0.61471176 0.5127922
0.68833286 0.6068686 0.5049491
0.70009756 0.61863333 0.5167138
0.6844113 0.60294706 0.5010275
0.668725 0.5872608 0.48534125
0.6585368 0.57012355 0.46270594
0.66245836 0.5740451 0.4666275
0.6820662 0.59365296 0.48623535
0.67814463 0.5897314 0.48231378
0.67422307 0.5858098 0.4783922
0.68990934 0.60284567 0.4871294
0.68990934 0.60284567 0.4871294
0.6875642 0.59220195 0.47928625
0.6875642 0.59220195 0.47928625
0.69148576 0.59747314 0.4762588
0.69540733 0.60139465 0.48018038
0.69698375 0.59467256 0.4762588
0.6930622 0.5921005 0.4653883
0.68521905 0.58425736 0.45754516
0.66168964 0.56072795 0.43401575
0.6671877 0.5579274 0.43401575
0.6750308 0.56577057 0.4418589
0.68679553 0.57888484 0.4466746
0.6789524 0.5710417 0.43883145
0.6789524 0.5710417 0.43883145
0.6671877 0.559277 0.42706674
0.6648426 0.5486333 0.4192236
0.64915633 0.532947 0.40353733
0.65307784 0.5382181 0.40050986
0.65307784 0.5382181 0.40050986
0.64915633 0.5342965 0.3965883
0.655423 0.5475123 0.41530204
0.67110926 0.56319857 0.4309883
0.6515014 0.54494023 0.40443143
0.65307784 0.5382181 0.40050986
0.6452347 0.53037494 0.39266673
0.63739157 0.5238814 0.3778745
0.63347006 0.5199598 0.37395293
0.63347006 0.5199598 0.37395293
0.63347006 0.5199598 0.37395293
0.6452347 0.53037494 0.39266673
0.6452347 0.53037494 0.39266673
0.62954843 0.5146887 0.37698045
0.63347006 0.51861024 0.38090202
0.63739157 0.5225318 0.3848236
0.63581514 0.52925396 0.38874516
0.6515014 0.54494023 0.40443143
0.6515014 0.5435907 0.41138047
0.6381602 0.5385481 0.40353733
0.62405044 0.51613975 0.3839295
0.6162073 0.5096461 0.36913732
0.62247396 0.52286184 0.38785106
0.24273334 0.25180736 0.268353
0.23331378 0.24933678 0.27138036
0.22939222 0.24541521 0.2674588
0.23723537 0.25325838 0.27530193
0.23723537 0.25325838 0.27530193
0.23331378 0.24933678 0.27138036
0.23173739 0.25470933 0.28225097
0.23173739 0.2533598 0.28920004
0.22389424 0.24551663 0.2813569
0.2278158 0.2494382 0.28527847
0.21839626 0.24831715 0.2813569
0.19878842 0.22735977 0.26869807
0.20740023 0.24986961 0.3022039
0.25288266 0.30095145 0.3670824
0.2591493 0.3155167 0.3788471
0.28267872 0.33904612 0.4023765
0.32112575 0.3622456 0.4228784
0.34780803 0.37637937 0.4177177
0.358804 0.37347743 0.4038196
0.33608237 0.32720965 0.35765487
0.3910233 0.34605616 0.3573098
0.41770566 0.3561413 0.37299606
0.40436447 0.35109872 0.36515293
0.32900783 0.33403322 0.37547454
0.18071795 0.23573577 0.30736473
0.16345526 0.22542205 0.302549
0.14384742 0.20581421 0.28294116
0.13600428 0.19932061 0.26814905
0.14150226 0.19652009 0.26814905
0.1375807 0.19394808 0.25727847
0.13365912 0.1900265 0.2533569
0.13915716 0.18722594 0.2533569
0.14542383 0.20179121 0.2651216
0.15484343 0.20291221 0.26904318
0.158765 0.20818335 0.26601565
0.158765 0.20818335 0.26601565
0.16034141 0.20146124 0.26209408
0.16818455 0.21065393 0.2629882
0.17210612 0.2145755 0.26690978
0.18544723 0.21961811 0.27475291
0.1893688 0.22488923 0.27172548
0.1893688 0.22488923 0.27172548
0.19486685 0.22208866 0.27172548
0.20663156 0.23520291 0.2765412
0.2160511 0.23632394 0.28046277
0.21212953 0.23240237 0.2765412
0.21212953 0.23240237 0.2765412
0.2160511 0.23632394 0.28046277
0.21212953 0.23375192 0.2695922
0.2042864 0.22590879 0.26174906
0.20978437 0.22310826 0.26174906
0.20978437 0.22310826 0.26174906
0.21136078 0.21773572 0.2508784
0.30709395 0.27177486 0.27192938
0.36672527 0.30920953 0.30116868
0.3745684 0.3211013 0.28816473
0.57849 0.53042114 0.4642902
0.60751736 0.55249953 0.48087066
0.60751736 0.5538491 0.47392163
0.5996742 0.54600596 0.4660785
0.6012507 0.5392838 0.46215692
0.59732914 0.5367118 0.4512863
0.62085855 0.55889165 0.48176476
0.6130154 0.5523981 0.46697256
0.6247801 0.5641628 0.47873726
0.62085855 0.5602412 0.4748157
0.63262326 0.57335544 0.47963136
0.6459644 0.57839805 0.4874745
0.6459644 0.5797476 0.48052555
0.6302781 0.56406134 0.46483928
0.6185134 0.55229664 0.45307457
0.6459644 0.5797476 0.48052555
0.66165066 0.5954339 0.49621183
0.64988595 0.5836692 0.48444712
0.64988595 0.5823196 0.49139607
0.64988595 0.5823196 0.49139607
0.6420428 0.5744765 0.48355293
0.6459644 0.57839805 0.4874745
0.66165066 0.5954339 0.49621183
0.67891335 0.6043981 0.50797653
0.6710702 0.59655493 0.5001334
0.6514624 0.5782966 0.47357655
0.6396977 0.5651824 0.46876085
0.6475408 0.5730255 0.47660398
0.65538394 0.58086866 0.48444712
0.6828349 0.60831964 0.5118981
0.6632271 0.5887118 0.49229026
0.63812125 0.5705549 0.47963136
0.6538075 0.58759075 0.4883687
0.6985212 0.6240059 0.5275844
0.68518007 0.6189633 0.51974124
0.67733693 0.61112016 0.5118981
0.6930232 0.62680644 0.5275844
0.68910164 0.62288487 0.5236628
0.6655722 0.5980059 0.50708234
0.6514624 0.5769471 0.48052555
0.65538394 0.5795191 0.49139607
0.6593055 0.58344066 0.49531764
0.63496834 0.5813001 0.5013726
0.5557292 0.5215584 0.4664236
0.6483095 0.5876922 0.50226665
0.6710702 0.59655493 0.5001334
0.65538394 0.58086866 0.48444712
0.6726466 0.59118235 0.48926282
0.6828349 0.60831964 0.5118981
0.6828349 0.60831964 0.5118981
0.69067806 0.6161628 0.51974124
0.69067806 0.6161628 0.51974124
0.6632271 0.5887118 0.49229026
0.65303874 0.5715745 0.46965498
0.6491172 0.56765294 0.4657334
0.6608819 0.57941765 0.4774981
0.6726466 0.59118235 0.48926282
0.6726466 0.59118235 0.48926282
0.67422307 0.58446026 0.48534125
0.67422307 0.58446026 0.48534125
0.67814463 0.5883818 0.48926282
0.67422307 0.5858098 0.4783922
0.6703015 0.58188826 0.47447065
0.67814463 0.59108096 0.47536469
0.6836426 0.58828044 0.47536469
0.66795635 0.57259417 0.4596784
0.6577681 0.5541073 0.44399214
0.66168964 0.55937845 0.4409647
0.6656112 0.5633 0.44488627
0.6750308 0.56577057 0.4418589
0.65934455 0.5500843 0.4261726
0.6632661 0.55400586 0.43009418
0.6632661 0.55400586 0.43009418
0.65934455 0.5500843 0.4261726
0.6671877 0.559277 0.42706674
0.67268574 0.5564764 0.42706674
0.67268574 0.5564764 0.42706674
0.6687641 0.55255485 0.42314517
0.660921 0.5447117 0.41530204
0.64915633 0.5342965 0.3965883
0.660921 0.5460612 0.408353
0.64915633 0.5342965 0.3965883
0.63739157 0.5225318 0.3848236
0.63739157 0.5225318 0.3848236
0.63347006 0.51861024 0.38090202
0.63347006 0.51861024 0.38090202
0.6452347 0.5317245 0.38571763
0.62954843 0.51603824 0.37003136
0.62954843 0.51603824 0.37003136
0.6452347 0.5317245 0.38571763
0.64915633 0.5356461 0.3896392
0.6452347 0.5317245 0.38571763
0.6413132 0.5264534 0.38874516
0.63347006 0.51861024 0.38090202
0.6256269 0.5107671 0.3730589
0.60994065 0.49508083 0.3573726
0.6217053 0.5081951 0.36218822
0.6256269 0.5121167 0.3661098
0.6162073 0.5096461 0.36913732
0.627972 0.5214108 0.38090202
0.62405044 0.51613975 0.3839295
0.627972 0.5214108 0.38090202
0.627972 0.5214108 0.38090202
0.62405044 0.51748925 0.37698045
0.25292164 0.26759508 0.29793724
0.2568432 0.27286622 0.29490978
0.24742366 0.2703956 0.29793724
0.24742366 0.2703956 0.29793724
0.24192569 0.27319613 0.29793724
0.24584725 0.27576813 0.30880788
0.24584725 0.27576813 0.30880788
0.24584725 0.27576813 0.30880788
0.23800412 0.26657546 0.30791378
0.24192569 0.27049702 0.31183535
0.23800412 0.26657546 0.30791378
0.21289821 0.24841864 0.2952549
0.21758854 0.26700687 0.3248392
0.24738462 0.303752 0.3670824
0.26699245 0.32335985 0.38669023
0.28267872 0.33904612 0.4023765
0.33681202 0.3792814 0.43161565
0.38702372 0.41559505 0.45693338
0.38075697 0.40237936 0.43821964
0.36980006 0.36922586 0.39687055
0.39494488 0.34997773 0.36123136
0.41143894 0.34427515 0.34733337
0.39025468 0.33003986 0.33859605
0.30705497 0.30648077 0.33412546
0.17052971 0.21994805 0.27778035
0.14384742 0.20581421 0.28294116
0.14776899 0.20973578 0.28686273
0.14384742 0.20716375 0.27599218
0.1493454 0.20436323 0.27599218
0.14542383 0.20179121 0.2651216
0.14150226 0.19786964 0.26120004
0.14542383 0.20179121 0.2651216
0.14150226 0.19786964 0.26120004
0.15484343 0.20291221 0.26904318
0.15092187 0.19899064 0.2651216
0.15092187 0.20034021 0.2581725
0.158765 0.20818335 0.26601565
0.16818455 0.20930438 0.26993722
0.16660814 0.21602648 0.2738588
0.17994925 0.22106908 0.28170192
0.18779239 0.23026177 0.28259605
0.18544723 0.21961811 0.27475291
0.19878842 0.22601023 0.27564704
0.20663156 0.23520291 0.2765412
0.21212953 0.23240237 0.2765412
0.21055312 0.23912448 0.28046277
0.21997267 0.2402455 0.28438434
0.21997267 0.2402455 0.28438434
0.2160511 0.23767349 0.27351376
0.20820796 0.22983035 0.26567063
0.20978437 0.22310826 0.26174906
0.19801967 0.21134356 0.24998435
0.2184353 0.20956258 0.24000782
0.3165135 0.27424544 0.268902
0.37848997 0.32637244 0.2851373
0.5941763 0.5461074 0.47997648
0.60751736 0.55249953 0.48087066
0.60751736 0.5538491 0.47392163
0.60751736 0.5538491 0.47392163
0.60751736 0.5538491 0.47392163
0.60751736 0.5538491 0.47392163
0.62085855 0.5602412 0.4748157
0.60909384 0.5484765 0.463051
0.616937 0.55631965 0.47089413
0.6247801 0.5641628 0.47873726
0.6247801 0.5641628 0.47873726
0.62085855 0.56159073 0.46786666
0.6302781 0.5627118 0.47178823
0.64988595 0.5823196 0.49139607
0.64988595 0.5836692 0.48444712
0.6302781 0.56406134 0.46483928
0.62635654 0.5601398 0.4609177
0.6302781 0.56406134 0.46483928
0.63812125 0.5719045 0.47268242
0.64988595 0.5836692 0.48444712
0.6655722 0.59935546 0.5001334
0.66165066 0.5940843 0.5031608
0.6459644 0.57839805 0.4874745
0.64361924 0.56910396 0.47268242
0.64361924 0.56910396 0.47268242
0.6514624 0.5782966 0.47357655
0.6632271 0.5900613 0.48534125
0.65538394 0.58221817 0.4774981
0.65538394 0.58086866 0.48444712
0.64988595 0.5836692 0.48444712
0.67733693 0.6097706 0.51884705
0.6859487 0.63228047 0.552353
0.33143115 0.28336227 0.21723136
0.6655722 0.5980059 0.50708234
0.68910164 0.6215353 0.53061175
0.68910164 0.62288487 0.5236628
0.6577291 0.5915123 0.49229026
0.6655722 0.59935546 0.5001334
0.67733693 0.61112016 0.5118981
0.66714865 0.5912838 0.5031608
0.6514624 0.5769471 0.48052555
0.6694938 0.60192746 0.5110039
0.6655722 0.5980059 0.50708234
0.62397236 0.5842021 0.5152706
0.54004294 0.50587213 0.45073733
0.6483095 0.5876922 0.50226665
0.67891335 0.6057476 0.5010275
0.67891335 0.6043981 0.50797653
0.66714865 0.59263337 0.49621183
0.63735247 0.55588824 0.4539687
0.6451956 0.5637314 0.46181184
0.6491172 0.56765294 0.4657334
0.64127403 0.5598098 0.45789027
0.6491172 0.56765294 0.4657334
0.6491172 0.56765294 0.4657334
0.6451956 0.5637314 0.46181184
0.64127403 0.5584603 0.46483928
0.65303874 0.570225 0.47660398
0.668725 0.5859113 0.49229026
0.6608819 0.57941765 0.4774981
0.63892895 0.5505157 0.4430981
0.6467721 0.55835885 0.45094123
0.6663799 0.5779667 0.47054908
0.6703015 0.58188826 0.47447065
0.6718779 0.5765157 0.46359998
0.6757995 0.5804373 0.46752155
0.65619165 0.5608294 0.4479137
0.66168964 0.55937845 0.4409647
0.6695328 0.5672216 0.44880784
0.68521905 0.58290786 0.4644941
0.6907171 0.58145684 0.45754516
0.6632661 0.55400586 0.43009418
0.6632661 0.55400586 0.43009418
0.65934455 0.5500843 0.4261726
0.63581514 0.5265549 0.4026432
0.63347006 0.51726073 0.38785106
0.63347006 0.51726073 0.38785106
0.63739157 0.5211823 0.39177263
0.65307784 0.5368686 0.4074589
0.65699947 0.54079014 0.41138047
0.67268574 0.5564764 0.42706674
0.67110926 0.56319857 0.4309883
0.67110926 0.56319857 0.4309883
0.6671877 0.559277 0.42706674
0.6648426 0.5486333 0.4192236
0.64915633 0.5342965 0.3965883
0.6413132 0.5264534 0.38874516
0.6256269 0.5121167 0.3661098
0.61386216 0.50035197 0.35434508
0.6217053 0.5081951 0.36218822
0.6177838 0.50427353 0.35826665
0.6217053 0.5081951 0.36218822
0.6256269 0.5107671 0.3730589
0.62954843 0.51603824 0.37003136
0.63347006 0.51861024 0.38090202
0.63347006 0.51861024 0.38090202
0.63739157 0.5225318 0.3848236
0.6217053 0.5081951 0.36218822
0.6217053 0.5081951 0.36218822
0.62012887 0.5135677 0.3730589
0.627972 0.5214108 0.38090202
0.63581514 0.52925396 0.38874516
0.62405044 0.51748925 0.37698045
0.61228573 0.50572455 0.36521575
0.6162073 0.5096461 0.36913732
0.2686079 0.28328136 0.31362352
0.2552668 0.27823874 0.30578038
0.25918835 0.2821603 0.30970195
0.26310992 0.28608188 0.31362352
0.24976882 0.28103927 0.30578038
0.24976882 0.2796897 0.31272945
0.25761196 0.28753284 0.32057258
0.26937667 0.297948 0.33928633
0.26937667 0.297948 0.33928633
0.27172175 0.30859172 0.34712946
0.26780018 0.30332062 0.35015684
0.23485123 0.27867016 0.32270586
0.22935325 0.28012115 0.32965487
0.2607258 0.31014416 0.36797646
0.26699245 0.32335985 0.38669023
0.2748356 0.33120298 0.39453337
0.33131403 0.38208193 0.43161565
0.39329037 0.43016034 0.46869808
0.41212952 0.4337519 0.46959218
0.37606665 0.3824416 0.4155843
0.3910233 0.3474057 0.35036075
0.41067025 0.32960847 0.32167056
0.39732912 0.3232163 0.32077652
0.31805092 0.30222923 0.3271765
0.16426298 0.20538281 0.26601565
0.14150226 0.19786964 0.26120004
0.14150226 0.19786964 0.26120004
0.14150226 0.19652009 0.26814905
0.1493454 0.20436323 0.27599218
0.14542383 0.20179121 0.2651216
0.1493454 0.20571278 0.26904318
0.1493454 0.20571278 0.26904318
0.1493454 0.20571278 0.26904318
0.16895324 0.22532062 0.28865102
0.15484343 0.20291221 0.26904318
0.16268657 0.21075535 0.2768863
0.158765 0.20818335 0.26601565
0.17052971 0.21994805 0.27778035
0.18229441 0.23171276 0.28954506
0.17445128 0.22386962 0.28170192
0.18387082 0.22499065 0.2856235
0.19563553 0.23810491 0.2904392
0.1893688 0.22488923 0.27172548
0.2144747 0.2416965 0.29133332
0.2144747 0.24304605 0.28438434
0.22623941 0.25481075 0.29614908
0.22623941 0.25481075 0.29614908
0.22623941 0.25481075 0.29614908
0.21997267 0.24159506 0.27743533
0.2042864 0.22590879 0.26174906
0.20194124 0.21526513 0.25390592
0.19567451 0.20204945 0.23519212
0.22393328 0.20811158 0.23305885
0.33219978 0.29128125 0.27763927
0.5549606 0.50554216 0.4477098
0.60751736 0.55249953 0.48087066
0.61928207 0.56426424 0.49263537
0.6035958 0.54992753 0.47000006
0.61143893 0.55777067 0.4778432
0.61143893 0.55777067 0.4778432
0.60909384 0.5484765 0.463051
0.60909384 0.5484765 0.463051
0.60909384 0.5484765 0.463051
0.60909384 0.5484765 0.463051
0.62085855 0.5602412 0.4748157
0.6365448 0.5759275 0.49050197
0.6341997 0.56663334 0.4757098
0.6404664 0.5811986 0.4874745
0.6538075 0.5862412 0.49531764
0.6420428 0.5744765 0.48355293
0.6459644 0.57839805 0.4874745
0.67341536 0.6071986 0.50797653
0.6538075 0.58759075 0.4883687
0.6341997 0.5679829 0.46876085
0.6302781 0.56406134 0.46483928
0.6185134 0.55094707 0.46002352
0.6459644 0.57839805 0.4874745
0.66165066 0.5940843 0.5031608
0.64988595 0.5836692 0.48444712
0.64988595 0.5836692 0.48444712
0.6475408 0.5730255 0.47660398
0.64361924 0.56910396 0.47268242
0.66714865 0.5939829 0.48926282
0.6655722 0.59935546 0.5001334
0.66165066 0.5954339 0.49621183
0.6757605 0.6151432 0.5297176
0.5118233 0.46240488 0.40457252
0.47183892 0.4112216 0.32579607
0.6577291 0.59016275 0.4992392
0.6655722 0.5980059 0.50708234
0.6812585 0.61369216 0.5227686
0.67733693 0.6097706 0.51884705
0.6812585 0.61369216 0.5227686
0.6930232 0.62545687 0.5345333
0.67341536 0.605849 0.5149255
0.67341536 0.605849 0.5149255
0.68518007 0.61761373 0.5266902
0.6930232 0.62545687 0.5345333
0.62397236 0.5842021 0.5152706
0.5243566 0.4901859 0.43505102
0.62793297 0.5534177 0.45699614
0.6357761 0.5612608 0.46483928
0.63185453 0.55733925 0.4609177
0.64127403 0.5598098 0.45789027
0.6491172 0.56765294 0.4657334
0.6295093 0.5480451 0.44612557
0.6177446 0.5362804 0.43436086
0.6295093 0.5466956 0.45307457
0.6491172 0.56630343 0.47268242
0.6491172 0.56630343 0.47268242
0.6451956 0.56238186 0.46876085
0.6216662 0.5375029 0.4521804
0.6357761 0.55991125 0.47178823
0.6749918 0.59912694 0.5110039
0.6804897 0.597676 0.50405496
0.66480345 0.5833392 0.48141968
0.6703015 0.5805387 0.48141968
0.6585368 0.57012355 0.46270594
0.66245836 0.5740451 0.4666275
0.66795635 0.5712446 0.4666275
0.6640348 0.56867254 0.45575684
0.6577681 0.5541073 0.44399214
0.6420818 0.5397706 0.42135686
0.64600337 0.5436922 0.42527843
0.6263955 0.5240843 0.40567058
0.6381602 0.53584903 0.4174353
0.6420818 0.5397706 0.42135686
0.67345434 0.57114315 0.4527294
0.68287396 0.5736137 0.44970202
0.6907171 0.58145684 0.45754516
0.69856024 0.5893 0.4653883
0.7064034 0.5971431 0.47323143
0.69463867 0.586728 0.45451772
0.6805289 0.56431955 0.43490988
0.65699947 0.54079014 0.41138047
0.6648426 0.5486333 0.4192236
0.6452347 0.52902544 0.39961576
0.63581514 0.52790445 0.3956942
0.63581514 0.52790445 0.3956942
0.6413132 0.5264534 0.38874516
0.62954843 0.5146887 0.37698045
0.63739157 0.5225318 0.3848236
0.63347006 0.51861024 0.38090202
0.64915633 0.5342965 0.3965883
0.6452347 0.53037494 0.39266673
0.6452347 0.53037494 0.39266673
0.65307784 0.5382181 0.40050986
0.6397367 0.5331755 0.39266673
0.63347006 0.51861024 0.38090202
0.63347006 0.51861024 0.38090202
0.62954843 0.51603824 0.37003136
0.63347006 0.51861024 0.38090202
0.6436583 0.5370971 0.3965883
0.6436583 0.5370971 0.3965883
0.64757985 0.54101866 0.40050986
0.6420818 0.5424697 0.4074589
0.64992493 0.5503128 0.41530204
0.64992493 0.5503128 0.41530204
0.6538465 0.5528848 0.4261726
0.6577681 0.5568064 0.43009418
0.24742366 0.2676965 0.31183535
0.24742366 0.2676965 0.31183535
0.24742366 0.2676965 0.31183535
0.25134522 0.27161807 0.31575692
0.24584725 0.2744186 0.31575692
0.24584725 0.2744186 0.31575692
0.26153353 0.2914544 0.32449415
0.26937667 0.297948 0.33928633
0.26937667 0.29659846 0.34623528
0.26780018 0.30332062 0.35015684
0.2662238 0.30869317 0.36102742
0.25445908 0.29692847 0.3492627
0.24661593 0.28908533 0.34141958
0.2607258 0.31014416 0.36797646
0.26856893 0.3179873 0.3758196
0.27641207 0.32583043 0.38366273
0.3407336 0.38320297 0.43553722
0.40897664 0.44584662 0.48438436
0.41839626 0.44831714 0.4813569
0.39175293 0.39812788 0.43127057
0.4004429 0.3485267 0.35428232
0.4028271 0.32176533 0.31382743
0.39498398 0.3139222 0.3059843
0.32120383 0.29148415 0.30543527
0.16976096 0.20393184 0.25906664
0.13915716 0.18722594 0.2533569
0.14307873 0.1911475 0.25727847
0.15326697 0.20963435 0.27296475
0.1493454 0.20571278 0.26904318
0.15326697 0.20963435 0.27296475
0.14542383 0.20044166 0.27207062
0.1493454 0.20436323 0.27599218
0.1493454 0.20571278 0.26904318
0.1611101 0.21747749 0.28080788
0.17052971 0.21859848 0.28472945
0.15484343 0.20291221 0.26904318
0.158765 0.20683378 0.27296475
0.17445128 0.22252005 0.28865102
0.17679638 0.23316376 0.29649416
0.18229441 0.23036319 0.29649416
0.17445128 0.22386962 0.28170192
0.19013755 0.2395559 0.2973882
0.18779239 0.22891222 0.28954506
0.2113218 0.25379118 0.30612546
0.23642763 0.27059853 0.3257333
0.23642763 0.27194807 0.3187843
0.23408255 0.26130435 0.31094116
0.22623941 0.2534612 0.30309802
0.2160511 0.23632394 0.28046277
0.18467855 0.20630094 0.24214122
0.18625496 0.19957885 0.23821965
0.19175294 0.19812788 0.23127055
0.23177642 0.21730429 0.23395297
0.3612272 0.3174083 0.2733726
0.61928207 0.56426424 0.49263537
0.61143893 0.5564211 0.48479223
0.59575266 0.5420844 0.46215692
0.5918311 0.5381628 0.45823535
0.6012507 0.5392838 0.46215692
0.6012507 0.5406334 0.45520785
0.60909384 0.5484765 0.463051
0.60909384 0.5484765 0.463051
0.6130154 0.5523981 0.46697256
0.6130154 0.5523981 0.46697256
0.6247801 0.5641628 0.47873726
0.67183894 0.6112216 0.52579606
0.6483095 0.5890417 0.49531764
0.66165066 0.5940843 0.5031608
0.6538075 0.5862412 0.49531764
0.6538075 0.5862412 0.49531764
0.63812125 0.5705549 0.47963136
0.63812125 0.5705549 0.47963136
0.6302781 0.56406134 0.46483928
0.6420428 0.57582605 0.47660398
0.6459644 0.5797476 0.48052555
0.66165066 0.5940843 0.5031608
0.67341536 0.605849 0.5149255
0.6655722 0.5980059 0.50708234
0.6694938 0.60192746 0.5110039
0.6655722 0.59935546 0.5001334
0.6577291 0.5915123 0.49229026
0.64988595 0.5836692 0.48444712
0.6577291 0.5915123 0.49229026
0.6577291 0.59016275 0.4992392
0.65615267 0.59553534 0.5101098
0.52985466 0.48603573 0.44200003
0.3683017 0.31328383 0.24165495
0.67341536 0.6044995 0.5218745
0.6812585 0.61369216 0.5227686
0.68518007 0.61761373 0.5266902
0.68910164 0.6215353 0.53061175
0.6930232 0.62545687 0.5345333
0.67341536 0.605849 0.5149255
0.6655722 0.5966564 0.51403135
0.64988595 0.5823196 0.49139607
0.6420428 0.573127 0.49050197
0.62635654 0.5574407 0.4748157
0.6341997 0.56528383 0.48265883
0.5714155 0.5372447 0.48210987
0.5243566 0.4901859 0.43505102
0.6247801 0.5641628 0.47873726
0.6475408 0.57167596 0.48355293
0.64361924 0.5677544 0.47963136
0.6396977 0.5638328 0.4757098
0.6514624 0.5755975 0.4874745
0.65538394 0.5795191 0.49139607
0.6357761 0.55991125 0.47178823
0.622435 0.55486864 0.4639451
0.62793297 0.5520681 0.4639451
0.64988595 0.5809701 0.4983451
0.6710702 0.59520537 0.50708234
0.6655722 0.5966564 0.51403135
0.67891335 0.6030485 0.5149255
0.6749918 0.6004765 0.50405496
0.66480345 0.5819897 0.4883687
0.6491172 0.56765294 0.4657334
0.6467721 0.5570093 0.45789027
0.6232427 0.53347987 0.43436086
0.6232427 0.53482944 0.42741182
0.6350074 0.54659414 0.43917653
0.6585368 0.568774 0.46965498
0.6663799 0.5766171 0.4774981
0.6859878 0.59757453 0.49015692
0.7055956 0.6171824 0.5097648
0.7110936 0.61573136 0.50281566
0.70717204 0.61180985 0.4988941
0.6930622 0.5894014 0.47928625
0.6812975 0.5789863 0.46057254
0.67110926 0.561849 0.43793732
0.6436583 0.534398 0.41048634
0.63581514 0.5265549 0.4026432
0.6436583 0.5357476 0.40353733
0.6671877 0.559277 0.42706674
0.655423 0.5475123 0.41530204
0.6750308 0.56712013 0.43490988
0.6750308 0.56712013 0.43490988
0.6750308 0.56712013 0.43490988
0.68679553 0.57888484 0.4466746
0.68287396 0.5749633 0.44275302
0.6789524 0.5710417 0.43883145
0.6632661 0.55670494 0.41619614
0.655423 0.5488618 0.408353
0.6436583 0.5370971 0.3965883
0.6318936 0.5239829 0.39177263
0.63581514 0.52925396 0.38874516
0.6397367 0.531826 0.39961576
0.6750308 0.56846964 0.42796084
0.6671877 0.5606265 0.4201177
0.6671877 0.5606265 0.4201177
0.6671877 0.5606265 0.4201177
0.6632661 0.55670494 0.41619614
0.6436583 0.5370971 0.3965883
0.65934455 0.55143386 0.4192236
0.6671877 0.559277 0.42706674
0.6577681 0.5568064 0.43009418
0.6577681 0.5568064 0.43009418
0.66168964 0.56072795 0.43401575
0.6695328 0.5685711 0.4418589
0.6656112 0.5633 0.44488627
0.6538465 0.5515353 0.43312156
0.22547065 0.23339635 0.30523133
0.21997267 0.23484732 0.31218043
0.2160511 0.23092575 0.30825886
0.21997267 0.23484732 0.31218043
0.22389424 0.24011844 0.3091529
0.23173739 0.2479616 0.31699607
0.2435021 0.25972632 0.32876077
0.24192569 0.2664484 0.33268234
0.23800412 0.26252684 0.32876077
0.24584725 0.2690204 0.34355298
0.2521139 0.2835857 0.35531768
0.24269436 0.28246465 0.3513961
0.24269436 0.28246465 0.3513961
0.23485123 0.27327198 0.350502
0.24269436 0.28246465 0.3513961
0.24896109 0.29702988 0.36316082
0.30936104 0.34913132 0.41806278
0.37368253 0.40785342 0.4629882
0.3909453 0.41816708 0.4678039
0.37998822 0.3850136 0.42645493
0.39259976 0.34068355 0.34643918
0.39890555 0.31784377 0.30990586
0.3910624 0.31000063 0.30206272
0.33062336 0.2926052 0.30935684
0.17368253 0.2078534 0.2629882
0.1352356 0.18330437 0.24943534
0.13915716 0.18722594 0.2533569
0.14150226 0.19652009 0.26814905
0.14542383 0.20044166 0.27207062
0.1493454 0.20436323 0.27599218
0.15326697 0.2082848 0.27991375
0.15326697 0.2082848 0.27991375
0.15326697 0.20963435 0.27296475
0.15718853 0.21355592 0.2768863
0.16503167 0.22139905 0.28472945
0.15718853 0.21355592 0.2768863
0.1611101 0.21747749 0.28080788
0.17679638 0.2318142 0.30344316
0.18071795 0.23573577 0.30736473
0.18463951 0.23965734 0.3112863
0.18856108 0.24492846 0.30825886
0.20424737 0.26061475 0.32394513
0.20424737 0.26061475 0.32394513
0.23719639 0.28526518 0.3513961
0.24503952 0.29445788 0.35229018
0.24269436 0.28381422 0.34444705
0.2285845 0.2627554 0.31789017
0.20505507 0.2405755 0.28741175
0.18860012 0.20887296 0.2530118
0.17841183 0.19038616 0.23732552
0.1823334 0.19565728 0.23429808
0.20117262 0.2005984 0.22824311
0.23885086 0.21317981 0.20223533
0.5777213 0.51440483 0.44557655
0.589486 0.5275191 0.45039222
0.6012507 0.5392838 0.46215692
0.5996742 0.54600596 0.4660785
0.60909384 0.5484765 0.463051
0.6130154 0.5523981 0.46697256
0.616937 0.55631965 0.47089413
0.616937 0.55631965 0.47089413
0.62085855 0.5602412 0.4748157
0.6130154 0.5523981 0.46697256
0.616937 0.55631965 0.47089413
0.6522311 0.59161377 0.5061882
0.6522311 0.5929633 0.4992392
0.63812125 0.5705549 0.47963136
0.6302781 0.5627118 0.47178823
0.62635654 0.5587902 0.46786666
0.6538075 0.58759075 0.4883687
0.6577291 0.59016275 0.4992392
0.6577291 0.59016275 0.4992392
0.6538075 0.58759075 0.4883687
0.64988595 0.5823196 0.49139607
0.63812125 0.5719045 0.47268242
0.6459644 0.57839805 0.4874745
0.6538075 0.5862412 0.49531764
0.6538075 0.5862412 0.49531764
0.6577291 0.5915123 0.49229026
0.6538075 0.58759075 0.4883687
0.6655722 0.59935546 0.5001334
0.66165066 0.5954339 0.49621183
0.6679174 0.60864955 0.5149255
0.67026246 0.6165942 0.53666675
0.5541528 0.52423185 0.49119216
0.23808211 0.20121224 0.16267455
0.6757605 0.6137936 0.53666675
0.66007423 0.5994569 0.51403135
0.66007423 0.5994569 0.51403135
0.65615267 0.59553534 0.5101098
0.6538075 0.5848917 0.50226665
0.64988595 0.5809701 0.4983451
0.63812125 0.5692054 0.4865804
0.63812125 0.5692054 0.4865804
0.6459644 0.57704854 0.49442354
0.6639958 0.6033785 0.5179529
0.64988595 0.5809701 0.4983451
0.6287017 0.56808436 0.48265883
0.5659175 0.5373461 0.49600792
0.51805097 0.51167613 0.47853333
0.58552533 0.5583035 0.50866675
0.5847567 0.5449864 0.4760549
0.61143893 0.5564211 0.48479223
0.6043645 0.56459427 0.49566275
0.6082861 0.56716627 0.5065333
0.60278803 0.5686172 0.5134824
0.6051332 0.5779113 0.52827454
0.5776822 0.55046034 0.5008236
0.59886646 0.5633461 0.5165099
0.61455274 0.58038193 0.5252471
0.60044295 0.55797356 0.50563926
0.5824116 0.53299314 0.47516078
0.5761448 0.521127 0.44949812
0.6051723 0.5432054 0.4660785
0.6341997 0.56528383 0.48265883
0.67733693 0.6084211 0.52579606
0.67733693 0.6084211 0.52579606
0.69067806 0.6148132 0.5266902
0.6726466 0.5884833 0.5031608
0.6804897 0.597676 0.50405496
0.6663799 0.5766171 0.4774981
0.6585368 0.568774 0.46965498
0.6428505 0.5530877 0.4539687
0.6428505 0.5544373 0.44701967
0.65069366 0.5622804 0.4548628
0.6718779 0.5751661 0.47054908
0.6757995 0.57908773 0.47447065
0.6930622 0.5894014 0.47928625
0.6812975 0.5789863 0.46057254
0.6907171 0.58145684 0.45754516
0.68679553 0.57618576 0.46057254
0.6789524 0.56969213 0.44578046
0.67345434 0.57249266 0.44578046
0.67110926 0.561849 0.43793732
0.67110926 0.56319857 0.4309883
0.67110926 0.561849 0.43793732
0.6671877 0.5579274 0.43401575
0.6750308 0.56577057 0.4418589
0.68287396 0.5749633 0.44275302
0.69463867 0.586728 0.45451772
0.69463867 0.586728 0.45451772
0.69856024 0.59064955 0.4584393
0.7024818 0.5945711 0.46236086
0.6789524 0.5723912 0.4318824
0.67110926 0.56319857 0.4309883
0.6750308 0.56846964 0.42796084
0.6789524 0.5723912 0.4318824
0.65934455 0.55278337 0.41227457
0.6436583 0.5370971 0.3965883
0.64757985 0.54101866 0.40050986
0.63581514 0.52925396 0.38874516
0.6397367 0.5331755 0.39266673
0.62405044 0.51613975 0.3839295
0.6318936 0.5226333 0.39872164
0.6577681 0.5568064 0.43009418
0.6577681 0.5568064 0.43009418
0.6538465 0.5528848 0.4261726
0.6656112 0.5646495 0.43793732
0.6538465 0.5528848 0.4261726
0.6420818 0.5411201 0.4144079
0.22312549 0.21870404 0.31823528
0.21370594 0.21623346 0.32126272
0.21370594 0.2148839 0.32821178
0.21370594 0.21623346 0.32126272
0.22154908 0.2240766 0.32910585
0.23331378 0.2358413 0.34087056
0.23723537 0.23976289 0.34479213
0.23723537 0.23841332 0.35174122
0.24115694 0.24233489 0.3556628
0.23173739 0.24121384 0.35174122
0.23016098 0.24793595 0.3556628
0.23408255 0.25185752 0.35958436
0.23016098 0.24793595 0.3556628
0.23016098 0.24793595 0.3556628
0.21681978 0.24289335 0.34781963
0.22074136 0.24681494 0.35174122
0.2521139 0.27953705 0.37616467
0.3007492 0.3212233 0.41235292
0.3140903 0.32896498 0.40629807
0.31881967 0.31284726 0.37368625
0.37064683 0.30908248 0.32593724
0.39656037 0.30720007 0.30206272
0.38714084 0.30742863 0.29119214
0.33454493 0.29652676 0.3132784
0.17368253 0.2078534 0.2629882
0.1470003 0.19506907 0.26120004
0.1375807 0.19259852 0.26422748
0.14542383 0.20044166 0.27207062
0.14776899 0.20973578 0.28686273
0.15169056 0.21365735 0.2907843
0.15561213 0.21757892 0.29470587
0.17521997 0.2385363 0.30736473
0.16737683 0.22934362 0.30647057
0.17521997 0.2385363 0.30736473
0.17914154 0.24245787 0.3112863
0.17914154 0.24245787 0.3112863
0.18698467 0.250301 0.31912944
0.19717291 0.26743832 0.3417647
0.21835724 0.28032404 0.35745096
0.2222788 0.28289604 0.36832154
0.21678075 0.28704616 0.36137253
0.22854546 0.29881087 0.37313724
0.23796508 0.29993188 0.3770588
0.24580821 0.30912456 0.377953
0.24738462 0.30240247 0.37403142
0.22543168 0.27350047 0.3396314
0.20347866 0.24594805 0.29828233
0.18152566 0.21569654 0.27083135
0.17291385 0.19318669 0.23732552
0.18625496 0.1982293 0.24516866
0.1940981 0.20742199 0.24606279
0.21293733 0.21371265 0.23305885
0.44515663 0.3957382 0.33790585
0.59732914 0.53536224 0.45823535
0.5934076 0.5314407 0.45431378
0.6130154 0.5523981 0.46697256
0.6130154 0.5523981 0.46697256
0.60909384 0.5484765 0.463051
0.616937 0.55631965 0.47089413
0.63262326 0.5720059 0.4865804
0.63262326 0.5720059 0.4865804
0.616937 0.55631965 0.47089413
0.6130154 0.5523981 0.46697256
0.60909384 0.549826 0.45610195
0.622435 0.55486864 0.4639451
0.6302781 0.5627118 0.47178823
0.6341997 0.56663334 0.4757098
0.6577291 0.59016275 0.4992392
0.6341997 0.5679829 0.46876085
0.6420428 0.57582605 0.47660398
0.6302781 0.56406134 0.46483928
0.6341997 0.5679829 0.46876085
0.6341997 0.5679829 0.46876085
0.63812125 0.5719045 0.47268242
0.63812125 0.5719045 0.47268242
0.6538075 0.58759075 0.4883687
0.6655722 0.5980059 0.50708234
0.6655722 0.5980059 0.50708234
0.6538075 0.58759075 0.4883687
0.6655722 0.59935546 0.5001334
0.6655722 0.59935546 0.5001334
0.66165066 0.5940843 0.5031608
0.64673305 0.5930648 0.51313734
0.5039411 0.48656857 0.47282356
0.14861569 0.15768972 0.17423533
0.60278803 0.56591815 0.52738047
0.6223959 0.585526 0.5469883
0.60905474 0.5791338 0.5460941
0.6074783 0.5858559 0.5500157
0.63808215 0.6025618 0.5557256
0.6412351 0.59316623 0.5270353
0.65849775 0.6021304 0.5388
0.65615267 0.5928362 0.5240079
0.6624193 0.6074015 0.5357726
0.6663409 0.61132306 0.5396942
0.6624193 0.6074015 0.5357726
0.6506546 0.5956368 0.5240079
0.62554884 0.57882947 0.5044001
0.5376588 0.531284 0.49814117
0.4568432 0.47691485 0.4740627
0.46703148 0.49540165 0.48974898
0.4803726 0.5017938 0.4906431
0.5094 0.5225227 0.51417255
0.47645104 0.49787223 0.48672155
0.4701843 0.483307 0.47495684
0.4701843 0.483307 0.47495684
0.44273332 0.45585603 0.44750586
0.4074392 0.4205619 0.41221175
0.41528234 0.42840505 0.42005488
0.45292163 0.47299328 0.47014114
0.47645104 0.49787223 0.48672155
0.48587057 0.49899328 0.4906431
0.4701843 0.48465654 0.4680078
0.49059993 0.481526 0.46498042
0.4804117 0.4643887 0.44234514
0.5212038 0.49958143 0.46374118
0.57533705 0.5398167 0.49298045
0.61928207 0.5629147 0.49958432
0.6483095 0.58499306 0.5161648
0.6522311 0.59161377 0.5061882
0.67733693 0.6084211 0.52579606
0.67733693 0.6084211 0.52579606
0.6710702 0.59520537 0.50708234
0.6710702 0.59520537 0.50708234
0.668725 0.5859113 0.49229026
0.6608819 0.57941765 0.4774981
0.6859878 0.59622496 0.49710596
0.6859878 0.59757453 0.49015692
0.6757995 0.5817869 0.46057254
0.6891406 0.5868294 0.46841568
0.68521905 0.58290786 0.4644941
0.69540733 0.60139465 0.48018038
0.69540733 0.60139465 0.48018038
0.7009053 0.5985941 0.48018038
0.7009053 0.59994364 0.47323143
0.6891406 0.58817893 0.46146673
0.69463867 0.5853784 0.46146673
0.6907171 0.58145684 0.45754516
0.6789524 0.5710417 0.43883145
0.69463867 0.586728 0.45451772
0.6907171 0.5828064 0.45059615
0.6789524 0.5710417 0.43883145
0.67110926 0.56319857 0.4309883
0.65934455 0.55278337 0.41227457
0.6436583 0.5370971 0.3965883
0.6397367 0.5331755 0.39266673
0.6217053 0.50684553 0.36913732
0.63739157 0.5225318 0.3848236
0.62954843 0.5146887 0.37698045
0.63739157 0.5225318 0.3848236
0.62954843 0.5146887 0.37698045
0.6256269 0.5107671 0.3730589
0.6162073 0.5082966 0.37608635
0.60836416 0.5004535 0.36824322
0.600521 0.49126077 0.3673491
0.59659946 0.4873392 0.36342752
0.58875626 0.47949606 0.35558435
0.58875626 0.47949606 0.35558435
0.60836416 0.4991039 0.37519222
0.61228573 0.5030255 0.3791138
0.24980785 0.22474055 0.35476866
0.24588628 0.21946944 0.35779604
0.24196471 0.21554787 0.35387447
0.24588628 0.21946944 0.35779604
0.24980785 0.22339101 0.3617176
0.26157257 0.23380618 0.38043135
0.26157257 0.23380618 0.38043135
0.25999615 0.24052827 0.38435292
0.2639177 0.24310029 0.3952235
0.25999615 0.23917872 0.39130193
0.25449803 0.24197932 0.39130193
0.25292164 0.24870141 0.3952235
0.24900007 0.2434303 0.39825094
0.24900007 0.2434303 0.39825094
0.2450785 0.23950873 0.39432937
0.2450785 0.23950873 0.39432937
0.2450785 0.23950873 0.39432937
0.25292164 0.24870141 0.3952235
0.27176085 0.2536425 0.38916862
0.28667837 0.25871077 0.35834515
0.34711742 0.28285396 0.31630594
0.39656037 0.30720007 0.30206272
0.3926388 0.30462807 0.29119214
0.33612135 0.2911542 0.30240783
0.18152566 0.21569654 0.27083135
0.1493454 0.20436323 0.27599218
0.14776899 0.21108532 0.27991375
0.15403564 0.22430106 0.29862744
0.16422394 0.24143831 0.32126272
0.17833374 0.26249716 0.34781963
0.18225533 0.26641873 0.35174122
0.19402003 0.27818343 0.36350593
0.19402003 0.27818343 0.36350593
0.20578474 0.2885986 0.38221964
0.22147101 0.30563444 0.3909569
0.21754944 0.30171287 0.38703534
0.23715729 0.3213207 0.40664318
0.23715729 0.3213207 0.40664318
0.23715729 0.3213207 0.40664318
0.24107885 0.32524228 0.41056475
0.23715729 0.31997114 0.4135922
0.24107885 0.3238927 0.41751376
0.23873377 0.31459856 0.4027216
0.24031016 0.309226 0.39185095
0.22620037 0.28951672 0.35834515
0.18856108 0.24492846 0.30825886
0.17837285 0.22779119 0.2856235
0.17368253 0.2078534 0.2629882
0.17133744 0.19855925 0.24819605
0.17683542 0.19710825 0.24124709
0.19567451 0.20204945 0.23519212
0.22866257 0.19604257 0.17960003
0.5918311 0.53681326 0.4651844
0.6012507 0.5392838 0.46215692
0.59732914 0.5367118 0.4512863
0.5934076 0.53279024 0.44736472
0.6287017 0.56808436 0.48265883
0.6287017 0.56808436 0.48265883
0.59732914 0.5367118 0.4512863
0.6012507 0.5406334 0.45520785
0.6130154 0.5523981 0.46697256
0.6051723 0.54455495 0.45912942
0.6051723 0.54455495 0.45912942
0.6247801 0.5655123 0.47178823
0.6420428 0.5744765 0.48355293
0.6302781 0.56406134 0.46483928
0.6420428 0.57582605 0.47660398
0.6459644 0.5797476 0.48052555
0.63812125 0.5719045 0.47268242
0.6420428 0.57582605 0.47660398
0.6420428 0.57582605 0.47660398
0.63812125 0.5719045 0.47268242
0.6577291 0.5915123 0.49229026
0.6538075 0.58759075 0.4883687
0.6459644 0.5797476 0.48052555
0.63812125 0.5719045 0.47268242
0.6577291 0.59016275 0.4992392
0.6577291 0.59016275 0.4992392
0.6694938 0.60192746 0.5110039
0.6679174 0.60864955 0.5149255
0.64438796 0.58377063 0.4983451
0.6388899 0.5838721 0.5122432
0.60278803 0.56726766 0.5204314
0.13915716 0.18452686 0.2672549
0.26141635 0.39962095 0.49023527
0.6817929 0.83794415 0.9146588
0.6998244 0.8642741 0.9381882
0.7076675 0.8721172 0.94603133
0.676295 0.8407447 0.9146588
0.5304282 0.6796304 0.7508471
0.44657692 0.5278399 0.5827687
0.56430197 0.57742465 0.5690745
0.6168979 0.5883265 0.5469883
0.6051332 0.5765618 0.5352236
0.62081945 0.5922481 0.5509099
0.6506156 0.62899315 0.59315294
0.62158823 0.60826427 0.56962353
0.59648234 0.5901075 0.5569647
0.53527457 0.5566958 0.5455451
0.46545509 0.4994246 0.50756866
0.45761195 0.49158147 0.49972552
0.44192567 0.4758952 0.48403925
0.43408254 0.46805206 0.4761961
0.42231783 0.45628735 0.4644314
0.42231783 0.45628735 0.4644314
0.43408254 0.46805206 0.4761961
0.45369038 0.4876599 0.49580395
0.43408254 0.46805206 0.4761961
0.42231783 0.45493785 0.47138035
0.42466292 0.46558157 0.4792235
0.41839626 0.4523658 0.46050984
0.4262394 0.46020892 0.46835297
0.45369038 0.4876599 0.49580395
0.4497688 0.48373833 0.49188238
0.46153352 0.49550304 0.5036471
0.47095305 0.49797365 0.50061965
0.46703148 0.49405208 0.49669808
0.48821577 0.50828743 0.5054353
0.5188197 0.52499324 0.5111451
0.53450596 0.542029 0.51988244
0.5360824 0.53530693 0.5159608
0.5611882 0.5534638 0.52861965
0.5862941 0.57297015 0.5343294
0.6223959 0.58822507 0.53309023
0.6529998 0.60493094 0.5388
0.6757605 0.6137936 0.53666675
0.68518007 0.6162642 0.5336392
0.6828349 0.6069701 0.51884705
0.6844113 0.60294706 0.5010275
0.69148576 0.5961236 0.48320782
0.6993289 0.6039667 0.49105096
0.7110936 0.61573136 0.50281566
0.7150152 0.619653 0.50673723
0.72051316 0.618202 0.49978822
0.70874846 0.6077868 0.48107457
0.6891406 0.58817893 0.46146673
0.67110926 0.561849 0.43793732
0.6671877 0.559277 0.42706674
0.660921 0.5460612 0.408353
0.6515014 0.5435907 0.41138047
0.6648426 0.5486333 0.4192236
0.67110926 0.56319857 0.4309883
0.6750308 0.56712013 0.43490988
0.65934455 0.55278337 0.41227457
0.65699947 0.54213965 0.40443143
0.63347006 0.51861024 0.38090202
0.61386216 0.4990024 0.36129418
0.6020975 0.4872377 0.34952947
0.5864112 0.47155142 0.33384317
0.6020975 0.4872377 0.34952947
0.60994065 0.49508083 0.3573726
0.60994065 0.49508083 0.3573726
0.62405044 0.51613975 0.3839295
0.64757985 0.53966916 0.4074589
0.65934455 0.5500843 0.4261726
0.6671877 0.5579274 0.43401575
0.6789524 0.5710417 0.43883145
0.6789524 0.5710417 0.43883145
0.6789524 0.5710417 0.43883145
0.6671877 0.5579274 0.43401575
0.26707053 0.2323552 0.37348235
0.26864702 0.22563307 0.36956078
0.25530583 0.21924093 0.36866665
0.2592274 0.2231625 0.37258822
0.2709921 0.23357767 0.39130193
0.2827568 0.24534237 0.40306664
0.2827568 0.24534237 0.40306664
0.29059994 0.25183594 0.41785878
0.29059994 0.25183594 0.41785878
0.28510198 0.25463647 0.41785878
0.28352556 0.26135856 0.42178035
0.281949 0.26808074 0.42570192
0.27645105 0.27088127 0.42570192
0.2686079 0.2616886 0.42480788
0.2701843 0.2549665 0.4208863
0.26626274 0.24969538 0.42391372
0.2701843 0.25361693 0.4278353
0.26783928 0.24297321 0.41999215
0.2811804 0.2507149 0.4139372
0.28825486 0.24928954 0.36832154
0.34711742 0.28015488 0.3302039
0.39656037 0.30720007 0.30206272
0.39656037 0.30854964 0.2951137
0.3439645 0.29899734 0.31025097
0.19171396 0.23283379 0.29346663
0.1595337 0.22285002 0.29167846
0.16422394 0.24278785 0.3143137
0.17833374 0.26249716 0.34781963
0.19244362 0.28490552 0.3674275
0.20655349 0.30596435 0.39398435
0.2183182 0.31772906 0.40574905
0.22616133 0.3255722 0.4135922
0.22850649 0.33486632 0.4283843
0.23634963 0.34270945 0.43622744
0.23792604 0.33598736 0.43230587
0.24576917 0.3438305 0.440149
0.2402712 0.34663102 0.440149
0.2402712 0.34663102 0.440149
0.24576917 0.3438305 0.440149
0.23792604 0.33598736 0.43230587
0.23400447 0.3320658 0.4283843
0.22616133 0.32422265 0.42054117
0.2198946 0.31100696 0.40182748
0.21128279 0.28714758 0.37527063
0.19717291 0.26743832 0.3417647
0.1830631 0.24637944 0.31520787
0.17287481 0.22924219 0.2925726
0.16895324 0.22667018 0.28170192
0.1776041 0.21312453 0.25996077
0.19094528 0.21951663 0.26085493
0.22078046 0.22155578 0.24090199
0.5549606 0.5068917 0.4407608
0.5996742 0.54600596 0.4660785
0.6012507 0.5392838 0.46215692
0.6012507 0.5406334 0.45520785
0.5934076 0.53413975 0.44041568
0.6012507 0.5419829 0.44825882
0.6130154 0.5537476 0.46002352
0.616937 0.55766916 0.4639451
0.6130154 0.5523981 0.46697256
0.62085855 0.5602412 0.4748157
0.6287017 0.56808436 0.48265883
0.6287017 0.56943387 0.4757098
0.6287017 0.56943387 0.4757098
0.6483095 0.5903913 0.4883687
0.6577291 0.5915123 0.49229026
0.64988595 0.5836692 0.48444712
0.6420428 0.57582605 0.47660398
0.6420428 0.57582605 0.47660398
0.6341997 0.5679829 0.46876085
0.6459644 0.5797476 0.48052555
0.64988595 0.5836692 0.48444712
0.6577291 0.5915123 0.49229026
0.6538075 0.58759075 0.4883687
0.6577291 0.5915123 0.49229026
0.6694938 0.603277 0.50405496
0.6577291 0.5915123 0.49229026
0.6420428 0.5744765 0.48355293
0.6404664 0.57984906 0.49442354
0.6428115 0.5891432 0.5092157
0.5870628 0.5862873 0.56694126
0.5908672 0.6916276 0.7713491
0.62693 0.7375398 0.85315293
0.043385036 0.16924228 0.28755295
0.7256989 0.89304894 0.9973569
0.7476519 0.9273491 1.0
0.7476519 0.9273491 1.0
0.7476519 0.92869866 0.9970117
0.73823225 0.9262281 1.0
0.7343107 0.92095697 1.0
0.72646755 0.91311383 0.9952235
0.6221617 0.80050933 0.8854196
0.4457692 0.54922867 0.61235297
0.5062082 0.5666242 0.6050588
0.514859 0.5544281 0.57636863
0.49917275 0.54009134 0.55373335
0.46153352 0.49550304 0.5036471
0.4380041 0.47197363 0.48011768
0.40505508 0.44597372 0.45961565
0.40347868 0.45269582 0.46353722
0.43485123 0.48406836 0.49490976
0.4623022 0.5115193 0.52236074
0.4505375 0.49975464 0.51059604
0.44427076 0.4851894 0.49883133
0.43250605 0.4734247 0.48706663
0.4285845 0.46950313 0.48314506
0.42074135 0.4630095 0.46835297
0.43250605 0.4734247 0.48706663
0.44427076 0.4851894 0.49883133
0.44269437 0.4919115 0.5027529
0.44269437 0.4919115 0.5027529
0.44111794 0.49728402 0.5136235
0.44111794 0.49728402 0.5136235
0.4450395 0.49985602 0.5244942
0.45680422 0.5102712 0.5432079
0.45680422 0.5102712 0.5432079
0.4607258 0.51419276 0.54712945
0.45680422 0.5102712 0.5432079
0.4450395 0.49715695 0.5383921
0.4222788 0.48964378 0.5335764
0.42854545 0.50285953 0.55229014
0.43089062 0.51080406 0.5740314
0.41362786 0.50183994 0.5622667
0.4340435 0.50005895 0.55229014
0.45838064 0.5048986 0.5323373
0.47252947 0.49125156 0.49669808
0.507055 0.51322854 0.49938038
0.5776822 0.54911083 0.5077726
0.6287017 0.5653852 0.49655694
0.6334309 0.55196667 0.45004714
0.6601132 0.564751 0.45183527
0.6640348 0.56867254 0.45575684
0.6718779 0.5765157 0.46359998
0.68521905 0.58290786 0.4644941
0.6773759 0.5764142 0.44970202
0.6789524 0.56969213 0.44578046
0.68287396 0.5736137 0.44970202
0.68287396 0.5749633 0.44275302
0.67268574 0.5564764 0.42706674
0.6515014 0.5435907 0.41138047
0.63581514 0.52925396 0.38874516
0.64757985 0.53966916 0.4074589
0.6515014 0.5435907 0.41138047
0.6671877 0.559277 0.42706674
0.65934455 0.55143386 0.4192236
0.655423 0.5488618 0.408353
0.6671877 0.559277 0.42706674
0.67268574 0.5564764 0.42706674
0.67660725 0.5617475 0.42403927
0.67268574 0.5578259 0.4201177
0.6648426 0.5499828 0.41227457
0.6632661 0.55670494 0.41619614
0.6632661 0.5553554 0.42314517
0.655423 0.5475123 0.41530204
0.6397367 0.531826 0.39961576
0.6436583 0.5357476 0.40353733
0.63581514 0.52790445 0.3956942
0.62954843 0.51333916 0.3839295
0.6217053 0.50684553 0.36913732
0.6177838 0.50157446 0.3721648
0.26864702 0.22428352 0.3765098
0.26864702 0.22428352 0.3765098
0.26864702 0.22428352 0.3765098
0.27256858 0.22820508 0.38043135
0.2843333 0.23862024 0.39914507
0.2827568 0.24399284 0.41001564
0.28667837 0.24791437 0.4139372
0.29059994 0.2504864 0.42480788
0.2945215 0.25440797 0.42872944
0.28902355 0.25855803 0.42178035
0.2913687 0.2692017 0.42962348
0.28587058 0.2720023 0.42962348
0.2842942 0.2787244 0.43354505
0.27252948 0.26830927 0.41483134
0.2701843 0.2549665 0.4208863
0.279604 0.2547379 0.43175685
0.279604 0.2547379 0.43175685
0.28510198 0.25058782 0.43870592
0.28667837 0.24656484 0.4208863
0.29217643 0.25186157 0.3791922
0.3376978 0.2776843 0.33323136
0.4028271 0.32176533 0.31382743
0.3910624 0.3113502 0.2951137
0.35180762 0.30684048 0.3180941
0.2120905 0.26980746 0.3248392
0.1861769 0.2730394 0.3417647
0.19478878 0.2955492 0.37527063
0.20889865 0.316608 0.40182748
0.23477316 0.34943157 0.440149
0.25280458 0.3757615 0.46367842
0.27241242 0.39536935 0.48328626
0.28417712 0.40713406 0.49505097
0.28025556 0.40186298 0.4980784
0.28417712 0.40578455 0.502
0.2747576 0.40601304 0.4911294
0.276334 0.3979414 0.49415684
0.276334 0.3979414 0.49415684
0.2606477 0.38225514 0.47847056
0.25280458 0.374412 0.47062743
0.24103987 0.3626473 0.45886272
0.23085159 0.34416047 0.44317645
0.22300845 0.33766687 0.4283843
0.21674179 0.3231016 0.4166196
0.20497708 0.31268644 0.39790592
0.19713394 0.3048433 0.39006278
0.20028676 0.2927487 0.37527063
0.19244362 0.2862551 0.3604784
0.20186317 0.2887257 0.35745096
0.2105141 0.27383044 0.34265888
0.21916495 0.26163435 0.3139686
0.26472545 0.24870244 0.22665887
0.59575266 0.5407348 0.46910596
0.6051723 0.5432054 0.4660785
0.6012507 0.5406334 0.45520785
0.60909384 0.5484765 0.463051
0.59890556 0.5313392 0.44041568
0.6130154 0.5537476 0.46002352
0.6185134 0.55094707 0.46002352
0.59732914 0.5380613 0.44433725
0.6130154 0.5537476 0.46002352
0.6287017 0.56808436 0.48265883
0.6247801 0.5655123 0.47178823
0.64438796 0.58512014 0.49139607
0.6538075 0.5862412 0.49531764
0.6577291 0.5915123 0.49229026
0.6459644 0.5797476 0.48052555
0.6475408 0.5730255 0.47660398
0.6420428 0.57582605 0.47660398
0.6420428 0.57582605 0.47660398
0.6420428 0.57582605 0.47660398
0.6538075 0.58759075 0.4883687
0.6655722 0.59935546 0.5001334
0.6655722 0.59935546 0.5001334
0.65538394 0.58086866 0.48444712
0.64361924 0.56910396 0.47268242
0.6396977 0.5651824 0.46876085
0.62635654 0.5601398 0.4609177
0.6365448 0.5759275 0.49050197
0.58471763 0.57429415 0.5660471
0.6504594 0.7637683 0.86278427
0.74061644 0.89136946 1.0
0.7076675 0.86536944 0.9807764
0.42696905 0.5014843 0.59790593
0.12889078 0.2395006 0.3551137
0.6135108 0.80730736 0.94190586
0.6299658 0.8403594 0.96935683
0.6636835 0.88372517 1.0
0.67936975 0.90211046 1.0
0.6832913 0.9073816 1.0
0.6872129 0.91265273 0.9973569
0.6887893 0.9072802 0.98648626
0.6942873 0.9044796 0.98648626
0.6958637 0.89640796 0.98951375
0.54296166 0.7060618 0.7882745
0.43638858 0.51070267 0.5601333
0.43954146 0.4999575 0.5383921
0.45914933 0.5209149 0.551051
0.4748356 0.5366012 0.5667373
0.46856895 0.52338547 0.5480236
0.44896108 0.50377756 0.52841574
0.43485123 0.4827188 0.5018588
0.41916496 0.46703252 0.48617253
0.42308652 0.47230366 0.48314506
0.44269437 0.4919115 0.5027529
0.44269437 0.49056193 0.5097019
0.4387728 0.48664036 0.50578034
0.43485123 0.4827188 0.5018588
0.4387728 0.48798993 0.49883133
0.4387728 0.48664036 0.50578034
0.43719637 0.4920129 0.51665103
0.44188663 0.51060116 0.54623526
0.421471 0.5110326 0.56316084
0.37829477 0.50260127 0.58221966
0.42454582 0.571049 0.6588627
0.49828702 0.62954247 0.7146588
0.525738 0.65699345 0.7421098
0.555534 0.69373864 0.7843529
0.5892517 0.7344053 0.83051765
0.6135499 0.77395093 0.8727608
0.63784796 0.81349653 0.91500396
0.6574558 0.8331044 0.9346118
0.6692205 0.8448691 0.9463765
0.67706364 0.8527122 0.95421964
0.68256164 0.8499117 0.95421964
0.6606087 0.82100976 0.9198196
0.5892517 0.7344053 0.83051765
0.42539257 0.5122551 0.58098036
0.43485123 0.48136923 0.5088079
0.43173736 0.4574084 0.46835297
0.47491366 0.4658397 0.44929415
0.58398795 0.5289701 0.45734125
0.64127403 0.5598098 0.45789027
0.6546152 0.566202 0.45878437
0.6718779 0.57786524 0.45665097
0.6812975 0.5789863 0.46057254
0.69698375 0.59467256 0.4762588
0.69856024 0.5893 0.4653883
0.6907171 0.5828064 0.45059615
0.7064034 0.5984927 0.46628243
0.7024818 0.5945711 0.46236086
0.7064034 0.5984927 0.46628243
0.71032494 0.60241425 0.470204
0.7024818 0.5945711 0.46236086
0.6789524 0.5710417 0.43883145
0.6750308 0.56712013 0.43490988
0.6632661 0.5553554 0.42314517
0.6515014 0.5435907 0.41138047
0.65307784 0.5368686 0.4074589
0.6452347 0.53037494 0.39266673
0.62954843 0.5146887 0.37698045
0.63739157 0.5225318 0.3848236
0.6452347 0.53037494 0.39266673
0.6413132 0.5264534 0.38874516
0.6256269 0.5107671 0.3730589
0.62954843 0.5146887 0.37698045
0.63581514 0.52925396 0.38874516
0.65307784 0.5368686 0.4074589
0.64915633 0.5342965 0.3965883
0.63739157 0.5225318 0.3848236
0.63347006 0.51861024 0.38090202
0.26864702 0.22563307 0.36956078
0.26864702 0.22563307 0.36956078
0.26472545 0.22036195 0.37258822
0.27256858 0.22820508 0.38043135
0.2843333 0.23862024 0.39914507
0.29844308 0.25967908 0.42570192
0.31805092 0.27928692 0.44530976
0.2827568 0.24264327 0.41696474
0.2945215 0.25440797 0.42872944
0.30078825 0.27032274 0.43354505
0.29294512 0.2624796 0.42570192
0.281949 0.2694303 0.4187529
0.27252948 0.2696588 0.40788233
0.2450785 0.24220783 0.38043135
0.25449803 0.24197932 0.39130193
0.27176085 0.24824432 0.41696474
0.2811804 0.24801582 0.4278353
0.2811804 0.24801582 0.4278353
0.28667837 0.24791437 0.4139372
0.29375285 0.24513948 0.37527063
0.34319586 0.27488375 0.33323136
0.39656037 0.30720007 0.30206272
0.40048194 0.3124712 0.29903528
0.35180762 0.30819002 0.31114507
0.2222788 0.2869447 0.34747455
0.21205147 0.30586293 0.38008624
0.22693002 0.34293798 0.4253569
0.2606477 0.38360465 0.47152156
0.30220857 0.43346402 0.5185804
0.32023987 0.459794 0.5421098
0.33200458 0.47155872 0.5538745
0.33592615 0.4754803 0.55779606
0.33592615 0.4754803 0.55779606
0.33592615 0.4754803 0.55779606
0.33200458 0.47155872 0.5538745
0.32416144 0.46236604 0.55298036
0.3108203 0.45732343 0.5451372
0.2990556 0.44555873 0.5333725
0.30063203 0.43883663 0.52945095
0.28886732 0.42707193 0.51768625
0.28886732 0.42842147 0.51073724
0.2810242 0.42057833 0.5028941
0.2865223 0.41777775 0.5028941
0.2747576 0.40601304 0.4911294
0.28025556 0.4032125 0.4911294
0.26456928 0.38887578 0.46849415
0.27006727 0.38607523 0.46849415
0.26222414 0.3782321 0.460651
0.26929858 0.370059 0.44978043
0.29286703 0.35753292 0.41806278
0.5925998 0.55282956 0.48389804
0.59575266 0.5420844 0.46215692
0.589486 0.5288687 0.44344315
0.5934076 0.53413975 0.44041568
0.6051723 0.54590446 0.4521804
0.59732914 0.5380613 0.44433725
0.60909384 0.549826 0.45610195
0.6130154 0.5537476 0.46002352
0.6185134 0.55094707 0.46002352
0.6130154 0.5537476 0.46002352
0.6130154 0.5537476 0.46002352
0.6130154 0.5537476 0.46002352
0.6365448 0.577277 0.48355293
0.6420428 0.5744765 0.48355293
0.6420428 0.5744765 0.48355293
0.622435 0.5562182 0.45699614
0.6185134 0.55229664 0.45307457
0.6302781 0.56406134 0.46483928
0.6341997 0.5679829 0.46876085
0.6341997 0.5679829 0.46876085
0.64361924 0.56910396 0.47268242
0.6396977 0.5651824 0.46876085
0.6357761 0.5612608 0.46483928
0.63185453 0.55733925 0.4609177
0.62635654 0.5601398 0.4609177
0.62635654 0.5587902 0.46786666
0.60751736 0.55249953 0.48087066
0.5078236 0.5238466 0.5458902
0.47952586 0.5497913 0.6241176
0.121086694 0.1969515 0.28507453
0.15092187 0.19899064 0.2651216
0.18152566 0.21569654 0.27083135
0.11093743 0.14510831 0.20024312
0.11954932 0.16896766 0.22679996
0.20424737 0.25926518 0.33089417
0.1611101 0.2147784 0.29470587
0.16187878 0.22809555 0.32731768
0.17591059 0.32396445 0.45047063
0.5672207 0.7776143 0.90661174
0.6385776 0.86691785 0.9820156
0.66602856 0.89571834 1.0
0.6738717 0.90491104 1.0
0.67936975 0.90211046 1.0
0.6715266 0.8929178 1.0
0.64645976 0.83465683 0.9554588
0.43012193 0.49613738 0.5483686
0.40582383 0.45794126 0.49917644
0.37837285 0.4304903 0.47172546
0.3705297 0.4239967 0.45693338
0.39013755 0.44360453 0.47654122
0.40190226 0.45671877 0.4813569
0.40582383 0.4592908 0.4922275
0.43485123 0.48136923 0.5088079
0.4450395 0.49985602 0.5244942
0.44111794 0.49593446 0.5205726
0.43719637 0.49336246 0.5097019
0.42935324 0.48551932 0.5018588
0.43719637 0.4920129 0.51665103
0.41835722 0.4857222 0.52965486
0.3979026 0.52085954 0.60877645
0.51939315 0.7172383 0.82694125
0.61035794 0.8234506 0.935851
0.63938534 0.8441795 0.9593804
0.6417305 0.8548232 0.9672235
0.70059305 0.8762416 0.97774905
0.74611443 0.891268 0.9873804
0.74219286 0.88734645 0.9834588
0.7382713 0.8834249 0.97953725
0.7327733 0.8862254 0.97953725
0.71551067 0.8759117 0.97472155
0.6833303 0.8672775 0.96598434
0.68882835 0.86312735 0.9729333
0.68725187 0.8711991 0.9699059
0.6966715 0.8709705 0.9807764
0.7045146 0.8801632 0.9816706
0.70609105 0.8734411 0.97774905
0.70374596 0.864147 0.96295685
0.582985 0.7211896 0.81180394
0.41443565 0.4804511 0.5326823
0.43408254 0.46670255 0.48314506
0.452153 0.45697698 0.45142743
0.5188587 0.49163684 0.44200003
0.64361924 0.56910396 0.47268242
0.6405054 0.5451431 0.43222743
0.64600337 0.5436922 0.42527843
0.6420818 0.5397706 0.42135686
0.6515014 0.54224116 0.41832948
0.6397367 0.531826 0.39961576
0.65934455 0.55143386 0.4192236
0.64757985 0.53966916 0.4074589
0.655423 0.5475123 0.41530204
0.6671877 0.5579274 0.43401575
0.6750308 0.56712013 0.43490988
0.6750308 0.56712013 0.43490988
0.6632661 0.5553554 0.42314517
0.660921 0.5460612 0.408353
0.64915633 0.5342965 0.3965883
0.64915633 0.5342965 0.3965883
0.6452347 0.53037494 0.39266673
0.63739157 0.5225318 0.3848236
0.6217053 0.50684553 0.36913732
0.6217053 0.50684553 0.36913732
0.62954843 0.5146887 0.37698045
0.63347006 0.51861024 0.38090202
0.6217053 0.50684553 0.36913732
0.63739157 0.5225318 0.3848236
0.63739157 0.5225318 0.3848236
0.638968 0.5158097 0.38090202
0.6350464 0.5132377 0.37003136
0.638968 0.5171593 0.37395293
0.27256858 0.22955464 0.37348235
0.26472545 0.2217115 0.3656392
0.26864702 0.22563307 0.36956078
0.26864702 0.22428352 0.3765098
0.27256858 0.22685553 0.38738036
0.2945215 0.2557575 0.42178035
0.28902355 0.25855803 0.42178035
0.27491367 0.23480013 0.4091216
0.2811804 0.2507149 0.4139372
0.28902355 0.25855803 0.42178035
0.29294512 0.2624796 0.42570192
0.27802745 0.26685828 0.40788233
0.26076478 0.2578941 0.39611763
0.2450785 0.24220783 0.38043135
0.26234117 0.24982245 0.39914507
0.27176085 0.24824432 0.41696474
0.27725884 0.24409425 0.42391372
0.2811804 0.24801582 0.4278353
0.28667837 0.24791437 0.4139372
0.29375285 0.24513948 0.37527063
0.33535272 0.26839018 0.3184392
0.38871723 0.29935694 0.29421958
0.3926388 0.30462807 0.29119214
0.36514878 0.31323257 0.3189882
0.24972978 0.31304613 0.38187456
0.23242806 0.341487 0.4184079
0.26691446 0.39951944 0.47633728
0.31239673 0.45330042 0.5273177
0.35161242 0.4925161 0.5665334
0.37122026 0.51077443 0.5930902
0.38690653 0.5264607 0.60877645
0.3908281 0.5303823 0.612698
0.3908281 0.5303823 0.612698
0.3947497 0.53430384 0.6166196
0.3853301 0.5331828 0.612698
0.37748697 0.52533966 0.6048549
0.3735654 0.5200685 0.6078823
0.36964384 0.51614696 0.60396075
0.36964384 0.5174965 0.59701174
0.36964384 0.5174965 0.59701174
0.3618007 0.5096534 0.5891686
0.3618007 0.5096534 0.5891686
0.35787913 0.5057318 0.58524704
0.35787913 0.5057318 0.58524704
0.35161242 0.49116656 0.57348233
0.34376928 0.48467296 0.55869025
0.34376928 0.48467296 0.55869025
0.34534582 0.4779508 0.5547687
0.3524202 0.46977773 0.54389805
0.4160511 0.4430717 0.4457177
0.5902547 0.54353535 0.46910596
0.5918311 0.5381628 0.45823535
0.5934076 0.53279024 0.44736472
0.59732914 0.5380613 0.44433725
0.6130154 0.5537476 0.46002352
0.62085855 0.56159073 0.46786666
0.6130154 0.5537476 0.46002352
0.61459184 0.5470255 0.45610195
0.61459184 0.5470255 0.45610195
0.61459184 0.5470255 0.45610195
0.6067487 0.53918236 0.44825882
0.622435 0.55486864 0.4639451
0.6404664 0.5811986 0.4874745
0.63262326 0.57335544 0.47963136
0.6420428 0.5744765 0.48355293
0.6420428 0.5744765 0.48355293
0.6341997 0.56663334 0.4757098
0.6420428 0.5744765 0.48355293
0.6459644 0.5797476 0.48052555
0.6514624 0.5769471 0.48052555
0.6396977 0.5651824 0.46876085
0.6396977 0.5651824 0.46876085
0.63185453 0.55733925 0.4609177
0.6200898 0.54557455 0.449153
0.6153605 0.56034267 0.4887138
0.36745492 0.36398038 0.36123136
0.110168755 0.13179114 0.16763142
0.15799625 0.19351669 0.24035291
0.14465514 0.18712452 0.2394588
0.14073357 0.18320295 0.23553723
0.103094295 0.13861473 0.18545096
0.11093743 0.14645787 0.1932941
0.08348645 0.11900687 0.1658431
0.19171396 0.23283379 0.29346663
0.13289043 0.17535982 0.2276941
0.13446684 0.16863772 0.22377253
0.16426298 0.20673236 0.25906664
0.13131402 0.17803326 0.25246277
0.122663096 0.18887986 0.288102
0.13362008 0.22068381 0.33639997
0.155534 0.28699085 0.41909808
0.45511067 0.61706257 0.75456464
0.50766754 0.66132087 0.80162346
0.25045943 0.35971966 0.4836314
0.08813767 0.169602 0.27152154
0.106208146 0.16122597 0.23285493
0.107784614 0.15720296 0.21503526
0.107784614 0.15720296 0.21503526
0.103863046 0.15328139 0.21111369
0.103863046 0.15328139 0.21111369
0.103863046 0.15328139 0.21111369
0.103863046 0.15328139 0.21111369
0.105439454 0.14925839 0.1932941
0.11328259 0.15710153 0.20113723
0.16426298 0.20808192 0.25211763
0.32739246 0.3795099 0.42074507
0.41758853 0.4710555 0.5039922
0.41835722 0.48437268 0.53660387
0.51708704 0.66784006 0.77774906
0.5782167 0.7720132 0.90661174
0.560954 0.763049 0.89484704
0.5632991 0.7736927 0.9026902
0.5907501 0.8011437 0.93014115
0.61662465 0.83666635 0.95456463
0.65664804 0.8531437 0.9711451
0.71551067 0.8759117 0.97472155
0.755534 0.89238906 0.99130195
0.76887524 0.8987811 0.9921961
0.7649537 0.89485955 0.98827446
0.76887524 0.8987811 0.9921961
0.75787914 0.9043823 0.9921961
0.7327733 0.8862254 0.97953725
0.70609105 0.8734411 0.97774905
0.70059305 0.8762416 0.97774905
0.7045146 0.8801632 0.9816706
0.7139342 0.88128424 0.9855922
0.7139342 0.88128424 0.9855922
0.7100126 0.87871224 0.97472155
0.6363105 0.7814641 0.8775765
0.31954932 0.37031722 0.41985095
0.33212176 0.36474177 0.38118428
0.3823334 0.40240505 0.3995529
0.45138425 0.44365984 0.41881573
0.6122467 0.5377314 0.44130987
0.6601132 0.564751 0.45183527
0.68521905 0.58290786 0.4644941
0.68521905 0.58425736 0.45754516
0.6907171 0.58145684 0.45754516
0.6907171 0.58145684 0.45754516
0.68287396 0.5736137 0.44970202
0.67110926 0.56319857 0.4309883
0.68287396 0.5749633 0.44275302
0.68679553 0.5775353 0.4536236
0.68679553 0.57888484 0.4466746
0.6750308 0.56712013 0.43490988
0.67660725 0.560398 0.4309883
0.6648426 0.5499828 0.41227457
0.6648426 0.5499828 0.41227457
0.65699947 0.54213965 0.40443143
0.6648426 0.5499828 0.41227457
0.64915633 0.5342965 0.3965883
0.65699947 0.54213965 0.40443143
0.65699947 0.54213965 0.40443143
0.65307784 0.5382181 0.40050986
0.65307784 0.5382181 0.40050986
0.64915633 0.5342965 0.3965883
0.64288956 0.52108085 0.3778745
0.6468111 0.5250024 0.38179606
0.644466 0.5157083 0.36700392
0.64838755 0.5196299 0.3709255
0.2568823 0.21656743 0.34389806
0.25296074 0.21264586 0.3399765
0.25296074 0.21129632 0.34692553
0.2568823 0.21386835 0.35779604
0.25530583 0.21924093 0.36866665
0.2592274 0.2231625 0.37258822
0.24980785 0.2206919 0.37561566
0.25372943 0.22326395 0.38648623
0.2694157 0.24029976 0.3952235
0.2811804 0.25206447 0.4069882
0.2811804 0.25206447 0.4069882
0.27568242 0.25621453 0.4000392
0.26626274 0.25509357 0.39611763
0.2568432 0.25397253 0.39219606
0.2701843 0.2576656 0.4069882
0.26234117 0.24847291 0.40609407
0.27725884 0.24544379 0.41696474
0.2811804 0.24801582 0.4278353
0.27333727 0.24422133 0.39914507
0.2843333 0.24401844 0.37134907
0.33535272 0.2670406 0.32538822
0.38479567 0.29543537 0.290298
0.38871723 0.3007065 0.28727058
0.3612272 0.309311 0.31506664
0.2614945 0.32481083 0.39363927
0.25987905 0.36893797 0.44585887
0.298287 0.430892 0.50770986
0.34769085 0.48859453 0.5626118
0.37514183 0.5160455 0.5900628
0.40259284 0.542147 0.6244627
0.42220068 0.5617549 0.64407057
0.43004382 0.569598 0.6519137
0.43788695 0.57744116 0.65975684
0.44180852 0.5813627 0.6636784
0.4284674 0.5763201 0.6558353
0.43238896 0.5802417 0.65975684
0.43238896 0.5802417 0.65975684
0.42454582 0.57239854 0.6519137
0.4284674 0.5763201 0.6558353
0.4284674 0.5763201 0.6558353
0.42454582 0.57239854 0.6519137
0.42454582 0.57239854 0.6519137
0.4151263 0.5712775 0.64799213
0.4167027 0.5645554 0.64407057
0.4010164 0.5488691 0.6283843
0.3908281 0.5303823 0.612698
0.38690653 0.5278102 0.6018275
0.3908281 0.5317318 0.6057491
0.41516533 0.5338724 0.59969413
0.58710176 0.55293095 0.49779615
0.61143893 0.55777067 0.4778432
0.6130154 0.5523981 0.46697256
0.5934076 0.53279024 0.44736472
0.60282713 0.5352608 0.44433725
0.6051723 0.54590446 0.4521804
0.62085855 0.56159073 0.46786666
0.6130154 0.5537476 0.46002352
0.6247801 0.5655123 0.47178823
0.6287017 0.56943387 0.4757098
0.63262326 0.57335544 0.47963136
0.6287017 0.56943387 0.4757098
0.6287017 0.56943387 0.4757098
0.63262326 0.57335544 0.47963136
0.6287017 0.56943387 0.4757098
0.6420428 0.5744765 0.48355293
0.6420428 0.5744765 0.48355293
0.6302781 0.56406134 0.46483928
0.62635654 0.5601398 0.4609177
0.62793297 0.5534177 0.45699614
0.622435 0.5562182 0.45699614
0.6357761 0.5612608 0.46483928
0.6420428 0.5744765 0.48355293
0.64438796 0.58377063 0.4983451
0.56826264 0.5466402 0.5108
0.098404035 0.12137599 0.14891762
0.13212176 0.16069311 0.2020314
0.13212176 0.15934357 0.20898037
0.12427862 0.15150043 0.20113723
0.103094295 0.13726518 0.19239998
0.110129714 0.1664971 0.2298275
0.11797285 0.17434023 0.23767063
0.1266237 0.16079459 0.21592939
0.09367475 0.13614413 0.18847841
0.18779239 0.23026177 0.28259605
0.13446684 0.16863772 0.22377253
0.10859235 0.1371637 0.178502
0.08114135 0.10971271 0.15105101
0.11797285 0.17299068 0.24461964
0.19009846 0.27156278 0.37348235
0.20340061 0.31266084 0.43657258
0.23554191 0.36004964 0.4866588
0.12889078 0.23815103 0.36206275
0.11166708 0.19313142 0.29505095
0.11166708 0.19448096 0.288102
0.09832597 0.1880888 0.2872078
0.102247536 0.19201037 0.29112938
0.10067113 0.19873247 0.29505095
0.17910251 0.27716386 0.37348235
0.292828 0.39088932 0.48720783
0.3281221 0.42618343 0.52250195
0.38694564 0.48500696 0.5813255
0.41047505 0.50853634 0.6048549
0.16656904 0.25073245 0.33605492
0.107784614 0.1585525 0.20808625
0.10936102 0.1518304 0.20416468
0.11720416 0.15967354 0.21200782
0.14307873 0.1911475 0.25727847
0.16895324 0.22532062 0.28865102
0.16818455 0.20930438 0.26993722
0.16034141 0.20146124 0.26209408
0.15249828 0.19226855 0.26120004
0.16268657 0.21075535 0.2768863
0.16737683 0.22799408 0.31341958
0.20420833 0.29397115 0.3930902
0.3735654 0.5146704 0.6356784
0.6308125 0.78156555 0.89147455
0.7492674 0.8778237 0.97953725
0.75711054 0.8870164 0.9804313
0.7649537 0.89485955 0.98827446
0.7782948 0.90125173 0.9891686
0.78221637 0.9051733 0.99309015
0.78613794 0.90909487 0.9970117
0.7672987 0.9068529 0.9891686
0.72885174 0.88230383 0.9756157
0.7139342 0.88128424 0.9855922
0.71785575 0.8852058 0.98951375
0.71785575 0.8852058 0.98951375
0.7272754 0.8876764 0.98648626
0.71943223 0.8798333 0.9786431
0.6245458 0.7696994 0.86581177
0.31639645 0.38376144 0.42769408
0.36191782 0.40283647 0.4164784
0.39801967 0.41809133 0.41523919
0.501596 0.48267266 0.43023533
0.668725 0.5859113 0.49229026
0.7048269 0.6025157 0.48410195
0.69698375 0.59602207 0.46930987
0.7009053 0.59994364 0.47323143
0.6907171 0.58145684 0.45754516
0.6907171 0.5828064 0.45059615
0.6805289 0.56566906 0.42796084
0.6687641 0.55390435 0.41619614
0.660921 0.5460612 0.408353
0.64915633 0.5342965 0.3965883
0.6507327 0.5275744 0.39266673
0.64288956 0.52108085 0.3778745
0.6350464 0.5132377 0.37003136
0.63112485 0.50931615 0.3661098
0.63112485 0.50931615 0.3661098
0.6272033 0.5053946 0.36218822
0.6350464 0.5132377 0.37003136
0.638968 0.5171593 0.37395293
0.638968 0.5171593 0.37395293
0.638968 0.5171593 0.37395293
0.638968 0.5171593 0.37395293
0.6350464 0.5132377 0.37003136
0.6272033 0.5053946 0.36218822
0.63662285 0.5078652 0.35916078
0.62485814 0.4961005 0.34739608
0.617015 0.48825735 0.33955294
0.23020001 0.21053089 0.30736473
0.2168589 0.20548828 0.2995216
0.2168589 0.2027892 0.31341958
0.22078046 0.2053612 0.32429022
0.22470203 0.20793323 0.33516082
0.22078046 0.20401166 0.33123925
0.21528235 0.20546272 0.3381882
0.21920392 0.20803474 0.3490588
0.2403883 0.22226997 0.35779604
0.24823146 0.22876357 0.37258822
0.24273334 0.23291372 0.3656392
0.24665491 0.23683529 0.36956078
0.2450785 0.24220783 0.38043135
0.2450785 0.24220783 0.38043135
0.2450785 0.24085827 0.38738036
0.23331378 0.22909355 0.37561566
0.23331378 0.22774401 0.38256466
0.24273334 0.22886507 0.38648623
0.252153 0.23268513 0.3765098
0.26864702 0.23103125 0.3417647
0.31808996 0.25942603 0.30667448
0.3808741 0.2915138 0.28637645
0.40048194 0.3124712 0.29903528
0.36514878 0.31323257 0.3189882
0.2716827 0.34329766 0.40932554
0.25830257 0.3756601 0.44978043
0.3100517 0.4426567 0.51947457
0.355534 0.49643767 0.57045496
0.3947497 0.53430384 0.6166196
0.42220068 0.5617549 0.64407057
0.43788695 0.57744116 0.65975684
0.44965166 0.58920586 0.67152154
0.4574948 0.597049 0.6793647
0.4574948 0.597049 0.6793647
0.4519968 0.5998495 0.6793647
0.4519968 0.5998495 0.6793647
0.45591837 0.6037711 0.68328625
0.4519968 0.5998495 0.6793647
0.4519968 0.5998495 0.6793647
0.44807523 0.59592795 0.6754431
0.44257727 0.5987285 0.6754431
0.44649884 0.60265005 0.6793647
0.4386557 0.59345734 0.6784706
0.43631053 0.5828137 0.6706275
0.42062426 0.568477 0.64799213
0.41043597 0.5499901 0.63230586
0.3908281 0.5317318 0.6057491
0.4002478 0.53420234 0.60272163
0.4881768 0.5443429 0.56068236
0.58867824 0.548908 0.47997648
0.6012507 0.5392838 0.46215692
0.60909384 0.5484765 0.463051
0.59732914 0.5367118 0.4512863
0.61459184 0.5470255 0.45610195
0.6185134 0.55094707 0.46002352
0.6051723 0.54590446 0.4521804
0.6051723 0.54590446 0.4521804
0.60282713 0.53661036 0.4373883
0.6185134 0.55229664 0.45307457
0.62635654 0.5601398 0.4609177
0.61459184 0.54837507 0.449153
0.616937 0.55766916 0.4639451
0.62085855 0.56159073 0.46786666
0.63812125 0.5705549 0.47963136
0.6365448 0.577277 0.48355293
0.6420428 0.5744765 0.48355293
0.6577291 0.59016275 0.4992392
0.6538075 0.5862412 0.49531764
0.6538075 0.58759075 0.4883687
0.64988595 0.5836692 0.48444712
0.6538075 0.5862412 0.49531764
0.63496834 0.5799505 0.50832164
0.523549 0.50887555 0.47853333
0.11801189 0.14098383 0.16852546
0.1517296 0.18030095 0.22163925
0.14388646 0.17245781 0.21379611
0.12820019 0.15677154 0.19810984
0.09290606 0.12147742 0.16281572
0.12270214 0.15687302 0.21200782
0.1485767 0.18969654 0.25032938
0.17052971 0.21859848 0.28472945
0.13212176 0.16069311 0.2020314
0.10859235 0.1371637 0.178502
0.12427862 0.15284997 0.19418827
0.10467078 0.13189259 0.18152939
0.11643548 0.1436573 0.1932941
0.11720416 0.15967354 0.21200782
0.0842161 0.16702998 0.26065102
0.14457706 0.25518686 0.37079996
0.18848309 0.3129908 0.4396
0.19240466 0.31826192 0.43657258
0.36887524 0.4947325 0.6130432
0.43634963 0.54270947 0.6362274
0.59244365 0.68355596 0.7743765
0.66695344 0.7594153 0.8419373
0.6959808 0.7801442 0.8654667
0.6991337 0.7707487 0.8367765
0.70305526 0.77467024 0.84069806
0.70305526 0.77601975 0.83374906
0.7108984 0.7838629 0.8415922
0.71481997 0.78643495 0.85246277
0.7054004 0.78396434 0.8554902
0.69674957 0.79616046 0.8841804
0.39871034 0.4981212 0.5861412
0.11328259 0.15575197 0.20808625
0.11328259 0.15575197 0.20808625
0.106208146 0.16122597 0.23285493
0.12031801 0.18363434 0.25246277
0.17287481 0.22789264 0.2995216
0.15484343 0.20426178 0.26209408
0.18229441 0.23171276 0.28954506
0.1470003 0.19506907 0.26120004
0.15326697 0.2082848 0.27991375
0.14542383 0.20044166 0.27207062
0.15011407 0.21902995 0.30165488
0.17598864 0.2505039 0.34692553
0.30851427 0.40522605 0.5098431
0.7226241 0.82763445 0.929451
0.78379273 0.8984512 0.9891686
0.7759496 0.8906081 0.98132545
0.78379273 0.8984512 0.9891686
0.79555744 0.9115654 0.99398434
0.79555744 0.9115654 0.99398434
0.78221637 0.9051733 0.99309015
0.7382713 0.8834249 0.97953725
0.7233538 0.88375485 0.9825647
0.7233538 0.88375485 0.9825647
0.73119694 0.891598 0.9904078
0.7272754 0.8876764 0.98648626
0.7092439 0.862696 0.95600784
0.5736045 0.68131393 0.7665334
0.32112575 0.3689933 0.38813332
0.33919615 0.35791823 0.36336476
0.39882746 0.398052 0.37870592
0.54400355 0.47508773 0.39246273
0.6303171 0.5280059 0.40959215
0.6452347 0.52902544 0.39961576
0.64915633 0.532947 0.40353733
0.6452347 0.52902544 0.39961576
0.64915633 0.5342965 0.3965883
0.65465426 0.53284556 0.3896392
0.65465426 0.53284556 0.3896392
0.65465426 0.53284556 0.3896392
0.6562307 0.52612346 0.38571763
0.6468111 0.5250024 0.38179606
0.64288956 0.52108085 0.3778745
0.638968 0.5171593 0.37395293
0.63112485 0.50931615 0.3661098
0.6350464 0.5132377 0.37003136
0.6507327 0.528924 0.38571763
0.6468111 0.5250024 0.38179606
0.638968 0.5171593 0.37395293
0.644466 0.51435876 0.37395293
0.644466 0.51435876 0.37395293
0.6468111 0.5250024 0.38179606
0.6468111 0.5250024 0.38179606
0.64838755 0.5182803 0.3778745
0.644466 0.5157083 0.36700392
0.6523091 0.52355146 0.37484705
0.6405444 0.51178676 0.36308235
0.21528235 0.22165729 0.25479996
0.20194124 0.21391557 0.26085493
0.18467855 0.20090276 0.26993722
0.18075699 0.19563164 0.27296475
0.17133744 0.1918115 0.28294116
0.17525901 0.19438353 0.29381174
0.17525901 0.19438353 0.29381174
0.17133744 0.19046196 0.28989017
0.18467855 0.19550458 0.2977333
0.20036483 0.21119085 0.31341958
0.20036483 0.21119085 0.31341958
0.19878842 0.21656337 0.32429022
0.20270999 0.22048494 0.32821178
0.20270999 0.2191354 0.33516082
0.19329037 0.2180144 0.33123925
0.1893688 0.2127433 0.33426663
0.19094528 0.20602116 0.33034506
0.19486685 0.20994273 0.33426663
0.2042864 0.21376285 0.32429022
0.2286236 0.21860254 0.3043373
0.28906253 0.2400467 0.27619612
0.3808741 0.2915138 0.28637645
0.38871723 0.3007065 0.28727058
0.37848997 0.3196247 0.3198824
0.27560428 0.34721923 0.4132471
0.2661457 0.38215366 0.46457258
0.30847517 0.44937885 0.52339613
0.355534 0.49508813 0.5774039
0.3947497 0.53430384 0.6166196
0.42062426 0.568477 0.64799213
0.43631053 0.5828137 0.6706275
0.44807523 0.59592795 0.6754431
0.46141636 0.60097057 0.68328625
0.4692595 0.6088137 0.6911294
0.4637615 0.6116142 0.6911294
0.45591837 0.6037711 0.68328625
0.46768308 0.6155358 0.69505095
0.45983994 0.60769266 0.6872078
0.45983994 0.60769266 0.6872078
0.45591837 0.6037711 0.68328625
0.4504204 0.6065716 0.68328625
0.44649884 0.6013005 0.68631375
0.44257727 0.5973789 0.6823921
0.43473414 0.5895358 0.674549
0.41904786 0.5738495 0.6588627
0.40885955 0.5567122 0.6362274
0.3853301 0.5331828 0.612698
0.3963262 0.53028077 0.5988
0.58160377 0.5543819 0.5047451
0.60986257 0.5631432 0.4887138
0.616937 0.55631965 0.47089413
0.59732914 0.5380613 0.44433725
0.6067487 0.53918236 0.44825882
0.594984 0.52741766 0.4364941
0.5934076 0.53413975 0.44041568
0.61459184 0.5470255 0.45610195
0.6067487 0.53918236 0.44825882
0.622435 0.55486864 0.4639451
0.63812125 0.5719045 0.47268242
0.63812125 0.5719045 0.47268242
0.6302781 0.5627118 0.47178823
0.6247801 0.5655123 0.47178823
0.63262326 0.57335544 0.47963136
0.6365448 0.577277 0.48355293
0.6538075 0.5862412 0.49531764
0.6459644 0.5797476 0.48052555
0.64988595 0.5836692 0.48444712
0.62635654 0.5601398 0.4609177
0.6420428 0.57582605 0.47660398
0.6420428 0.5744765 0.48355293
0.6428115 0.58779365 0.5161648
0.1658785 0.16935293 0.17210193
0.1195883 0.13426174 0.16460389
0.13369817 0.15532055 0.19116083
0.14388646 0.17245781 0.21379611
0.12193346 0.14355585 0.17939612
0.110168755 0.13179114 0.16763142
0.1023256 0.12394801 0.15978827
0.12820019 0.15677154 0.19810984
0.10074921 0.1306701 0.16370985
0.08271776 0.104340166 0.14018042
0.11409032 0.13571271 0.17155299
0.09213731 0.10681076 0.13715291
0.10782358 0.12249704 0.15283918
0.08898449 0.11755585 0.15889415
0.14150226 0.19652009 0.26814905
0.15480433 0.23761821 0.33123925
0.18302408 0.27973586 0.38435292
0.26929858 0.36601037 0.47062743
0.5265457 0.6329056 0.7264235
0.6316593 0.7254708 0.7996941
0.6952121 0.7668271 0.8328549
0.7132826 0.75710154 0.8011372
0.70232564 0.72664714 0.7458902
0.69605887 0.714781 0.7202275
0.68744713 0.6922711 0.68672156
0.6788353 0.6684118 0.6601647
0.6733373 0.6712123 0.6601647
0.68902355 0.685549 0.6828
0.68744713 0.69092155 0.6936706
0.681949 0.6937221 0.6936706
0.6795649 0.71643484 0.7549726
0.681871 0.7604349 0.8319608
0.65830255 0.77161145 0.8706274
0.085023895 0.14834023 0.21716866
0.106208146 0.16257553 0.22590593
0.11951022 0.2050232 0.28204703
0.13362008 0.226082 0.30860394
0.13596524 0.23537612 0.32339612
0.16422394 0.24143831 0.32126272
0.31874153 0.38900694 0.4633333
0.33050624 0.40077165 0.475098
0.14150226 0.19652009 0.26814905
0.13365912 0.18732741 0.2672549
0.17521997 0.23583722 0.32126272
0.15561213 0.21622938 0.30165488
0.16580035 0.23201711 0.33123925
0.18067892 0.2690922 0.3765098
0.6065535 0.7032653 0.8078823
0.7853692 0.8917291 0.985247
0.77987117 0.89452964 0.985247
0.7916359 0.90764385 0.9900628
0.80497706 0.91403604 0.9909569
0.80497706 0.91403604 0.9909569
0.79555744 0.9115654 0.99398434
0.74219286 0.88734645 0.9834588
0.7366949 0.88879746 0.9904078
0.74219286 0.88734645 0.9834588
0.7366949 0.890147 0.9834588
0.72493017 0.87838227 0.9716941
0.6574948 0.79434985 0.89326274
0.2842552 0.33637264 0.37760782
0.3023256 0.32799664 0.33894122
0.35019222 0.35636574 0.3425176
0.40905473 0.38048336 0.33914512
0.60521126 0.51119864 0.3899843
0.660921 0.5447117 0.41530204
0.688372 0.5721627 0.44275302
0.6781837 0.5550254 0.4201177
0.65857583 0.5367671 0.39356077
0.65857583 0.5367671 0.39356077
0.65465426 0.53284556 0.3896392
0.6562307 0.52612346 0.38571763
0.6523091 0.52355146 0.37484705
0.64838755 0.5196299 0.3709255
0.644466 0.5157083 0.36700392
0.65465426 0.53284556 0.3896392
0.6507327 0.528924 0.38571763
0.63112485 0.50931615 0.3661098
0.6350464 0.5132377 0.37003136
0.6350464 0.5132377 0.37003136
0.64288956 0.52108085 0.3778745
0.644466 0.51435876 0.37395293
0.6405444 0.5104372 0.37003136
0.6287797 0.4986725 0.35826665
0.6287797 0.4986725 0.35826665
0.63662285 0.5078652 0.35916078
0.63662285 0.5078652 0.35916078
0.64838755 0.5196299 0.3709255
0.644466 0.5157083 0.36700392
0.3086314 0.3173028 0.23986664
0.2701843 0.2887052 0.24716076
0.20663156 0.23925155 0.2556941
0.16034141 0.20416035 0.24819605
0.14307873 0.19249707 0.25032938
0.14307873 0.1911475 0.25727847
0.15092187 0.19899064 0.2651216
0.13915716 0.18722594 0.2533569
0.15641984 0.19484057 0.27207062
0.16426298 0.20403326 0.27296475
0.16426298 0.20403326 0.27296475
0.158765 0.20548424 0.27991375
0.158765 0.20548424 0.27991375
0.1611101 0.2147784 0.29470587
0.15326697 0.20693526 0.28686273
0.15326697 0.20558572 0.29381174
0.14542383 0.19909212 0.2790196
0.15092187 0.19629157 0.2790196
0.158765 0.20548424 0.27991375
0.18860012 0.20617388 0.26690978
0.26238027 0.23131104 0.2535608
0.37303096 0.28367066 0.2785333
0.38871723 0.3007065 0.28727058
0.3745684 0.31570312 0.31596082
0.27560428 0.34721923 0.4132471
0.26222414 0.3782321 0.460651
0.30063203 0.44018617 0.52250195
0.34611443 0.4939671 0.57348233
0.38140854 0.52791166 0.61572546
0.41278112 0.55928427 0.64709806
0.426891 0.58169264 0.66670585
0.44415367 0.5906568 0.6784706
0.44257727 0.5973789 0.6823921
0.4519968 0.59849995 0.68631375
0.4637615 0.61026466 0.6980784
0.4504204 0.60522205 0.69023526
0.4504204 0.60522205 0.69023526
0.4504204 0.60522205 0.69023526
0.4504204 0.60522205 0.69023526
0.44100085 0.604101 0.68631375
0.44100085 0.604101 0.68631375
0.4331577 0.5949083 0.6854196
0.4331577 0.5949083 0.6854196
0.42531458 0.58706516 0.6775765
0.41354987 0.57530046 0.6658118
0.39944002 0.55424166 0.6392549
0.3892517 0.53710437 0.6166196
0.4340045 0.5388136 0.59363925
0.5902547 0.54353535 0.46910596
0.589486 0.5275191 0.45039222
0.58556443 0.5249471 0.43952158
0.59732914 0.5380613 0.44433725
0.60909384 0.5484765 0.463051
0.61459184 0.5470255 0.45610195
0.61459184 0.5470255 0.45610195
0.6185134 0.55094707 0.46002352
0.6185134 0.55094707 0.46002352
0.622435 0.5562182 0.45699614
0.62635654 0.5601398 0.4609177
0.6185134 0.55229664 0.45307457
0.622435 0.5562182 0.45699614
0.6420428 0.57582605 0.47660398
0.63812125 0.5705549 0.47963136
0.6459644 0.5797476 0.48052555
0.6538075 0.58759075 0.4883687
0.6459644 0.5797476 0.48052555
0.6341997 0.5679829 0.46876085
0.6341997 0.5679829 0.46876085
0.6341997 0.5679829 0.46876085
0.63262326 0.5720059 0.4865804
0.36118817 0.35211423 0.33556867
0.11566673 0.13168973 0.15373331
0.12585503 0.14882697 0.1763686
0.12585503 0.14882697 0.1763686
0.13369817 0.15667011 0.18421173
0.13527457 0.14994802 0.18029016
0.096058875 0.11208188 0.13412546
0.11566673 0.13034019 0.16068232
0.1195883 0.13426174 0.16460389
0.0803726 0.09504606 0.1253882
0.12743144 0.14210488 0.17244703
0.111745164 0.12776816 0.14981174
0.07960399 0.080379315 0.09972552
0.0905609 0.1121833 0.14802356
0.33208272 0.39539906 0.4642275
0.5712984 0.6359643 0.69649416
0.6497298 0.71439564 0.77492553
0.70620817 0.7639251 0.81895685
0.69917274 0.73739225 0.7676314
0.68821573 0.70558834 0.7193334
0.67176086 0.6752353 0.6779843
0.635698 0.62527454 0.61702746
0.6098235 0.5938005 0.5717569
0.5957136 0.5727417 0.5452
0.5761058 0.55313385 0.52559215
0.5721842 0.5492123 0.5216706
0.56826264 0.5466402 0.5108
0.5604195 0.5387971 0.50295687
0.56434107 0.54271865 0.50687844
0.5839489 0.560977 0.5334353
0.55492157 0.5388985 0.51685494
0.6050942 0.6085686 0.61131763
0.6458082 0.7104741 0.77100396
0.6739888 0.7872977 0.8863137
0.16183981 0.2668501 0.36866665
0.17437321 0.29598063 0.39219606
0.26768306 0.41283664 0.508949
0.31708705 0.47053912 0.56385094
0.2974792 0.45093128 0.5442431
0.2653379 0.40219298 0.50110584
0.2747576 0.4046635 0.4980784
0.38221633 0.50517327 0.5930902
0.33046728 0.43817663 0.52339613
0.13834937 0.20726524 0.28989017
0.13834937 0.20726524 0.28989017
0.15011407 0.21768038 0.30860394
0.16030237 0.23616718 0.32429022
0.17206708 0.2452328 0.3499529
0.18852206 0.27828488 0.37740391
0.5555731 0.6536344 0.7499529
0.7971339 0.90484333 0.9900628
0.79321235 0.90092176 0.9861412
0.81047505 0.91123545 0.9909569
0.8143966 0.9151571 0.9948785
0.8143966 0.9151571 0.9948785
0.79555744 0.9115654 0.99398434
0.75318897 0.88309485 0.9765098
0.74219286 0.88734645 0.9834588
0.74219286 0.88734645 0.9834588
0.7382713 0.8834249 0.97953725
0.6637615 0.8089151 0.90502745
0.4191259 0.49768984 0.56921566
0.29525116 0.33482024 0.35676077
0.31566674 0.3357384 0.33288625
0.34158033 0.3325064 0.31596082
0.4671486 0.3912838 0.30316076
0.6020975 0.4872377 0.34952947
0.62954843 0.5146887 0.37698045
0.63347006 0.51861024 0.38090202
0.64288956 0.52108085 0.3778745
0.6507327 0.528924 0.38571763
0.65465426 0.53284556 0.3896392
0.64288956 0.52108085 0.3778745
0.638968 0.5171593 0.37395293
0.61936015 0.49755144 0.35434508
0.6232817 0.501473 0.35826665
0.638968 0.5171593 0.37395293
0.6232817 0.501473 0.35826665
0.61936015 0.49755144 0.35434508
0.6232817 0.501473 0.35826665
0.6272033 0.5053946 0.36218822
0.64288956 0.52108085 0.3778745
0.6327013 0.50259405 0.36218822
0.644466 0.51435876 0.37395293
0.64288956 0.52108085 0.3778745
0.66641897 0.54461026 0.4014039
0.6624974 0.54203826 0.39053333
0.6679954 0.53923774 0.39053333
0.67034054 0.5498814 0.39837646
0.6797601 0.55100244 0.40229803
0.39805877 0.3968808 0.2835529
0.34627065 0.361891 0.289953
0.26153353 0.29955173 0.2828
0.18779239 0.23565996 0.25479996
0.158765 0.21088246 0.25211763
0.14307873 0.19249707 0.25032938
0.15484343 0.20426178 0.26209408
0.13915716 0.1885755 0.2464078
0.1470003 0.19641864 0.25425094
0.15484343 0.20426178 0.26209408
0.15092187 0.20034021 0.2581725
0.1493454 0.20571278 0.26904318
0.15326697 0.20963435 0.27296475
0.15169056 0.21500689 0.28383532
0.14776899 0.21108532 0.27991375
0.13992585 0.20324218 0.27207062
0.13208272 0.19539905 0.26422748
0.13600428 0.19932061 0.26814905
0.15484343 0.20291221 0.26904318
0.18310215 0.21032396 0.25996077
0.2584587 0.22738947 0.24963924
0.36361143 0.28254965 0.27461174
0.3863721 0.29006284 0.27942744
0.37222326 0.30505946 0.3081177
0.28267872 0.33904612 0.4023765
0.26380062 0.37150997 0.45672944
0.30063203 0.43883663 0.52945095
0.34219286 0.48869598 0.5765098
0.37748697 0.5239901 0.6118039
0.39551845 0.5489705 0.64228237
0.4151263 0.56857836 0.6618902
0.426891 0.58034307 0.6736549
0.43473414 0.5881862 0.68149805
0.4386557 0.5921078 0.6854196
0.44257727 0.59602934 0.6893412
0.42923614 0.5909867 0.68149805
0.4331577 0.5949083 0.6854196
0.4331577 0.5935588 0.6923686
0.41981655 0.5885162 0.6845255
0.41197342 0.58067304 0.67668235
0.41197342 0.58067304 0.67668235
0.40805185 0.5767515 0.6727608
0.4002087 0.56890833 0.66491765
0.4002087 0.56890833 0.66491765
0.388444 0.5571436 0.65315294
0.38217732 0.5439279 0.63443923
0.39317328 0.5396764 0.62749016
0.53373724 0.52601284 0.50116867
0.60751736 0.55249953 0.48087066
0.6130154 0.5523981 0.46697256
0.61459184 0.5470255 0.45610195
0.61067027 0.54310393 0.4521804
0.60282713 0.5352608 0.44433725
0.59890556 0.5326888 0.43346673
0.59890556 0.5326888 0.43346673
0.61459184 0.54837507 0.449153
0.61067027 0.5444535 0.44523144
0.6341997 0.5679829 0.46876085
0.63812125 0.5719045 0.47268242
0.6341997 0.5679829 0.46876085
0.6459644 0.5797476 0.48052555
0.63812125 0.5719045 0.47268242
0.63812125 0.5719045 0.47268242
0.63812125 0.5719045 0.47268242
0.6341997 0.5679829 0.46876085
0.6396977 0.5651824 0.46876085
0.6357761 0.5612608 0.46483928
0.64361924 0.56910396 0.47268242
0.6396977 0.5651824 0.46876085
0.616937 0.55631965 0.47089413
0.11881968 0.122294106 0.12504311
0.131353 0.147376 0.16941959
0.12350987 0.13818331 0.16852546
0.1195883 0.13426174 0.16460389
0.11566673 0.13034019 0.16068232
0.11724313 0.124967635 0.14981174
0.07802744 0.08575194 0.110596046
0.1195883 0.13426174 0.16460389
0.10782358 0.12249704 0.15283918
0.06626274 0.07398724 0.09883134
0.11724313 0.124967635 0.14981174
0.11097654 0.11175186 0.13109806
0.0811804 0.07635632 0.08190586
0.36745492 0.36532992 0.35428232
0.685102 0.682977 0.6719294
0.64354116 0.6331177 0.6248706
0.63177645 0.621353 0.6131059
0.58471763 0.57564366 0.5590981
0.5627647 0.5453921 0.5316471
0.5274706 0.51144755 0.489404
0.5039411 0.4879181 0.46587455
0.44119602 0.42382348 0.41007847
0.39021564 0.37419263 0.35214907
0.3313921 0.31401956 0.30027455
0.27649015 0.2591176 0.2453726
0.19805877 0.18203577 0.15999219
0.17610577 0.15313382 0.12559214
0.35257638 0.32960442 0.30206272
0.38394892 0.3596274 0.34038436
0.3823725 0.36499995 0.35125494
0.27883524 0.26841176 0.26016468
0.3086314 0.30515686 0.30240783
0.5767964 0.6345133 0.6895451
0.6857535 0.8017615 0.8841804
0.29671046 0.43356553 0.5324784
0.33277333 0.48487583 0.5864862
0.37275773 0.5401078 0.64441574
0.43550283 0.6028529 0.70716083
0.44334596 0.610696 0.71500397
0.43158126 0.6002809 0.6962902
0.42923614 0.5896372 0.68844706
0.30924392 0.462696 0.5560078
0.59709483 0.743598 0.8314117
0.33907908 0.4606865 0.55690193
0.15480433 0.23761821 0.33123925
0.1563808 0.23089607 0.32731768
0.16030237 0.23481764 0.33123925
0.1587259 0.24019024 0.34210977
0.17441218 0.2558765 0.35779604
0.19086722 0.28892857 0.38524705
0.665377 0.76343834 0.8597568
0.81047505 0.9098859 0.9979059
0.8026319 0.9033923 0.98311377
0.8198946 0.9123565 0.9948785
0.8183182 0.9190786 0.99880004
0.8183182 0.9190786 0.99880004
0.79555744 0.9102159 1.0
0.75318897 0.88309485 0.9765098
0.74769086 0.8858955 0.9765098
0.74769086 0.8858955 0.9765098
0.68494576 0.8218008 0.9207137
0.50693786 0.61464727 0.6998667
0.32739246 0.38085943 0.41379613
0.34230998 0.38322863 0.39687055
0.37449026 0.39591146 0.38476077
0.44434884 0.41712704 0.36749023
0.6405054 0.54784226 0.41832948
0.6805289 0.56566906 0.42796084
0.688372 0.5735122 0.43580398
0.70563465 0.58382595 0.4406196
0.68210524 0.56029654 0.41709018
0.6781837 0.55637497 0.4131686
0.6860268 0.5642181 0.42101175
0.68210524 0.55894697 0.42403927
0.67034054 0.54853183 0.40532547
0.65465426 0.53284556 0.3896392
0.6624974 0.5406887 0.39748234
0.65857583 0.53541756 0.40050986
0.6468111 0.52365285 0.38874516
0.6507327 0.528924 0.38571763
0.6350464 0.5132377 0.37003136
0.64288956 0.52108085 0.3778745
0.63662285 0.5065156 0.3661098
0.63662285 0.5065156 0.3661098
0.638968 0.5171593 0.37395293
0.6350464 0.5132377 0.37003136
0.63112485 0.50931615 0.3661098
0.63112485 0.5106657 0.35916078
0.6327013 0.5039436 0.3552392
0.6327013 0.5039436 0.3552392
0.31332156 0.33454153 0.27640003
0.2787962 0.31121498 0.2806667
0.21681978 0.25908795 0.26443142
0.17994925 0.22511771 0.26085493
0.16818455 0.21335301 0.24909022
0.15484343 0.20696089 0.24819605
0.15484343 0.20561132 0.25514507
0.14307873 0.19384661 0.24338037
0.15484343 0.20561132 0.25514507
0.15484343 0.20561132 0.25514507
0.15484343 0.20561132 0.25514507
0.14542383 0.20314077 0.2581725
0.1493454 0.20706233 0.26209408
0.15718853 0.21355592 0.2768863
0.14384742 0.2085133 0.26904318
0.13992585 0.20459174 0.2651216
0.13208272 0.19539905 0.26422748
0.13992585 0.20324218 0.27207062
0.15326697 0.20963435 0.27296475
0.1776041 0.21312453 0.25996077
0.25296074 0.23019 0.24963924
0.36361143 0.28254965 0.27461174
0.3863721 0.29006284 0.27942744
0.3683017 0.3011379 0.30419612
0.27641207 0.32448086 0.3906118
0.25753388 0.35694474 0.44496474
0.29044387 0.42034978 0.5137647
0.33200458 0.47020918 0.5608235
0.35787913 0.50438225 0.59219605
0.37983215 0.53328425 0.62659603
0.39551845 0.5489705 0.64228237
0.41120473 0.5633073 0.66491765
0.41747144 0.5778725 0.67668235
0.42531458 0.58571565 0.6845255
0.42531458 0.58571565 0.6845255
0.42531458 0.5843661 0.69147456
0.41981655 0.5871666 0.69147456
0.415895 0.58324504 0.687553
0.415895 0.58324504 0.687553
0.415895 0.58324504 0.687553
0.3986323 0.57428086 0.6757883
0.39078915 0.5664377 0.66794515
0.382946 0.5585946 0.660102
0.382946 0.5585946 0.660102
0.37510288 0.54940194 0.6592078
0.3766793 0.54402936 0.6483373
0.3892517 0.53575486 0.62356865
0.5824116 0.53299314 0.47516078
0.58556443 0.5249471 0.43952158
0.5777213 0.51710397 0.43167844
0.5910624 0.5234961 0.43257254
0.594984 0.52741766 0.4364941
0.594984 0.5287672 0.42954516
0.60282713 0.53661036 0.4373883
0.6185134 0.55229664 0.45307457
0.6067487 0.54188144 0.43436086
0.59890556 0.5340383 0.42651772
0.6067487 0.54053193 0.44130987
0.61616826 0.5430025 0.43828243
0.6357761 0.5626103 0.45789027
0.6514624 0.5769471 0.48052555
0.63812125 0.5719045 0.47268242
0.6420428 0.57582605 0.47660398
0.6341997 0.5679829 0.46876085
0.64361924 0.57045346 0.4657334
0.6357761 0.5626103 0.45789027
0.6396977 0.5665319 0.46181184
0.6396977 0.5665319 0.46181184
0.65538394 0.58221817 0.4774981
0.6287017 0.5667348 0.4896079
0.13842753 0.1405524 0.15160003
0.11332156 0.1223956 0.1389412
0.10939999 0.11847403 0.13501963
0.10547842 0.11455246 0.13109806
0.10547842 0.11455246 0.13109806
0.11097654 0.11175186 0.13109806
0.1031334 0.103908725 0.12325493
0.12274125 0.123516575 0.14286278
0.099211834 0.09998716 0.119333364
0.08352556 0.08430088 0.10364709
0.1031334 0.103908725 0.12325493
0.095290266 0.097415134 0.10846277
0.069415696 0.06459162 0.07014115
0.16903132 0.1572583 0.15730979
0.3690313 0.35860783 0.35036075
0.208247 0.19782352 0.18957645
0.08667837 0.07490534 0.074956834
0.08667837 0.0762549 0.06800782
0.0709921 0.05921907 0.05927056
0.069415696 0.06459162 0.07014115
0.07725883 0.07243475 0.07798429
0.08902354 0.08419946 0.08974899
0.08510197 0.08027789 0.085827425
0.08510197 0.081627436 0.0788784
0.10628621 0.09721227 0.0806667
0.22316459 0.20019265 0.17265096
0.3941372 0.37676466 0.36301965
0.24196471 0.2384902 0.23574115
0.11489811 0.11837254 0.12112154
0.10863138 0.1038073 0.109356835
0.15961178 0.15613726 0.15338822
0.30394113 0.28656858 0.27282357
0.5650317 0.6240982 0.6708314
0.77125937 0.8747189 0.9378431
0.6990556 0.84555876 0.9333725
0.39628714 0.5636372 0.66794515
0.43550283 0.6028529 0.70716083
0.44176954 0.6174181 0.71892554
0.4456911 0.6213397 0.7228471
0.4574558 0.6331044 0.7346118
0.4456911 0.6213397 0.7228471
0.5358872 0.7128853 0.8060941
0.5649146 0.7336142 0.8296235
0.66610664 0.81955874 0.9128706
0.25122818 0.37978455 0.481498
0.20889865 0.3125594 0.42267448
0.17518094 0.27189273 0.3765098
0.1587259 0.24019024 0.34210977
0.16422394 0.2387392 0.33516082
0.17206708 0.2452328 0.3499529
0.1861769 0.26899076 0.3626118
0.77675736 0.86921924 0.9517412
0.8143966 0.9151571 0.9948785
0.81597304 0.9084349 0.9909569
0.8238162 0.91762763 0.991851
0.8238162 0.91762763 0.991851
0.8183182 0.9190786 0.99880004
0.7853692 0.8930786 0.97829807
0.7547654 0.8777223 0.9656392
0.7492674 0.88052285 0.9656392
0.70063204 0.8374871 0.9364
0.56341624 0.66282713 0.7508471
0.3015179 0.34668636 0.38242358
0.30859235 0.34256187 0.35070592
0.31174517 0.33316636 0.32201567
0.3706078 0.35728392 0.31864312
0.556576 0.4681627 0.36074513
0.6452347 0.53037494 0.39266673
0.6468111 0.526352 0.37484705
0.638968 0.51850885 0.36700392
0.6327013 0.5039436 0.3552392
0.63662285 0.5065156 0.3661098
0.6350464 0.5132377 0.37003136
0.6232817 0.501473 0.35826665
0.6350464 0.51188815 0.37698045
0.63112485 0.5079666 0.3730589
0.63112485 0.5079666 0.3730589
0.64288956 0.5197313 0.3848236
0.6624974 0.5393391 0.40443143
0.65857583 0.53541756 0.40050986
0.6507327 0.528924 0.38571763
0.64288956 0.52108085 0.3778745
0.6272033 0.5053946 0.36218822
0.6350464 0.5132377 0.37003136
0.64288956 0.52108085 0.3778745
0.6468111 0.5250024 0.38179606
0.66641897 0.54461026 0.4014039
0.6899484 0.5681397 0.4249333
0.6781837 0.55637497 0.4131686
0.6640738 0.53531617 0.38661176
0.18152566 0.22379382 0.22913729
0.17602769 0.2252448 0.23608625
0.16426298 0.210781 0.23821965
0.16426298 0.20943144 0.24516866
0.16818455 0.21335301 0.24909022
0.15484343 0.2083104 0.24124709
0.15484343 0.20696089 0.24819605
0.15484343 0.20561132 0.25514507
0.15092187 0.20168975 0.2512235
0.158765 0.20953289 0.25906664
0.15718853 0.21625502 0.2629882
0.15326697 0.2109839 0.26601565
0.15718853 0.21490547 0.26993722
0.15561213 0.22027801 0.28080788
0.15169056 0.21635644 0.2768863
0.14776899 0.21243487 0.27296475
0.14776899 0.21108532 0.27991375
0.15169056 0.21635644 0.2768863
0.16345526 0.22812115 0.28865102
0.17994925 0.22376819 0.2678039
0.25138426 0.23556256 0.26050985
0.35968986 0.27862808 0.27069017
0.38245052 0.28614128 0.27550587
0.35653698 0.2893732 0.2924314
0.27406693 0.31518677 0.3758196
0.23558088 0.3280428 0.41056475
0.27398884 0.38729772 0.4863137
0.3100517 0.43995762 0.5333725
0.328083 0.4662876 0.55690193
0.35395756 0.49911115 0.5952235
0.36414587 0.5162484 0.61785877
0.38375375 0.53585625 0.63746667
0.39551845 0.54762095 0.6492314
0.39394203 0.55434304 0.65315294
0.40178517 0.5621862 0.6609961
0.4096283 0.5686798 0.6757883
0.40805185 0.5754019 0.67970985
0.41197342 0.5793235 0.6836314
0.415895 0.58324504 0.687553
0.40805185 0.57405233 0.6866588
0.40805185 0.57405233 0.6866588
0.39078915 0.5650882 0.6748941
0.38686758 0.56116664 0.6709725
0.38686758 0.56116664 0.6709725
0.382946 0.5572451 0.66705096
0.38452244 0.5518725 0.65618044
0.45599645 0.5316601 0.5727922
0.5902547 0.54353535 0.46910596
0.5918311 0.5381628 0.45823535
0.5934076 0.53279024 0.44736472
0.60282713 0.5352608 0.44433725
0.60282713 0.5352608 0.44433725
0.6067487 0.54053193 0.44130987
0.622435 0.5562182 0.45699614
0.6302781 0.56541085 0.45789027
0.6341997 0.5693324 0.46181184
0.6357761 0.5626103 0.45789027
0.6357761 0.5626103 0.45789027
0.63185453 0.55868876 0.4539687
0.62793297 0.5547672 0.45004714
0.61616826 0.541653 0.44523144
0.62635654 0.5601398 0.4609177
0.64988595 0.5836692 0.48444712
0.6538075 0.58759075 0.4883687
0.6475408 0.57437503 0.46965498
0.64361924 0.57045346 0.4657334
0.64361924 0.57045346 0.4657334
0.6357761 0.5626103 0.45789027
0.64127403 0.5611594 0.45094123
0.616937 0.55631965 0.47089413
0.120396085 0.115572006 0.12112154
0.11097654 0.11310141 0.12414905
0.13058439 0.13270926 0.1437569
0.14077255 0.15119614 0.15944317
0.14469412 0.1551177 0.16336474
0.1031334 0.10525827 0.11630591
0.11255295 0.10772887 0.113278404
0.09294511 0.08812103 0.09367056
0.08510197 0.08027789 0.085827425
0.10863138 0.1038073 0.109356835
0.1031334 0.10525827 0.11630591
0.095290266 0.097415134 0.10846277
0.06783929 0.069964156 0.081011795
0.053729415 0.048905343 0.05445487
0.053729415 0.048905343 0.05445487
0.06157255 0.05674848 0.062298007
0.07725883 0.07243475 0.07798429
0.06549413 0.06067005 0.06621958
0.057650983 0.05282691 0.05837644
0.053729415 0.048905343 0.05445487
0.073337264 0.068513185 0.07406272
0.073337264 0.06986273 0.0671137
0.0811804 0.07770587 0.074956834
0.102364644 0.09194117 0.08369409
0.15257636 0.13095397 0.0951137
0.4231646 0.39884308 0.37960005
0.12431765 0.119493574 0.12504311
0.07960399 0.08172886 0.0927765
0.08352556 0.08565043 0.09669807
0.099211834 0.1013367 0.11238434
0.15569021 0.15221569 0.14946665
0.3196274 0.30225486 0.28850985
0.5783729 0.6304903 0.6717255
0.85442 0.93838215 0.9767137
0.91324353 0.9958561 1.0
0.371989 0.52409154 0.6257019
0.41197342 0.5793235 0.6836314
0.37510288 0.55075145 0.6522589
0.4394244 0.6054249 0.71803135
0.46922052 0.6435195 0.75332546
0.4221617 0.5964607 0.70626664
0.6245068 0.808454 0.9071608
0.34765187 0.52465 0.61785877
0.7100126 0.88006175 0.96777254
0.5249302 0.67703277 0.77864313
0.26691446 0.39412126 0.5041333
0.25045943 0.36241877 0.4697333
0.17598864 0.2505039 0.34692553
0.15169056 0.21230781 0.2977333
0.15169056 0.21230781 0.2977333
0.16580035 0.23336665 0.32429022
0.5289298 0.6034451 0.6998667
0.81597304 0.9084349 0.9909569
0.8081299 0.9005918 0.98311377
0.8293141 0.9148271 0.991851
0.8293141 0.9148271 0.991851
0.8238162 0.91762763 0.991851
0.8120515 0.90451336 0.98703533
0.7602633 0.8762713 0.9586902
0.75634176 0.87100023 0.9617176
0.7194713 0.8424282 0.93034506
0.59244365 0.68355596 0.7743765
0.26230222 0.30747068 0.3432079
0.29525116 0.33751932 0.34286278
0.33369815 0.36206833 0.35641566
0.37921962 0.37844416 0.35909808
0.4773369 0.40842107 0.32579607
0.64915633 0.5342965 0.3965883
0.6640738 0.53531617 0.38661176
0.67583853 0.5470809 0.39837646
0.67191696 0.5431593 0.3944549
0.6797601 0.5496529 0.40924704
0.7017131 0.5799044 0.43669802
0.7017131 0.5799044 0.43669802
0.6899484 0.5681397 0.4249333
0.6624974 0.5406887 0.39748234
0.65857583 0.5367671 0.39356077
0.65465426 0.531496 0.3965883
0.638968 0.5158097 0.38090202
0.64288956 0.5197313 0.3848236
0.63112485 0.50931615 0.3661098
0.644466 0.51435876 0.37395293
0.6350464 0.5132377 0.37003136
0.6327013 0.50259405 0.36218822
0.6350464 0.5132377 0.37003136
0.638968 0.5171593 0.37395293
0.638968 0.51850885 0.36700392
0.638968 0.51850885 0.36700392
0.6405444 0.51178676 0.36308235
0.6209366 0.49217892 0.3434745
0.16818455 0.21470256 0.24214122
0.17210612 0.21862413 0.24606279
0.17210612 0.21862413 0.24606279
0.17994925 0.22511771 0.26085493
0.18387082 0.22903928 0.2647765
0.18779239 0.23296085 0.26869807
0.18229441 0.23441187 0.27564704
0.18229441 0.23441187 0.27564704
0.18229441 0.23441187 0.27564704
0.19405912 0.244827 0.29436076
0.19640422 0.2554707 0.3022039
0.19248265 0.25154912 0.29828233
0.18856108 0.24627802 0.30130976
0.19482781 0.26084325 0.31307447
0.19090624 0.25557214 0.316102
0.1830631 0.24772899 0.30825886
0.18540819 0.2583727 0.316102
0.22620037 0.29086626 0.3513961
0.2614945 0.32616037 0.38669023
0.26464736 0.31541526 0.364949
0.27410588 0.2818304 0.30667448
0.36045855 0.2946443 0.28940398
0.37695253 0.2889418 0.27550587
0.35653698 0.29072273 0.2854824
0.26937667 0.29659846 0.34623528
0.22696906 0.30418342 0.3840078
0.2418476 0.34125847 0.42927846
0.2661457 0.38080412 0.47152156
0.29751825 0.41082713 0.5098431
0.3116281 0.43323553 0.52945095
0.32965955 0.45821592 0.5599294
0.34376928 0.48062435 0.5795372
0.34611443 0.48991844 0.59432936
0.36806744 0.52017 0.62178034
0.37591058 0.5280131 0.6296235
0.38217732 0.54122883 0.6483373
0.39394203 0.55299354 0.660102
0.40570673 0.56475824 0.6718667
0.4096283 0.5686798 0.6757883
0.4096283 0.5686798 0.6757883
0.40413028 0.57148033 0.6757883
0.4002087 0.56755877 0.6718667
0.38686758 0.56116664 0.6709725
0.39471072 0.5690097 0.67881566
0.3986323 0.5729313 0.68273723
0.41354987 0.5726014 0.67970985
0.5721842 0.55191135 0.5077726
0.5941763 0.5474569 0.47302753
0.6051723 0.54455495 0.45912942
0.59732914 0.5367118 0.4512863
0.61459184 0.5470255 0.45610195
0.59890556 0.5326888 0.43346673
0.594984 0.5287672 0.42954516
0.594984 0.53011674 0.42259616
0.6083251 0.53515935 0.4304393
0.622435 0.5575677 0.45004714
0.6122467 0.5390809 0.43436086
0.60440356 0.5312378 0.42651772
0.6083251 0.53515935 0.4304393
0.6357761 0.5612608 0.46483928
0.6357761 0.5612608 0.46483928
0.6459644 0.5797476 0.48052555
0.6577291 0.5915123 0.49229026
0.64361924 0.56910396 0.47268242
0.6357761 0.5626103 0.45789027
0.6357761 0.5626103 0.45789027
0.63185453 0.55868876 0.4539687
0.62793297 0.55611676 0.4430981
0.6122467 0.5404305 0.42741182
0.61459184 0.54837507 0.449153
0.11647452 0.11299998 0.11025095
0.11489811 0.11837254 0.12112154
0.11881968 0.120944545 0.13199219
0.11489811 0.11702298 0.12807062
0.10705497 0.10917984 0.12022748
0.11097654 0.11310141 0.12414905
0.10863138 0.1038073 0.109356835
0.073337264 0.068513185 0.07406272
0.073337264 0.068513185 0.07406272
0.08902354 0.08419946 0.08974899
0.096866675 0.092042595 0.09759213
0.08902354 0.0828499 0.09669807
0.06549413 0.06067005 0.06621958
0.057650983 0.05282691 0.05837644
0.06157255 0.05674848 0.062298007
0.07725883 0.07243475 0.07798429
0.06157255 0.05674848 0.062298007
0.053729415 0.048905343 0.05445487
0.053729415 0.048905343 0.05445487
0.053729415 0.048905343 0.05445487
0.06157255 0.05674848 0.062298007
0.073337264 0.06986273 0.0671137
0.0811804 0.07770587 0.074956834
0.12120381 0.09823187 0.07069017
0.44042727 0.4118559 0.37051767
0.16745491 0.1639804 0.16123135
0.07960399 0.08172886 0.0927765
0.07960399 0.08172886 0.0927765
0.08744713 0.089572 0.10061964
0.099211834 0.1013367 0.11238434
0.15176864 0.14829412 0.14554508
0.3078627 0.2918397 0.26979613
0.55876505 0.61223197 0.64516866
0.859918 0.9355816 0.9767137
0.9619178 1.0 1.0
0.98233336 0.999706 1.0
0.93131405 0.98478097 1.0
0.7029772 0.84948033 0.9372941
0.36099297 0.5283431 0.632651
0.36725974 0.5415588 0.6513647
0.36568326 0.54828095 0.65528625
0.3852911 0.56788874 0.6748941
0.5711813 0.74682987 0.8483373
0.63784796 0.8148461 0.9080549
0.6841381 0.8458887 0.9364
0.2182791 0.3537846 0.46099603
0.34457707 0.4565364 0.56385094
0.19559652 0.2714613 0.35958436
0.14150226 0.19652009 0.26814905
0.136812 0.17658228 0.24551377
0.13915716 0.18722594 0.2533569
0.14384742 0.20446467 0.28989017
0.7916749 0.86888933 0.9487137
0.8191259 0.8976898 0.96921563
0.82304746 0.9016114 0.97313726
0.83481216 0.9133761 0.9849019
0.83481216 0.9120266 0.991851
0.81754947 0.9030624 0.98008627
0.7830241 0.88378453 0.9635059
0.75791824 0.86562765 0.9508471
0.74223197 0.8499414 0.9351608
0.5328514 0.6073667 0.7037883
0.2505375 0.2970555 0.32449415
0.28740802 0.32967618 0.33501965
0.31174517 0.33181682 0.32896468
0.3439255 0.34315005 0.32380396
0.40517226 0.34185582 0.27302748
0.60994065 0.49508083 0.3573726
0.61309344 0.48433578 0.33563137
0.617015 0.48825735 0.33955294
0.644466 0.5157083 0.36700392
0.6327013 0.5039436 0.3552392
0.6327013 0.5039436 0.3552392
0.63662285 0.5065156 0.3661098
0.6272033 0.50674415 0.3552392
0.6507327 0.53027356 0.37876862
0.64838755 0.5196299 0.3709255
0.61936015 0.498901 0.34739608
0.6232817 0.501473 0.35826665
0.6232817 0.501473 0.35826665
0.64288956 0.52108085 0.3778745
0.63112485 0.50931615 0.3661098
0.65465426 0.53284556 0.3896392
0.67034054 0.54853183 0.40532547
0.6781837 0.55637497 0.4131686
0.66641897 0.54461026 0.4014039
0.6742621 0.5524534 0.40924704
0.65857583 0.5381167 0.38661176
0.66641897 0.54595983 0.3944549
0.6742621 0.55380297 0.40229803
0.20740023 0.2552678 0.2744078
0.21916495 0.26568297 0.2931216
0.22700809 0.2735261 0.30096474
0.23092966 0.27609813 0.31183535
0.2521139 0.29033342 0.32057258
0.25445908 0.30097708 0.32841572
0.24269436 0.28921238 0.31665102
0.24111795 0.29458493 0.32752162
0.24111795 0.29458493 0.32752162
0.23719639 0.29066336 0.32360005
0.24738462 0.30780065 0.34623528
0.25130618 0.31037268 0.35710585
0.24346305 0.30252954 0.3492627
0.25522774 0.31429425 0.36102742
0.25365135 0.3196668 0.37189803
0.24188665 0.3079021 0.36013332
0.25757292 0.32358837 0.3758196
0.320318 0.38633347 0.4385647
0.39090624 0.45827124 0.5022039
0.3979807 0.45009813 0.4913333
0.38156477 0.38099056 0.40863526
0.3863331 0.32746783 0.32772553
0.38714084 0.30607906 0.29814115
0.3737997 0.29968688 0.2972471
0.27645105 0.2884254 0.33536476
0.20816894 0.26318675 0.33481574
0.21520436 0.29241872 0.3722431
0.22539258 0.309556 0.39487848
0.24342401 0.33453637 0.4253569
0.2536123 0.35302317 0.44104317
0.27006727 0.38337615 0.48239213
0.29594183 0.41619968 0.5207137
0.3100517 0.43860808 0.5403215
0.32416144 0.4610165 0.5599294
0.33592615 0.47143164 0.5786431
0.34611443 0.48991844 0.59432936
0.35787913 0.5016832 0.60609406
0.3735654 0.51736945 0.62178034
0.3735654 0.51736945 0.62178034
0.38140854 0.5252126 0.6296235
0.3853301 0.52913415 0.63354504
0.37591058 0.5280131 0.6296235
0.37983215 0.5319347 0.63354504
0.38375375 0.53585625 0.63746667
0.39944002 0.5515425 0.65315294
0.43477318 0.5521307 0.62625104
0.58867824 0.5475584 0.48692548
0.5918311 0.5381628 0.45823535
0.6012507 0.5392838 0.46215692
0.6051723 0.54455495 0.45912942
0.60909384 0.549826 0.45610195
0.6067487 0.53918236 0.44825882
0.6067487 0.54053193 0.44130987
0.60282713 0.53661036 0.4373883
0.622435 0.5562182 0.45699614
0.6302781 0.56406134 0.46483928
0.62635654 0.5601398 0.4609177
0.6420428 0.57582605 0.47660398
0.6341997 0.5693324 0.46181184
0.63812125 0.5719045 0.47268242
0.63812125 0.5719045 0.47268242
0.6459644 0.5797476 0.48052555
0.6341997 0.5679829 0.46876085
0.6302781 0.56406134 0.46483928
0.63185453 0.55868876 0.4539687
0.6200898 0.54692405 0.442204
0.6240114 0.5508456 0.44612557
0.61616826 0.5430025 0.43828243
0.6122467 0.5404305 0.42741182
0.61067027 0.5444535 0.44523144
0.11412935 0.103705876 0.0954588
0.11881968 0.122294106 0.12504311
0.120396085 0.115572006 0.12112154
0.10863138 0.1038073 0.109356835
0.10470981 0.09988573 0.10543527
0.11489811 0.11837254 0.12112154
0.10863138 0.1038073 0.109356835
0.069415696 0.06459162 0.07014115
0.07802744 0.08575194 0.110596046
0.08429417 0.10031717 0.12236075
0.059996147 0.060771473 0.08011768
0.073337264 0.067163624 0.081011795
0.06157255 0.05674848 0.062298007
0.053729415 0.048905343 0.05445487
0.06549413 0.06067005 0.06621958
0.06157255 0.05674848 0.062298007
0.053729415 0.048905343 0.05445487
0.06314896 0.051375933 0.05142742
0.0827568 0.070983775 0.071035266
0.074913666 0.06314064 0.06319213
0.074913666 0.06314064 0.06319213
0.09452151 0.08274848 0.08279997
0.08667837 0.0762549 0.06800782
0.11493708 0.085016176 0.051976442
0.5188587 0.49028727 0.44894904
0.08902354 0.08419946 0.08974899
0.075682424 0.07780729 0.08885493
0.07960399 0.08172886 0.0927765
0.07960399 0.08172886 0.0927765
0.099211834 0.1013367 0.11238434
0.13842753 0.14190196 0.14465095
0.24119602 0.22517303 0.20312944
0.53919613 0.5552192 0.57726276
0.8246239 0.89893794 0.9483686
0.93131405 0.9874801 1.0
0.9917529 1.0 1.0
0.98625493 1.0 1.0
0.98625493 1.0 1.0
0.920318 0.9903821 1.0
0.42373812 0.5910882 0.6953961
0.3202009 0.49449995 0.60430586
0.30293813 0.4855358 0.59254116
0.6182401 0.7938887 0.8953961
0.22608325 0.40173185 0.5032393
0.7021695 0.8722186 0.9599294
0.27318105 0.41003612 0.508949
0.25595748 0.35961822 0.4697333
0.22147101 0.30563444 0.3909569
0.13915716 0.1885755 0.2464078
0.1266237 0.16214414 0.20898037
0.13604333 0.16326514 0.21290193
0.14073357 0.1818534 0.24248624
0.68110234 0.7444187 0.8132471
0.82620037 0.8895167 0.9583451
0.8222788 0.88559514 0.95442355
0.83012193 0.8947878 0.9553177
0.83012193 0.8934383 0.9622667
0.82620037 0.8895167 0.9583451
0.8073612 0.8859251 0.957451
0.75322795 0.8470394 0.92126274
0.7453848 0.8378467 0.9203687
0.29286703 0.35483384 0.43196076
0.21524338 0.26311097 0.28225097
0.27564332 0.31791148 0.32325494
0.29840404 0.32542464 0.32807064
0.34234908 0.3485226 0.33467448
0.3863331 0.33826423 0.27213332
0.61228573 0.50572455 0.36521575
0.6232817 0.5028226 0.35131764
0.6287797 0.50002205 0.35131764
0.63662285 0.5078652 0.35916078
0.6405444 0.5104372 0.37003136
0.64838755 0.5182803 0.3778745
0.64838755 0.5196299 0.3709255
0.64838755 0.5196299 0.3709255
0.644466 0.5157083 0.36700392
0.6523091 0.52355146 0.37484705
0.644466 0.5157083 0.36700392
0.65857583 0.5367671 0.39356077
0.65465426 0.53284556 0.3896392
0.66641897 0.54461026 0.4014039
0.6805289 0.5670186 0.42101175
0.6899484 0.5681397 0.4249333
0.6899484 0.5681397 0.4249333
0.6899484 0.56948924 0.4179843
0.6860268 0.5655677 0.41406274
0.68210524 0.5616461 0.41014117
0.68210524 0.5616461 0.41014117
0.6781837 0.55772454 0.4062196
0.6860268 0.5642181 0.42101175
0.2521139 0.29303256 0.30667448
0.2638786 0.3034477 0.32538822
0.25995705 0.3008757 0.31451762
0.26937667 0.30199668 0.3184392
0.28506294 0.31768295 0.33412546
0.30467078 0.3372908 0.3537333
0.27564332 0.31656197 0.3302039
0.27406693 0.32058492 0.34802356
0.2779885 0.3245065 0.35194513
0.27014536 0.31531382 0.35105103
0.28033364 0.3338006 0.3667373
0.28817677 0.34164375 0.37458044
0.2724905 0.32460794 0.36584312
0.2842552 0.33637264 0.37760782
0.2866003 0.3456668 0.39239997
0.2748356 0.33525163 0.37368625
0.29052186 0.3509379 0.38937253
0.35718852 0.41760457 0.4560392
0.43719637 0.4893138 0.530549
0.44819233 0.48641184 0.51665103
0.41685888 0.41628468 0.44392937
0.39967424 0.33385998 0.32861966
0.38714084 0.30607906 0.29814115
0.36595657 0.29184374 0.28940398
0.26234117 0.26736656 0.30880788
0.17052971 0.21994805 0.27778035
0.16737683 0.23204271 0.2925726
0.18698467 0.250301 0.31912944
0.20501605 0.27528146 0.34960783
0.21754944 0.30171287 0.38703534
0.23792604 0.3373369 0.4253569
0.26380062 0.37016043 0.46367842
0.2779104 0.3912193 0.49023527
0.28575355 0.39906242 0.4980784
0.2747576 0.40331396 0.5050274
0.27867916 0.40723553 0.508949
0.2865223 0.41507867 0.5167921
0.30220857 0.43076494 0.5324784
0.30770653 0.4279644 0.5324784
0.30220857 0.43211448 0.5255294
0.30220857 0.43211448 0.5255294
0.31554967 0.4371571 0.5333725
0.31397328 0.44252965 0.5442431
0.31789485 0.44645122 0.54816467
0.33358112 0.46348703 0.55690193
0.4395805 0.4666011 0.4692471
0.6035958 0.54857796 0.4769491
0.61143893 0.55777067 0.4778432
0.6153605 0.56169224 0.48176476
0.6247801 0.5641628 0.47873726
0.6365448 0.577277 0.48355293
0.63262326 0.57335544 0.47963136
0.6302781 0.56406134 0.46483928
0.6302781 0.56406134 0.46483928
0.6459644 0.5797476 0.48052555
0.64988595 0.5836692 0.48444712
0.62635654 0.5601398 0.4609177
0.6185134 0.55229664 0.45307457
0.59890556 0.5340383 0.42651772
0.61067027 0.545803 0.43828243
0.622435 0.5575677 0.45004714
0.6459644 0.5797476 0.48052555
0.6694938 0.603277 0.50405496
0.6694938 0.603277 0.50405496
0.67341536 0.6071986 0.50797653
0.6694938 0.603277 0.50405496
0.67341536 0.6071986 0.50797653
0.6969448 0.630728 0.53150594
0.7032115 0.64529324 0.54327065
0.6992899 0.64137167 0.5393491
0.44042727 0.4118559 0.37051767
0.12823923 0.1247647 0.12201566
0.12823923 0.12341515 0.12896468
0.11255295 0.10772887 0.113278404
0.10470981 0.10123528 0.098486245
0.120396085 0.115572006 0.12112154
0.10470981 0.09988573 0.10543527
0.08352556 0.08699999 0.08974899
0.08821574 0.102889195 0.13323134
0.10782358 0.121147476 0.15978827
0.09213731 0.10681076 0.13715291
0.059996147 0.06212102 0.07316866
0.053729415 0.050254893 0.04750585
0.057650983 0.05417646 0.05142742
0.059227392 0.047454365 0.04750585
0.0709921 0.05921907 0.05927056
0.09059994 0.07882691 0.0788784
0.12197249 0.11289854 0.09635297
0.24277243 0.22115004 0.18530977
0.2349293 0.2133069 0.17746663
0.111784264 0.09441171 0.0806667
0.11020778 0.09978431 0.09153723
0.09452151 0.08409803 0.075850956
0.13454492 0.10462402 0.071584284
0.4874861 0.45756522 0.42452547
0.07725883 0.07243475 0.07798429
0.075682424 0.07780729 0.08885493
0.07960399 0.08172886 0.0927765
0.08352556 0.08565043 0.09669807
0.095290266 0.097415134 0.10846277
0.12666282 0.13013725 0.13288625
0.1964823 0.18740836 0.17086278
0.5148981 0.5197221 0.51417255
0.77598864 0.8586012 0.90523136
0.9124749 0.9838885 1.0
0.98233336 1.0 1.0
0.98625493 1.0 1.0
0.98233336 1.0 1.0
0.9658394 1.0 1.0
0.92658466 1.0 1.0
0.5986323 0.77428085 0.8757883
0.34999695 0.5325946 0.6396
0.6276597 0.79500973 0.8993177
0.1876753 0.3397778 0.4413882
0.61981654 0.78851616 0.8845255
0.5045536 0.6414087 0.7403216
0.17910251 0.2758143 0.38043135
0.27637297 0.35918683 0.45280787
0.15641984 0.19888923 0.2512235
0.13604333 0.16461468 0.20595297
0.1297766 0.15139899 0.18723926
0.13212176 0.15934357 0.20898037
0.28033364 0.32840243 0.39453337
0.8238552 0.8815721 0.9366039
0.81993365 0.87765056 0.93268234
0.841118 0.89053625 0.9483686
0.841118 0.89053625 0.9483686
0.83169836 0.88941526 0.94444704
0.8183572 0.8830231 0.943553
0.7681455 0.84670943 0.9182353
0.67952585 0.74844176 0.83106667
0.2113218 0.25379118 0.30612546
0.23250607 0.27207515 0.29401568
0.33054528 0.37146392 0.38510585
0.3383884 0.38065657 0.38600004
0.39801967 0.41944087 0.40829018
0.463188 0.42206818 0.36143526
0.6632661 0.5553554 0.42314517
0.69621515 0.5827049 0.43669802
0.70013666 0.58662647 0.4406196
0.6922935 0.57878333 0.43277645
0.7119014 0.5983912 0.4523843
0.7119014 0.5983912 0.4523843
0.6977915 0.5759828 0.43277645
0.69386995 0.57206124 0.42885488
0.69386995 0.5734108 0.42190588
0.69386995 0.57206124 0.42885488
0.6977915 0.5759828 0.43277645
0.7017131 0.5799044 0.43669802
0.7213209 0.5995122 0.45630586
0.70013666 0.5852769 0.44756868
0.6781837 0.55637497 0.4131686
0.67268574 0.5591755 0.4131686
0.67034054 0.5498814 0.39837646
0.67034054 0.5498814 0.39837646
0.6781837 0.55772454 0.4062196
0.69386995 0.5734108 0.42190588
0.69386995 0.5734108 0.42190588
0.68368167 0.554924 0.4062196
0.6679954 0.53923774 0.39053333
0.2654551 0.29942462 0.30756867
0.28271776 0.3083888 0.31933337
0.27095306 0.2966241 0.30756867
0.2787962 0.30446723 0.3154118
0.2905609 0.31623194 0.3271765
0.33369815 0.3593692 0.37031376
0.2905609 0.31623194 0.3271765
0.28114137 0.31376138 0.3302039
0.2913296 0.33089867 0.3528392
0.2795649 0.3177844 0.34802356
0.2897532 0.3362712 0.36370984
0.29917273 0.33739224 0.3676314
0.27406693 0.32058492 0.34802356
0.27406693 0.31923538 0.3549726
0.28033364 0.3338006 0.3667373
0.2724905 0.32460794 0.36584312
0.27875715 0.34052274 0.37065887
0.36268657 0.41615355 0.44909024
0.42935324 0.4828202 0.5157569
0.45369038 0.48361126 0.51665103
0.41685888 0.41628468 0.44392937
0.39967424 0.33520955 0.32167056
0.3808741 0.29286337 0.27942744
0.37145457 0.2903928 0.28245488
0.24823146 0.24765724 0.27530193
0.14465514 0.18712452 0.2394588
0.14307873 0.19249707 0.25032938
0.15326697 0.2109839 0.26601565
0.16895324 0.22532062 0.28865102
0.18540819 0.25702313 0.323051
0.21362787 0.29914084 0.37616467
0.23558088 0.3280428 0.41056475
0.23950244 0.33196437 0.41448632
0.23558088 0.32669324 0.41751376
0.24734558 0.3371084 0.43622744
0.2536123 0.35167363 0.44799215
0.265377 0.36343834 0.45975685
0.24969074 0.34775206 0.44407058
0.23400447 0.3320658 0.4283843
0.2183182 0.31772906 0.40574905
0.21047506 0.30988592 0.39790592
0.21597303 0.3070854 0.39790592
0.22381617 0.3162781 0.39880005
0.22773774 0.32019967 0.4027216
0.25126714 0.34507862 0.41930193
0.5573057 0.5161859 0.45555294
0.5996742 0.54600596 0.4660785
0.61928207 0.5669634 0.47873726
0.6404664 0.57984906 0.49442354
0.6287017 0.56943387 0.4757098
0.62085855 0.5629403 0.4609177
0.616937 0.55901873 0.45699614
0.6459644 0.5797476 0.48052555
0.6420428 0.57582605 0.47660398
0.6577291 0.59286183 0.48534125
0.6538075 0.58894026 0.48141968
0.63812125 0.5719045 0.47268242
0.6341997 0.5679829 0.46876085
0.6420428 0.57717556 0.46965498
0.6341997 0.5693324 0.46181184
0.64988595 0.5850187 0.4774981
0.6577291 0.59286183 0.48534125
0.6522311 0.59431285 0.49229026
0.66165066 0.5954339 0.49621183
0.66165066 0.5954339 0.49621183
0.6577291 0.5915123 0.49229026
0.6694938 0.603277 0.50405496
0.68518007 0.6189633 0.51974124
0.68910164 0.6242344 0.5167138
0.6969448 0.630728 0.53150594
0.7032115 0.64394367 0.5502196
0.111784264 0.09441171 0.0806667
0.12431765 0.12084312 0.11809409
0.11647452 0.11299998 0.11025095
0.120396085 0.11692155 0.11417252
0.10863138 0.10515685 0.10240781
0.10863138 0.1038073 0.109356835
0.099211834 0.10268626 0.10543527
0.1031334 0.103908725 0.12325493
0.110168755 0.13179114 0.16763142
0.10624719 0.12786958 0.16370985
0.08744713 0.08822245 0.10756866
0.0811804 0.07770587 0.074956834
0.0827568 0.070983775 0.071035266
0.0827568 0.070983775 0.071035266
0.102364644 0.09059162 0.09064311
0.10628621 0.09586274 0.08761566
0.098443076 0.0880196 0.079772525
0.16276465 0.14674166 0.12469807
0.20982347 0.19380048 0.1717569
0.24511759 0.22774504 0.21400003
0.098443076 0.0880196 0.079772525
0.098443076 0.0880196 0.079772525
0.14238806 0.11246716 0.07942742
0.45611355 0.42619267 0.39315292
0.07725883 0.07243475 0.07798429
0.071760856 0.073885724 0.08493336
0.07960399 0.08172886 0.0927765
0.07960399 0.08172886 0.0927765
0.0913687 0.093493566 0.104541205
0.11097654 0.11310141 0.12414905
0.1847176 0.17294458 0.17299606
0.47491366 0.46449018 0.4562431
0.709322 0.79193455 0.8385647
0.90305525 0.98141795 1.0
0.95249826 1.0 1.0
0.9619178 1.0 1.0
0.9470003 1.0 1.0
0.9226631 1.0 1.0
0.892828 1.0 1.0
0.85591835 1.0 1.0
0.50609106 0.6734411 0.77774906
0.63085157 0.74685955 0.82927847
0.17049061 0.25465402 0.3399765
0.5131655 0.6666176 0.7599294
0.553189 0.6844444 0.76956075
0.16030237 0.23751675 0.31734115
0.30228657 0.35730442 0.42893338
0.1517296 0.18030095 0.22163925
0.13369817 0.15667011 0.18421173
0.12743144 0.14345443 0.16549802
0.1297766 0.15139899 0.18723926
0.09132959 0.12685001 0.17368624
0.83092964 0.873399 0.9257333
0.82151014 0.872278 0.92181176
0.84269434 0.8865133 0.930549
0.84269434 0.8865133 0.930549
0.8348512 0.87867016 0.9227059
0.82151014 0.872278 0.92181176
0.7924827 0.84885 0.9121804
0.56818455 0.60930437 0.66993725
0.15722758 0.18019952 0.20774114
0.20036483 0.22468632 0.24392939
0.28114137 0.31376138 0.3302039
0.331353 0.3500751 0.35552162
0.34000394 0.34057802 0.3129334
0.4663409 0.41267258 0.33274513
0.65934455 0.55278337 0.41227457
0.65699947 0.5434892 0.39748234
0.6781837 0.55637497 0.4131686
0.66641897 0.54461026 0.4014039
0.6742621 0.5524534 0.40924704
0.6742621 0.5524534 0.40924704
0.6781837 0.55637497 0.4131686
0.66641897 0.54595983 0.3944549
0.6742621 0.55380297 0.40229803
0.68210524 0.56029654 0.41709018
0.68210524 0.56029654 0.41709018
0.67034054 0.54853183 0.40532547
0.6781837 0.55637497 0.4131686
0.67034054 0.54853183 0.40532547
0.67034054 0.5498814 0.39837646
0.67034054 0.5498814 0.39837646
0.6679954 0.54058725 0.38358438
0.6523091 0.524901 0.3678981
0.6679954 0.54058725 0.38358438
0.67349344 0.53778666 0.38358438
0.6656503 0.5299435 0.37574124
0.6656503 0.5299435 0.37574124
0.67191696 0.5445088 0.38750595
0.27487463 0.30054566 0.31149024
0.2787962 0.3058168 0.3084628
0.27095306 0.29797366 0.30061966
0.2787962 0.3058168 0.3084628
0.2905609 0.3175815 0.3202275
0.3297766 0.35544762 0.3663922
0.28663933 0.31231037 0.32325494
0.28663933 0.31231037 0.32325494
0.3282002 0.35947064 0.38421175
0.28348646 0.32170597 0.35194513
0.29682764 0.32674852 0.35978827
0.2913296 0.3295491 0.35978827
0.25603548 0.294255 0.32449415
0.23250607 0.26937604 0.30791378
0.25445908 0.29962754 0.33536476
0.26464736 0.3167648 0.35799998
0.28033364 0.3338006 0.3667373
0.35484344 0.4083104 0.4412471
0.4403492 0.4785687 0.5088079
0.45369038 0.48496082 0.5097019
0.4129373 0.41371262 0.43305886
0.4012507 0.32848743 0.317749
0.37852895 0.28356922 0.26463532
0.367533 0.2878208 0.2715843
0.26314896 0.24732727 0.27227455
0.14623155 0.18175198 0.22858821
0.1352356 0.18600348 0.23553723
0.13365912 0.19137606 0.2464078
0.15326697 0.20963435 0.27296475
0.17914154 0.24380742 0.3043373
0.20343965 0.28200355 0.3535294
0.22147101 0.30698398 0.3840078
0.1979416 0.282105 0.3674275
0.21754944 0.30171287 0.38703534
0.25284356 0.337007 0.42232946
0.2669534 0.35806578 0.4488863
0.28890643 0.3883173 0.47633728
0.26929858 0.36870944 0.45672944
0.21047506 0.30988592 0.39790592
0.16499263 0.256105 0.34692553
0.16422394 0.24008875 0.32821178
0.16814551 0.24401031 0.33213335
0.17364348 0.2439089 0.31823528
0.17521997 0.2385363 0.30736473
0.2113218 0.25649026 0.29222748
0.6153605 0.56034267 0.4887138
0.6130154 0.5523981 0.46697256
0.61143893 0.55912024 0.47089413
0.6247801 0.5641628 0.47873726
0.6247801 0.5655123 0.47178823
0.60282713 0.53661036 0.4373883
0.61067027 0.5444535 0.44523144
0.61459184 0.54837507 0.449153
0.6240114 0.5508456 0.44612557
0.622435 0.5575677 0.45004714
0.61459184 0.54837507 0.449153
0.62635654 0.5614893 0.4539687
0.622435 0.5562182 0.45699614
0.61459184 0.5497246 0.442204
0.62635654 0.5614893 0.4539687
0.6067487 0.54188144 0.43436086
0.6185134 0.55364615 0.44612557
0.6341997 0.5679829 0.46876085
0.63812125 0.5719045 0.47268242
0.6459644 0.5797476 0.48052555
0.6420428 0.57582605 0.47660398
0.6577291 0.5915123 0.49229026
0.6577291 0.5915123 0.49229026
0.6577291 0.59286183 0.48534125
0.6694938 0.60462654 0.49710596
0.68518007 0.6189633 0.51974124
0.42789388 0.38677406 0.32614115
0.11805092 0.107627444 0.09938037
0.11805092 0.10627789 0.10632938
0.12197249 0.11019946 0.11025095
0.11020778 0.09843475 0.098486245
0.10470981 0.10123528 0.098486245
0.10863138 0.1038073 0.109356835
0.099211834 0.10268626 0.10543527
0.10782358 0.12249704 0.15283918
0.12193346 0.14355585 0.17939612
0.08587058 0.09359508 0.11843918
0.06549413 0.06067005 0.06621958
0.09059994 0.07882691 0.0788784
0.09059994 0.07882691 0.0788784
0.08667837 0.07490534 0.074956834
0.073337264 0.06986273 0.0671137
0.06549413 0.062019598 0.05927056
0.09059994 0.07882691 0.0788784
0.102364644 0.09194117 0.08369409
0.11020778 0.09978431 0.09153723
0.098443076 0.08667005 0.08672154
0.09059994 0.080176465 0.07192939
0.109439105 0.08646716 0.058925465
0.55257636 0.53095394 0.49511373
0.09059994 0.07882691 0.0788784
0.071760856 0.073885724 0.08493336
0.07960399 0.08172886 0.0927765
0.07960399 0.08172886 0.0927765
0.0913687 0.093493566 0.104541205
0.1031334 0.10525827 0.11630591
0.16353334 0.15870927 0.1642588
0.3572666 0.34684312 0.33859605
0.6262004 0.69356537 0.73749804
0.87402785 0.95933956 0.9893725
0.920318 0.99173164 1.0
0.9226631 1.0 1.0
0.89990234 0.99351263 1.0
0.8128202 0.92322874 0.991851
0.5249692 0.6409772 0.7233961
0.34303963 0.4285526 0.50557643
0.18779239 0.23026177 0.28259605
0.153306 0.1749284 0.21076867
0.14780803 0.17637938 0.21771768
0.21128279 0.29119623 0.35442358
0.5085533 0.57456875 0.6268
0.13446684 0.1713368 0.20987454
0.17918058 0.20775193 0.24909022
0.12350987 0.13953286 0.16157645
0.11724313 0.12631717 0.14286278
0.12900785 0.13808188 0.15462749
0.14077255 0.14849705 0.17334116
0.12820019 0.15677154 0.19810984
0.8168198 0.8523402 0.8991765
0.83250606 0.869376 0.90791374
0.8536904 0.88226175 0.9236
0.8536904 0.88226175 0.9236
0.84584725 0.8744186 0.9157569
0.83250606 0.869376 0.90791374
0.8050551 0.8405755 0.8874117
0.47879618 0.49906904 0.5432079
0.15488242 0.17090541 0.192949
0.2042864 0.22995743 0.24090199
0.27329823 0.30726776 0.3154118
0.32900783 0.34213054 0.33378038
0.36668622 0.35201278 0.32167056
0.47107017 0.39520538 0.30708233
0.660921 0.5460612 0.408353
0.67034054 0.54853183 0.40532547
0.67034054 0.5498814 0.39837646
0.6954464 0.5666887 0.4179843
0.6899484 0.5681397 0.4249333
0.6977915 0.5759828 0.43277645
0.6899484 0.56948924 0.4179843
0.67583853 0.5470809 0.39837646
0.67191696 0.5431593 0.3944549
0.6640738 0.53531617 0.38661176
0.6742621 0.5524534 0.40924704
0.6742621 0.5524534 0.40924704
0.65857583 0.5367671 0.39356077
0.6562307 0.52747303 0.37876862
0.644466 0.5157083 0.36700392
0.64838755 0.5196299 0.3709255
0.64838755 0.5209794 0.36397654
0.6421209 0.5064141 0.35221183
0.6523091 0.524901 0.3678981
0.6562307 0.52882254 0.37181967
0.6640738 0.5366657 0.3796628
0.66172874 0.52602196 0.37181967
0.64996403 0.51425725 0.36005497
0.27487463 0.30054566 0.31149024
0.27252948 0.29125157 0.2966981
0.27095306 0.29797366 0.30061966
0.2787962 0.3058168 0.3084628
0.29213732 0.3108594 0.31630594
0.331353 0.34872553 0.36247063
0.28663933 0.31231037 0.32325494
0.28663933 0.31231037 0.32325494
0.33212176 0.3633922 0.38813332
0.3164355 0.34770593 0.37244704
0.2889845 0.31890538 0.35194513
0.2889845 0.31890538 0.35194513
0.2654551 0.29537597 0.32841572
0.2403492 0.27721918 0.31575692
0.26780018 0.30467016 0.3432079
0.27014536 0.31531382 0.35105103
0.28191006 0.32707852 0.36281574
0.3540747 0.39094466 0.4294824
0.4285845 0.466804 0.49704316
0.44584724 0.4771177 0.5018588
0.4184353 0.4109121 0.43305886
0.39732912 0.32456586 0.31382743
0.37852895 0.28356922 0.26463532
0.36518782 0.2771771 0.26374117
0.27022344 0.23915419 0.26140398
0.14230998 0.17783041 0.22466664
0.136812 0.17928138 0.23161566
0.13131402 0.18073237 0.23856467
0.1493454 0.20706233 0.26209408
0.17914154 0.24380742 0.3043373
0.20736122 0.28592515 0.35745096
0.22147101 0.30563444 0.3909569
0.1979416 0.282105 0.3674275
0.21362787 0.29644173 0.39006278
0.25676513 0.339579 0.43320003
0.2944044 0.38551676 0.47633728
0.3398868 0.43929768 0.5273177
0.31870258 0.4250624 0.5185804
0.22616133 0.3255722 0.4135922
0.16499263 0.25475547 0.35387447
0.17049061 0.25330448 0.34692553
0.16656904 0.25073245 0.33605492
0.17521997 0.23718676 0.3143137
0.18779239 0.22891222 0.28954506
0.22943132 0.21340832 0.19136474
0.6035958 0.54992753 0.47000006
0.6130154 0.5523981 0.46697256
0.616937 0.55631965 0.47089413
0.6130154 0.5537476 0.46002352
0.61459184 0.5470255 0.45610195
0.6067487 0.54053193 0.44130987
0.594984 0.5287672 0.42954516
0.60440356 0.5312378 0.42651772
0.6083251 0.53515935 0.4304393
0.6200898 0.54692405 0.442204
0.6122467 0.5390809 0.43436086
0.6240114 0.5508456 0.44612557
0.63185453 0.55868876 0.4539687
0.6396977 0.5665319 0.46181184
0.6475408 0.57437503 0.46965498
0.6341997 0.5693324 0.46181184
0.6420428 0.57717556 0.46965498
0.6420428 0.57582605 0.47660398
0.6341997 0.5679829 0.46876085
0.64988595 0.5836692 0.48444712
0.64988595 0.5836692 0.48444712
0.6420428 0.57582605 0.47660398
0.64988595 0.5850187 0.4774981
0.66714865 0.5939829 0.48926282
0.6593055 0.58613974 0.48141968
0.65538394 0.58221817 0.4774981
0.67341536 0.605849 0.5149255
0.14238806 0.113816686 0.072478466
0.11570583 0.09833328 0.08458827
0.12747054 0.10874845 0.103301935
0.11412935 0.103705876 0.0954588
0.11020778 0.09978431 0.09153723
0.11020778 0.09978431 0.09153723
0.11412935 0.10235632 0.10240781
0.08744713 0.089572 0.10061964
0.17683542 0.19980736 0.22734898
0.096058875 0.11208188 0.13412546
0.06549413 0.06067005 0.06621958
0.07725883 0.0737843 0.071035266
0.09059994 0.07882691 0.0788784
0.073337264 0.06986273 0.0671137
0.06549413 0.06067005 0.06621958
0.07725883 0.07243475 0.07798429
0.06549413 0.06067005 0.06621958
0.07725883 0.07243475 0.07798429
0.07725883 0.0737843 0.071035266
0.0811804 0.07770587 0.074956834
0.07725883 0.0737843 0.071035266
0.1196274 0.102254845 0.088509835
0.5251254 0.50215346 0.47461176
0.29217643 0.27480388 0.26105887
0.0811804 0.07635632 0.08190586
0.071760856 0.073885724 0.08493336
0.07960399 0.08172886 0.0927765
0.08744713 0.089572 0.10061964
0.099211834 0.1013367 0.11238434
0.13608237 0.1312583 0.13680781
0.2066706 0.20319608 0.20044704
0.48033366 0.5324511 0.57368624
0.8293141 0.92022526 0.9640549
0.9014788 0.98544097 1.0
0.88421607 0.9764768 1.0
0.8551887 0.95169926 1.0
0.7657614 0.8775194 0.9378431
0.26856893 0.31933683 0.36887056
0.15645882 0.16553286 0.18207847
0.36745492 0.36263084 0.36818036
0.18548635 0.18761122 0.19865885
0.12666282 0.1287877 0.13983533
0.13292941 0.143353 0.15160003
0.4129373 0.41641176 0.41916075
0.10939999 0.119823575 0.12807062
0.16980007 0.17192495 0.18297258
0.11489811 0.11702298 0.12807062
0.11647452 0.11165044 0.11719997
0.12274125 0.12486612 0.13591376
0.1423491 0.14447397 0.1555216
0.13761973 0.15924212 0.1950824
0.8183963 0.8483172 0.8813569
0.8435021 0.8651245 0.90096474
0.8591884 0.88216037 0.90970194
0.8591884 0.88216037 0.90970194
0.85134524 0.87296766 0.9088079
0.83408254 0.8640035 0.89704317
0.808208 0.82848084 0.8726196
0.42312548 0.42950043 0.46264312
0.1541138 0.15488912 0.17423533
0.17841183 0.19578436 0.20952944
0.2435021 0.26917312 0.2801177
0.28587058 0.2989933 0.29064313
0.34473324 0.32311085 0.28727058
0.47972104 0.38435882 0.27144313
0.6154386 0.49362987 0.3504235
0.6287797 0.50002205 0.35131764
0.6209366 0.49217892 0.3434745
0.64838755 0.5209794 0.36397654
0.644466 0.51705784 0.36005497
0.6562307 0.52747303 0.37876862
0.67583853 0.5470809 0.39837646
0.6640738 0.53531617 0.38661176
0.6523091 0.52355146 0.37484705
0.64838755 0.5196299 0.3709255
0.66015226 0.5313946 0.3826902
0.6562307 0.52747303 0.37876862
0.64838755 0.5196299 0.3709255
0.644466 0.5157083 0.36700392
0.63662285 0.5078652 0.35916078
0.6405444 0.51313627 0.3561334
0.64838755 0.5209794 0.36397654
0.6578072 0.5221004 0.3678981
0.64838755 0.5209794 0.36397654
0.64996403 0.51425725 0.36005497
0.6538856 0.5181788 0.36397654
0.6538856 0.5181788 0.36397654
0.6538856 0.5181788 0.36397654
0.28037262 0.2990947 0.30454123
0.27252948 0.29125157 0.2966981
0.27252948 0.29125157 0.2966981
0.27252948 0.29125157 0.2966981
0.29213732 0.3108594 0.31630594
0.32350987 0.34223196 0.34767848
0.2960589 0.3134314 0.3271765
0.29213732 0.30950984 0.32325494
0.3282002 0.35947064 0.38421175
0.32035705 0.35027793 0.38331768
0.29682764 0.32674852 0.35978827
0.2905609 0.3121833 0.34802356
0.3023256 0.32259846 0.3667373
0.27329823 0.30186957 0.3432079
0.28506294 0.31363428 0.3549726
0.2795649 0.31643486 0.3549726
0.27172175 0.30859172 0.34712946
0.33446684 0.37268636 0.40292552
0.41839626 0.44831714 0.4813569
0.4395805 0.46255246 0.4900941
0.39882746 0.39265382 0.406502
0.3800664 0.31425214 0.30901182
0.37460738 0.27964765 0.26071376
0.36518782 0.2771771 0.26374117
0.27806658 0.2483469 0.26229802
0.1399649 0.1671867 0.2168235
0.12739246 0.17816034 0.2276941
0.1352356 0.18465394 0.24248624
0.14384742 0.2085133 0.26904318
0.17364348 0.2439089 0.31823528
0.21362787 0.29914084 0.37616467
0.23558088 0.32669324 0.41751376
0.2300829 0.32679468 0.43141174
0.23242806 0.33743834 0.43925488
0.26380062 0.3688109 0.47062743
0.31554967 0.4371571 0.5333725
0.36653006 0.48813748 0.5843529
0.3288908 0.44219968 0.54121566
0.22066335 0.32702318 0.42054117
0.21282022 0.3178305 0.41964704
0.22693002 0.3402389 0.43925488
0.22616133 0.32287312 0.42749017
0.22070232 0.28826863 0.3791922
0.24742366 0.26499742 0.3257333
0.4882939 0.440225 0.3740941
0.5918311 0.5381628 0.45823535
0.6035958 0.5512771 0.463051
0.6130154 0.5523981 0.46697256
0.616937 0.55631965 0.47089413
0.60909384 0.549826 0.45610195
0.61067027 0.54310393 0.4521804
0.594984 0.5287672 0.42954516
0.6083251 0.53515935 0.4304393
0.6240114 0.5508456 0.44612557
0.6122467 0.5390809 0.43436086
0.60440356 0.5312378 0.42651772
0.6122467 0.5390809 0.43436086
0.6122467 0.5390809 0.43436086
0.62793297 0.5547672 0.45004714
0.63185453 0.55868876 0.4539687
0.6185134 0.55229664 0.45307457
0.6420428 0.57582605 0.47660398
0.6459644 0.5797476 0.48052555
0.64988595 0.5836692 0.48444712
0.64988595 0.5836692 0.48444712
0.6577291 0.5915123 0.49229026
0.64988595 0.5836692 0.48444712
0.6538075 0.58894026 0.48141968
0.6632271 0.5900613 0.48534125
0.6632271 0.5900613 0.48534125
0.66714865 0.5939829 0.48926282
0.65538394 0.58221817 0.4774981
0.6639958 0.604728 0.5110039
0.13219976 0.095329896 0.056792192
0.12354897 0.10617641 0.0924314
0.12747054 0.11009798 0.09635297
0.11412935 0.103705876 0.0954588
0.12589405 0.11547058 0.1072235
0.10628621 0.09586274 0.08761566
0.102364644 0.09059162 0.09064311
0.09213731 0.10816031 0.13020389
0.1195883 0.1356113 0.15765488
0.073337264 0.068513185 0.07406272
0.096866675 0.09339214 0.09064311
0.08510197 0.081627436 0.0788784
0.09059994 0.07882691 0.0788784
0.23412158 0.2292975 0.23484702
0.1375807 0.19259852 0.26422748
0.025431674 0.073500454 0.1396314
0.046654895 0.054379392 0.0792235
0.056074575 0.05819945 0.06924709
0.06157255 0.055398922 0.06924709
0.07725883 0.07243475 0.07798429
0.10863138 0.10515685 0.10240781
0.102364644 0.09194117 0.08369409
0.57060784 0.55323523 0.5394902
0.21609014 0.20566666 0.19741958
0.0811804 0.07635632 0.08190586
0.07960399 0.08172886 0.0927765
0.08352556 0.08565043 0.09669807
0.095290266 0.09606559 0.115411796
0.11489811 0.11702298 0.12807062
0.1658785 0.16665383 0.18600003
0.4081689 0.46723542 0.5139686
0.821471 0.91103256 0.9631608
0.8661847 0.9474477 1.0
0.83715725 0.92671883 0.9788471
0.8018632 0.8900752 0.950502
0.7038239 0.792036 0.85246277
0.2536904 0.28361127 0.31665102
0.1439255 0.13910143 0.14465095
0.39256072 0.38213724 0.37389016
0.20040387 0.18998039 0.18173331
0.12197249 0.11019946 0.11025095
0.12904695 0.104725435 0.08548239
0.4129763 0.38440493 0.3430667
0.12981562 0.11939215 0.11114507
0.120396085 0.11692155 0.11417252
0.11647452 0.11299998 0.11025095
0.12197249 0.11019946 0.11025095
0.12981562 0.118042596 0.11809409
0.14784707 0.143023 0.14857252
0.14703928 0.16171272 0.19205487
0.8411569 0.85583043 0.88617253
0.8466549 0.85437936 0.8792235
0.8701843 0.87925833 0.8958039
0.8701843 0.87790877 0.90275294
0.8584196 0.86614406 0.89098823
0.8411569 0.85583043 0.88617253
0.80351764 0.8112421 0.8360863
0.36745492 0.36128128 0.37512946
0.15176864 0.14694457 0.15249409
0.1940981 0.21147063 0.22521572
0.28271776 0.3083888 0.31933337
0.3211647 0.33293787 0.33288625
0.39336845 0.3647971 0.32345885
0.5754151 0.47445348 0.34774122
0.66641897 0.54461026 0.4014039
0.67583853 0.5457313 0.40532547
0.67583853 0.5470809 0.39837646
0.6562307 0.52882254 0.37181967
0.6640738 0.5366657 0.3796628
0.6679954 0.54058725 0.38358438
0.67191696 0.5445088 0.38750595
0.6797601 0.55100244 0.40229803
0.68760324 0.5588456 0.41014117
0.6915248 0.56276715 0.41406274
0.67191696 0.5445088 0.38750595
0.66015226 0.5327441 0.37574124
0.64838755 0.5209794 0.36397654
0.66015226 0.5327441 0.37574124
0.6679954 0.53923774 0.39053333
0.6523091 0.524901 0.3678981
0.64838755 0.5209794 0.36397654
0.6538856 0.5181788 0.36397654
0.64604247 0.5103357 0.3561334
0.6538856 0.5181788 0.36397654
0.64996403 0.51425725 0.36005497
0.6578072 0.5221004 0.3678981
0.6578072 0.5221004 0.3678981
0.26468635 0.28340843 0.28885496
0.26626274 0.27668634 0.2849334
0.27568242 0.2778073 0.28885496
0.3078236 0.3265457 0.3319922
0.3195883 0.3383104 0.3437569
0.31724313 0.32766673 0.33591378
0.28979215 0.29886618 0.3154118
0.281949 0.29102305 0.30756867
0.31566674 0.33034018 0.36068234
0.3195883 0.33291218 0.37155297
0.3140903 0.3357127 0.37155297
0.27252948 0.28450382 0.3314432
0.29998046 0.3119548 0.35889417
0.2960589 0.30803323 0.3549726
0.2670315 0.28730434 0.3314432
0.2670315 0.28730434 0.3314432
0.2552668 0.27553964 0.3196785
0.30390203 0.31587636 0.36281574
0.358804 0.37077832 0.4177177
0.36980006 0.3678763 0.4038196
0.35492152 0.3321508 0.35160005
0.367533 0.28647122 0.2785333
0.37068582 0.27572608 0.2567922
0.36518782 0.2771771 0.26374117
0.26864702 0.24722585 0.25837645
0.14230998 0.17783041 0.22466664
0.136812 0.17793183 0.23856467
0.1375807 0.19394808 0.25727847
0.15561213 0.21892846 0.2877569
0.17598864 0.25320303 0.33302742
0.22773774 0.3188501 0.40967062
0.2677222 0.37273246 0.474549
0.28967512 0.40163445 0.508949
0.3116281 0.4305364 0.54334897
0.3163183 0.45047426 0.56598437
0.36337712 0.49888262 0.60609406
0.37671837 0.5052747 0.6069882
0.31320453 0.4265134 0.5255294
0.27164376 0.37665403 0.47847056
0.31320453 0.4265134 0.5255294
0.35476536 0.4750232 0.5795372
0.36026335 0.4722227 0.5795372
0.33754164 0.42730448 0.5264235
0.32427862 0.34880134 0.41503528
0.59809786 0.5513785 0.4769491
0.6035958 0.54992753 0.47000006
0.6153605 0.56169224 0.48176476
0.61928207 0.5669634 0.47873726
0.616937 0.55766916 0.4639451
0.62085855 0.56159073 0.46786666
0.63262326 0.57335544 0.47963136
0.6420428 0.57582605 0.47660398
0.63812125 0.5719045 0.47268242
0.6302781 0.56541085 0.45789027
0.6475408 0.57437503 0.46965498
0.64361924 0.57045346 0.4657334
0.6302781 0.56541085 0.45789027
0.63812125 0.573254 0.4657334
0.63812125 0.573254 0.4657334
0.6420428 0.57717556 0.46965498
0.6538075 0.58759075 0.4883687
0.6655722 0.59935546 0.5001334
0.66165066 0.5954339 0.49621183
0.6679174 0.60864955 0.5149255
0.66165066 0.5940843 0.5031608
0.66165066 0.5954339 0.49621183
0.6655722 0.59935546 0.5001334
0.6812585 0.61504173 0.51581967
0.6812585 0.61639124 0.50887066
0.6655722 0.60070497 0.4931844
0.6812585 0.61639124 0.50887066
0.68518007 0.6189633 0.51974124
0.68910164 0.62288487 0.5236628
0.69536835 0.63610053 0.54237646
0.11885865 0.09028728 0.048949055
0.1313921 0.115369104 0.093325526
0.11570583 0.09833328 0.08458827
0.12197249 0.11289854 0.09635297
0.11570583 0.09833328 0.08458827
0.102364644 0.09194117 0.08369409
0.08744713 0.089572 0.10061964
0.15488242 0.17090541 0.192949
0.06391772 0.06604259 0.077090226
0.08510197 0.081627436 0.0788784
0.08510197 0.081627436 0.0788784
0.08667837 0.07490534 0.074956834
0.46234116 0.4714152 0.48796082
0.6410788 0.72524226 0.81056476
0.5845615 0.7117683 0.8217804
0.33592615 0.46873257 0.59254116
0.025431674 0.073500454 0.1396314
0.058419604 0.0661441 0.090988204
0.059996147 0.060771473 0.08011768
0.07960399 0.08172886 0.0927765
0.11647452 0.11165044 0.11719997
0.22001171 0.20958823 0.20134115
0.53373724 0.52331376 0.5150667
0.22235687 0.21888235 0.21613331
0.07960399 0.08172886 0.0927765
0.08352556 0.08565043 0.09669807
0.0913687 0.093493566 0.104541205
0.099211834 0.09998716 0.119333364
0.131353 0.147376 0.16941959
0.26618475 0.34609818 0.40932554
0.8191259 0.9003889 0.9553177
0.83012193 0.89613736 0.9483686
0.7987494 0.8661144 0.91004705
0.72189444 0.7809609 0.8276941
0.58463955 0.643706 0.6904392
0.23565896 0.2586309 0.28617254
0.1321608 0.12868628 0.12593724
0.38079602 0.37037253 0.36212546
0.18863916 0.17821568 0.1699686
0.11805092 0.107627444 0.09938037
0.13062336 0.10205199 0.06071376
0.41455272 0.3790324 0.33219612
0.12747054 0.11009798 0.09635297
0.12589405 0.11412103 0.11417252
0.12197249 0.11019946 0.11025095
0.12589405 0.11412103 0.11417252
0.12981562 0.118042596 0.11809409
0.14942348 0.13765046 0.13770194
0.12508628 0.13281077 0.15765488
0.87176085 0.8725362 0.8918824
0.8364667 0.8385916 0.84963924
0.879604 0.8817288 0.8927765
0.8678393 0.8686146 0.8879608
0.85999614 0.8607715 0.88011765
0.84430987 0.8450852 0.8644314
0.7949059 0.78873223 0.8025804
0.2945215 0.28139895 0.289749
0.14158034 0.12980732 0.1298588
0.19175294 0.20217653 0.21042356
0.27487463 0.30054566 0.31149024
0.34861568 0.36038885 0.36033723
0.3910233 0.35685253 0.3017177
0.62405044 0.51613975 0.3839295
0.65857583 0.5367671 0.39356077
0.66641897 0.54461026 0.4014039
0.644466 0.5157083 0.36700392
0.644466 0.51705784 0.36005497
0.6797601 0.55235195 0.3953491
0.68368167 0.554924 0.4062196
0.6640738 0.53531617 0.38661176
0.67191696 0.5431593 0.3944549
0.67191696 0.5431593 0.3944549
0.6562307 0.52882254 0.37181967
0.6523091 0.524901 0.3678981
0.64838755 0.5209794 0.36397654
0.63427776 0.498571 0.3443687
0.62485814 0.49745 0.34044713
0.6209366 0.49352843 0.33652556
0.63662285 0.5078652 0.35916078
0.6287797 0.50137156 0.3443687
0.6303562 0.49464944 0.34044713
0.6381993 0.50249255 0.34829026
0.63427776 0.498571 0.3443687
0.6303562 0.495999 0.33349812
0.6319326 0.48927692 0.32957655
0.6162463 0.47359064 0.31389022
0.23804314 0.23051997 0.2526667
0.23804314 0.23051997 0.2526667
0.24588628 0.2383631 0.26050985
0.2913687 0.292144 0.31149024
0.31332156 0.3223956 0.33894122
0.28744712 0.28687292 0.31451762
0.26549414 0.25662142 0.28706664
0.26707053 0.24854976 0.2900941
0.2827568 0.26288646 0.31272945
0.28902355 0.27475262 0.33839214
0.3031334 0.29716098 0.35799998
0.29529026 0.28931785 0.35015684
0.28352556 0.2762036 0.34534115
0.28744712 0.27742606 0.36316082
0.24823146 0.2409095 0.31004703
0.25372943 0.23675942 0.31699607
0.24588628 0.22891627 0.3091529
0.25530583 0.23138687 0.30612546
0.2709921 0.24707314 0.32181174
0.27256858 0.2430501 0.3039922
0.2757214 0.2350041 0.268353
0.34557998 0.25621969 0.25108233
0.36834073 0.2650824 0.24894907
0.36284268 0.26788294 0.24894907
0.27022344 0.24050376 0.25445488
0.1517296 0.18030095 0.22163925
0.136812 0.17793183 0.23856467
0.1375807 0.19394808 0.25727847
0.1595337 0.22285002 0.29167846
0.19167495 0.2688893 0.3487137
0.24969074 0.34775206 0.44407058
0.3288908 0.44085014 0.54816467
0.3743732 0.49328148 0.60609406
0.40809095 0.53529775 0.6453098
0.41278112 0.5552356 0.66794515
0.4167027 0.5591572 0.6718667
0.3672987 0.5028042 0.61001563
0.29202026 0.41362768 0.5098431
0.34849864 0.46180752 0.5608235
0.43319675 0.55480415 0.6510196
0.49202028 0.6122781 0.71679217
0.49986342 0.62012124 0.7246353
0.45987904 0.5648894 0.66670585
0.43408254 0.46130434 0.51094115
0.59809786 0.5513785 0.4769491
0.60751736 0.5538491 0.47392163
0.60751736 0.55519867 0.46697256
0.6153605 0.5630418 0.4748157
0.6287017 0.56943387 0.4757098
0.6130154 0.5537476 0.46002352
0.6130154 0.55509716 0.45307457
0.622435 0.5562182 0.45699614
0.6341997 0.5679829 0.46876085
0.6341997 0.5679829 0.46876085
0.622435 0.5575677 0.45004714
0.6185134 0.55364615 0.44612557
0.62635654 0.5614893 0.4539687
0.6420428 0.57717556 0.46965498
0.63812125 0.5719045 0.47268242
0.6459644 0.5797476 0.48052555
0.6459644 0.5797476 0.48052555
0.6538075 0.58759075 0.4883687
0.66165066 0.5954339 0.49621183
0.6577291 0.5915123 0.49229026
0.6577291 0.5915123 0.49229026
0.6577291 0.5915123 0.49229026
0.66165066 0.5954339 0.49621183
0.6694938 0.603277 0.50405496
0.6655722 0.60070497 0.4931844
0.6655722 0.60070497 0.4931844
0.6812585 0.61639124 0.50887066
0.67733693 0.61112016 0.5118981
0.67341536 0.6071986 0.50797653
0.67341536 0.6085481 0.5010275
0.68360364 0.6229863 0.53756076
0.11808996 0.07427104 0.030235328
0.12120381 0.0968823 0.07763925
0.13531367 0.11794112 0.10419611
0.111784264 0.09441171 0.0806667
0.11570583 0.09833328 0.08458827
0.11020778 0.09843475 0.098486245
0.15096085 0.16698384 0.18902743
0.08979215 0.09886619 0.115411796
0.102364644 0.09194117 0.08369409
0.11020778 0.09978431 0.09153723
0.102364644 0.09059162 0.09064311
0.0913687 0.09484313 0.09759213
0.23565896 0.25728136 0.2931216
0.6732592 0.73657554 0.80540395
0.6504594 0.7637683 0.86278427
0.54611444 0.6858698 0.8151765
0.28963608 0.43768993 0.5641961
0.021471001 0.10428486 0.19790591
0.056843195 0.07151665 0.101858795
0.071760856 0.07253618 0.091882385
0.093713716 0.102787755 0.119333364
0.2286236 0.23209803 0.23484702
0.4756824 0.47645772 0.49580395
0.19725105 0.19937593 0.21042356
0.08352556 0.08565043 0.09669807
0.08744713 0.08822245 0.10756866
0.093713716 0.10143822 0.12628232
0.09367475 0.13479458 0.19542742
0.5799102 0.6598237 0.723051
0.75641984 0.80293787 0.8303765
0.7823334 0.799706 0.81345105
0.7086314 0.70515686 0.70240784
0.64273334 0.65450644 0.6544549
0.53604335 0.56866336 0.5851059
0.25292164 0.26894465 0.2909882
0.13765877 0.12588575 0.12593724
0.36276466 0.3453921 0.3316471
0.16276465 0.14404257 0.13859606
0.12354897 0.10482688 0.09938037
0.19102329 0.15415342 0.115615726
0.38318017 0.34765986 0.30082357
0.12747054 0.11009798 0.09635297
0.12354897 0.10482688 0.09938037
0.12354897 0.10482688 0.09938037
0.12747054 0.10874845 0.103301935
0.13923524 0.121862695 0.108117685
0.14550191 0.13372889 0.13378038
0.35176864 0.34694457 0.3524941
0.8749137 0.86314064 0.86319214
0.8278549 0.8160818 0.8161333
0.87883526 0.86571264 0.8740627
0.86707056 0.85394794 0.862298
0.84980786 0.8436342 0.8574824
0.8396196 0.82649696 0.83484703
0.7706078 0.75053614 0.7533882
0.28825486 0.26953277 0.26408625
0.15099995 0.13227786 0.12683135
0.16980007 0.17462406 0.16907449
0.23881176 0.2505849 0.2505333
0.32823923 0.32746378 0.3081177
0.45223108 0.39161375 0.30618823
0.6177838 0.50292397 0.36521575
0.638968 0.51850885 0.36700392
0.6640738 0.53531617 0.38661176
0.6679954 0.53923774 0.39053333
0.66015226 0.5313946 0.3826902
0.67191696 0.5445088 0.38750595
0.6640738 0.5366657 0.3796628
0.67191696 0.5431593 0.3944549
0.68368167 0.554924 0.4062196
0.68760324 0.5588456 0.41014117
0.67191696 0.5445088 0.38750595
0.6523091 0.524901 0.3678981
0.66015226 0.5327441 0.37574124
0.63662285 0.5092147 0.35221183
0.6381993 0.50249255 0.34829026
0.64838755 0.5209794 0.36397654
0.6523091 0.524901 0.3678981
0.6562307 0.52747303 0.37876862
0.66015226 0.5313946 0.3826902
0.6578072 0.5221004 0.3678981
0.64604247 0.5103357 0.3561334
0.6381993 0.5038421 0.34134126
0.6476189 0.50496316 0.34526283
0.65154046 0.5088847 0.3491844
0.20432544 0.18580467 0.22734898
0.20982347 0.18165454 0.23429808
0.22316459 0.18669716 0.24214122
0.24511759 0.21829821 0.2626431
0.26238027 0.22591284 0.2813569
0.23885086 0.20238343 0.2578275
0.25061557 0.21279858 0.2765412
0.252192 0.20607647 0.27261963
0.2757214 0.22825637 0.30309802
0.274145 0.23227938 0.32091764
0.27883524 0.25221717 0.34355298
0.30236465 0.27574658 0.3670824
0.29294512 0.273276 0.37010986
0.28352556 0.27215496 0.3661883
0.27725884 0.25758973 0.35442358
0.25296074 0.21804406 0.31218043
0.24511759 0.20885137 0.3112863
0.24903916 0.21277294 0.31520787
0.24903916 0.21412249 0.30825886
0.24277243 0.20225637 0.28259605
0.25376838 0.20205349 0.25479996
0.3298937 0.23918386 0.24234514
0.36834073 0.2650824 0.24894907
0.36126626 0.27325553 0.2598196
0.27806658 0.2483469 0.26229802
0.1517296 0.18030095 0.22163925
0.136812 0.17793183 0.23856467
0.1470003 0.19506907 0.26120004
0.16345526 0.2267716 0.29560003
0.19402003 0.27818343 0.36350593
0.26145545 0.35951677 0.45583528
0.3626085 0.48286635 0.58738035
0.43319675 0.55210507 0.66491765
0.4747576 0.6019644 0.71197647
0.48886734 0.62302333 0.7385334
0.50063205 0.63478804 0.7502981
0.35318896 0.48174533 0.5834588
0.30928296 0.42259184 0.5216078
0.40966734 0.5299252 0.63443923
0.49594185 0.6161997 0.72071373
0.52965957 0.6582159 0.7599294
0.5492674 0.6778237 0.77953726
0.5249692 0.6382781 0.7372941
0.53450596 0.5379804 0.5407294
0.5941763 0.5474569 0.47302753
0.59575266 0.54343396 0.45520785
0.61143893 0.55912024 0.47089413
0.60909384 0.549826 0.45610195
0.616937 0.55901873 0.45699614
0.6067487 0.54053193 0.44130987
0.622435 0.5575677 0.45004714
0.622435 0.5575677 0.45004714
0.6341997 0.5693324 0.46181184
0.6302781 0.56541085 0.45789027
0.6475408 0.57437503 0.46965498
0.6420428 0.57717556 0.46965498
0.63812125 0.573254 0.4657334
0.6514624 0.5782966 0.47357655
0.6420428 0.57717556 0.46965498
0.6420428 0.57582605 0.47660398
0.66165066 0.5954339 0.49621183
0.66165066 0.5954339 0.49621183
0.6655722 0.60070497 0.4931844
0.6655722 0.60070497 0.4931844
0.6655722 0.59935546 0.5001334
0.67733693 0.61112016 0.5118981
0.68518007 0.6203128 0.5127922
0.68910164 0.6242344 0.5167138
0.6930232 0.62815595 0.52063537
0.6930232 0.62815595 0.52063537
0.6969448 0.6320775 0.52455693
0.6812585 0.61639124 0.50887066
0.68518007 0.6203128 0.5127922
0.68518007 0.6216624 0.50584316
0.6828349 0.6110187 0.49800006
0.6804897 0.6017246 0.48320782
0.19967422 0.14465638 0.07302749
0.13689008 0.11391814 0.08637644
0.111784264 0.09576126 0.07371768
0.13531367 0.11794112 0.10419611
0.10394113 0.08521904 0.079772525
0.10705497 0.10917984 0.12022748
0.15253726 0.16161129 0.1781569
0.08902354 0.08419946 0.08974899
0.16510975 0.15468627 0.1464392
0.12197249 0.11154901 0.103301935
0.11412935 0.103705876 0.0954588
0.13608237 0.1312583 0.13680781
0.097635284 0.106709324 0.12325493
0.6521139 0.68763435 0.7344706
0.68421614 0.7697291 0.84675294
0.61985564 0.74706244 0.8570745
0.5390401 0.6940429 0.82604706
0.38060087 0.54255277 0.68005484
0.14845961 0.29516393 0.4299686
0.019125909 0.09364116 0.19006278
0.057611946 0.0861833 0.1275216
0.074874625 0.095147476 0.13928631
0.20036483 0.22063766 0.2647765
0.14627066 0.14569645 0.17334116
0.08744713 0.08822245 0.10756866
0.08979215 0.0961671 0.12930977
0.11247487 0.17714076 0.23767063
0.6630709 0.7221374 0.7688706
0.7376588 0.7299344 0.7050902
0.6788743 0.6377545 0.57712156
0.6592665 0.61814666 0.5575137
0.6286626 0.6000912 0.558753
0.5015569 0.51333 0.5132784
0.2584196 0.2688432 0.27709025
0.12981562 0.11939215 0.11114507
0.17060779 0.15323524 0.13949023
0.15099995 0.1336274 0.11988239
0.1313921 0.11401955 0.10027454
0.18552531 0.15425485 0.12951371
0.20747831 0.18450637 0.15696469
0.1313921 0.115369104 0.093325526
0.1196274 0.102254845 0.088509835
0.12747054 0.11009798 0.09635297
0.12747054 0.11009798 0.09635297
0.14473322 0.11906217 0.108117685
0.15649793 0.12947734 0.12683135
0.68041176 0.66168964 0.65624315
0.8427724 0.81710136 0.8061569
0.8310077 0.80533665 0.7943922
0.8608039 0.8420818 0.8366353
0.8490392 0.8303171 0.8248706
0.8372745 0.8185524 0.8131059
0.8310077 0.80533665 0.7943922
0.7557292 0.71616024 0.6942196
0.43416056 0.3945916 0.37265095
0.1604195 0.136098 0.116854936
0.17687446 0.16645098 0.1582039
0.26314896 0.25272548 0.24447842
0.3619959 0.33207503 0.29903528
0.5738387 0.47847643 0.36556077
0.6860268 0.5642181 0.42101175
0.6742621 0.55380297 0.40229803
0.6781837 0.55907404 0.39927065
0.71113265 0.5837245 0.42672163
0.6954464 0.5680382 0.41103536
0.68368167 0.5562735 0.39927065
0.6891797 0.5548225 0.39232165
0.6915248 0.56411666 0.4071138
0.7072111 0.57980293 0.42280006
0.6915248 0.56411666 0.4071138
0.7072111 0.57980293 0.42280006
0.67191696 0.5445088 0.38750595
0.67583853 0.5484304 0.39142752
0.6679954 0.54058725 0.38358438
0.6640738 0.5366657 0.3796628
0.6656503 0.5312931 0.36879224
0.6640738 0.5366657 0.3796628
0.6656503 0.5299435 0.37574124
0.6640738 0.5366657 0.3796628
0.67349344 0.53778666 0.38358438
0.6891797 0.55347294 0.39927065
0.6578072 0.52344996 0.3609491
0.64996403 0.5156068 0.35310596
0.6656503 0.5312931 0.36879224
0.22316459 0.18399808 0.2560392
0.22866257 0.18254706 0.24909022
0.23808211 0.18231858 0.25996077
0.263188 0.19777632 0.28651762
0.263188 0.19777632 0.28651762
0.263188 0.19777632 0.28651762
0.263188 0.19642676 0.29346663
0.26710957 0.20034833 0.2973882
0.30082723 0.2423646 0.3366039
0.2992508 0.24773714 0.34747455
0.28198814 0.23607387 0.34960783
0.31570584 0.27943963 0.38187456
0.30470982 0.2850407 0.38187456
0.29529026 0.28257012 0.38490194
0.2913687 0.277299 0.38792938
0.26707053 0.23640385 0.35263526
0.2568823 0.217917 0.336949
0.26080388 0.22183856 0.34087056
0.2568823 0.217917 0.336949
0.25061557 0.2074004 0.3043373
0.26161152 0.20854707 0.2695922
0.32597214 0.23391275 0.2453726
0.36441916 0.26116082 0.2450275
0.36284268 0.26788294 0.24894907
0.28198814 0.25226846 0.2662196
0.14780803 0.17637938 0.21771768
0.14073357 0.18320295 0.23553723
0.1493454 0.20706233 0.26209408
0.1712984 0.23461473 0.30344316
0.21362787 0.2977913 0.38311377
0.28733003 0.3923403 0.49415684
0.39398104 0.5142389 0.6187529
0.4645693 0.5834776 0.6962902
0.5100517 0.6372585 0.7472706
0.53592616 0.6714317 0.77864313
0.48886734 0.6243729 0.7315843
0.27398884 0.38594818 0.4932627
0.34457707 0.45788595 0.55690193
0.44888303 0.56914085 0.6736549
0.5100517 0.63860804 0.7403216
0.5492674 0.6778237 0.77953726
0.553189 0.6817453 0.7834588
0.53281236 0.64612126 0.7451372
0.5737606 0.54518926 0.50385106
0.61928207 0.56426424 0.49263537
0.6271252 0.5748065 0.4865804
0.63262326 0.5720059 0.4865804
0.616937 0.55766916 0.4639451
0.62635654 0.5601398 0.4609177
0.61067027 0.5444535 0.44523144
0.61616826 0.5430025 0.43828243
0.6200898 0.54692405 0.442204
0.6240114 0.5508456 0.44612557
0.63185453 0.55868876 0.4539687
0.6357761 0.5626103 0.45789027
0.63185453 0.55868876 0.4539687
0.6302781 0.56541085 0.45789027
0.6341997 0.5693324 0.46181184
0.6420428 0.57717556 0.46965498
0.6420428 0.57717556 0.46965498
0.6459644 0.5810971 0.47357655
0.64988595 0.5850187 0.4774981
0.64988595 0.5850187 0.4774981
0.6514624 0.5782966 0.47357655
0.6514624 0.5782966 0.47357655
0.6593055 0.58613974 0.48141968
0.65538394 0.58221817 0.4774981
0.66714865 0.5939829 0.48926282
0.6710702 0.59790444 0.4931844
0.67891335 0.6057476 0.5010275
0.67891335 0.6057476 0.5010275
0.6655722 0.60070497 0.4931844
0.6710702 0.599254 0.48623535
0.6710702 0.599254 0.48623535
0.6569603 0.5795448 0.4527294
0.6515014 0.5489889 0.38358438
0.6185915 0.49098203 0.28698832
0.31109357 0.21708092 0.09586665
0.12670179 0.095431335 0.07069017
0.14865479 0.12433329 0.10509023
0.111784264 0.09441171 0.0806667
0.10628621 0.094513185 0.09456468
0.17764321 0.17976809 0.19081572
0.11255295 0.10772887 0.113278404
0.10863138 0.10515685 0.10240781
0.14550191 0.13507843 0.12683135
0.11805092 0.107627444 0.09938037
0.10628621 0.094513185 0.09456468
0.16510975 0.15333673 0.15338822
0.11255295 0.109078415 0.10632938
0.5603804 0.56945443 0.5860001
0.6881768 0.73894465 0.78847843
0.676373 0.7605364 0.8458589
0.6025928 0.7367488 0.85225886
0.5413852 0.7033371 0.84083915
0.48725188 0.66445136 0.80465096
0.3735264 0.5507258 0.6909255
0.14688319 0.30188602 0.43389016
0.048153292 0.11437005 0.21359219
0.16899228 0.1879156 0.24035291
0.1031334 0.10255919 0.13020389
0.08429417 0.09896763 0.12930977
0.42543167 0.47485003 0.5326823
0.67802745 0.688451 0.69669807
0.6961371 0.6480682 0.58193725
0.6663409 0.6126726 0.5327451
0.6428115 0.5891432 0.5092157
0.62554884 0.57747996 0.511349
0.56826264 0.5452907 0.517749
0.33765876 0.32723528 0.3189882
0.14315681 0.124434724 0.118988216
0.1196274 0.102254845 0.088509835
0.1839489 0.15962741 0.14038435
0.13689008 0.11121902 0.10027454
0.13296852 0.108647004 0.08940396
0.13689008 0.11256857 0.093325526
0.13689008 0.11256857 0.093325526
0.13296852 0.10729745 0.09635297
0.13296852 0.10729745 0.09635297
0.13296852 0.10729745 0.09635297
0.14865479 0.12433329 0.10509023
0.16749388 0.12792492 0.10598429
0.82239586 0.7841764 0.75393724
0.82239586 0.785526 0.7469883
0.8482704 0.817 0.7922588
0.8482704 0.8156504 0.79920787
0.8365057 0.80523527 0.7804941
0.83808213 0.7985132 0.7765725
0.8278939 0.78272545 0.7469883
0.74634874 0.68168277 0.62115294
0.62320364 0.56413716 0.51740396
0.16749388 0.12792492 0.10598429
0.16434106 0.13867001 0.12772553
0.2482704 0.21699995 0.1922588
0.39656037 0.319346 0.23952156
0.6036739 0.48321474 0.3317098
0.6287797 0.50137156 0.3443687
0.64838755 0.5209794 0.36397654
0.6640738 0.53801525 0.3727138
0.64838755 0.522329 0.35702753
0.6578072 0.52344996 0.3609491
0.66172874 0.5273715 0.36487067
0.64996403 0.5156068 0.35310596
0.6695719 0.53521466 0.3727138
0.6578072 0.52344996 0.3609491
0.6679954 0.5419368 0.37663537
0.68368167 0.5576231 0.39232165
0.68368167 0.5576231 0.39232165
0.6656503 0.5312931 0.36879224
0.6891797 0.5548225 0.39232165
0.6695719 0.53521466 0.3727138
0.6656503 0.5312931 0.36879224
0.6695719 0.53521466 0.3727138
0.66172874 0.5273715 0.36487067
0.67349344 0.53913623 0.37663537
0.6813366 0.5456298 0.39142752
0.68525815 0.54955137 0.3953491
0.68525815 0.54955137 0.3953491
0.677415 0.5430578 0.38055694
0.6695719 0.53521466 0.3727138
0.25534487 0.18858363 0.2856235
0.24984682 0.19138418 0.2856235
0.25534487 0.18858363 0.2856235
0.28045076 0.2053909 0.30523133
0.28045076 0.20404135 0.31218043
0.27260762 0.19619821 0.3043373
0.26710957 0.19764923 0.3112863
0.27103114 0.2015708 0.31520787
0.30867037 0.24750863 0.35834515
0.3267018 0.27248904 0.3888235
0.2992508 0.24503806 0.36137253
0.32354897 0.28593323 0.39666665
0.30470982 0.28369117 0.3888235
0.30705497 0.29433483 0.39666665
0.29921183 0.28514212 0.39577252
0.2913687 0.27594945 0.39487848
0.26314896 0.23248228 0.3487137
0.26864702 0.22968172 0.3487137
0.26080388 0.22183856 0.34087056
0.25453714 0.21132196 0.30825886
0.26161152 0.20854707 0.2695922
0.32597214 0.23391275 0.2453726
0.36441916 0.26116082 0.2450275
0.3589211 0.26396137 0.2450275
0.29140767 0.25473905 0.26319215
0.14780803 0.17637938 0.21771768
0.1352356 0.18465394 0.24248624
0.15326697 0.20963435 0.27296475
0.17914154 0.24245787 0.3112863
0.22931415 0.312128 0.40574905
0.314781 0.41979128 0.5216078
0.40182418 0.52073246 0.63354504
0.48260075 0.60980755 0.7198196
0.5375027 0.6647095 0.77472156
0.555534 0.69103956 0.798251
0.4135889 0.5324972 0.6453098
0.2426163 0.35592517 0.45494115
0.36026335 0.47357222 0.5725882
0.4645693 0.5848271 0.6893412
0.5100517 0.63860804 0.7403216
0.5492674 0.6778237 0.77953726
0.553189 0.6817453 0.7834588
0.53438884 0.64074874 0.73426664
0.5910233 0.5568525 0.5017177
0.60986257 0.5631432 0.4887138
0.61143893 0.55912024 0.47089413
0.616937 0.55631965 0.47089413
0.616937 0.55766916 0.4639451
0.62635654 0.5601398 0.4609177
0.61067027 0.5444535 0.44523144
0.6185134 0.55364615 0.44612557
0.62635654 0.5614893 0.4539687
0.62793297 0.5547672 0.45004714
0.63185453 0.55868876 0.4539687
0.6357761 0.5639599 0.45094123
0.6357761 0.5626103 0.45789027
0.62635654 0.5614893 0.4539687
0.6302781 0.56541085 0.45789027
0.63812125 0.573254 0.4657334
0.64988595 0.5850187 0.4774981
0.64988595 0.5850187 0.4774981
0.6538075 0.58894026 0.48141968
0.6420428 0.57717556 0.46965498
0.65538394 0.58221817 0.4774981
0.6593055 0.58613974 0.48141968
0.66714865 0.5939829 0.48926282
0.6632271 0.5900613 0.48534125
0.6710702 0.59790444 0.4931844
0.6749918 0.601826 0.49710596
0.6828349 0.6110187 0.49800006
0.67891335 0.60709715 0.4940785
0.6867565 0.6149403 0.50192165
0.66714865 0.59533244 0.48231378
0.66714865 0.59533244 0.48231378
0.67814463 0.59378004 0.46146673
0.65307784 0.54496586 0.3657647
0.62566584 0.4868576 0.25527066
0.58018345 0.43577576 0.19039214
0.44446597 0.3211065 0.13920783
0.1400429 0.101823494 0.071584284
0.12512538 0.10080387 0.08156082
0.14707838 0.12970583 0.11596082
0.12747054 0.11009798 0.09635297
0.1196274 0.100905314 0.0954588
0.102364644 0.09059162 0.09064311
0.10078824 0.09596416 0.1015137
0.11412935 0.10235632 0.10240781
0.10628621 0.094513185 0.09456468
0.11805092 0.10627789 0.10632938
0.12589405 0.11412103 0.11417252
0.13531367 0.11659159 0.11114507
0.28667837 0.27490535 0.27495685
0.6403883 0.64116365 0.6605098
0.6999415 0.75070935 0.80024314
0.670875 0.7619873 0.8528079
0.6182791 0.75378466 0.86099607
0.5782558 0.7346081 0.8583138
0.53980875 0.71005917 0.8447607
0.495095 0.6722945 0.8124941
0.30451462 0.47341546 0.6164156
0.0724514 0.15391572 0.25583526
0.06937665 0.09659847 0.14623526
0.4309686 0.44004264 0.45658827
0.6788743 0.63640493 0.5840706
0.67026246 0.6152446 0.54361576
0.61143893 0.5564211 0.48479223
0.5549606 0.5068917 0.4407608
0.47887427 0.43640488 0.38407063
0.28198814 0.25766662 0.23842357
0.12747054 0.11009798 0.09635297
0.1196274 0.102254845 0.088509835
0.111784264 0.09441171 0.0806667
0.16434106 0.14001957 0.120776504
0.13296852 0.108647004 0.08940396
0.14473322 0.120411724 0.10116866
0.14473322 0.120411724 0.10116866
0.12904695 0.104725435 0.08548239
0.13846649 0.10584648 0.08940396
0.14630963 0.11368961 0.097247094
0.1502312 0.11761119 0.10116866
0.1769135 0.13039549 0.10295684
0.48202717 0.4270093 0.35538042
0.8349683 0.778601 0.7152706
0.80986255 0.7604441 0.70261174
0.8514233 0.8076044 0.76356864
0.8318155 0.78799653 0.74396086
0.83339196 0.78262395 0.7330902
0.8271252 0.7694083 0.71437645
0.80909383 0.74712694 0.6700001
0.7471564 0.66569215 0.5637726
0.6977525 0.60664016 0.51581967
0.20201938 0.1485523 0.115615726
0.17768218 0.14641172 0.12167057
0.30398017 0.25456175 0.19672939
0.54169744 0.43378675 0.3015765
0.66641897 0.54595983 0.3944549
0.67583853 0.5484304 0.39142752
0.6915248 0.56411666 0.4071138
0.6954464 0.5693878 0.40408635
0.6915248 0.5654662 0.40016478
0.677415 0.5430578 0.38055694
0.6813366 0.54697937 0.3844785
0.6813366 0.54697937 0.3844785
0.68760324 0.56154466 0.3962432
0.6695719 0.53521466 0.3727138
0.64996403 0.5156068 0.35310596
0.6523091 0.52625054 0.3609491
0.6523091 0.52625054 0.3609491
0.6405444 0.51448584 0.3491844
0.63427776 0.49992058 0.3374197
0.6303562 0.495999 0.33349812
0.6185915 0.48558387 0.31478432
0.6185915 0.4842343 0.32173342
0.6421209 0.5077637 0.34526283
0.64604247 0.51168525 0.3491844
0.63427776 0.49992058 0.3374197
0.6264346 0.49207744 0.32957655
0.6303562 0.495999 0.33349812
0.6476189 0.5063127 0.33831373
0.63977575 0.49846962 0.3304706
0.2749527 0.20819147 0.30523133
0.26710957 0.20034833 0.2973882
0.26710957 0.20034833 0.2973882
0.28045076 0.2053909 0.30523133
0.28437233 0.20796292 0.316102
0.2765292 0.20011978 0.30825886
0.2749527 0.20549236 0.31912944
0.2749527 0.20549236 0.31912944
0.30867037 0.24615909 0.3652941
0.3267018 0.27248904 0.3888235
0.3133607 0.26744643 0.38098037
0.3313921 0.29377636 0.40450978
0.29294512 0.27192646 0.3770588
0.28352556 0.27080542 0.37313724
0.279604 0.26553428 0.37616467
0.279604 0.26418474 0.38311377
0.2694157 0.24569795 0.3674275
0.2709921 0.23897585 0.36350593
0.26472545 0.22710969 0.33784312
0.2584587 0.21524353 0.31218043
0.26161152 0.20854707 0.2695922
0.32597214 0.23526229 0.23842357
0.36441916 0.26116082 0.2450275
0.36284268 0.26788294 0.24894907
0.2859097 0.25619003 0.27014115
0.15957274 0.18814409 0.22948238
0.14307873 0.19249707 0.25032938
0.15326697 0.20963435 0.27296475
0.17756505 0.24783047 0.32215685
0.22773774 0.3188501 0.40967062
0.33281237 0.44612125 0.5451372
0.43319675 0.5534546 0.65796864
0.49436545 0.62157226 0.7315843
0.553189 0.6803958 0.79040784
0.54769087 0.6831964 0.79040784
0.29909474 0.404105 0.50592154
0.25203592 0.35839573 0.4519137
0.36810648 0.48141536 0.58043134
0.46849087 0.5887487 0.69326276
0.5194713 0.6397291 0.74424314
0.54534584 0.67390215 0.7756157
0.55711055 0.68566686 0.7873804
0.5508828 0.63639575 0.7134196
0.60044295 0.55932313 0.4986902
0.6153605 0.56169224 0.48176476
0.61143893 0.55777067 0.4778432
0.616937 0.55631965 0.47089413
0.63262326 0.57335544 0.47963136
0.6302781 0.5627118 0.47178823
0.61459184 0.54837507 0.449153
0.61067027 0.5444535 0.44523144
0.622435 0.5575677 0.45004714
0.61459184 0.5497246 0.442204
0.6185134 0.55364615 0.44612557
0.6357761 0.5626103 0.45789027
0.62635654 0.5614893 0.4539687
0.63185453 0.55868876 0.4539687
0.6420428 0.57717556 0.46965498
0.6341997 0.5679829 0.46876085
0.6538075 0.58759075 0.4883687
0.6420428 0.57582605 0.47660398
0.64988595 0.5850187 0.4774981
0.6538075 0.58894026 0.48141968
0.64988595 0.5850187 0.4774981
0.6514624 0.5782966 0.47357655
0.6514624 0.5782966 0.47357655
0.6593055 0.58613974 0.48141968
0.64361924 0.57045346 0.4657334
0.65538394 0.58221817 0.4774981
0.6593055 0.5874893 0.47447065
0.6514624 0.57964617 0.4666275
0.64361924 0.57180303 0.45878437
0.65303874 0.57427365 0.45575684
0.65538394 0.5849173 0.46359998
0.6703015 0.5872865 0.4466746
0.64915633 0.5410443 0.36184314
0.61390114 0.4764424 0.23655692
0.58960307 0.43824628 0.18736476
0.5974462 0.44608942 0.1952079
0.60528934 0.45123348 0.21694908
0.16045853 0.10409115 0.040760756
0.16983904 0.13856858 0.11382743
0.12120381 0.095532745 0.08458827
0.14315681 0.12578426 0.11203925
0.14315681 0.124434724 0.118988216
0.10863138 0.10515685 0.10240781
0.11255295 0.109078415 0.10632938
0.120396085 0.11692155 0.11417252
0.11805092 0.10627789 0.10632938
0.11020778 0.09978431 0.09153723
0.1823725 0.16365041 0.1582039
0.15099995 0.13227786 0.12683135
0.14315681 0.12578426 0.11203925
0.4176666 0.40029407 0.38654906
0.679604 0.68172884 0.6927765
0.6999415 0.75070935 0.80024314
0.67871815 0.77118003 0.853702
0.64888304 0.7704904 0.8667059
0.6072831 0.75803614 0.86794513
0.56883615 0.73213756 0.8613412
0.5202009 0.6904513 0.8251529
0.42608327 0.5963337 0.73103523
0.22066335 0.32702318 0.42054117
0.624741 0.59616965 0.55483145
0.13062336 0.10070245 0.067662716
0.12904695 0.104725435 0.08548239
0.12904695 0.104725435 0.08548239
0.12354897 0.10617641 0.0924314
0.11570583 0.09833328 0.08458827
0.111784264 0.09441171 0.0806667
0.111784264 0.09441171 0.0806667
0.13296852 0.108647004 0.08940396
0.15415277 0.122882314 0.098141156
0.1502312 0.118960746 0.09421959
0.15415277 0.12153276 0.10509023
0.14238806 0.10976805 0.093325526
0.13296852 0.108647004 0.08940396
0.14238806 0.11111761 0.08637644
0.15572917 0.116160214 0.09421959
0.17141545 0.13454558 0.09600788
0.18714084 0.11822498 0.035599984
0.800482 0.7259667 0.62954515
0.82243496 0.7535191 0.6708941
0.8232036 0.7681858 0.6965569
0.83104676 0.7746794 0.711349
0.83262324 0.7693068 0.7004785
0.82635653 0.7560911 0.6817647
0.8145918 0.745676 0.66305095
0.7785289 0.6970647 0.59514517
0.756576 0.66816276 0.5607451
0.6820662 0.5923034 0.4931844
0.2271252 0.16805871 0.12132552
0.20201938 0.15125139 0.10171768
0.35107797 0.27096328 0.16074514
0.6272033 0.50674415 0.3552392
0.65465426 0.53554463 0.37574124
0.6640738 0.5366657 0.3796628
0.67191696 0.5458584 0.38055694
0.67191696 0.5458584 0.38055694
0.68368167 0.5576231 0.39232165
0.67583853 0.54977995 0.3844785
0.68368167 0.5576231 0.39232165
0.67583853 0.54977995 0.3844785
0.68368167 0.5576231 0.39232165
0.68760324 0.56154466 0.3962432
0.68368167 0.5576231 0.39232165
0.6915248 0.5654662 0.40016478
0.6915248 0.5654662 0.40016478
0.67583853 0.54977995 0.3844785
0.68525815 0.55090094 0.38840008
0.677415 0.54440737 0.37360784
0.6578072 0.5247995 0.354
0.6656503 0.5312931 0.36879224
0.67349344 0.53913623 0.37663537
0.6695719 0.53521466 0.3727138
0.6656503 0.5312931 0.36879224
0.6695719 0.53521466 0.3727138
0.66172874 0.5273715 0.36487067
0.6695719 0.53521466 0.3727138
0.65154046 0.5102343 0.3422353
0.28279585 0.2160346 0.31307447
0.28279585 0.21468505 0.32002357
0.29221547 0.21580607 0.32394513
0.29379186 0.21043351 0.31307447
0.2882939 0.21323404 0.31307447
0.2749527 0.20684192 0.31218043
0.28279585 0.2133355 0.32697257
0.2929841 0.23182234 0.34265888
0.30709395 0.2528812 0.36921567
0.30001956 0.26105425 0.38008624
0.30628622 0.2756195 0.39185095
0.3439255 0.3242564 0.42109025
0.31647453 0.2968054 0.39363927
0.3094 0.30497858 0.40450978
0.31724313 0.31282172 0.41235292
0.30547842 0.301057 0.4005882
0.2976353 0.29321387 0.39274508
0.28979215 0.28537074 0.38490194
0.27333727 0.25366816 0.350502
0.24903916 0.2168216 0.29436076
0.2482704 0.20485401 0.25479996
0.3165526 0.2327917 0.24145103
0.36441916 0.26116082 0.2450275
0.35499954 0.2600398 0.24110593
0.29140767 0.2533895 0.27014115
0.1517296 0.17895141 0.22858821
0.1352356 0.18465394 0.24248624
0.1493454 0.20571278 0.26904318
0.18148662 0.25175202 0.32607841
0.23558088 0.32669324 0.41751376
0.34457707 0.45788595 0.55690193
0.43711832 0.55602664 0.6688392
0.5100517 0.6372585 0.7472706
0.55711055 0.68431735 0.7943294
0.49986342 0.62012124 0.7246353
0.22223976 0.3203011 0.4166196
0.25595748 0.3623173 0.45583528
0.37594962 0.4892585 0.5882745
0.47241244 0.59267026 0.6971843
0.5194713 0.6397291 0.74424314
0.5414243 0.6699806 0.7716941
0.54534584 0.67390215 0.7756157
0.5815257 0.6197452 0.64998436
0.58633316 0.5382643 0.47213334
0.59575266 0.5420844 0.46215692
0.6051723 0.54455495 0.45912942
0.6051723 0.54590446 0.4521804
0.60909384 0.549826 0.45610195
0.6247801 0.5655123 0.47178823
0.62635654 0.5601398 0.4609177
0.6302781 0.56406134 0.46483928
0.62635654 0.5601398 0.4609177
0.61459184 0.54837507 0.449153
0.62635654 0.5601398 0.4609177
0.62635654 0.5601398 0.4609177
0.622435 0.5562182 0.45699614
0.6302781 0.56406134 0.46483928
0.62635654 0.5601398 0.4609177
0.622435 0.5562182 0.45699614
0.63812125 0.5719045 0.47268242
0.63812125 0.5719045 0.47268242
0.63812125 0.5719045 0.47268242
0.6420428 0.57717556 0.46965498
0.6459644 0.5810971 0.47357655
0.6459644 0.5810971 0.47357655
0.6514624 0.5782966 0.47357655
0.64988595 0.5850187 0.4774981
0.6577291 0.59286183 0.48534125
0.66165066 0.5967834 0.48926282
0.6710702 0.59790444 0.4931844
0.6749918 0.6031756 0.49015692
0.6632271 0.5914109 0.4783922
0.6569603 0.5781952 0.4596784
0.6726466 0.5938815 0.47536469
0.67972106 0.58975697 0.44364712
0.6468111 0.5330997 0.34010202
0.61939913 0.47499144 0.22960782
0.6013677 0.45136055 0.19218042
0.5951011 0.4367953 0.18041572
0.5990226 0.44071686 0.18433729
0.60686576 0.44721043 0.19912946
0.42093655 0.29757708 0.115678415
0.1282782 0.09005879 0.05981958
0.1604195 0.136098 0.116854936
0.14081165 0.11514059 0.10419611
0.11570583 0.096983746 0.09153723
0.14707838 0.1283563 0.122909784
0.12589405 0.11547058 0.1072235
0.10628621 0.09586274 0.08761566
0.13531367 0.11794112 0.10419611
0.14865479 0.12298374 0.11203925
0.16434106 0.13867001 0.12772553
0.21532145 0.19099995 0.1717569
0.2584587 0.2341372 0.21489415
0.274145 0.24982348 0.23058043
0.41374505 0.3963725 0.3826275
0.6686079 0.6859805 0.6997255
0.7030943 0.73996425 0.778502
0.6991337 0.7707487 0.8367765
0.6771417 0.77655256 0.8645726
0.6473066 0.7772125 0.8706274
0.6167027 0.7591572 0.8718667
0.604938 0.74874204 0.85315293
0.65995705 0.69817656 0.7284157
0.33062336 0.30070248 0.26766273
0.1196274 0.102254845 0.088509835
0.111784264 0.09441171 0.0806667
0.111784264 0.09441171 0.0806667
0.111784264 0.09441171 0.0806667
0.107862696 0.09183969 0.069796115
0.12278022 0.09150977 0.0667686
0.17925858 0.14103918 0.110799976
0.1886782 0.14216019 0.114721544
0.17925858 0.14103918 0.110799976
0.1502312 0.118960746 0.09421959
0.13846649 0.10719604 0.082454875
0.14238806 0.11111761 0.08637644
0.15965074 0.121431336 0.09119213
0.1769135 0.13174503 0.09600788
0.20517227 0.1418558 0.07302749
0.6922544 0.61213976 0.50192165
0.8216662 0.7415515 0.63133335
0.8083251 0.7338098 0.6373883
0.8302781 0.76406133 0.66483927
0.8185134 0.75094706 0.6600235
0.81616825 0.74165297 0.6452314
0.81382304 0.7310093 0.6373883
0.7942152 0.712751 0.61083144
0.76441914 0.6760059 0.56858826
0.75423086 0.6588687 0.5459529
0.6601132 0.56340146 0.45878437
0.19890554 0.12594104 0.06821174
0.27422306 0.18311068 0.09229024
0.5542699 0.42956087 0.25596076
0.66015226 0.5340937 0.36879224
0.68760324 0.56154466 0.3962432
0.69936794 0.57330936 0.40800792
0.6954464 0.5693878 0.40408635
0.6954464 0.5680382 0.41103536
0.69936794 0.57330936 0.40800792
0.7150542 0.58899564 0.4236942
0.7189758 0.5929172 0.42761576
0.71113265 0.58507407 0.41977262
0.7032895 0.57723093 0.4119295
0.7150542 0.58899564 0.4236942
0.71113265 0.58507407 0.41977262
0.7032895 0.57723093 0.4119295
0.71113265 0.58507407 0.41977262
0.69936794 0.57330936 0.40800792
0.68368167 0.5576231 0.39232165
0.68760324 0.56154466 0.3962432
0.66172874 0.5287211 0.35792157
0.6891797 0.5548225 0.39232165
0.68525815 0.55090094 0.38840008
0.6679954 0.5419368 0.37663537
0.6640738 0.53801525 0.3727138
0.67191696 0.5445088 0.38750595
0.68525815 0.55090094 0.38840008
0.6891797 0.5548225 0.39232165
0.67349344 0.5404858 0.36968628
0.2882939 0.21323404 0.31307447
0.27887428 0.21211304 0.3091529
0.2882939 0.21458359 0.30612546
0.29771346 0.21570465 0.31004703
0.30163503 0.21962622 0.3139686
0.2929841 0.235871 0.32181174
0.29532924 0.24516514 0.3366039
0.31885865 0.26869455 0.36013332
0.3486548 0.30813873 0.3884784
0.33765876 0.31239027 0.39542744
0.3658785 0.357207 0.43464312
0.39959607 0.40057284 0.46690977
0.39175293 0.3927297 0.45906663
0.39801967 0.4059454 0.47778037
0.40428638 0.42186016 0.48259604
0.4160511 0.4349744 0.48741174
0.42389423 0.44416708 0.48830593
0.39644325 0.41536656 0.4678039
0.32743144 0.33805624 0.3932941
0.23412158 0.2212002 0.2765412
0.23100773 0.19858894 0.22913729
0.30478787 0.22237654 0.22273728
0.36441916 0.26116082 0.2450275
0.3589211 0.26396137 0.2450275
0.30082723 0.25720963 0.26016468
0.16114914 0.18142198 0.22556081
0.13915716 0.1885755 0.2464078
0.15718853 0.21355592 0.2768863
0.18540819 0.25432405 0.336949
0.24969074 0.3491016 0.4371216
0.36418492 0.4774938 0.5765098
0.45672616 0.576984 0.68149805
0.52181643 0.65037274 0.7520863
0.55711055 0.68431735 0.7943294
0.41516533 0.5284742 0.62749016
0.20420833 0.2953207 0.3861412
0.26929858 0.3673599 0.46367842
0.37594962 0.4892585 0.5882745
0.47398886 0.58729774 0.68631375
0.51162815 0.63188595 0.7364
0.5414243 0.6699806 0.7716941
0.5414243 0.6699806 0.7716941
0.60590196 0.5898789 0.56783533
0.58633316 0.5396138 0.4651844
0.589486 0.5288687 0.44344315
0.6012507 0.5419829 0.44825882
0.6012507 0.5419829 0.44825882
0.5934076 0.53413975 0.44041568
0.6067487 0.53918236 0.44825882
0.59890556 0.5326888 0.43346673
0.58714086 0.5209241 0.42170203
0.6067487 0.54053193 0.44130987
0.61067027 0.5444535 0.44523144
0.622435 0.5562182 0.45699614
0.6185134 0.55229664 0.45307457
0.6341997 0.5679829 0.46876085
0.6538075 0.58759075 0.4883687
0.6459644 0.5797476 0.48052555
0.63812125 0.5719045 0.47268242
0.6420428 0.57582605 0.47660398
0.6459644 0.5797476 0.48052555
0.6420428 0.57582605 0.47660398
0.6420428 0.57582605 0.47660398
0.64988595 0.5836692 0.48444712
0.6459644 0.5797476 0.48052555
0.64988595 0.5836692 0.48444712
0.6538075 0.58759075 0.4883687
0.64988595 0.5850187 0.4774981
0.64988595 0.5850187 0.4774981
0.6577291 0.59286183 0.48534125
0.66165066 0.5967834 0.48926282
0.66714865 0.59533244 0.48231378
0.6608819 0.5807672 0.47054908
0.6491172 0.5703521 0.45183527
0.64442694 0.5544629 0.408353
0.638968 0.5252566 0.33225888
0.5958697 0.45011246 0.2130275
0.5911795 0.43287373 0.17649415
0.57941484 0.42110902 0.16472945
0.5911795 0.4342233 0.16954514
0.5911795 0.4342233 0.16954514
0.6147089 0.4577527 0.19307455
0.6209756 0.46826932 0.22568625
0.2553839 0.1795191 0.091396056
0.13219976 0.09398036 0.06374115
0.13296852 0.108647004 0.08940396
0.17610577 0.15178427 0.13254121
0.13923524 0.121862695 0.108117685
0.11570583 0.09833328 0.08458827
0.1721842 0.1478627 0.12861964
0.14081165 0.11514059 0.10419611
0.12512538 0.10080387 0.08156082
0.14865479 0.12433329 0.10509023
0.12904695 0.104725435 0.08548239
0.12354897 0.10617641 0.0924314
0.14315681 0.12578426 0.11203925
0.14315681 0.124434724 0.118988216
0.22393328 0.21216026 0.21221174
0.5698001 0.5719249 0.5829726
0.70232564 0.72529763 0.7528392
0.7156278 0.7663956 0.8159294
0.70147884 0.78139234 0.84461963
0.6975573 0.77747077 0.84069806
0.71097654 0.71445096 0.7172
0.4992508 0.46798036 0.44323918
0.12512538 0.09945431 0.088509835
0.11570583 0.09833328 0.08458827
0.111784264 0.09441171 0.0806667
0.11728224 0.09161118 0.0806667
0.11728224 0.0943103 0.0667686
0.1863331 0.13421556 0.09298043
0.22478011 0.15876457 0.10653331
0.24281147 0.18239543 0.14396082
0.16122723 0.11470921 0.087270565
0.14788604 0.10966663 0.07942742
0.16122723 0.11470921 0.087270565
0.1651488 0.11863078 0.09119213
0.1769135 0.13174503 0.09600788
0.21067025 0.14040484 0.06607847
0.65303874 0.5729241 0.46270594
0.81382304 0.7337084 0.6234902
0.80205834 0.7219437 0.61172557
0.8216662 0.7415515 0.63133335
0.81382304 0.7337084 0.6234902
0.81382304 0.7337084 0.6234902
0.8099015 0.7297868 0.6195687
0.79971325 0.7113 0.60388243
0.76441914 0.6760059 0.56858826
0.76049757 0.6734339 0.5577176
0.73070145 0.6366888 0.5154745
0.6028661 0.4978558 0.39603928
0.23658378 0.13717291 0.049152985
0.44292855 0.289074 0.101780444
0.633509 0.48930252 0.2909099
0.6711483 0.5325412 0.34794515
0.6931013 0.56009364 0.38929412
0.6891797 0.5561721 0.38537255
0.68760324 0.56154466 0.3962432
0.7072111 0.5811525 0.41585106
0.7150542 0.58899564 0.4236942
0.7072111 0.5811525 0.41585106
0.7032895 0.57723093 0.4119295
0.71113265 0.58507407 0.41977262
0.69936794 0.57330936 0.40800792
0.6915248 0.5654662 0.40016478
0.6915248 0.5654662 0.40016478
0.69936794 0.57330936 0.40800792
0.6915248 0.5654662 0.40016478
0.68760324 0.56154466 0.3962432
0.68368167 0.5576231 0.39232165
0.68368167 0.5576231 0.39232165
0.704866 0.5705088 0.40800792
0.6578072 0.5247995 0.354
0.6695719 0.53656423 0.3657647
0.67191696 0.5458584 0.38055694
0.68760324 0.56154466 0.3962432
0.68760324 0.56154466 0.3962432
0.6797601 0.5537015 0.38840008
0.6891797 0.5548225 0.39232165
0.677415 0.5430578 0.38055694
0.29613703 0.22512582 0.30007064
0.29613703 0.22647537 0.2931216
0.30790174 0.23824006 0.3048863
0.31966645 0.25135434 0.30970195
0.32985467 0.26984116 0.32538822
0.34238806 0.2976221 0.3558667
0.3604195 0.32395205 0.3793961
0.39021564 0.3620467 0.41469023
0.43961954 0.4197492 0.46959218
0.43646672 0.4331934 0.47743532
0.45449802 0.4595234 0.50096476
0.4960589 0.50938284 0.5480236
0.49998048 0.5133044 0.55194515
0.50232565 0.5239481 0.5597883
0.5101688 0.5331408 0.56068236
0.5156667 0.53168976 0.55373335
0.5078236 0.5251962 0.53894126
0.48429418 0.5003172 0.52236074
0.3705687 0.3865917 0.40863526
0.23646674 0.23454297 0.27048624
0.21374504 0.18962476 0.21737258
0.29144678 0.21868348 0.20794508
0.36441916 0.26116082 0.2450275
0.3589211 0.26396137 0.2450275
0.30632526 0.2530595 0.26711372
0.16507071 0.18534355 0.22948238
0.1470003 0.19641864 0.25425094
0.14776899 0.21243487 0.27296475
0.19559652 0.27281088 0.35263526
0.26145545 0.35951677 0.45583528
0.38771433 0.49967366 0.6069882
0.476334 0.59659183 0.7011059
0.5414243 0.6699806 0.7716941
0.5414243 0.6699806 0.7716941
0.3045927 0.40265402 0.49897254
0.19636519 0.28747755 0.37829807
0.27322015 0.37128147 0.4676
0.38536924 0.49172905 0.58524704
0.47791043 0.5912193 0.69023526
0.51162815 0.63188595 0.7364
0.5390791 0.6593369 0.763851
0.5430007 0.66460806 0.7608235
0.58710176 0.5515814 0.5047451
0.59575266 0.5407348 0.46910596
0.6012507 0.5406334 0.45520785
0.589486 0.5288687 0.44344315
0.589486 0.5302182 0.4364941
0.589486 0.5302182 0.4364941
0.60282713 0.5352608 0.44433725
0.59890556 0.5326888 0.43346673
0.60282713 0.53661036 0.4373883
0.60282713 0.53661036 0.4373883
0.5910624 0.52484566 0.4256236
0.59890556 0.5326888 0.43346673
0.6067487 0.54053193 0.44130987
0.60282713 0.53661036 0.4373883
0.60282713 0.53661036 0.4373883
0.6185134 0.55229664 0.45307457
0.6302781 0.56406134 0.46483928
0.6459644 0.5797476 0.48052555
0.6538075 0.58759075 0.4883687
0.6577291 0.5915123 0.49229026
0.6522311 0.59431285 0.49229026
0.6694938 0.603277 0.50405496
0.6694938 0.603277 0.50405496
0.6655722 0.59935546 0.5001334
0.66165066 0.5954339 0.49621183
0.66165066 0.5954339 0.49621183
0.6694938 0.60462654 0.49710596
0.67341536 0.6085481 0.5010275
0.67733693 0.6124697 0.5049491
0.66165066 0.5967834 0.48926282
0.66714865 0.59533244 0.48231378
0.67891335 0.6084467 0.4871294
0.6640348 0.5740707 0.42796084
0.64915633 0.5437434 0.34794515
0.6217443 0.48428553 0.24440005
0.6013677 0.45136055 0.19218042
0.60686576 0.44990957 0.18523142
0.6107874 0.45383114 0.18915299
0.60294425 0.445988 0.18130985
0.5990226 0.44206643 0.17738828
0.5990226 0.44206643 0.17738828
0.60294425 0.44463843 0.18825886
0.6358542 0.50129575 0.29180393
0.34792516 0.28035885 0.18943527
0.10867035 0.073150024 0.02631376
0.12670179 0.09678088 0.06374115
0.13846649 0.10719604 0.082454875
0.16983904 0.13856858 0.11382743
0.16591747 0.13464701 0.10990586
0.13454492 0.10327447 0.07853331
0.18160374 0.15033329 0.12559214
0.16357231 0.12400335 0.102062725
0.13454492 0.10327447 0.07853331
0.13454492 0.10327447 0.07853331
0.13846649 0.10719604 0.082454875
0.13689008 0.11256857 0.093325526
0.13531367 0.11794112 0.10419611
0.1313921 0.11267002 0.1072235
0.30236465 0.29059163 0.29064313
0.57921964 0.5757451 0.5729961
0.6647255 0.6473529 0.63360786
0.56826264 0.5452907 0.517749
0.12670179 0.095431335 0.07069017
0.12120381 0.095532745 0.08458827
0.11570583 0.09968283 0.07763925
0.11728224 0.09296073 0.07371768
0.12670179 0.095431335 0.07069017
0.18790951 0.12884302 0.08210984
0.23812123 0.16380718 0.11437645
0.27183893 0.20582339 0.15359214
0.17064683 0.11852929 0.077294156
0.17064683 0.11717975 0.08424318
0.18241154 0.12894446 0.09600788
0.17848997 0.12637243 0.08513729
0.19967422 0.14060773 0.093874544
0.2671486 0.19263335 0.096211806
0.7314701 0.65135545 0.54113734
0.8099015 0.7311364 0.6126196
0.7981368 0.7193717 0.6008549
0.81382304 0.73505795 0.61654115
0.8099015 0.7311364 0.6126196
0.8099015 0.7297868 0.6195687
0.8059799 0.72586524 0.6156471
0.7957917 0.708728 0.59301174
0.76441914 0.67735547 0.5616392
0.76049757 0.6734339 0.5577176
0.75423086 0.66021824 0.5390039
0.69856024 0.5893 0.4653883
0.4624974 0.33664003 0.21832946
0.4186305 0.25222746 0.045639217
0.6045206 0.43521726 0.19823527
0.63116384 0.481358 0.26916865
0.66722673 0.52861965 0.3440236
0.6813366 0.54832894 0.3775294
0.6931013 0.56009364 0.38929412
0.6891797 0.5561721 0.38537255
0.69936794 0.57330936 0.40800792
0.7032895 0.57723093 0.4119295
0.68760324 0.56154466 0.3962432
0.68368167 0.55897266 0.38537255
0.69702286 0.5640152 0.3932157
0.6915248 0.5668158 0.3932157
0.7072111 0.5811525 0.41585106
0.69936794 0.57330936 0.40800792
0.69702286 0.56266564 0.40016478
0.6797601 0.5537015 0.38840008
0.6813366 0.54697937 0.3844785
0.6813366 0.54697937 0.3844785
0.6813366 0.54832894 0.3775294
0.677415 0.54440737 0.37360784
0.6656503 0.53264266 0.36184314
0.677415 0.54440737 0.37360784
0.6695719 0.53656423 0.3657647
0.677415 0.5430578 0.38055694
0.67349344 0.5404858 0.36968628
0.6695719 0.53656423 0.3657647
0.66172874 0.5287211 0.35792157
0.6538856 0.5195284 0.35702753
0.30632526 0.25170997 0.27406272
0.31966645 0.2581021 0.27495685
0.33377624 0.2805105 0.2945647
0.3612272 0.30796146 0.32201567
0.37141547 0.32644832 0.33770195
0.38394892 0.35422924 0.36818036
0.41374505 0.39232388 0.40347448
0.4435411 0.42906898 0.4457177
0.46157256 0.45539892 0.4692471
0.48510197 0.47892833 0.4927765
0.49529025 0.49741513 0.5084628
0.5148981 0.51702297 0.5280706
0.52274126 0.5248661 0.53591377
0.5266628 0.5287877 0.53983533
0.5266628 0.5287877 0.53983533
0.49921185 0.50133675 0.51238436
0.4756824 0.47780728 0.48885494
0.42078045 0.42155576 0.440902
0.3266628 0.3260886 0.3537333
0.23254517 0.23197095 0.25961566
0.21374504 0.18962476 0.21737258
0.29536834 0.22260505 0.21186665
0.36441916 0.26116082 0.2450275
0.3589211 0.26396137 0.2450275
0.31024683 0.2583306 0.26408625
0.16899228 0.18926512 0.23340395
0.1470003 0.19641864 0.25425094
0.1595337 0.22285002 0.29167846
0.19951808 0.27673244 0.35655683
0.2794869 0.3858467 0.4793647
0.41124377 0.52455264 0.62356865
0.49986342 0.62012124 0.7246353
0.553189 0.6817453 0.7834588
0.49986342 0.62012124 0.7246353
0.2097063 0.29386973 0.3791922
0.20186317 0.2860266 0.37134907
0.27714172 0.37655258 0.46457258
0.3892908 0.49565062 0.5891686
0.47398886 0.58729774 0.68631375
0.5171261 0.630435 0.72945094
0.53515756 0.6567649 0.75298035
0.54615355 0.65251344 0.74603134
0.5690704 0.526601 0.47426674
0.5800664 0.52504855 0.4534197
0.589486 0.5288687 0.44344315
0.58556443 0.5249471 0.43952158
0.58164287 0.52237505 0.42865098
0.58164287 0.52237505 0.42865098
0.594984 0.52741766 0.4364941
0.5910624 0.52484566 0.4256236
0.58714086 0.5209241 0.42170203
0.59890556 0.5326888 0.43346673
0.59890556 0.5326888 0.43346673
0.6067487 0.54053193 0.44130987
0.60282713 0.5379599 0.4304393
0.6083251 0.53515935 0.4304393
0.6240114 0.5508456 0.44612557
0.62635654 0.5614893 0.4539687
0.63185453 0.55868876 0.4539687
0.63185453 0.55868876 0.4539687
0.6302781 0.56406134 0.46483928
0.6302781 0.56406134 0.46483928
0.6302781 0.56406134 0.46483928
0.62635654 0.5601398 0.4609177
0.6341997 0.5679829 0.46876085
0.62635654 0.5601398 0.4609177
0.6420428 0.57582605 0.47660398
0.6459644 0.5810971 0.47357655
0.6514624 0.5782966 0.47357655
0.6538075 0.58894026 0.48141968
0.6655722 0.60070497 0.4931844
0.66165066 0.5967834 0.48926282
0.6632271 0.5914109 0.4783922
0.6804897 0.6017246 0.48320782
0.6836426 0.5936786 0.44756868
0.67268574 0.5659233 0.3784235
0.6358542 0.5053444 0.27095693
0.62881875 0.47881153 0.2196314
0.6248971 0.47623953 0.20876083
0.62647367 0.4695174 0.20483926
0.6186305 0.46167427 0.19699612
0.62255204 0.46559584 0.20091769
0.6147089 0.4577527 0.19307455
0.6186305 0.46302384 0.19004706
0.6107874 0.4551807 0.18220392
0.6209756 0.47231796 0.20483926
0.70252085 0.5706615 0.3445726
0.7267799 0.63411677 0.504604
0.5651879 0.4906726 0.39425105
0.4044035 0.32853872 0.24041566
0.24754077 0.17167597 0.08355292
0.2828349 0.20697008 0.118847035
0.27107018 0.19520538 0.10708233
0.3353917 0.25392747 0.1520079
0.47972104 0.38435882 0.27144313
0.58717984 0.48756775 0.35255694
0.6381602 0.5412472 0.3896392
0.56288177 0.4507211 0.2964157
0.27579945 0.18043724 0.06752154
0.14319585 0.09242786 0.04289415
0.1400429 0.101823494 0.071584284
0.13062336 0.0993529 0.07461174
0.13062336 0.0993529 0.07461174
0.12670179 0.095431335 0.07069017
0.13062336 0.0993529 0.07461174
0.12670179 0.095431335 0.07069017
0.13219976 0.09398036 0.06374115
0.16122723 0.11740829 0.07337259
0.22478011 0.16011411 0.09958429
0.24988593 0.17827097 0.112243176
0.24596436 0.1743494 0.10832161
0.19890554 0.12594104 0.06821174
0.19732913 0.13266313 0.07213331
0.21067025 0.13770574 0.07997645
0.22401136 0.14544745 0.073921606
0.27264658 0.19118236 0.08926278
0.6099015 0.5297868 0.4195687
0.8075564 0.7204927 0.60477644
0.7981368 0.7193717 0.6008549
0.7942152 0.7154501 0.5969333
0.8059799 0.7272148 0.608698
0.7981368 0.7193717 0.6008549
0.8059799 0.7272148 0.608698
0.8036348 0.71657115 0.6008549
0.7918701 0.70480645 0.58909017
0.756576 0.66951233 0.55379605
0.75423086 0.6588687 0.5459529
0.7503093 0.6562966 0.53508234
0.74561906 0.63770837 0.5054981
0.6381993 0.50249255 0.34829026
0.45473236 0.26748228 0.044400066
0.6053283 0.41787708 0.1478039
0.62728137 0.44677907 0.18220392
0.64058346 0.48652765 0.25224322
0.655462 0.519554 0.31836087
0.7009444 0.5692863 0.39018822
0.704866 0.5732079 0.3941098
0.6813366 0.5496785 0.37058038
0.6931013 0.56009364 0.38929412
0.69936794 0.57330936 0.40800792
0.7150542 0.58899564 0.4236942
0.7072111 0.58250207 0.40890196
0.6954464 0.57073736 0.39713725
0.704866 0.57185835 0.40105882
0.70878756 0.57443035 0.4119295
0.69936794 0.57330936 0.40800792
0.7072111 0.5811525 0.41585106
0.6915248 0.5668158 0.3932157
0.6797601 0.5550511 0.38145098
0.6915248 0.5668158 0.3932157
0.6931013 0.56009364 0.38929412
0.67349344 0.5404858 0.36968628
0.6578072 0.5247995 0.354
0.6578072 0.5247995 0.354
0.6421209 0.50911325 0.33831373
0.6656503 0.53264266 0.36184314
0.67349344 0.5404858 0.36968628
0.68525815 0.5522505 0.38145098
0.6695719 0.53656423 0.3657647
0.6538856 0.52087796 0.35007843
0.31259194 0.27032387 0.26498044
0.3282782 0.28601015 0.2806667
0.34788606 0.305618 0.30027455
0.36357233 0.32130426 0.31596082
0.38160375 0.34628466 0.34643918
0.3941372 0.37406558 0.37691763
0.4176666 0.397595 0.40044704
0.4435411 0.4317681 0.4318196
0.4435411 0.4317681 0.4318196
0.44746268 0.43568966 0.43574116
0.43961954 0.42784652 0.42789802
0.43569797 0.4225754 0.43092546
0.43569797 0.4225754 0.43092546
0.41216856 0.399046 0.40739605
0.42785484 0.4133827 0.43003142
0.38863915 0.37416703 0.39081573
0.36510974 0.3506376 0.36728632
0.3321608 0.3246376 0.34678435
0.29921183 0.29998714 0.31933337
0.24430987 0.24373566 0.27138036
0.22393328 0.20811158 0.23305885
0.29144678 0.21733393 0.21489415
0.36441916 0.26116082 0.2450275
0.35107797 0.25611824 0.23718436
0.30632526 0.25440904 0.26016468
0.17291385 0.19318669 0.23732552
0.15641984 0.19753967 0.2581725
0.16737683 0.23069316 0.2995216
0.21362787 0.29914084 0.37616467
0.314781 0.42114082 0.5146588
0.4426163 0.5559252 0.6549412
0.5155497 0.6358075 0.7403216
0.558687 0.67894477 0.7834588
0.42300847 0.53631735 0.6353333
0.18775338 0.26496774 0.34479213
0.20186317 0.28737614 0.36439997
0.28656125 0.3790232 0.46154514
0.39321238 0.4995722 0.5930902
0.47398886 0.58729774 0.68631375
0.5132045 0.6265134 0.72552943
0.53515756 0.6567649 0.75298035
0.5548043 0.6416668 0.7103921
0.5690704 0.526601 0.47426674
0.5800664 0.52504855 0.4534197
0.58398795 0.5303197 0.45039222
0.58164287 0.52102554 0.4356
0.589486 0.5302182 0.4364941
0.5792977 0.5117314 0.42080784
0.58714086 0.5195745 0.42865098
0.5792977 0.5117314 0.42080784
0.5792977 0.51308095 0.4138589
0.58714086 0.5209241 0.42170203
0.594984 0.5287672 0.42954516
0.5910624 0.52484566 0.4256236
0.594984 0.53011674 0.42259616
0.59263885 0.5194731 0.41475302
0.600482 0.5273162 0.42259616
0.6122467 0.5390809 0.43436086
0.6122467 0.5390809 0.43436086
0.60440356 0.5312378 0.42651772
0.61616826 0.5430025 0.43828243
0.61616826 0.5430025 0.43828243
0.61616826 0.541653 0.44523144
0.6240114 0.5508456 0.44612557
0.64361924 0.57045346 0.4657334
0.6514624 0.5782966 0.47357655
0.6396977 0.5665319 0.46181184
0.6475408 0.57437503 0.46965498
0.64361924 0.57045346 0.4657334
0.6514624 0.5782966 0.47357655
0.6475408 0.57437503 0.46965498
0.64361924 0.57045346 0.4657334
0.6396977 0.56788146 0.4548628
0.6491172 0.5703521 0.45183527
0.6522701 0.56230605 0.41619614
0.6272033 0.5121423 0.32744312
0.606058 0.4672497 0.23566279
0.60686576 0.44856 0.19218042
0.58568144 0.43567428 0.17649415
0.5951011 0.43814486 0.17346671
0.5951011 0.43814486 0.17346671
0.5990226 0.44206643 0.17738828
0.62255204 0.46559584 0.20091769
0.6319716 0.46806645 0.19789019
0.6319716 0.46806645 0.19789019
0.64765793 0.4851023 0.20662746
0.6515795 0.48902386 0.21054903
0.6515795 0.48902386 0.21054903
0.66411287 0.51410574 0.25492555
0.68448937 0.5470307 0.30714518
0.68760324 0.5655933 0.37539613
0.7032895 0.57993 0.39803135
0.69936794 0.5760085 0.3941098
0.6985993 0.56134176 0.36844712
0.6923325 0.5508252 0.3358353
0.6876423 0.53763515 0.27845496
0.68452847 0.51502377 0.23105106
0.66099906 0.49284393 0.20057261
0.66649705 0.49139297 0.1936236
0.65473235 0.47827864 0.18880787
0.56138337 0.39612865 0.13425103
0.42489716 0.26814225 0.05045496
0.30878752 0.17577991 0.0049803704
0.22089751 0.124185726 0.019568667
0.19263881 0.11677401 0.028650962
0.21382305 0.1310093 0.03738828
0.3777993 0.25174072 0.08643927
0.61228573 0.50572455 0.36521575
0.5699171 0.47590443 0.3546902
0.52520347 0.43813974 0.32242352
0.50167406 0.41461033 0.2988941
0.5055956 0.41718233 0.30976474
0.55499953 0.47488487 0.3646667
0.6663799 0.5779667 0.47054908
0.784027 0.6969633 0.58124703
0.7957917 0.708728 0.59301174
0.78794855 0.7008849 0.5851686
0.78794855 0.7008849 0.5851686
0.79971325 0.7126496 0.5969333
0.7942152 0.7154501 0.5969333
0.79029363 0.71152854 0.59301174
0.7957917 0.708728 0.59301174
0.7918701 0.70480645 0.58909017
0.76599556 0.6719829 0.5507686
0.74246615 0.6484535 0.5272392
0.7385446 0.64453197 0.52331764
0.740121 0.6378098 0.51939607
0.7416975 0.6337868 0.50157654
0.710364 0.5717569 0.38716084
0.59198725 0.4101354 0.15385887
0.61317146 0.42706978 0.14869809
0.6249362 0.440184 0.15351376
0.6390461 0.4598933 0.18701959
0.6500031 0.48899817 0.24921569
0.6688031 0.52459663 0.326204
0.6891797 0.55752164 0.3784235
0.70878756 0.5771294 0.39803135
0.69702286 0.5653648 0.38626665
0.69702286 0.5653648 0.38626665
0.71113265 0.58642364 0.41282353
0.7072111 0.58250207 0.40890196
0.7032895 0.5785805 0.4049804
0.7127091 0.5797015 0.40890196
0.6954464 0.57073736 0.39713725
0.69702286 0.5640152 0.3932157
0.6931013 0.56009364 0.38929412
0.6891797 0.5561721 0.38537255
0.69702286 0.5640152 0.3932157
0.69702286 0.5640152 0.3932157
0.69702286 0.56266564 0.40016478
0.6931013 0.56009364 0.38929412
0.6695719 0.53656423 0.3657647
0.68525815 0.5522505 0.38145098
0.68525815 0.5522505 0.38145098
0.677415 0.54440737 0.37360784
0.6695719 0.53656423 0.3657647
0.68525815 0.5522505 0.38145098
0.68525815 0.5522505 0.38145098
0.67349344 0.5404858 0.36968628
0.6813366 0.54832894 0.3775294
0.31493708 0.28096753 0.27282357
0.3133607 0.28768963 0.27674514
0.32904696 0.3033759 0.2924314
0.3313921 0.31267002 0.3072235
0.34707838 0.3283563 0.32290977
0.34158033 0.3298073 0.3298588
0.33765876 0.32588574 0.32593724
0.34942347 0.33765045 0.33770195
0.3455019 0.33372888 0.33378038
0.32981563 0.3180426 0.3180941
0.3337372 0.32196417 0.32201567
0.3337372 0.32061464 0.32896468
0.33765876 0.3245362 0.33288625
0.34158033 0.32845777 0.33680782
0.3690313 0.35455918 0.3712079
0.3572666 0.34279448 0.3594432
0.33765876 0.32318664 0.33983535
0.32589406 0.31142193 0.32807064
0.2968667 0.28934348 0.31149024
0.26549414 0.25797093 0.2801177
0.25296074 0.23019 0.24963924
0.30163503 0.23582077 0.23058043
0.35499954 0.2600398 0.24110593
0.35107797 0.25611824 0.23718436
0.3024037 0.25048748 0.2562431
0.17133744 0.1999088 0.24124709
0.15092187 0.20034021 0.2581725
0.17521997 0.2385363 0.30736473
0.22381617 0.3162781 0.39880005
0.342232 0.4485918 0.5421098
0.4583026 0.57161146 0.6706275
0.531236 0.6514938 0.75600785
0.5390791 0.6606865 0.756902
0.29674956 0.39616042 0.48418042
0.17598864 0.25455254 0.32607841
0.20736122 0.28457558 0.36439997
0.2944044 0.38551676 0.47633728
0.39321238 0.4995722 0.5930902
0.4700673 0.58337617 0.6823921
0.5132045 0.6265134 0.72552943
0.53281236 0.64612126 0.7451372
0.5838708 0.6276898 0.6717255
0.57299197 0.53187215 0.4712392
0.5761448 0.521127 0.44949812
0.58398795 0.5303197 0.45039222
0.58556443 0.5249471 0.43952158
0.5777213 0.51710397 0.43167844
0.57537615 0.5078098 0.41688627
0.5792977 0.5117314 0.42080784
0.58714086 0.5195745 0.42865098
0.5792977 0.51308095 0.4138589
0.58714086 0.5209241 0.42170203
0.5887173 0.514202 0.41778046
0.5847957 0.51162994 0.40690988
0.5847957 0.51162994 0.40690988
0.5965604 0.52339464 0.4186746
0.59263885 0.5194731 0.41475302
0.600482 0.5273162 0.42259616
0.6083251 0.53515935 0.4304393
0.6083251 0.53515935 0.4304393
0.6122467 0.5390809 0.43436086
0.6122467 0.5390809 0.43436086
0.61616826 0.5430025 0.43828243
0.6200898 0.54557455 0.449153
0.61616826 0.5430025 0.43828243
0.6200898 0.54692405 0.442204
0.61616826 0.5430025 0.43828243
0.61616826 0.5430025 0.43828243
0.6240114 0.5508456 0.44612557
0.6396977 0.56788146 0.4548628
0.6475408 0.5757246 0.46270594
0.66714865 0.59533244 0.48231378
0.6828349 0.6110187 0.49800006
0.6726466 0.5938815 0.47536469
0.6663799 0.5833649 0.44275302
0.660921 0.55145943 0.38055694
0.6240895 0.49223015 0.26614124
0.6131325 0.4617757 0.21089417
0.60686576 0.44856 0.19218042
0.60294425 0.445988 0.18130985
0.60294425 0.445988 0.18130985
0.60059905 0.43534434 0.17346671
0.5927559 0.4275012 0.16562358
0.60059905 0.4366939 0.16651765
0.60059905 0.4366939 0.16651765
0.61394024 0.44308597 0.16741174
0.6178618 0.44700754 0.17133331
0.6178618 0.4483571 0.16438437
0.6178618 0.4483571 0.16438437
0.6335481 0.46404338 0.18007064
0.6531559 0.48365122 0.19967851
0.66099906 0.49149436 0.20752165
0.66099906 0.49284393 0.20057261
0.66649705 0.4900434 0.20057261
0.6821833 0.50707924 0.20930988
0.6861049 0.5123503 0.20628238
0.6821833 0.50842875 0.20236081
0.6743402 0.5005856 0.19451767
0.6743402 0.5005856 0.19451767
0.6743402 0.5005856 0.19451767
0.67826176 0.5045072 0.19843924
0.67826176 0.5031577 0.20538831
0.6821833 0.50842875 0.20236081
0.6743402 0.5005856 0.19451767
0.6586539 0.48489934 0.1788314
0.6625755 0.4874714 0.18970203
0.68375975 0.50170666 0.19843924
0.6625755 0.48612183 0.19665104
0.6986383 0.53338355 0.27150595
0.72447383 0.59686434 0.39287066
0.7534622 0.65094966 0.48554516
0.77149355 0.67323095 0.52992165
0.7738387 0.6811756 0.5516628
0.7738387 0.6811756 0.5516628
0.78168184 0.6890187 0.55950594
0.789525 0.69686186 0.5673491
0.789525 0.69686186 0.5673491
0.78168184 0.68766916 0.5664549
0.78168184 0.68766916 0.5664549
0.7856034 0.6915908 0.57037646
0.7856034 0.6915908 0.57037646
0.7581524 0.6654893 0.5359765
0.73227787 0.6313162 0.504604
0.7283563 0.6273946 0.5006824
0.7283563 0.6273946 0.5006824
0.7283563 0.6273946 0.5006824
0.7299328 0.6233716 0.4828628
0.7252815 0.57547563 0.3632863
0.62728137 0.44812858 0.17525488
0.64846563 0.46506298 0.17009416
0.65238714 0.46763498 0.18096474
0.6696499 0.47794878 0.18578047
0.6704186 0.4912659 0.21839216
0.67745405 0.51644915 0.27666667
0.6923325 0.5494756 0.34278432
0.6915248 0.5695149 0.3793177
0.7127091 0.58105105 0.40195292
0.704866 0.5732079 0.3941098
0.69702286 0.5653648 0.38626665
0.68760324 0.56424373 0.38234508
0.6954464 0.57073736 0.39713725
0.7072111 0.58250207 0.40890196
0.7032895 0.57723093 0.4119295
0.69936794 0.57330936 0.40800792
0.6954464 0.5693878 0.40408635
0.6891797 0.5561721 0.38537255
0.6891797 0.5561721 0.38537255
0.6931013 0.56009364 0.38929412
0.69702286 0.5640152 0.3932157
0.69702286 0.5640152 0.3932157
0.6931013 0.56009364 0.38929412
0.6931013 0.56009364 0.38929412
0.68760324 0.5628942 0.38929412
0.6931013 0.56009364 0.38929412
0.6813366 0.54832894 0.3775294
0.677415 0.54440737 0.37360784
0.67349344 0.5404858 0.36968628
0.6679954 0.5432864 0.36968628
0.6640738 0.5393648 0.3657647
0.6640738 0.5393648 0.3657647
0.301596 0.27592492 0.26498044
0.29767442 0.27200335 0.26105887
0.31178427 0.29441172 0.2806667
0.31178427 0.29306218 0.28761566
0.31570584 0.29698375 0.29153723
0.32354897 0.3048269 0.29938036
0.31412935 0.30370587 0.2954588
0.32589406 0.3168201 0.30027455
0.32589406 0.31547058 0.3072235
0.32747054 0.30874845 0.30330193
0.3313921 0.31267002 0.3072235
0.32981563 0.31939214 0.31114507
0.3337372 0.32196417 0.32201567
0.33608237 0.3312583 0.33680782
0.3556902 0.35086614 0.35641566
0.34784707 0.343023 0.34857252
0.3439255 0.33910143 0.34465095
0.34000394 0.3338303 0.34767848
0.33608237 0.32990873 0.3437569
0.3337372 0.31926507 0.33591378
0.31570584 0.29428467 0.30543527
0.3408507 0.27503645 0.26979613
0.35499954 0.2600398 0.24110593
0.35499954 0.2600398 0.24110593
0.30632526 0.25440904 0.26016468
0.17918058 0.20775193 0.24909022
0.15484343 0.20291221 0.26904318
0.17756505 0.24783047 0.32215685
0.23950244 0.33196437 0.41448632
0.3775261 0.4838859 0.5774039
0.47791043 0.5912193 0.69023526
0.53515756 0.6567649 0.75298035
0.48417714 0.60578454 0.702
0.20343965 0.28200355 0.3535294
0.17364348 0.2439089 0.31823528
0.21520436 0.29241872 0.3722431
0.28498486 0.38439572 0.47241572
0.3892908 0.49565062 0.5891686
0.48340845 0.5884188 0.69023526
0.50928295 0.62259185 0.7216078
0.5249692 0.6382781 0.7372941
0.59175295 0.60352606 0.6034745
0.5667253 0.51865643 0.4525255
0.5643801 0.51071185 0.43078437
0.5777213 0.5157544 0.4386275
0.58164287 0.52102554 0.4356
0.56987816 0.50926083 0.4238353
0.56987816 0.51061034 0.41688627
0.57537615 0.5078098 0.41688627
0.5832193 0.51565295 0.4247294
0.5832193 0.51565295 0.4247294
0.58714086 0.5195745 0.42865098
0.5792977 0.51308095 0.4138589
0.58087415 0.5077084 0.4029883
0.5887173 0.5155515 0.41083145
0.5887173 0.5155515 0.41083145
0.59263885 0.5194731 0.41475302
0.59263885 0.5194731 0.41475302
0.5965604 0.52339464 0.4186746
0.60440356 0.5312378 0.42651772
0.60440356 0.5312378 0.42651772
0.6083251 0.53515935 0.4304393
0.6083251 0.53515935 0.4304393
0.6083251 0.53515935 0.4304393
0.6122467 0.5390809 0.43436086
0.6122467 0.5390809 0.43436086
0.6122467 0.5390809 0.43436086
0.62793297 0.5547672 0.45004714
0.6357761 0.5639599 0.45094123
0.6396977 0.56788146 0.4548628
0.64361924 0.57180303 0.45878437
0.6396977 0.56788146 0.4548628
0.6334309 0.5546658 0.436149
0.6334309 0.5560154 0.4292
0.62089753 0.52958393 0.39177263
0.62954843 0.5200869 0.3491844
0.6107483 0.48448846 0.27219605
0.6131325 0.46042618 0.21784312
0.6147089 0.45640314 0.20002356
0.62255204 0.46559584 0.20091769
0.63589317 0.47063845 0.20876083
0.62805 0.46279532 0.20091769
0.6202069 0.45630175 0.18612549
0.61236376 0.4484586 0.17828235
0.6084422 0.44588655 0.16741174
0.61394024 0.44308597 0.16741174
0.6060971 0.43524283 0.15956861
0.61943823 0.44028544 0.16741174
0.61394024 0.44443554 0.1604628
0.62570494 0.45620024 0.1722275
0.6335481 0.4653929 0.1731216
0.64296764 0.46651393 0.17704317
0.6390461 0.46394193 0.1661726
0.6468892 0.47178507 0.17401573
0.6468892 0.47313464 0.16706666
0.6508108 0.4770562 0.17098823
0.6759166 0.49386352 0.1905961
0.67199504 0.48994195 0.18667454
0.6916029 0.5095498 0.20628238
0.69552445 0.51347136 0.21020395
0.69394803 0.52019346 0.21412551
0.69394803 0.52019346 0.21412551
0.699446 0.51739293 0.21412551
0.6916029 0.51089936 0.19933334
0.6798382 0.49913466 0.18756863
0.6798382 0.4977851 0.19451767
0.67749304 0.48714143 0.18667454
0.6696499 0.4792983 0.1788314
0.6798382 0.4977851 0.19451767
0.6759166 0.49386352 0.1905961
0.6759166 0.492514 0.19754517
0.6821833 0.5043801 0.22320792
0.710403 0.54379874 0.29021966
0.7307795 0.57672375 0.3424393
0.75430894 0.5989036 0.3729177
0.756654 0.6108968 0.37381184
0.756654 0.60954726 0.38076085
0.7448893 0.59778255 0.36899614
0.7370462 0.58724034 0.375051
0.7182071 0.5822991 0.38110596
0.7150542 0.58899564 0.4236942
0.7134778 0.59436816 0.43456477
0.71739936 0.5982897 0.43848634
0.7252425 0.60478336 0.45327842
0.7252425 0.60478336 0.45327842
0.72605026 0.58879274 0.3958981
0.6884501 0.5135472 0.2627687
0.6406225 0.45452076 0.17614907
0.6461204 0.4544193 0.16225103
0.6618067 0.4701056 0.1779373
0.65630877 0.4729061 0.1779373
0.64846563 0.46506298 0.17009416
0.644544 0.45844233 0.18007064
0.6460815 0.48642617 0.23834518
0.6648815 0.52202463 0.31533334
0.6656503 0.53399223 0.3548941
0.68368167 0.55897266 0.38537255
0.6891797 0.55752164 0.3784235
0.6931013 0.56144315 0.38234508
0.7127091 0.58105105 0.40195292
0.72055227 0.5875446 0.4167451
0.7189758 0.5942668 0.42066666
0.72289735 0.5968388 0.43153733
0.7307405 0.6046819 0.43938047
0.72289735 0.59818834 0.42458823
0.70878756 0.5757799 0.4049804
0.7127091 0.5797015 0.40890196
0.7127091 0.5797015 0.40890196
0.69702286 0.5640152 0.3932157
0.704866 0.57185835 0.40105882
0.68368167 0.55897266 0.38537255
0.68760324 0.5628942 0.38929412
0.68368167 0.5576231 0.39232165
0.67191696 0.54720795 0.37360784
0.67349344 0.5404858 0.36968628
0.67583853 0.5511295 0.3775294
0.6915248 0.5668158 0.3932157
0.68368167 0.55897266 0.38537255
0.67583853 0.5511295 0.3775294
0.68760324 0.5628942 0.38929412
0.30551755 0.28119603 0.261953
0.30943912 0.2851176 0.26587456
0.32120383 0.29553276 0.28458828
0.31728226 0.29296073 0.2737177
0.33296853 0.308647 0.28940398
0.3368901 0.31256858 0.29332554
0.3502312 0.3176112 0.30116868
0.37218422 0.3478627 0.32861966
0.38002735 0.35570583 0.3364628
0.3761058 0.35178426 0.33254123
0.37845093 0.36107838 0.34733337
0.38629407 0.36757198 0.36212546
0.38471758 0.37294456 0.37299606
0.3831412 0.37831712 0.38386664
0.4011726 0.40464705 0.40739605
0.4129373 0.41641176 0.41916075
0.39725104 0.39937592 0.41042358
0.3839098 0.3943334 0.40258044
0.39175293 0.40082696 0.41737258
0.38548633 0.3876112 0.39865887
0.3588431 0.33742192 0.34857252
0.36438012 0.29856586 0.29332554
0.35499954 0.2600398 0.24110593
0.34323484 0.24827512 0.22934122
0.3118233 0.25295803 0.25321573
0.18467855 0.20495139 0.24909022
0.158765 0.20683378 0.27296475
0.18148662 0.25175202 0.32607841
0.25753388 0.35694474 0.44496474
0.3916359 0.5062943 0.59701174
0.4935967 0.6069056 0.70592153
0.531236 0.65284336 0.74905884
0.40497708 0.5113369 0.6048549
0.16972192 0.24133687 0.30736473
0.17364348 0.2439089 0.31823528
0.21362787 0.29914084 0.37616467
0.28890643 0.3883173 0.47633728
0.39713395 0.5034938 0.59701174
0.48340845 0.5884188 0.69023526
0.514781 0.6197913 0.7216078
0.5304673 0.6354776 0.7372941
0.5721842 0.5505618 0.5147216
0.5643801 0.5080128 0.44468236
0.5683017 0.51328385 0.44165498
0.5737997 0.51183283 0.43470594
0.58164287 0.52102554 0.4356
0.5737997 0.5131824 0.42775688
0.56987816 0.50926083 0.4238353
0.5777213 0.5157544 0.4386275
0.58164287 0.51967597 0.44254908
0.5690704 0.526601 0.47426674
0.53527457 0.5512976 0.5733412
0.77606666 0.7864902 0.7947373
0.5832193 0.5170025 0.41778046
0.5965604 0.52339464 0.4186746
0.5887173 0.5155515 0.41083145
0.5887173 0.5155515 0.41083145
0.59263885 0.5194731 0.41475302
0.600482 0.5273162 0.42259616
0.600482 0.5273162 0.42259616
0.6122467 0.5404305 0.42741182
0.60440356 0.53258735 0.4195687
0.600482 0.5286658 0.41564712
0.600482 0.5286658 0.41564712
0.600482 0.5273162 0.42259616
0.6083251 0.53515935 0.4304393
0.60440356 0.5312378 0.42651772
0.61616826 0.5430025 0.43828243
0.6200898 0.54692405 0.442204
0.6240114 0.5521952 0.43917653
0.6200898 0.5482736 0.43525496
0.63185453 0.5600383 0.44701967
0.6295093 0.55074424 0.43222743
0.63892895 0.55321485 0.4292
0.63266224 0.5413487 0.40353733
0.6318936 0.52938104 0.36397654
0.61309344 0.49243307 0.29393733
0.6076344 0.46187717 0.22479221
0.5911795 0.43017465 0.19039214
0.5911795 0.43287373 0.17649415
0.5927559 0.4275012 0.16562358
0.5849128 0.41965806 0.15778044
0.58883435 0.42357963 0.161702
0.5927559 0.42885077 0.15867451
0.60217553 0.42997175 0.16259608
0.6060971 0.43524283 0.15956861
0.6178618 0.44700754 0.17133331
0.6335481 0.4626938 0.18701959
0.6335481 0.46404338 0.18007064
0.6453128 0.47580808 0.19183534
0.6351245 0.4586708 0.16920003
0.6390461 0.46394193 0.1661726
0.6508108 0.47570664 0.1779373
0.6508108 0.47570664 0.1779373
0.64296764 0.4678635 0.17009416
0.6508108 0.47570664 0.1779373
0.6602303 0.47682768 0.18185887
0.65238714 0.46898454 0.17401573
0.64846563 0.46506298 0.17009416
0.6602303 0.47682768 0.18185887
0.6641519 0.4807493 0.18578047
0.6602303 0.47817725 0.1749098
0.65238714 0.4703341 0.16706666
0.64846563 0.46641254 0.1631451
0.6602303 0.47817725 0.1749098
0.6814146 0.491063 0.1905961
0.6814146 0.491063 0.1905961
0.68925774 0.49890614 0.19843924
0.67357147 0.48321986 0.18275297
0.6853362 0.49498457 0.19451767
0.67749304 0.488491 0.1797255
0.68925774 0.49890614 0.19843924
0.6759166 0.49386352 0.1905961
0.6641519 0.48209882 0.1788314
0.6641519 0.4834484 0.17188236
0.6798382 0.49913466 0.18756863
0.6759166 0.4952131 0.18364707
0.70102245 0.51337 0.19630596
0.6971009 0.5094484 0.19238439
0.68925774 0.5002557 0.1914902
0.6814146 0.491063 0.1905961
0.68925774 0.49890614 0.19843924
0.6680735 0.48467088 0.18970203
0.6704186 0.49531454 0.19754517
0.6602303 0.47682768 0.18185887
0.6602303 0.47682768 0.18185887
0.6641519 0.48209882 0.1788314
0.65788513 0.4675336 0.16706666
0.65396357 0.46361202 0.1631451
0.6657283 0.47402716 0.18185887
0.63670087 0.4519487 0.16527846
0.65238714 0.46898454 0.17401573
0.6625755 0.48477226 0.20360008
0.66568935 0.506034 0.25795302
0.68841094 0.54555404 0.33886275
0.7150542 0.5903452 0.4167451
0.7072111 0.58250207 0.40890196
0.7009444 0.5692863 0.39018822
0.704866 0.57185835 0.40105882
0.70878756 0.5757799 0.4049804
0.7032895 0.5785805 0.4049804
0.68368167 0.55897266 0.38537255
0.69936794 0.57330936 0.40800792
0.69936794 0.57330936 0.40800792
0.68760324 0.56154466 0.3962432
0.6813366 0.54832894 0.3775294
0.6813366 0.54832894 0.3775294
0.677415 0.54440737 0.37360784
0.6813366 0.54832894 0.3775294
0.6813366 0.54832894 0.3775294
0.6931013 0.56009364 0.38929412
0.704866 0.57185835 0.40105882
0.7032895 0.57723093 0.4119295
0.6954464 0.5693878 0.40408635
0.6915248 0.5668158 0.3932157
0.68368167 0.55897266 0.38537255
0.6954464 0.57073736 0.39713725
0.69936794 0.57465893 0.40105882
0.67583853 0.5511295 0.3775294
0.6797601 0.5564006 0.37450194
0.3604195 0.336098 0.31685495
0.36434108 0.34001955 0.32077652
0.3761058 0.35178426 0.33254123
0.38002735 0.35570583 0.3364628
0.3878705 0.36354896 0.34430593
0.39571363 0.3713921 0.35214907
0.40747833 0.3831568 0.36391377
0.41924304 0.3949215 0.37567848
0.41374505 0.39772204 0.37567848
0.41374505 0.3963725 0.3826275
0.4066706 0.4045456 0.393498
0.39725104 0.40207502 0.39652547
0.4011726 0.40464705 0.40739605
0.3956745 0.40744767 0.40739605
0.41136077 0.42313394 0.42308232
0.4176275 0.4363496 0.44179612
0.40194124 0.42066333 0.42610985
0.39644325 0.42211428 0.43305886
0.39644325 0.42076477 0.4400078
0.37449026 0.39186278 0.40560788
0.35176864 0.345595 0.3594432
0.3494625 0.30024537 0.28940398
0.3589211 0.26396137 0.2450275
0.34323484 0.24827512 0.22934122
0.3173213 0.25150704 0.24626671
0.18467855 0.20630094 0.24214122
0.158765 0.20683378 0.27296475
0.18775338 0.26496774 0.34479213
0.28498486 0.38439572 0.47241572
0.42300847 0.53631735 0.6353333
0.5053614 0.6186703 0.7176863
0.50928295 0.62259185 0.7216078
0.29363573 0.3708501 0.45067447
0.16345526 0.2267716 0.29560003
0.1830631 0.24637944 0.31520787
0.22696906 0.30418342 0.3840078
0.29832596 0.38943833 0.48025885
0.3892908 0.49565062 0.5891686
0.47164375 0.57800364 0.67152154
0.51085943 0.61586976 0.7176863
0.52262414 0.62898403 0.72250193
0.56122726 0.5174083 0.4733726
0.5683017 0.51193434 0.44860393
0.556537 0.50151914 0.42989028
0.56987816 0.50791126 0.43078437
0.5737997 0.51183283 0.43470594
0.5800664 0.5263981 0.44647065
0.57222325 0.5172054 0.44557655
0.5541528 0.52423185 0.49119216
0.5203571 0.54892844 0.5902667
0.7438474 0.8085133 0.8690432
0.75169057 0.8150069 0.8838353
0.7666082 0.81602645 0.8738588
0.5832193 0.51565295 0.4247294
0.5910624 0.52619517 0.4186746
0.59263885 0.5194731 0.41475302
0.59263885 0.5194731 0.41475302
0.600482 0.5273162 0.42259616
0.60440356 0.5312378 0.42651772
0.6122467 0.5390809 0.43436086
0.60440356 0.53258735 0.4195687
0.60440356 0.53258735 0.4195687
0.6083251 0.5365089 0.42349026
0.60440356 0.5312378 0.42651772
0.60440356 0.5312378 0.42651772
0.6122467 0.5390809 0.43436086
0.6083251 0.53515935 0.4304393
0.6122467 0.5390809 0.43436086
0.6240114 0.5508456 0.44612557
0.6240114 0.5521952 0.43917653
0.6200898 0.5482736 0.43525496
0.6240114 0.5521952 0.43917653
0.6295093 0.55074424 0.43222743
0.6177446 0.5403291 0.41351372
0.6232427 0.5388781 0.40656477
0.62247396 0.52421135 0.38090202
0.606019 0.49790704 0.3187059
0.5989836 0.47407326 0.25348234
0.5958697 0.45011246 0.2130275
0.5951011 0.43544573 0.18736476
0.60294425 0.44463843 0.18825886
0.60059905 0.43534434 0.17346671
0.6045206 0.4392659 0.17738828
0.6084422 0.44318748 0.18130985
0.6100187 0.4378149 0.17043921
0.6100187 0.4378149 0.17043921
0.6100187 0.4391644 0.16349018
0.6100187 0.4391644 0.16349018
0.5943324 0.42347813 0.1478039
0.5880657 0.41026247 0.12909025
0.59198725 0.4155336 0.12606278
0.6233598 0.4469061 0.15743533
0.6468892 0.4704355 0.18096474
0.6704186 0.49531454 0.19754517
0.66649705 0.49139297 0.1936236
0.6625755 0.4874714 0.18970203
0.6641519 0.4807493 0.18578047
0.65630877 0.4729061 0.1779373
0.64846563 0.46506298 0.17009416
0.65238714 0.46898454 0.17401573
0.65630877 0.4729061 0.1779373
0.6602303 0.47817725 0.1749098
0.65238714 0.4703341 0.16706666
0.644544 0.46249098 0.15922353
0.6406225 0.4585694 0.15530196
0.650042 0.45969045 0.15922353
0.64219886 0.4518473 0.15138039
0.64219886 0.4518473 0.15138039
0.650042 0.45969045 0.15922353
0.6461204 0.45576888 0.15530196
0.6461204 0.45576888 0.15530196
0.650042 0.45969045 0.15922353
0.6696499 0.4792983 0.1788314
0.6618067 0.47145516 0.17098823
0.68925774 0.5002557 0.1914902
0.6853362 0.49633414 0.18756863
0.6853362 0.49633414 0.18756863
0.68925774 0.5016053 0.18454126
0.68925774 0.5016053 0.18454126
0.69867736 0.5027263 0.18846282
0.6829911 0.48704 0.17277655
0.6947558 0.49880472 0.18454126
0.68925774 0.5016053 0.18454126
0.6814146 0.49376214 0.17669812
0.67357147 0.48456943 0.17580393
0.67357147 0.48456943 0.17580393
0.67357147 0.48456943 0.17580393
0.6931793 0.5028277 0.20236081
0.6696499 0.4792983 0.1788314
0.6680735 0.48467088 0.18970203
0.6680735 0.4833213 0.19665104
0.6680735 0.4833213 0.19665104
0.6704186 0.4926154 0.21144322
0.6617678 0.50211245 0.25403145
0.67822266 0.52706724 0.32317647
0.6891797 0.55752164 0.3784235
0.71113265 0.58642364 0.41282353
0.6915248 0.5668158 0.3932157
0.69936794 0.57465893 0.40105882
0.6954464 0.57073736 0.39713725
0.6915248 0.5668158 0.3932157
0.68368167 0.5576231 0.39232165
0.6954464 0.5693878 0.40408635
0.7032895 0.57588136 0.4188785
0.7072111 0.57980293 0.42280006
0.7009444 0.5665872 0.40408635
0.704866 0.5705088 0.40800792
0.7127091 0.5797015 0.40890196
0.7127091 0.5797015 0.40890196
0.704866 0.57185835 0.40105882
0.7009444 0.5679368 0.39713725
0.6931013 0.56009364 0.38929412
0.6915248 0.5654662 0.40016478
0.68760324 0.56154466 0.3962432
0.6813366 0.54832894 0.3775294
0.6695719 0.53656423 0.3657647
0.67583853 0.5511295 0.3775294
0.68525815 0.5522505 0.38145098
0.68368167 0.55897266 0.38537255
0.67583853 0.5511295 0.3775294
0.39571363 0.37274167 0.34519997
0.39179206 0.3688201 0.3412784
0.39021564 0.3755422 0.34519997
0.39805877 0.38203576 0.3599922
0.40198034 0.38595733 0.36391377
0.408247 0.4005226 0.37567848
0.40274903 0.40197358 0.3826275
0.42393327 0.41485932 0.39831376
0.40274903 0.40197358 0.3826275
0.38548633 0.39165986 0.37781173
0.3839098 0.3970325 0.38868234
0.3839098 0.3970325 0.38868234
0.3839098 0.39568296 0.39563134
0.3839098 0.39568296 0.39563134
0.40194124 0.4220129 0.41916075
0.38625497 0.40497705 0.41042358
0.3650707 0.3920913 0.3947373
0.36114913 0.38816974 0.39081573
0.353306 0.37897703 0.3899216
0.32743144 0.34615353 0.35160005
0.31647453 0.31165045 0.31719998
0.32985467 0.28063753 0.26979613
0.35265446 0.25074568 0.22631377
0.35265446 0.25074568 0.22631377
0.3173213 0.25150704 0.24626671
0.18075699 0.20102982 0.24516866
0.1611101 0.21747749 0.28080788
0.20343965 0.280654 0.3604784
0.32027897 0.4183403 0.5146588
0.4426163 0.5559252 0.6549412
0.50928295 0.62259185 0.7216078
0.46222416 0.57553303 0.674549
0.19717291 0.26743832 0.3417647
0.1595337 0.22285002 0.29167846
0.18148662 0.25175202 0.32607841
0.23089063 0.308105 0.38792938
0.30224752 0.3933599 0.48418042
0.3892908 0.49565062 0.5891686
0.46772218 0.5740821 0.6676
0.5030163 0.6080266 0.70984316
0.52420056 0.62361145 0.7116314
0.5416194 0.49915 0.44681576
0.5526154 0.49624807 0.43291765
0.54869384 0.4923265 0.4289961
0.5541919 0.49087545 0.42204714
0.5588822 0.5094637 0.45163137
0.54707843 0.5297058 0.5159608
0.5603414 0.6028108 0.6551451
0.75169057 0.8150069 0.8838353
0.7634553 0.82542205 0.902549
0.7501141 0.8203795 0.8947059
0.75403565 0.82430106 0.8986274
0.75169057 0.8150069 0.8838353
0.5737997 0.51183283 0.43470594
0.5792977 0.51308095 0.4138589
0.58087415 0.5077084 0.4029883
0.5965604 0.52339464 0.4186746
0.600482 0.5273162 0.42259616
0.60440356 0.5312378 0.42651772
0.60440356 0.53258735 0.4195687
0.600482 0.5286658 0.41564712
0.600482 0.5273162 0.42259616
0.600482 0.5273162 0.42259616
0.6083251 0.53515935 0.4304393
0.6083251 0.53515935 0.4304393
0.60440356 0.5312378 0.42651772
0.6122467 0.5390809 0.43436086
0.61616826 0.5430025 0.43828243
0.63185453 0.55868876 0.4539687
0.6357761 0.5626103 0.45789027
0.62793297 0.5547672 0.45004714
0.63185453 0.55868876 0.4539687
0.6295093 0.54939467 0.43917653
0.6334309 0.5546658 0.436149
0.6350074 0.5492933 0.42527843
0.63266224 0.5413487 0.40353733
0.62012887 0.51761633 0.35221183
0.61309344 0.49243307 0.29393733
0.6044816 0.4726223 0.24653338
0.5958697 0.45146203 0.20607841
0.5990226 0.44071686 0.18433729
0.58883435 0.42223006 0.16865101
0.5927559 0.4275012 0.16562358
0.6045206 0.4392659 0.17738828
0.6100187 0.4378149 0.17043921
0.61394024 0.44173646 0.17436078
0.61394024 0.44308597 0.16741174
0.6296265 0.45877224 0.18309802
0.6296265 0.4601218 0.17614907
0.6351245 0.4573213 0.17614907
0.64296764 0.46651393 0.17704317
0.6508108 0.47435707 0.1848863
0.6468892 0.4704355 0.18096474
0.62728137 0.45082766 0.1613569
0.60375196 0.42729825 0.13782749
0.61551666 0.43906295 0.14959219
0.5998304 0.42337668 0.13390592
0.6210146 0.43626243 0.14959219
0.63670087 0.45329827 0.15832946
0.6586539 0.48354983 0.18578047
0.6798382 0.49643558 0.20146674
0.6759166 0.492514 0.19754517
0.6641519 0.4807493 0.18578047
0.6680735 0.4860204 0.18275297
0.6680735 0.4860204 0.18275297
0.644544 0.46249098 0.15922353
0.64219886 0.4518473 0.15138039
0.65396357 0.46361202 0.1631451
0.65396357 0.46361202 0.1631451
0.6461204 0.45576888 0.15530196
0.650042 0.45969045 0.15922353
0.65788513 0.4675336 0.16706666
0.65396357 0.46361202 0.1631451
0.6461204 0.45576888 0.15530196
0.650042 0.45969045 0.15922353
0.6696499 0.48064786 0.17188236
0.65788513 0.46888316 0.16011763
0.6657283 0.4767263 0.16796076
0.67357147 0.48456943 0.17580393
0.6908342 0.49488315 0.18061969
0.7025989 0.5066478 0.19238439
0.70102245 0.51337 0.19630596
0.6971009 0.5094484 0.19238439
0.70102245 0.5120204 0.20325491
0.68925774 0.5002557 0.1914902
0.6931793 0.5041773 0.19541177
0.6814146 0.49241257 0.18364707
0.67749304 0.48714143 0.18667454
0.6814146 0.491063 0.1905961
0.6680735 0.48467088 0.18970203
0.65238714 0.46898454 0.17401573
0.6602303 0.47682768 0.18185887
0.6743402 0.49653697 0.21536478
0.6696109 0.5099556 0.2618746
0.67664623 0.5351389 0.32014903
0.6931013 0.56144315 0.38234508
0.7032895 0.5785805 0.4049804
0.7189758 0.5942668 0.42066666
0.6954464 0.57073736 0.39713725
0.69936794 0.57465893 0.40105882
0.7150542 0.58899564 0.4236942
0.7072111 0.5811525 0.41585106
0.7072111 0.57980293 0.42280006
0.7072111 0.57980293 0.42280006
0.69936794 0.5719598 0.41495693
0.7032895 0.57588136 0.4188785
0.6915248 0.5654662 0.40016478
0.67583853 0.54977995 0.3844785
0.6695719 0.53521466 0.3727138
0.677415 0.5430578 0.38055694
0.67349344 0.53913623 0.37663537
0.677415 0.54440737 0.37360784
0.6813366 0.54832894 0.3775294
0.68525815 0.5522505 0.38145098
0.6813366 0.54832894 0.3775294
0.6695719 0.53656423 0.3657647
0.677415 0.54440737 0.37360784
0.67349344 0.5404858 0.36968628
0.6813366 0.54832894 0.3775294
0.68760324 0.5628942 0.38929412
0.3823725 0.36769906 0.33735684
0.38629407 0.37162063 0.3412784
0.3690313 0.36265647 0.3295137
0.37687445 0.3704996 0.33735684
0.37687445 0.36915004 0.34430593
0.36745492 0.368029 0.34038436
0.35961178 0.36018586 0.33254123
0.3949059 0.39413044 0.37478435
0.3658785 0.37340155 0.35125494
0.35019222 0.35771528 0.33556867
0.33685097 0.35267276 0.32772553
0.32900783 0.34482962 0.3198824
0.32900783 0.34482962 0.3198824
0.33685097 0.35132322 0.33467448
0.34077254 0.3552448 0.33859605
0.3078236 0.33059433 0.31114507
0.2960589 0.31882963 0.29938036
0.29371372 0.3095355 0.28458828
0.28744712 0.29362065 0.27977252
0.27333727 0.27121228 0.26016468
0.26864702 0.25127447 0.23752946
0.29771346 0.23459834 0.21276078
0.3487329 0.24817365 0.21544318
0.3487329 0.24682412 0.2223922
0.31339973 0.24758548 0.24234514
0.18860012 0.20887296 0.2530118
0.16895324 0.22397107 0.29560003
0.22539258 0.309556 0.39487848
0.35007513 0.45643494 0.5499529
0.45438102 0.5676899 0.66670585
0.5053614 0.6186703 0.7176863
0.37360454 0.47996435 0.57348233
0.16737683 0.23069316 0.2995216
0.16345526 0.2267716 0.29560003
0.18932976 0.25959516 0.33392155
0.23873377 0.31594813 0.39577252
0.31009066 0.4025526 0.48507455
0.3908672 0.48892853 0.58524704
0.45595747 0.5623174 0.6558353
0.48733002 0.59234035 0.6941569
0.5289298 0.60614425 0.68596864
0.5533841 0.5095652 0.46552947
0.5588822 0.50811416 0.45858046
0.5533841 0.5095652 0.46552947
0.5266628 0.52743816 0.5467844
0.6042474 0.6606147 0.72394514
0.75561213 0.8189285 0.8877569
0.7461925 0.8164579 0.89078426
0.7383494 0.8086148 0.8829411
0.7579572 0.82822263 0.902549
0.7461925 0.8164579 0.89078426
0.75403565 0.82430106 0.8986274
0.75561213 0.8189285 0.8877569
0.5706469 0.522578 0.45644706
0.58714086 0.5209241 0.42170203
0.5887173 0.514202 0.41778046
0.59263885 0.5194731 0.41475302
0.600482 0.5273162 0.42259616
0.59263885 0.52082264 0.40780398
0.5965604 0.5247442 0.41172555
0.5965604 0.52339464 0.4186746
0.5965604 0.52339464 0.4186746
0.600482 0.5273162 0.42259616
0.5965604 0.52339464 0.4186746
0.600482 0.5273162 0.42259616
0.600482 0.5273162 0.42259616
0.60282713 0.5379599 0.4304393
0.6083251 0.53515935 0.4304393
0.6122467 0.5390809 0.43436086
0.6240114 0.5508456 0.44612557
0.61616826 0.5430025 0.43828243
0.6240114 0.5508456 0.44612557
0.62558776 0.5454731 0.43525496
0.6334309 0.55331624 0.4430981
0.63735247 0.55993694 0.43312156
0.6350074 0.5506428 0.41832948
0.62089753 0.5309335 0.3848236
0.6177838 0.50967175 0.3304706
0.61309344 0.49243307 0.29393733
0.6162463 0.48303744 0.26524705
0.60371286 0.4579556 0.22087064
0.60294425 0.44328886 0.1952079
0.60059905 0.43399477 0.18041572
0.5966775 0.43142277 0.16954514
0.60217553 0.4286222 0.16954514
0.61394024 0.44173646 0.17436078
0.61394024 0.44173646 0.17436078
0.6100187 0.4391644 0.16349018
0.6217834 0.4509291 0.17525488
0.6217834 0.45227867 0.16830593
0.62728137 0.45082766 0.1613569
0.6351245 0.4586708 0.16920003
0.6390461 0.46259236 0.1731216
0.63120294 0.45474923 0.16527846
0.6390461 0.46259236 0.1731216
0.64296764 0.46651393 0.17704317
0.6390461 0.46259236 0.1731216
0.65630877 0.47155654 0.1848863
0.65473235 0.4796282 0.18185887
0.6586539 0.48354983 0.18578047
0.64846563 0.46506298 0.17009416
0.644544 0.4611414 0.1661726
0.6249362 0.44153357 0.14656475
0.6406225 0.45721984 0.16225103
0.65238714 0.46898454 0.17401573
0.6680735 0.4860204 0.18275297
0.67357147 0.48321986 0.18275297
0.68925774 0.49890614 0.19843924
0.67357147 0.48187035 0.18970203
0.65788513 0.46618402 0.17401573
0.65788513 0.46618402 0.17401573
0.65788513 0.46618402 0.17401573
0.6657283 0.47537673 0.1749098
0.65788513 0.4675336 0.16706666
0.64219886 0.4518473 0.15138039
0.6461204 0.45576888 0.15530196
0.65396357 0.46361202 0.1631451
0.6461204 0.45576888 0.15530196
0.6461204 0.45576888 0.15530196
0.6633832 0.46473303 0.16706666
0.6712263 0.47257617 0.1749098
0.65554005 0.4568899 0.15922353
0.67514795 0.47649774 0.1788314
0.6633832 0.4660826 0.16011763
0.6633832 0.4660826 0.16011763
0.6712263 0.47392574 0.16796076
0.6790695 0.4804193 0.18275297
0.6790695 0.4804193 0.18275297
0.68691266 0.48826244 0.1905961
0.6814146 0.491063 0.1905961
0.6916029 0.5082003 0.21323144
0.6916029 0.5082003 0.21323144
0.6821833 0.5043801 0.22320792
0.68921876 0.5295634 0.28148243
0.6962541 0.55474675 0.33975688
0.7009444 0.5692863 0.39018822
0.6954464 0.57073736 0.39713725
0.7032895 0.5785805 0.4049804
0.68760324 0.5628942 0.38929412
0.68760324 0.56154466 0.3962432
0.7095562 0.5904466 0.4306432
0.71739936 0.5982897 0.43848634
0.70563465 0.586525 0.42672163
0.71113265 0.5837245 0.42672163
0.7032895 0.57588136 0.4188785
0.7032895 0.57588136 0.4188785
0.6915248 0.56411666 0.4071138
0.7032895 0.57588136 0.4188785
0.7072111 0.57980293 0.42280006
0.7032895 0.57588136 0.4188785
0.7032895 0.57588136 0.4188785
0.68525815 0.55090094 0.38840008
0.68368167 0.5576231 0.39232165
0.69702286 0.5640152 0.3932157
0.68525815 0.5522505 0.38145098
0.677415 0.54440737 0.37360784
0.677415 0.54440737 0.37360784
0.67349344 0.5404858 0.36968628
0.6695719 0.53656423 0.3657647
0.66172874 0.5287211 0.35792157
0.3337372 0.33006144 0.2803216
0.3337372 0.33006144 0.2803216
0.32589406 0.3222183 0.27247846
0.31647453 0.32109725 0.2685569
0.32431766 0.32759088 0.283349
0.32431766 0.3262413 0.290298
0.30470982 0.30798304 0.26374117
0.30470982 0.30933255 0.2567922
0.29294512 0.29756784 0.2450275
0.27333727 0.27796 0.22541966
0.257651 0.26227373 0.20973338
0.26314896 0.26082277 0.20278436
0.26314896 0.26082277 0.20278436
0.28667837 0.28300261 0.23326279
0.26707053 0.26339477 0.21365495
0.25138426 0.2477085 0.19796866
0.25296074 0.24233592 0.18709807
0.26238027 0.24345696 0.19101964
0.26787826 0.24065644 0.19101964
0.27103114 0.2272122 0.1831765
0.28594872 0.22553268 0.18709807
0.31578383 0.22487278 0.18104312
0.3597288 0.24392217 0.2084941
0.35030928 0.23875245 0.22541966
0.3173213 0.2501575 0.25321573
0.19801967 0.209994 0.25693336
0.1712984 0.23326519 0.31039214
0.24342401 0.33453637 0.4253569
0.38144767 0.48645794 0.5882745
0.4700673 0.58337617 0.6823921
0.48575357 0.59906244 0.6980784
0.24892199 0.33443496 0.4114588
0.15561213 0.21892846 0.2877569
0.1712984 0.23461473 0.30344316
0.19717291 0.26743832 0.3417647
0.23715729 0.3213207 0.40664318
0.30382395 0.38798738 0.47330984
0.37518093 0.4745918 0.5626118
0.44184762 0.53990895 0.6362274
0.45595747 0.5609678 0.66278434
0.5030553 0.57467026 0.6406981
0.54550195 0.5337289 0.5337804
0.5219335 0.5449055 0.57244706
0.66776115 0.73802656 0.8123529
0.73677295 0.8139874 0.89381176
0.7289298 0.80614424 0.8859686
0.7383494 0.8072653 0.8898902
0.74227095 0.81118685 0.89381176
0.7383494 0.8086148 0.8829411
0.75403565 0.82430106 0.8986274
0.7461925 0.8164579 0.89078426
0.7501141 0.8203795 0.8947059
0.75169057 0.8150069 0.8838353
0.58552533 0.5556044 0.5225647
0.5651879 0.4906726 0.39425105
0.5651879 0.4920221 0.38730204
0.56910944 0.49729323 0.38427457
0.58087415 0.50905794 0.39603928
0.5847957 0.5129795 0.39996085
0.59263885 0.52082264 0.40780398
0.60440356 0.5312378 0.42651772
0.6122467 0.5390809 0.43436086
0.6122467 0.5390809 0.43436086
0.6122467 0.5390809 0.43436086
0.6067487 0.54188144 0.43436086
0.61067027 0.545803 0.43828243
0.6067487 0.54053193 0.44130987
0.59890556 0.5340383 0.42651772
0.59890556 0.5326888 0.43346673
0.60440356 0.5312378 0.42651772
0.60440356 0.5312378 0.42651772
0.60440356 0.5312378 0.42651772
0.6083251 0.5365089 0.42349026
0.6099015 0.5297868 0.4195687
0.6177446 0.53897953 0.42046273
0.6177446 0.5403291 0.41351372
0.6193211 0.5349565 0.4026432
0.6185524 0.52163935 0.37003136
0.606019 0.49655747 0.32565498
0.61309344 0.4910835 0.30088633
0.60840315 0.4738448 0.26435292
0.5997913 0.45268446 0.22389808
0.5974462 0.4447399 0.20215684
0.61236376 0.4444099 0.19912946
0.6178618 0.4429589 0.19218042
0.61394024 0.4403869 0.18130985
0.6100187 0.4378149 0.17043921
0.60217553 0.42997175 0.16259608
0.6178618 0.44700754 0.17133331
0.61394024 0.44443554 0.1604628
0.62728137 0.44947815 0.16830593
0.6233598 0.44555658 0.16438437
0.6351245 0.4586708 0.16920003
0.62728137 0.45082766 0.1613569
0.63120294 0.45474923 0.16527846
0.63120294 0.45474923 0.16527846
0.6390461 0.46259236 0.1731216
0.6390461 0.46394193 0.1661726
0.6468892 0.47178507 0.17401573
0.6586539 0.48354983 0.18578047
0.6602303 0.47682768 0.18185887
0.65630877 0.4729061 0.1779373
0.6602303 0.47682768 0.18185887
0.65238714 0.46898454 0.17401573
0.64846563 0.46506298 0.17009416
0.6641519 0.4807493 0.18578047
0.64846563 0.46506298 0.17009416
0.650042 0.45834088 0.1661726
0.6343557 0.4426546 0.15048632
0.64219886 0.45049775 0.15832946
0.65396357 0.46226245 0.17009416
0.6814146 0.4897135 0.19754517
0.67357147 0.48187035 0.18970203
0.6814146 0.491063 0.1905961
0.67357147 0.48321986 0.18275297
0.6461204 0.45576888 0.15530196
0.650042 0.45969045 0.15922353
0.6696499 0.4792983 0.1788314
0.65396357 0.46361202 0.1631451
0.6633832 0.46473303 0.16706666
0.6618067 0.47145516 0.17098823
0.6712263 0.47257617 0.1749098
0.64377534 0.4451252 0.14745882
0.6476969 0.4476972 0.15832946
0.6516185 0.45296833 0.15530196
0.65554005 0.45554033 0.1661726
0.65554005 0.4568899 0.15922353
0.6476969 0.4476972 0.15832946
0.64377534 0.4451252 0.14745882
0.6594616 0.4594619 0.17009416
0.6657283 0.47402716 0.18185887
0.6343557 0.44130504 0.15743533
0.644544 0.45709276 0.18701959
0.6515795 0.48362565 0.23834518
0.6625364 0.51408005 0.2935922
0.70252085 0.56256425 0.38626665
0.7009444 0.5679368 0.39713725
0.7166307 0.58362305 0.41282353
0.7127091 0.5797015 0.40890196
0.72447383 0.5914662 0.42066666
0.7213209 0.60356086 0.4354589
0.74092877 0.62181914 0.46201575
0.7370072 0.61789757 0.45809418
0.71739936 0.5982897 0.43848634
0.6954464 0.5680382 0.41103536
0.68760324 0.5601951 0.40319222
0.7072111 0.57980293 0.42280006
0.7032895 0.57588136 0.4188785
0.68210524 0.5629956 0.40319222
0.6915248 0.56411666 0.4071138
0.69936794 0.5719598 0.41495693
0.7032895 0.57588136 0.4188785
0.6891797 0.5548225 0.39232165
0.68760324 0.56154466 0.3962432
0.68760324 0.56154466 0.3962432
0.68525815 0.5522505 0.38145098
0.6891797 0.5561721 0.38537255
0.677415 0.54440737 0.37360784
0.677415 0.54440737 0.37360784
0.677415 0.54440737 0.37360784
0.26472545 0.2554502 0.19191377
0.25138426 0.2504076 0.18407062
0.24746269 0.24648604 0.18014905
0.24746269 0.24513647 0.18709807
0.24354112 0.2412149 0.1831765
0.26314896 0.2594732 0.20973338
0.2709921 0.26731634 0.21757652
0.2584587 0.24088496 0.18014905
0.26003513 0.2355124 0.16927841
0.24434884 0.22117567 0.1466431
0.25376838 0.22229671 0.15056467
0.263188 0.22476727 0.14753729
0.29379186 0.24012357 0.16019611
0.30947816 0.25580984 0.1758824
0.30713305 0.2465157 0.1610902
0.32439575 0.25682944 0.16590586
0.3487329 0.25897005 0.15985103
0.3738387 0.2771269 0.17250985
0.40209746 0.28318906 0.17037646
0.41309342 0.27893755 0.1634275
0.42093655 0.28273204 0.19211769
0.39425433 0.26859817 0.19727841
0.36914843 0.24774225 0.1985177
0.35423085 0.24537313 0.21544318
0.32124287 0.2554286 0.2501883
0.2042864 0.22455923 0.26869807
0.18540819 0.2556736 0.32999998
0.28263968 0.37375206 0.46457258
0.41282022 0.5178305 0.619647
0.48733002 0.59234035 0.6941569
0.42066336 0.5270232 0.62054116
0.16422394 0.24413739 0.30736473
0.15561213 0.21892846 0.2877569
0.17364348 0.24525844 0.3112863
0.20343965 0.280654 0.3604784
0.24107885 0.32524228 0.41056475
0.29205924 0.37622267 0.46154514
0.33754164 0.42865402 0.51947457
0.38852203 0.4796344 0.57045496
0.38144767 0.48645794 0.5882745
0.5657223 0.7068272 0.82783526
0.57041264 0.72811455 0.84352154
0.7288908 0.84354925 0.9342666
0.72969854 0.8221604 0.9046824
0.72735333 0.81151676 0.89683926
0.7289298 0.80614424 0.8859686
0.73677295 0.8139874 0.89381176
0.7383494 0.8072653 0.8898902
0.7344278 0.8033437 0.8859686
0.73050624 0.79942214 0.88204706
0.7383494 0.8086148 0.8829411
0.7501141 0.8203795 0.8947059
0.75169057 0.8150069 0.8838353
0.71255296 0.70907843 0.7063294
0.5769526 0.5024373 0.40601575
0.573031 0.5012148 0.38819614
0.573031 0.5012148 0.38819614
0.5769526 0.5051364 0.3921177
0.573031 0.5012148 0.38819614
0.5769526 0.5051364 0.3921177
0.5887173 0.5155515 0.41083145
0.5887173 0.5155515 0.41083145
0.600482 0.5273162 0.42259616
0.5965604 0.52339464 0.4186746
0.60440356 0.5312378 0.42651772
0.61459184 0.5497246 0.442204
0.61459184 0.54837507 0.449153
0.6185134 0.55229664 0.45307457
0.62635654 0.5601398 0.4609177
0.62635654 0.5601398 0.4609177
0.6302781 0.56541085 0.45789027
0.63185453 0.55868876 0.4539687
0.62793297 0.5547672 0.45004714
0.63185453 0.5600383 0.44701967
0.62558776 0.5454731 0.43525496
0.6177446 0.53897953 0.42046273
0.61539954 0.52833587 0.4126196
0.61697596 0.5256624 0.38785106
0.61070925 0.5137962 0.36218822
0.6177838 0.5069726 0.3443687
0.60525024 0.4832403 0.2930432
0.6044816 0.46857366 0.26738042
0.60213643 0.4619786 0.23869024
0.5974462 0.44339034 0.20910594
0.5966775 0.4300732 0.17649415
0.6060971 0.43254375 0.17346671
0.59825397 0.42470062 0.16562358
0.6060971 0.43389332 0.16651765
0.61551666 0.43636388 0.16349018
0.5998304 0.4206776 0.1478039
0.60375196 0.42459917 0.15172547
0.62728137 0.44947815 0.16830593
0.64296764 0.46651393 0.17704317
0.64296764 0.46651393 0.17704317
0.6390461 0.46259236 0.1731216
0.63120294 0.45474923 0.16527846
0.6390461 0.46259236 0.1731216
0.6390461 0.46259236 0.1731216
0.6351245 0.4586708 0.16920003
0.6351245 0.46002036 0.16225103
0.65238714 0.46898454 0.17401573
0.65238714 0.46898454 0.17401573
0.6602303 0.47682768 0.18185887
0.6680735 0.48467088 0.18970203
0.6680735 0.48467088 0.18970203
0.65238714 0.46898454 0.17401573
0.65630877 0.4729061 0.1779373
0.6406225 0.45721984 0.16225103
0.6382773 0.44657618 0.15440789
0.650042 0.45834088 0.1661726
0.650042 0.45834088 0.1661726
0.650042 0.45834088 0.1661726
0.6618067 0.4701056 0.1779373
0.6382773 0.44657618 0.15440789
0.61866945 0.42696834 0.13480005
0.6343557 0.4426546 0.15048632
0.65396357 0.46226245 0.17009416
0.6657283 0.47402716 0.18185887
0.67357147 0.48187035 0.18970203
0.6814146 0.4897135 0.19754517
0.6853362 0.49498457 0.19451767
0.67357147 0.48321986 0.18275297
0.6633832 0.46473303 0.16706666
0.66730475 0.4686546 0.17098823
0.6633832 0.46473303 0.16706666
0.6516185 0.45161876 0.16225103
0.6476969 0.4476972 0.15832946
0.6398538 0.43985406 0.15048632
0.6594616 0.4594619 0.17009416
0.6343557 0.4426546 0.15048632
0.64219886 0.44914818 0.16527846
0.61866945 0.42426926 0.14869809
0.63670087 0.44924963 0.17917645
0.6437363 0.47443295 0.23745096
0.6703795 0.5205737 0.30838433
0.67506987 0.5351132 0.35881567
0.70252085 0.56256425 0.38626665
0.66722673 0.5272701 0.35097253
0.6593836 0.51942694 0.3431294
0.6476189 0.5076623 0.3313647
0.6476189 0.5076623 0.3313647
0.6797601 0.55235195 0.3953491
0.70563465 0.586525 0.42672163
0.7134778 0.59436816 0.43456477
0.7032895 0.57588136 0.4188785
0.71113265 0.5837245 0.42672163
0.71113265 0.5837245 0.42672163
0.7307405 0.60333234 0.44632947
0.7268189 0.5994108 0.4424079
0.71113265 0.582375 0.43367058
0.69936794 0.5719598 0.41495693
0.68760324 0.5601951 0.40319222
0.67583853 0.54977995 0.3844785
0.67583853 0.54977995 0.3844785
0.68368167 0.5576231 0.39232165
0.68525815 0.5522505 0.38145098
0.6813366 0.54832894 0.3775294
0.68525815 0.5522505 0.38145098
0.6931013 0.56009364 0.38929412
0.69702286 0.5640152 0.3932157
0.24200368 0.21053201 0.13879997
0.23808211 0.20661044 0.1348784
0.24750173 0.209081 0.13185102
0.29613703 0.24941769 0.17498828
0.29771346 0.24404514 0.1641177
0.28594872 0.23228043 0.15235297
0.3008663 0.23195048 0.14932546
0.33223888 0.26332304 0.18069804
0.34246615 0.24575436 0.1411373
0.36837977 0.24252239 0.12421182
0.38564244 0.25418568 0.12207848
0.4146699 0.27761364 0.1317098
0.45780715 0.32210043 0.16789809
0.47272468 0.3217705 0.16487063
0.48998737 0.33208424 0.16968626
0.5284344 0.35663316 0.18323927
0.5456971 0.36829644 0.18110593
0.5668814 0.3825317 0.18984312
0.5825677 0.39956754 0.19858038
0.5959088 0.40461016 0.20642352
0.59198725 0.39663988 0.22334906
0.5095952 0.3449443 0.22403926
0.4013287 0.257726 0.20030588
0.35030928 0.24145156 0.21152161
0.3173213 0.25150704 0.24626671
0.21212953 0.23240237 0.2765412
0.20343965 0.280654 0.3604784
0.31243584 0.41049716 0.5068157
0.43242806 0.5374384 0.6392549
0.47164375 0.5766541 0.6784706
0.28656125 0.3790232 0.46154514
0.15169056 0.21500689 0.28383532
0.1712984 0.23596428 0.29649416
0.18540819 0.25702313 0.323051
0.21912593 0.2963403 0.37616467
0.25049847 0.32771283 0.40753722
0.26618475 0.3433991 0.4232235
0.27952585 0.3484417 0.43106663
0.29286703 0.35348427 0.43890977
0.27952585 0.34709215 0.43801573
0.4880987 0.607007 0.7198196
0.59394205 0.7502944 0.8740001
0.6339264 0.8068758 0.9249804
0.7273144 0.8489218 0.94513726
0.7391181 0.8219319 0.915553
0.7289298 0.80479467 0.8929177
0.7289298 0.80614424 0.8859686
0.70147884 0.77869326 0.85851765
0.6936357 0.7708501 0.8506745
0.73050624 0.79942214 0.88204706
0.7501141 0.8203795 0.8947059
0.75403565 0.82430106 0.8986274
0.75169057 0.81365734 0.89078426
0.7689923 0.7906147 0.82645494
0.56910944 0.49459416 0.39817262
0.5651879 0.4920221 0.38730204
0.573031 0.49986523 0.39514518
0.5887173 0.5169011 0.4038824
0.5965604 0.5247442 0.41172555
0.5965604 0.5247442 0.41172555
0.60440356 0.5312378 0.42651772
0.6122467 0.5390809 0.43436086
0.6122467 0.5390809 0.43436086
0.5965604 0.52339464 0.4186746
0.60440356 0.5312378 0.42651772
0.5965604 0.52339464 0.4186746
0.6083251 0.53380984 0.4373883
0.60440356 0.5298883 0.43346673
0.6083251 0.53380984 0.4373883
0.61616826 0.5430025 0.43828243
0.61616826 0.5430025 0.43828243
0.6240114 0.5508456 0.44612557
0.62793297 0.55611676 0.4430981
0.62793297 0.55611676 0.4430981
0.6357761 0.5639599 0.45094123
0.6451956 0.56508094 0.4548628
0.6295093 0.54939467 0.43917653
0.6334309 0.5560154 0.4292
0.6365838 0.5452702 0.4074589
0.6436583 0.53844666 0.3896392
0.6217053 0.51224375 0.34134126
0.61936015 0.50429916 0.3196
0.6146699 0.48706046 0.28306675
0.61939913 0.4709428 0.25045496
0.6147089 0.45505357 0.2069726
0.6084422 0.44318748 0.18130985
0.6060971 0.43254375 0.17346671
0.6115951 0.4310928 0.16651765
0.61943823 0.44028544 0.16741174
0.6060971 0.43524283 0.15956861
0.6115951 0.4324423 0.15956861
0.6115951 0.43379188 0.15261966
0.6115951 0.43379188 0.15261966
0.61943823 0.441635 0.1604628
0.62728137 0.45082766 0.1613569
0.6351245 0.4586708 0.16920003
0.6390461 0.46259236 0.1731216
0.6468892 0.4704355 0.18096474
0.65238714 0.46763498 0.18096474
0.6390461 0.46394193 0.1661726
0.63670087 0.45329827 0.15832946
0.64846563 0.46506298 0.17009416
0.65630877 0.4729061 0.1779373
0.65630877 0.4729061 0.1779373
0.65238714 0.46898454 0.17401573
0.6602303 0.47682768 0.18185887
0.6602303 0.47682768 0.18185887
0.65238714 0.46898454 0.17401573
0.65630877 0.4729061 0.1779373
0.644544 0.4611414 0.1661726
0.65630877 0.4729061 0.1779373
0.65396357 0.46226245 0.17009416
0.65788513 0.46618402 0.17401573
0.6657283 0.47402716 0.18185887
0.6618067 0.4701056 0.1779373
0.6618067 0.4701056 0.1779373
0.6618067 0.4701056 0.1779373
0.650042 0.45834088 0.1661726
0.63043416 0.43873304 0.14656475
0.650042 0.45834088 0.1661726
0.6382773 0.44657618 0.15440789
0.6343557 0.4426546 0.15048632
0.65554005 0.45554033 0.1661726
0.6712263 0.4712266 0.18185887
0.6829911 0.48299137 0.1936236
0.6947558 0.49475607 0.20538831
0.6712263 0.4712266 0.18185887
0.6633832 0.46338347 0.17401573
0.65788513 0.46618402 0.17401573
0.6696499 0.47794878 0.18578047
0.6696499 0.47659922 0.19272947
0.6618067 0.46875602 0.1848863
0.6625755 0.4820732 0.21749806
0.6617678 0.49941337 0.2679295
0.67272466 0.52986777 0.32317647
0.69075614 0.55214906 0.367553
0.66172874 0.5287211 0.35792157
0.71428555 0.5729794 0.4049804
0.6711483 0.5311917 0.3548941
0.682913 0.54295635 0.3666588
0.66722673 0.52592057 0.35792157
0.7009444 0.5665872 0.40408635
0.6954464 0.5693878 0.40408635
0.7166307 0.5822735 0.41977262
0.69702286 0.5640152 0.3932157
0.6578072 0.52344996 0.3609491
0.6695719 0.53521466 0.3727138
0.6679954 0.54058725 0.38358438
0.7189758 0.59156764 0.43456477
0.7072111 0.57980293 0.42280006
0.6954464 0.5693878 0.40408635
0.704866 0.5705088 0.40800792
0.69702286 0.5640152 0.3932157
0.7009444 0.5679368 0.39713725
0.7127091 0.5797015 0.40890196
0.7127091 0.5797015 0.40890196
0.704866 0.57185835 0.40105882
0.69702286 0.5640152 0.3932157
0.6931013 0.56009364 0.38929412
0.6797601 0.5550511 0.38145098
0.32993275 0.21527429 0.1245569
0.31816804 0.20350958 0.112792194
0.33308563 0.20048052 0.123662785
0.38329735 0.2354447 0.15592946
0.39898363 0.2524805 0.16466671
0.433509 0.27310795 0.17429803
0.4625364 0.29923505 0.17003135
0.50255984 0.32111055 0.15881567
0.5253206 0.33267236 0.1427843
0.54100686 0.3497082 0.15152156
0.5621911 0.365293 0.15330985
0.58964205 0.3940935 0.17381182
0.60924995 0.41370136 0.19341967
0.6147479 0.4122504 0.18647057
0.61866945 0.4148224 0.19734123
0.6343557 0.43185824 0.20607841
0.6343557 0.43185824 0.20607841
0.6398538 0.4304072 0.19912946
0.6382773 0.4357798 0.20999998
0.6343557 0.43050867 0.2130275
0.6210146 0.42141742 0.22603136
0.532356 0.353807 0.22190587
0.4013287 0.257726 0.20030588
0.35580724 0.23865104 0.21152161
0.31339973 0.24758548 0.24234514
0.2144747 0.2416965 0.29133332
0.21362787 0.2977913 0.38311377
0.342232 0.44724226 0.5490588
0.44811434 0.55312467 0.6549412
0.42616135 0.5242227 0.62054116
0.17679638 0.23316376 0.29649416
0.15484343 0.20426178 0.26209408
0.18229441 0.23171276 0.28954506
0.19482781 0.2594937 0.32002357
0.22620037 0.29086626 0.3513961
0.24738462 0.303752 0.3670824
0.24503952 0.2931083 0.35923925
0.23016098 0.25603324 0.3139686
0.22231783 0.2481901 0.30612546
0.21681978 0.24829155 0.32002357
0.49363574 0.5668015 0.67152154
0.48417714 0.60308546 0.71589804
0.5978636 0.7555655 0.8709725
0.64334595 0.80934644 0.9219529
0.731236 0.8514938 0.95600784
0.70224756 0.79470944 0.8772314
0.7054004 0.7826148 0.8624392
0.73677295 0.8139874 0.89381176
0.7383494 0.8072653 0.8898902
0.73050624 0.79942214 0.88204706
0.7461925 0.8164579 0.89078426
0.7461925 0.8164579 0.89078426
0.75169057 0.81365734 0.89078426
0.76818454 0.80930436 0.86993724
0.5769526 0.5010877 0.4129647
0.5769526 0.5037868 0.39906675
0.56910944 0.49729323 0.38427457
0.58087415 0.5077084 0.4029883
0.5769526 0.5037868 0.39906675
0.5847957 0.51162994 0.40690988
0.59263885 0.5194731 0.41475302
0.59263885 0.5194731 0.41475302
0.5965604 0.52339464 0.4186746
0.60440356 0.5312378 0.42651772
0.6083251 0.53515935 0.4304393
0.6083251 0.53380984 0.4373883
0.6122467 0.5377314 0.44130987
0.6083251 0.53380984 0.4373883
0.6122467 0.5377314 0.44130987
0.61616826 0.541653 0.44523144
0.6083251 0.53515935 0.4304393
0.61616826 0.5430025 0.43828243
0.60440356 0.5312378 0.42651772
0.600482 0.5286658 0.41564712
0.6059799 0.52586526 0.41564712
0.6099015 0.5297868 0.4195687
0.6177446 0.53762996 0.42741182
0.6177446 0.53897953 0.42046273
0.62716424 0.54279965 0.41048634
0.6303171 0.5320545 0.38874516
0.63581514 0.5319531 0.37484705
0.63347006 0.52400845 0.35310596
0.6287797 0.50811934 0.3096236
0.6240895 0.49088064 0.2730902
0.62724227 0.481485 0.24440005
0.6107874 0.45248157 0.196102
0.60059905 0.43534434 0.17346671
0.6060971 0.43389332 0.16651765
0.60217553 0.42997175 0.16259608
0.61943823 0.44028544 0.16741174
0.61943823 0.44028544 0.16741174
0.62728137 0.44812858 0.17525488
0.61551666 0.43771344 0.15654123
0.6076735 0.4298703 0.14869809
0.6210146 0.43491292 0.15654123
0.6249362 0.440184 0.15351376
0.6210146 0.43626243 0.14959219
0.61317146 0.4284193 0.14174905
0.6170931 0.43234086 0.14567062
0.63277936 0.44802713 0.1613569
0.644544 0.45979184 0.1731216
0.6641519 0.47939974 0.19272947
0.6641519 0.4807493 0.18578047
0.6641519 0.4807493 0.18578047
0.65238714 0.46898454 0.17401573
0.64846563 0.46506298 0.17009416
0.65238714 0.46898454 0.17401573
0.65630877 0.4729061 0.1779373
0.65630877 0.4729061 0.1779373
0.65238714 0.46898454 0.17401573
0.6641519 0.4807493 0.18578047
0.67749304 0.48579192 0.1936236
0.6618067 0.4701056 0.1779373
0.67357147 0.48187035 0.18970203
0.6618067 0.4701056 0.1779373
0.6461204 0.4544193 0.16225103
0.65788513 0.46618402 0.17401573
0.6618067 0.4701056 0.1779373
0.6618067 0.4701056 0.1779373
0.65788513 0.46618402 0.17401573
0.6618067 0.4701056 0.1779373
0.65788513 0.46618402 0.17401573
0.6594616 0.4594619 0.17009416
0.6476969 0.4476972 0.15832946
0.6398538 0.43985406 0.15048632
0.6241675 0.42416778 0.13480005
0.61632437 0.41632465 0.12695691
0.6398538 0.43985406 0.15048632
0.6359322 0.4359325 0.14656475
0.64219886 0.45049775 0.15832946
0.6461204 0.45306975 0.16920003
0.6657283 0.47132808 0.19575691
0.66649705 0.4846452 0.2283687
0.6735325 0.5098285 0.2866432
0.70017564 0.5559692 0.35757655
0.710364 0.5704074 0.3941098
0.7166307 0.58362305 0.41282353
0.70878756 0.5757799 0.4049804
0.6891797 0.5561721 0.38537255
0.67899144 0.53903484 0.36273724
0.67506987 0.5351132 0.35881567
0.68368167 0.5576231 0.39232165
0.69936794 0.57330936 0.40800792
0.68760324 0.56154466 0.3962432
0.677415 0.5430578 0.38055694
0.66172874 0.5287211 0.35792157
0.67349344 0.5404858 0.36968628
0.6695719 0.53521466 0.3727138
0.6813366 0.54697937 0.3844785
0.6931013 0.56009364 0.38929412
0.69702286 0.5640152 0.3932157
0.6891797 0.55752164 0.3784235
0.6656503 0.53399223 0.3548941
0.6436973 0.50374067 0.32744312
0.6358542 0.49589756 0.3196
0.67506987 0.5351132 0.35881567
0.68525815 0.5536 0.37450194
0.67899144 0.53903484 0.36273724
0.682913 0.54295635 0.3666588
0.682913 0.54295635 0.3666588
0.47826177 0.28021532 0.12352155
0.45788515 0.23784354 0.119945094
0.43593222 0.2021938 0.12029025
0.46964985 0.24555957 0.15255691
0.48533612 0.26259542 0.16129416
0.51828516 0.29264402 0.16094907
0.5771087 0.35956484 0.17807841
0.6061361 0.38704148 0.16686273
0.62182236 0.4040773 0.17560005
0.6257439 0.40799886 0.17952162
0.6257439 0.4093484 0.17257258
0.63201064 0.42391363 0.18433729
0.63201064 0.42391363 0.18433729
0.6280891 0.4186425 0.18736476
0.6359322 0.42513612 0.20215684
0.63043416 0.42793667 0.20215684
0.6343557 0.43185824 0.20607841
0.63043416 0.4265871 0.20910594
0.6249362 0.42803806 0.21605495
0.6170931 0.41749585 0.2221098
0.59825397 0.4112051 0.23511377
0.5040972 0.34504575 0.2379373
0.39190918 0.2552554 0.20333338
0.35030928 0.24010202 0.21847063
0.31339973 0.24623594 0.24929416
0.22623941 0.25211167 0.31004703
0.23558088 0.32669324 0.41751376
0.3657614 0.47077167 0.5725882
0.42066336 0.5256737 0.62749016
0.29286703 0.35618338 0.4250118
0.15957274 0.18814409 0.22948238
0.15957274 0.18814409 0.22948238
0.18467855 0.20495139 0.24909022
0.19878842 0.22601023 0.27564704
0.21839626 0.24561808 0.2952549
0.23565896 0.2559318 0.30007064
0.24115694 0.25313127 0.30007064
0.23096862 0.23599401 0.27743533
0.24823146 0.24495813 0.28920004
0.23565896 0.25323272 0.3139686
0.48344743 0.5483147 0.6558353
0.4638006 0.5674614 0.6775765
0.4747576 0.60061485 0.71892554
0.5860989 0.7438008 0.8592078
0.61431855 0.787268 0.9053726
0.71789485 0.84780073 0.94121563
0.7430396 0.82720304 0.91252553
0.7406945 0.81790894 0.89773333
0.74227095 0.81118685 0.89381176
0.7344278 0.8033437 0.8859686
0.74227095 0.81253636 0.88686275
0.74227095 0.81253636 0.88686275
0.75169057 0.81365734 0.89078426
0.75876504 0.80683374 0.87296474
0.5596899 0.4894245 0.4150981
0.56126624 0.48675096 0.39032945
0.5573447 0.48417896 0.37945884
0.5847957 0.51162994 0.40690988
0.5887173 0.5169011 0.4038824
0.5887173 0.5169011 0.4038824
0.600482 0.5286658 0.41564712
0.60440356 0.5312378 0.42651772
0.60440356 0.5312378 0.42651772
0.59263885 0.5194731 0.41475302
0.5887173 0.514202 0.41778046
0.5847957 0.51028043 0.4138589
0.5847957 0.51028043 0.4138589
0.600482 0.5259667 0.42954516
0.61067027 0.5444535 0.44523144
0.6200898 0.54557455 0.449153
0.6240114 0.5508456 0.44612557
0.6240114 0.5508456 0.44612557
0.6357761 0.5626103 0.45789027
0.63185453 0.55868876 0.4539687
0.6200898 0.5482736 0.43525496
0.6083251 0.5365089 0.42349026
0.6099015 0.5297868 0.4195687
0.6177446 0.53762996 0.42741182
0.6232427 0.536179 0.42046273
0.6248191 0.532156 0.4026432
0.62247396 0.52421135 0.38090202
0.61228573 0.5084237 0.35131764
0.62485814 0.50149864 0.3196
0.6201679 0.48425993 0.28306675
0.6233207 0.47621387 0.2474275
0.62647367 0.46681827 0.2187373
0.6319716 0.4667169 0.20483926
0.6045206 0.44061548 0.17043921
0.6217834 0.4495796 0.18220392
0.6100187 0.4391644 0.16349018
0.6233598 0.444207 0.17133331
0.61551666 0.43636388 0.16349018
0.61943823 0.441635 0.1604628
0.6233598 0.44555658 0.16438437
0.63120294 0.45339972 0.1722275
0.6249362 0.440184 0.15351376
0.62885773 0.44410557 0.15743533
0.6249362 0.440184 0.15351376
0.6249362 0.440184 0.15351376
0.6210146 0.43626243 0.14959219
0.6249362 0.440184 0.15351376
0.61317146 0.4284193 0.14174905
0.62885773 0.44410557 0.15743533
0.6406225 0.45721984 0.16225103
0.65630877 0.4729061 0.1779373
0.6602303 0.47682768 0.18185887
0.6680735 0.48467088 0.18970203
0.6641519 0.4807493 0.18578047
0.644544 0.4611414 0.1661726
0.65630877 0.4729061 0.1779373
0.6406225 0.45721984 0.16225103
0.64846563 0.46506298 0.17009416
0.6618067 0.4701056 0.1779373
0.6618067 0.4701056 0.1779373
0.6696499 0.47794878 0.18578047
0.67357147 0.48187035 0.18970203
0.6618067 0.4701056 0.1779373
0.65396357 0.46226245 0.17009416
0.65396357 0.46226245 0.17009416
0.64219886 0.45049775 0.15832946
0.65788513 0.46618402 0.17401573
0.65788513 0.46618402 0.17401573
0.64219886 0.45049775 0.15832946
0.65554005 0.45554033 0.1661726
0.6516185 0.45161876 0.16225103
0.65554005 0.45554033 0.1661726
0.6476969 0.4476972 0.15832946
0.6382773 0.44657618 0.15440789
0.6382773 0.44657618 0.15440789
0.6618067 0.4701056 0.1779373
0.67357147 0.48052078 0.19665104
0.6461204 0.45037067 0.18309802
0.63120294 0.4480015 0.20002356
0.6617678 0.4980638 0.2748785
0.64292854 0.49042356 0.29483145
0.66330516 0.5246981 0.34010202
0.67506987 0.5351132 0.35881567
0.682913 0.54295635 0.3666588
0.70252085 0.56256425 0.38626665
0.70252085 0.56256425 0.38626665
0.710364 0.5704074 0.3941098
0.7189758 0.5929172 0.42761576
0.7268189 0.60076034 0.4354589
0.7072111 0.5811525 0.41585106
0.68368167 0.5576231 0.39232165
0.6813366 0.54832894 0.3775294
0.6813366 0.54832894 0.3775294
0.67349344 0.5404858 0.36968628
0.67349344 0.53913623 0.37663537
0.677415 0.54440737 0.37360784
0.6578072 0.5247995 0.354
0.6593836 0.51807743 0.35007843
0.655462 0.51415586 0.34615687
0.6593836 0.51942694 0.3431294
0.6593836 0.51942694 0.3431294
0.6711483 0.5311917 0.3548941
0.6711483 0.5311917 0.3548941
0.66722673 0.5272701 0.35097253
0.65154046 0.5115838 0.33528626
0.6162463 0.47628972 0.29999214
0.5684968 0.33705506 0.1445726
0.5308577 0.28571898 0.12923142
0.491642 0.24110511 0.117811814
0.50967324 0.2687847 0.13439214
0.53320265 0.2923141 0.15792155
0.55907726 0.3305358 0.1684471
0.6061361 0.38299283 0.18770985
0.6139792 0.39623415 0.16775692
0.62182236 0.40272775 0.182549
0.6124028 0.4016067 0.17862743
0.61632437 0.4041787 0.1894981
0.61866945 0.4148224 0.19734123
0.60690475 0.40170816 0.19252554
0.5974852 0.39788803 0.20250195
0.5959088 0.40461016 0.20642352
0.5943324 0.4086331 0.22424318
0.57706964 0.39696988 0.22637652
0.562152 0.39460075 0.243302
0.5417365 0.39368263 0.2671765
0.5134778 0.38627088 0.27625883
0.4844504 0.36149335 0.2735765
0.41697595 0.3135164 0.2503922
0.362074 0.25456583 0.21633723
0.33696818 0.23505941 0.2106275
0.31339973 0.24623594 0.24929416
0.2435021 0.2624254 0.31486273
0.27010632 0.3459711 0.43409416
0.37125936 0.46932068 0.5656392
0.32423958 0.38755593 0.45638436
0.17606667 0.1824416 0.21558428
0.16980007 0.16922586 0.19687057
0.19332948 0.19275527 0.22039998
0.21216857 0.19499734 0.22824311
0.22393328 0.20811158 0.23305885
0.23412158 0.22524886 0.2556941
0.24746269 0.23029146 0.26353723
0.25138426 0.23421302 0.2674588
0.24354112 0.22502035 0.26656467
0.25138426 0.23151392 0.2813569
0.22939222 0.23731792 0.3091529
0.45757294 0.51414156 0.6244627
0.41989458 0.5069583 0.62267447
0.45987904 0.5621903 0.6806039
0.47241244 0.59132075 0.70413333
0.5837537 0.73315716 0.8513647
0.6237381 0.7897386 0.90234506
0.7163183 0.8531734 0.95208627
0.74146324 0.8339251 0.9164471
0.7406945 0.81790894 0.89773333
0.7383494 0.8072653 0.8898902
0.7344278 0.8046932 0.8790196
0.7383494 0.8086148 0.8829411
0.74227095 0.81253636 0.88686275
0.7493454 0.80436325 0.8759922
0.5808351 0.53701615 0.49298045
0.58398795 0.5303197 0.45039222
0.5659566 0.5039897 0.4268628
0.5502703 0.48965296 0.40422744
0.57537615 0.5078098 0.41688627
0.56910944 0.49459416 0.39817262
0.58087415 0.50635886 0.40993732
0.573031 0.49716616 0.40904313
0.5651879 0.4906726 0.39425105
0.56910944 0.4932446 0.40512156
0.58087415 0.5050093 0.41688627
0.600482 0.52461714 0.4364941
0.59890556 0.5313392 0.44041568
0.5910624 0.5234961 0.43257254
0.58714086 0.5195745 0.42865098
0.58714086 0.5209241 0.42170203
0.600482 0.5259667 0.42954516
0.5847957 0.51162994 0.40690988
0.59263885 0.5194731 0.41475302
0.600482 0.5273162 0.42259616
0.6059799 0.5245157 0.42259616
0.6200898 0.54692405 0.442204
0.63185453 0.55868876 0.4539687
0.63735247 0.55588824 0.4539687
0.63735247 0.55588824 0.4539687
0.6295093 0.54939467 0.43917653
0.61539954 0.53103495 0.39872164
0.6185524 0.5202898 0.37698045
0.6177838 0.5069726 0.3443687
0.617015 0.49500507 0.3048079
0.6162463 0.48303744 0.26524705
0.61547756 0.4697203 0.23263535
0.60528934 0.45393255 0.20305103
0.60686576 0.44990957 0.18523142
0.61394024 0.44173646 0.17436078
0.6178618 0.44700754 0.17133331
0.6217834 0.4509291 0.17525488
0.61943823 0.441635 0.1604628
0.61551666 0.43771344 0.15654123
0.61551666 0.43771344 0.15654123
0.62728137 0.44947815 0.16830593
0.63120294 0.45474923 0.16527846
0.63670087 0.4519487 0.16527846
0.644544 0.45979184 0.1731216
0.63277936 0.44802713 0.1613569
0.63277936 0.44802713 0.1613569
0.63670087 0.4519487 0.16527846
0.6249362 0.440184 0.15351376
0.6249362 0.440184 0.15351376
0.62885773 0.44410557 0.15743533
0.6406225 0.45721984 0.16225103
0.644544 0.4611414 0.1661726
0.65788513 0.46618402 0.17401573
0.65396357 0.46226245 0.17009416
0.6696499 0.47794878 0.18578047
0.6680735 0.48467088 0.18970203
0.6680735 0.48467088 0.18970203
0.6680735 0.48467088 0.18970203
0.6680735 0.48467088 0.18970203
0.65788513 0.46618402 0.17401573
0.6657283 0.47537673 0.1749098
0.6618067 0.4701056 0.1779373
0.6618067 0.4701056 0.1779373
0.6641519 0.4807493 0.18578047
0.6696499 0.47794878 0.18578047
0.6696499 0.47794878 0.18578047
0.6602303 0.47682768 0.18185887
0.6696499 0.47794878 0.18578047
0.6657283 0.47402716 0.18185887
0.650042 0.45834088 0.1661726
0.650042 0.45834088 0.1661726
0.6461204 0.4544193 0.16225103
0.65396357 0.46226245 0.17009416
0.650042 0.45834088 0.1661726
0.6461204 0.4544193 0.16225103
0.650042 0.4569913 0.1731216
0.65788513 0.46483445 0.18096474
0.63670087 0.44790012 0.18612549
0.62570494 0.44810295 0.21392155
0.6484266 0.49167165 0.27398437
0.66645795 0.513953 0.31836087
0.6805678 0.5350118 0.3449177
0.7064424 0.56783533 0.38323927
0.6946777 0.5547211 0.3784235
0.67506987 0.5351132 0.35881567
0.655462 0.51550543 0.33920783
0.6476189 0.5076623 0.3313647
0.67349344 0.5404858 0.36968628
0.66015226 0.5340937 0.36879224
0.68760324 0.56154466 0.3962432
0.6954464 0.5693878 0.40408635
0.7032895 0.57723093 0.4119295
0.6931013 0.56009364 0.38929412
0.69702286 0.5640152 0.3932157
0.69702286 0.5640152 0.3932157
0.69702286 0.5640152 0.3932157
0.677415 0.54440737 0.37360784
0.6695719 0.53656423 0.3657647
0.6813366 0.54832894 0.3775294
0.6695719 0.53656423 0.3657647
0.66722673 0.5272701 0.35097253
0.6578072 0.5261491 0.34705096
0.66330516 0.52334857 0.34705096
0.6593836 0.51942694 0.3431294
0.65154046 0.5115838 0.33528626
0.65154046 0.5102343 0.3422353
0.58575964 0.34871823 0.14243928
0.5645752 0.3331335 0.14065103
0.5645752 0.33043438 0.154549
0.57476354 0.34757164 0.17718436
0.58337533 0.371431 0.20374122
0.5935637 0.3899178 0.2194275
0.6014068 0.40046003 0.21337253
0.59514004 0.3858948 0.20160782
0.58022255 0.38622475 0.20463534
0.56845784 0.37446004 0.19287063
0.5480423 0.37354192 0.21674508
0.5386226 0.3697218 0.22672161
0.5197835 0.36208153 0.24667455
0.49544635 0.35994095 0.25272942
0.48602682 0.3588199 0.24880783
0.47737586 0.37101606 0.27749807
0.4718779 0.37111747 0.29139605
0.4608819 0.37401944 0.30529416
0.44988593 0.37692145 0.31919214
0.44596437 0.37165034 0.32221958
0.43419966 0.35853606 0.31740397
0.38321927 0.30620614 0.2733726
0.33381528 0.24850364 0.21847063
0.32205057 0.23538937 0.21365495
0.30398017 0.2451149 0.2453726
0.25138426 0.23421302 0.2674588
0.27329823 0.30052003 0.35015684
0.3140903 0.33436316 0.378502
0.22235687 0.21348415 0.24392939
0.21216857 0.19634688 0.22129415
0.22550975 0.20138946 0.22913729
0.23100773 0.19858894 0.22913729
0.23885086 0.20643207 0.23698042
0.23885086 0.20643207 0.23698042
0.22943132 0.20531103 0.23305885
0.24119602 0.2157262 0.25177252
0.23177642 0.21325564 0.25479996
0.23569798 0.21717721 0.25872153
0.23020001 0.21862818 0.26567063
0.22154908 0.22812523 0.30825886
0.45365137 0.5075209 0.63443923
0.23246703 0.29193604 0.432651
0.41989458 0.5069583 0.62267447
0.46772218 0.57138294 0.68149805
0.47791043 0.5885202 0.70413333
0.59159684 0.7410003 0.8592078
0.610397 0.7833464 0.901451
0.70689875 0.8507028 0.9551137
0.7453848 0.8378467 0.9203687
0.7406945 0.81790894 0.89773333
0.7344278 0.8046932 0.8790196
0.74227095 0.81253636 0.88686275
0.74227095 0.81253636 0.88686275
0.7493454 0.80436325 0.8759922
0.7132826 0.75710154 0.8011372
0.6811414 0.7110623 0.744102
0.6552668 0.67688924 0.71272945
0.635659 0.65863097 0.68617254
0.608208 0.63118 0.65872157
0.6019412 0.61661476 0.64695686
0.5901765 0.60619956 0.62824315
0.5878314 0.5969054 0.613451
0.54627067 0.5483955 0.5594432
0.507055 0.50917983 0.5202275
0.53373724 0.5219642 0.5220157
0.5274706 0.5087485 0.503302
0.5133607 0.4876896 0.47674513
0.54630965 0.51368964 0.49724713
0.56983906 0.5385686 0.51382744
0.5776822 0.54776126 0.5147216
0.5965214 0.5527024 0.50866675
0.58867824 0.54620886 0.49387458
0.58398795 0.5276206 0.4642902
0.5777213 0.5130553 0.4525255
0.5777213 0.51440483 0.44557655
0.59890556 0.52864015 0.45431378
0.5910624 0.5221466 0.43952158
0.5832193 0.51565295 0.4247294
0.6122467 0.53638184 0.44825882
0.63185453 0.5559897 0.46786666
0.64361924 0.56910396 0.47268242
0.6428505 0.5571364 0.43312156
0.6318936 0.52668196 0.3778745
0.6256269 0.5161653 0.34526283
0.6287797 0.50811934 0.3096236
0.62801105 0.4948022 0.27701178
0.611556 0.46579874 0.22871378
0.6131325 0.4617757 0.21089417
0.62805 0.46279532 0.20091769
0.6296265 0.45877224 0.18309802
0.62570494 0.45485067 0.17917645
0.6390461 0.46124285 0.18007064
0.6351245 0.4573213 0.17614907
0.61943823 0.441635 0.1604628
0.61551666 0.43771344 0.15654123
0.61943823 0.441635 0.1604628
0.6233598 0.4469061 0.15743533
0.64846563 0.4637134 0.17704317
0.644544 0.45979184 0.1731216
0.6406225 0.45587027 0.16920003
0.644544 0.4611414 0.1661726
0.64846563 0.4637134 0.17704317
0.63670087 0.4519487 0.16527846
0.6406225 0.45721984 0.16225103
0.6406225 0.45721984 0.16225103
0.63277936 0.4493767 0.15440789
0.6343557 0.4426546 0.15048632
0.6343557 0.4426546 0.15048632
0.6265126 0.43481147 0.14264318
0.6382773 0.44657618 0.15440789
0.62885773 0.44410557 0.15743533
0.63670087 0.45329827 0.15832946
0.65788513 0.46618402 0.17401573
0.65396357 0.46226245 0.17009416
0.6618067 0.4701056 0.1779373
0.65788513 0.46618402 0.17401573
0.6696499 0.47794878 0.18578047
0.6618067 0.4701056 0.1779373
0.65630877 0.4729061 0.1779373
0.6680735 0.48467088 0.18970203
0.6641519 0.4807493 0.18578047
0.6696499 0.47794878 0.18578047
0.6657283 0.47537673 0.1749098
0.6696499 0.47794878 0.18578047
0.6657283 0.47402716 0.18185887
0.6618067 0.4701056 0.1779373
0.65396357 0.46361202 0.1631451
0.65396357 0.46226245 0.17009416
0.6461204 0.4544193 0.16225103
0.6461204 0.45306975 0.16920003
0.644544 0.45844233 0.18007064
0.6508108 0.47030848 0.20573333
0.6633442 0.49539036 0.25010988
0.6743011 0.52584475 0.30535692
0.68841094 0.54285496 0.35276085
0.6868346 0.5482275 0.36363143
0.69075614 0.55214906 0.367553
0.682913 0.5443059 0.35970986
0.66330516 0.5246981 0.34010202
0.66722673 0.5272701 0.35097253
0.6593836 0.51942694 0.3431294
0.6946777 0.55337155 0.38537255
0.7166307 0.58362305 0.41282353
0.69936794 0.57330936 0.40800792
0.7072111 0.5811525 0.41585106
0.69936794 0.57330936 0.40800792
0.6538856 0.52087796 0.35007843
0.6381993 0.5051917 0.33439216
0.64604247 0.5130348 0.3422353
0.6538856 0.52087796 0.35007843
0.6578072 0.5247995 0.354
0.6695719 0.53656423 0.3657647
0.6891797 0.5561721 0.38537255
0.69702286 0.5640152 0.3932157
0.6931013 0.56144315 0.38234508
0.69702286 0.5653648 0.38626665
0.6931013 0.56144315 0.38234508
0.682913 0.54295635 0.3666588
0.6868346 0.5455284 0.3775294
0.677415 0.54440737 0.37360784
0.5614224 0.34657767 0.14849417
0.55592436 0.34667912 0.16239214
0.5582695 0.35462368 0.18413338
0.54961866 0.36681983 0.21282351
0.54646575 0.37891448 0.22761573
0.5354698 0.3818165 0.24151371
0.52762663 0.3726238 0.24061958
0.49467766 0.34527424 0.22706671
0.47426212 0.34570566 0.24399213
0.4593445 0.3446861 0.25396866
0.45227006 0.35150963 0.2717882
0.44285053 0.34903905 0.27481568
0.4467721 0.35161105 0.2856863
0.44127405 0.3544116 0.2856863
0.43577605 0.35586262 0.29263532
0.4436192 0.3623562 0.30742744
0.4302781 0.35596406 0.3065333
0.40517226 0.33780718 0.29387456
0.38398796 0.32222235 0.2920863
0.36438012 0.301265 0.27942744
0.33692914 0.27381402 0.25197646
0.30163503 0.23717034 0.22363135
0.29379186 0.2293272 0.21578822
0.28202716 0.21486337 0.2179216
0.26710957 0.21384382 0.22789802
0.2482704 0.21025223 0.22700389
0.23727445 0.21315417 0.24090199
0.21766661 0.19354632 0.22129415
0.21374504 0.18962476 0.21737258
0.21766661 0.19354632 0.22129415
0.21374504 0.18962476 0.21737258
0.22550975 0.20138946 0.22913729
0.22943132 0.20531103 0.23305885
0.22785485 0.21068361 0.24392939
0.2184353 0.20821303 0.24695683
0.22078046 0.21750714 0.26174906
0.21528235 0.21895818 0.26869807
0.20820796 0.22713128 0.2795686
0.20270999 0.2272327 0.29346663
0.18463951 0.23695827 0.3251843
0.45365137 0.50617135 0.64138824
0.18148662 0.24095564 0.3816706
0.2348122 0.30392927 0.43354505
0.42381614 0.5108799 0.62659603
0.492828 0.58953977 0.6941569
0.54534584 0.6712031 0.78951377
0.57744795 0.7573465 0.880949
0.5923265 0.7957711 0.9192705
0.6731421 0.8474411 0.957247
0.7453848 0.8364971 0.9273177
0.7383494 0.8072653 0.8898902
0.7344278 0.8046932 0.8790196
0.747769 0.8097358 0.88686275
0.7438474 0.8071638 0.8759922
0.7885611 0.846278 0.9013098
0.77994925 0.82241863 0.87475294
0.77994925 0.82241863 0.87475294
0.77994925 0.82241863 0.87475294
0.77994925 0.82241863 0.87475294
0.77994925 0.82241863 0.87475294
0.7932904 0.82746124 0.8825961
0.7932904 0.8288108 0.87564707
0.79721195 0.8327324 0.8795686
0.79721195 0.8327324 0.8795686
0.8011335 0.83665395 0.8834902
0.8011335 0.83800346 0.8765412
0.79721195 0.8340819 0.8726196
0.80663157 0.83520293 0.8765412
0.81055313 0.8391245 0.88046277
0.8144747 0.84304607 0.88438433
0.8144747 0.84304607 0.88438433
0.8183963 0.8483172 0.8813569
0.8144747 0.84439564 0.8774353
0.8183963 0.8483172 0.8813569
0.80271 0.83263093 0.8656706
0.775259 0.80517995 0.83821964
0.7438865 0.7738074 0.8068471
0.7242786 0.75419956 0.78723925
0.70232564 0.72394806 0.7597883
0.68663937 0.70961136 0.73715293
0.62704706 0.6374706 0.6457177
0.54950154 0.47498626 0.37856475
0.62012887 0.5135677 0.3730589
0.63347006 0.5226589 0.36005497
0.6350464 0.51998544 0.33528626
0.64604247 0.518433 0.3144393
0.6319326 0.50007325 0.27398437
0.63116384 0.48540664 0.24832165
0.62881875 0.47746196 0.22658044
0.62805 0.4641449 0.19396862
0.6335481 0.4613443 0.19396862
0.6217834 0.4509291 0.17525488
0.6076735 0.4298703 0.14869809
0.6076735 0.4298703 0.14869809
0.6233598 0.44555658 0.16438437
0.6233598 0.44555658 0.16438437
0.63670087 0.4519487 0.16527846
0.63277936 0.44802713 0.1613569
0.63670087 0.4519487 0.16527846
0.63670087 0.4519487 0.16527846
0.644544 0.4611414 0.1661726
0.644544 0.4611414 0.1661726
0.644544 0.4611414 0.1661726
0.65630877 0.4729061 0.1779373
0.6602303 0.47682768 0.18185887
0.6641519 0.4807493 0.18578047
0.6602303 0.47682768 0.18185887
0.650042 0.45834088 0.1661726
0.64219886 0.45049775 0.15832946
0.64219886 0.45049775 0.15832946
0.64219886 0.44914818 0.16527846
0.63670087 0.4519487 0.16527846
0.64219886 0.44914818 0.16527846
0.63043416 0.43873304 0.14656475
0.6382773 0.44657618 0.15440789
0.6461204 0.45306975 0.16920003
0.65396357 0.46091288 0.17704317
0.65630877 0.4729061 0.1779373
0.65238714 0.46763498 0.18096474
0.6602303 0.47682768 0.18185887
0.6680735 0.48467088 0.18970203
0.6641519 0.4807493 0.18578047
0.65788513 0.46618402 0.17401573
0.6696499 0.47794878 0.18578047
0.6618067 0.4701056 0.1779373
0.6696499 0.47794878 0.18578047
0.6696499 0.47794878 0.18578047
0.6618067 0.4701056 0.1779373
0.65396357 0.46226245 0.17009416
0.65396357 0.46091288 0.17704317
0.6406225 0.4531712 0.18309802
0.6531559 0.47960258 0.22052556
0.66568935 0.50333494 0.27185106
0.6688031 0.52729577 0.3123059
0.67899144 0.5417339 0.34883928
0.69075614 0.55214906 0.367553
0.6946777 0.5560706 0.37147456
0.67506987 0.5364628 0.35186672
0.67272466 0.5258191 0.3440236
0.66330516 0.52334857 0.34705096
0.66722673 0.5272701 0.35097253
0.6711483 0.52984214 0.36184314
0.6711483 0.52984214 0.36184314
0.6538856 0.52087796 0.35007843
0.64996403 0.5169564 0.34615687
0.6578072 0.52344996 0.3609491
0.64604247 0.5130348 0.3422353
0.6695719 0.53656423 0.3657647
0.6695719 0.53656423 0.3657647
0.68525815 0.5522505 0.38145098
0.6931013 0.56009364 0.38929412
0.6813366 0.54832894 0.3775294
0.6695719 0.53656423 0.3657647
0.6421209 0.50911325 0.33831373
0.64604247 0.5130348 0.3422353
0.6578072 0.5247995 0.354
0.6538856 0.52087796 0.35007843
0.6711483 0.52984214 0.36184314
0.6868346 0.5455284 0.3775294
0.682913 0.54160684 0.37360784
0.47272468 0.3150227 0.19961573
0.45780715 0.31535268 0.20264319
0.45465428 0.32609782 0.2243843
0.4593445 0.3473852 0.24007057
0.47503078 0.3617219 0.26270592
0.47895235 0.36564347 0.2666275
0.45384645 0.34748664 0.25396866
0.4365838 0.33582336 0.25610194
0.43108582 0.33727434 0.26305097
0.4216662 0.33480376 0.26607847
0.41382307 0.32426155 0.27213332
0.40048194 0.31786942 0.2712392
0.37537614 0.3010621 0.25163135
0.34792516 0.27226156 0.23112945
0.33616045 0.26049685 0.21936475
0.32439575 0.2473826 0.21454906
0.31105462 0.24099042 0.21365495
0.30321148 0.23179777 0.21276078
0.2898703 0.22540562 0.21186665
0.28202716 0.21621293 0.21097258
0.26634088 0.1991771 0.20223533
0.2490782 0.19021292 0.19047062
0.2490782 0.18886338 0.19741958
0.2396586 0.18639284 0.20044704
0.23416054 0.18784384 0.20739605
0.22866257 0.18929482 0.21434513
0.21374504 0.18962476 0.21737258
0.2059019 0.18178162 0.20952944
0.20040387 0.18323264 0.2164784
0.19332948 0.19005616 0.23429808
0.19175294 0.19542877 0.24516866
0.20351765 0.20719348 0.25693336
0.18860012 0.20617388 0.26690978
0.17445128 0.22252005 0.28865102
0.15795721 0.22687308 0.309498
0.1571495 0.24691233 0.34603134
0.15868694 0.2789448 0.3834588
0.20182419 0.3234316 0.41964704
0.2661457 0.37945458 0.47847056
0.39009845 0.4729123 0.5665334
0.5595337 0.61745185 0.71947455
0.16972192 0.2305405 0.36295682
0.20736122 0.2764783 0.40609407
0.28187102 0.35368717 0.46670586
0.50697684 0.5731936 0.67241573
0.51558864 0.597053 0.6989725
0.50213045 0.702876 0.8429726
0.5428835 0.77412415 0.91961575
0.5852521 0.80259466 0.9370902
0.6574558 0.83040524 0.9485098
0.7446161 0.8218305 0.9016549
0.73992586 0.80189264 0.8790196
0.7438474 0.8058142 0.8829411
0.7438474 0.8071638 0.8759922
0.78463954 0.8410069 0.9043373
0.77052975 0.8212976 0.8708314
0.77994925 0.82241863 0.87475294
0.77994925 0.82241863 0.87475294
0.77994925 0.82241863 0.87475294
0.77994925 0.82241863 0.87475294
0.7838708 0.8263402 0.8786745
0.7877924 0.83026177 0.8825961
0.79171395 0.83418334 0.88651764
0.79721195 0.8313828 0.88651764
0.7956355 0.8394545 0.8834902
0.8011335 0.83665395 0.8834902
0.79721195 0.8327324 0.8795686
0.8011335 0.83665395 0.8834902
0.8050551 0.8405755 0.8874117
0.8050551 0.8405755 0.8874117
0.8050551 0.841925 0.88046277
0.80897665 0.8458466 0.88438433
0.8128982 0.84976816 0.8883059
0.8128982 0.84976816 0.8883059
0.8128982 0.84976816 0.8883059
0.80897665 0.8458466 0.88438433
0.8128982 0.84976816 0.8883059
0.8128982 0.84976816 0.8883059
0.82231784 0.8508892 0.8922275
0.82231784 0.8522388 0.88527846
0.82781583 0.8507878 0.8783294
0.523588 0.47416958 0.41633722
0.61070925 0.51109713 0.37608635
0.606019 0.4938584 0.33955294
0.6036739 0.48726338 0.31086275
0.6068267 0.47651818 0.28912163
0.60056 0.46600166 0.25650978
0.633509 0.49335116 0.2700628
0.65234816 0.49964187 0.25705883
0.6460815 0.48777574 0.23139614
0.6437363 0.4784816 0.21660396
0.64765793 0.48375273 0.2135765
0.6413912 0.47188652 0.18791378
0.6335481 0.46404338 0.18007064
0.64296764 0.46516442 0.1839922
0.6390461 0.46259236 0.1731216
0.6351245 0.4586708 0.16920003
0.64296764 0.46651393 0.17704317
0.62885773 0.44410557 0.15743533
0.6210146 0.43626243 0.14959219
0.63670087 0.45329827 0.15832946
0.63277936 0.4493767 0.15440789
0.644544 0.4611414 0.1661726
0.644544 0.4611414 0.1661726
0.644544 0.4611414 0.1661726
0.6602303 0.47817725 0.1749098
0.6602303 0.47817725 0.1749098
0.6602303 0.47682768 0.18185887
0.64846563 0.46506298 0.17009416
0.65238714 0.46898454 0.17401573
0.6602303 0.47682768 0.18185887
0.65630877 0.4729061 0.1779373
0.64846563 0.46506298 0.17009416
0.6382773 0.44657618 0.15440789
0.6343557 0.44130504 0.15743533
0.6382773 0.4452266 0.1613569
0.63043416 0.43738347 0.15351376
0.6343557 0.44130504 0.15743533
0.6382773 0.4452266 0.1613569
0.65788513 0.46483445 0.18096474
0.6618067 0.46875602 0.1848863
0.6618067 0.4701056 0.1779373
0.65788513 0.46618402 0.17401573
0.65788513 0.46483445 0.18096474
0.65630877 0.47155654 0.1848863
0.65630877 0.4729061 0.1779373
0.6641519 0.4807493 0.18578047
0.64846563 0.46506298 0.17009416
0.65396357 0.46091288 0.17704317
0.65630877 0.47020704 0.19183534
0.6531559 0.47825307 0.22747457
0.6617678 0.5007629 0.2609804
0.6743011 0.52449524 0.3123059
0.70017564 0.55731875 0.35062745
0.69075614 0.5534986 0.360604
0.6946777 0.5574202 0.36452556
0.6946777 0.5560706 0.37147456
0.6868346 0.546878 0.37058038
0.67506987 0.5351132 0.35881567
0.682913 0.54295635 0.3666588
0.6813366 0.54832894 0.3775294
0.6891797 0.5561721 0.38537255
0.67349344 0.5404858 0.36968628
0.6656503 0.53264266 0.36184314
0.6813366 0.54697937 0.3844785
0.6931013 0.5587441 0.3962432
0.6656503 0.53264266 0.36184314
0.6695719 0.53656423 0.3657647
0.6813366 0.54832894 0.3775294
0.677415 0.54440737 0.37360784
0.677415 0.54440737 0.37360784
0.6578072 0.5247995 0.354
0.677415 0.54440737 0.37360784
0.677415 0.54440737 0.37360784
0.6578072 0.5247995 0.354
0.6695719 0.53656423 0.3657647
0.68525815 0.5522505 0.38145098
0.67899144 0.5376853 0.36968628
0.6711483 0.52984214 0.36184314
0.655462 0.51415586 0.34615687
0.41620725 0.30019927 0.21778044
0.41463077 0.3069214 0.22170201
0.41305438 0.31229395 0.23257253
0.43266222 0.3319018 0.25218037
0.4365838 0.33582336 0.25610194
0.4208975 0.31878754 0.2473647
0.3604976 0.26533654 0.19941181
0.34481132 0.24830073 0.19067456
0.323627 0.23541503 0.17498828
0.31186226 0.22095121 0.17712155
0.29852116 0.21455905 0.17622748
0.29067802 0.20671591 0.16838434
0.2773369 0.20032375 0.16749023
0.26949376 0.19248061 0.15964709
0.26949376 0.19113107 0.16659611
0.26007423 0.19001003 0.16267455
0.25615266 0.18473892 0.16570193
0.24673304 0.18091881 0.17567846
0.24123506 0.18236978 0.18262748
0.22789389 0.17732722 0.17478435
0.21847427 0.17485666 0.17781174
0.2263174 0.18135026 0.1926039
0.22081943 0.18415079 0.1926039
0.22316459 0.19209535 0.21434513
0.21374504 0.18962476 0.21737258
0.2066706 0.19779788 0.22824311
0.18783137 0.19285676 0.23429808
0.17291385 0.19048761 0.2512235
0.158765 0.20683378 0.27296475
0.1469612 0.23112461 0.31644708
0.14772995 0.24714082 0.33516082
0.19713394 0.30349377 0.39701176
0.25830257 0.37296098 0.46367842
0.3626085 0.48556542 0.57348233
0.43869475 0.5533532 0.64407057
0.3947497 0.5302552 0.63746667
0.57591057 0.7266636 0.8365726
0.3657614 0.47077167 0.5725882
0.37125936 0.47067022 0.55869025
0.4097063 0.49252015 0.5861412
0.60267097 0.66328824 0.74871373
0.67718077 0.73779804 0.82322353
0.20501605 0.2685337 0.38435292
0.63246703 0.6986838 0.7979059
0.46541607 0.52603334 0.61145884
0.56822354 0.56650114 0.64943534
0.5949059 0.5765863 0.6651216
0.40013063 0.6383202 0.7893098
0.55387956 0.76987255 0.9126668
0.62842834 0.8069774 0.93887836
0.76030236 0.8361672 0.92429024
0.73992586 0.80189264 0.8790196
0.74542385 0.7990921 0.8790196
0.74542385 0.8004417 0.8720706
0.77052975 0.81859845 0.88472944
0.77994925 0.82241863 0.87475294
0.77994925 0.82241863 0.87475294
0.7838708 0.8263402 0.8786745
0.7838708 0.8263402 0.8786745
0.7838708 0.8263402 0.8786745
0.7877924 0.83026177 0.8825961
0.7877924 0.83026177 0.8825961
0.79171395 0.83418334 0.88651764
0.79171395 0.83418334 0.88651764
0.7995571 0.8420265 0.8943608
0.7956355 0.8394545 0.8834902
0.8011335 0.83665395 0.8834902
0.8011335 0.83665395 0.8834902
0.8050551 0.8405755 0.8874117
0.8050551 0.8405755 0.8874117
0.80897665 0.8444971 0.89133334
0.80897665 0.8444971 0.89133334
0.80897665 0.8458466 0.88438433
0.80897665 0.8458466 0.88438433
0.80897665 0.8458466 0.88438433
0.80897665 0.8458466 0.88438433
0.8144747 0.84304607 0.88438433
0.8144747 0.84304607 0.88438433
0.8183963 0.84696764 0.8883059
0.8183963 0.84696764 0.8883059
0.82781583 0.8507878 0.8783294
0.63258415 0.6026632 0.56962353
0.6381602 0.53719854 0.41048634
0.6177838 0.50427353 0.35826665
0.5981759 0.48736477 0.32476085
0.60132873 0.47796923 0.29607058
0.6123247 0.47506723 0.2821726
0.61390114 0.47239375 0.2574039
0.60921085 0.45515504 0.22087064
0.60294425 0.44328886 0.1952079
0.6162853 0.44968104 0.196102
0.6319716 0.46806645 0.19789019
0.6335481 0.4626938 0.18701959
0.63746965 0.46796495 0.1839922
0.6468892 0.469086 0.18791378
0.6508108 0.47300756 0.19183534
0.63120294 0.45339972 0.1722275
0.63120294 0.45474923 0.16527846
0.62885773 0.44410557 0.15743533
0.63670087 0.4519487 0.16527846
0.65630877 0.4729061 0.1779373
0.644544 0.4611414 0.1661726
0.62885773 0.44545513 0.15048632
0.6249362 0.44153357 0.14656475
0.644544 0.4611414 0.1661726
0.6602303 0.47682768 0.18185887
0.65238714 0.4703341 0.16706666
0.6641519 0.4807493 0.18578047
0.6680735 0.48467088 0.18970203
0.6680735 0.48467088 0.18970203
0.6680735 0.48467088 0.18970203
0.65630877 0.4729061 0.1779373
0.64846563 0.46506298 0.17009416
0.65788513 0.46618402 0.17401573
0.65630877 0.4729061 0.1779373
0.650042 0.4569913 0.1731216
0.6461204 0.45306975 0.16920003
0.6343557 0.44130504 0.15743533
0.6265126 0.4334619 0.14959219
0.63043416 0.43738347 0.15351376
0.63043416 0.43738347 0.15351376
0.63043416 0.43738347 0.15351376
0.64219886 0.44914818 0.16527846
0.6461204 0.45306975 0.16920003
0.6461204 0.45306975 0.16920003
0.65238714 0.46763498 0.18096474
0.644544 0.45979184 0.1731216
0.65238714 0.46763498 0.18096474
0.65630877 0.47020704 0.19183534
0.65473235 0.47423005 0.2096549
0.65942264 0.4914688 0.24618831
0.66645795 0.5193512 0.29056478
0.67272466 0.52986777 0.32317647
0.682913 0.547005 0.34581184
0.682913 0.5456555 0.35276085
0.69075614 0.5534986 0.360604
0.6868346 0.5482275 0.36363143
0.69075614 0.55214906 0.367553
0.6868346 0.546878 0.37058038
0.6868346 0.546878 0.37058038
0.68525815 0.5522505 0.38145098
0.69936794 0.57330936 0.40800792
0.6915248 0.5654662 0.40016478
0.68368167 0.5576231 0.39232165
0.68368167 0.5576231 0.39232165
0.6679954 0.5419368 0.37663537
0.67583853 0.54977995 0.3844785
0.67583853 0.54977995 0.3844785
0.67349344 0.5404858 0.36968628
0.67349344 0.5404858 0.36968628
0.677415 0.54440737 0.37360784
0.6813366 0.54832894 0.3775294
0.6695719 0.53791374 0.35881567
0.6813366 0.5496785 0.37058038
0.677415 0.54440737 0.37360784
0.6538856 0.52087796 0.35007843
0.6421209 0.50911325 0.33831373
0.6358542 0.49454805 0.32654902
0.65154046 0.5102343 0.3422353
0.6593836 0.51807743 0.35007843
0.33070144 0.22589236 0.17106672
0.31343874 0.21692818 0.159302
0.31109357 0.20628451 0.15145886
0.32285827 0.21804923 0.16322356
0.32912505 0.23126492 0.18193725
0.2938309 0.19462125 0.15359214
0.27656814 0.18430755 0.1487765
0.27264658 0.18038598 0.14485493
0.25930548 0.17399381 0.14396082
0.25146234 0.16615067 0.13611768
0.2420428 0.16368009 0.13914514
0.23812123 0.15975852 0.13522357
0.23262325 0.16120951 0.14217252
0.23104677 0.1665821 0.15304312
0.2388899 0.17442523 0.16088626
0.2373135 0.18114732 0.16480783
0.23181546 0.18259834 0.1717569
0.2145527 0.17228463 0.16694121
0.20905472 0.17103654 0.1877882
0.1964823 0.18201017 0.19865885
0.18548635 0.18491213 0.21255684
0.17841183 0.19173571 0.23037651
0.17525901 0.20248082 0.25211763
0.17052971 0.21994805 0.27778035
0.16972192 0.23998733 0.3143137
0.21754944 0.30171287 0.38703534
0.27714172 0.37790215 0.45762357
0.38302407 0.4837845 0.5635059
0.45361233 0.5543728 0.6340942
0.42381614 0.5162781 0.5988
0.36499262 0.45745456 0.5399765
0.36107105 0.453533 0.5360549
0.3689142 0.46272567 0.536949
0.39009845 0.47561142 0.55263525
0.3806789 0.47314084 0.55566275
0.4927889 0.629644 0.7285569
0.6190478 0.76980084 0.87970984
0.3955965 0.4714613 0.5595843
0.3579572 0.42687306 0.509498
0.2348122 0.310677 0.39880005
0.5987494 0.65936667 0.74479216
0.66933763 0.7299549 0.8153804
0.67718077 0.73779804 0.82322353
0.24972978 0.30899748 0.4027216
0.5415023 0.59517056 0.67509806
0.56195694 0.55193585 0.63767064
0.66168964 0.53103787 0.58689415
0.6185134 0.5239561 0.599004
0.55795723 0.6174263 0.7581412
0.5736435 0.6358116 0.7599294
0.77052975 0.8158994 0.8986274
0.74542385 0.7990921 0.8790196
0.7375807 0.79259855 0.8642275
0.74542385 0.8004417 0.8720706
0.7548435 0.8029122 0.8690432
0.77994925 0.82106906 0.88170195
0.77994925 0.82241863 0.87475294
0.77994925 0.82241863 0.87475294
0.7838708 0.8263402 0.8786745
0.77994925 0.82241863 0.87475294
0.7838708 0.8263402 0.8786745
0.7877924 0.83026177 0.8825961
0.79171395 0.83418334 0.88651764
0.79171395 0.83418334 0.88651764
0.7956355 0.8394545 0.8834902
0.7956355 0.8394545 0.8834902
0.8011335 0.83665395 0.8834902
0.8050551 0.8405755 0.8874117
0.8011335 0.83665395 0.8834902
0.80897665 0.8444971 0.89133334
0.8050551 0.8405755 0.8874117
0.8050551 0.8405755 0.8874117
0.8128982 0.84976816 0.8883059
0.80897665 0.8458466 0.88438433
0.80897665 0.8458466 0.88438433
0.80897665 0.8458466 0.88438433
0.8144747 0.84304607 0.88438433
0.8183963 0.84696764 0.8883059
0.8144747 0.84304607 0.88438433
0.8183963 0.8483172 0.8813569
0.82389426 0.8455167 0.8813569
0.7627647 0.7440426 0.7385961
0.63266224 0.53864956 0.4174353
0.6318936 0.5253324 0.3848236
0.6177838 0.50427353 0.35826665
0.60917187 0.48446286 0.31086275
0.6146699 0.48571095 0.29001576
0.6178227 0.4749658 0.2682745
0.60371286 0.45660603 0.22781965
0.60294425 0.4405898 0.20910594
0.6045206 0.43656677 0.19128633
0.61394024 0.43903732 0.18825886
0.5943324 0.42077905 0.161702
0.5959088 0.4167561 0.14388233
0.62728137 0.44812858 0.17525488
0.6351245 0.4573213 0.17614907
0.6351245 0.4573213 0.17614907
0.6468892 0.469086 0.18791378
0.6586539 0.4808507 0.19967851
0.6641519 0.47939974 0.19272947
0.64846563 0.46506298 0.17009416
0.6249362 0.44153357 0.14656475
0.6249362 0.44153357 0.14656475
0.65238714 0.46898454 0.17401573
0.64846563 0.46506298 0.17009416
0.6406225 0.45721984 0.16225103
0.63670087 0.45329827 0.15832946
0.64846563 0.46506298 0.17009416
0.64846563 0.46506298 0.17009416
0.64846563 0.46506298 0.17009416
0.6641519 0.4807493 0.18578047
0.6680735 0.48467088 0.18970203
0.6641519 0.4807493 0.18578047
0.65238714 0.46898454 0.17401573
0.6602303 0.47682768 0.18185887
0.65238714 0.46763498 0.18096474
0.65630877 0.4729061 0.1779373
0.65788513 0.46618402 0.17401573
0.650042 0.45834088 0.1661726
0.64219886 0.44914818 0.16527846
0.622591 0.42954034 0.14567062
0.6343557 0.44130504 0.15743533
0.63043416 0.43738347 0.15351376
0.61866945 0.42561877 0.14174905
0.6265126 0.4321124 0.15654123
0.6343557 0.43995553 0.16438437
0.644544 0.45844233 0.18007064
0.64296764 0.46381485 0.19094115
0.64923435 0.47703058 0.2096549
0.64765793 0.48240316 0.22052556
0.65234816 0.49829236 0.26400793
0.6743011 0.52584475 0.30535692
0.69075614 0.55484813 0.35365498
0.6868346 0.54957706 0.35668242
0.6946777 0.5574202 0.36452556
0.6985993 0.5599922 0.37539613
0.6946777 0.5560706 0.37147456
0.69075614 0.55214906 0.367553
0.6868346 0.5482275 0.36363143
0.6868346 0.5482275 0.36363143
0.6813366 0.5496785 0.37058038
0.68368167 0.5576231 0.39232165
0.67583853 0.54977995 0.3844785
0.68760324 0.56154466 0.3962432
0.68368167 0.5576231 0.39232165
0.68760324 0.56154466 0.3962432
0.6954464 0.5693878 0.40408635
0.7009444 0.5679368 0.39713725
0.6931013 0.56009364 0.38929412
0.6931013 0.56009364 0.38929412
0.677415 0.54440737 0.37360784
0.677415 0.5457569 0.3666588
0.6538856 0.52222747 0.3431294
0.64996403 0.51830596 0.33920783
0.6656503 0.53264266 0.36184314
0.6538856 0.52087796 0.35007843
0.6578072 0.5247995 0.354
0.66172874 0.5287211 0.35792157
0.6695719 0.53521466 0.3727138
0.6656503 0.5312931 0.36879224
0.2703015 0.17109184 0.13006273
0.26637992 0.16717027 0.12614116
0.26245835 0.1632487 0.122219585
0.2820662 0.18285654 0.14182743
0.2938309 0.19327168 0.1605412
0.24911717 0.15550701 0.12827455
0.23969764 0.15303643 0.131302
0.23419966 0.15583695 0.131302
0.22870168 0.15728794 0.13825095
0.22320363 0.16008851 0.13825095
0.22947036 0.17195463 0.16391376
0.22162722 0.1641115 0.15607062
0.21063113 0.16836306 0.16301964
0.2145527 0.1709351 0.17389017
0.21689786 0.18022922 0.18868233
0.22316459 0.19479446 0.20044704
0.19725105 0.19667684 0.22432154
0.18467855 0.20630094 0.24214122
0.18621598 0.23563433 0.29346663
0.2222788 0.28559515 0.35442358
0.28736898 0.35898393 0.4250118
0.41285917 0.48447412 0.550502
0.487369 0.558984 0.6250118
0.43638858 0.506654 0.58098036
0.39325133 0.46351674 0.5378431
0.36814553 0.44670945 0.51823527
0.3736435 0.44525844 0.5112863
0.35403565 0.4256506 0.49167848
0.3579572 0.42957217 0.49560004
0.37679636 0.43316376 0.49649414
0.36895323 0.42532063 0.488651
0.3728748 0.4292422 0.49257258
0.36660814 0.4160265 0.4738588
0.22151011 0.2695789 0.33570984
0.06307088 0.118088715 0.18971768
0.12420054 0.22226188 0.31858036
0.6072831 0.75803614 0.86794513
0.040271193 0.14663103 0.24014899
0.076372966 0.15918683 0.2528079
0.21362787 0.29644173 0.39006278
0.6010945 0.6700104 0.7526353
0.65914935 0.7128176 0.7927451
0.66541606 0.72603333 0.8114588
0.67718077 0.73779804 0.82322353
0.46699247 0.52066076 0.6005882
0.5423491 0.532328 0.6180628
0.6217053 0.47310686 0.5428628
0.6366619 0.4353719 0.49153724
0.73393244 0.51739484 0.57086277
0.72520345 0.6071002 0.682251
0.78544724 0.81691897 0.888651
0.74307877 0.78979796 0.8642275
0.73365915 0.788677 0.8603059
0.7509219 0.7976411 0.8720706
0.7548435 0.8029122 0.8690432
0.77994925 0.82106906 0.88170195
0.7760277 0.81849706 0.8708314
0.77994925 0.82241863 0.87475294
0.7838708 0.8263402 0.8786745
0.77994925 0.82241863 0.87475294
0.7877924 0.83026177 0.8825961
0.7877924 0.83026177 0.8825961
0.7956355 0.8381049 0.8904392
0.7956355 0.8381049 0.8904392
0.7956355 0.8394545 0.8834902
0.7995571 0.84337604 0.8874117
0.8050551 0.8405755 0.8874117
0.8050551 0.8405755 0.8874117
0.8050551 0.8405755 0.8874117
0.80897665 0.8444971 0.89133334
0.80897665 0.8444971 0.89133334
0.80897665 0.8444971 0.89133334
0.8128982 0.84976816 0.8883059
0.80897665 0.8458466 0.88438433
0.80897665 0.8458466 0.88438433
0.8144747 0.84304607 0.88438433
0.8144747 0.84304607 0.88438433
0.8144747 0.84304607 0.88438433
0.8144747 0.84304607 0.88438433
0.8183963 0.8483172 0.8813569
0.82781583 0.84943825 0.88527846
0.83254516 0.83467 0.84571767
0.62874067 0.53472805 0.41351372
0.60836416 0.501803 0.36129418
0.61386216 0.50170153 0.34739608
0.61936015 0.5016001 0.33349812
0.62485814 0.5028482 0.31265104
0.6319326 0.49467513 0.30178046
0.61390114 0.47239375 0.2574039
0.60528934 0.4498839 0.22389808
0.61236376 0.4430604 0.20607841
0.6084422 0.44048834 0.1952079
0.6060971 0.43254375 0.17346671
0.60375196 0.42324966 0.15867451
0.61943823 0.44028544 0.16741174
0.6249362 0.4388345 0.1604628
0.61317146 0.42706978 0.14869809
0.60924995 0.4231482 0.14477652
0.6249362 0.4388345 0.1604628
0.644544 0.45979184 0.1731216
0.64846563 0.4637134 0.17704317
0.6406225 0.45721984 0.16225103
0.64846563 0.46506298 0.17009416
0.6641519 0.4807493 0.18578047
0.6602303 0.47682768 0.18185887
0.6406225 0.45721984 0.16225103
0.6406225 0.45721984 0.16225103
0.65238714 0.46898454 0.17401573
0.6602303 0.47682768 0.18185887
0.6406225 0.45721984 0.16225103
0.63670087 0.45329827 0.15832946
0.65238714 0.46898454 0.17401573
0.65630877 0.4729061 0.1779373
0.65630877 0.4729061 0.1779373
0.65630877 0.4729061 0.1779373
0.6602303 0.47682768 0.18185887
0.6680735 0.48467088 0.18970203
0.6602303 0.47682768 0.18185887
0.6641519 0.4807493 0.18578047
0.6680735 0.48467088 0.18970203
0.6657283 0.47402716 0.18185887
0.65396357 0.46226245 0.17009416
0.64219886 0.45049775 0.15832946
0.6343557 0.44130504 0.15743533
0.622591 0.42819083 0.15261966
0.6170931 0.42964178 0.15956861
0.63277936 0.44532806 0.17525488
0.63120294 0.44935107 0.19307455
0.63981473 0.4718609 0.22658044
0.64215994 0.48115504 0.24137256
0.66411287 0.50735795 0.28967065
0.66095996 0.51810306 0.31141177
0.66722673 0.5299692 0.33707458
0.6711483 0.5338908 0.34099615
0.6868346 0.54957706 0.35668242
0.6946777 0.5560706 0.37147456
0.6946777 0.5560706 0.37147456
0.682913 0.5443059 0.35970986
0.69075614 0.55214906 0.367553
0.6868346 0.5482275 0.36363143
0.68525815 0.5536 0.37450194
0.69936794 0.57330936 0.40800792
0.68368167 0.5576231 0.39232165
0.67583853 0.54977995 0.3844785
0.68760324 0.56154466 0.3962432
0.68760324 0.56154466 0.3962432
0.68760324 0.56154466 0.3962432
0.6813366 0.54832894 0.3775294
0.66172874 0.5287211 0.35792157
0.64996403 0.5169564 0.34615687
0.64604247 0.5130348 0.3422353
0.67349344 0.5404858 0.36968628
0.6695719 0.53791374 0.35881567
0.6695719 0.53791374 0.35881567
0.67349344 0.5404858 0.36968628
0.69702286 0.5640152 0.3932157
0.6891797 0.5548225 0.39232165
0.6891797 0.5561721 0.38537255
0.6813366 0.54697937 0.3844785
0.68368167 0.5576231 0.39232165
0.25069365 0.15013443 0.117403954
0.24677208 0.14621286 0.113482386
0.24127403 0.14901343 0.113482386
0.26088187 0.16727172 0.14003925
0.27107018 0.18575852 0.15572552
0.22478011 0.15336637 0.13432938
0.21928206 0.15481739 0.14127842
0.20986252 0.15234679 0.14430591
0.202788 0.16051993 0.1551765
0.1964823 0.18335971 0.19170977
0.19725105 0.19802637 0.21737258
0.18625496 0.2009284 0.23127055
0.20270999 0.23128134 0.27261963
0.22466293 0.26018336 0.3070196
0.29367477 0.33614415 0.3884784
0.3705297 0.4212976 0.47083133
0.45680422 0.5075721 0.55710584
0.42543167 0.47485003 0.5326823
0.38229442 0.43171278 0.48954508
0.36268657 0.41210493 0.46993724
0.35092187 0.40034023 0.45817253
0.35484344 0.4042618 0.4620941
0.35641986 0.39888924 0.4512235
0.36034143 0.4028108 0.45514506
0.375259 0.4024808 0.45211762
0.38152567 0.4170461 0.46388233
0.3776041 0.41312453 0.45996076
0.2654551 0.2926769 0.3423137
0.114859 0.15037943 0.19721566
0.04976881 0.07699063 0.12662742
0.050537493 0.091657326 0.15229017
0.051306177 0.107673556 0.17100395
0.06933761 0.13265395 0.20148239
0.06618474 0.14339909 0.2232235
0.17049061 0.25465402 0.3399765
0.36183983 0.46819964 0.5617176
0.53119695 0.6902484 0.7973569
0.38298497 0.5184905 0.6257019
0.34772995 0.44579127 0.5421098
0.42539257 0.509556 0.59487844
0.6105141 0.6711314 0.75655687
0.6748356 0.7285039 0.8084314
0.68267876 0.736347 0.8162745
0.48894548 0.54956275 0.63498825
0.46856895 0.51393867 0.5966667
0.5360824 0.5177628 0.6062981
0.6130544 0.48260394 0.585451
0.5927559 0.37082016 0.4574824
0.6437363 0.42315012 0.5015137
0.6859878 0.569234 0.6360863
0.7964433 0.8113179 0.888651
0.7391572 0.7858764 0.8603059
0.73523563 0.7819548 0.85638434
0.74700034 0.79371953 0.86814904
0.7509219 0.7989906 0.8651216
0.77052975 0.819948 0.8777804
0.7760277 0.81849706 0.8708314
0.77994925 0.82241863 0.87475294
0.7838708 0.8263402 0.8786745
0.7838708 0.8263402 0.8786745
0.7838708 0.8263402 0.8786745
0.7877924 0.83026177 0.8825961
0.79171395 0.83418334 0.88651764
0.79405916 0.844827 0.8943608
0.80347866 0.8472976 0.89133334
0.7995571 0.84337604 0.8874117
0.8011335 0.83665395 0.8834902
0.8050551 0.8405755 0.8874117
0.8050551 0.8405755 0.8874117
0.80897665 0.8444971 0.89133334
0.80897665 0.8444971 0.89133334
0.8128982 0.84841865 0.89525485
0.80897665 0.8458466 0.88438433
0.80897665 0.8458466 0.88438433
0.8128982 0.84976816 0.8883059
0.8144747 0.84304607 0.88438433
0.81055313 0.8391245 0.88046277
0.8144747 0.84304607 0.88438433
0.8144747 0.84304607 0.88438433
0.8144747 0.84439564 0.8774353
0.8183963 0.8483172 0.8813569
0.83723533 0.8532584 0.87530196
0.6546152 0.56755155 0.45183527
0.62247396 0.52421135 0.38090202
0.62405044 0.5188388 0.37003136
0.6232817 0.50552166 0.3374197
0.60132873 0.47796923 0.29607058
0.60290515 0.47259662 0.28520006
0.6217443 0.47888738 0.27219605
0.62881875 0.47341332 0.2474275
0.6186305 0.45762563 0.21784312
0.6202069 0.45225304 0.2069726
0.61394024 0.43903732 0.18825886
0.6233598 0.44150794 0.18523142
0.6233598 0.444207 0.17133331
0.60924995 0.42179865 0.15172547
0.60924995 0.4231482 0.14477652
0.6210146 0.43491292 0.15654123
0.6249362 0.4388345 0.1604628
0.6170931 0.43099135 0.15261966
0.6170931 0.43234086 0.14567062
0.62885773 0.44410557 0.15743533
0.64846563 0.4637134 0.17704317
0.6602303 0.47682768 0.18185887
0.6641519 0.4807493 0.18578047
0.64846563 0.46506298 0.17009416
0.64846563 0.46506298 0.17009416
0.65630877 0.4729061 0.1779373
0.65238714 0.46898454 0.17401573
0.65238714 0.46898454 0.17401573
0.644544 0.4611414 0.1661726
0.65238714 0.46898454 0.17401573
0.65238714 0.46898454 0.17401573
0.63670087 0.45329827 0.15832946
0.65630877 0.4729061 0.1779373
0.6602303 0.47682768 0.18185887
0.644544 0.4611414 0.1661726
0.65630877 0.4729061 0.1779373
0.6602303 0.47682768 0.18185887
0.6602303 0.47682768 0.18185887
0.65630877 0.4729061 0.1779373
0.6657283 0.47402716 0.18185887
0.65788513 0.46618402 0.17401573
0.65238714 0.46763498 0.18096474
0.6406225 0.45452076 0.17614907
0.63120294 0.45205015 0.17917645
0.6390461 0.45854378 0.19396862
0.6413912 0.46513873 0.22265887
0.6460815 0.4850766 0.24529412
0.639007 0.4919002 0.2631138
0.65469325 0.50353783 0.29964706
0.6648815 0.52067506 0.32228243
0.6688031 0.5232471 0.333153
0.682913 0.5456555 0.35276085
0.682913 0.5456555 0.35276085
0.67506987 0.5364628 0.35186672
0.69075614 0.55214906 0.367553
0.69075614 0.55214906 0.367553
0.6946777 0.5560706 0.37147456
0.682913 0.5443059 0.35970986
0.6813366 0.5496785 0.37058038
0.7032895 0.57723093 0.4119295
0.6954464 0.5693878 0.40408635
0.6954464 0.5693878 0.40408635
0.6954464 0.5693878 0.40408635
0.68368167 0.5576231 0.39232165
0.68760324 0.5628942 0.38929412
0.68368167 0.55897266 0.38537255
0.68525815 0.5522505 0.38145098
0.68525815 0.5522505 0.38145098
0.6813366 0.54832894 0.3775294
0.677415 0.54440737 0.37360784
0.6695719 0.53791374 0.35881567
0.66172874 0.5287211 0.35792157
0.66172874 0.5287211 0.35792157
0.64996403 0.5169564 0.34615687
0.64604247 0.51168525 0.3491844
0.6381993 0.5038421 0.34134126
0.6421209 0.5077637 0.34526283
0.64838755 0.522329 0.35702753
0.22635652 0.14799382 0.12345886
0.22085854 0.1494448 0.13040781
0.20436448 0.15649691 0.13735685
0.21847427 0.17755575 0.16391376
0.21924302 0.19222243 0.18957645
0.18706276 0.18088913 0.19473729
0.20509419 0.20586951 0.22521572
0.23723537 0.2519088 0.28225097
0.28821576 0.3028892 0.33323136
0.38467854 0.4076505 0.43519214
0.46153352 0.4914544 0.5244942
0.41997266 0.44294462 0.47048625
0.375259 0.40652946 0.43127057
0.3768354 0.39980736 0.427349
0.37291384 0.3958858 0.42342743
0.37291384 0.39453623 0.4303765
0.37291384 0.3958858 0.42342743
0.3650707 0.3866931 0.42253336
0.37291384 0.3958858 0.42342743
0.36272556 0.377399 0.40774116
0.35253724 0.3589122 0.3920549
0.3031334 0.3039087 0.32325494
0.24750173 0.19423598 0.20829017
0.17533702 0.12902032 0.14857252
0.15099995 0.12822922 0.14767846
0.08271776 0.10299061 0.14712945
0.041117948 0.09053628 0.1483686
0.04188663 0.10520297 0.1740314
0.10305525 0.17332067 0.24764703
0.26226318 0.33947754 0.41930193
0.42539257 0.5109055 0.58792937
0.40186316 0.48737612 0.56439996
0.3704906 0.45600358 0.5330274
0.37598866 0.45320302 0.5330274
0.36814553 0.4453599 0.5251843
0.35638082 0.4322456 0.52036864
0.60885954 0.7526636 0.8570745
0.5727968 0.7000036 0.8100157
0.35011408 0.41902992 0.50165486
0.48344743 0.55236334 0.63498825
0.6458082 0.707775 0.784902
0.67091405 0.7245823 0.80450976
0.67091405 0.7232328 0.8114588
0.48894548 0.54956275 0.63498825
0.498365 0.5493342 0.6458589
0.5627647 0.52514887 0.6358824
0.589525 0.45637542 0.5758196
0.5989836 0.42009133 0.5314432
0.56918746 0.3846958 0.48225096
0.6420428 0.54748553 0.6225334
0.78310215 0.8062753 0.8808079
0.7391572 0.7858764 0.8603059
0.73523563 0.7819548 0.85638434
0.7391572 0.7858764 0.8603059
0.74700034 0.79371953 0.86814904
0.77052975 0.819948 0.8777804
0.7721061 0.8145755 0.8669098
0.7760277 0.81849706 0.8708314
0.7760277 0.81849706 0.8708314
0.7838708 0.8263402 0.8786745
0.7838708 0.8263402 0.8786745
0.7877924 0.83026177 0.8825961
0.79171395 0.8355329 0.8795686
0.747769 0.8137844 0.8660157
0.80816895 0.86588585 0.92091763
0.80582386 0.8565917 0.9061255
0.7995571 0.84337604 0.8874117
0.8011335 0.83665395 0.8834902
0.8050551 0.8405755 0.8874117
0.80897665 0.8444971 0.89133334
0.8050551 0.8405755 0.8874117
0.8128982 0.84841865 0.89525485
0.80897665 0.8458466 0.88438433
0.8128982 0.84976816 0.8883059
0.8128982 0.84976816 0.8883059
0.80897665 0.8458466 0.88438433
0.81055313 0.8391245 0.88046277
0.8183963 0.84696764 0.8883059
0.8183963 0.84696764 0.8883059
0.8144747 0.84304607 0.88438433
0.8183963 0.84696764 0.8883059
0.82781583 0.8507878 0.8783294
0.63892895 0.5505157 0.4430981
0.6067877 0.5085251 0.36521575
0.64757985 0.5437178 0.38661176
0.6452347 0.5344236 0.37181967
0.63112485 0.51471436 0.33831373
0.617015 0.4936555 0.31175685
0.6178227 0.4749658 0.2682745
0.60371286 0.45525652 0.23476867
0.60294425 0.4405898 0.20910594
0.6045206 0.43521726 0.19823527
0.6178618 0.44160932 0.19912946
0.62570494 0.4521516 0.19307455
0.61943823 0.44028544 0.16741174
0.6249362 0.43748492 0.16741174
0.61317146 0.4257202 0.15564704
0.6210146 0.43356335 0.16349018
0.6170931 0.43099135 0.15261966
0.6053283 0.41922665 0.14085495
0.6210146 0.43491292 0.15654123
0.6249362 0.440184 0.15351376
0.62885773 0.44410557 0.15743533
0.6170931 0.43234086 0.14567062
0.62885773 0.44545513 0.15048632
0.65238714 0.46898454 0.17401573
0.6602303 0.47682768 0.18185887
0.6602303 0.4754781 0.18880787
0.6602303 0.47682768 0.18185887
0.65630877 0.4729061 0.1779373
0.64846563 0.46506298 0.17009416
0.65630877 0.4729061 0.1779373
0.6641519 0.4807493 0.18578047
0.64846563 0.46506298 0.17009416
0.644544 0.4611414 0.1661726
0.64846563 0.46506298 0.17009416
0.65238714 0.46898454 0.17401573
0.65630877 0.4729061 0.1779373
0.6680735 0.48467088 0.18970203
0.6602303 0.4754781 0.18880787
0.65396357 0.46226245 0.17009416
0.65788513 0.46618402 0.17401573
0.64846563 0.4637134 0.17704317
0.65238714 0.46763498 0.18096474
0.66649705 0.48734432 0.2144706
0.65550107 0.49159586 0.22141963
0.65392464 0.49561888 0.23923928
0.6562697 0.50491303 0.25403145
0.6507717 0.5036649 0.2748785
0.6570384 0.51553106 0.3005412
0.6570384 0.5128319 0.3144393
0.6476189 0.5103614 0.31746674
0.66330516 0.52604765 0.333153
0.6711483 0.5338908 0.34099615
0.66722673 0.5299692 0.33707458
0.6593836 0.5207765 0.33618045
0.66722673 0.52861965 0.3440236
0.67899144 0.54038435 0.3557883
0.67506987 0.5364628 0.35186672
0.6868346 0.5482275 0.36363143
0.6813366 0.54832894 0.3775294
0.6891797 0.5548225 0.39232165
0.6931013 0.5587441 0.3962432
0.69702286 0.56266564 0.40016478
0.6954464 0.5693878 0.40408635
0.68760324 0.56154466 0.3962432
0.68368167 0.55897266 0.38537255
0.6891797 0.5561721 0.38537255
0.677415 0.54440737 0.37360784
0.6813366 0.54832894 0.3775294
0.68368167 0.55897266 0.38537255
0.6813366 0.54832894 0.3775294
0.6813366 0.54832894 0.3775294
0.6813366 0.54832894 0.3775294
0.6538856 0.52087796 0.35007843
0.64604247 0.5130348 0.3422353
0.6381993 0.5038421 0.34134126
0.66172874 0.5273715 0.36487067
0.6523091 0.52625054 0.3609491
0.6523091 0.52625054 0.3609491
0.21766661 0.20029406 0.18654905
0.25138426 0.24096078 0.2327137
0.3086314 0.30515686 0.30240783
0.39332947 0.39815345 0.3926039
0.46157256 0.45809802 0.455349
0.42470202 0.42817646 0.43092546
0.39332947 0.39545435 0.406502
0.37372163 0.37719607 0.37994507
0.36195692 0.3640818 0.37512946
0.37372163 0.37719607 0.37994507
0.38156477 0.3850392 0.3877882
0.3776432 0.38111764 0.38386664
0.37921962 0.37439555 0.37994507
0.38471758 0.37294456 0.37299606
0.37845093 0.35972884 0.35428232
0.3486548 0.32298374 0.31203926
0.24511759 0.22504596 0.22789802
0.17687446 0.16375187 0.17210193
0.071760856 0.07253618 0.091882385
0.08194901 0.08967351 0.114517614
0.08979215 0.0961671 0.12930977
0.08114135 0.10971271 0.15105101
0.08583161 0.128301 0.18063526
0.18856108 0.24492846 0.30825886
0.36503166 0.42139906 0.48472944
0.43012193 0.49343827 0.5622667
0.36580035 0.43606576 0.5103921
0.35011408 0.42172903 0.4877569
0.3579572 0.42957217 0.49560004
0.35561213 0.41892847 0.4877569
0.36345527 0.42812115 0.488651
0.36737683 0.43204272 0.49257258
0.37837285 0.4277912 0.4856235
0.39329037 0.4288108 0.47564703
0.29682764 0.32404944 0.37368625
0.1634943 0.19071612 0.24035291
0.67867917 0.8072355 0.908949
0.6457301 0.78123564 0.88844705
0.16187878 0.23079465 0.31341958
0.48187104 0.55773586 0.6458589
0.6497298 0.71034706 0.79577255
0.6552278 0.70889604 0.7888235
0.37837285 0.4250921 0.4995216
0.1352356 0.18060529 0.26333332
0.40659252 0.46586022 0.5595843
0.50470984 0.48099208 0.60272163
0.61070925 0.46791157 0.59845495
0.5997523 0.43475804 0.55710584
0.5746465 0.41930026 0.530549
0.60909384 0.5214855 0.6020314
0.7634943 0.78531796 0.86814904
0.7117062 0.75707585 0.83980393
0.73523563 0.7819548 0.85638434
0.73131406 0.77803326 0.85246277
0.7509219 0.7976411 0.8720706
0.7626866 0.8121049 0.86993724
0.76818454 0.8106539 0.86298823
0.7760277 0.81849706 0.8708314
0.7815257 0.81569654 0.8708314
0.7815257 0.81569654 0.8708314
0.78544724 0.8196181 0.87475294
0.7893688 0.82488924 0.87172544
0.78860015 0.81022257 0.8460628
0.7846786 0.806301 0.8421412
0.75876504 0.81223196 0.84516865
0.7744513 0.82521915 0.87475294
0.813667 0.8657844 0.9070196
0.80347866 0.8472976 0.89133334
0.7995571 0.84337604 0.8874117
0.8050551 0.8405755 0.8874117
0.80897665 0.8444971 0.89133334
0.80897665 0.8444971 0.89133334
0.80897665 0.8458466 0.88438433
0.80897665 0.8458466 0.88438433
0.8128982 0.84976816 0.8883059
0.80897665 0.8458466 0.88438433
0.80663157 0.83520293 0.8765412
0.8183963 0.84696764 0.8883059
0.8183963 0.84696764 0.8883059
0.8183963 0.84696764 0.8883059
0.8183963 0.84696764 0.8883059
0.82389426 0.8455167 0.8813569
0.6350074 0.5452446 0.44612557
0.62247396 0.52421135 0.38090202
0.6256269 0.51481575 0.35221183
0.64288956 0.5237799 0.36397654
0.63112485 0.51471436 0.33831373
0.6287797 0.5067698 0.3165726
0.655462 0.519554 0.31836087
0.64919525 0.50903744 0.28574908
0.62881875 0.4747629 0.24047849
0.6147089 0.45370406 0.21392155
0.6084422 0.43913883 0.20215684
0.6100187 0.43511575 0.18433729
0.60375196 0.42324966 0.15867451
0.62728137 0.44812858 0.17525488
0.63670087 0.44924963 0.17917645
0.62885773 0.4414065 0.17133331
0.6249362 0.4388345 0.1604628
0.6249362 0.4388345 0.1604628
0.63277936 0.44802713 0.1613569
0.63277936 0.44802713 0.1613569
0.60924995 0.42449772 0.13782749
0.6170931 0.43234086 0.14567062
0.63277936 0.4493767 0.15440789
0.63670087 0.45329827 0.15832946
0.65238714 0.46763498 0.18096474
0.644544 0.45979184 0.1731216
0.6170931 0.43234086 0.14567062
0.63277936 0.4493767 0.15440789
0.644544 0.4611414 0.1661726
0.64846563 0.46506298 0.17009416
0.6406225 0.45587027 0.16920003
0.644544 0.4611414 0.1661726
0.64846563 0.46506298 0.17009416
0.6657283 0.47402716 0.18185887
0.65788513 0.46618402 0.17401573
0.6602303 0.4754781 0.18880787
0.6641519 0.47939974 0.19272947
0.65396357 0.46226245 0.17009416
0.6618067 0.46875602 0.1848863
0.65788513 0.46483445 0.18096474
0.65238714 0.46763498 0.18096474
0.6508108 0.47300756 0.19183534
0.66099906 0.48879528 0.22141963
0.64765793 0.48105365 0.22747457
0.644505 0.49179873 0.24921569
0.66645795 0.5193512 0.29056478
0.67664623 0.5364884 0.31320006
0.6868346 0.55227613 0.34278432
0.6813366 0.5537271 0.3497334
0.69075614 0.5534986 0.360604
0.6656503 0.5366913 0.34099615
0.66172874 0.53276974 0.33707458
0.66330516 0.52604765 0.333153
0.6593836 0.5221261 0.32923144
0.6436973 0.50509024 0.32049417
0.64919525 0.5022897 0.32049417
0.6436973 0.50509024 0.32049417
0.6593836 0.5207765 0.33618045
0.6711483 0.5311917 0.3548941
0.6931013 0.56009364 0.38929412
0.6931013 0.56009364 0.38929412
0.6931013 0.5587441 0.3962432
0.6954464 0.5693878 0.40408635
0.6891797 0.5548225 0.39232165
0.677415 0.54440737 0.37360784
0.6813366 0.54832894 0.3775294
0.68525815 0.5522505 0.38145098
0.68368167 0.55897266 0.38537255
0.68525815 0.5522505 0.38145098
0.6797601 0.5550511 0.38145098
0.67583853 0.5511295 0.3775294
0.67349344 0.5404858 0.36968628
0.67349344 0.53913623 0.37663537
0.6640738 0.53801525 0.3727138
0.67349344 0.53913623 0.37663537
0.6656503 0.5312931 0.36879224
0.6562307 0.5301721 0.36487067
0.62485814 0.49879956 0.33349812
0.39805877 0.38068622 0.3669412
0.38629407 0.36892152 0.3551765
0.37452936 0.35850635 0.3364628
0.38394892 0.35827786 0.34733337
0.38394892 0.35827786 0.34733337
0.3823725 0.36499995 0.35125494
0.38394892 0.3596274 0.34038436
0.38002735 0.35570583 0.3364628
0.37533703 0.33711764 0.30687842
0.35338408 0.30686608 0.27942744
0.2749527 0.22978424 0.1940471
0.22397232 0.17880385 0.1430667
0.21612918 0.16961117 0.14217252
0.20670956 0.1671406 0.14519998
0.19571361 0.17004256 0.15909807
0.1211647 0.13023874 0.14678435
0.073298216 0.101869576 0.14320788
0.11093743 0.14645787 0.1932941
0.21524338 0.25771278 0.31004703
0.39563555 0.43810493 0.49043918
0.40190226 0.45267016 0.5022039
0.34307873 0.39384663 0.44338036
0.33131403 0.38208193 0.43161565
0.34465516 0.38712454 0.4394588
0.36034143 0.4028108 0.45514506
0.3524983 0.39496768 0.44730192
0.3524983 0.39496768 0.44730192
0.3540747 0.39094466 0.4294824
0.3415413 0.36316368 0.39900395
0.23331378 0.24798723 0.27832937
0.13292941 0.14065391 0.16549802
0.13919614 0.15656868 0.17031376
0.13919614 0.15656868 0.17031376
0.15253726 0.16026175 0.18510586
0.1603804 0.16810489 0.192949
0.17056869 0.18524213 0.21558428
0.27479655 0.3672585 0.44978043
0.62062424 0.7644283 0.8688392
0.1830631 0.2450299 0.32215685
0.3806789 0.47179127 0.5626118
0.6716827 0.73924905 0.8301726
0.6552278 0.70889604 0.7888235
0.23250607 0.2653274 0.32876077
0.19721194 0.23003326 0.29346663
0.41209048 0.4630597 0.5595843
0.40897664 0.43235114 0.5538745
0.5541919 0.4557872 0.60272163
0.5981759 0.43878105 0.57492554
0.6248191 0.49301907 0.6041647
0.5690704 0.5050083 0.585451
0.75957274 0.7813964 0.8642275
0.6646474 0.710017 0.7927451
0.7234709 0.7701901 0.84461963
0.73523563 0.7819548 0.85638434
0.74700034 0.79371953 0.86814904
0.7548435 0.8029122 0.8690432
0.76818454 0.8106539 0.86298823
0.7776041 0.81177497 0.8669098
0.7815257 0.81569654 0.8708314
0.7815257 0.81569654 0.8708314
0.78544724 0.8196181 0.87475294
0.78544724 0.8209677 0.86780393
0.7925217 0.81414413 0.84998435
0.8082861 0.77526355 0.66483927
0.7573447 0.70307267 0.4821726
0.76284266 0.7029712 0.4682745
0.7886782 0.7610539 0.6174353
0.7940981 0.81551933 0.8043686
0.8128982 0.84976816 0.8883059
0.80897665 0.8444971 0.89133334
0.80897665 0.8444971 0.89133334
0.80347866 0.8472976 0.89133334
0.80897665 0.8458466 0.88438433
0.80897665 0.8458466 0.88438433
0.8128982 0.84976816 0.8883059
0.8128982 0.84976816 0.8883059
0.81055313 0.8391245 0.88046277
0.80663157 0.83520293 0.8765412
0.82231784 0.8508892 0.8922275
0.82231784 0.8508892 0.8922275
0.8183963 0.84696764 0.8883059
0.82389426 0.84686625 0.8744078
0.5942152 0.5114015 0.41778046
0.6263955 0.5281329 0.3848236
0.606019 0.4952079 0.332604
0.6232817 0.50552166 0.3374197
0.6154386 0.4990281 0.32262745
0.617015 0.49500507 0.3048079
0.6358542 0.4999462 0.29875302
0.62566584 0.48415852 0.26916865
0.611556 0.46444917 0.23566279
0.6248971 0.47084132 0.23655692
0.6303952 0.46939033 0.22960782
0.63589317 0.4692889 0.21570984
0.6100187 0.43646532 0.17738828
0.61551666 0.43636388 0.16349018
0.6249362 0.43748492 0.16741174
0.6170931 0.43099135 0.15261966
0.6210146 0.43491292 0.15654123
0.63277936 0.44667763 0.16830593
0.63670087 0.4519487 0.16527846
0.63670087 0.4519487 0.16527846
0.63277936 0.44802713 0.1613569
0.62885773 0.44410557 0.15743533
0.6249362 0.440184 0.15351376
0.61317146 0.4284193 0.14174905
0.6170931 0.43234086 0.14567062
0.62885773 0.44410557 0.15743533
0.63670087 0.4519487 0.16527846
0.64846563 0.4637134 0.17704317
0.63277936 0.44802713 0.1613569
0.622591 0.42954034 0.14567062
0.622591 0.42954034 0.14567062
0.64219886 0.44914818 0.16527846
0.650042 0.45834088 0.1661726
0.650042 0.4569913 0.1731216
0.6461204 0.45306975 0.16920003
0.650042 0.4569913 0.1731216
0.6696499 0.47659922 0.19272947
0.6618067 0.4701056 0.1779373
0.65788513 0.46483445 0.18096474
0.65630877 0.47155654 0.1848863
0.6390461 0.46124285 0.18007064
0.6453128 0.473109 0.20573333
0.64765793 0.48105365 0.22747457
0.6460815 0.4850766 0.24529412
0.6625364 0.5154296 0.2866432
0.68841094 0.5469036 0.33191374
0.67506987 0.53916186 0.3379687
0.66172874 0.53276974 0.33707458
0.67349344 0.5431849 0.3557883
0.68525815 0.5549496 0.367553
0.6931013 0.5627927 0.37539613
0.704866 0.5745574 0.38716084
0.704866 0.5745574 0.38716084
0.68525815 0.5549496 0.367553
0.6868346 0.5482275 0.36363143
0.66722673 0.52861965 0.3440236
0.6476189 0.5090118 0.32441574
0.655462 0.51550543 0.33920783
0.66722673 0.5272701 0.35097253
0.6593836 0.51807743 0.35007843
0.66172874 0.5287211 0.35792157
0.67349344 0.53913623 0.37663537
0.6813366 0.54697937 0.3844785
0.6813366 0.54832894 0.3775294
0.66172874 0.5287211 0.35792157
0.677415 0.5457569 0.3666588
0.68525815 0.5536 0.37450194
0.68525815 0.5536 0.37450194
0.6813366 0.5496785 0.37058038
0.677415 0.54440737 0.37360784
0.67583853 0.5511295 0.3775294
0.6695719 0.53656423 0.3657647
0.66015226 0.5340937 0.36879224
0.67191696 0.5458584 0.38055694
0.67191696 0.5458584 0.38055694
0.66015226 0.5340937 0.36879224
0.66015226 0.5327441 0.37574124
0.66015226 0.5327441 0.37574124
0.38002735 0.35570583 0.3364628
0.37218422 0.3478627 0.32861966
0.34707838 0.33105537 0.30901182
0.32904696 0.30472544 0.2854824
0.21924302 0.19357197 0.18262748
0.12278022 0.090160206 0.07371768
0.11493708 0.08231707 0.06587455
0.18318015 0.1436112 0.12167057
0.19886643 0.15929747 0.13735685
0.19336845 0.16074845 0.14430591
0.16745491 0.16128129 0.17512944
0.11566673 0.13168973 0.15373331
0.14938444 0.17235638 0.199898
0.3023256 0.323948 0.35978827
0.40663156 0.43655244 0.46959218
0.36741588 0.3959872 0.43732554
0.34388646 0.3724578 0.41379613
0.34780803 0.37637937 0.4177177
0.34780803 0.37637937 0.4177177
0.3517296 0.38030094 0.42163926
0.34388646 0.3724578 0.41379613
0.34703928 0.36171272 0.3920549
0.35961178 0.35343814 0.36728632
0.3604195 0.33204937 0.33770195
0.26161152 0.21934345 0.21400003
0.14707838 0.1256572 0.13680781
0.1031334 0.103908725 0.12325493
0.099211834 0.1013367 0.11238434
0.11489811 0.11702298 0.12807062
0.12274125 0.12486612 0.13591376
0.13842753 0.1405524 0.15160003
0.14077255 0.15119614 0.15944317
0.14469412 0.15376815 0.17031376
0.15645882 0.16553286 0.18207847
0.16430196 0.17202646 0.19687057
0.17841183 0.19173571 0.23037651
0.19798069 0.24469993 0.31912944
0.57514185 0.7106474 0.8178588
0.21754944 0.29901376 0.40093333
0.3414632 0.43122604 0.5303451
0.6661847 0.7420496 0.8301726
0.6458082 0.7064255 0.791851
0.6050551 0.6378764 0.7013098
0.23642763 0.269249 0.33268234
0.1470003 0.19102046 0.28204703
0.31247488 0.36499482 0.5002117
0.4129763 0.3520158 0.5098431
0.53773683 0.42273515 0.5752706
0.540082 0.438777 0.5553177
0.5839489 0.54208326 0.63072157
0.73446685 0.7645891 0.84461963
0.6881768 0.73354644 0.8162745
0.7038631 0.7492327 0.8319608
0.73523563 0.7819548 0.85638434
0.74307877 0.78979796 0.8642275
0.74700034 0.79506904 0.86120003
0.77368253 0.8078534 0.86298823
0.7776041 0.81177497 0.8669098
0.7776041 0.81177497 0.8669098
0.7815257 0.81569654 0.8708314
0.7815257 0.81569654 0.8708314
0.7870237 0.8142456 0.8638823
0.7964433 0.8180657 0.8539059
0.7839098 0.79433334 0.8025804
0.7658394 0.80270934 0.8412471
0.78310215 0.81707174 0.8252157
0.7086704 0.6866455 0.5568236
0.74634874 0.70597464 0.49607056
0.7196665 0.6877921 0.5220785
0.7776041 0.81447405 0.8530118
0.8011335 0.83665395 0.8834902
0.82074136 0.8562618 0.903098
0.80897665 0.8444971 0.89133334
0.80897665 0.8458466 0.88438433
0.8128982 0.84976816 0.8883059
0.8168198 0.85368973 0.8922275
0.8128982 0.84976816 0.8883059
0.80271 0.83128136 0.8726196
0.80271 0.83128136 0.8726196
0.8183963 0.84696764 0.8883059
0.8183963 0.84696764 0.8883059
0.8199727 0.8429447 0.87048626
0.5432348 0.4590715 0.373749
0.6318936 0.5253324 0.3848236
0.6256269 0.51481575 0.35221183
0.61936015 0.5016001 0.33349812
0.6209366 0.49622756 0.32262745
0.6146699 0.48436138 0.29696476
0.6162463 0.48033836 0.27914512
0.6570384 0.5141815 0.3074902
0.62724227 0.47878593 0.2582981
0.60528934 0.4498839 0.22389808
0.60686576 0.44451135 0.2130275
0.6162853 0.44833148 0.20305103
0.6217834 0.44823003 0.18915299
0.6390461 0.4598933 0.18701959
0.65630877 0.47020704 0.19183534
0.61317146 0.42706978 0.14869809
0.60924995 0.4231482 0.14477652
0.61317146 0.42706978 0.14869809
0.6147479 0.4203477 0.14477652
0.63043416 0.43738347 0.15351376
0.63277936 0.44802713 0.1613569
0.644544 0.45979184 0.1731216
0.644544 0.45979184 0.1731216
0.6406225 0.45587027 0.16920003
0.62885773 0.44410557 0.15743533
0.63277936 0.44802713 0.1613569
0.63277936 0.44802713 0.1613569
0.62885773 0.44410557 0.15743533
0.61866945 0.42561877 0.14174905
0.6382773 0.4452266 0.1613569
0.6382773 0.4452266 0.1613569
0.650042 0.4569913 0.1731216
0.6382773 0.44657618 0.15440789
0.63043416 0.43738347 0.15351376
0.63043416 0.43738347 0.15351376
0.650042 0.4569913 0.1731216
0.65396357 0.46091288 0.17704317
0.65788513 0.46483445 0.18096474
0.65788513 0.46483445 0.18096474
0.65630877 0.47155654 0.1848863
0.65473235 0.47557956 0.20270586
0.65550107 0.4902463 0.2283687
0.65392464 0.4942693 0.24618831
0.644505 0.48909965 0.2631138
0.6648815 0.5233742 0.30838433
0.66722673 0.5313187 0.33012557
0.6695719 0.5406129 0.3449177
0.677415 0.548456 0.35276085
0.69702286 0.5667143 0.3793177
0.69702286 0.5667143 0.3793177
0.6931013 0.5627927 0.37539613
0.66172874 0.5314202 0.3440236
0.66172874 0.5314202 0.3440236
0.677415 0.54710644 0.35970986
0.682913 0.54295635 0.3666588
0.6946777 0.5547211 0.3784235
0.68525815 0.5522505 0.38145098
0.7127091 0.5797015 0.40890196
0.6891797 0.5561721 0.38537255
0.67506987 0.5337637 0.3657647
0.67349344 0.5404858 0.36968628
0.67349344 0.5404858 0.36968628
0.66172874 0.5287211 0.35792157
0.6656503 0.53264266 0.36184314
0.67899144 0.5376853 0.36968628
0.66722673 0.5272701 0.35097253
0.66722673 0.5272701 0.35097253
0.66330516 0.52334857 0.34705096
0.66722673 0.5272701 0.35097253
0.66330516 0.52334857 0.34705096
0.6695719 0.53656423 0.3657647
0.6813366 0.54832894 0.3775294
0.67349344 0.5404858 0.36968628
0.6640738 0.5393648 0.3657647
0.66172874 0.5287211 0.35792157
0.66015226 0.53544325 0.36184314
0.66015226 0.5327441 0.37574124
0.66015226 0.5327441 0.37574124
0.109439105 0.08511759 0.06587455
0.107862696 0.09049014 0.07674513
0.10394113 0.08656857 0.07282356
0.1196274 0.100905314 0.0954588
0.111784264 0.09306218 0.08761566
0.13923524 0.120513156 0.11506665
0.14942348 0.13765046 0.13770194
0.22078046 0.22290534 0.23395297
0.36822352 0.37864712 0.38689417
0.39725104 0.39937592 0.41042358
0.36430195 0.37337598 0.3899216
0.36038038 0.3681049 0.392949
0.3564588 0.36418334 0.38902742
0.34861568 0.3576897 0.37423533
0.34861568 0.35903928 0.36728632
0.3446941 0.3551177 0.36336476
0.34784707 0.34167343 0.35552162
0.34784707 0.343023 0.34857252
0.31178427 0.29171264 0.2945647
0.20747831 0.18045773 0.17781174
0.15257636 0.12420623 0.1298588
0.16357231 0.121304244 0.11596082
0.19575265 0.13128798 0.117749
0.20674868 0.12703644 0.110799976
0.20282711 0.121765316 0.11382743
0.15572917 0.11346111 0.108117685
0.10470981 0.09853617 0.11238434
0.099211834 0.1013367 0.11238434
0.11097654 0.11310141 0.12414905
0.12666282 0.1287877 0.13983533
0.14077255 0.15119614 0.15944317
0.14861569 0.15768972 0.17423533
0.15253726 0.16161129 0.1781569
0.16272555 0.17874855 0.20079213
0.1721451 0.17986959 0.2047137
0.17841183 0.19308527 0.22342741
0.19329037 0.22746125 0.28259605
0.5320046 0.66751015 0.77472156
0.5053614 0.6173207 0.7246353
0.3061691 0.39593193 0.49505097
0.63873374 0.7145986 0.8027216
0.64423174 0.7117981 0.8027216
0.34384742 0.40581423 0.48294115
0.29759634 0.3373666 0.40629807
0.11720416 0.1529258 0.24675292
0.2724514 0.347168 0.49058038
0.3085533 0.3570246 0.5171373
0.46314895 0.42573452 0.5834588
0.47806656 0.43080273 0.55263525
0.55645883 0.5533869 0.64461964
0.74073356 0.7791543 0.85638434
0.7273925 0.7727621 0.8554902
0.73131406 0.7766837 0.8594117
0.7391572 0.7845268 0.86725485
0.7391572 0.7858764 0.8603059
0.7391572 0.7872259 0.8533569
0.77368253 0.8078534 0.86298823
0.77368253 0.8078534 0.86298823
0.7776041 0.81177497 0.8669098
0.7776041 0.81177497 0.8669098
0.7815257 0.81569654 0.8708314
0.78544724 0.8209677 0.86780393
0.7964433 0.81671613 0.8608549
0.780757 0.8023794 0.83821964
0.74623156 0.781752 0.82858825
0.7485767 0.7896965 0.8503294
0.7273925 0.7754612 0.8415922
0.7658394 0.8040589 0.8342981
0.76114917 0.78547066 0.8047137
0.7007492 0.7293206 0.77065885
0.7242786 0.75285 0.79418826
0.77368253 0.80920297 0.85603917
0.7776041 0.81312454 0.8599608
0.82074136 0.8562618 0.903098
0.8285845 0.86545444 0.9039922
0.8168198 0.85368973 0.8922275
0.8168198 0.85368973 0.8922275
0.8144747 0.84304607 0.88438433
0.7987884 0.8273598 0.86869806
0.808208 0.8298304 0.8656706
0.81212956 0.833752 0.8695922
0.82154906 0.8362226 0.8665647
0.5149762 0.45165974 0.3828314
0.61070925 0.51109713 0.37608635
0.60994065 0.49777997 0.3434745
0.6154386 0.49767852 0.32957655
0.62485814 0.50014913 0.32654902
0.6319326 0.49332556 0.30872947
0.60840315 0.47114566 0.27825102
0.6178227 0.4749658 0.2682745
0.6233207 0.4735148 0.26132548
0.62724227 0.47878593 0.2582981
0.6343168 0.47196233 0.24047849
0.64765793 0.47970408 0.23442361
0.61394024 0.4403869 0.18130985
0.61551666 0.43501437 0.17043921
0.6053283 0.41787708 0.1478039
0.5974852 0.4113835 0.13301182
0.63277936 0.44667763 0.16830593
0.6406225 0.45452076 0.17614907
0.650042 0.4569913 0.1731216
0.6014068 0.41665462 0.12998435
0.61317146 0.4284193 0.14174905
0.6406225 0.45587027 0.16920003
0.6249362 0.440184 0.15351376
0.644544 0.45979184 0.1731216
0.65238714 0.46763498 0.18096474
0.65238714 0.46763498 0.18096474
0.6406225 0.45587027 0.16920003
0.63277936 0.44802713 0.1613569
0.63670087 0.4505992 0.1722275
0.6382773 0.4438771 0.16830593
0.6265126 0.4334619 0.14959219
0.622591 0.42954034 0.14567062
0.622591 0.42954034 0.14567062
0.6343557 0.44130504 0.15743533
0.6343557 0.44130504 0.15743533
0.6461204 0.45306975 0.16920003
0.6382773 0.4452266 0.1613569
0.64219886 0.44914818 0.16527846
0.650042 0.4569913 0.1731216
0.64846563 0.4623639 0.1839922
0.6468892 0.4663869 0.20181176
0.6515795 0.48497522 0.23139614
0.6735325 0.5125276 0.2727451
0.6743011 0.52584475 0.30535692
0.67506987 0.53916186 0.3379687
0.6868346 0.54957706 0.35668242
0.6695719 0.5406129 0.3449177
0.67349344 0.54453444 0.34883928
0.6891797 0.55887115 0.37147456
0.68525815 0.5549496 0.367553
0.67349344 0.5431849 0.3557883
0.6813366 0.551028 0.36363143
0.6931013 0.5627927 0.37539613
0.6931013 0.5627927 0.37539613
0.677415 0.5457569 0.3666588
0.6538856 0.52087796 0.35007843
0.6624974 0.5433878 0.38358438
0.7095562 0.5904466 0.4306432
0.7268189 0.5994108 0.4424079
0.7032895 0.5785805 0.4049804
0.6915248 0.5654662 0.40016478
0.6931013 0.5587441 0.3962432
0.67349344 0.5404858 0.36968628
0.67349344 0.5404858 0.36968628
0.6593836 0.51807743 0.35007843
0.6436973 0.50239116 0.33439216
0.655462 0.51550543 0.33920783
0.66330516 0.52334857 0.34705096
0.655462 0.51550543 0.33920783
0.655462 0.51550543 0.33920783
0.6538856 0.52222747 0.3431294
0.64996403 0.5169564 0.34615687
0.6538856 0.52222747 0.3431294
0.64996403 0.5169564 0.34615687
0.64996403 0.5169564 0.34615687
0.64996403 0.5169564 0.34615687
0.6523091 0.52625054 0.3609491
0.64838755 0.5209794 0.36397654
0.11805092 0.107627444 0.09938037
0.17295289 0.16252941 0.15428233
0.29059994 0.28017646 0.27192938
0.39805877 0.37933668 0.37389016
0.3706078 0.3518857 0.34643918
0.3588431 0.340121 0.33467448
0.3588431 0.340121 0.33467448
0.36118817 0.3507647 0.3425176
0.36118817 0.3507647 0.3425176
0.36510974 0.35468626 0.34643918
0.3706078 0.3518857 0.34643918
0.36276466 0.3453921 0.3316471
0.35257638 0.3269053 0.31596082
0.29767442 0.27200335 0.26105887
0.23258413 0.19996414 0.1835216
0.2145527 0.17363419 0.15999219
0.20828605 0.15906893 0.14822748
0.19102329 0.15010478 0.13646278
0.18710172 0.14483365 0.13949023
0.17141545 0.12914738 0.12380396
0.16357231 0.121304244 0.11596082
0.17064683 0.113131106 0.10509023
0.20282711 0.12311487 0.10687841
0.22716424 0.12525547 0.10082357
0.21616822 0.12815748 0.114721544
0.16907036 0.11715415 0.122909784
0.10078824 0.0946146 0.10846277
0.099211834 0.1013367 0.11238434
0.11097654 0.11310141 0.12414905
0.12666282 0.1287877 0.13983533
0.14469412 0.1551177 0.16336474
0.15645882 0.16688241 0.17512944
0.1603804 0.16945443 0.18600003
0.1721451 0.17986959 0.2047137
0.17841183 0.19308527 0.22342741
0.18625496 0.19957885 0.23821965
0.20036483 0.21928814 0.27172548
0.703785 0.8240428 0.92855686
0.69594187 0.81619966 0.9207137
0.26460826 0.34607258 0.44799215
0.61678076 0.6829975 0.78221965
0.27718076 0.337798 0.4232235
0.15799625 0.18946803 0.26120004
0.22401136 0.121155575 0.19900396
0.16268657 0.20265809 0.31858036
0.13362008 0.21528561 0.36419612
0.3045927 0.38915855 0.5684628
0.35169056 0.39881232 0.5672235
0.43250605 0.45318148 0.5913019
0.47564334 0.5030665 0.59969413
0.73131406 0.7766837 0.8594117
0.7234709 0.76884055 0.8515686
0.7273925 0.7727621 0.8554902
0.73523563 0.7819548 0.85638434
0.73523563 0.7819548 0.85638434
0.73523563 0.7819548 0.85638434
0.77368253 0.80650383 0.86993724
0.76976097 0.80393183 0.85906667
0.77368253 0.8078534 0.86298823
0.7776041 0.81177497 0.8669098
0.7815257 0.81569654 0.8708314
0.7870237 0.8142456 0.8638823
0.7909453 0.81951666 0.8608549
0.7791806 0.80640244 0.85603917
0.7556512 0.78152347 0.8394588
0.7485767 0.7896965 0.8503294
0.75876504 0.8081833 0.8660157
0.6764121 0.7244808 0.7906118
0.68348646 0.7190069 0.76584315
0.74780804 0.7763794 0.8177177
0.7791806 0.80775195 0.8490902
0.72035706 0.7489284 0.7902667
0.6772198 0.7057912 0.74712944
0.77133745 0.7999088 0.8412471
0.7791806 0.80775195 0.8490902
0.80897665 0.8458466 0.88438433
0.83092964 0.8760981 0.9118353
0.8230865 0.86690545 0.9109411
0.8144747 0.84304607 0.88438433
0.8042864 0.82590884 0.86174905
0.8137059 0.8270299 0.8656706
0.8192039 0.82557887 0.85872155
0.61378413 0.56166655 0.5204314
0.6381602 0.53584903 0.4174353
0.627972 0.5227604 0.37395293
0.60994065 0.49912947 0.33652556
0.6036739 0.48726338 0.31086275
0.6303562 0.4986981 0.3196
0.6240895 0.48548242 0.30088633
0.60997957 0.4657731 0.26738042
0.61939913 0.46959323 0.2574039
0.6209756 0.46422067 0.24653338
0.60686576 0.44451135 0.2130275
0.6319716 0.46266824 0.22568625
0.62412846 0.45752418 0.20394513
0.63746965 0.46526587 0.19789019
0.65238714 0.46628547 0.18791378
0.6210146 0.43491292 0.15654123
0.6343557 0.43995553 0.16438437
0.63043416 0.43738347 0.15351376
0.6147479 0.4216972 0.13782749
0.6147479 0.4216972 0.13782749
0.63277936 0.44802713 0.1613569
0.63670087 0.4519487 0.16527846
0.60924995 0.42449772 0.13782749
0.60924995 0.42449772 0.13782749
0.62885773 0.44410557 0.15743533
0.61317146 0.4284193 0.14174905
0.63277936 0.44667763 0.16830593
0.644544 0.45844233 0.18007064
0.6406225 0.45587027 0.16920003
0.64219886 0.44779867 0.1722275
0.6382773 0.4452266 0.1613569
0.63043416 0.43738347 0.15351376
0.6461204 0.45306975 0.16920003
0.64219886 0.44914818 0.16527846
0.64219886 0.44914818 0.16527846
0.650042 0.4569913 0.1731216
0.65788513 0.46483445 0.18096474
0.6618067 0.46875602 0.1848863
0.650042 0.4556418 0.18007064
0.6249362 0.43748492 0.16741174
0.62728137 0.44407994 0.196102
0.63981473 0.4718609 0.22658044
0.65392464 0.49157023 0.26008636
0.64919525 0.50633836 0.29964706
0.67506987 0.53781235 0.3449177
0.6891797 0.5602207 0.36452556
0.677415 0.548456 0.35276085
0.677415 0.548456 0.35276085
0.67349344 0.5431849 0.3557883
0.6656503 0.5366913 0.34099615
0.67349344 0.54453444 0.34883928
0.6891797 0.55887115 0.37147456
0.69702286 0.5667143 0.3793177
0.6891797 0.55752164 0.3784235
0.6742621 0.55650204 0.38840008
0.69621515 0.5827049 0.43669802
0.7377759 0.6325643 0.48375684
0.73385435 0.62864274 0.47983527
0.7095562 0.5890971 0.43759215
0.67583853 0.54977995 0.3844785
0.6797601 0.55235195 0.3953491
0.6954464 0.5693878 0.40408635
0.6891797 0.5548225 0.39232165
0.6891797 0.5548225 0.39232165
0.6931013 0.56009364 0.38929412
0.677415 0.54440737 0.37360784
0.6695719 0.53656423 0.3657647
0.6538856 0.52222747 0.3431294
0.6476189 0.5076623 0.3313647
0.63977575 0.4998192 0.32352155
0.6436973 0.50374067 0.32744312
0.6436973 0.50374067 0.32744312
0.64604247 0.5143843 0.33528626
0.6578072 0.5261491 0.34705096
0.6381993 0.5065412 0.32744312
0.6264346 0.493427 0.32262745
0.6264346 0.493427 0.32262745
0.6327013 0.50529313 0.34829026
0.35257638 0.32960442 0.30206272
0.3619959 0.33072546 0.3059843
0.36591747 0.33464703 0.30990586
0.36357233 0.32535294 0.2951137
0.36357233 0.32535294 0.2951137
0.35965076 0.32143137 0.29119214
0.35965076 0.32143137 0.29119214
0.3439645 0.3057451 0.27550587
0.28514096 0.24692155 0.21668234
0.2514233 0.20490529 0.17746663
0.22789389 0.18272541 0.14698827
0.22789389 0.18137588 0.15393722
0.22397232 0.17745431 0.15001565
0.22005075 0.17218319 0.15304312
0.22005075 0.17353274 0.14609408
0.21220762 0.16434005 0.14519998
0.20828605 0.16041848 0.14127842
0.19652134 0.14865378 0.12951371
0.18318015 0.14091209 0.13556866
0.17141545 0.12914738 0.12380396
0.16907036 0.11850369 0.11596082
0.17064683 0.113131106 0.10509023
0.21224666 0.12558545 0.10385102
0.24050535 0.13029808 0.1086667
0.22558776 0.13062806 0.11169416
0.1745684 0.11570312 0.11596082
0.096866675 0.090693034 0.104541205
0.095290266 0.097415134 0.10846277
0.10705497 0.10917984 0.12022748
0.11724313 0.12766671 0.13591376
0.14077255 0.15119614 0.15944317
0.16430196 0.173376 0.1899216
0.17606667 0.1851407 0.20168631
0.1839098 0.1916343 0.2164784
0.18783137 0.19420631 0.22734898
0.1823334 0.19565728 0.23429808
0.1940981 0.20607243 0.2530118
0.4748356 0.5285039 0.60843134
0.36972192 0.43728822 0.5282118
0.44111794 0.48918673 0.5553177
0.1611101 0.21207929 0.30860394
0.17521997 0.22908947 0.3560078
0.10228658 0.14920713 0.27062744
0.40213645 0.20799668 0.31665102
0.22777678 0.26794958 0.43086278
0.112396725 0.2357563 0.41765493
0.10220856 0.21861896 0.3950197
0.27398884 0.3738022 0.555804
0.35480434 0.42817137 0.5798824
0.37679636 0.426416 0.5312393
0.7140513 0.76771957 0.8476471
0.7234709 0.76884055 0.8515686
0.7117062 0.75707585 0.83980393
0.73523563 0.7819548 0.85638434
0.73523563 0.7819548 0.85638434
0.73523563 0.7819548 0.85638434
0.7721061 0.8132259 0.8738588
0.77368253 0.8078534 0.86298823
0.7776041 0.81177497 0.8669098
0.78310215 0.80897444 0.8669098
0.7870237 0.8142456 0.8638823
0.7909453 0.81816715 0.86780393
0.7909453 0.81816715 0.86780393
0.78310215 0.810324 0.8599608
0.7815257 0.81434697 0.8777804
0.75799626 0.79081756 0.85425097
0.75876504 0.80683374 0.87296474
0.7783729 0.8264416 0.8925726
0.75249827 0.79496765 0.84730196
0.6536904 0.68226177 0.72360003
0.65761197 0.68618333 0.7275216
0.70859236 0.7371637 0.778502
0.7791806 0.80775195 0.8490902
0.74938446 0.7710069 0.8068471
0.79256076 0.788885 0.73914516
0.75342315 0.69645196 0.492149
0.8004039 0.79807764 0.7400392
0.7838708 0.8290393 0.8647765
0.8230865 0.86825496 0.9039922
0.82074136 0.8576113 0.89614904
0.8137059 0.82837945 0.85872155
0.81528234 0.8216573 0.8548
0.75257635 0.7269053 0.71596086
0.62247396 0.52151227 0.39480007
0.627972 0.5227604 0.37395293
0.6177838 0.5056231 0.35131764
0.6452347 0.5344236 0.37181967
0.611517 0.49375695 0.32565498
0.6264346 0.49477658 0.31567842
0.60056 0.46195295 0.27735692
0.6217443 0.47888738 0.27219605
0.62881875 0.4720638 0.25437653
0.6107874 0.44708335 0.22389808
0.62255204 0.46019763 0.22871378
0.6437363 0.47578245 0.23050201
0.61394024 0.4403869 0.18130985
0.6249362 0.43748492 0.16741174
0.6249362 0.4388345 0.1604628
0.6343557 0.43995553 0.16438437
0.6461204 0.45172024 0.17614907
0.6265126 0.4321124 0.15654123
0.622591 0.42954034 0.14567062
0.622591 0.42954034 0.14567062
0.61866945 0.42561877 0.14174905
0.6210146 0.43626243 0.14959219
0.64846563 0.4623639 0.1839922
0.64846563 0.4623639 0.1839922
0.6265126 0.4334619 0.14959219
0.6147479 0.4216972 0.13782749
0.6265126 0.4321124 0.15654123
0.61866945 0.42426926 0.14869809
0.6343557 0.43995553 0.16438437
0.65396357 0.46091288 0.17704317
0.650042 0.4569913 0.1731216
0.650042 0.4569913 0.1731216
0.6382773 0.4452266 0.1613569
0.63043416 0.43738347 0.15351376
0.622591 0.42819083 0.15261966
0.6343557 0.43995553 0.16438437
0.6382773 0.4438771 0.16830593
0.64846563 0.4623639 0.1839922
0.6390461 0.45854378 0.19396862
0.63746965 0.46256673 0.21178827
0.6437363 0.47443295 0.23745096
0.644505 0.48909965 0.2631138
0.6468501 0.4956947 0.29180393
0.66330516 0.52739716 0.326204
0.682913 0.5443059 0.35970986
0.6813366 0.551028 0.36363143
0.66172874 0.53276974 0.33707458
0.6656503 0.53534174 0.34794515
0.67349344 0.54453444 0.34883928
0.67506987 0.53781235 0.3449177
0.6593836 0.5221261 0.32923144
0.6593836 0.5207765 0.33618045
0.6695719 0.53791374 0.35881567
0.72208965 0.61687803 0.46807057
0.77776027 0.68644667 0.54863536
0.76599556 0.674682 0.53687066
0.7440426 0.64443046 0.5094197
0.71032494 0.60376376 0.46325496
0.6977915 0.5773324 0.42582744
0.69936794 0.5706103 0.42190588
0.68760324 0.5601951 0.40319222
0.67583853 0.54977995 0.3844785
0.6695719 0.53521466 0.3727138
0.67349344 0.53913623 0.37663537
0.6656503 0.53264266 0.36184314
0.677415 0.54440737 0.37360784
0.6891797 0.5561721 0.38537255
0.67349344 0.5404858 0.36968628
0.6656503 0.53264266 0.36184314
0.6656503 0.53264266 0.36184314
0.6538856 0.52087796 0.35007843
0.6381993 0.5065412 0.32744312
0.6303562 0.4986981 0.3196
0.6381993 0.5065412 0.32744312
0.64996403 0.5169564 0.34615687
0.64604247 0.5130348 0.3422353
0.63662285 0.51191384 0.33831373
0.3612272 0.31605873 0.2803216
0.35888213 0.3067646 0.26552945
0.33692914 0.27786264 0.23112945
0.29536834 0.22935279 0.17712155
0.27968207 0.21366653 0.16143528
0.2757605 0.20974496 0.15751371
0.27183893 0.20447382 0.1605412
0.2506546 0.19158812 0.14485493
0.23496833 0.17455229 0.13611768
0.2373135 0.18384641 0.15090984
0.23339193 0.1785753 0.15393722
0.22397232 0.17745431 0.15001565
0.22005075 0.17353274 0.14609408
0.22554879 0.16938262 0.15304312
0.21770565 0.16153948 0.14519998
0.21378408 0.15761791 0.14127842
0.20594095 0.14977477 0.13343528
0.20201938 0.1458532 0.12951371
0.18475664 0.13553952 0.12469807
0.1769135 0.12769638 0.116854936
0.1651488 0.115931675 0.10509023
0.1745684 0.11840223 0.102062725
0.21224666 0.12558545 0.10385102
0.24442692 0.1355692 0.10563925
0.23892894 0.13567063 0.119537294
0.18241154 0.12354626 0.12380396
0.096866675 0.090693034 0.104541205
0.08744713 0.08822245 0.10756866
0.10705497 0.10783029 0.1271765
0.12274125 0.123516575 0.14286278
0.14469412 0.15376815 0.17031376
0.1603804 0.16945443 0.18600003
0.1603804 0.16810489 0.192949
0.16822353 0.17324892 0.21469024
0.16822353 0.17189936 0.22163925
0.16430196 0.1679778 0.21771768
0.15488242 0.16685675 0.21379611
0.12585503 0.14747742 0.18331769
0.1634943 0.19071612 0.24035291
0.15407468 0.18554646 0.25727847
0.10770654 0.21986711 0.37417245
0.1586479 0.3082525 0.47345108
0.18533012 0.31833774 0.48913735
0.20493796 0.3352465 0.5226431
0.18998137 0.37298152 0.5739686
0.2300438 0.35205382 0.54225093
0.18456152 0.30367103 0.46347448
0.2120125 0.32977247 0.49787456
0.24338505 0.36114502 0.5292471
0.24103987 0.35320044 0.5075058
0.6756043 0.7431706 0.83409417
0.6787572 0.73107594 0.81930196
0.67091405 0.7245823 0.80450976
0.7273925 0.7741117 0.8485412
0.73523563 0.7819548 0.85638434
0.7391572 0.7858764 0.8603059
0.7721061 0.8132259 0.8738588
0.77368253 0.8078534 0.86298823
0.7776041 0.81177497 0.8669098
0.7815257 0.81569654 0.8708314
0.78544724 0.8209677 0.86780393
0.7870237 0.8142456 0.8638823
0.7987884 0.8246607 0.8825961
0.7776041 0.81177497 0.8669098
0.7776041 0.8104254 0.8738588
0.76976097 0.80258226 0.8660157
0.76976097 0.80258226 0.8660157
0.7548435 0.80426174 0.8620941
0.77052975 0.8212976 0.8708314
0.76353335 0.7681561 0.71561575
0.7901765 0.8088986 0.8143451
0.69682765 0.7267486 0.7597883
0.71409035 0.73571277 0.771553
0.6827178 0.7043402 0.74018043
0.7784118 0.79443485 0.81647843
0.75492156 0.74429667 0.6890589
0.7432348 0.6820138 0.45561576
0.7055956 0.64147425 0.38468242
0.7996352 0.78476053 0.70742744
0.79171395 0.8368824 0.8726196
0.8160511 0.83767354 0.87351376
0.8113608 0.81773573 0.8508784
0.82943135 0.80935967 0.81221175
0.64992493 0.54896325 0.42225105
0.62012887 0.51491725 0.3661098
0.606019 0.4938584 0.33955294
0.6256269 0.51481575 0.35221183
0.6232817 0.5041721 0.3443687
0.6327013 0.5066427 0.34134126
0.6264346 0.49477658 0.31567842
0.60840315 0.47114566 0.27825102
0.6233207 0.4735148 0.26132548
0.6131325 0.45637754 0.23869024
0.62647367 0.4641192 0.23263535
0.6382383 0.47858298 0.23050201
0.62570494 0.45080203 0.20002356
0.6076735 0.42717123 0.16259608
0.6170931 0.42964178 0.15956861
0.6108263 0.41642612 0.14085495
0.6108263 0.41642612 0.14085495
0.63043416 0.43603396 0.1604628
0.63043416 0.43603396 0.1604628
0.6382773 0.4438771 0.16830593
0.6382773 0.4438771 0.16830593
0.6265126 0.4321124 0.15654123
0.622591 0.42819083 0.15261966
0.622591 0.42819083 0.15261966
0.63043416 0.43603396 0.1604628
0.6461204 0.45172024 0.17614907
0.65396357 0.46091288 0.17704317
0.6382773 0.4452266 0.1613569
0.622591 0.42819083 0.15261966
0.61866945 0.42426926 0.14869809
0.61866945 0.42426926 0.14869809
0.63043416 0.43603396 0.1604628
0.65396357 0.45956337 0.1839922
0.6461204 0.45172024 0.17614907
0.64219886 0.44779867 0.1722275
0.65396357 0.46091288 0.17704317
0.6461204 0.45306975 0.16920003
0.6406225 0.4531712 0.18309802
0.6390461 0.45854378 0.19396862
0.6335481 0.4572956 0.21481574
0.64215994 0.47980553 0.24832165
0.65234816 0.49559322 0.27790594
0.6570384 0.5141815 0.3074902
0.65154046 0.51563245 0.3144393
0.63977575 0.50251824 0.3096236
0.655462 0.5182045 0.32530987
0.6813366 0.5523776 0.35668242
0.67349344 0.54453444 0.34883928
0.6711483 0.5338908 0.34099615
0.6711483 0.5338908 0.34099615
0.67506987 0.53781235 0.3449177
0.677415 0.54710644 0.35970986
0.67191696 0.54855746 0.3666588
0.756576 0.673561 0.5329491
0.7706858 0.69327027 0.5664549
0.7706858 0.69327027 0.5664549
0.7801054 0.6957408 0.5634275
0.76991713 0.67725396 0.54774123
0.73385435 0.62729317 0.48678437
0.7017131 0.58125395 0.429749
0.68760324 0.5588456 0.41014117
0.6954464 0.5693878 0.40408635
0.68760324 0.56154466 0.3962432
0.68368167 0.5576231 0.39232165
0.6640738 0.53801525 0.3727138
0.6640738 0.53801525 0.3727138
0.66172874 0.5273715 0.36487067
0.66015226 0.53544325 0.36184314
0.67191696 0.54720795 0.37360784
0.68368167 0.55897266 0.38537255
0.6695719 0.53656423 0.3657647
0.64996403 0.51830596 0.33920783
0.6381993 0.5065412 0.32744312
0.6381993 0.5065412 0.32744312
0.6421209 0.50911325 0.33831373
0.6327013 0.50799227 0.33439216
0.63662285 0.51056427 0.34526283
0.21928206 0.15886602 0.12043141
0.22870168 0.16133657 0.117403954
0.23262325 0.16525814 0.12132552
0.24438795 0.17837241 0.12614116
0.26791736 0.20190182 0.14967057
0.27183893 0.20447382 0.1605412
0.26791736 0.20055225 0.15661964
0.2506546 0.19023857 0.15180396
0.22947036 0.17600328 0.1430667
0.23339193 0.1785753 0.15393722
0.22947036 0.17465374 0.15001565
0.22554879 0.17073217 0.14609408
0.22162722 0.1668106 0.14217252
0.21770565 0.16288903 0.13825095
0.21770565 0.16288903 0.13825095
0.21378408 0.15896747 0.13432938
0.20986252 0.1550459 0.13040781
0.20201938 0.1458532 0.12951371
0.19417624 0.13801007 0.12167057
0.19025467 0.13273895 0.12469807
0.1769135 0.12769638 0.116854936
0.18398795 0.11952327 0.10598429
0.21616822 0.12950702 0.10777259
0.24442692 0.1355692 0.10563925
0.23892894 0.13702017 0.11258827
0.18398795 0.11817372 0.11293337
0.102364644 0.08789251 0.104541205
0.09294511 0.08542192 0.10756866
0.099211834 0.09998716 0.119333364
0.11489811 0.11432389 0.1419686
0.12508628 0.13281077 0.15765488
0.14469412 0.15106906 0.18421173
0.14077255 0.14444838 0.19418827
0.13685098 0.1391773 0.19721566
0.12743144 0.1367067 0.20024312
0.13292941 0.13255662 0.20719212
0.14784707 0.13627525 0.18331769
0.15253726 0.16026175 0.18510586
0.2686079 0.28328136 0.31362352
0.14465514 0.18442541 0.2533569
0.15945557 0.2868638 0.44386664
0.18298498 0.30904365 0.47434515
0.17825574 0.32651085 0.50000787
0.22220066 0.34825933 0.51356083
0.5473516 0.23548144 0.34465095
0.6156338 0.25667137 0.36604702
0.6552668 0.6809379 0.6918824
0.19555748 0.30886635 0.40788233
0.24807522 0.38378194 0.53798425
0.17510286 0.33995506 0.507851
0.5022086 0.6253667 0.7602745
0.6481533 0.7170692 0.7996941
0.6669925 0.72066075 0.80058825
0.7038631 0.7492327 0.8319608
0.7273925 0.7741117 0.8485412
0.73523563 0.7819548 0.85638434
0.7603414 0.8014612 0.8620941
0.77368253 0.8078534 0.86298823
0.7815257 0.81569654 0.8708314
0.7815257 0.81569654 0.8708314
0.7783729 0.8264416 0.8925726
0.73523563 0.78330433 0.8494353
0.8050551 0.83922595 0.8943608
0.7776041 0.81177497 0.8669098
0.77368253 0.80650383 0.86993724
0.77368253 0.80650383 0.86993724
0.76976097 0.80258226 0.8660157
0.7603414 0.8014612 0.8620941
0.75641984 0.79753965 0.85817254
0.7548435 0.8056113 0.8551451
0.73458403 0.69286036 0.4912549
0.76361144 0.71493876 0.50783527
0.79882747 0.7994016 0.7717569
0.7195883 0.7342618 0.7646039
0.6944825 0.7174545 0.7449961
0.703902 0.71857554 0.74891764
0.7666471 0.78267014 0.8047137
0.76353335 0.76410747 0.7364628
0.70244277 0.64547163 0.4411686
0.731353 0.7487256 0.7624706
0.8317374 0.8547094 0.88225096
0.80978435 0.8244579 0.8548
0.8302 0.82402635 0.83787453
0.64600337 0.5450417 0.41832948
0.62012887 0.51491725 0.3661098
0.63347006 0.5213094 0.36700392
0.63347006 0.5213094 0.36700392
0.6232817 0.5028226 0.35131764
0.6232817 0.5041721 0.3443687
0.6327013 0.50799227 0.33439216
0.6303562 0.5000476 0.31265104
0.63977575 0.50386775 0.3026746
0.6350854 0.48527956 0.2730902
0.62881875 0.4747629 0.24047849
0.64215994 0.48115504 0.24137256
0.62412846 0.45752418 0.20394513
0.61394024 0.4403869 0.18130985
0.62885773 0.44005698 0.17828235
0.6014068 0.41395554 0.14388233
0.61866945 0.4229197 0.15564704
0.622591 0.42684126 0.15956861
0.60690475 0.41115502 0.14388233
0.5912185 0.39681828 0.12124711
0.60690475 0.41250455 0.13693339
0.622591 0.42819083 0.15261966
0.622591 0.42819083 0.15261966
0.6343557 0.43995553 0.16438437
0.6343557 0.43995553 0.16438437
0.6147479 0.4203477 0.14477652
0.6147479 0.4216972 0.13782749
0.6343557 0.43995553 0.16438437
0.65788513 0.46483445 0.18096474
0.6382773 0.4438771 0.16830593
0.61866945 0.42426926 0.14869809
0.61632437 0.41362557 0.14085495
0.6241675 0.4214687 0.14869809
0.61632437 0.41362557 0.14085495
0.6147479 0.4203477 0.14477652
0.6382773 0.4438771 0.16830593
0.65788513 0.46348494 0.18791378
0.64846563 0.46101433 0.19094115
0.64923435 0.47433144 0.22355297
0.64765793 0.4783545 0.24137256
0.6460815 0.4837271 0.25224322
0.6366619 0.47990695 0.26221967
0.64919525 0.50633836 0.29964706
0.6593836 0.5234756 0.32228243
0.655462 0.5182045 0.32530987
0.67506987 0.53781235 0.3449177
0.6436973 0.5064398 0.31354517
0.6476189 0.5103614 0.31746674
0.6476189 0.5103614 0.31746674
0.66330516 0.52604765 0.333153
0.66330516 0.52604765 0.333153
0.67506987 0.53781235 0.3449177
0.6797601 0.5550511 0.38145098
0.78087413 0.71175706 0.58214116
0.83262324 0.7760545 0.6657334
0.8302781 0.7667604 0.65094125
0.8122467 0.74178004 0.6204627
0.7801054 0.6943913 0.57037646
0.73619944 0.6365873 0.50157654
0.7119014 0.5983912 0.4523843
0.7072111 0.5784534 0.429749
0.7072111 0.57980293 0.42280006
0.68368167 0.5576231 0.39232165
0.67583853 0.54977995 0.3844785
0.6640738 0.53801525 0.3727138
0.67191696 0.5458584 0.38055694
0.6813366 0.54697937 0.3844785
0.67583853 0.54977995 0.3844785
0.67583853 0.5511295 0.3775294
0.67583853 0.54977995 0.3844785
0.66172874 0.5287211 0.35792157
0.64604247 0.5143843 0.33528626
0.6538856 0.52222747 0.3431294
0.66015226 0.53544325 0.36184314
0.6562307 0.5315217 0.35792157
0.65465426 0.5368942 0.36879224
0.6468111 0.52905107 0.3609491
0.21928206 0.15886602 0.12043141
0.22870168 0.15998702 0.12435298
0.23262325 0.16525814 0.12132552
0.24046639 0.17310128 0.12916866
0.26949376 0.19383016 0.15269807
0.26791736 0.20055225 0.15661964
0.2639958 0.19663069 0.15269807
0.24673304 0.18496746 0.15483141
0.23104677 0.16793165 0.14609408
0.2271252 0.16401008 0.14217252
0.22554879 0.17073217 0.14609408
0.22320363 0.16008851 0.13825095
0.2271252 0.16401008 0.14217252
0.22320363 0.16008851 0.13825095
0.22320363 0.16008851 0.13825095
0.22320363 0.16143805 0.131302
0.21378408 0.15896747 0.13432938
0.20594095 0.15112433 0.12648624
0.19809781 0.14193164 0.12559214
0.19809781 0.14193164 0.12559214
0.18475664 0.13688907 0.117749
0.19575265 0.13263753 0.110799976
0.21616822 0.13220611 0.093874544
0.24442692 0.1355692 0.10563925
0.24050535 0.13164763 0.10171768
0.18790951 0.12209529 0.116854936
0.102364644 0.08789251 0.104541205
0.09294511 0.08542192 0.10756866
0.0913687 0.09214402 0.11149023
0.1031334 0.10255919 0.13020389
0.10547842 0.111853376 0.14499605
0.10939999 0.11442538 0.1558667
0.11724313 0.11956944 0.17760782
0.11566673 0.12224288 0.20237651
0.12743144 0.12995896 0.23498821
0.14861569 0.14419425 0.24372546
0.22789389 0.17057948 0.20952944
0.12666282 0.12743814 0.14678435
0.16272555 0.177399 0.20774114
0.1415413 0.15911506 0.21985096
0.19563553 0.2354058 0.3043373
0.15407468 0.18554646 0.25727847
0.16191782 0.1960887 0.2512235
0.3886001 0.41697028 0.41131762
0.6458863 0.64241177 0.63966274
0.609367 0.24345566 0.34733337
0.5567712 0.23795198 0.3416235
0.18075699 0.19428208 0.27991375
0.29751825 0.41082713 0.5098431
0.20174608 0.3901444 0.5579372
0.36956584 0.5801607 0.756149
0.6567651 0.73822945 0.840149
0.70463175 0.765249 0.8506745
0.71012974 0.763798 0.84372544
0.7273925 0.7741117 0.8485412
0.73523563 0.7819548 0.85638434
0.74465513 0.7844254 0.8533569
0.76976097 0.80258226 0.8660157
0.7776041 0.8104254 0.8738588
0.68425524 0.73232394 0.79845494
0.66541606 0.72738284 0.80450976
0.6732592 0.73387647 0.81930196
0.7901376 0.8382063 0.9043373
0.764263 0.8053828 0.8660157
0.7776041 0.8104254 0.8738588
0.75799626 0.79081756 0.85425097
0.7658394 0.7986607 0.8620941
0.76976097 0.80258226 0.8660157
0.75641984 0.79753965 0.85817254
0.7603414 0.8014612 0.8620941
0.7258941 0.72761655 0.64468235
0.74558 0.6926575 0.4634589
0.7588431 0.7495678 0.6860314
0.7274706 0.7195448 0.6477098
0.7949059 0.79548 0.7678353
0.736851 0.745925 0.7624706
0.70155686 0.7092813 0.7341255
0.68979216 0.6975166 0.7223608
0.7486157 0.7576897 0.77423537
0.72350985 0.7395329 0.7615765
0.8411569 0.85448086 0.8931216
0.8137059 0.82837945 0.85872155
0.82078046 0.8215558 0.840902
0.62874067 0.5333785 0.42046273
0.59659946 0.49003828 0.34952947
0.6020975 0.48993683 0.33563137
0.62954843 0.5173878 0.36308235
0.63739157 0.52523094 0.3709255
0.64288956 0.5237799 0.36397654
0.64838755 0.52367854 0.35007843
0.62251306 0.49220452 0.3048079
0.6240895 0.4881815 0.28698832
0.6452737 0.50376636 0.2887765
0.6507717 0.5036649 0.2748785
0.63274026 0.47868446 0.24440005
0.63981473 0.4718609 0.22658044
0.6413912 0.46783787 0.20876083
0.6390461 0.45854378 0.19396862
0.60924995 0.42179865 0.15172547
0.6249362 0.43748492 0.16741174
0.63277936 0.44532806 0.17525488
0.6265126 0.43076283 0.16349018
0.59514004 0.3993903 0.13211763
0.6124028 0.40835446 0.14388233
0.6147479 0.41899812 0.15172547
0.6029832 0.408583 0.13301182
0.60690475 0.41250455 0.13693339
0.63043416 0.43603396 0.1604628
0.61866945 0.42426926 0.14869809
0.6343557 0.43995553 0.16438437
0.6343557 0.43995553 0.16438437
0.622591 0.42819083 0.15261966
0.622591 0.42819083 0.15261966
0.6265126 0.4321124 0.15654123
0.6359322 0.4332334 0.1604628
0.64377534 0.44107655 0.16830593
0.6280891 0.42539027 0.15261966
0.6265126 0.4321124 0.15654123
0.622591 0.42819083 0.15261966
0.6147479 0.41899812 0.15172547
0.62885773 0.4387074 0.18523142
0.63120294 0.4480015 0.20002356
0.6515795 0.48227608 0.24529412
0.6735325 0.5098285 0.2866432
0.6586148 0.508809 0.29661962
0.6570384 0.51553106 0.3005412
0.6452737 0.5024168 0.2957255
0.655462 0.5182045 0.32530987
0.66722673 0.5299692 0.33707458
0.66330516 0.52739716 0.326204
0.6476189 0.5117109 0.31051773
0.6476189 0.5117109 0.31051773
0.6436973 0.5077893 0.30659616
0.6240895 0.486832 0.29393733
0.65154046 0.51428294 0.3213883
0.6538856 0.52222747 0.3431294
0.7706858 0.69327027 0.5664549
0.8522311 0.79431283 0.69229025
0.8522311 0.79431283 0.69229025
0.84438795 0.7878192 0.6774981
0.82793295 0.7574663 0.636149
0.7918701 0.7075055 0.5751922
0.7534622 0.646901 0.50639224
0.6977915 0.5773324 0.42582744
0.66015226 0.5340937 0.36879224
0.66015226 0.5340937 0.36879224
0.67349344 0.53913623 0.37663537
0.6915248 0.5654662 0.40016478
0.6915248 0.5654662 0.40016478
0.677415 0.5430578 0.38055694
0.66172874 0.5287211 0.35792157
0.66172874 0.5287211 0.35792157
0.6640738 0.5393648 0.3657647
0.6578072 0.5247995 0.354
0.64996403 0.5169564 0.34615687
0.6578072 0.5261491 0.34705096
0.64996403 0.51830596 0.33920783
0.644466 0.519757 0.34615687
0.64288956 0.5251295 0.35702753
0.64288956 0.5251295 0.35702753
0.21143892 0.14967334 0.119537294
0.21536049 0.15359491 0.12345886
0.22320363 0.16278759 0.12435298
0.22870168 0.15863748 0.131302
0.24046639 0.17040218 0.1430667
0.24830952 0.17959486 0.14396082
0.26007423 0.19135956 0.15572552
0.24281147 0.17969635 0.15785879
0.2271252 0.16401008 0.14217252
0.22320363 0.16008851 0.13825095
0.21770565 0.16288903 0.13825095
0.22320363 0.16008851 0.13825095
0.2271252 0.16401008 0.14217252
0.2271252 0.16535962 0.13522357
0.23496833 0.17320275 0.1430667
0.23496833 0.17320275 0.1430667
0.22554879 0.17208171 0.13914514
0.22162722 0.16816014 0.13522357
0.20986252 0.15639544 0.12345886
0.20201938 0.14720276 0.12256468
0.19417624 0.13935962 0.114721544
0.19575265 0.13398707 0.10385102
0.2200898 0.13612768 0.09779611
0.24834849 0.14084034 0.10261174
0.24442692 0.1355692 0.10563925
0.19340757 0.12064428 0.10990586
0.102364644 0.08789251 0.104541205
0.09294511 0.08542192 0.10756866
0.096866675 0.08934349 0.11149023
0.1031334 0.10255919 0.13020389
0.097635284 0.10266068 0.14410199
0.10939999 0.1117263 0.16976467
0.1195883 0.12616445 0.20629808
0.13527457 0.1378021 0.24283135
0.14546287 0.15763843 0.25156862
0.16430196 0.15988052 0.25941175
0.22320363 0.15064166 0.18689415
0.25926644 0.20735022 0.21310586
0.15722758 0.17884997 0.21469024
0.15961178 0.14803995 0.1950824
0.17372164 0.16909876 0.22163925
0.1721451 0.17717049 0.2186118
0.53842753 0.54730016 0.51685494
0.6293922 0.6467648 0.6605098
0.17372164 0.16639969 0.23553723
0.2867955 0.1397479 0.24819605
0.61328864 0.24737723 0.35125494
0.51359487 0.23356935 0.33983535
0.21681978 0.24424292 0.34087056
0.26214606 0.4449449 0.59894127
0.29347956 0.5110234 0.6925097
0.33115783 0.51955616 0.68734896
0.6701063 0.74597114 0.83409417
0.6905219 0.74419016 0.82411766
0.7234709 0.7701901 0.84461963
0.73523563 0.7819548 0.85638434
0.736812 0.77658224 0.84551376
0.7658394 0.7986607 0.8620941
0.641118 0.6891867 0.7553177
0.6552278 0.7102456 0.78187454
0.68267876 0.736347 0.8162745
0.6732592 0.735226 0.8123529
0.6638396 0.7327555 0.8153804
0.7022866 0.75595486 0.8358823
0.76818454 0.8079548 0.8768863
0.76976097 0.80258226 0.8660157
0.7619178 0.7947391 0.85817254
0.76976097 0.80258226 0.8660157
0.7658394 0.7986607 0.8620941
0.75799626 0.7921671 0.84730196
0.7619178 0.79743826 0.8442745
0.690639 0.6643642 0.5124471
0.7219335 0.7449055 0.77244705
0.7219335 0.7435559 0.7793961
0.736851 0.7486241 0.7485725
0.7439645 0.7151919 0.62686276
0.8082861 0.77526355 0.66483927
0.76980007 0.7732745 0.7760235
0.6623412 0.6714152 0.68796086
0.7548824 0.7695559 0.799898
0.8411569 0.85583043 0.88617253
0.8137059 0.8270299 0.8656706
0.82078046 0.8202062 0.847851
0.611478 0.52171516 0.42259616
0.6044426 0.4978814 0.3573726
0.60994065 0.4964304 0.3504235
0.61386216 0.50170153 0.34739608
0.5997523 0.4792931 0.32778823
0.6232817 0.50552166 0.3374197
0.63662285 0.51191384 0.33831373
0.6421209 0.5118123 0.32441574
0.6421209 0.5131619 0.31746674
0.6531168 0.5116095 0.29661962
0.63116384 0.48405707 0.25527066
0.63274026 0.48003402 0.23745096
0.65392464 0.4942693 0.24618831
0.63589317 0.47063845 0.20876083
0.64923435 0.475681 0.21660396
0.63746965 0.46526587 0.19789019
0.63746965 0.46526587 0.19789019
0.6351245 0.4546222 0.19004706
0.60924995 0.42044914 0.15867451
0.61317146 0.4243707 0.16259608
0.63670087 0.44655055 0.19307455
0.6210146 0.43221384 0.17043921
0.5974852 0.4086844 0.1469098
0.6265126 0.43076283 0.16349018
0.6147479 0.4176486 0.15867451
0.60690475 0.40980545 0.15083137
0.6108263 0.41507655 0.1478039
0.61866945 0.42426926 0.14869809
0.61866945 0.42426926 0.14869809
0.63201064 0.42931184 0.15654123
0.6359322 0.4332334 0.1604628
0.6280891 0.42539027 0.15261966
0.63201064 0.43066135 0.14959219
0.6398538 0.4385045 0.15743533
0.6461204 0.45306975 0.16920003
0.64219886 0.44779867 0.1722275
0.63670087 0.44790012 0.18612549
0.644544 0.45439368 0.20091769
0.6335481 0.45864516 0.2078667
0.6178618 0.4402598 0.20607841
0.6107874 0.44708335 0.22389808
0.644505 0.48640057 0.27701178
0.6586148 0.5074594 0.30356863
0.6648815 0.52202463 0.31533334
0.66722673 0.5313187 0.33012557
0.66330516 0.52604765 0.333153
0.65154046 0.51563245 0.3144393
0.6476189 0.5117109 0.31051773
0.66330516 0.52739716 0.326204
0.63977575 0.50386775 0.3026746
0.64919525 0.5036393 0.31354517
0.66330516 0.52604765 0.333153
0.6578072 0.5247995 0.354
0.767533 0.7040153 0.58819616
0.87026244 0.81929326 0.7227686
0.874184 0.8232148 0.7266902
0.8600742 0.802156 0.7001334
0.8302781 0.76541084 0.65789026
0.8216662 0.74425066 0.6174353
0.7973681 0.704705 0.5751922
0.7495406 0.64162993 0.5094197
0.6954464 0.5666887 0.4179843
0.68368167 0.5562735 0.39927065
0.6813366 0.54697937 0.3844785
0.6578072 0.52344996 0.3609491
0.6656503 0.5312931 0.36879224
0.6656503 0.5312931 0.36879224
0.67349344 0.53913623 0.37663537
0.6931013 0.56009364 0.38929412
0.6891797 0.5561721 0.38537255
0.66172874 0.5287211 0.35792157
0.6421209 0.5104628 0.3313647
0.6421209 0.5104628 0.3313647
0.63662285 0.5132634 0.3313647
0.6405444 0.5158354 0.3422353
0.6468111 0.53040063 0.354
0.65465426 0.5368942 0.36879224
0.20751736 0.14440224 0.12256468
0.21143892 0.14967334 0.119537294
0.22320363 0.16143805 0.131302
0.22478011 0.15471591 0.12738043
0.22478011 0.15471591 0.12738043
0.22870168 0.15863748 0.131302
0.24438795 0.17432375 0.14698827
0.24046639 0.17040218 0.1430667
0.21928206 0.15616694 0.13432938
0.21928206 0.15616694 0.13432938
0.22320363 0.16008851 0.13825095
0.2271252 0.16535962 0.13522357
0.23496833 0.17320275 0.1430667
0.2388899 0.17712432 0.14698827
0.2388899 0.17847386 0.14003925
0.24281147 0.18239543 0.14396082
0.2388899 0.17982341 0.13309023
0.23104677 0.17063072 0.13219611
0.21770565 0.16558811 0.12435298
0.20986252 0.15639544 0.12345886
0.19809781 0.14463073 0.11169416
0.19183108 0.1300655 0.09992945
0.21616822 0.13220611 0.093874544
0.24442692 0.13691877 0.098690175
0.24050535 0.13164763 0.10171768
0.19183108 0.12601686 0.120776504
0.107862696 0.08509195 0.104541205
0.09294511 0.08542192 0.10756866
0.095290266 0.09606559 0.115411796
0.099211834 0.09863762 0.12628232
0.10155685 0.10658225 0.14802356
0.11724313 0.11956944 0.17760782
0.131353 0.1365796 0.2250118
0.14703928 0.15091634 0.24764703
0.13761973 0.1497953 0.24372546
0.14861569 0.14554378 0.2367765
0.3244738 0.15907702 0.18744317
0.33935237 0.20020074 0.21186665
0.27095306 0.28987637 0.3423137
0.26637992 0.15367478 0.19563134
0.307172 0.18616837 0.23092546
0.323627 0.22326909 0.23752946
0.6121686 0.60039556 0.60044706
0.19725105 0.1899291 0.25906664
0.27260762 0.19754776 0.2973882
0.3118233 0.23541391 0.34355298
0.3974462 0.18805888 0.29401568
0.6054455 0.2395341 0.3434118
0.32051313 0.18176416 0.28741175
0.19640422 0.24467432 0.35779604
0.29113442 0.50172925 0.6777176
0.3013227 0.51886654 0.70035285
0.49436545 0.6188731 0.7454823
0.6850239 0.7469907 0.82411766
0.71954936 0.76626855 0.84069806
0.7273925 0.7741117 0.8485412
0.7383884 0.7712097 0.8346431
0.6285845 0.6614058 0.7248392
0.69444346 0.7494613 0.8210902
0.63561994 0.69063777 0.7622667
0.68267876 0.7376966 0.8093255
0.71012974 0.76514757 0.8367765
0.659918 0.7288339 0.8114588
0.720318 0.7809353 0.8663608
0.7022866 0.75595486 0.8358823
0.74700034 0.79371953 0.86814904
0.75641984 0.7961901 0.8651216
0.75799626 0.79081756 0.85425097
0.76976097 0.80258226 0.8660157
0.7619178 0.7960887 0.8512235
0.74623156 0.781752 0.82858825
0.74073356 0.7845525 0.82858825
0.7485767 0.7910461 0.8433804
0.775259 0.8024809 0.85211766
0.6827178 0.7043402 0.74018043
0.75253725 0.7602617 0.7851059
0.7855644 0.73844254 0.57003134
0.7526935 0.66327393 0.32090196
0.81067026 0.75794894 0.57574123
0.7815648 0.78638875 0.7808392
0.83331376 0.8479873 0.8783294
0.82154906 0.8362226 0.8665647
0.8231255 0.83084995 0.8556941
0.6867565 0.60954213 0.5297176
0.59659946 0.49003828 0.34952947
0.5824896 0.46897942 0.32297254
0.6177838 0.5056231 0.35131764
0.6232817 0.5028226 0.35131764
0.60917187 0.4831133 0.31781185
0.6185915 0.48558387 0.31478432
0.6107483 0.47909024 0.29999214
0.63977575 0.50251824 0.3096236
0.6413521 0.4998448 0.28485492
0.644505 0.48909965 0.2631138
0.64215994 0.48115504 0.24137256
0.6343168 0.4746614 0.22658044
0.6202069 0.4536026 0.20002356
0.6296265 0.45607316 0.19699612
0.63746965 0.4639163 0.20483926
0.6453128 0.47175944 0.2126824
0.65707755 0.48217463 0.23139614
0.6217834 0.44688046 0.196102
0.6296265 0.4547236 0.20394513
0.63120294 0.4480015 0.20002356
0.6115951 0.42839366 0.18041572
0.63120294 0.44935107 0.19307455
0.6390461 0.4571942 0.20091769
0.61551666 0.4336648 0.17738828
0.6053283 0.41652754 0.15475294
0.6170931 0.42829227 0.16651765
0.6265126 0.42941332 0.17043921
0.60690475 0.41115502 0.14388233
0.63201064 0.42796227 0.16349018
0.6241675 0.4214687 0.14869809
0.63201064 0.42931184 0.15654123
0.6398538 0.4385045 0.15743533
0.6241675 0.4228182 0.14174905
0.63201064 0.42931184 0.15654123
0.6382773 0.4438771 0.16830593
0.63277936 0.44532806 0.17525488
0.6468892 0.46503735 0.20876083
0.6531559 0.4769035 0.23442361
0.63589317 0.46524024 0.23655692
0.64215994 0.47845596 0.25527066
0.64058346 0.482479 0.2730902
0.639007 0.486502 0.2909099
0.61390114 0.46969467 0.27130198
0.63743055 0.49322408 0.29483145
0.6452737 0.5010672 0.3026746
0.66330516 0.52739716 0.326204
0.66722673 0.5313187 0.33012557
0.6711483 0.5338908 0.34099615
0.65154046 0.51428294 0.3213883
0.6570384 0.5114824 0.3213883
0.6593836 0.5221261 0.32923144
0.6578072 0.5247995 0.354
0.79575264 0.746133 0.64130986
0.91259193 0.8824698 0.8024393
0.89848214 0.8600614 0.78283143
0.8569214 0.81290114 0.7218745
0.85615265 0.7982344 0.6962118
0.85538393 0.7835677 0.67054904
0.8075564 0.7218423 0.59782743
0.74796414 0.64700246 0.52029026
0.71739936 0.59559065 0.4523843
0.7009444 0.5665872 0.40408635
0.67349344 0.5404858 0.36968628
0.6695719 0.53656423 0.3657647
0.677415 0.54440737 0.37360784
0.67349344 0.5404858 0.36968628
0.6538856 0.52087796 0.35007843
0.64604247 0.5130348 0.3422353
0.6421209 0.50911325 0.33831373
0.64996403 0.51830596 0.33920783
0.6538856 0.52222747 0.3431294
0.66172874 0.5300706 0.35097253
0.6578072 0.5261491 0.34705096
0.6523091 0.5289497 0.34705096
0.64288956 0.52647907 0.35007843
0.638968 0.5225575 0.34615687
0.20909384 0.1376801 0.11864311
0.20751736 0.14440224 0.12256468
0.21693698 0.14687277 0.119537294
0.2130154 0.1429512 0.115615726
0.22085854 0.15079434 0.12345886
0.22085854 0.15079434 0.12345886
0.22085854 0.15079434 0.12345886
0.21928206 0.15616694 0.13432938
0.21928206 0.15616694 0.13432938
0.22320363 0.16143805 0.131302
0.23104677 0.17063072 0.13219611
0.23496833 0.17455229 0.13611768
0.2522311 0.18486598 0.14093336
0.2522311 0.18486598 0.14093336
0.2522311 0.18486598 0.14093336
0.2522311 0.18486598 0.14093336
0.24830952 0.18094441 0.1370118
0.23496833 0.17455229 0.13611768
0.22162722 0.16950968 0.12827455
0.20986252 0.15639544 0.12345886
0.19417624 0.14070916 0.10777259
0.18241154 0.12759492 0.10295684
0.21616822 0.13085656 0.10082357
0.24834849 0.14084034 0.10261174
0.24050535 0.13164763 0.10171768
0.2012507 0.12848741 0.117749
0.107862696 0.08644151 0.09759213
0.09294511 0.086771466 0.10061964
0.096866675 0.08934349 0.11149023
0.099211834 0.09998716 0.119333364
0.10155685 0.10793181 0.14107448
0.11724313 0.12091898 0.17065886
0.12350987 0.13143557 0.20327055
0.131353 0.13927871 0.21111369
0.1297766 0.14735036 0.20808625
0.15019223 0.14556935 0.19810984
0.30644238 0.13409662 0.15696469
0.36134434 0.18899858 0.21186665
0.21451373 0.20294191 0.24998435
0.1415413 0.16181414 0.20595297
0.15961178 0.14803995 0.1950824
0.2066706 0.19374922 0.24909022
0.1721451 0.17312185 0.2394588
0.2781056 0.19744635 0.28349018
0.29690567 0.23844303 0.33268234
0.22708616 0.18387099 0.28080788
0.2757605 0.18275398 0.29649416
0.5316653 0.21979517 0.32896468
0.5944495 0.24378562 0.35036075
0.246694 0.20347883 0.30041572
0.16495368 0.28811184 0.42301965
0.33269525 0.5502391 0.73172545
0.3734874 0.58408225 0.76007056
0.66226315 0.73677844 0.83320004
0.71012974 0.763798 0.84372544
0.7383884 0.76986015 0.8415922
0.68663937 0.70421314 0.764949
0.6521139 0.6849352 0.7483686
0.841118 0.8891867 0.9553177
0.6489611 0.6970298 0.7631608
0.6521139 0.6862848 0.7414196
0.6325061 0.66667694 0.7218118
0.6575729 0.7195397 0.7966666
0.7242396 0.78485686 0.87028235
0.7242396 0.78485686 0.87028235
0.6034396 0.6779549 0.7743765
0.6701063 0.7446216 0.8410432
0.7548435 0.8029122 0.8690432
0.7776041 0.81177497 0.8669098
0.7791806 0.8050529 0.86298823
0.7674159 0.7932882 0.8512235
0.7328904 0.77401024 0.8346431
0.63950247 0.7306148 0.82143533
0.80582386 0.85389256 0.92002356
0.7454629 0.7670853 0.8029255
0.72350985 0.7395329 0.7615765
0.78633314 0.74906063 0.61654115
0.78329736 0.6840284 0.30576476
0.7676111 0.6683421 0.2900785
0.71343875 0.64391917 0.42032164
0.83881176 0.8451867 0.8783294
0.82154906 0.834873 0.87351376
0.82704705 0.8347715 0.8596157
0.76280373 0.7120357 0.662502
0.62247396 0.52286184 0.38785106
0.606019 0.49250883 0.34650195
0.63112485 0.5106657 0.35916078
0.60759544 0.4871363 0.33563137
0.58564246 0.4582343 0.3012314
0.6146699 0.48031273 0.31781185
0.6146699 0.48436138 0.29696476
0.61390114 0.46969467 0.27130198
0.61390114 0.47104424 0.26435292
0.6209756 0.46422067 0.24653338
0.6343168 0.47196233 0.24047849
0.63981473 0.4718609 0.22658044
0.63589317 0.4692889 0.21570984
0.62412846 0.45752418 0.20394513
0.6319716 0.46536732 0.21178827
0.6296265 0.4547236 0.20394513
0.63589317 0.46793932 0.22265887
0.6343168 0.4733119 0.23352939
0.64765793 0.47970408 0.23442361
0.6437363 0.47578245 0.23050201
0.6319716 0.46401775 0.2187373
0.63589317 0.46793932 0.22265887
0.6296265 0.4547236 0.20394513
0.6100187 0.43646532 0.17738828
0.6413912 0.46783787 0.20876083
0.65473235 0.47288048 0.21660396
0.63277936 0.44397855 0.18220392
0.60690475 0.41115502 0.14388233
0.622591 0.42549175 0.16651765
0.6280891 0.4240407 0.15956861
0.6124028 0.409704 0.13693339
0.6241675 0.4214687 0.14869809
0.62182236 0.41082504 0.14085495
0.6124028 0.409704 0.13693339
0.62024593 0.41754714 0.14477652
0.622591 0.42684126 0.15956861
0.63670087 0.44655055 0.19307455
0.6296265 0.45202452 0.21784312
0.6382383 0.4758839 0.24440005
0.66411287 0.50735795 0.28967065
0.6586148 0.5074594 0.30356863
0.6452737 0.5010672 0.3026746
0.6570384 0.5128319 0.3144393
0.67272466 0.5285182 0.33012557
0.6688031 0.52459663 0.326204
0.6240895 0.4881815 0.28698832
0.6413521 0.49714565 0.29875302
0.6593836 0.5221261 0.32923144
0.655462 0.5182045 0.32530987
0.65154046 0.51428294 0.3213883
0.66330516 0.52604765 0.333153
0.6578072 0.5247995 0.354
0.80986255 0.7658423 0.67481565
0.92435664 0.89288497 0.8211529
0.9204351 0.8889634 0.81723136
0.9008272 0.87070507 0.79067457
0.890639 0.85356784 0.7680392
0.8718389 0.8139207 0.7118981
0.82558775 0.7454731 0.635255
0.7856034 0.6915908 0.57037646
0.7471955 0.6336853 0.4876784
0.6797601 0.5537015 0.38840008
0.6695719 0.53656423 0.3657647
0.6656503 0.53264266 0.36184314
0.6813366 0.54832894 0.3775294
0.68525815 0.5522505 0.38145098
0.67349344 0.5404858 0.36968628
0.6695719 0.53656423 0.3657647
0.6656503 0.53264266 0.36184314
0.64996403 0.51830596 0.33920783
0.64604247 0.5143843 0.33528626
0.6146699 0.48436138 0.29696476
0.6264346 0.4961261 0.30872947
0.63427776 0.5026197 0.32352155
0.6538856 0.52222747 0.3431294
0.6538856 0.52222747 0.3431294
0.20517227 0.13375853 0.114721544
0.20909384 0.1376801 0.11864311
0.21459182 0.13487957 0.11864311
0.21693698 0.14687277 0.119537294
0.21693698 0.14687277 0.119537294
0.22085854 0.15079434 0.12345886
0.22478011 0.15471591 0.12738043
0.23262325 0.16390859 0.12827455
0.24438795 0.17702284 0.13309023
0.2538075 0.17949346 0.13006273
0.2655722 0.1926077 0.1348784
0.27499175 0.19372874 0.13879997
0.2655722 0.19125816 0.14182743
0.26165062 0.1873366 0.13790587
0.25615266 0.19013712 0.13790587
0.25615266 0.18878755 0.14485493
0.24281147 0.18374498 0.1370118
0.23104677 0.17198028 0.12524709
0.21770565 0.16423857 0.131302
0.19259977 0.14608176 0.11864311
0.17533702 0.13576806 0.11382743
0.17848997 0.12367335 0.09903527
0.21224666 0.12693499 0.096902
0.24050535 0.13164763 0.10171768
0.24050535 0.13164763 0.10171768
0.20282711 0.121765316 0.11382743
0.111784264 0.09036308 0.1015137
0.09294511 0.086771466 0.10061964
0.0913687 0.093493566 0.104541205
0.095290266 0.09606559 0.115411796
0.10155685 0.10928135 0.13412546
0.10939999 0.115774944 0.14891762
0.11566673 0.12899062 0.16763142
0.12743144 0.14210488 0.17244703
0.13527457 0.15129757 0.17334116
0.15803537 0.15881069 0.1781569
0.19809781 0.13383435 0.1672863
0.35192478 0.18787754 0.20794508
0.25926644 0.20465113 0.22700389
0.14784707 0.13897435 0.16941959
0.5039411 0.4784713 0.5145176
0.5658785 0.56125563 0.6137961
0.27568242 0.26836047 0.337498
0.2812194 0.22545584 0.30309802
0.2263174 0.16920432 0.25514507
0.3149762 0.22331923 0.32876077
0.27022344 0.22700825 0.32394513
0.18783137 0.18610902 0.26904318
0.5716887 0.23762204 0.33859605
0.59287304 0.25050774 0.35428232
0.18467855 0.19685411 0.2907843
0.2809852 0.44718695 0.6067844
0.30916584 0.52805924 0.70124704
0.37821668 0.566615 0.73440784
0.67952585 0.74844176 0.83106667
0.7250473 0.763468 0.84069806
0.5156667 0.52494204 0.58847845
0.6678002 0.70197105 0.7571059
0.6795649 0.71373576 0.7688706
0.630161 0.6560333 0.71396863
0.6317374 0.65201026 0.69614905
0.6019412 0.6139156 0.66085494
0.6175886 0.6629582 0.7456863
0.7415023 0.79517055 0.875098
0.72816116 0.7887784 0.8742039
0.35245925 0.42697448 0.52339613
0.4975573 0.5747717 0.6545961
0.32816115 0.3914775 0.46030593
0.7956355 0.83675534 0.8973882
0.7776041 0.81177497 0.8669098
0.775259 0.8011313 0.85906667
0.7556512 0.78152347 0.8394588
0.7054004 0.7826148 0.8624392
0.665377 0.76343834 0.8597568
0.7634943 0.79341525 0.82645494
0.72431767 0.7248918 0.6972471
0.84915626 0.7585884 0.47150594
0.7676111 0.6696917 0.28312948
0.77153265 0.67361325 0.28705105
0.7518857 0.67116725 0.41997653
0.8348902 0.84126514 0.8744078
0.8231255 0.82950044 0.8626431
0.8286236 0.82804936 0.8556941
0.8145527 0.77498376 0.7530431
0.6381602 0.5385481 0.40353733
0.6413132 0.52780294 0.38179606
0.63739157 0.5238814 0.3778745
0.61936015 0.498901 0.34739608
0.617015 0.49095643 0.32565498
0.6303562 0.49734858 0.32654902
0.6201679 0.48156086 0.29696476
0.5927169 0.4554594 0.26256475
0.62566584 0.48280895 0.27611765
0.6209756 0.46422067 0.24653338
0.6303952 0.4666912 0.24350592
0.62412846 0.4548251 0.21784312
0.6319716 0.46401775 0.2187373
0.6437363 0.47578245 0.23050201
0.63981473 0.4718609 0.22658044
0.63981473 0.4718609 0.22658044
0.6460815 0.4850766 0.24529412
0.6343168 0.47196233 0.24047849
0.62647367 0.4641192 0.23263535
0.6460815 0.4850766 0.24529412
0.6382383 0.47723347 0.23745096
0.6696109 0.508606 0.26882353
0.6437363 0.47443295 0.23745096
0.65550107 0.48754722 0.24226674
0.6437363 0.47578245 0.23050201
0.60217553 0.42727262 0.17649415
0.6351245 0.45327264 0.19699612
0.64846563 0.45966482 0.19789019
0.63670087 0.44790012 0.18612549
0.6147479 0.41899812 0.15172547
0.62024593 0.41619757 0.15172547
0.6124028 0.409704 0.13693339
0.6124028 0.409704 0.13693339
0.61632437 0.41362557 0.14085495
0.622591 0.42684126 0.15956861
0.6170931 0.42829227 0.16651765
0.63670087 0.44520098 0.20002356
0.6335481 0.4559461 0.22176468
0.62647367 0.4641192 0.23263535
0.644505 0.48775008 0.2700628
0.6468501 0.4956947 0.29180393
0.6648815 0.52067506 0.32228243
0.68448937 0.5402829 0.34189028
0.66095996 0.5167535 0.31836087
0.6413521 0.49714565 0.29875302
0.6452737 0.5010672 0.3026746
0.6531168 0.50891036 0.31051773
0.67272466 0.5271687 0.33707458
0.64919525 0.5036393 0.31354517
0.6413521 0.49579614 0.30570203
0.6570384 0.5114824 0.3213883
0.6578072 0.5261491 0.34705096
0.8294704 0.7841006 0.7013726
0.9400429 0.9072217 0.8437882
0.9282782 0.89680654 0.8250745
0.9165135 0.88504183 0.8133098
0.9008272 0.87070507 0.79067457
0.8922155 0.84954476 0.7502196
0.8655722 0.80070496 0.6931844
0.82558775 0.74682266 0.62830585
0.7652269 0.6586657 0.5181569
0.6797601 0.55235195 0.3953491
0.66172874 0.5273715 0.36487067
0.6656503 0.53264266 0.36184314
0.6813366 0.54832894 0.3775294
0.6656503 0.53264266 0.36184314
0.66172874 0.5287211 0.35792157
0.6695719 0.53656423 0.3657647
0.67349344 0.5404858 0.36968628
0.66172874 0.5300706 0.35097253
0.6578072 0.5274986 0.34010202
0.65154046 0.5129334 0.3283373
0.63427776 0.5039692 0.3165726
0.63427776 0.5039692 0.3165726
0.63427776 0.5039692 0.3165726
0.6107483 0.48043975 0.2930432
0.21067025 0.130958 0.114721544
0.20517227 0.13375853 0.114721544
0.21851338 0.14015068 0.115615726
0.22243495 0.14407225 0.119537294
0.22478011 0.15471591 0.12738043
0.22870168 0.15863748 0.131302
0.23262325 0.16255905 0.13522357
0.23654482 0.16783015 0.13219611
0.27891332 0.19765031 0.14272153
0.29225442 0.20539202 0.1366667
0.29225442 0.20539202 0.1366667
0.30009755 0.21323515 0.14450984
0.27891332 0.19765031 0.14272153
0.2655722 0.1926077 0.1348784
0.25615266 0.19013712 0.13790587
0.24281147 0.18374498 0.1370118
0.22947036 0.17870237 0.12916866
0.21220762 0.16838868 0.12435298
0.19494486 0.15672545 0.12648624
0.18318015 0.1436112 0.12167057
0.16749388 0.12792492 0.10598429
0.16907036 0.1212028 0.102062725
0.20282711 0.12446441 0.09992945
0.24050535 0.13164763 0.10171768
0.24442692 0.1355692 0.10563925
0.20282711 0.12311487 0.10687841
0.111784264 0.09036308 0.1015137
0.09294511 0.086771466 0.10061964
0.0913687 0.093493566 0.104541205
0.099211834 0.09998716 0.119333364
0.10155685 0.11063089 0.1271765
0.10939999 0.11712449 0.1419686
0.11566673 0.13168973 0.15373331
0.12743144 0.14345443 0.16549802
0.1297766 0.1540981 0.17334116
0.14861569 0.15768972 0.17423533
0.18552531 0.14210892 0.19205487
0.31420743 0.21135166 0.28920004
0.2891016 0.20534071 0.21400003
0.20436448 0.14974917 0.17210193
0.54630965 0.50694185 0.5319922
0.501596 0.46782765 0.50667447
0.7094 0.71037674 0.7767137
0.19805877 0.16719076 0.23643135
0.28202716 0.20406699 0.27351376
0.24746269 0.22354373 0.29828233
0.18860012 0.20347477 0.28080788
0.18075699 0.19563164 0.27296475
0.18940791 0.18073641 0.2581725
0.57953185 0.24546517 0.34643918
0.5025989 0.2391704 0.33983535
0.15561213 0.21353027 0.31555298
0.333503 0.5301998 0.6951921
0.33427173 0.54486656 0.7208549
0.5547654 0.6723241 0.79343534
0.71012974 0.763798 0.84372544
0.5015179 0.54128814 0.61021966
0.6403492 0.6731705 0.7366039
0.9517296 0.97895145 1.0
0.61289823 0.6470691 0.7022039
0.5925217 0.6127946 0.65693337
0.5721451 0.5758209 0.6255608
0.53446686 0.5659386 0.63767064
0.74465513 0.7817263 0.86725485
0.1712984 0.23191565 0.31734115
0.7406945 0.81790894 0.89773333
0.7501141 0.8230786 0.8808079
0.7987494 0.86206573 0.93089414
0.80974543 0.8591637 0.91699606
0.8011335 0.8353044 0.8904392
0.78310215 0.80897444 0.8669098
0.7674159 0.79463774 0.8442745
0.7383884 0.7725593 0.8276941
0.7045927 0.802654 0.8989725
0.65445906 0.70367616 0.71451765
0.77307004 0.69349986 0.3870196
0.75976795 0.65914947 0.28918433
0.78879535 0.683927 0.2918667
0.77153265 0.67361325 0.28705105
0.75738376 0.67511445 0.38523144
0.8309686 0.8373436 0.87048626
0.82704705 0.833422 0.8665647
0.8231255 0.83084995 0.8556941
0.83885086 0.8118303 0.8091843
0.6318936 0.5239829 0.39177263
0.6452347 0.5317245 0.38571763
0.64915633 0.5356461 0.3896392
0.64915633 0.53699565 0.3826902
0.6350464 0.51728636 0.3491844
0.617015 0.492306 0.3187059
0.6146699 0.48436138 0.29696476
0.6162463 0.4789888 0.28609416
0.6452737 0.5010672 0.3026746
0.60528934 0.44718483 0.23779607
0.60294425 0.4378907 0.22300397
0.6147089 0.45100492 0.22781965
0.62805 0.45874667 0.22176468
0.63589317 0.4665898 0.22960782
0.6382383 0.4758839 0.24440005
0.6617678 0.49941337 0.2679295
0.65392464 0.49157023 0.26008636
0.65234816 0.4969428 0.27095693
0.6758776 0.5204722 0.29448634
0.6484266 0.4943708 0.26008636
0.6343168 0.47196233 0.24047849
0.6578462 0.4954918 0.26400793
0.6617678 0.49941337 0.2679295
0.66568935 0.50468445 0.26490197
0.64215994 0.48115504 0.24137256
0.62805 0.46009618 0.21481574
0.6453128 0.47040987 0.2196314
0.60375196 0.4219001 0.16562358
0.6053283 0.41652754 0.15475294
0.64219886 0.4450996 0.18612549
0.6359322 0.43188384 0.16741174
0.61632437 0.41362557 0.14085495
0.6061361 0.39513877 0.12516868
0.62024593 0.41619757 0.15172547
0.61866945 0.4229197 0.15564704
0.6406225 0.45182168 0.19004706
0.63120294 0.4480015 0.20002356
0.6217834 0.44418138 0.20999998
0.6343168 0.47196233 0.24047849
0.66411287 0.50735795 0.28967065
0.64292854 0.49177313 0.28788236
0.6413521 0.49714565 0.29875302
0.64919525 0.5049888 0.30659616
0.6531168 0.50891036 0.31051773
0.66095996 0.5167535 0.31836087
0.6688031 0.52459663 0.326204
0.6688031 0.52459663 0.326204
0.633509 0.48930252 0.2909099
0.6295874 0.48538095 0.28698832
0.64919525 0.5049888 0.30659616
0.6413521 0.49579614 0.30570203
0.62801105 0.48805442 0.31175685
0.82162726 0.777607 0.68658036
0.94788605 0.9150648 0.85163134
0.94788605 0.9150648 0.85163134
0.9321998 0.9007281 0.82899606
0.9204351 0.8903129 0.8102824
0.9024037 0.8666821 0.77285486
0.8875252 0.82960695 0.72758436
0.8420428 0.77717555 0.66965497
0.8075564 0.7231918 0.5908785
0.73935235 0.62584215 0.47983527
0.6797601 0.5537015 0.38840008
0.677415 0.5430578 0.38055694
0.6538856 0.52087796 0.35007843
0.64604247 0.5130348 0.3422353
0.66172874 0.5287211 0.35792157
0.6578072 0.5247995 0.354
0.6421209 0.5104628 0.3313647
0.63977575 0.4998192 0.32352155
0.655462 0.51685494 0.33225888
0.6476189 0.5090118 0.32441574
0.65154046 0.5129334 0.3283373
0.6421209 0.5118123 0.32441574
0.6381993 0.50789076 0.32049417
0.63427776 0.5039692 0.3165726
0.21067025 0.13230754 0.10777259
0.21459182 0.13622911 0.11169416
0.22243495 0.14407225 0.119537294
0.22635652 0.14934336 0.11650984
0.23812123 0.16110806 0.12827455
0.2420428 0.16637918 0.12524709
0.24596436 0.17030075 0.12916866
0.2553839 0.17277136 0.12614116
0.29225442 0.20404246 0.14361572
0.296176 0.20931359 0.14058827
0.30167404 0.20651302 0.14058827
0.3055956 0.21043459 0.14450984
0.27891332 0.19765031 0.14272153
0.2522311 0.18621555 0.1339843
0.24281147 0.18374498 0.1370118
0.22947036 0.17735282 0.13611768
0.21063113 0.17376126 0.13522357
0.19336845 0.16344756 0.13040781
0.18160374 0.15033329 0.12559214
0.16983904 0.13856858 0.11382743
0.16591747 0.13329747 0.116854936
0.17299193 0.12512437 0.10598429
0.20282711 0.12446441 0.09992945
0.24050535 0.13164763 0.10171768
0.23658378 0.12637651 0.104745135
0.19732913 0.12456585 0.11382743
0.111784264 0.09036308 0.1015137
0.096866675 0.090693034 0.104541205
0.0913687 0.09214402 0.11149023
0.093713716 0.102787755 0.119333364
0.10155685 0.11063089 0.1271765
0.10390201 0.119925015 0.1419686
0.110168755 0.13449025 0.15373331
0.112513915 0.14513391 0.16157645
0.12427862 0.15689862 0.17334116
0.13212176 0.16474175 0.18118429
0.21689786 0.17078236 0.23732552
0.6223569 0.5945905 0.7412157
0.35499954 0.25329208 0.27585095
0.20594095 0.14437659 0.16123135
0.32985467 0.2738898 0.30454123
0.4772978 0.42963156 0.4574824
0.6403883 0.63576543 0.6883059
0.15726662 0.13604674 0.19418827
0.2482704 0.20350447 0.26174906
0.17449026 0.18511507 0.24035291
0.17133744 0.19586015 0.26209408
0.17918058 0.20235375 0.2768863
0.17291385 0.1877885 0.2651216
0.23573703 0.17167489 0.25211763
0.5520419 0.2581183 0.35338822
0.31259194 0.25547886 0.34141958
0.12339281 0.24095155 0.36206275
0.4009384 0.61288273 0.7805726
0.40958923 0.5993371 0.75883144
0.6779494 0.75516385 0.83498824
0.51720417 0.5569744 0.62590593
0.57368255 0.6078534 0.66298825
0.6380041 0.665226 0.7148627
0.45995703 0.49547747 0.5423137
0.45761195 0.48483375 0.53447056
0.5329294 0.53660524 0.58634514
0.45761195 0.4807851 0.5553177
0.44192567 0.46509883 0.5396314
0.16426298 0.20403326 0.27296475
0.66226315 0.74217665 0.80540395
0.7736435 0.84795755 0.8973882
0.78932977 0.86229426 0.92002356
0.50147885 0.5800428 0.65156865
0.8074002 0.84852004 0.9091529
0.7893688 0.8235397 0.8786745
0.77133745 0.7985593 0.848196
0.7556512 0.78287303 0.83250976
0.74073356 0.78320295 0.83553725
0.6262004 0.69491494 0.730549
0.76914847 0.6909278 0.3761491
0.7793758 0.6814564 0.2948942
0.76526594 0.6603976 0.26833728
0.75350124 0.6486329 0.25657257
0.7605366 0.6670684 0.3495922
0.8309686 0.8386931 0.86353725
0.8231255 0.82950044 0.8626431
0.8231255 0.82950044 0.8626431
0.8396196 0.8251474 0.8417961
0.60836416 0.5004535 0.36824322
0.606019 0.4938584 0.33955294
0.63112485 0.5106657 0.35916078
0.638968 0.51985836 0.36005497
0.64288956 0.5251295 0.35702753
0.6523091 0.5289497 0.34705096
0.6421209 0.5104628 0.3313647
0.62251306 0.49220452 0.3048079
0.6240895 0.4881815 0.28698832
0.6076344 0.45782852 0.2456392
0.6366619 0.47855744 0.26916865
0.62647367 0.46142012 0.24653338
0.5951011 0.43274665 0.2012628
0.6303952 0.46804076 0.23655692
0.62647367 0.46276963 0.23958436
0.6484266 0.49302122 0.26703537
0.6562697 0.4995148 0.2818275
0.6586148 0.508809 0.29661962
0.6507717 0.50096583 0.2887765
0.66803443 0.5126291 0.2866432
0.65234816 0.4969428 0.27095693
0.63274026 0.4773349 0.25134906
0.6248971 0.46949175 0.24350592
0.6562697 0.50221395 0.2679295
0.65392464 0.49291974 0.25313726
0.6515795 0.48362565 0.23834518
0.6413912 0.4664883 0.21570984
0.62570494 0.4521516 0.19307455
0.6406225 0.45182168 0.19004706
0.6108263 0.41507655 0.1478039
0.5967165 0.3926682 0.12819606
0.6280891 0.42539027 0.15261966
0.6476969 0.44499812 0.1722275
0.6006381 0.39658976 0.13211763
0.6108263 0.41507655 0.1478039
0.6406225 0.45182168 0.19004706
0.63120294 0.44665194 0.2069726
0.6100187 0.43241668 0.19823527
0.6319716 0.46131867 0.23263535
0.62881875 0.4720638 0.25437653
0.6350854 0.48527956 0.2730902
0.6688031 0.5259462 0.3192549
0.6531168 0.5102599 0.30356863
0.6413521 0.49714565 0.29875302
0.6531168 0.50891036 0.31051773
0.6531168 0.50891036 0.31051773
0.6452737 0.5010672 0.3026746
0.6648815 0.52067506 0.32228243
0.6805678 0.53636134 0.3379687
0.65469325 0.50218827 0.30659616
0.6350854 0.48258042 0.28698832
0.6319326 0.49197605 0.31567842
0.84515667 0.79978687 0.7170589
0.9518076 0.9189864 0.8555529
0.9557292 0.92290795 0.8594745
0.9439645 0.91114324 0.8477098
0.93612134 0.9046497 0.83291763
0.91809 0.87966925 0.8024393
0.9039802 0.85995996 0.7689333
0.87026244 0.8206428 0.71581966
0.8295093 0.7520938 0.6252784
0.767572 0.66795987 0.5329491
0.6860268 0.5669172 0.4071138
0.67583853 0.54977995 0.3844785
0.6656503 0.53264266 0.36184314
0.66172874 0.5287211 0.35792157
0.66172874 0.5287211 0.35792157
0.64996403 0.5169564 0.34615687
0.6436973 0.50374067 0.32744312
0.6476189 0.5076623 0.3313647
0.65154046 0.5115838 0.33528626
0.6358542 0.49724713 0.31265104
0.6162463 0.47763923 0.2930432
0.6201679 0.48291042 0.29001576
0.6319326 0.49467513 0.30178046
0.6358542 0.4985967 0.30570203
0.20909384 0.13902964 0.11169416
0.21693698 0.14687277 0.119537294
0.23027809 0.15191539 0.12738043
0.23812123 0.16110806 0.12827455
0.2420428 0.16772875 0.11829802
0.2553839 0.17277136 0.12614116
0.25930548 0.17804247 0.1231137
0.26322705 0.18196404 0.12703526
0.27656814 0.18700665 0.1348784
0.2804897 0.19227776 0.13185102
0.30167404 0.20651302 0.14058827
0.29225442 0.20539202 0.1366667
0.26007423 0.19405869 0.14182743
0.2388899 0.17982341 0.13309023
0.22947036 0.17735282 0.13611768
0.21612918 0.17096071 0.13522357
0.19729002 0.16736913 0.13432938
0.18787047 0.16489853 0.13735685
0.18002734 0.1570554 0.12951371
0.1721842 0.14921226 0.12167057
0.16983904 0.13856858 0.11382743
0.17299193 0.12512437 0.10598429
0.2012507 0.1311865 0.10385102
0.23500738 0.13444816 0.10171768
0.2310858 0.12917703 0.104745135
0.19890554 0.11784375 0.10990586
0.11728224 0.087562546 0.1015137
0.09294511 0.086771466 0.10061964
0.095290266 0.09606559 0.115411796
0.093713716 0.102787755 0.119333364
0.09998044 0.11600345 0.13804702
0.1023256 0.12664711 0.14589016
0.10859235 0.1398628 0.16460389
0.11093743 0.1505065 0.17244703
0.11328259 0.16115016 0.18029016
0.1250473 0.17291486 0.19205487
0.15488242 0.1682063 0.2068471
0.3980978 0.31898934 0.44372547
0.36357233 0.3051097 0.399349
0.14161937 0.087004066 0.109356835
0.29613703 0.23457268 0.25142744
0.37141547 0.32644832 0.33770195
0.63335294 0.6092326 0.6369804
0.120396085 0.110173814 0.14891762
0.19490589 0.18333407 0.23037651
0.16822353 0.17189936 0.22163925
0.17449026 0.18511507 0.24035291
0.17133744 0.19586015 0.26209408
0.17368253 0.2051543 0.2768863
0.14776899 0.21108532 0.27991375
0.19478878 0.29689875 0.36832154
0.22070232 0.29096773 0.3652941
0.17210612 0.2091773 0.29470587
0.31243584 0.4118467 0.4998667
0.4222788 0.48694468 0.54747456
0.5721061 0.6145755 0.6669098
0.54231 0.57648087 0.6316157
0.44584724 0.4717195 0.52965486
0.5195883 0.5342618 0.5646039
0.5329294 0.5406539 0.56549805
0.5329294 0.5406539 0.56549805
0.558804 0.57212794 0.6107687
0.39252168 0.41009545 0.47083133
0.3415413 0.35911506 0.41985095
0.2536904 0.2809122 0.330549
0.30540043 0.38531387 0.44854122
0.79325134 0.8675654 0.91699606
0.7971729 0.87148696 0.92091763
0.4606867 0.5448501 0.6301726
0.7611101 0.81612796 0.8877569
0.7932904 0.82746124 0.8825961
0.7791806 0.8050529 0.86298823
0.76507074 0.7853436 0.8294824
0.7509608 0.7642848 0.8029255
0.70232564 0.7279967 0.7389412
0.6483095 0.611984 0.3771844
0.789564 0.6985937 0.31752947
0.80056006 0.6970412 0.2966824
0.7731091 0.6682407 0.27618042
0.7519248 0.6472577 0.3021883
0.83254516 0.83197093 0.8596157
0.8231255 0.82950044 0.8626431
0.8231255 0.83084995 0.8556941
0.8396196 0.8251474 0.8417961
0.6162073 0.50694704 0.38303536
0.61936015 0.498901 0.34739608
0.6272033 0.50809366 0.34829026
0.60917187 0.48176372 0.32476085
0.617015 0.492306 0.3187059
0.6381993 0.5065412 0.32744312
0.6421209 0.5118123 0.32441574
0.6476189 0.5103614 0.31746674
0.655462 0.519554 0.31836087
0.63116384 0.481358 0.26916865
0.64058346 0.482479 0.2730902
0.62647367 0.46142012 0.24653338
0.62647367 0.46142012 0.24653338
0.64215994 0.47845596 0.25527066
0.60686576 0.44181228 0.22692554
0.62881875 0.4720638 0.25437653
0.64292854 0.4931227 0.28093335
0.6507717 0.50096583 0.2887765
0.66645795 0.51530254 0.31141177
0.66645795 0.5166521 0.30446276
0.65469325 0.5062369 0.28574908
0.6586148 0.5101585 0.28967065
0.6625364 0.51408005 0.2935922
0.66411287 0.5087075 0.28272164
0.62881875 0.4747629 0.24047849
0.64765793 0.4783545 0.24137256
0.6515795 0.48362565 0.23834518
0.63589317 0.47063845 0.20876083
0.6468892 0.4663869 0.20181176
0.6170931 0.42964178 0.15956861
0.622591 0.42819083 0.15261966
0.6280891 0.42539027 0.15261966
0.6006381 0.3979393 0.12516868
0.62024593 0.41619757 0.15172547
0.63043416 0.4346844 0.16741174
0.61317146 0.42302114 0.16954514
0.6115951 0.4270441 0.18736476
0.64923435 0.47163236 0.23745096
0.6319716 0.46131867 0.23263535
0.6248971 0.46814224 0.25045496
0.6484266 0.49032214 0.28093335
0.6507717 0.49961627 0.2957255
0.64292854 0.49177313 0.28788236
0.6586148 0.5074594 0.30356863
0.6703795 0.5192241 0.31533334
0.6468501 0.4956947 0.29180393
0.639007 0.48785156 0.2839608
0.6507717 0.49961627 0.2957255
0.65469325 0.50353783 0.29964706
0.65469325 0.50218827 0.30659616
0.66645795 0.513953 0.31836087
0.6695719 0.53791374 0.35881567
0.84750175 0.809081 0.73185104
0.9463096 0.92043734 0.862502
0.95807433 0.93220204 0.8742667
0.9635723 0.9307511 0.8673176
0.9439645 0.9124928 0.84076077
0.9165135 0.88639134 0.80636084
0.9024037 0.86533254 0.779804
0.88202715 0.83105797 0.7345333
0.85146236 0.7809957 0.6596784
0.789525 0.69821143 0.56040007
0.7252425 0.60613286 0.44632947
0.6797601 0.5537015 0.38840008
0.6640738 0.53801525 0.3727138
0.6695719 0.53656423 0.3657647
0.6695719 0.53656423 0.3657647
0.6578072 0.5247995 0.354
0.64604247 0.5143843 0.33528626
0.63977575 0.4998192 0.32352155
0.62801105 0.489404 0.3048079
0.6240895 0.48548242 0.30088633
0.62566584 0.48010987 0.29001576
0.6295874 0.48403144 0.29393733
0.6201679 0.48291042 0.29001576
0.60840315 0.47114566 0.27825102
0.21693698 0.14687277 0.119537294
0.23027809 0.15326492 0.12043141
0.23812123 0.16245762 0.12132552
0.24596436 0.17165032 0.122219585
0.25930548 0.17669293 0.13006273
0.25930548 0.17669293 0.13006273
0.25930548 0.17804247 0.1231137
0.26322705 0.18196404 0.12703526
0.2538075 0.180843 0.1231137
0.2538075 0.17949346 0.13006273
0.26322705 0.18196404 0.12703526
0.27891332 0.19899985 0.13577259
0.2522311 0.18621555 0.1339843
0.22947036 0.17870237 0.12916866
0.22397232 0.18015338 0.13611768
0.21063113 0.17241172 0.14217252
0.19571361 0.17409122 0.13825095
0.19179204 0.17016965 0.13432938
0.18787047 0.16489853 0.13735685
0.1839489 0.16097696 0.13343528
0.18160374 0.15033329 0.12559214
0.18475664 0.13823862 0.110799976
0.20517227 0.13510807 0.10777259
0.23500738 0.1330986 0.1086667
0.22716424 0.12660502 0.093874544
0.19890554 0.1191933 0.10295684
0.11570583 0.094284646 0.10543527
0.10078824 0.0946146 0.10846277
0.1031334 0.103908725 0.12325493
0.093713716 0.102787755 0.119333364
0.09998044 0.11600345 0.13804702
0.1023256 0.12664711 0.14589016
0.112513915 0.14378437 0.16852546
0.10936102 0.15722859 0.1763686
0.11170618 0.16787225 0.18421173
0.110129714 0.17324483 0.1950824
0.12347089 0.17693785 0.20987454
0.35419187 0.26523402 0.3540784
0.52823925 0.50722057 0.61235297
0.14396447 0.0962982 0.12414905
0.41770566 0.3561413 0.37299606
0.3259331 0.27266735 0.28672156
0.5604195 0.53204936 0.53770196
0.13531367 0.11389249 0.12504311
0.22708616 0.20006557 0.19741958
0.18156478 0.17829145 0.22253338
0.17056869 0.18254302 0.22948238
0.15957274 0.18544501 0.24338037
0.13911806 0.22733012 0.2877569
0.19555748 0.31426454 0.38008624
0.21443567 0.27910155 0.3396314
0.42885777 0.18742457 0.24929416
0.4162463 0.23580326 0.3084628
0.14150226 0.19517055 0.27509803
0.14623155 0.18175198 0.22858821
0.30859235 0.33581415 0.38545096
0.33446684 0.3672882 0.43072155
0.42231783 0.4481901 0.50612545
0.5431177 0.55779123 0.58813334
0.54550195 0.53507847 0.5268314
0.66630185 0.6433299 0.6157882
0.6011726 0.6005984 0.62824315
0.331353 0.34332734 0.39026672
0.31097654 0.30905277 0.34499606
0.2827568 0.2655856 0.29883134
0.37679636 0.43451333 0.48954508
0.7524592 0.8350718 0.88170195
0.78932977 0.8636438 0.9130745
0.7822553 0.8691178 0.9378431
0.73677295 0.8126378 0.9007608
0.76895326 0.8239711 0.8956
0.7932904 0.8288108 0.87564707
0.7791806 0.80640244 0.85603917
0.76114917 0.781422 0.8255608
0.7211647 0.73158824 0.7398353
0.5933685 0.5796421 0.44701967
0.6122467 0.56472236 0.30232948
0.7911405 0.6932211 0.3066589
0.78879535 0.683927 0.2918667
0.7519248 0.6472577 0.3021883
0.824702 0.82547736 0.8448236
0.8231255 0.83084995 0.8556941
0.8286236 0.82804936 0.8556941
0.8341216 0.8279479 0.8417961
0.6162073 0.50694704 0.38303536
0.6232817 0.5028226 0.35131764
0.6232817 0.5041721 0.3443687
0.60525024 0.47919172 0.31389022
0.6303562 0.49734858 0.32654902
0.62251306 0.49085495 0.31175685
0.6162463 0.47763923 0.2930432
0.62801105 0.49075356 0.2978589
0.6452737 0.5010672 0.3026746
0.6468501 0.4956947 0.29180393
0.6625364 0.51273054 0.3005412
0.64058346 0.4838285 0.26614124
0.63274026 0.47598538 0.2582981
0.6382383 0.47318482 0.2582981
0.617054 0.45894954 0.24956077
0.64292854 0.4931227 0.28093335
0.61547756 0.46432215 0.26043135
0.63116384 0.48000842 0.27611765
0.64292854 0.49177313 0.28788236
0.6586148 0.5074594 0.30356863
0.66645795 0.5166521 0.30446276
0.67822266 0.52706724 0.32317647
0.6688031 0.52729577 0.3123059
0.6625364 0.51408005 0.2935922
0.671956 0.51655066 0.29056478
0.6617678 0.49941337 0.2679295
0.63981473 0.4718609 0.22658044
0.63589317 0.4692889 0.21570984
0.6531559 0.48095214 0.2135765
0.65238714 0.4649359 0.19486272
0.6406225 0.45452076 0.17614907
0.6265126 0.4321124 0.15654123
0.6147479 0.4203477 0.14477652
0.622591 0.42684126 0.15956861
0.622591 0.42549175 0.16651765
0.61317146 0.42302114 0.16954514
0.64296764 0.45841664 0.2187373
0.6217834 0.44418138 0.20999998
0.6162853 0.4456324 0.21694908
0.65392464 0.4888711 0.27398437
0.65234816 0.4942437 0.28485492
0.639007 0.48785156 0.2839608
0.6468501 0.4956947 0.29180393
0.6507717 0.49961627 0.2957255
0.6468501 0.4956947 0.29180393
0.6350854 0.48393 0.28003922
0.6586148 0.50610983 0.31051773
0.66645795 0.513953 0.31836087
0.65469325 0.50218827 0.30659616
0.639007 0.486502 0.2909099
0.66645795 0.513953 0.31836087
0.655462 0.51550543 0.33920783
0.84984684 0.8197247 0.7396942
0.991792 0.97421825 0.91348237
0.98787045 0.9702967 0.9095608
0.9682626 0.9493393 0.89690197
0.9463096 0.92043734 0.862502
0.93612134 0.9046497 0.83291763
0.9321998 0.9020776 0.8220471
0.9039802 0.85995996 0.7689333
0.8694938 0.8046265 0.69710594
0.8153995 0.7296854 0.6056706
0.76130533 0.65474415 0.5142354
0.7017131 0.58260345 0.42280006
0.6695719 0.53656423 0.3657647
0.6578072 0.5247995 0.354
0.6578072 0.5247995 0.354
0.6656503 0.53264266 0.36184314
0.6421209 0.50911325 0.33831373
0.6436973 0.50374067 0.32744312
0.6436973 0.50509024 0.32049417
0.64919525 0.5022897 0.32049417
0.63743055 0.490525 0.30872947
0.6217443 0.47618824 0.28609416
0.61390114 0.4683451 0.27825102
0.6162463 0.4789888 0.28609416
