depth-size
160 90
timestamp
1317860876313296
intrinsics
130.86836 130.80324 80.38718 45.643036
camera-pose
0.053373277
-0.82688427
0.5598335
0.0
0.9862627
-0.044113874
-0.15918499
0.0
0.15632398
0.56063914
0.8131707
0.0
0.08719322
0.015254056
-0.00526548
1.0
depth
0
0
0
0
0
0
0
0
1286
1246
1235
1232
1275
1336
1374
1408
1426
1430
1433
1426
1418
1410
1408
1405
1402
1413
1422
1426
1427
1421
1425
1433
1436
1407
1403
1419
1435
1458
1468
1490
1480
1472
1468
1483
1489
1486
1462
1443
1433
1512
1548
1561
1563
1565
1575
1579
1567
1586
1613
1634
1648
1093
1105
1703
1725
1784
1871
1858
1830
1817
1780
1758
1744
1732
1722
1716
1715
1708
1707
1738
1768
1811
1878
1900
1695
1643
1824
1790
1722
1704
1671
1680
1490
1450
1465
1500
1564
1534
1512
1210
1203
1290
1527
1475
1480
1451
1444
1432
1436
1427
1415
1412
1383
1358
1346
1353
1352
1330
1290
1261
1248
1235
1269
1263
1265
1255
1236
1226
1214
1198
1196
1190
1192
1174
1175
1166
1150
1137
1115
1089
1098
1074
1064
1080
1083
1062
1030
1021
1018
1031
1039
1055
1064
1050
1018
983
611
801
972
794
0
0
0
0
0
0
0
0
0
1242
1242
1250
1295
1353
1385
1409
1422
1421
1427
1428
1422
1414
1407
1408
1410
1412
1417
1423
1432
1433
1427
1431
1427
1422
1384
1409
1420
1435
1448
1467
1417
1468
1471
1461
1457
1448
1451
1424
1469
1530
1566
1568
1568
1570
1578
1582
1579
1599
1620
1634
1646
1087
1099
1694
1710
1765
1864
1849
1828
1804
1797
1764
1750
1741
1730
1723
1733
1732
1729
1741
1774
1822
1864
1889
1871
1648
1238
1776
1763
1710
1686
1661
1709
1407
1515
1524
1560
1347
1479
1208
1201
1335
1480
1490
1462
1459
1449
1442
1443
1442
1418
1410
1394
1365
1356
1357
1349
1329
1307
1261
1252
1239
1268
1254
1261
1248
1231
1218
1200
1183
1176
1171
1182
1170
1171
1162
1143
1134
1113
1091
1102
1084
1078
1093
1090
1079
1049
1026
1028
1040
1046
1060
1065
1055
1032
996
617
870
882
797
0
0
1138
1145
1160
1188
1202
1209
1303
1283
1276
1284
1321
1363
1388
1401
1407
1407
1419
1424
1421
1413
1403
1404
1412
1416
1415
1418
1433
1439
1432
1417
1408
1404
1396
1415
1437
1451
1421
1414
1415
1435
1454
1456
1452
1430
1425
1457
1002
1522
1557
1565
1561
1567
1577
1576
1600
1624
1634
1637
1636
1631
1661
1671
1679
1709
1130
1804
1796
1805
1809
1774
1759
1748
1749
1737
1740
1739
1726
1737
1749
1784
1852
1885
1861
1688
1235
1777
1797
1717
1676
1687
1678
1689
1642
1578
1564
1529
1459
1414
1360
1444
1524
1504
1460
1452
1449
1449
1453
1449
1428
1421
1403
1388
1366
1362
1344
1329
1306
1263
1248
1249
1270
1249
1260
1250
1234
1208
1182
1164
1164
1160
1171
1167
1168
1164
1145
1136
1116
1097
1107
1089
1086
1096
1096
1091
1067
1055
1053
1056
1064
1075
1077
1059
1043
645
956
923
802
801
0
0
1138
1145
1160
1187
1226
1281
1312
1311
1308
1313
1337
1365
1383
1392
1397
1405
1417
1423
1420
1413
1404
1410
1417
1420
1415
1417
1428
1435
1435
1428
1419
1404
1398
1431
1451
1485
1468
1451
1434
1420
1458
1465
1495
1502
1526
1532
1500
1503
1525
1547
1554
1567
1577
1580
1593
1622
1636
1630
1623
1612
1632
1650
1658
1683
1703
1751
1763
1769
1791
1773
1763
1757
1758
1762
1763
1753
1731
1761
1767
1787
1811
1849
1854
1487
1204
1793
1792
1193
1648
1657
1641
1653
1667
1620
1575
1529
1475
1437
1400
1187
1578
1537
1479
1480
1471
1468
1464
1464
1439
1418
1407
1393
1383
1363
1345
1325
1301
1277
1235
1240
1270
1253
1259
1254
1232
1220
1187
1159
1155
1156
1165
1161
1166
1166
1148
1141
1118
1105
1109
1091
1091
1100
1110
1108
1092
1081
1069
1075
1085
1090
1087
1066
1055
708
630
675
658
822
0
0
1138
1146
1165
1201
1256
1297
1320
1329
1329
1328
1335
1356
1377
1385
1397
1409
1416
1420
1419
1413
1406
1406
1412
1420
1421
1419
1423
1432
1439
1442
1442
1401
1395
1463
1470
1485
1471
1483
1491
1470
1526
1519
1580
1580
1593
1582
1543
986
1553
992
1517
1585
1587
1586
1589
1612
1621
1614
1602
1613
1633
1647
1647
1670
1693
1739
1766
1747
1752
1760
1749
1756
1762
1777
1785
1763
1727
1764
1775
1761
1770
1462
1868
1199
1195
1790
1791
1185
1651
1627
1628
1597
1642
1621
1578
1535
1501
1460
1483
1576
1567
1540
1539
1528
1500
1477
1461
1468
1432
1420
1417
1405
1389
1367
1339
1329
1298
1274
1249
1249
1268
1264
1263
1263
1243
1237
1199
1172
1163
1158
1164
1159
1164
1166
1150
1141
1119
1114
1115
1104
1101
1114
1129
1123
1107
1087
1071
1086
1095
1097
1091
1073
1061
705
636
670
656
816
0
0
0
1207
1240
1279
1286
1304
1321
1330
1330
1327
1326
1346
1376
1384
1379
1412
1416
1417
1416
1407
1396
1392
1393
1427
1431
1425
1422
1427
1430
1437
1453
1429
1383
1406
1458
1493
1496
1490
1478
1467
1529
1523
1541
1579
1605
1579
1578
1574
1597
1585
1589
1594
1598
1616
1601
1622
1613
1605
1593
1621
1650
1644
1642
1674
1712
1765
1782
1768
1754
1758
1756
1753
1760
1757
1772
1753
1744
1742
1749
1747
1165
1164
1905
1411
1187
1809
1759
1724
1657
1606
1603
1574
1596
1614
1586
1542
1501
1500
1567
1570
1551
1543
1569
1539
1500
1477
1455
1464
1445
1434
1427
1410
1392
1371
1357
1326
1294
1260
1248
1256
1275
1270
1278
1277
1256
1243
1215
1194
1183
1173
1167
1164
1166
1167
1151
1141
1123
1119
1124
1119
1116
1124
1132
1119
1102
1094
1092
1089
1090
1090
1091
1081
1069
1041
683
668
654
829
0
0
0
1207
1239
1283
1288
1288
1290
1294
1300
1308
1318
1341
1010
1140
1409
1418
1423
1421
1419
1402
1376
1357
1349
1361
1424
1428
1425
1430
1431
1428
1424
1401
1374
1397
1104
1486
1477
1462
1493
1523
1521
1528
1534
1558
1582
1586
1582
1580
1587
1584
1615
1615
1612
1647
1613
1626
1623
1605
1599
1624
1655
1641
1651
1684
1723
1768
1784
1775
1774
1777
1786
1789
1757
1737
1759
1741
1746
1740
1767
1788
1780
1114
1110
1107
1391
1804
1767
1719
1668
1622
1593
1594
1625
1619
1610
1556
1541
1534
1597
1589
1106
1103
1568
1524
1499
1485
1456
1459
1448
1446
1422
1408
1393
1377
1369
1330
1295
1249
1242
1244
1266
1267
1281
1287
1265
1252
1231
1208
1199
1187
1175
1166
1173
1173
1149
1143
1127
1121
1121
1119
1124
1129
1128
1113
1111
1114
1104
1090
1090
1090
1092
1086
1072
1047
1014
666
652
835
0
0
0
0
0
1300
1288
1283
1285
1287
1292
1303
1321
1341
1368
1375
1419
1425
1433
1437
1435
1418
1387
1352
1352
1367
1407
1412
1423
1428
1426
1414
1415
1383
1360
1396
1460
1492
1479
1480
1490
1510
1501
1511
1535
1542
1563
1604
1594
1599
1571
1566
1615
1621
1622
1649
1633
1626
1640
1633
1605
1631
1656
1633
1653
1699
1738
1774
1789
1787
1799
1809
1812
1826
1752
1728
1752
1800
1747
1773
1788
1786
1764
1108
1105
1772
1755
1792
1748
1719
1685
1642
1597
1589
1622
1617
1589
1554
1525
1572
1123
1573
1111
1102
1547
1523
1502
1473
1459
1462
1458
1436
1417
1411
1400
1386
1370
1332
1304
1236
1224
1236
1252
1266
1279
1277
1265
1261
1245
1219
1209
1195
1181
1167
1169
1172
1147
1140
1127
1123
1123
1125
1123
1128
1125
1116
1122
1121
1113
1100
1094
1096
1098
1086
1065
1040
1016
1003
989
836
0
0
0
0
0
0
0
1344
1346
1347
1344
1340
1339
1347
1378
1402
1417
1420
1429
1442
1445
1439
1418
1385
1393
1406
1425
1429
1432
1434
1429
1408
1401
1382
1347
1380
1458
1485
1505
1512
1524
1515
1496
1511
1523
1526
1562
1598
1593
1607
1562
1574
1614
1615
1622
1649
1640
1625
1627
1626
1622
1655
1658
1635
1650
1712
1755
1771
1795
1792
1817
1831
1797
1784
1743
1715
1732
1812
1773
1783
1807
1761
1191
1103
1099
1762
1818
1821
1765
1766
1753
1660
1627
1614
1612
1594
1619
1598
1584
1629
1309
1409
1429
1666
1578
1524
1495
1479
1453
1455
1439
1409
1400
1394
1391
1391
1368
1341
1296
1242
1238
1254
1270
1277
1284
1283
1272
1269
1255
1229
1214
1200
1186
1165
1163
1167
1148
1140
1124
1122
1128
1141
1130
1131
1126
1122
1124
1117
1111
1107
1103
1100
1095
1081
1065
1036
1000
985
979
836
0
0
0
0
0
0
0
1394
1395
1395
1392
1384
1373
1378
1399
1397
1397
1409
1423
1435
1442
1444
1435
1426
1429
1439
1448
1451
1450
1445
1435
1412
1404
1401
1354
1394
1452
1485
1509
1509
1523
1510
1493
1512
1510
1522
1569
1602
1598
1601
1569
1587
1625
1620
1625
1640
1620
1622
1619
1617
1645
1682
1686
1659
1658
1711
1768
1764
1806
1786
1808
1807
1796
1772
1773
1719
1774
1846
1803
1784
1817
1788
1182
1821
1896
1827
1942
1885
1887
1846
1835
1712
1748
1641
1680
1718
1704
1677
1645
1354
1298
1594
1507
1664
1598
1569
1526
1503
1455
1436
1412
1420
1397
1384
1379
1380
1366
1344
1303
1234
1172
1257
1301
1304
1296
1298
1286
1280
1263
1233
1209
1198
1191
1171
1170
1175
1156
1149
1133
1129
1133
1149
1144
1142
1128
1123
1125
1116
1107
1106
1101
1093
1087
1074
1063
1034
989
971
980
836
0
0
0
0
0
0
0
1411
1411
1411
1409
1405
1399
1401
1406
1394
1398
1410
1424
1432
1436
1440
1437
1437
1443
1457
1464
1462
1456
1450
1432
1419
1410
1408
1373
1296
1464
1501
1494
1522
1537
1503
1497
1525
1515
1519
1581
1617
1600
1602
1579
1604
1618
1636
1617
1610
1619
1636
1620
1628
1660
1694
1705
1657
1659
1702
1776
1774
1808
1779
1798
1797
1805
1779
1781
1745
1776
1813
1820
1817
1811
1777
1842
1848
1881
1843
1840
1913
1997
564
1914
1752
1471
532
1646
550
1660
1827
1693
1671
1649
517
531
518
540
557
549
546
1448
1456
547
1133
1124
1115
1270
1284
1244
1218
1259
1240
1103
1156
1329
1332
1315
1310
1302
1057
990
979
1191
1198
1203
1184
1180
1189
1172
1162
1147
1142
1142
1148
1148
1151
1138
1122
1125
1121
1110
1105
1098
1086
1085
1079
1063
1028
996
978
986
836
0
0
1424
1424
1424
1424
1423
1420
1416
1414
1410
1407
1403
1399
1394
1396
1402
1414
1426
1428
1429
1432
1431
1433
1438
1457
1463
1460
1453
1443
1430
1420
1419
1412
1395
1336
1486
1509
1499
1509
1523
1501
1501
1517
1511
1509
1604
1607
1585
1611
1595
1601
1613
1012
1017
1572
1620
1628
1629
1633
1667
1693
1692
1646
1665
1694
1755
1780
1795
1776
1795
1791
1799
1785
1778
1772
1770
1772
1838
1845
1878
1830
1845
639
639
640
640
0
564
558
565
567
559
533
547
547
547
547
531
1771
550
522
542
544
537
552
538
538
547
0
555
571
1282
542
984
1284
1246
1218
1259
1098
1096
1025
1131
1327
1331
1329
1303
506
1047
1183
1160
1214
1218
1196
1189
1197
1180
1173
1157
1154
1155
1148
1149
1154
1147
1127
1123
1125
1116
1105
1100
1086
1081
1081
1067
1039
1008
996
994
836
0
0
1424
1424
1424
1424
1424
1423
1420
1418
1414
1410
1403
1397
1394
1400
1408
1415
1420
1420
1418
1421
1422
1428
1434
1446
1454
1453
1447
1436
1434
1419
1422
1431
1409
1474
1515
1514
1508
1505
1528
1504
1503
1527
1501
1518
999
1003
1598
1578
1611
1610
1607
1614
1016
1028
1640
1637
1636
1639
1666
1699
1686
1650
1678
1697
1748
1774
1795
1789
1790
1774
1778
1791
1793
1781
1760
1751
1722
608
1986
1890
1871
645
638
663
567
666
614
572
575
569
561
546
551
546
541
538
533
531
533
529
536
541
533
532
532
519
513
0
552
557
554
545
563
569
572
612
747
853
853
1025
1079
622
553
556
582
647
1122
569
531
1211
1221
1205
1196
1193
1177
1177
1160
1154
1169
1165
1153
1157
1150
1133
1123
1123
1120
1106
1101
1091
1085
1085
1075
1054
1024
1018
1020
835
0
0
1424
1424
1424
1424
1424
1424
1417
1422
1420
1415
1408
1401
1400
1405
1413
1418
1419
1413
1407
1413
1420
1428
1432
1439
1442
1449
1438
1430
1433
1420
1429
1455
1431
1493
1524
1529
1509
1520
1561
1531
1515
1542
1511
1531
998
1003
1618
1608
1604
1603
1604
1639
1016
1644
1642
1648
1622
1640
1660
1687
1688
1646
1679
1702
1753
1775
1803
1797
1778
1753
1754
1783
1806
1793
1752
1781
619
609
613
620
1865
646
649
662
604
636
608
593
585
576
569
565
558
553
548
543
539
532
529
525
523
519
516
516
514
511
513
504
525
548
550
551
554
559
571
604
707
825
576
655
550
534
525
525
512
502
502
497
499
927
600
1135
1201
1185
1173
1180
1157
1141
1179
1192
1168
1168
1151
1135
1125
1122
1120
1106
1095
1087
1089
1089
1075
1066
1059
1048
1050
834
0
0
0
1425
1424
1424
1425
1425
1416
1421
1424
1420
1413
1405
1406
1412
1416
1419
1416
1411
1405
1411
1422
1431
1433
1430
1428
1437
1435
1425
1427
1424
1437
1471
1445
1508
1514
1535
1516
1517
1537
1526
1565
1548
1533
1493
998
1002
1625
1626
1604
1614
1609
1020
1025
1671
1660
1642
1620
1655
1665
1674
1682
1643
1676
1707
1746
1771
1791
1787
1766
1739
1752
1741
1797
1462
1462
671
625
612
659
678
686
650
656
653
627
633
603
601
595
583
581
574
567
567
562
554
551
539
536
525
517
512
510
510
506
504
505
502
506
510
530
517
520
514
555
640
686
778
856
561
549
535
521
515
509
504
501
505
511
514
556
872
1190
1076
1103
1166
1153
1051
1051
1215
1192
1182
1148
1138
1127
1124
1118
1107
1095
1086
1087
1089
1083
1086
1096
1090
1080
834
0
0
0
1425
1425
1425
1425
1425
1424
1423
1420
1416
1411
1407
1409
1413
1415
1416
1412
1412
1409
1411
1426
1438
1434
1423
1418
1427
1429
1412
1420
1417
1424
1461
1487
1540
1541
1532
1518
1539
1557
1524
1563
1557
1557
1550
1621
1610
1612
1624
1617
1615
1617
1021
1026
1657
1646
1624
1631
1664
1674
1696
1687
1655
1679
1703
1735
1776
1776
1766
1757
1762
1757
1761
684
689
691
672
648
646
687
684
518
651
649
642
638
628
607
603
597
590
590
582
576
579
572
567
561
547
546
528
517
514
508
507
502
499
501
501
498
502
492
499
483
496
495
546
526
569
513
525
538
527
516
510
506
503
500
504
506
509
525
539
680
1076
941
1037
1009
1045
446
452
490
490
491
1117
1128
1126
1116
1109
1105
1096
1094
1098
1094
1095
1111
1116
1101
834
0
0
0
1425
1424
1423
1420
1416
1411
1406
1398
1391
1396
1403
1410
1408
1416
1419
1418
1419
1415
1411
1427
1439
1438
1426
1417
1424
1424
1415
1415
1407
1428
1449
1504
1527
1535
1528
1528
1552
1553
1539
1547
1577
1560
1579
1593
1578
1004
1627
1601
1600
1622
1640
1021
1648
1661
1650
1636
1655
1670
1684
1677
1661
1675
1697
1722
1774
1774
1776
1752
1697
1827
679
690
693
699
710
703
700
681
678
663
650
645
635
628
621
608
605
600
593
590
582
576
576
569
569
560
550
548
533
523
519
510
509
502
498
497
497
494
490
481
476
481
467
472
475
467
471
469
523
529
523
511
506
504
502
498
497
498
504
509
509
507
455
736
540
539
486
482
464
479
481
487
1067
1124
1125
1124
1121
1116
1111
1110
1104
1098
1103
1121
1128
1115
835
0
0
0
1424
1419
1408
1393
1376
1363
1354
1348
1346
1349
1389
1398
1399
1416
1424
1430
1431
1425
1418
1427
1436
1435
1429
1422
1419
1433
1415
1414
1410
1422
1452
1088
1518
1528
1527
1530
1568
1573
1559
1562
1580
1566
1576
1569
1546
1611
1628
1598
1575
1614
1660
1624
1643
1665
1646
1648
1651
1658
1667
1680
1664
1676
1710
1735
1765
1790
1788
1771
1764
723
743
713
706
713
719
705
702
692
671
662
646
641
634
625
620
611
610
604
596
590
581
577
575
570
569
560
553
554
543
529
525
517
518
508
502
497
493
488
480
472
471
474
472
472
469
466
465
455
462
468
482
499
501
503
499
496
495
494
499
499
502
505
509
523
537
539
501
481
485
470
475
482
1022
1096
1120
1128
1129
1121
1120
1119
1107
1102
1111
1130
1135
1124
836
0
0
0
1421
1408
1383
1353
1326
1305
1293
1292
1304
1340
1364
1374
1387
1407
1427
1443
1446
1439
1433
1435
1439
1434
1430
1425
1429
1437
1426
1421
1424
1440
1447
1457
1016
1498
1531
1548
1591
1582
1620
1579
1586
1557
1595
1589
1556
1612
1620
1590
1553
1584
1021
1647
1647
1664
1664
1651
1638
1648
1656
1678
1659
1671
1719
1758
1777
1794
1835
489
714
730
742
733
723
706
712
699
700
692
671
664
651
643
635
627
625
615
611
604
595
592
586
583
582
576
573
564
562
564
552
532
527
520
523
515
506
503
494
483
478
471
468
469
471
468
462
457
453
447
452
442
434
443
458
489
495
493
495
495
496
498
500
502
505
508
513
518
484
484
485
475
479
480
482
482
1092
1126
1127
1116
1116
1111
1101
1100
1111
1144
1146
1129
889
0
0
0
1421
1403
1374
1338
1303
1274
1254
1251
1275
1323
1354
1358
1379
1402
1427
1448
1455
1449
1443
1435
1434
1429
1428
1434
1437
1451
1436
1433
1439
1447
1442
1425
1469
1529
1532
1541
1594
1568
1624
1594
1573
1557
1608
1585
1564
1629
1624
1566
1544
1559
1585
1652
1671
1669
1662
1659
1630
1648
1657
1666
1652
1678
1718
1753
1783
1799
503
493
719
738
735
728
717
705
703
694
692
686
669
658
647
642
634
625
623
614
611
601
594
593
590
589
588
578
577
571
567
565
548
530
525
519
525
519
509
511
499
485
479
474
469
469
467
464
455
449
443
441
439
439
437
442
445
449
474
484
490
495
496
496
492
481
488
498
500
500
485
476
475
472
475
479
480
482
515
1101
1119
1107
1105
1101
1096
1099
1118
1160
1164
1140
1132
0
0
1323
1407
1402
1374
1336
1295
1256
1225
1215
1221
1315
1360
1358
1383
1405
1423
1436
1449
1448
1446
1434
1425
1422
1427
1440
1443
1459
1454
1447
1449
1444
1432
1412
1466
1520
1493
1491
1548
1569
1552
1540
1556
1587
1614
1601
1588
1641
1644
1594
1572
1576
1590
1617
1629
1647
1644
1643
1637
1646
1664
1683
1661
1678
1711
1731
1787
2029
772
497
734
743
725
723
714
704
700
691
686
678
666
656
647
646
634
628
624
617
613
606
597
598
597
595
597
592
590
579
566
566
549
530
528
525
532
519
510
512
500
495
480
473
468
467
466
462
451
447
438
435
432
433
435
437
437
441
441
435
441
466
491
492
485
469
458
483
494
493
477
473
469
467
468
489
488
485
568
560
1032
547
1079
1091
1091
1097
1123
1170
1181
1155
1141
0
0
1323
1332
1309
1290
1265
1272
1230
1197
1183
1211
1304
1369
1368
1388
1408
1419
1425
1435
1436
1440
1435
1428
1427
1430
1445
1453
1472
1480
1467
1446
1437
1430
1410
1436
1474
1522
1480
1501
1537
1573
1555
1627
1633
1617
1591
1601
1637
1673
1589
1588
1586
1594
1614
1639
1634
1637
1645
1654
1651
1660
1679
1662
1667
1688
1705
810
514
505
497
747
741
725
722
712
701
695
684
680
676
661
656
647
644
636
628
625
617
613
609
602
603
599
596
606
603
592
577
564
562
548
531
529
527
529
517
511
512
498
499
483
471
467
465
464
459
449
445
437
432
431
430
429
431
430
432
434
427
431
428
393
390
473
472
493
505
498
488
474
473
468
465
464
469
490
498
536
647
905
946
1023
1073
1075
1082
1114
1092
1099
1163
1054
0
0
1323
1249
1216
1204
1193
1219
1193
1172
1165
1201
1314
1372
1372
1388
1407
1417
1420
1425
1426
1428
1432
1435
1440
1439
1446
1457
1476
1484
1469
1454
1438
1432
1410
1413
1450
1485
1401
1428
1456
1087
1084
1080
1625
1664
1630
1614
1655
1689
1635
1628
1619
1615
1626
1637
1644
1632
1645
1650
1640
1647
1658
1648
1642
1666
1712
795
636
772
751
743
742
721
717
709
700
693
682
676
673
663
656
648
642
633
626
624
616
613
611
607
606
599
598
596
590
583
575
564
562
553
543
542
536
533
525
515
520
501
500
497
476
467
461
457
452
446
444
437
433
432
430
428
427
425
428
428
424
424
422
419
417
425
380
377
507
506
492
472
468
465
463
464
468
481
499
523
613
824
989
640
755
1062
1066
1085
1088
1093
1106
830
0
0
1324
1280
1227
1209
1198
1186
1172
1161
1163
1218
1333
1384
1382
1398
1413
1420
1420
1424
1421
1422
1428
1438
1448
1446
1444
1459
1476
1480
1475
1455
1437
1434
1413
1410
1418
1402
1342
1290
1259
1224
1103
1099
1095
1091
1641
1637
1651
1634
1606
1626
1626
1626
1605
1606
1624
1638
1649
1640
1622
1629
1634
1627
1620
820
755
790
640
761
755
743
745
726
722
715
701
695
683
676
672
663
661
650
643
635
630
628
621
618
614
607
608
600
597
586
579
574
567
562
568
559
557
556
547
546
539
515
508
496
500
504
477
472
462
456
452
447
444
438
435
433
432
429
426
424
426
425
422
420
419
416
416
417
412
413
532
550
499
479
465
458
459
459
463
469
476
510
567
760
960
651
696
1062
1072
1076
1079
1079
1078
1034
0
0
0
1325
1279
1251
1238
1228
1212
1197
1193
1261
1361
1395
1392
1416
1429
1428
1423
1427
1428
1426
1432
1444
1454
1450
1448
1464
1480
1479
1468
1440
1427
1422
1420
1416
1389
1366
1338
1292
1271
1229
1200
1185
1065
1064
1029
1479
1587
1556
1616
1627
1603
1611
1592
1573
1105
1645
1637
1620
1614
1609
1622
1433
774
824
764
745
758
753
748
744
743
730
722
713
701
695
682
676
672
662
662
653
644
635
630
626
617
614
609
599
599
589
583
579
574
569
564
559
559
549
548
545
535
537
532
505
506
493
494
497
478
478
466
460
456
449
445
440
436
433
433
429
426
426
427
425
422
420
418
416
416
413
412
411
410
409
450
454
456
456
458
456
462
468
472
498
537
627
931
3799
5804
4926
1080
1077
1079
1079
1078
1078
0
0
0
1322
1317
1309
1304
1300
1290
1278
1270
1312
1365
1384
1388
1422
1438
1430
1426
1433
1440
1439
1445
1454
1452
1447
1447
1456
1473
1464
1449
1431
1421
1416
1399
1399
1388
1354
1339
1309
1288
1247
1199
1169
1153
1038
1039
1040
1040
1387
1451
1517
1583
1587
1565
1548
1116
1077
1071
1646
1625
1607
732
726
827
821
774
779
757
754
747
746
744
732
726
719
710
701
686
677
673
665
662
656
648
639
630
624
615
612
607
599
596
585
580
579
574
569
567
561
561
551
547
542
529
532
526
506
504
494
494
492
480
476
465
460
456
451
446
443
438
434
433
430
428
430
430
429
426
422
418
416
414
413
411
410
409
407
406
416
435
449
459
456
458
468
478
589
2219
1145
475
12961
12973
12426
6522
1080
1080
1080
0
0
0
0
0
1311
1310
1310
1309
1311
1311
1312
1321
1346
1365
1375
1384
1412
1434
1435
1438
1444
1449
1456
1463
1463
1450
1441
1440
1440
1445
1438
1436
1421
1412
1410
1393
1394
1380
1354
1349
1352
1297
1267
1209
1169
1149
1149
1048
1049
1050
1383
1440
1513
1524
1528
1411
1411
1118
1120
1707
1676
1653
1637
1360
738
731
725
789
777
760
756
751
748
751
735
729
722
714
706
690
682
678
671
665
655
649
639
628
623
615
610
607
598
595
586
579
577
572
568
567
561
561
553
547
541
525
525
520
505
503
496
497
490
479
474
464
461
459
455
448
442
437
434
435
434
433
432
433
432
427
425
421
416
413
411
409
407
407
407
405
406
405
424
503
465
449
459
479
497
6220
7969
17611
17125
13638
12973
12971
0
0
0
0
0
0
0
0
1289
1288
1286
1286
1289
1295
1311
1340
1366
1377
1384
1391
1411
1431
1442
1460
1487
1446
1457
1462
1466
1456
1440
1432
1426
1425
1431
1457
1433
1420
1414
1411
1422
1418
1401
1391
1370
1361
1331
1246
1197
1162
1160
1161
1243
1322
1142
1149
1156
1476
1523
1470
1131
1122
1685
1710
1697
1696
1603
921
837
744
807
789
786
771
759
756
749
751
740
732
731
714
707
692
683
681
671
663
655
647
637
627
624
617
612
608
600
595
586
578
575
569
566
564
560
560
551
541
536
524
524
518
510
510
500
502
494
478
472
464
464
462
462
455
443
437
435
437
436
435
432
433
432
428
423
421
415
410
408
406
406
406
405
404
403
403
420
726
441
440
439
439
484
828
8436
18538
19674
17672
17672
0
0
0
0
0
0
0
0
0
1272
1271
1269
1270
1273
1282
1305
1345
1373
1383
1389
1395
1412
1432
1449
1486
1538
1466
1474
1482
1490
1475
1452
1435
1427
1429
1434
1455
1447
1441
1451
1433
1446
1434
1413
1417
1430
1433
1319
1301
1256
1199
1191
1181
1087
1091
1096
1159
1143
1141
1139
1138
1605
1623
1698
1697
1686
1721
787
776
835
833
818
800
791
774
765
762
754
755
742
737
733
717
710
696
687
686
678
673
663
655
641
631
627
619
617
614
606
600
590
582
579
574
573
568
564
563
553
546
540
529
532
525
520
523
507
508
496
477
473
470
469
466
467
463
450
440
435
436
434
431
428
427
428
423
420
418
413
408
406
405
404
405
404
403
402
402
412
807
512
430
439
439
458
454
2305
594
11663
594
594
0
0
0
0
0
0
0
0
0
1266
1266
1266
1267
1270
1278
1301
1348
1376
1384
1388
1396
1416
1441
1461
1464
1470
1477
1469
1477
1485
1481
1459
1443
1437
1435
1441
1447
1441
1446
1451
1435
1448
1439
1416
1370
1351
1338
1394
1369
1299
1213
1199
1179
1205
1101
1106
1166
1153
1151
1149
1713
1686
1678
1701
1693
1677
966
792
781
837
834
824
806
796
779
770
763
753
749
738
732
728
717
709
696
686
684
678
672
665
654
641
628
625
616
612
609
603
598
589
583
581
575
572
566
561
559
552
546
539
525
529
525
520
521
506
509
498
480
477
475
479
473
471
468
455
442
436
434
431
425
422
422
423
422
420
417
411
408
407
406
404
404
403
398
402
401
416
635
548
401
674
2941
18825
18811
454
594
594
594
594
0
0
0
0
0
0
0
0
0
1265
1266
1267
1268
1270
1278
1300
1358
1383
1390
1394
1404
1425
1448
1446
1448
1448
1415
1417
1418
1481
1472
1457
1448
1447
1448
1441
1440
1433
1434
1443
1435
1441
1433
1408
1419
1351
1338
1365
1379
1335
1126
1217
1187
1207
1245
1116
1176
1644
1702
1764
1758
1703
1684
1684
1677
1540
905
797
872
832
830
829
817
804
786
772
761
753
750
739
735
734
722
713
699
689
684
677
674
667
657
645
634
632
622
614
609
605
601
592
586
584
576
568
564
560
561
555
549
544
526
530
528
520
521
509
515
509
496
497
485
498
486
485
483
462
445
437
433
426
420
419
420
422
423
422
418
413
411
409
408
406
404
402
395
399
401
411
583
468
480
1582
646
681
18138
18067
594
594
594
594
0
19182
19167
19149
0
0
0
0
0
0
1276
1274
1269
1292
1300
1301
1301
1394
1401
1408
1419
1434
1451
1472
1444
1412
1414
1416
1417
1491
1461
1456
1454
1464
1464
1443
1437
1422
1416
1422
1427
1420
1405
1383
1388
1307
1336
1386
1381
1335
1133
1242
1210
1225
1120
1182
1584
1670
1707
1737
1746
1717
1698
1128
1139
1450
912
886
861
837
828
826
817
808
790
772
758
752
754
746
741
741
723
713
701
689
685
679
674
666
662
654
646
642
630
619
611
608
603
595
587
583
573
569
565
561
561
558
552
549
535
537
534
529
532
518
518
513
510
513
481
496
481
495
468
457
450
441
433
423
416
416
419
421
423
423
420
417
414
410
409
408
405
402
399
397
401
405
684
616
677
1128
699
717
5251
16785
1145
594
594
594
19212
19200
19175
19150
0
0
0
0
0
0
1226
1225
1224
1217
1217
1217
1218
1407
1414
1421
1429
1442
1460
1478
1488
1411
1413
1415
1416
1467
1457
1454
1464
1478
1471
1451
1444
1430
1416
1417
1414
1403
1376
1345
1326
1287
1290
1342
1434
1385
1139
1155
1252
1267
1198
1196
1600
1645
1710
1727
1724
1131
1167
1158
1143
916
948
887
864
839
823
820
808
802
788
769
757
753
753
749
742
737
730
718
700
694
687
675
668
662
663
659
654
653
636
622
613
602
597
590
581
579
571
567
564
561
562
560
553
547
537
541
534
530
533
520
523
517
513
505
477
487
477
488
464
455
450
442
434
426
419
419
421
425
428
423
420
419
416
413
410
409
406
402
401
402
398
568
860
862
1038
1102
3897
4239
4262
7838
16388
16097
15924
1016
19172
19205
19182
19154
0
0
0
0
0
1197
1205
1209
1215
1219
1269
1340
1385
1413
1423
1429
1433
1445
1466
1478
1479
1479
1485
1491
1474
1454
1449
1450
1468
1472
1468
1462
1453
1439
1423
1417
1403
1393
1365
1316
1283
1266
1256
1278
1380
1212
1161
1356
1320
1353
1414
1547
1612
1629
1689
1198
1716
1632
1168
1156
952
918
915
883
867
841
827
820
808
805
798
782
768
761
762
753
745
742
734
730
709
701
697
682
675
673
684
695
700
688
661
640
627
615
605
593
586
582
575
572
569
565
568
568
562
555
544
548
539
535
536
529
538
532
534
508
494
505
504
505
471
450
443
434
430
426
423
422
421
424
426
423
418
417
416
413
419
414
405
405
404
418
436
563
885
784
784
1088
3865
4252
4261
7565
16745
16416
15925
1070
17875
19195
19191
19159
0
0
0
0
0
1197
1201
1204
1212
1226
1284
1342
1386
1414
1426
1431
1431
1439
1454
1466
1471
1469
1471
1478
1467
1450
1441
1443
1465
1475
1480
1472
1460
1454
1437
1417
1404
1398
1380
1281
1280
1262
1246
1228
1360
1437
1428
1411
1387
1410
1488
1579
1609
1619
1632
1659
1683
1675
1169
1157
957
933
890
869
855
834
825
814
801
801
792
784
777
768
763
754
742
739
728
715
703
698
696
686
682
686
727
499
499
499
508
661
649
628
608
594
586
582
575
571
568
564
566
564
561
555
546
548
540
534
533
532
539
537
530
521
513
508
431
500
477
455
441
429
422
420
419
419
419
420
421
419
415
413
412
409
409
400
401
404
402
442
427
504
966
766
535
590
934
3156
4399
10913
19359
19566
12513
6400
876
880
1048
10970
10970
0
0
0
0
1198
1201
1203
1210
1232
1284
1343
1390
1415
1426
1429
1427
1433
1447
1457
1463
1463
1464
1469
1464
1451
1440
1439
1452
1463
1473
1473
1472
1469
1445
1433
1417
1395
1374
1341
1301
1258
1227
1198
1183
1479
1421
1439
1448
1466
1510
1590
1606
1623
1639
1654
1704
1183
1170
967
957
902
880
857
845
831
828
821
806
801
792
787
784
773
769
763
752
750
735
728
712
709
709
695
695
701
502
499
499
499
505
696
687
645
617
599
589
583
575
571
569
566
569
570
571
563
553
552
545
539
536
532
540
534
537
447
443
511
495
509
499
467
448
434
421
415
414
413
414
417
417
414
411
408
405
403
396
392
394
396
407
419
484
637
898
929
689
685
668
668
844
645
690
649
658
11265
1804
1689
1862
10970
10970
0
0
0
0
1198
1201
1204
1210
1232
1281
1346
1396
1418
1425
1427
1428
1436
1449
1454
1458
1462
1470
1480
1474
1457
1447
1444
1447
1455
1460
1457
1461
1454
1435
1440
1431
1398
1375
1356
1330
1153
1157
1185
1193
1240
1321
1444
1501
1525
1540
1570
1605
1604
1630
1658
1719
1726
1172
967
953
884
872
852
847
838
836
836
820
814
797
788
787
779
775
765
755
746
742
752
739
723
713
692
690
697
502
500
501
503
505
712
516
518
519
610
598
590
580
575
572
569
572
573
573
567
556
553
547
547
545
539
547
530
537
530
509
509
515
536
558
426
465
456
435
423
418
413
412
415
413
407
405
403
399
396
392
389
390
397
435
446
638
710
764
507
525
579
601
666
666
650
666
713
729
12071
11131
11067
10980
10978
10979
0
0
0
0
1198
1201
1204
1211
1233
1280
1349
1402
1420
1423
1427
1416
1419
1456
1459
1460
1428
1431
1434
1493
1474
1467
1464
1460
1460
1468
1459
1452
1442
1427
1441
1445
1421
1397
1392
1392
1159
1070
1153
1171
1175
1269
1182
1393
1532
1569
1573
1583
1611
1648
1661
1659
1185
1173
967
929
896
873
858
857
850
830
814
805
805
799
790
789
786
784
766
751
754
746
765
774
748
719
701
701
699
502
508
508
503
505
511
512
605
618
626
614
597
581
576
573
569
571
569
569
565
553
549
539
537
542
545
550
531
533
454
450
445
441
437
433
467
479
472
451
449
437
420
416
416
410
401
397
398
393
392
391
388
387
389
386
554
729
715
774
609
593
612
603
653
649
12794
13872
13778
12389
11489
11390
11027
10952
10981
10984
0
0
0
0
0
0
0
0
0
0
1411
1411
1421
1423
1427
1438
1443
1422
1425
1427
1430
1433
1436
1505
1489
1493
1495
1487
1477
1482
1477
1459
1440
1423
1429
1432
1432
1433
1417
1394
1165
1304
1282
1177
1201
1430
1446
1519
1531
1548
1562
1636
1662
1666
1659
1642
1054
920
962
906
893
878
864
861
851
834
826
815
814
810
802
803
798
791
778
761
772
772
798
496
493
500
502
502
506
506
508
507
508
509
510
511
512
614
630
633
612
591
585
584
581
585
582
583
588
572
558
544
540
540
539
495
543
532
457
453
470
444
508
414
467
410
465
475
477
415
424
420
418
410
400
396
396
391
390
391
386
381
399
446
446
499
615
891
761
736
724
689
670
742
655
739
12043
11927
11490
11120
10881
10833
10910
10986
0
0
0
0
0
0
0
0
0
0
1411
1412
1419
1419
1419
1429
1450
1450
1427
1429
1432
1435
1538
1523
1505
1500
1498
1501
1491
1486
1486
1469
1443
1413
1409
1415
1418
1416
1413
1406
1390
1357
1325
1364
1442
1438
1495
1504
1510
1509
1549
1563
1638
1657
1656
1531
1062
943
941
888
882
872
857
855
848
833
829
817
812
809
802
798
789
787
782
783
804
501
498
495
501
500
501
502
506
506
508
507
508
509
510
584
590
512
514
610
610
594
590
595
587
593
594
600
599
577
564
505
511
500
495
492
489
466
474
457
465
481
444
417
458
457
461
408
484
476
465
447
427
414
404
399
398
391
389
389
384
382
397
408
404
534
811
1018
756
757
753
751
2081
2358
829
690
10183
11127
11070
10838
10669
10611
10747
10991
0
0
0
0
0
0
0
0
0
0
1411
1411
1416
1417
1418
1425
1447
1455
1455
1456
1434
1437
1536
1526
1512
1503
1495
1489
1480
1488
1491
1468
1440
1416
1407
1411
1417
1420
1420
1421
1412
1400
1408
1440
1505
1528
1495
1490
1486
1488
1505
1583
1621
1644
1661
1325
956
943
935
913
876
858
847
851
850
838
831
823
816
811
803
795
783
780
781
782
807
500
497
499
501
501
501
502
502
507
508
506
507
508
509
510
585
582
583
549
553
552
606
526
620
630
615
515
513
575
572
505
511
504
492
487
486
483
487
460
456
451
447
421
469
455
448
412
409
482
486
462
444
423
409
401
399
392
390
390
386
389
398
407
403
426
655
1023
714
703
726
740
895
2062
2080
2511
5291
10287
6071
4667
4712
6425
10472
10999
0
0
0
0
0
1383
1383
1385
1394
1396
1399
1406
1412
1416
1420
1429
1446
1452
1460
1461
1452
1458
1523
1519
1511
1502
1494
1485
1480
1483
1485
1473
1450
1423
1415
1414
1416
1425
1436
1447
1444
1451
1486
1500
1510
1529
1505
1483
1487
1508
1535
1579
1610
1622
1368
987
969
947
935
920
898
874
845
835
838
833
830
823
819
816
804
796
787
782
510
513
518
504
501
499
497
499
499
503
503
508
508
508
507
508
504
505
556
511
522
545
527
527
525
497
497
497
518
465
499
536
508
505
493
500
486
476
473
472
467
463
459
458
464
446
464
454
441
415
463
468
450
474
464
443
415
401
398
392
392
393
400
414
381
418
426
478
745
1021
860
709
703
818
934
999
1289
1534
1711
4807
4479
3491
3139
3140
10418
10999
0
0
0
0
0
1383
1383
1385
1394
1398
1400
1403
1408
1408
1408
1417
1430
1454
1458
1446
1452
1458
1512
1517
1510
1505
1503
1496
1485
1478
1477
1471
1453
1431
1414
1410
1412
1423
1431
1443
1456
1484
1498
1516
1523
1518
1522
1523
1544
1583
1587
1579
1617
1464
1346
962
963
949
938
923
909
888
854
840
836
831
828
827
822
814
807
794
781
776
766
751
519
508
502
500
499
499
499
500
503
504
508
515
534
485
504
504
505
502
520
424
515
531
530
428
485
497
496
492
514
486
490
469
498
508
477
471
468
465
467
463
461
460
468
479
476
471
420
467
477
471
469
472
495
391
417
406
397
394
395
395
403
376
428
403
403
403
442
689
1106
860
861
952
958
1038
1371
1269
1273
1406
1520
1109
1141
1598
10416
0
0
0
0
0
0
1383
1383
1385
1400
1403
1403
1403
1405
1404
1404
1412
1425
1451
1458
1446
1452
1458
1506
1512
1505
1503
1501
1494
1485
1479
1475
1468
1453
1436
1416
1409
1419
1432
1434
1439
1466
1508
1506
1543
1554
1558
1564
1604
1649
1631
1613
1606
1491
1472
1031
958
954
946
941
929
921
918
898
882
862
846
842
829
821
822
818
812
803
805
517
512
520
508
508
505
499
499
499
500
504
504
502
494
482
487
503
473
472
469
507
440
436
468
470
455
427
478
493
477
467
457
462
470
504
505
469
469
467
463
464
460
459
458
459
454
461
473
464
436
457
472
473
471
486
404
436
425
410
400
396
391
393
384
437
401
403
403
529
906
1108
464
1496
956
977
1151
1431
1121
1122
1276
1509
1059
1058
1079
1100
1106
0
0
0
0
0
0
0
0
1411
1408
1406
1405
1405
1409
1412
1415
1424
1443
1446
1456
1453
1459
1459
1499
1492
1486
1481
1477
1476
1479
1476
1465
1449
1431
1413
1404
1422
1434
1415
1402
1394
1403
1409
1463
1547
1573
1584
1603
1627
1643
1637
1617
1447
1086
994
978
959
943
931
924
922
924
912
890
866
858
849
826
823
823
822
834
533
527
521
515
509
508
508
505
505
500
500
500
504
504
503
492
482
493
501
487
479
483
507
475
466
495
480
422
431
452
453
437
459
464
418
429
500
506
472
465
460
456
458
453
453
451
448
451
453
461
457
444
447
456
464
472
474
464
460
489
383
431
409
404
407
424
402
402
403
403
647
974
950
950
1026
989
1066
1166
1226
1197
1145
1340
1504
1056
1075
1103
1106
1106
0
0
0
0
0
0
1450
1441
1411
1410
1409
1407
1410
1418
1419
1418
1424
1433
1446
1448
1451
1476
1476
1477
1473
1468
1465
1469
1469
1475
1475
1459
1446
1432
1414
1402
1421
1427
1410
1406
1361
1385
1434
1398
1371
1563
1640
1622
1599
1390
1369
1423
1143
1028
1005
971
955
948
932
928
913
906
909
906
837
850
840
832
832
835
839
543
536
530
524
519
513
834
517
515
507
507
507
577
508
513
508
473
475
481
487
444
463
487
496
448
449
455
418
425
440
420
417
416
430
428
419
426
442
514
490
477
466
452
446
445
451
450
447
450
446
449
449
438
435
449
467
478
470
432
421
418
415
534
437
423
416
417
409
424
405
442
779
1011
950
950
955
1505
1021
1018
1018
1077
1350
1505
1505
1056
1105
1113
1112
1116
1116
0
0
0
0
0
1450
1442
1422
1421
1425
1431
1439
1438
1420
1420
1431
1442
1430
1446
1451
1460
1461
1456
1457
1458
1458
1466
1469
1480
1492
1468
1454
1436
1422
1424
1437
1428
1410
1386
1367
1372
1383
1385
1319
1377
1449
1426
1407
1632
1377
1315
1150
994
982
961
948
932
913
912
896
889
893
889
843
835
828
825
822
819
815
546
540
534
528
522
516
520
519
516
507
507
507
510
533
496
493
477
483
485
491
460
463
469
456
424
435
455
419
432
415
419
416
414
426
426
423
428
440
519
498
486
475
453
441
441
451
450
447
451
444
443
443
434
431
452
476
485
448
446
457
485
559
605
471
458
457
465
404
431
455
525
864
1031
991
950
950
1505
1021
1018
1018
1071
1505
1505
1505
1171
1169
1169
1119
1116
1116
0
0
0
0
1433
1434
1441
1447
1452
1459
1467
1472
1465
1442
1424
1428
1442
1433
1445
1452
1453
1450
1447
1447
1453
1459
1468
1473
1484
1508
1511
1486
1457
1438
1434
1440
1424
1405
1407
1415
1404
1386
1417
1437
1446
1490
1436
1418
1399
1209
1169
1097
1006
990
971
960
940
927
884
882
885
889
882
836
830
825
818
812
803
790
787
776
538
532
685
717
521
524
512
512
507
540
524
490
485
478
473
478
486
495
481
476
477
469
457
443
505
492
456
423
412
410
409
415
418
426
415
415
415
488
496
475
459
450
442
448
446
445
448
442
438
437
431
427
450
496
511
495
483
493
531
592
640
628
531
524
536
474
480
422
468
672
876
1057
950
950
0
1017
1017
1017
1060
0
0
0
1171
1171
1171
1119
1116
1116
0
0
0
0
1433
1433
1438
1445
1452
1460
1468
1476
1477
1456
1427
1418
1433
1448
1475
1476
1463
1452
1444
1440
1446
1457
1472
1486
1492
1500
1505
1496
1454
1437
1435
1430
1427
1429
1418
1419
1440
1445
1422
1431
1433
1438
1452
1504
1561
1564
1374
1069
1032
1004
979
962
956
947
896
893
890
882
874
836
833
830
824
818
812
800
800
792
541
535
744
523
523
516
512
510
509
508
507
470
473
476
476
487
497
491
490
495
486
486
475
486
517
502
497
419
410
409
412
419
424
439
449
425
415
466
507
468
461
455
449
442
440
443
446
439
432
430
426
424
448
519
532
508
499
397
390
527
577
670
624
459
467
475
564
459
496
626
853
1101
510
510
510
0
0
0
0
0
0
0
0
1171
1171
1117
1116
1116
0
0
0
0
1433
1433
1436
1441
1446
1446
1447
1453
1469
1461
1435
1425
1473
1558
1557
1532
1488
1463
1446
1437
1440
1453
1476
1501
1512
1495
1483
1475
1455
1441
1442
1430
1427
1431
1422
1414
1428
1435
1436
1424
1457
1489
1489
1506
1540
1570
1315
1163
1023
1011
991
974
962
964
963
897
901
902
871
845
826
821
820
819
813
804
808
799
706
539
533
531
526
518
512
511
510
509
508
509
506
512
505
506
513
511
506
496
489
490
485
495
510
524
495
448
413
417
423
430
444
480
500
446
439
467
535
509
467
456
453
439
433
440
441
436
430
426
424
424
462
551
408
513
512
500
512
405
483
397
393
452
514
556
664
520
607
824
956
1100
510
510
510
0
0
0
0
0
0
0
0
0
0
0
0
0
0
0
0
0
1433
1433
1435
1435
1423
1422
1424
1427
1436
1463
1457
1479
1731
1760
1699
1648
1554
1488
1460
1443
1443
1454
1475
1502
1517
1493
1478
1473
1464
1452
1459
1420
1409
1410
1421
1417
1426
1439
1159
1480
1534
1583
1570
1542
1535
1412
1391
1397
1040
1026
995
990
985
972
913
897
864
896
875
860
845
844
838
838
847
845
847
565
708
695
539
534
529
519
514
513
512
530
523
530
547
545
531
521
491
505
499
492
483
478
487
500
506
516
511
502
494
463
432
430
439
423
418
417
416
445
475
478
478
459
452
438
431
436
437
432
428
425
422
422
422
413
404
510
520
386
521
401
466
451
468
506
525
456
456
420
524
804
905
1100
510
510
510
0
0
0
0
0
0
0
0
0
0
0
0
0
0
0
0
0
0
0
1414
1420
1420
1418
1418
1419
1419
1440
1524
1752
1960
1945
1872
1815
1595
1532
1485
1462
1459
1468
1483
1490
1516
1515
1484
1469
1469
1460
1401
1400
1390
1393
1439
1302
1491
1470
1533
1520
1562
1609
1600
1575
1580
1610
1328
1075
1036
1017
999
988
981
964
915
920
881
874
869
865
851
852
850
853
869
869
858
570
793
698
542
537
531
522
520
514
513
512
554
556
588
572
521
517
493
496
500
495
471
469
488
500
505
509
511
503
502
486
429
425
423
401
415
414
413
410
428
441
501
468
454
442
433
438
439
432
427
424
421
421
419
409
400
502
508
499
496
491
393
447
378
444
454
454
440
436
476
845
902
1099
0
0
0
0
0
0
0
0
0
0
0
0
0
0
0
0
0
0
0
0
0
0
1414
1414
1414
1415
1415
1416
1416
1422
1463
1650
1945
1988
1927
1908
1552
1548
1522
1494
1485
1486
1505
1495
1508
1562
1507
1464
1467
1472
1404
1396
1377
1379
1386
1415
1482
1481
1471
1508
1564
1596
1597
1603
1636
1660
1538
1081
1032
1012
993
977
972
964
958
934
910
893
875
866
850
851
856
873
887
798
766
576
790
784
730
539
534
524
522
516
684
514
583
588
611
594
535
520
494
490
500
498
462
470
486
501
507
511
530
568
501
496
445
428
421
404
404
408
402
407
413
398
438
484
457
452
430
427
448
435
427
424
421
417
410
403
396
510
515
512
513
506
384
449
451
450
451
451
410
431
453
598
1099
1098
0
0
0
0
0
0
0
0
0
0
0
0
0
0
0
0
0
0
0
0
1413
1413
1413
1413
1413
1414
1414
1415
1416
1424
1453
1566
1734
1837
1827
1809
1553
1549
1545
1533
1522
1511
1513
1511
1495
1544
1497
1485
1478
1476
1303
1380
1371
1371
1419
1491
1495
1488
1494
1549
1593
1595
1603
1608
1611
1595
1615
1054
1016
1009
992
981
974
963
957
928
900
892
877
867
852
854
863
886
887
872
772
756
785
771
757
524
521
526
524
522
516
515
674
676
522
516
514
542
529
512
509
510
479
468
482
504
516
522
538
559
597
415
443
437
393
405
412
416
414
400
399
419
509
484
461
460
430
465
457
437
428
426
423
412
405
398
391
506
510
387
496
385
468
461
459
480
503
465
411
423
473
842
1053
1098
0
0
0
0
0
0
0
0
0
0
0
0
0
0
0
0
0
0
0
0
1413
1413
1413
1413
1413
1413
1413
1412
1414
1421
1449
1571
1687
1699
1720
1708
1535
1534
1533
1551
1552
1522
1502
1490
1486
1507
1480
1498
1492
1468
1424
1380
1361
1358
1431
1528
1505
1527
1547
1585
1630
1589
1595
1134
1601
1606
1619
1074
1003
1006
1010
995
980
952
940
924
910
893
880
873
858
861
868
886
887
879
788
761
777
762
751
525
522
518
518
516
514
512
518
518
518
525
517
479
479
493
506
505
498
481
474
490
500
516
543
554
420
410
405
404
399
412
410
414
410
401
402
465
439
488
469
465
473
435
434
438
429
427
423
423
399
392
386
513
505
385
504
509
488
482
481
488
496
446
411
414
448
677
860
1096
0
0
0
0
0
0
0
0
0
0
0
0
0
0
0
0
0
0
0
0
1413
1413
1412
1412
1411
1410
1408
1408
1409
1415
1444
1566
1650
1672
1682
1532
1505
1518
1521
1534
1546
1528
1499
1471
1468
1480
1483
1493
1489
1490
1428
1391
1358
1341
1430
1556
1562
1200
1520
1584
1624
1606
1141
1130
1651
1655
1602
1092
993
1042
987
980
936
951
941
926
917
903
891
893
880
885
890
892
883
868
792
766
793
775
761
677
705
518
518
517
515
513
516
519
518
527
525
480
481
489
481
504
503
492
479
479
491
532
572
531
569
411
407
402
409
416
400
410
409
402
405
466
511
497
480
467
470
433
460
439
429
426
422
419
394
387
381
396
389
383
512
519
499
485
487
495
436
424
425
421
429
553
850
1088
414
414
414
414
0
0
0
0
0
0
0
0
0
0
0
0
0
0
0
0
1412
1412
1412
1411
1411
1408
1407
1405
1405
1410
1432
1488
1592
1580
1571
1528
1524
1482
1488
1502
1511
1508
1483
1454
1454
1469
1485
1486
1473
1486
1443
1400
1383
1381
1445
1550
1203
1197
1545
1576
1601
1577
1136
1125
1700
1256
1155
1012
983
1031
983
952
938
953
956
935
925
907
891
893
883
895
880
890
881
867
864
771
788
768
747
733
724
514
510
518
516
516
516
520
533
532
527
525
497
488
480
491
479
503
493
481
485
499
510
418
413
390
406
403
408
409
400
407
454
465
404
466
439
437
469
467
430
428
457
436
431
431
425
395
388
382
395
389
385
381
387
502
377
374
450
464
437
353
430
442
446
522
634
1029
415
415
415
415
0
0
0
0
0
0
0
0
16305
16304
16304
16302
0
0
0
0
1414
1413
1409
1402
1398
1402
1406
1406
1406
1410
1423
1455
1469
1464
1455
1459
1461
1477
1475
1477
1488
1459
1471
1445
1448
1453
1467
1479
1474
1512
1272
1397
1389
1349
1429
1557
1199
1603
1585
1608
1631
1576
1128
1121
1700
1704
1470
1001
973
1023
1026
951
937
921
904
899
891
941
916
925
912
859
878
845
877
866
855
828
798
782
767
765
755
739
513
510
506
516
516
524
523
533
528
526
501
486
484
483
481
486
484
485
491
510
510
422
393
401
406
402
400
391
398
430
487
449
466
463
496
482
466
455
430
453
448
436
429
429
424
390
383
397
393
390
385
380
485
489
376
372
369
470
473
353
420
359
436
457
548
1021
415
415
415
415
0
0
0
0
0
0
7553
7553
14833
16288
16308
16306
0
0
0
0
1414
1412
1404
1391
1388
1396
1404
1408
1409
1410
1414
1427
1437
1433
1424
1429
1433
1434
1436
1455
1454
1458
1483
1455
1452
1454
1464
1476
1471
1497
1436
1394
1384
1378
1437
1170
1511
1552
1615
1617
1625
1125
1126
1199
1709
1711
1632
946
1017
1010
1015
949
935
913
904
897
889
880
866
877
868
860
856
841
830
865
786
772
758
798
783
787
780
759
517
748
509
506
511
524
524
535
529
524
523
499
502
500
494
491
484
489
491
505
500
494
420
448
410
405
403
410
444
465
452
451
443
442
486
477
464
451
430
428
446
434
429
428
425
422
399
395
391
389
383
381
489
491
374
371
373
452
468
439
436
360
439
467
787
1017
415
415
415
415
0
0
0
0
0
0
7555
7555
7912
14538
16309
16308
0
0
0
0
1414
1410
1394
1380
1379
1389
1400
1408
1409
1403
1402
1414
1419
1414
1413
1423
1428
1407
1407
1433
1452
1459
1454
1492
1499
1477
1471
1488
1494
1332
1404
1370
1390
1403
1471
1169
1458
1531
1576
1208
1622
1120
1105
1194
1719
1700
1010
942
999
996
1003
1002
934
921
903
895
886
807
882
873
865
856
849
838
827
864
788
773
761
784
770
768
771
744
730
724
731
746
505
525
524
522
531
529
524
499
499
467
475
489
488
496
500
500
500
495
423
418
445
408
403
476
474
481
518
447
492
444
474
468
461
450
434
431
442
435
430
431
430
434
397
393
389
387
386
382
520
504
500
489
467
485
504
491
489
362
514
528
947
1032
415
415
415
415
0
0
0
0
0
0
7555
7555
7582
7554
16310
16308
0
0
0
0
0
1389
1380
1372
1374
1383
1392
1402
1402
1394
1394
1412
1418
1412
1425
1437
1443
1446
1446
1447
1466
1483
1492
1490
1497
1481
1475
1487
1491
1336
1392
1366
1394
1408
1176
1175
1465
1499
1586
1129
1606
1122
1107
1189
1707
1683
1000
937
990
993
1000
997
1002
919
923
893
884
904
879
870
861
884
845
834
867
864
790
775
815
801
733
754
767
739
723
717
729
744
509
527
526
510
509
508
507
506
500
483
484
489
493
497
502
502
500
495
490
421
416
411
406
454
451
522
533
451
500
446
472
466
460
430
430
443
441
433
428
429
434
445
445
391
387
391
387
523
524
512
507
508
500
519
543
516
516
545
617
839
954
1058
415
415
415
415
0
0
0
0
0
0
7555
7555
7555
7554
0
0
0
0
0
0
0
1383
1378
1371
1372
1380
1380
1391
1395
1391
1395
1417
1426
1431
1444
1447
1449
1447
1456
1462
1471
1483
1491
1487
1485
1485
1483
1497
1483
1364
1398
1365
1405
1427
1509
1177
1442
1535
1597
1637
1620
1124
1109
1184
1691
1660
962
1013
984
984
989
988
990
994
924
914
934
901
875
866
857
881
842
831
833
959
849
776
762
806
744
740
749
729
715
708
720
731
735
748
515
514
513
512
510
509
508
507
541
490
480
491
500
497
507
486
486
485
419
414
409
459
453
547
559
445
513
504
481
474
433
430
428
445
444
436
431
435
441
452
392
388
384
392
492
517
514
502
496
500
497
509
529
553
440
364
717
916
949
1045
415
415
415
415
0
0
0
0
0
0
0
0
0
0
0
0
0
0
0
0
1299
1300
1303
1308
1317
1329
1365
1382
1391
1395
1405
1428
1443
1455
1460
1460
1471
1495
1494
1502
1518
1516
1509
1499
1498
1501
1498
1498
1480
1466
1411
1389
1400
1438
1198
1222
1467
1522
1145
1597
1581
1571
1111
1180
1686
1641
957
1004
985
983
986
985
988
993
1011
942
932
898
889
881
889
879
851
841
830
827
810
778
817
755
747
770
758
732
723
715
722
728
728
737
519
518
627
515
514
513
512
511
522
475
474
480
483
481
501
465
481
485
480
417
412
473
447
445
442
440
526
435
484
476
428
425
449
445
447
444
444
450
449
449
390
386
400
392
508
515
511
501
499
508
506
513
531
562
365
649
787
935
951
1066
414
414
415
414
0
0
0
0
0
0
0
0
0
0
0
0
0
0
0
0
1299
1300
1303
1308
1316
1329
1352
1375
1390
1397
1413
1437
1461
1479
1487
1491
1513
1532
1528
1551
1556
1531
1520
1510
1505
1504
1403
1512
1483
1465
1419
1395
1410
1465
1560
1226
1513
1544
1341
1223
1220
1622
1113
1549
1617
1621
952
1008
986
985
986
982
983
985
1001
974
967
895
887
906
886
876
848
838
827
822
805
820
803
691
737
729
669
735
725
719
724
731
734
747
523
522
520
519
518
517
515
514
513
503
503
481
474
476
503
488
467
481
481
475
470
471
466
467
437
434
432
429
427
437
434
430
450
446
450
451
461
470
462
392
388
403
400
396
503
502
502
497
497
509
506
504
519
367
366
738
900
1026
990
1073
410
410
411
410
0
0
0
0
0
0
0
0
0
0
0
0
0
0
0
0
1299
1300
1303
1308
1317
1329
1346
1368
1383
1390
1407
1434
1465
1487
1501
1511
1533
1550
1556
1590
1596
1573
1547
1525
1531
1522
1515
1516
1485
1484
1434
1400
1422
1480
1531
1534
1566
1331
1533
1524
1222
1605
1141
1121
1618
1077
948
1008
985
987
988
980
978
975
990
961
958
957
909
902
883
873
845
835
824
817
800
817
707
690
673
742
638
726
712
707
719
727
731
747
538
525
520
519
691
510
510
518
683
669
503
590
509
506
559
497
492
486
481
476
471
470
465
467
464
460
457
454
451
434
462
454
453
452
460
467
504
398
485
390
404
401
398
479
486
493
497
499
508
375
505
509
544
595
366
840
987
1068
1055
1087
409
409
409
409
0
0
0
0
0
0
0
0
0
0
0
0
0
0
0
0
0
0
1318
1318
1319
1330
1347
1359
1364
1372
1389
1421
1456
1476
1497
1512
1533
1555
1571
1601
1611
1591
1559
1531
1529
1515
1503
1499
1477
1452
1429
1422
1446
1488
1567
1592
1591
1581
1552
1497
1276
1627
1150
1130
1177
1047
1015
1010
990
988
990
982
982
975
896
966
953
946
946
899
889
863
842
832
828
811
795
814
706
689
673
681
745
732
725
719
726
735
736
751
545
544
524
523
739
514
513
513
553
509
682
665
513
624
515
511
618
487
481
476
471
469
464
467
464
461
457
454
471
469
469
463
471
475
491
491
540
396
392
405
402
399
397
481
489
496
503
508
515
407
503
515
591
366
367
998
1052
1086
1083
1089
409
409
409
409
0
0
0
0
0
0
0
0
0
0
0
0
0
0
0
0
0
0
1318
1318
1319
1338
1352
1347
1346
1353
1372
1409
1448
1479
1505
1513
1528
1553
1579
1599
1601
1584
1551
1521
1511
1503
1498
1493
1470
1448
1450
1468
1477
1520
1212
1524
1605
1178
1536
1527
1611
1664
1160
1139
1119
1073
1030
1008
990
984
988
980
916
903
948
947
943
936
936
956
863
852
841
944
823
806
981
811
705
688
672
640
625
715
715
718
722
727
724
729
552
551
550
704
520
517
517
517
519
522
507
733
513
510
515
497
493
487
482
477
473
598
471
544
464
455
515
502
475
483
496
491
526
552
431
427
424
423
418
404
401
398
491
484
489
491
497
502
503
511
519
540
391
365
386
907
971
1088
1087
1088
410
410
409
409
0
0
0
0
0
0
0
0
0
0
0
0
0
0
0
0
0
0
1318
1318
1326
1356
1344
1336
1337
1344
1358
1396
1440
1489
1517
1515
1523
1554
1581
1595
1597
1581
1549
1524
1504
1501
1502
1496
1472
1457
1479
1514
1508
1551
1508
1543
1564
1562
1528
1535
1437
1692
1169
1148
1127
1037
1014
1026
1020
1005
923
955
956
936
936
939
944
940
934
950
861
852
842
835
818
801
971
779
704
687
671
633
734
728
722
713
724
727
725
724
730
738
739
747
525
525
524
524
524
523
508
506
513
510
516
498
493
489
484
480
609
611
613
583
613
567
554
452
500
509
440
440
437
423
430
426
416
422
418
413
399
397
502
490
491
492
508
524
503
515
563
392
601
387
385
813
958
1076
1080
1087
410
410
0
0
0
0
0
0
0
0
0
0
0
0
0
0
0
0
0
0
0
0
0
0
0
0
1338
1334
1337
1341
1382
1400
1438
1486
1500
1497
1506
1554
1582
1583
1575
1555
1532
1509
1488
1488
1494
1494
1473
1452
1470
1508
1503
1238
1553
1529
1573
1541
1514
1539
1621
1635
1329
1157
1260
1146
1072
1060
1042
933
1008
973
942
917
920
929
939
942
929
939
937
854
843
830
812
795
781
780
703
686
655
626
628
729
714
705
722
697
730
744
745
753
753
564
530
530
529
529
526
523
520
510
514
511
508
498
494
489
485
480
637
629
632
620
459
606
596
449
516
515
440
436
538
423
419
418
415
412
417
412
409
405
526
502
501
502
519
549
550
618
376
374
362
357
383
803
302
299
295
1087
410
410
0
0
0
0
0
0
0
0
0
0
0
0
0
0
0
0
0
0
0
0
0
0
0
0
1537
1547
1547
1521
1463
1428
1440
1474
1480
1479
1397
1399
1390
1560
1550
1537
1524
1508
1484
1478
1481
1485
1466
1453
1472
1501
1535
1535
1545
1554
1356
1521
1511
1548
1585
1573
1549
1475
1145
1134
1003
961
1060
1031
1003
960
926
901
906
929
941
943
926
934
929
855
843
824
807
791
777
781
702
753
734
731
736
717
707
706
710
704
722
751
774
794
582
582
582
579
534
575
684
523
520
517
514
511
508
499
632
490
485
481
477
654
645
638
641
632
658
449
440
530
441
513
576
422
419
415
414
411
416
413
410
405
405
512
512
507
515
547
604
370
375
366
361
356
382
813
307
304
300
297
293
0
0
0
0
0
0
0
0
0
0
0
0
0
0
0
0
0
0
0
0
0
1482
1484
1488
1495
1517
1532
1538
1528
1482
1427
1413
1429
1450
1455
1472
1396
1397
1398
1399
1400
1401
1402
1496
1482
1478
1483
1477
1474
1457
1493
1550
1572
1571
1571
1359
1491
1487
1329
1394
1544
1515
1454
1410
1143
995
1080
1056
1030
1001
956
925
906
919
943
955
953
933
940
927
824
823
807
853
751
752
782
788
776
760
754
633
727
726
727
716
721
741
700
700
574
575
582
582
579
579
549
583
524
521
517
514
511
508
499
495
490
486
481
477
473
476
463
460
635
692
449
443
590
437
536
425
422
417
415
410
402
402
413
410
407
404
521
528
520
533
553
372
369
367
365
353
340
770
825
987
1060
305
302
298
295
301
300
0
0
0
0
0
0
0
0
0
0
0
0
0
0
0
0
0
0
1481
1483
1486
1492
1506
1518
1520
1507
1473
1427
1402
1397
1410
1429
1463
1402
1403
1404
1405
1406
1407
1542
1499
1479
1476
1478
1490
1471
1451
1472
1553
1600
1578
1366
1454
1443
1443
1467
1395
1517
1407
1303
1233
1093
1099
1080
1054
1026
997
958
932
920
932
953
887
884
932
936
921
857
828
810
823
819
812
809
782
783
779
776
635
716
720
736
708
721
745
690
697
704
567
570
581
579
578
576
525
522
519
518
515
512
519
500
495
491
486
482
477
598
476
578
618
658
452
449
443
439
437
565
424
421
416
412
410
402
402
412
409
406
404
517
525
525
554
382
371
357
357
363
353
341
335
912
1053
1076
313
311
303
300
296
304
303
0
0
0
0
0
0
0
0
0
0
0
0
0
0
0
0
0
1479
1481
1484
1489
1500
1511
1510
1497
1461
1422
1415
1407
1408
1419
1446
1409
1410
1411
1412
1413
1536
1512
1485
1474
1478
1479
1482
1491
1462
1480
1555
1637
1466
1403
1465
1433
1419
1418
1443
1363
1264
1204
1099
1042
979
1066
1053
1027
997
968
950
938
938
946
946
892
886
943
869
858
855
826
808
815
816
738
700
683
667
651
638
757
738
757
748
755
768
742
712
722
706
705
558
577
575
574
524
521
518
518
515
523
589
515
496
491
487
482
570
554
594
639
682
466
457
453
443
431
427
622
424
420
396
393
397
397
397
411
408
406
389
518
531
536
570
369
562
575
357
354
352
341
336
976
326
322
1084
1086
0
312
311
309
307
0
0
0
0
0
0
0
0
0
0
0
0
0
0
0
0
0
1475
1459
1437
1440
1452
1466
1477
1478
1464
1425
1429
1438
1432
1428
1437
1471
1417
1418
1419
1420
1421
1490
1481
1481
1484
1485
1485
1483
1472
1508
1568
1602
1410
1498
1459
1439
1420
1420
1414
1372
1265
1205
1084
1041
1034
1031
1025
1008
989
976
967
951
938
937
935
858
889
884
870
859
854
825
829
819
749
731
699
682
666
654
640
622
606
634
889
794
794
543
542
541
539
697
556
554
565
716
524
521
518
510
506
523
519
509
509
492
487
585
566
547
538
464
460
466
457
453
449
431
427
427
424
397
595
410
397
397
397
396
405
403
389
521
535
535
549
381
365
618
357
354
351
346
337
345
329
325
320
1085
0
0
0
0
0
0
0
0
0
0
0
0
0
0
0
0
0
0
0
0
0
0
1469
1430
1429
1436
1455
1479
1502
1515
1511
1502
1501
1499
1481
1456
1449
1470
1423
1424
1425
1426
1427
1489
1495
1506
1502
1500
1507
1506
1504
1527
1572
1433
1519
1476
1445
1426
1425
1439
1425
1349
1257
1217
1069
1031
1025
1013
1019
994
988
983
971
960
945
936
927
853
811
887
786
776
855
822
832
747
748
732
721
681
768
683
642
624
587
587
596
828
805
540
539
538
557
698
724
718
729
732
759
520
535
510
506
503
593
507
511
484
480
579
611
579
572
567
461
453
449
453
442
431
427
427
418
414
631
409
397
397
397
395
393
562
540
525
545
539
557
567
585
357
357
354
351
351
337
1053
342
328
323
321
0
0
0
0
0
0
0
0
0
0
0
0
0
0
0
0
0
0
0
0
0
0
0
1429
1430
1442
1481
1537
1591
1618
1611
1592
1579
1572
1486
1487
1480
1484
1514
1546
1432
1433
1434
1486
1485
1491
1489
1497
1502
1494
1504
1522
1522
1492
1474
1466
1457
1448
1449
1473
1508
1388
1285
1075
1055
1045
1040
1016
998
985
981
987
978
965
952
937
925
919
816
807
790
780
866
841
850
746
747
733
722
778
771
685
645
632
611
608
602
765
752
761
799
773
730
697
552
565
565
748
526
522
518
510
507
503
519
494
489
484
480
568
617
653
470
569
457
548
449
440
435
437
432
427
418
414
410
406
406
391
391
391
393
556
546
533
559
555
594
622
380
362
362
354
354
352
348
1069
344
330
321
319
316
0
0
0
0
0
0
0
0
0
0
0
0
0
0
0
0
0
0
0
0
0
0
1429
1430
1481
1606
1707
1744
1742
1723
1691
1625
1625
1620
1490
1491
1496
1513
1562
1542
1537
1499
1479
1474
1473
1475
1485
1488
1483
1484
1482
1465
1454
1465
1482
1489
1457
1435
1414
1514
1270
1251
1204
1026
1060
1037
1009
1000
982
968
980
977
964
951
939
926
915
898
887
865
847
844
831
838
828
813
806
778
770
768
686
678
634
613
626
751
768
751
762
784
797
686
627
623
594
589
590
527
523
519
511
507
503
500
556
586
586
568
560
624
683
465
602
591
453
436
501
437
432
551
425
419
415
411
407
403
391
391
391
535
537
536
535
572
600
661
387
391
386
372
354
354
354
349
1074
1081
342
323
320
318
315
312
0
0
0
0
0
0
0
0
0
0
0
0
0
0
0
0
0
0
0
0
1429
1430
1770
1774
1778
1777
1773
1767
1762
2100
1626
1686
2085
1477
1487
1546
1555
1556
1488
1489
1462
1458
1464
1474
1481
1482
1478
1476
1478
1478
1476
1429
1534
1480
1450
1540
1529
1516
1273
1238
1163
1016
1104
958
1025
1008
988
977
974
980
964
950
943
926
918
900
882
860
844
842
833
834
828
801
802
778
781
784
687
680
669
643
587
581
575
754
768
744
624
625
628
641
612
603
598
605
595
520
515
511
524
500
493
488
581
591
586
659
460
464
465
458
445
525
527
434
430
545
421
548
415
399
399
399
391
391
391
527
528
539
548
619
392
389
387
648
388
373
354
354
362
351
1058
1074
1088
1085
322
320
317
314
0
0
0
0
0
0
0
0
0
0
0
0
0
0
0
0
0
0
0
0
1430
1431
1762
1769
1769
1769
1766
2145
2076
2108
2166
1526
1526
1444
1444
1446
1448
1490
1486
1462
1460
1462
1473
1487
1494
1484
1464
1464
1464
1509
1515
1531
1564
1604
1621
1421
1608
1582
1316
1510
1221
973
1080
1058
1032
1008
989
980
979
914
971
951
941
928
920
903
884
861
845
842
831
825
826
789
804
776
781
784
690
681
670
645
588
579
575
723
781
780
899
715
679
623
625
625
623
613
600
521
516
512
508
500
493
563
460
459
484
470
467
465
465
451
447
443
633
432
431
514
422
417
416
399
399
399
403
403
403
524
528
535
534
414
411
389
386
392
374
373
354
354
362
360
353
353
355
353
1082
321
319
316
0
0
0
0
0
0
0
0
0
0
0
0
0
0
0
0
0
0
0
0
0
0
1755
1756
1700
1708
1721
2055
2374
2323
2186
1528
1433
1429
1425
1434
1433
1526
1493
1494
1487
1481
1477
1469
1514
1502
1493
1493
1506
1508
1507
1483
1533
1516
1499
1556
1542
1561
1101
1141
985
971
1088
1072
1045
1012
992
985
981
982
972
955
940
928
920
905
886
857
842
835
824
826
824
818
810
777
778
772
775
778
743
720
705
691
714
736
610
602
894
849
628
623
726
534
529
524
526
492
488
483
584
501
580
583
491
568
561
573
587
620
635
464
448
444
440
436
433
428
423
406
402
399
399
399
406
403
401
527
538
543
542
589
402
389
386
378
374
370
370
367
363
364
353
353
351
349
1004
476
476
318
0
0
0
0
0
0
0
0
0
0
0
0
0
0
0
0
0
0
0
0
0
0
1755
1756
1672
1684
1691
1622
1644
2216
2242
1441
1444
1437
1431
1439
1438
1436
1502
1511
1507
1500
1515
1548
1559
1473
1470
1500
1474
1475
1476
1781
1640
1508
1577
1564
1557
1380
1140
1137
983
961
1083
1076
1065
1017
995
985
982
982
915
948
937
926
920
905
888
849
840
830
816
819
822
828
830
771
800
778
783
683
673
649
714
702
722
732
614
605
511
508
811
531
837
536
531
508
498
589
638
629
641
501
582
586
491
541
579
596
595
652
646
465
449
445
441
437
434
429
425
407
404
400
406
402
399
481
535
548
583
601
602
668
402
389
382
379
374
370
371
367
364
360
353
352
343
343
845
476
476
475
467
0
0
0
0
0
0
0
0
0
0
0
0
0
0
0
0
0
0
0
0
0
1756
1756
1634
1656
1666
1622
1450
1446
1423
1443
1432
1453
1439
1435
1443
1441
1500
1499
1499
1476
1465
1458
1450
1504
1492
1459
1460
1461
1463
1368
1358
1699
1683
1663
840
1406
1168
1134
982
1089
1088
1077
938
1023
999
990
984
982
976
945
929
916
907
896
879
853
828
812
799
801
799
811
830
781
693
765
773
746
717
707
713
703
714
727
618
609
514
510
507
535
505
501
599
528
499
612
591
485
480
501
498
495
491
550
541
482
632
721
718
466
462
446
441
439
435
431
426
418
405
402
400
400
400
528
563
558
609
400
397
402
394
385
382
378
553
374
370
367
362
359
353
351
343
327
475
476
476
474
467
0
0
0
0
0
0
0
0
0
0
0
0
0
0
0
0
0
0
0
0
0
0
1379
1384
1390
1389
1392
1402
1422
1443
1461
1465
1445
1437
1451
1437
1458
1485
1481
1485
1462
1455
1448
1468
1359
1355
1352
1507
1437
1431
1364
1354
1345
1705
1594
846
838
1164
1102
961
1096
1087
1083
1071
1030
999
990
986
986
976
945
925
912
905
892
875
849
822
806
794
792
792
800
821
700
742
741
694
683
719
744
739
719
726
727
744
612
571
513
759
519
507
503
619
623
712
495
603
486
481
490
486
575
479
550
540
588
657
488
490
475
463
460
441
441
445
432
427
422
415
411
400
400
400
591
602
578
630
400
397
666
390
384
381
551
549
531
559
361
361
353
352
349
329
327
325
320
319
473
468
0
0
0
0
0
0
0
0
0
0
0
0
0
0
0
0
0
0
0
1342
1344
1349
1361
1381
1387
1386
1386
1421
1442
1463
1447
1437
1439
1441
1450
1449
1493
1507
1525
1483
1485
1425
1557
1353
1350
1347
1343
1393
1395
1370
1360
1351
1341
1383
1531
851
843
1134
1111
952
1092
1092
934
932
1037
998
988
988
993
979
944
923
911
903
888
869
843
817
801
790
788
794
798
799
770
740
728
723
726
736
749
746
731
738
715
638
711
702
688
562
557
517
505
508
504
512
467
491
487
482
477
487
576
479
542
535
557
471
467
464
475
471
468
441
441
445
445
428
424
419
413
400
400
400
407
408
405
396
399
397
393
390
384
380
377
375
372
364
360
357
353
349
347
328
326
320
319
318
317
468
0
0
0
0
0
0
0
0
0
0
0
0
0
0
0
0
0
0
0
1347
1345
1349
1361
1365
1372
1385
1384
1441
1453
1455
1458
1460
1462
1465
1468
1470
1473
1475
1490
1554
1424
1417
1348
1344
1341
1336
1334
1332
1394
1394
1391
1401
1411
1378
1556
1513
1243
1141
1105
946
935
938
1105
899
1052
990
995
998
1003
987
945
924
911
901
884
862
838
814
798
786
785
788
788
786
788
769
737
718
722
731
731
737
721
722
704
701
699
690
689
565
559
519
515
510
506
472
468
464
488
483
478
487
570
465
576
564
617
459
459
459
461
471
467
441
441
445
445
446
437
430
417
417
412
410
624
402
609
632
628
614
392
389
576
369
365
374
364
512
532
530
352
349
341
336
326
320
319
318
317
315
0
0
0
0
0
0
0
0
0
0
0
0
0
0
0
0
0
0
0
1359
1376
1376
1374
1369
1365
1370
1440
2315
1476
1479
1482
1468
1482
1489
1492
1495
1497
1500
1514
1495
1416
1409
1339
1436
1404
1382
1374
1381
1396
1399
1404
1430
1444
1374
1638
1531
1326
1150
817
1096
929
934
902
894
1006
906
998
1005
1009
988
947
925
910
900
881
860
840
819
805
793
791
791
790
794
788
787
757
734
736
735
659
650
636
627
700
691
694
690
573
567
561
556
517
513
508
525
469
465
462
484
479
488
468
465
643
647
462
459
459
455
475
471
467
464
460
445
445
445
437
430
417
417
413
410
628
402
399
395
392
389
386
388
371
367
363
373
363
504
536
525
546
348
341
336
336
324
318
317
316
472
0
0
0
0
0
0
0
0
0
0
0
0
0
0
0
0
0
0
0
1369
1377
1380
1380
1378
1369
1364
1901
1865
2207
2286
1507
1509
1512
1515
1517
1520
1523
1538
1675
1414
1407
1479
1450
1419
1396
1386
1392
1390
1392
1393
1400
1424
1435
1370
1430
1423
1368
829
816
804
1087
905
897
1014
992
974
977
892
888
977
943
922
905
891
872
858
839
823
813
803
800
799
795
796
786
782
772
753
765
744
699
687
674
687
689
686
697
702
575
569
564
558
553
515
511
526
470
466
463
485
492
463
468
466
463
465
462
459
458
455
452
464
464
449
449
454
449
444
440
433
417
417
415
642
656
402
398
395
392
389
385
382
369
365
361
372
481
499
355
511
526
548
341
336
336
324
324
324
474
474
345
345
0
0
0
0
0
0
0
0
0
0
0
0
0
0
0
0
0
1383
1385
1387
1387
1385
1374
1402
1788
1936
1693
1684
1635
1752
1787
1805
1801
1748
1716
1679
1631
1591
1549
1487
1442
1417
1409
1398
1386
1382
1391
1391
1387
1407
1420
1420
1425
1348
1233
828
815
802
947
1009
1007
998
980
966
967
978
885
880
946
923
904
889
868
860
842
830
824
817
814
811
806
804
796
790
787
781
780
762
733
719
702
704
695
700
701
708
728
756
565
549
544
541
533
527
521
515
509
471
471
463
461
466
463
465
462
459
457
454
451
464
449
445
449
453
438
434
429
427
422
418
415
411
405
401
398
395
391
388
385
561
359
359
373
369
361
500
354
524
542
557
345
340
334
324
324
324
468
343
344
344
344
0
0
0
0
0
0
0
0
0
0
0
0
0
0
0
0
1383
1387
1395
1399
1400
1415
1572
1705
1760
1750
1891
1882
1882
1894
1893
1860
1794
1746
1709
1530
1564
1509
1479
1449
1427
1424
1408
1381
1373
1388
1401
1411
1423
1420
1411
1411
1383
839
826
813
801
903
990
988
984
975
972
980
986
879
864
858
927
905
892
865
844
835
829
826
822
819
818
815
811
797
785
777
770
769
763
756
751
618
610
616
715
701
708
720
571
565
550
532
529
534
528
522
516
510
471
471
471
473
473
473
467
464
465
462
452
450
451
448
445
449
452
437
433
429
425
422
408
408
411
404
401
398
394
391
318
314
382
359
359
371
367
472
476
522
353
350
347
345
338
336
331
329
469
469
342
342
342
342
0
0
0
0
0
0
0
0
0
0
0
0
0
0
0
1305
1309
1352
1393
1405
1424
1484
1595
1731
1849
1901
1973
2014
1991
1931
1939
1869
1832
1715
1700
1669
1594
1530
1485
1444
1407
1403
1391
1378
1378
1389
1412
1414
1403
1402
1407
1407
1384
838
825
1038
1003
984
984
992
999
998
990
991
836
833
858
852
934
905
885
857
839
838
827
822
817
816
819
818
813
794
778
768
761
762
760
758
755
728
727
602
735
709
714
720
750
566
550
544
529
537
528
522
516
511
471
471
471
473
473
473
467
464
462
459
452
452
450
447
444
449
452
436
431
428
424
415
408
408
411
404
401
397
394
318
622
311
381
487
359
368
481
472
483
352
353
350
347
576
332
331
330
476
469
469
0
341
341
341
0
0
0
0
0
0
0
0
0
confidence
0.0
0.0
0.0
0.0
0.0
0.0
0.0
0.0
0.0
0.019607844
0.09019608
0.1764706
0.25882354
0.3882353
0.4392157
-0.4117647
-0.24705882
-0.16078432
-0.039215688
-0.003921569
-0.003921569
-0.003921569
-0.003921569
-0.003921569
-0.003921569
-0.003921569
-0.003921569
-0.003921569
-0.003921569
-0.003921569
-0.003921569
-0.003921569
-0.003921569
-0.003921569
-0.003921569
-0.003921569
-0.003921569
-0.003921569
-0.27058825
-0.18039216
-0.003921569
-0.003921569
-0.30588236
-0.3647059
-0.08235294
-0.34901962
0.3529412
0.24313726
0.23529412
0.36078432
0.49411765
-0.38039216
-0.3019608
-0.2784314
-0.29411766
-0.2901961
-0.11372549
-0.1254902
-0.105882354
-0.003921569
-0.07058824
-0.003921569
-0.003921569
0.4627451
-0.3882353
-0.38431373
-0.40392157
-0.33333334
-0.43137255
-0.34901962
-0.003921569
-0.003921569
-0.003921569
-0.003921569
-0.003921569
-0.21960784
-0.105882354
-0.02745098
-0.003921569
-0.02745098
-0.050980393
-0.21568628
-0.4392157
0.3647059
-0.003921569
0.09803922
0.32941177
-0.5019608
-0.33333334
-0.30980393
-0.41568628
-0.38431373
-0.003921569
-0.003921569
0.33333334
-0.3372549
-0.003921569
-0.003921569
-0.003921569
-0.039215688
-0.039215688
-0.003921569
-0.17254902
-0.18039216
-0.003921569
-0.003921569
-0.003921569
-0.003921569
-0.003921569
-0.003921569
-0.003921569
-0.003921569
-0.003921569
-0.047058824
-0.019607844
-0.003921569
-0.003921569
-0.003921569
-0.003921569
-0.003921569
-0.003921569
-0.003921569
-0.003921569
-0.003921569
-0.003921569
-0.003921569
-0.003921569
-0.003921569
-0.003921569
-0.003921569
-0.003921569
-0.003921569
-0.003921569
-0.003921569
-0.003921569
-0.003921569
-0.003921569
-0.003921569
-0.003921569
-0.003921569
-0.003921569
-0.003921569
-0.003921569
-0.003921569
-0.003921569
-0.003921569
-0.003921569
-0.003921569
-0.003921569
-0.003921569
-0.003921569
-0.003921569
-0.003921569
-0.043137256
-0.21176471
-0.4745098
-0.02745098
0.36078432
0.06666667
0.0
0.0
0.0
0.0
0.0
0.0
0.0
0.0
0.0
0.0
0.015686275
0.09019608
0.18039216
0.24705882
0.36862746
0.49803922
-0.35686275
-0.21176471
-0.16862746
-0.003921569
-0.003921569
-0.003921569
-0.003921569
-0.003921569
-0.003921569
-0.003921569
-0.003921569
-0.003921569
-0.003921569
-0.003921569
-0.003921569
-0.003921569
-0.003921569
-0.003921569
-0.3019608
0.09803922
-0.1764706
-0.003921569
-0.003921569
-0.015686275
-0.43529412
0.015686275
0.0627451
0.07450981
-0.20784314
-0.21960784
-0.45490196
0.30588236
0.047058824
0.17254902
0.41568628
-0.4
-0.27450982
-0.23921569
-0.36078432
-0.34117648
-0.3764706
-0.1882353
-0.1764706
-0.15294118
-0.003921569
-0.07058824
-0.003921569
-0.003921569
0.49803922
-0.3764706
-0.48235294
0.45490196
-0.49411765
-0.3764706
-0.28235295
-0.003921569
-0.003921569
-0.003921569
-0.101960786
-0.14117648
-0.101960786
-0.003921569
-0.023529412
-0.003921569
-0.02745098
-0.078431375
-0.23921569
-0.3764706
0.4509804
0.49411765
0.09803922
0.08235294
-0.44313726
-0.18431373
-0.21568628
-0.21568628
-0.28235295
-0.34117648
-0.003921569
0.40784314
-0.21960784
-0.003921569
-0.003921569
-0.003921569
-0.039215688
-0.039215688
0.24705882
-0.40392157
-0.05882353
-0.007843138
-0.003921569
-0.003921569
-0.003921569
-0.003921569
-0.003921569
-0.003921569
-0.003921569
-0.03137255
-0.13725491
-0.039215688
-0.003921569
-0.003921569
-0.003921569
-0.003921569
-0.003921569
-0.003921569
-0.003921569
-0.003921569
-0.003921569
-0.003921569
-0.003921569
-0.011764706
-0.019607844
-0.07058824
-0.003921569
-0.003921569
-0.003921569
-0.003921569
-0.003921569
-0.003921569
-0.003921569
-0.003921569
-0.003921569
-0.003921569
-0.003921569
-0.003921569
-0.003921569
-0.003921569
-0.003921569
-0.003921569
-0.003921569
-0.003921569
-0.003921569
-0.003921569
-0.003921569
-0.003921569
-0.003921569
-0.003921569
-0.003921569
-0.003921569
-0.3647059
-0.02745098
0.043137256
0.039215688
0.0
0.0
0.0
0.0
0.0
0.0
0.0
0.0
0.0
0.0
0.02745098
0.105882354
0.1882353
0.23529412
0.30588236
0.40784314
-0.42352942
-0.27058825
-0.17254902
-0.043137256
-0.003921569
-0.003921569
-0.003921569
-0.003921569
-0.003921569
-0.003921569
-0.003921569
-0.003921569
-0.003921569
-0.003921569
-0.003921569
-0.003921569
-0.003921569
-0.003921569
-0.003921569
-0.003921569
-0.003921569
-0.047058824
-0.23921569
-0.43137255
-0.39215687
-0.5019608
0.43529412
-0.4627451
-0.29803923
-0.2784314
-0.4392157
0.36862746
0.4745098
-0.21568628
0.45882353
-0.36862746
-0.28627452
-0.37254903
-0.41568628
-0.25490198
-0.2627451
-0.1882353
-0.09411765
-0.003921569
-0.003921569
-0.003921569
0.46666667
0.45490196
-0.3372549
-0.2627451
-0.37254903
-0.11764706
-0.49411765
-0.22352941
-0.14509805
-0.05882353
-0.003921569
-0.003921569
-0.2784314
-0.12941177
-0.03137255
-0.13333334
-0.14901961
-0.15686275
-0.08627451
-0.11372549
-0.21568628
-0.44705883
-0.49411765
-0.4509804
0.09803922
0.08235294
0.4392157
-0.101960786
-0.13333334
-0.105882354
-0.003921569
-0.18431373
-0.42352942
-0.27450982
-0.1882353
-0.003921569
-0.003921569
-0.003921569
-0.24705882
-0.49803922
0.42352942
-0.49411765
-0.07058824
-0.003921569
-0.003921569
-0.003921569
-0.003921569
-0.003921569
-0.003921569
-0.003921569
-0.003921569
-0.011764706
-0.03529412
-0.003921569
-0.003921569
-0.003921569
-0.003921569
-0.003921569
-0.003921569
-0.003921569
-0.003921569
-0.003921569
-0.039215688
-0.003921569
-0.039215688
-0.050980393
-0.14509805
-0.21176471
-0.14117648
-0.003921569
-0.003921569
-0.003921569
-0.003921569
-0.003921569
-0.003921569
-0.003921569
-0.003921569
-0.003921569
-0.003921569
-0.003921569
-0.003921569
-0.003921569
-0.003921569
-0.003921569
-0.003921569
-0.003921569
-0.003921569
-0.003921569
-0.003921569
-0.003921569
-0.003921569
-0.003921569
-0.003921569
-0.003921569
-0.02745098
0.30980393
0.14509805
0.007843138
0.007843138
0.0
0.0
0.0
0.0
0.0
0.0
0.0
0.0
0.007843138
0.047058824
0.11764706
0.1764706
0.20784314
0.23529412
0.25882354
0.40784314
-0.42352942
-0.3372549
-0.18039216
-0.003921569
-0.003921569
-0.003921569
-0.003921569
-0.003921569
-0.003921569
-0.003921569
-0.003921569
-0.003921569
-0.003921569
-0.003921569
-0.003921569
-0.003921569
-0.003921569
-0.003921569
-0.003921569
-0.003921569
-0.25490198
-0.3529412
-0.015686275
-0.003921569
-0.27450982
0.30588236
0.2784314
0.48235294
0.46666667
-0.40784314
-0.3647059
-0.4509804
0.38039216
0.32941177
0.41568628
0.4117647
0.4627451
0.40784314
-0.48235294
-0.35686275
-0.27058825
-0.14509805
-0.003921569
-0.003921569
-0.003921569
-0.21176471
-0.3647059
-0.20392157
-0.13725491
-0.17254902
-0.3529412
-0.4627451
-0.21568628
-0.14509805
-0.20784314
-0.003921569
-0.003921569
-0.003921569
-0.003921569
-0.003921569
-0.05490196
-0.08627451
-0.16862746
-0.003921569
-0.003921569
-0.14117648
0.4862745
0.3882353
-0.4627451
0.08235294
0.039215688
0.4509804
-0.12941177
0.039215688
-0.11372549
-0.003921569
-0.019607844
-0.24313726
-0.13333334
-0.24313726
-0.003921569
-0.003921569
-0.003921569
-0.003921569
-0.3529412
-0.11764706
-0.30588236
-0.19215687
-0.09803922
-0.003921569
-0.003921569
-0.003921569
-0.003921569
-0.003921569
-0.003921569
-0.015686275
-0.06666667
-0.0627451
-0.003921569
-0.003921569
-0.003921569
-0.003921569
-0.003921569
-0.003921569
-0.003921569
-0.003921569
-0.003921569
-0.12941177
-0.11764706
-0.13333334
-0.19607843
-0.14901961
-0.23529412
-0.21176471
-0.03529412
-0.003921569
-0.003921569
-0.003921569
-0.003921569
-0.003921569
-0.003921569
-0.003921569
-0.003921569
-0.003921569
-0.003921569
-0.003921569
-0.003921569
-0.003921569
-0.003921569
-0.003921569
-0.003921569
-0.003921569
-0.003921569
-0.003921569
-0.003921569
-0.003921569
-0.003921569
-0.003921569
-0.003921569
-0.003921569
-0.02745098
-0.003921569
-0.14117648
0.011764706
0.0
0.0
0.0
0.0
0.0
0.0
0.0
0.0
0.011764706
0.047058824
0.09803922
0.14117648
0.15686275
0.16862746
0.20784314
0.3372549
0.4745098
-0.45882353
-0.2784314
-0.003921569
-0.003921569
-0.003921569
-0.003921569
-0.003921569
-0.003921569
-0.003921569
-0.003921569
-0.003921569
-0.003921569
-0.003921569
-0.003921569
-0.003921569
-0.15294118
-0.003921569
-0.023529412
-0.23529412
-0.003921569
-0.003921569
-0.003921569
-0.003921569
-0.38039216
0.08235294
-0.47058824
-0.3647059
-0.3529412
-0.12941177
-0.08235294
-0.19215687
-0.45882353
-0.21568628
0.3372549
-0.21568628
0.047058824
0.31764707
0.49019608
-0.42745098
-0.38039216
-0.43137255
-0.18039216
-0.003921569
-0.003921569
-0.003921569
-0.007843138
-0.02745098
-0.03137255
-0.02745098
-0.34117648
0.43529412
-0.2627451
-0.105882354
-0.12156863
-0.003921569
-0.003921569
-0.003921569
-0.003921569
-0.003921569
-0.003921569
-0.023529412
-0.003921569
-0.003921569
-0.003921569
-0.22745098
0.30588236
-0.1764706
0.46666667
0.039215688
0.039215688
-0.2784314
-0.05882353
0.039215688
-0.06666667
-0.003921569
-0.003921569
-0.28235295
-0.35686275
-0.14509805
-0.003921569
-0.003921569
-0.003921569
-0.16078432
-0.37254903
-0.30588236
-0.20784314
-0.25882354
-0.27058825
-0.05490196
-0.003921569
-0.003921569
-0.003921569
-0.003921569
-0.003921569
-0.003921569
-0.003921569
-0.003921569
-0.003921569
-0.003921569
-0.003921569
-0.003921569
-0.003921569
-0.003921569
-0.003921569
-0.003921569
-0.003921569
-0.105882354
-0.23921569
-0.19607843
-0.2509804
-0.12941177
-0.24313726
-0.19215687
-0.047058824
-0.003921569
-0.003921569
-0.003921569
-0.003921569
-0.003921569
-0.003921569
-0.003921569
-0.003921569
-0.003921569
-0.003921569
-0.003921569
-0.02745098
-0.003921569
-0.003921569
-0.003921569
-0.003921569
-0.078431375
-0.16862746
-0.003921569
-0.003921569
-0.003921569
-0.003921569
-0.019607844
-0.06666667
-0.003921569
-0.02745098
-0.14117648
-0.14117648
0.0
0.0
0.0
0.0
0.0
0.0
0.0
0.0
0.0
0.007843138
0.03137255
0.06666667
0.101960786
0.11372549
0.08235294
0.101960786
0.20392157
0.07450981
0.46666667
0.47843137
-0.2901961
-0.015686275
-0.003921569
-0.003921569
-0.003921569
-0.003921569
-0.30980393
-0.003921569
-0.003921569
-0.003921569
-0.003921569
-0.003921569
-0.003921569
-0.13725491
-0.1882353
-0.14117648
-0.003921569
-0.30980393
-0.30588236
-0.003921569
-0.003921569
-0.003921569
0.08235294
-0.003921569
-0.003921569
-0.003921569
-0.003921569
-0.12156863
-0.42352942
-0.0627451
-0.49411765
-0.42745098
-0.3372549
-0.35686275
-0.4
-0.4862745
-0.40392157
-0.34901962
0.41960785
-0.3529412
-0.003921569
-0.003921569
-0.003921569
-0.003921569
-0.003921569
-0.003921569
-0.003921569
-0.19607843
-0.32941177
-0.12156863
-0.003921569
-0.003921569
-0.003921569
-0.003921569
-0.003921569
-0.003921569
-0.043137256
-0.05490196
-0.105882354
-0.011764706
-0.039215688
-0.101960786
-0.28627452
0.050980393
-0.45882353
0.3529412
0.0627451
0.039215688
-0.22745098
-0.20392157
-0.12156863
-0.05490196
-0.003921569
-0.003921569
-0.2
-0.28235295
-0.15294118
-0.003921569
-0.003921569
-0.043137256
-0.29411766
-0.45490196
-0.4509804
-0.2
-0.27058825
-0.22352941
-0.15686275
-0.105882354
-0.007843138
-0.003921569
-0.003921569
-0.003921569
-0.003921569
-0.003921569
-0.003921569
-0.003921569
-0.003921569
-0.003921569
-0.003921569
-0.003921569
-0.003921569
-0.003921569
-0.003921569
-0.003921569
-0.17254902
-0.24313726
-0.21176471
-0.18039216
-0.14509805
-0.22745098
-0.13333334
-0.003921569
-0.003921569
-0.003921569
-0.003921569
-0.003921569
-0.003921569
-0.003921569
-0.003921569
-0.003921569
-0.003921569
-0.003921569
-0.003921569
-0.078431375
-0.050980393
-0.07450981
-0.13725491
-0.15686275
-0.09411765
-0.003921569
-0.003921569
-0.003921569
-0.003921569
-0.003921569
-0.003921569
-0.07450981
-0.47058824
-0.003921569
-0.14117648
-0.14117648
0.0
0.0
0.0
0.0
0.0
0.0
0.0
0.0
0.0
0.003921569
0.023529412
0.047058824
0.078431375
0.101960786
0.09019608
0.0
0.015686275
0.105882354
0.3019608
0.39215687
0.4745098
-0.22745098
-0.003921569
-0.003921569
-0.003921569
-0.003921569
-0.3372549
-0.003921569
-0.003921569
-0.003921569
-0.003921569
-0.003921569
-0.003921569
-0.078431375
-0.003921569
-0.003921569
-0.03137255
0.05490196
-0.023529412
-0.003921569
-0.003921569
-0.13333334
-0.40784314
-0.003921569
-0.003921569
-0.003921569
-0.003921569
-0.003921569
-0.101960786
-0.21960784
0.44313726
-0.4509804
-0.3137255
-0.16862746
-0.3019608
0.49019608
-0.36078432
-0.05882353
-0.07058824
-0.2784314
-0.06666667
-0.003921569
-0.003921569
-0.003921569
-0.003921569
-0.003921569
-0.003921569
-0.003921569
-0.003921569
-0.003921569
-0.003921569
-0.003921569
-0.003921569
-0.003921569
-0.003921569
-0.14509805
-0.22352941
-0.23921569
-0.29803923
-0.16470589
-0.08627451
-0.003921569
-0.16470589
0.37254903
-0.43529412
-0.43529412
0.05490196
0.0627451
-0.29803923
-0.09411765
-0.023529412
-0.16862746
-0.003921569
-0.007843138
-0.003921569
-0.019607844
-0.043137256
-0.003921569
-0.003921569
-0.12941177
-0.3882353
-0.47843137
-0.45882353
-0.24313726
-0.24313726
-0.16862746
-0.26666668
-0.11372549
-0.003921569
-0.015686275
-0.003921569
-0.003921569
-0.003921569
-0.003921569
-0.003921569
-0.003921569
-0.003921569
-0.003921569
-0.03529412
-0.003921569
-0.03137255
-0.003921569
-0.003921569
-0.003921569
-0.23921569
-0.3019608
-0.24705882
-0.21960784
-0.19607843
-0.23921569
-0.14509805
-0.003921569
-0.003921569
-0.003921569
-0.003921569
-0.003921569
-0.003921569
-0.003921569
-0.003921569
-0.003921569
-0.003921569
-0.003921569
-0.003921569
-0.05490196
-0.023529412
-0.09019608
-0.1882353
-0.03529412
-0.003921569
-0.003921569
-0.003921569
-0.003921569
-0.003921569
-0.003921569
-0.003921569
-0.07058824
-0.37254903
0.3529412
-0.003921569
-0.14117648
0.0
0.0
0.0
0.0
0.0
0.0
0.0
0.0
0.0
0.003921569
0.02745098
0.05490196
0.08235294
0.11764706
0.14509805
0.105882354
0.17254902
0.21176471
0.31764707
0.49019608
0.4627451
-0.21176471
-0.007843138
-0.003921569
-0.003921569
-0.003921569
-0.003921569
-0.003921569
-0.003921569
-0.003921569
-0.003921569
-0.003921569
-0.003921569
-0.23529412
-0.19215687
-0.003921569
-0.1882353
-0.43529412
-0.003921569
-0.003921569
-0.003921569
-0.16078432
-0.25490198
-0.003921569
-0.003921569
-0.003921569
-0.003921569
-0.023529412
-0.43529412
-0.19607843
-0.28235295
-0.14117648
-0.14901961
-0.08627451
-0.28235295
-0.35686275
-0.21568628
-0.02745098
-0.003921569
-0.22745098
-0.15686275
-0.003921569
-0.003921569
-0.003921569
-0.003921569
-0.003921569
-0.003921569
-0.003921569
-0.003921569
-0.003921569
-0.003921569
-0.003921569
-0.34901962
-0.31764707
-0.2
0.46666667
-0.36862746
-0.41960785
-0.4
-0.3137255
-0.09411765
-0.007843138
-0.23921569
0.30980393
-0.43529412
-0.43529412
0.38431373
0.078431375
-0.35686275
-0.28627452
-0.2
-0.29803923
-0.09803922
-0.07450981
-0.13725491
-0.24313726
-0.2509804
-0.23137255
-0.31764707
0.49019608
0.44313726
0.43529412
0.22745098
0.047058824
-0.24313726
-0.36078432
-0.39607844
-0.31764707
-0.06666667
-0.023529412
-0.003921569
-0.003921569
-0.003921569
-0.003921569
-0.003921569
-0.003921569
-0.003921569
-0.050980393
-0.24705882
-0.09803922
-0.28627452
-0.12156863
-0.11372549
-0.22352941
-0.37254903
-0.41568628
-0.40392157
-0.36862746
-0.30980393
-0.30588236
-0.20784314
-0.003921569
-0.003921569
-0.003921569
-0.003921569
-0.003921569
-0.003921569
-0.003921569
-0.003921569
-0.003921569
-0.003921569
-0.003921569
-0.003921569
-0.039215688
-0.003921569
-0.011764706
-0.047058824
-0.003921569
-0.003921569
-0.003921569
-0.003921569
-0.003921569
-0.003921569
-0.003921569
-0.003921569
-0.003921569
-0.2509804
-0.49019608
0.32941177
0.14509805
0.003921569
0.0
0.0
0.0
0.0
0.0
0.0
0.0
0.0
0.007843138
0.039215688
0.08235294
0.10980392
0.13725491
0.16078432
0.1882353
0.23529412
0.16078432
0.3529412
-0.4509804
0.48235294
-0.1764706
-0.09019608
-0.003921569
-0.003921569
-0.047058824
-0.003921569
-0.003921569
-0.003921569
-0.003921569
-0.003921569
-0.003921569
-0.003921569
-0.003921569
-0.003921569
-0.003921569
-0.003921569
-0.003921569
-0.003921569
-0.003921569
-0.003921569
-0.003921569
-0.16078432
-0.003921569
-0.003921569
-0.003921569
-0.003921569
-0.003921569
-0.12941177
-0.043137256
-0.03529412
-0.003921569
-0.003921569
-0.003921569
-0.14117648
-0.25490198
-0.07450981
-0.003921569
-0.003921569
-0.003921569
-0.003921569
-0.003921569
-0.003921569
-0.003921569
-0.003921569
-0.003921569
-0.003921569
-0.003921569
-0.003921569
-0.003921569
-0.003921569
-0.003921569
-0.2627451
-0.003921569
-0.003921569
-0.3764706
-0.4392157
0.4117647
-0.003921569
-0.42352942
-0.26666668
-0.13725491
-0.44705883
0.078431375
-0.43529412
-0.43529412
0.18431373
0.0
0.40392157
0.42745098
-0.5019608
0.45882353
0.47843137
-0.39607844
-0.3254902
0.49803922
0.31764707
0.4627451
0.45882353
0.34117648
0.0627451
0.08235294
0.03529412
0.050980393
0.003921569
-0.43137255
0.49803922
-0.40784314
-0.1882353
-0.21176471
-0.047058824
-0.17254902
-0.22745098
-0.16862746
-0.1764706
-0.19607843
-0.11372549
-0.25882354
-0.27058825
-0.32156864
-0.3882353
-0.29803923
-0.32156864
-0.42745098
0.4627451
0.45490196
-0.4862745
-0.4745098
-0.45490196
-0.41960785
-0.25490198
-0.003921569
-0.003921569
-0.003921569
-0.003921569
-0.003921569
-0.003921569
-0.003921569
-0.003921569
-0.003921569
-0.003921569
-0.003921569
-0.003921569
-0.039215688
-0.003921569
-0.003921569
-0.003921569
-0.003921569
-0.003921569
-0.003921569
-0.003921569
-0.003921569
-0.003921569
-0.003921569
-0.003921569
-0.003921569
-0.13725491
-0.4509804
0.36078432
0.1764706
0.003921569
0.0
0.0
0.0
0.0
0.0
0.0
0.0
0.0
0.011764706
0.05490196
0.10980392
0.13333334
0.14901961
0.18039216
0.21568628
0.23529412
0.21568628
0.47058824
-0.39215687
-0.37254903
-0.14117648
-0.043137256
-0.003921569
-0.03529412
-0.1254902
-0.03529412
-0.003921569
-0.003921569
-0.003921569
-0.003921569
-0.003921569
-0.003921569
-0.003921569
-0.07450981
-0.003921569
-0.003921569
-0.003921569
-0.003921569
-0.003921569
-0.003921569
-0.003921569
-0.003921569
-0.003921569
-0.003921569
-0.003921569
-0.003921569
-0.003921569
-0.15294118
-0.05882353
-0.12941177
-0.14901961
-0.21568628
-0.02745098
-0.28627452
-0.36862746
-0.13333334
-0.003921569
-0.003921569
-0.003921569
-0.003921569
-0.003921569
-0.003921569
-0.003921569
-0.003921569
-0.003921569
-0.003921569
-0.003921569
-0.003921569
-0.003921569
-0.003921569
-0.003921569
-0.003921569
-0.003921569
-0.003921569
-0.101960786
-0.39607844
-0.4745098
0.41960785
0.49019608
-0.40392157
-0.23137255
-0.4745098
0.078431375
0.12156863
0.07450981
0.09803922
0.015686275
0.17254902
0.14509805
0.24313726
0.16470589
0.11372549
0.36078432
0.27058825
0.31764707
0.14901961
0.24313726
0.1254902
0.28627452
0.039215688
0.0627451
0.101960786
0.019607844
0.101960786
0.3019608
0.36078432
0.32156864
-0.45882353
-0.44705883
-0.38431373
0.38431373
0.44313726
0.45882353
0.47843137
0.4862745
-0.47058824
-0.47843137
-0.45882353
0.49019608
0.32156864
0.02745098
0.043137256
0.3372549
0.2784314
0.2901961
0.40392157
0.3882353
0.35686275
0.38039216
-0.4509804
-0.2509804
-0.101960786
-0.003921569
-0.003921569
-0.003921569
-0.003921569
-0.003921569
-0.003921569
-0.003921569
-0.003921569
-0.003921569
-0.003921569
-0.06666667
-0.003921569
-0.050980393
-0.003921569
-0.003921569
-0.003921569
-0.003921569
-0.003921569
-0.003921569
-0.003921569
-0.003921569
-0.003921569
-0.003921569
-0.03529412
-0.40392157
0.40784314
0.23137255
0.003921569
0.0
0.0
0.0
0.0
0.0
0.0
0.0
0.0
0.011764706
0.07058824
0.14901961
0.17254902
0.18431373
0.21176471
0.25490198
0.2901961
0.4
-0.44705883
-0.34901962
-0.25490198
-0.015686275
-0.003921569
-0.003921569
-0.015686275
-0.039215688
-0.03529412
-0.003921569
-0.003921569
-0.003921569
-0.003921569
-0.003921569
-0.003921569
-0.003921569
-0.003921569
-0.003921569
0.09803922
-0.003921569
-0.003921569
-0.003921569
-0.003921569
-0.003921569
-0.003921569
-0.003921569
-0.003921569
-0.003921569
-0.003921569
-0.15294118
-0.3137255
-0.38039216
-0.34509805
-0.3764706
-0.32156864
-0.3019608
0.4745098
0.49411765
-0.44705883
-0.10980392
-0.003921569
-0.003921569
-0.003921569
-0.09411765
-0.003921569
-0.003921569
-0.003921569
-0.003921569
-0.003921569
-0.1254902
-0.003921569
-0.003921569
-0.003921569
-0.003921569
-0.003921569
-0.003921569
-0.003921569
-0.105882354
-0.3372549
-0.30588236
0.49411765
0.48235294
-0.45882353
-0.49019608
0.36862746
0.2
0.06666667
0.0
0.07058824
0.0
0.019607844
0.07058824
0.011764706
0.003921569
0.007843138
0.0
0.03529412
0.09019608
0.0
0.02745098
0.050980393
0.06666667
0.11372549
0.11764706
0.03137255
0.043137256
0.003921569
0.02745098
0.09411765
0.015686275
0.0
0.16862746
0.2509804
0.015686275
-0.39607844
-0.39607844
-0.39607844
0.0
0.0
0.003921569
0.007843138
0.015686275
0.2
0.015686275
0.015686275
0.03137255
0.11372549
0.14117648
0.19607843
0.20784314
0.4
0.4
0.4
0.3882353
-0.3882353
-0.003921569
-0.003921569
-0.003921569
-0.003921569
-0.003921569
-0.003921569
-0.003921569
-0.003921569
-0.003921569
-0.047058824
-0.09411765
-0.003921569
-0.007843138
-0.003921569
-0.003921569
-0.003921569
-0.003921569
-0.003921569
-0.003921569
-0.003921569
-0.003921569
-0.003921569
-0.003921569
-0.21568628
-0.34509805
0.43529412
0.21568628
0.003921569
0.0
0.0
0.0
0.0
0.0
0.0
0.0
0.0
0.023529412
0.101960786
0.2
0.24313726
0.27058825
0.3137255
0.36862746
0.47058824
-0.45490196
-0.42745098
-0.3372549
-0.19607843
-0.003921569
-0.011764706
-0.10980392
-0.043137256
-0.003921569
-0.003921569
-0.003921569
-0.003921569
-0.003921569
-0.003921569
-0.003921569
-0.003921569
-0.003921569
-0.003921569
-0.003921569
-0.05490196
-0.003921569
-0.003921569
-0.003921569
-0.003921569
-0.003921569
-0.003921569
-0.003921569
-0.003921569
-0.003921569
-0.19215687
-0.30980393
0.4509804
-0.45882353
0.4627451
0.44313726
-0.41960785
-0.41960785
-0.003921569
-0.003921569
0.34901962
-0.25882354
-0.003921569
-0.003921569
-0.003921569
-0.12156863
-0.003921569
-0.003921569
-0.003921569
-0.003921569
-0.015686275
-0.14117648
-0.06666667
-0.015686275
-0.003921569
-0.003921569
-0.003921569
-0.003921569
-0.003921569
-0.10980392
-0.21568628
-0.28627452
0.4509804
0.39607844
0.25490198
0.2784314
0.2
0.050980393
0.0
0.0
0.0
0.0
0.0
0.003921569
0.08627451
0.03137255
0.015686275
0.02745098
0.1764706
0.03137255
0.03529412
0.0
0.0
0.02745098
0.02745098
0.015686275
0.05490196
0.12941177
0.06666667
0.08627451
0.12941177
0.16862746
0.011764706
0.0
0.0
0.07450981
0.05490196
0.039215688
0.03529412
0.007843138
0.003921569
0.023529412
0.039215688
0.06666667
0.007843138
0.08627451
0.007843138
0.0
0.03137255
0.03529412
0.03529412
0.05882353
0.011764706
0.4
0.05490196
0.11372549
0.38431373
-0.21568628
-0.05490196
-0.011764706
-0.003921569
-0.003921569
-0.003921569
-0.003921569
-0.003921569
-0.003921569
-0.20784314
-0.14509805
-0.02745098
-0.003921569
-0.003921569
-0.003921569
-0.003921569
-0.003921569
-0.003921569
-0.003921569
-0.003921569
-0.003921569
-0.003921569
-0.003921569
-0.15686275
-0.3764706
0.4117647
0.17254902
0.003921569
0.0
0.0
0.0
0.0
0.0
0.0
0.0
0.011764706
0.047058824
0.13333334
0.23921569
0.3137255
0.3764706
0.45882353
-0.4627451
-0.3254902
-0.26666668
-0.3529412
-0.28627452
-0.16470589
-0.03529412
-0.050980393
-0.078431375
-0.003921569
-0.003921569
-0.003921569
-0.003921569
-0.003921569
-0.003921569
-0.003921569
-0.003921569
-0.003921569
-0.003921569
-0.003921569
-0.043137256
-0.14509805
-0.003921569
-0.003921569
-0.003921569
-0.003921569
-0.003921569
-0.003921569
-0.003921569
-0.003921569
-0.003921569
-0.3764706
-0.023529412
-0.023529412
0.39607844
0.49803922
0.41568628
-0.38039216
-0.39607844
0.31764707
-0.003921569
-0.019607844
-0.29411766
-0.003921569
-0.003921569
-0.003921569
-0.0627451
-0.003921569
-0.003921569
-0.003921569
-0.003921569
-0.003921569
-0.06666667
-0.16470589
-0.16862746
-0.02745098
-0.003921569
-0.003921569
-0.003921569
-0.24705882
-0.21568628
-0.22352941
-0.44705883
0.34901962
0.043137256
0.003921569
0.007843138
0.07450981
0.023529412
0.015686275
0.09019608
0.0
0.023529412
0.05490196
0.09803922
0.3137255
0.30588236
0.23529412
0.28235295
0.42352942
0.2784314
0.32156864
0.023529412
0.015686275
0.3254902
0.20784314
0.22745098
0.13333334
0.2509804
0.16078432
0.17254902
0.13333334
0.26666668
0.07058824
0.003921569
0.0
0.15686275
0.27058825
0.101960786
0.02745098
0.023529412
0.011764706
0.02745098
0.03529412
0.05490196
0.0
0.0
0.043137256
0.007843138
0.0
0.03137255
0.05490196
0.043137256
0.023529412
0.047058824
0.003921569
0.007843138
0.16078432
0.3764706
-0.3647059
-0.33333334
-0.22352941
-0.078431375
-0.05490196
-0.21176471
-0.16470589
-0.14117648
-0.35686275
-0.3372549
-0.17254902
-0.003921569
-0.003921569
-0.003921569
-0.003921569
-0.003921569
-0.003921569
-0.003921569
-0.003921569
-0.003921569
-0.003921569
-0.003921569
-0.20784314
-0.5019608
0.34901962
0.17254902
0.003921569
0.0
0.0
0.0
0.0
0.0
0.0
0.0
0.015686275
0.22352941
0.22352941
0.23529412
0.3254902
0.40784314
-0.4627451
-0.38431373
-0.26666668
-0.19607843
-0.2784314
-0.18431373
-0.1254902
-0.10980392
-0.011764706
-0.003921569
-0.003921569
-0.003921569
-0.003921569
-0.003921569
-0.003921569
-0.003921569
-0.003921569
-0.003921569
-0.003921569
-0.003921569
-0.003921569
-0.105882354
-0.15686275
-0.003921569
-0.003921569
-0.003921569
-0.003921569
-0.06666667
-0.49411765
-0.003921569
-0.003921569
-0.07058824
0.46666667
-0.023529412
-0.023529412
0.36862746
0.47058824
-0.3372549
-0.29803923
-0.34117648
0.47058824
-0.003921569
0.39215687
-0.34509805
-0.003921569
-0.003921569
-0.003921569
-0.003921569
-0.003921569
-0.003921569
-0.003921569
-0.003921569
-0.003921569
-0.05882353
-0.29803923
-0.30980393
-0.14901961
-0.13333334
-0.101960786
-0.105882354
0.2901961
0.3764706
-0.43529412
0.2784314
0.18039216
0.0
0.039215688
0.015686275
0.0
0.019607844
0.011764706
0.34117648
0.015686275
0.02745098
0.019607844
0.043137256
-0.27058825
-0.078431375
-0.02745098
-0.003921569
-0.050980393
-0.02745098
-0.003921569
-0.0627451
-0.16862746
-0.07058824
-0.3137255
-0.35686275
-0.45882353
-0.49019608
0.40784314
0.48235294
0.31764707
0.37254903
0.26666668
0.15294118
0.09803922
0.08235294
0.19607843
0.26666668
0.12156863
0.06666667
0.023529412
0.03137255
0.08627451
0.08627451
0.06666667
0.02745098
0.050980393
0.050980393
0.11372549
0.16470589
0.16470589
0.23529412
0.27058825
0.21176471
0.25490198
0.20392157
0.08627451
0.0
0.007843138
0.32156864
0.43137255
-0.3882353
-0.29411766
-0.44705883
-0.4862745
-0.41568628
0.41568628
0.35686275
-0.4
-0.14901961
-0.003921569
-0.003921569
-0.003921569
-0.003921569
-0.003921569
-0.003921569
-0.003921569
-0.003921569
-0.003921569
-0.023529412
-0.31764707
0.40392157
0.24705882
0.13333334
0.0
0.0
0.0
0.0
0.0
0.0
0.0
0.0
0.015686275
0.22352941
0.22352941
0.19607843
0.25882354
0.31764707
0.45490196
-0.39607844
-0.3019608
-0.14509805
-0.19607843
-0.16862746
-0.14117648
-0.12156863
-0.07450981
-0.003921569
-0.003921569
-0.003921569
-0.003921569
-0.003921569
-0.003921569
-0.003921569
-0.003921569
-0.003921569
-0.003921569
-0.003921569
-0.003921569
-0.2627451
-0.003921569
-0.0627451
-0.003921569
-0.003921569
-0.003921569
-0.003921569
-0.16862746
0.41960785
-0.003921569
-0.003921569
-0.32156864
-0.023529412
-0.023529412
0.49803922
-0.16862746
-0.003921569
-0.11764706
-0.19607843
0.09803922
-0.019607844
-0.45882353
-0.25882354
-0.003921569
-0.003921569
-0.003921569
-0.003921569
-0.003921569
-0.003921569
-0.003921569
-0.003921569
-0.003921569
-0.05490196
-0.36078432
-0.40784314
-0.31764707
-0.23137255
-0.23529412
-0.21960784
0.2784314
0.12156863
0.007843138
0.0
0.003921569
0.03137255
0.12156863
0.15294118
0.12156863
0.011764706
0.24313726
-0.36862746
0.05490196
-0.20784314
-0.2
-0.003921569
-0.003921569
-0.003921569
-0.003921569
-0.003921569
-0.003921569
-0.003921569
-0.003921569
-0.003921569
-0.003921569
-0.003921569
-0.003921569
-0.003921569
-0.003921569
-0.14509805
-0.18431373
-0.05882353
-0.2627451
-0.30588236
0.49803922
0.4862745
0.36862746
0.24313726
0.21568628
0.13333334
0.12941177
0.007843138
0.003921569
0.0627451
0.17254902
0.13725491
0.0627451
0.05490196
0.11764706
0.14509805
0.21176471
0.22745098
0.42352942
-0.45882353
-0.4117647
-0.47058824
0.42745098
0.34901962
0.23529412
0.09019608
0.02745098
0.06666667
0.011764706
0.03137255
0.101960786
0.3137255
0.02745098
0.011764706
0.12156863
0.101960786
0.30588236
-0.41960785
-0.09411765
-0.003921569
-0.003921569
-0.003921569
-0.003921569
-0.003921569
-0.003921569
-0.003921569
-0.003921569
-0.101960786
-0.35686275
0.3647059
0.19215687
0.09411765
0.0
0.0
0.0
0.0
0.0
0.0
0.0
0.0
0.011764706
0.03529412
0.08235294
0.14509805
0.18039216
0.21568628
0.31764707
0.49411765
-0.3882353
-0.16862746
-0.18039216
-0.1764706
-0.18039216
-0.18431373
-0.18039216
-0.05882353
-0.003921569
-0.003921569
-0.003921569
-0.003921569
-0.003921569
-0.003921569
-0.003921569
-0.003921569
-0.003921569
-0.003921569
-0.07058824
0.40784314
-0.23529412
-0.003921569
-0.003921569
-0.003921569
-0.003921569
-0.003921569
-0.08627451
-0.28235295
-0.003921569
-0.003921569
-0.17254902
-0.38431373
0.49411765
-0.21176471
-0.023529412
-0.003921569
-0.078431375
-0.1764706
0.09803922
-0.019607844
-0.4
-0.29411766
-0.22745098
-0.003921569
-0.003921569
-0.003921569
-0.003921569
-0.003921569
-0.003921569
-0.003921569
-0.003921569
-0.10980392
-0.29803923
-0.48235294
0.49019608
-0.42745098
-0.45882353
0.42745098
0.24313726
0.019607844
0.019607844
0.039215688
0.03529412
0.16470589
0.24705882
0.043137256
0.047058824
0.06666667
-0.16470589
-0.003921569
-0.003921569
-0.003921569
-0.003921569
-0.003921569
-0.003921569
-0.003921569
-0.003921569
-0.003921569
-0.003921569
-0.003921569
-0.003921569
-0.003921569
-0.003921569
-0.003921569
-0.003921569
-0.003921569
-0.003921569
-0.003921569
-0.003921569
-0.003921569
-0.003921569
-0.07450981
-0.32941177
-0.3019608
-0.3882353
0.47843137
0.40392157
0.12941177
0.19215687
0.23921569
0.12941177
0.23137255
0.13333334
0.12941177
0.047058824
0.015686275
0.2
0.20392157
0.36862746
0.40392157
-0.44313726
-0.22352941
-0.16862746
-0.16470589
-0.31764707
-0.4
-0.5019608
0.4392157
0.23137255
0.050980393
0.019607844
0.019607844
0.02745098
0.007843138
0.039215688
0.015686275
0.09803922
0.0
0.0
0.0
0.18039216
-0.21176471
-0.003921569
-0.003921569
-0.003921569
-0.003921569
-0.003921569
-0.003921569
-0.003921569
-0.16078432
-0.44313726
0.30980393
0.17254902
0.08235294
0.0
0.0
0.0
0.0
0.0
0.0
0.0
0.0
0.003921569
0.023529412
0.05490196
0.105882354
0.14117648
0.18039216
0.32156864
0.40392157
-0.4392157
-0.28627452
-0.24313726
-0.20392157
-0.11372549
-0.13333334
-0.13725491
-0.003921569
-0.003921569
-0.003921569
-0.003921569
-0.003921569
-0.003921569
-0.003921569
-0.003921569
-0.003921569
-0.003921569
-0.003921569
-0.015686275
-0.33333334
-0.32941177
-0.003921569
-0.003921569
-0.003921569
-0.003921569
-0.003921569
-0.003921569
-0.003921569
-0.003921569
-0.003921569
-0.003921569
-0.101960786
-0.26666668
0.09803922
-0.03137255
-0.003921569
-0.14901961
-0.33333334
0.30588236
-0.047058824
-0.36862746
-0.19607843
-0.2627451
-0.17254902
-0.003921569
-0.003921569
-0.003921569
-0.003921569
-0.003921569
-0.003921569
-0.003921569
-0.12156863
-0.27450982
-0.49019608
0.40392157
0.37254903
0.03137255
0.105882354
0.0
0.14901961
0.1882353
0.23137255
0.1764706
0.03529412
0.047058824
-0.05490196
-0.14509805
-0.003921569
-0.003921569
-0.003921569
-0.003921569
-0.003921569
-0.003921569
-0.003921569
-0.003921569
-0.003921569
-0.003921569
-0.003921569
-0.003921569
-0.003921569
-0.003921569
-0.003921569
-0.003921569
-0.003921569
-0.003921569
-0.003921569
-0.003921569
-0.003921569
-0.003921569
-0.003921569
-0.003921569
-0.003921569
-0.13725491
-0.20392157
-0.3137255
-0.45490196
0.40392157
0.32156864
0.3137255
0.41960785
0.16078432
0.2901961
0.26666668
0.34509805
0.18431373
0.11764706
0.13333334
0.2
0.36862746
0.42352942
-0.30588236
-0.039215688
-0.003921569
-0.003921569
-0.07058824
-0.14901961
-0.2784314
-0.41568628
0.36862746
0.19215687
0.078431375
0.0627451
0.0
0.0
0.003921569
0.019607844
0.15686275
0.14901961
0.0627451
0.08235294
0.043137256
0.46666667
-0.1882353
-0.003921569
-0.003921569
-0.003921569
-0.003921569
-0.003921569
-0.039215688
-0.13725491
-0.47058824
0.2627451
0.14901961
0.07450981
0.0
0.0
0.0
0.0
0.0
0.0
0.0
0.0
0.003921569
0.015686275
0.043137256
0.08627451
0.12156863
0.078431375
0.34509805
0.41960785
-0.40784314
-0.34509805
-0.24705882
-0.18039216
-0.07450981
-0.050980393
-0.03529412
-0.003921569
-0.003921569
-0.003921569
-0.003921569
-0.003921569
-0.003921569
-0.003921569
-0.003921569
-0.003921569
-0.003921569
-0.003921569
-0.003921569
-0.19607843
-0.16470589
-0.003921569
-0.003921569
-0.003921569
-0.003921569
-0.003921569
-0.003921569
-0.003921569
-0.003921569
-0.003921569
-0.003921569
-0.003921569
-0.003921569
-0.003921569
-0.003921569
-0.003921569
-0.003921569
-0.3647059
0.46666667
0.3019608
-0.27450982
-0.14901961
-0.36078432
-0.16470589
-0.003921569
-0.003921569
-0.003921569
-0.003921569
-0.003921569
-0.003921569
-0.003921569
-0.003921569
-0.23529412
-0.31764707
0.4509804
0.25882354
0.0627451
0.015686275
0.03137255
0.34901962
-0.47058824
0.043137256
0.0627451
-0.050980393
-0.007843138
-0.003921569
-0.003921569
-0.003921569
-0.003921569
-0.003921569
-0.003921569
-0.003921569
-0.003921569
-0.003921569
-0.003921569
-0.003921569
-0.003921569
-0.003921569
-0.003921569
-0.003921569
-0.003921569
-0.003921569
-0.003921569
-0.003921569
-0.003921569
-0.003921569
-0.003921569
-0.003921569
-0.003921569
-0.003921569
-0.003921569
-0.003921569
-0.003921569
-0.003921569
-0.21176471
-0.4509804
-0.49411765
-0.4509804
-0.3647059
0.4745098
0.39215687
0.47843137
-0.4745098
-0.48235294
0.31764707
0.3254902
0.28627452
0.26666668
0.21176471
0.3529412
-0.49019608
-0.3137255
-0.08627451
-0.03137255
-0.007843138
-0.019607844
-0.15686275
-0.18039216
-0.39215687
0.37254903
0.18039216
0.09019608
0.05882353
0.039215688
0.02745098
0.15294118
0.16862746
0.34901962
0.23529412
0.22352941
0.023529412
0.07058824
-0.45882353
-0.13333334
-0.14509805
-0.07058824
-0.003921569
-0.12156863
-0.15686275
-0.21568628
0.49803922
0.21960784
0.101960786
0.05490196
0.0
0.0
0.0
0.0
0.0
0.0
0.0
0.0
0.003921569
0.019607844
0.050980393
0.08627451
0.11372549
0.16862746
0.32941177
0.42745098
-0.39607844
-0.34117648
-0.2627451
-0.17254902
-0.11764706
-0.015686275
-0.003921569
-0.003921569
-0.003921569
-0.003921569
-0.003921569
-0.003921569
-0.003921569
-0.003921569
-0.003921569
-0.003921569
-0.003921569
-0.003921569
-0.003921569
-0.003921569
0.0627451
-0.13725491
-0.05490196
-0.18039216
-0.007843138
-0.16862746
-0.42352942
-0.003921569
-0.003921569
-0.003921569
-0.003921569
-0.003921569
-0.003921569
-0.003921569
-0.003921569
-0.003921569
-0.09411765
-0.019607844
-0.003921569
0.49411765
-0.21176471
-0.13725491
-0.2784314
-0.1254902
-0.003921569
-0.003921569
-0.003921569
-0.003921569
-0.003921569
-0.003921569
-0.003921569
-0.003921569
-0.18039216
-0.3764706
0.3882353
0.03529412
0.03137255
0.1764706
0.023529412
0.06666667
0.078431375
-0.003921569
-0.003921569
-0.003921569
-0.003921569
-0.003921569
-0.003921569
-0.003921569
-0.003921569
-0.003921569
-0.003921569
-0.003921569
-0.003921569
-0.003921569
-0.003921569
-0.003921569
-0.003921569
-0.003921569
-0.003921569
-0.003921569
-0.003921569
-0.003921569
-0.003921569
-0.003921569
-0.003921569
-0.003921569
-0.003921569
-0.003921569
-0.003921569
-0.003921569
-0.003921569
-0.003921569
-0.003921569
-0.003921569
-0.03529412
-0.23529412
-0.30588236
-0.22745098
-0.31764707
-0.29803923
-0.42352942
-0.39607844
-0.4392157
-0.4627451
0.40784314
0.43529412
0.42745098
0.24313726
0.29803923
0.105882354
0.03529412
0.14117648
-0.40392157
-0.07058824
-0.003921569
-0.003921569
-0.10980392
-0.18431373
-0.35686275
0.43137255
0.27058825
0.20784314
0.1764706
0.12941177
0.12941177
0.22745098
0.28235295
0.38039216
0.32156864
0.38039216
0.003921569
0.0
0.05882353
-0.4509804
-0.41960785
-0.39607844
-0.21568628
-0.21960784
-0.32156864
-0.28627452
-0.47843137
0.20392157
0.105882354
0.05882353
0.0
0.0
0.0
0.0
0.0
0.0
0.0
0.0
0.003921569
0.019607844
0.05882353
0.09411765
0.11372549
0.07058824
0.32156864
0.39215687
-0.4392157
-0.33333334
-0.3529412
-0.25490198
-0.19607843
-0.11372549
-0.047058824
-0.003921569
-0.003921569
-0.003921569
-0.003921569
-0.003921569
-0.003921569
-0.003921569
-0.003921569
-0.003921569
-0.003921569
-0.003921569
-0.003921569
-0.003921569
-0.15686275
-0.29803923
-0.13725491
-0.29411766
-0.23529412
-0.45490196
-0.49803922
-0.003921569
-0.003921569
-0.003921569
-0.003921569
-0.003921569
-0.003921569
-0.003921569
-0.003921569
-0.12156863
-0.003921569
-0.003921569
-0.30588236
-0.38039216
-0.15686275
-0.1882353
-0.2784314
-0.13725491
-0.003921569
-0.003921569
-0.003921569
-0.003921569
-0.003921569
-0.003921569
-0.003921569
-0.003921569
-0.2784314
0.2901961
0.03529412
0.03529412
0.31764707
-0.36862746
-0.30588236
-0.003921569
-0.003921569
-0.003921569
-0.003921569
-0.003921569
-0.003921569
-0.003921569
-0.003921569
-0.003921569
-0.003921569
-0.003921569
-0.003921569
-0.003921569
-0.003921569
-0.003921569
-0.003921569
-0.003921569
-0.003921569
-0.003921569
-0.003921569
-0.003921569
-0.003921569
-0.003921569
-0.003921569
-0.003921569
-0.003921569
-0.003921569
-0.003921569
-0.003921569
-0.003921569
-0.003921569
-0.003921569
-0.003921569
-0.003921569
-0.003921569
-0.003921569
-0.003921569
-0.22352941
-0.28627452
-0.24705882
-0.1882353
-0.23529412
-0.28627452
-0.3882353
-0.34901962
-0.36862746
-0.45490196
-0.4392157
-0.40392157
-0.43529412
0.42352942
0.35686275
0.43137255
0.3529412
-0.34509805
-0.28235295
-0.32156864
-0.26666668
-0.26666668
-0.32156864
0.49019608
0.30588236
0.31764707
0.3019608
0.28235295
0.27450982
0.43137255
0.49803922
0.42352942
0.32156864
-0.49019608
0.4392157
0.14117648
0.003921569
0.05490196
0.30588236
0.29803923
0.44313726
-0.39607844
-0.34509805
-0.38431373
0.41960785
0.21568628
0.13333334
0.07058824
0.007843138
0.0
0.0
0.0
0.0
0.0
0.0
0.0
0.003921569
0.019607844
0.05490196
0.09411765
0.043137256
0.05490196
0.31764707
0.36862746
0.47843137
-0.40784314
-0.42352942
-0.3254902
-0.27450982
-0.21176471
-0.11764706
-0.003921569
-0.003921569
-0.003921569
-0.003921569
-0.003921569
-0.003921569
-0.003921569
-0.003921569
-0.003921569
-0.003921569
-0.003921569
-0.003921569
-0.003921569
-0.4392157
-0.29803923
-0.19607843
-0.25490198
-0.30980393
-0.2784314
-0.43529412
-0.23529412
-0.023529412
-0.003921569
-0.003921569
-0.003921569
-0.003921569
-0.015686275
-0.05490196
-0.078431375
-0.003921569
-0.003921569
-0.1254902
-0.18039216
-0.34901962
-0.3137255
-0.34117648
-0.22745098
-0.003921569
-0.003921569
-0.003921569
-0.003921569
-0.003921569
-0.003921569
-0.003921569
-0.32156864
0.39215687
0.039215688
0.0
0.03529412
-0.30980393
-0.003921569
-0.003921569
-0.003921569
-0.003921569
-0.003921569
-0.003921569
-0.003921569
-0.003921569
-0.003921569
-0.003921569
-0.003921569
-0.003921569
-0.003921569
-0.003921569
-0.003921569
-0.003921569
-0.003921569
-0.003921569
-0.003921569
-0.003921569
-0.003921569
-0.003921569
-0.003921569
-0.003921569
-0.019607844
-0.003921569
-0.003921569
-0.003921569
-0.003921569
-0.003921569
-0.003921569
-0.003921569
-0.003921569
-0.003921569
-0.003921569
-0.003921569
-0.003921569
-0.003921569
-0.003921569
-0.07450981
-0.25882354
-0.16862746
-0.16862746
-0.21960784
-0.3254902
-0.27058825
-0.34901962
-0.23137255
-0.3019608
-0.19607843
-0.2
-0.28627452
-0.32941177
-0.33333334
-0.32156864
0.3137255
0.2627451
0.30588236
0.27450982
0.45490196
-0.49019608
-0.44313726
0.4509804
0.31764707
0.32156864
0.3764706
0.3254902
0.4862745
-0.3764706
-0.2
-0.24705882
-0.39215687
-0.32941177
-0.47843137
0.2509804
0.08627451
0.0
0.02745098
0.0
0.06666667
0.32941177
0.42745098
0.36862746
0.20784314
0.12156863
0.08235294
0.039215688
0.003921569
0.0
0.0
0.0
0.0
0.0
0.0
0.0
0.0
0.015686275
0.047058824
0.08627451
0.101960786
0.0627451
0.3019608
0.38431373
0.44705883
-0.4392157
-0.36862746
-0.35686275
-0.34509805
-0.14901961
-0.20392157
-0.16862746
-0.011764706
-0.003921569
-0.003921569
-0.003921569
-0.003921569
-0.003921569
-0.003921569
-0.003921569
-0.003921569
-0.003921569
-0.003921569
-0.003921569
-0.003921569
-0.22352941
-0.47058824
-0.3372549
0.45490196
-0.44313726
-0.38431373
0.48235294
0.30980393
0.45882353
-0.13333334
-0.13333334
-0.003921569
-0.13725491
-0.22745098
-0.30588236
-0.003921569
-0.003921569
-0.078431375
-0.1764706
-0.28627452
-0.31764707
-0.23921569
-0.11764706
-0.101960786
-0.003921569
-0.003921569
-0.003921569
-0.003921569
-0.003921569
-0.33333334
0.23137255
0.003921569
0.03137255
0.03137255
0.03137255
-0.043137256
-0.003921569
-0.003921569
-0.003921569
-0.003921569
-0.003921569
-0.003921569
-0.003921569
-0.003921569
-0.003921569
-0.003921569
-0.003921569
-0.003921569
-0.003921569
-0.003921569
-0.003921569
-0.003921569
-0.003921569
-0.003921569
-0.003921569
-0.003921569
-0.003921569
-0.003921569
-0.003921569
-0.18039216
-0.35686275
-0.20784314
-0.078431375
-0.003921569
-0.003921569
-0.003921569
-0.003921569
-0.003921569
-0.003921569
-0.003921569
-0.003921569
-0.003921569
-0.003921569
-0.003921569
-0.003921569
-0.02745098
-0.003921569
-0.14117648
-0.10980392
-0.2784314
-0.34901962
-0.17254902
-0.3019608
-0.23921569
-0.11764706
-0.003921569
-0.003921569
-0.07058824
-0.16862746
-0.11764706
-0.25490198
-0.41568628
-0.35686275
0.49803922
0.30588236
0.0627451
0.0627451
0.3764706
0.34509805
0.3647059
0.43529412
-0.49411765
-0.42352942
-0.13333334
-0.18039216
-0.06666667
-0.003921569
-0.02745098
-0.30980393
-0.33333334
0.45490196
0.019607844
0.03137255
0.015686275
0.023529412
0.03137255
0.1254902
0.18039216
0.14901961
0.05882353
0.003921569
0.0
0.003921569
0.0
0.0
0.0
0.0
0.0
0.0
0.0
0.0
0.0
0.011764706
0.039215688
0.07450981
0.09803922
0.078431375
0.30980393
0.4
-0.49803922
-0.39215687
-0.30980393
-0.30588236
-0.36862746
-0.19607843
-0.26666668
-0.30588236
-0.003921569
-0.003921569
-0.003921569
-0.003921569
-0.003921569
-0.003921569
-0.003921569
-0.003921569
-0.003921569
-0.003921569
-0.003921569
-0.003921569
-0.003921569
-0.14117648
-0.33333334
0.31764707
0.33333334
0.43137255
-0.49411765
-0.49411765
-0.49411765
0.3529412
-0.28235295
-0.2627451
-0.25882354
-0.08235294
-0.15686275
-0.35686275
-0.2784314
-0.019607844
-0.18039216
-0.28627452
-0.3254902
-0.21960784
-0.14117648
-0.0627451
-0.3882353
-0.003921569
-0.003921569
-0.003921569
-0.003921569
-0.23137255
0.31764707
0.09803922
0.0
0.015686275
-0.31764707
-0.003921569
-0.003921569
-0.003921569
-0.003921569
-0.003921569
-0.003921569
-0.003921569
-0.003921569
-0.003921569
-0.003921569
-0.003921569
-0.003921569
-0.003921569
-0.003921569
-0.003921569
-0.003921569
-0.003921569
-0.003921569
-0.003921569
-0.003921569
-0.003921569
-0.003921569
-0.003921569
-0.003921569
-0.003921569
-0.05882353
-0.19607843
-0.07450981
-0.02745098
-0.003921569
-0.003921569
-0.003921569
-0.003921569
-0.003921569
-0.003921569
-0.003921569
-0.003921569
-0.019607844
-0.003921569
-0.003921569
-0.003921569
-0.007843138
-0.003921569
-0.003921569
-0.050980393
-0.21568628
-0.2784314
-0.03529412
-0.07450981
-0.15294118
-0.06666667
-0.003921569
-0.003921569
-0.003921569
-0.015686275
-0.003921569
-0.21176471
-0.29803923
-0.2
-0.29803923
-0.37254903
0.4509804
0.3019608
0.33333334
0.0627451
0.0627451
0.33333334
-0.5019608
-0.34901962
-0.2
-0.1882353
-0.23921569
-0.07058824
-0.09803922
-0.34509805
-0.4392157
0.41568628
0.007843138
0.007843138
0.003921569
0.023529412
0.019607844
0.019607844
0.050980393
0.03529412
0.007843138
0.0
0.0
0.0
0.0
0.0
0.0
0.0
0.0
0.0
0.0
0.0
0.0
0.007843138
0.03137255
0.05490196
0.08627451
0.1882353
0.35686275
0.4
-0.49803922
-0.42745098
-0.38431373
-0.32941177
-0.38039216
-0.3882353
-0.23137255
-0.29411766
-0.08235294
-0.003921569
-0.003921569
-0.003921569
-0.003921569
-0.003921569
-0.003921569
-0.02745098
-0.2509804
-0.003921569
-0.003921569
-0.003921569
-0.003921569
-0.13725491
-0.38431373
-0.4509804
0.34509805
0.38431373
0.32941177
0.050980393
0.050980393
0.050980393
-0.49411765
0.4
0.4627451
-0.42352942
-0.4
-0.46666667
-0.3529412
-0.3882353
-0.43137255
-0.32156864
-0.35686275
-0.28235295
-0.2509804
-0.17254902
-0.2509804
-0.003921569
-0.003921569
-0.003921569
-0.047058824
-0.47058824
0.003921569
0.02745098
0.02745098
0.015686275
-0.003921569
-0.003921569
-0.003921569
-0.003921569
-0.003921569
-0.003921569
-0.003921569
-0.003921569
-0.003921569
-0.003921569
-0.003921569
-0.003921569
-0.003921569
-0.003921569
-0.003921569
-0.003921569
-0.003921569
-0.003921569
-0.003921569
-0.003921569
-0.003921569
-0.003921569
-0.003921569
-0.003921569
-0.003921569
-0.003921569
-0.003921569
-0.003921569
-0.003921569
-0.003921569
-0.003921569
-0.003921569
-0.003921569
-0.003921569
-0.003921569
-0.03137255
-0.003921569
-0.17254902
-0.1764706
0.34117648
-0.14509805
-0.05882353
-0.18431373
-0.043137256
-0.003921569
-0.08235294
-0.1254902
-0.24313726
-0.019607844
-0.003921569
-0.003921569
-0.023529412
-0.003921569
-0.003921569
-0.011764706
-0.06666667
-0.003921569
-0.2
-0.18039216
-0.18039216
-0.14901961
-0.25882354
-0.31764707
-0.38039216
-0.4862745
0.21960784
0.050980393
0.0627451
0.14117648
0.14509805
0.3882353
-0.36862746
-0.27450982
-0.18039216
-0.011764706
-0.28235295
-0.44313726
0.31764707
0.12156863
0.0
0.0
0.003921569
0.043137256
0.039215688
0.003921569
0.0
0.0
0.0
0.0
0.0
0.0
0.0
0.0
0.0
0.0
0.0
0.0
0.0
0.0
0.007843138
0.019607844
0.03529412
0.05882353
0.17254902
0.34509805
0.34901962
0.4
0.46666667
-0.4627451
-0.45490196
-0.4745098
0.49019608
-0.31764707
-0.36862746
-0.29803923
-0.18431373
-0.05882353
-0.003921569
-0.003921569
-0.003921569
-0.003921569
-0.003921569
-0.003921569
-0.003921569
-0.003921569
-0.003921569
-0.003921569
-0.003921569
-0.27450982
-0.41568628
-0.4862745
-0.4
-0.44313726
0.46666667
0.32941177
-0.16862746
-0.16862746
0.07058824
0.003921569
0.007843138
0.003921569
0.4392157
-0.47058824
-0.32156864
-0.4
-0.37254903
-0.35686275
0.047058824
-0.37254903
-0.3254902
-0.2784314
-0.09411765
-0.09019608
-0.12156863
0.011764706
0.0
0.02745098
0.02745098
0.02745098
-0.003921569
-0.003921569
-0.003921569
-0.003921569
-0.003921569
-0.003921569
-0.003921569
-0.003921569
-0.003921569
-0.003921569
-0.003921569
-0.003921569
-0.003921569
-0.003921569
-0.003921569
-0.003921569
-0.003921569
-0.003921569
-0.003921569
-0.003921569
-0.003921569
-0.003921569
-0.003921569
-0.003921569
-0.003921569
-0.003921569
-0.003921569
-0.003921569
-0.003921569
-0.003921569
-0.003921569
-0.003921569
-0.003921569
-0.003921569
-0.003921569
-0.003921569
-0.003921569
-0.003921569
-0.12156863
-0.11372549
-0.07450981
-0.003921569
-0.003921569
-0.09803922
-0.05882353
-0.003921569
-0.12156863
-0.16470589
-0.3137255
-0.14509805
-0.003921569
-0.003921569
-0.003921569
-0.003921569
-0.003921569
-0.003921569
-0.003921569
-0.078431375
-0.19607843
-0.22352941
-0.27450982
-0.30980393
-0.21176471
-0.21568628
-0.32941177
-0.34117648
-0.5019608
0.32941177
0.20784314
0.050980393
0.12941177
0.4627451
-0.35686275
-0.40392157
-0.22352941
-0.16862746
-0.39607844
-0.4117647
0.3137255
0.06666667
0.015686275
0.0
0.0
0.0
0.003921569
0.0
0.0
0.0
0.0
0.0
0.0
0.0
0.0
0.0
0.0
0.0
0.0
0.0
0.0
0.0
0.007843138
0.015686275
0.02745098
0.047058824
0.1254902
0.27058825
0.30588236
0.3254902
0.35686275
0.43529412
0.4
0.37254903
0.39607844
-0.48235294
0.48235294
-0.44313726
-0.37254903
-0.21960784
-0.003921569
-0.003921569
-0.003921569
-0.003921569
-0.003921569
-0.003921569
-0.003921569
-0.003921569
-0.003921569
-0.003921569
-0.06666667
-0.24705882
-0.44313726
0.44705883
-0.29803923
-0.3254902
-0.40784314
0.48235294
0.39215687
-0.28627452
-0.28627452
-0.28627452
-0.28627452
0.003921569
0.007843138
0.019607844
0.40784314
-0.45490196
-0.46666667
-0.40784314
0.49803922
-0.15686275
-0.15686275
0.2784314
-0.4117647
-0.35686275
0.039215688
0.039215688
0.0
0.03137255
0.02745098
-0.003921569
-0.003921569
-0.003921569
-0.003921569
-0.003921569
-0.003921569
-0.003921569
-0.003921569
-0.003921569
-0.003921569
-0.003921569
-0.003921569
-0.003921569
-0.003921569
-0.003921569
-0.003921569
-0.003921569
-0.003921569
-0.003921569
-0.003921569
-0.003921569
-0.003921569
-0.003921569
-0.003921569
-0.003921569
-0.003921569
-0.003921569
-0.003921569
-0.003921569
-0.003921569
-0.003921569
-0.003921569
-0.003921569
-0.003921569
-0.003921569
-0.003921569
-0.003921569
-0.003921569
-0.003921569
-0.003921569
-0.003921569
-0.003921569
-0.003921569
-0.003921569
-0.003921569
-0.003921569
-0.003921569
-0.003921569
-0.03137255
-0.11764706
-0.003921569
-0.003921569
-0.003921569
-0.003921569
-0.003921569
-0.003921569
-0.003921569
-0.003921569
-0.07058824
-0.24313726
-0.28627452
-0.42745098
0.4509804
-0.4392157
-0.36862746
-0.41960785
-0.41568628
-0.45490196
0.49411765
0.41568628
0.27058825
0.10980392
0.105882354
0.24313726
0.37254903
-0.45490196
-0.40784314
-0.42745098
0.3882353
0.15294118
0.03137255
0.0
0.0
0.0
0.0
0.0
0.0
0.0
0.0
0.0
0.0
0.0
0.0
0.0
0.0
0.0
0.0
0.0
0.0
0.0
0.0
0.007843138
0.019607844
0.03137255
0.05882353
0.12941177
0.25490198
0.33333334
0.34117648
0.32941177
0.38431373
0.32941177
-0.003921569
-0.003921569
0.4
0.34509805
0.42352942
-0.4509804
-0.32156864
-0.07450981
-0.003921569
-0.003921569
-0.02745098
-0.023529412
-0.003921569
-0.003921569
-0.003921569
-0.003921569
-0.30980393
-0.1882353
-0.27058825
0.48235294
0.42352942
-0.38039216
-0.39607844
-0.42352942
-0.49019608
0.49803922
0.46666667
-0.28627452
-0.28627452
-0.28627452
0.11372549
0.007843138
0.18431373
0.19215687
0.20784314
0.015686275
0.02745098
-0.003921569
0.49803922
-0.3529412
-0.3254902
-0.4392157
0.4
0.02745098
0.039215688
0.039215688
0.039215688
-0.003921569
-0.003921569
-0.003921569
-0.003921569
-0.003921569
-0.003921569
-0.003921569
-0.003921569
-0.003921569
-0.003921569
-0.003921569
-0.003921569
-0.003921569
-0.003921569
-0.003921569
-0.003921569
-0.003921569
-0.003921569
-0.003921569
-0.003921569
-0.003921569
-0.003921569
-0.003921569
-0.003921569
-0.003921569
-0.003921569
-0.003921569
-0.003921569
-0.003921569
-0.003921569
-0.003921569
-0.003921569
-0.003921569
-0.003921569
-0.003921569
-0.003921569
-0.003921569
-0.003921569
-0.003921569
-0.003921569
-0.003921569
-0.003921569
-0.003921569
-0.003921569
-0.003921569
-0.003921569
-0.003921569
-0.003921569
-0.003921569
-0.003921569
-0.003921569
-0.003921569
-0.12941177
-0.003921569
-0.003921569
-0.003921569
-0.019607844
-0.13333334
-0.039215688
-0.011764706
-0.20784314
-0.2784314
-0.4745098
0.38431373
0.41568628
0.4862745
-0.47843137
0.44705883
0.47843137
-0.47843137
0.48235294
0.41568628
0.30588236
0.27450982
0.16862746
0.08235294
0.17254902
0.4
0.40784314
0.19607843
0.08627451
0.03137255
0.0
0.0
0.0
0.0
0.0
0.0
0.0
0.0
0.0
0.0
0.0
0.0
0.0
0.0
0.0
0.0
0.0
0.0
0.0
0.0
0.007843138
0.023529412
0.043137256
0.08627451
0.16862746
0.3137255
0.3882353
0.4
0.38431373
0.42352942
0.3647059
0.3019608
-0.003921569
-0.003921569
-0.003921569
-0.003921569
0.42745098
-0.4
-0.11764706
-0.003921569
-0.003921569
-0.003921569
-0.003921569
-0.003921569
-0.003921569
-0.003921569
-0.003921569
-0.003921569
-0.015686275
-0.3019608
0.4
0.38039216
0.3882353
0.4392157
0.47058824
0.43529412
0.28627452
0.39607844
0.3137255
0.18039216
0.1254902
0.05882353
0.05882353
0.05882353
0.011764706
0.047058824
0.15294118
-0.003921569
-0.003921569
0.45490196
-0.41960785
-0.30980393
-0.40392157
0.0
0.06666667
0.019607844
0.039215688
-0.003921569
-0.003921569
-0.003921569
-0.003921569
-0.003921569
-0.003921569
-0.003921569
-0.003921569
-0.003921569
-0.003921569
-0.003921569
-0.003921569
-0.003921569
-0.003921569
-0.003921569
-0.003921569
-0.003921569
-0.003921569
-0.003921569
-0.003921569
-0.003921569
-0.003921569
-0.003921569
-0.003921569
-0.003921569
-0.003921569
-0.003921569
-0.003921569
-0.003921569
-0.003921569
-0.003921569
-0.003921569
-0.003921569
-0.003921569
-0.003921569
-0.003921569
-0.003921569
-0.003921569
-0.003921569
-0.003921569
-0.003921569
-0.003921569
-0.003921569
-0.003921569
-0.003921569
-0.003921569
-0.003921569
-0.003921569
-0.003921569
-0.003921569
-0.003921569
-0.003921569
-0.003921569
-0.09803922
-0.003921569
-0.003921569
-0.003921569
-0.14509805
-0.14509805
-0.16470589
-0.08627451
-0.21960784
-0.29411766
-0.38039216
-0.46666667
0.40784314
0.38431373
0.4392157
0.36078432
0.40392157
0.45490196
0.44705883
0.40784314
0.35686275
0.34509805
0.2509804
0.09019608
0.039215688
0.14509805
0.14901961
0.06666667
0.043137256
0.0
0.0
0.0
0.0
0.0
0.007843138
0.011764706
0.0
0.0
0.0
0.0
0.0
0.0
0.0
0.0
0.0
0.0
0.0
0.0
0.0
0.0
0.011764706
0.02745098
0.05882353
0.11764706
0.2
0.3647059
0.42352942
0.43529412
0.43137255
0.42745098
0.3647059
0.32941177
0.078431375
0.078431375
0.078431375
-0.21568628
0.34509805
-0.36862746
-0.05490196
-0.003921569
-0.003921569
-0.003921569
-0.003921569
-0.003921569
-0.003921569
-0.003921569
-0.003921569
-0.003921569
-0.06666667
-0.47058824
0.34509805
0.28235295
0.27058825
0.20392157
0.3137255
0.32156864
0.3254902
0.3764706
0.30980393
-0.24705882
-0.24705882
-0.24705882
-0.40392157
-0.003921569
-0.003921569
-0.003921569
-0.003921569
0.46666667
-0.42352942
-0.3137255
-0.38431373
-0.41568628
0.38039216
0.03137255
0.03137255
0.05490196
-0.08627451
-0.003921569
-0.003921569
-0.003921569
-0.003921569
-0.003921569
-0.003921569
-0.003921569
-0.003921569
-0.003921569
-0.003921569
-0.003921569
-0.003921569
-0.003921569
-0.003921569
-0.003921569
-0.003921569
-0.003921569
-0.003921569
-0.003921569
-0.003921569
-0.003921569
-0.003921569
-0.003921569
-0.003921569
-0.003921569
-0.003921569
-0.003921569
-0.003921569
-0.003921569
-0.003921569
-0.003921569
-0.003921569
-0.003921569
-0.003921569
-0.003921569
-0.003921569
-0.003921569
-0.003921569
-0.003921569
-0.003921569
-0.003921569
-0.003921569
-0.003921569
-0.003921569
-0.003921569
-0.003921569
-0.003921569
-0.003921569
-0.003921569
-0.003921569
-0.003921569
-0.003921569
-0.003921569
-0.003921569
-0.003921569
-0.003921569
-0.003921569
-0.15686275
-0.21960784
-0.24313726
-0.12156863
-0.23137255
-0.3019608
-0.30588236
-0.37254903
0.44313726
0.4117647
0.4627451
0.3764706
0.4
0.41568628
-0.49019608
0.4392157
0.37254903
0.4
0.24313726
0.0627451
0.019607844
0.050980393
0.047058824
0.007843138
0.003921569
0.0
0.0
0.0
0.0
0.0
0.0
0.0
0.0
0.0
0.0
0.0
0.0
0.0
0.0
0.0
0.0
0.0
0.0
0.0
0.0
0.0
0.007843138
0.023529412
0.050980393
0.14509805
0.24705882
0.42352942
0.47058824
0.44313726
0.43137255
0.3529412
-0.003921569
-0.003921569
-0.003921569
0.078431375
-0.21568628
-0.21568628
0.39215687
-0.2901961
-0.003921569
-0.003921569
-0.003921569
-0.003921569
-0.003921569
-0.003921569
-0.003921569
-0.003921569
-0.003921569
-0.003921569
-0.10980392
0.44313726
-0.3529412
0.38039216
0.38039216
0.15686275
0.1764706
0.21176471
0.34117648
0.3882353
0.36078432
0.31764707
-0.24705882
-0.24705882
-0.003921569
-0.003921569
-0.003921569
-0.003921569
-0.43137255
-0.21960784
-0.12941177
-0.023529412
-0.19607843
-0.41568628
0.0
0.03137255
0.03137255
-0.14901961
-0.003921569
-0.003921569
-0.003921569
-0.003921569
-0.003921569
-0.003921569
-0.003921569
-0.003921569
-0.003921569
-0.003921569
-0.003921569
-0.003921569
-0.003921569
-0.003921569
-0.003921569
-0.003921569
-0.003921569
-0.003921569
-0.003921569
-0.003921569
-0.003921569
-0.003921569
-0.003921569
-0.003921569
-0.003921569
-0.003921569
-0.003921569
-0.003921569
-0.003921569
-0.003921569
-0.003921569
-0.003921569
-0.003921569
-0.003921569
-0.003921569
-0.003921569
-0.003921569
-0.003921569
-0.003921569
-0.003921569
-0.003921569
-0.003921569
-0.003921569
-0.003921569
-0.003921569
-0.003921569
-0.003921569
-0.003921569
-0.003921569
-0.003921569
-0.003921569
-0.003921569
-0.003921569
-0.003921569
-0.003921569
-0.003921569
-0.003921569
-0.003921569
-0.08627451
-0.23137255
-0.2509804
-0.15686275
-0.21960784
-0.29411766
-0.32156864
-0.4
0.49803922
-0.44313726
-0.41568628
0.4627451
0.43137255
0.39607844
0.3764706
0.32941177
-0.4627451
0.25882354
0.15294118
0.05490196
0.0
0.003921569
0.0
0.0
0.0
0.0
0.0
0.0
0.0
0.0
0.003921569
0.003921569
0.0
0.0
0.0
0.0
0.0
0.0
0.0
0.0
0.0
0.0
0.0
0.0
0.0
0.0
0.0
0.007843138
0.02745098
0.16470589
0.32156864
0.4862745
-0.49019608
0.47058824
0.40784314
-0.4745098
-0.4745098
-0.29411766
-0.06666667
-0.06666667
-0.06666667
-0.21568628
-0.49803922
-0.15686275
-0.003921569
-0.003921569
-0.003921569
-0.003921569
-0.003921569
-0.003921569
-0.003921569
-0.003921569
-0.003921569
-0.003921569
-0.011764706
-0.49019608
0.36078432
0.38039216
0.38039216
0.14117648
0.14117648
0.16862746
0.38431373
0.36078432
0.39607844
0.4
0.3019608
-0.24705882
-0.003921569
0.49019608
-0.4862745
-0.4509804
-0.1764706
-0.13725491
-0.019607844
-0.007843138
-0.16862746
0.02745098
0.003921569
0.03137255
-0.4117647
-0.28627452
-0.003921569
-0.003921569
-0.003921569
-0.003921569
-0.003921569
-0.003921569
-0.003921569
-0.003921569
-0.003921569
-0.003921569
-0.003921569
-0.003921569
-0.003921569
-0.003921569
-0.003921569
-0.003921569
-0.003921569
-0.003921569
-0.003921569
-0.003921569
-0.003921569
-0.003921569
-0.003921569
-0.003921569
-0.003921569
-0.003921569
-0.003921569
-0.003921569
-0.003921569
-0.003921569
-0.003921569
-0.003921569
-0.003921569
-0.003921569
-0.003921569
-0.003921569
-0.003921569
-0.003921569
-0.003921569
-0.003921569
-0.003921569
-0.003921569
-0.003921569
-0.003921569
-0.003921569
-0.003921569
-0.003921569
-0.003921569
-0.003921569
-0.003921569
-0.003921569
-0.003921569
-0.050980393
-0.003921569
-0.003921569
-0.003921569
-0.003921569
-0.003921569
-0.18431373
-0.31764707
-0.34901962
-0.34509805
-0.3764706
-0.42352942
-0.47843137
0.49803922
-0.41568628
-0.30588236
-0.34901962
-0.45490196
0.45882353
0.37254903
0.32156864
0.23921569
-0.4627451
-0.4627451
0.08235294
0.03529412
0.02745098
0.0
0.0
0.0
0.003921569
0.0
0.0
0.0
0.0
0.003921569
0.015686275
0.011764706
0.0
0.0
0.0
0.0
0.0
0.0
0.0
0.0
0.0
0.0
0.0
0.0
0.0
0.0
0.0
0.0
0.0
0.1882353
0.40784314
-0.4627451
-0.44313726
-0.48235294
0.44705883
0.3019608
-0.4745098
-0.06666667
-0.06666667
-0.06666667
-0.06666667
0.30980393
-0.42745098
-0.003921569
-0.003921569
-0.003921569
-0.003921569
-0.003921569
-0.003921569
-0.003921569
-0.003921569
-0.003921569
-0.003921569
-0.003921569
-0.003921569
-0.24705882
-0.44705883
0.16470589
0.31764707
0.32941177
0.21176471
0.16078432
0.38431373
0.3372549
0.39607844
0.39607844
-0.24705882
-0.40392157
0.47843137
-0.2901961
-0.22352941
-0.27058825
-0.20392157
-0.08235294
-0.08627451
-0.003921569
-0.37254903
0.015686275
0.12941177
0.41960785
-0.24705882
-0.03529412
-0.003921569
-0.003921569
-0.003921569
-0.003921569
-0.003921569
-0.003921569
-0.003921569
-0.003921569
-0.003921569
-0.003921569
-0.003921569
-0.003921569
-0.003921569
-0.003921569
-0.003921569
-0.003921569
-0.003921569
-0.003921569
-0.003921569
-0.003921569
-0.003921569
-0.003921569
-0.003921569
-0.003921569
-0.003921569
-0.003921569
-0.003921569
-0.003921569
-0.003921569
-0.003921569
-0.003921569
-0.003921569
-0.003921569
-0.003921569
-0.003921569
-0.003921569
-0.003921569
-0.003921569
-0.003921569
-0.003921569
-0.003921569
-0.003921569
-0.003921569
-0.003921569
-0.003921569
-0.003921569
-0.003921569
-0.003921569
-0.003921569
-0.003921569
-0.24705882
0.38039216
-0.3882353
-0.23529412
-0.003921569
-0.21568628
-0.003921569
-0.0627451
-0.2
-0.3647059
-0.41568628
-0.41568628
-0.45490196
0.47843137
-0.42745098
-0.42352942
-0.33333334
-0.29803923
-0.3647059
-0.40784314
-0.49803922
0.45490196
0.40784314
0.2627451
0.22745098
-0.4627451
-0.4627451
-0.4627451
0.02745098
0.0
0.003921569
0.0
0.011764706
0.011764706
0.0
0.0
0.0
0.003921569
0.007843138
0.003921569
0.0
0.0
0.0
0.0
0.0
0.0
0.0
0.0
0.0
0.0
0.0
0.0
0.0
0.0
0.0
0.0
0.0
0.20392157
0.4627451
-0.4117647
-0.38431373
-0.4392157
0.48235294
0.38039216
0.3137255
-0.06666667
-0.06666667
-0.06666667
-0.06666667
0.38039216
-0.34117648
-0.003921569
-0.003921569
-0.003921569
-0.003921569
-0.003921569
-0.003921569
-0.003921569
-0.003921569
-0.003921569
-0.003921569
-0.003921569
-0.003921569
-0.003921569
-0.32941177
0.49803922
-0.47843137
0.47058824
0.32941177
0.08235294
0.38431373
0.38431373
0.36078432
0.3764706
-0.003921569
-0.003921569
-0.46666667
-0.20784314
-0.003921569
-0.10980392
-0.22352941
0.09803922
0.4117647
-0.37254903
-0.37254903
0.0
0.007843138
0.28627452
-0.18431373
-0.003921569
-0.003921569
-0.003921569
-0.003921569
-0.003921569
-0.003921569
-0.011764706
-0.003921569
-0.003921569
-0.003921569
-0.003921569
-0.003921569
-0.003921569
-0.003921569
-0.003921569
-0.003921569
-0.003921569
-0.003921569
-0.003921569
-0.003921569
-0.003921569
-0.003921569
-0.003921569
-0.03529412
-0.003921569
-0.003921569
-0.003921569
-0.003921569
-0.003921569
-0.003921569
-0.003921569
-0.003921569
-0.003921569
-0.003921569
-0.003921569
-0.003921569
-0.003921569
-0.003921569
-0.003921569
-0.003921569
-0.003921569
-0.003921569
-0.003921569
-0.003921569
-0.003921569
-0.003921569
-0.003921569
-0.003921569
-0.003921569
-0.003921569
-0.011764706
-0.32941177
-0.32941177
0.49019608
0.47843137
-0.47058824
-0.21960784
-0.15294118
-0.16862746
-0.16862746
-0.30588236
-0.3647059
-0.36078432
-0.38039216
-0.32941177
-0.22745098
-0.21176471
-0.18039216
-0.32156864
-0.36078432
-0.42352942
-0.48235294
-0.5019608
0.4862745
0.40784314
0.29803923
0.21176471
-0.4627451
0.07450981
0.019607844
0.015686275
0.015686275
0.011764706
0.0
0.0
0.0
0.0
0.0
0.0
0.0
0.0
0.007843138
0.023529412
0.015686275
0.003921569
0.0
0.0
0.0
0.0
0.0
0.0
0.0
0.0
0.0
0.0
0.003921569
0.011764706
0.043137256
0.24705882
0.4862745
-0.41568628
-0.40392157
-0.45490196
0.48235294
0.45882353
0.47058824
0.4509804
0.3764706
0.35686275
0.40392157
-0.48235294
-0.21568628
-0.003921569
-0.003921569
-0.003921569
-0.003921569
-0.003921569
-0.003921569
-0.003921569
-0.003921569
-0.003921569
-0.003921569
-0.003921569
-0.003921569
-0.003921569
-0.043137256
-0.14509805
-0.2901961
0.47843137
0.3254902
0.49019608
0.37254903
0.29803923
0.38039216
0.42352942
0.36862746
0.43137255
-0.27058825
-0.11372549
-0.003921569
-0.003921569
-0.25490198
0.36078432
0.4117647
0.4117647
0.003921569
0.003921569
0.30588236
-0.43529412
-0.21568628
-0.003921569
-0.003921569
-0.003921569
-0.015686275
-0.06666667
-0.2627451
-0.13725491
-0.003921569
-0.003921569
-0.003921569
-0.003921569
-0.003921569
-0.003921569
-0.003921569
-0.003921569
-0.003921569
-0.003921569
-0.003921569
-0.003921569
-0.003921569
-0.003921569
-0.1764706
-0.34509805
0.49411765
-0.43137255
-0.34509805
-0.21176471
-0.003921569
-0.003921569
-0.003921569
-0.003921569
-0.003921569
-0.003921569
-0.003921569
-0.003921569
-0.003921569
-0.003921569
-0.003921569
-0.003921569
-0.003921569
-0.003921569
-0.003921569
-0.003921569
-0.003921569
-0.003921569
-0.003921569
-0.003921569
-0.011764706
-0.35686275
-0.26666668
-0.21568628
-0.21960784
-0.4
-0.49019608
-0.46666667
-0.36862746
-0.23921569
-0.21960784
-0.16862746
-0.15294118
-0.25490198
-0.23529412
-0.31764707
-0.37254903
-0.20784314
-0.15686275
-0.13725491
-0.015686275
-0.14117648
-0.20392157
-0.35686275
-0.4392157
-0.45490196
-0.38431373
-0.45882353
0.3647059
0.2901961
0.19607843
0.07058824
0.0627451
0.0
0.0
0.015686275
0.0
0.003921569
0.0
0.0
0.0
0.0
0.0
0.0
0.007843138
0.019607844
0.007843138
0.0
0.0
0.0
0.0
0.0
0.0
0.0
0.0
0.0
0.0
0.0
0.011764706
0.047058824
0.13333334
0.30980393
0.47058824
-0.47058824
-0.4627451
-0.49411765
-0.4745098
-0.43137255
-0.43137255
-0.4627451
0.4392157
0.39607844
0.4509804
-0.43529412
-0.1764706
-0.003921569
-0.003921569
-0.003921569
-0.003921569
-0.003921569
-0.003921569
-0.003921569
-0.003921569
-0.003921569
-0.003921569
-0.003921569
-0.003921569
-0.47058824
-0.003921569
-0.003921569
-0.3137255
0.38039216
0.3019608
0.23529412
0.23921569
0.29411766
0.3254902
0.35686275
0.34117648
-0.5019608
-0.2509804
-0.06666667
-0.16078432
-0.33333334
0.46666667
0.4392157
0.4117647
0.4117647
0.047058824
0.1764706
-0.4862745
-0.015686275
-0.003921569
-0.003921569
-0.003921569
-0.003921569
-0.003921569
-0.1764706
-0.2627451
-0.14117648
-0.003921569
-0.003921569
-0.003921569
-0.003921569
-0.003921569
-0.007843138
-0.12941177
-0.02745098
-0.003921569
-0.003921569
-0.003921569
-0.003921569
-0.050980393
-0.29411766
0.42745098
0.07058824
0.07058824
0.07058824
0.078431375
-0.4509804
-0.3137255
-0.1764706
-0.003921569
-0.003921569
-0.003921569
-0.003921569
-0.003921569
-0.003921569
-0.003921569
-0.003921569
-0.003921569
-0.003921569
-0.003921569
-0.003921569
-0.003921569
-0.003921569
-0.003921569
-0.003921569
-0.003921569
-0.003921569
-0.13725491
-0.3137255
0.34117648
-0.4117647
-0.42745098
0.31764707
0.3647059
0.41960785
-0.34509805
-0.2509804
-0.14117648
-0.08235294
-0.19215687
-0.22745098
-0.22745098
-0.2627451
-0.27058825
-0.12941177
-0.050980393
-0.05490196
-0.003921569
-0.003921569
-0.011764706
-0.2627451
-0.4862745
-0.47843137
-0.33333334
0.49411765
0.4627451
0.2901961
0.0627451
0.078431375
0.007843138
0.0
0.0
0.0
0.0
0.0
0.0
0.0
0.003921569
0.007843138
0.0
0.0
0.0
0.0
0.0
0.0
0.0
0.0
0.0
0.0
0.0
0.0
0.0
0.0
0.0
0.003921569
0.015686275
0.0627451
0.16078432
0.3019608
0.41568628
0.45882353
0.47843137
0.44705883
0.49803922
-0.4117647
-0.41960785
-0.48235294
0.42745098
0.39215687
0.42352942
-0.4627451
-0.23137255
-0.003921569
-0.003921569
-0.003921569
-0.003921569
-0.003921569
-0.003921569
-0.003921569
-0.003921569
-0.003921569
-0.003921569
-0.003921569
-0.003921569
-0.003921569
-0.003921569
-0.003921569
-0.39607844
0.42745098
0.09803922
0.08235294
0.101960786
0.1882353
0.25490198
0.2784314
0.21568628
0.35686275
-0.32156864
-0.17254902
-0.1254902
-0.21568628
0.45882353
0.4117647
0.4117647
0.047058824
0.047058824
0.29803923
-0.32941177
-0.003921569
-0.003921569
-0.003921569
-0.003921569
-0.003921569
-0.003921569
-0.06666667
-0.10980392
-0.003921569
-0.003921569
-0.003921569
-0.003921569
-0.0627451
-0.16862746
-0.2901961
-0.29411766
-0.23921569
-0.09411765
-0.1882353
-0.25490198
-0.17254902
-0.29803923
0.49803922
0.09803922
0.07058824
0.07058824
0.07058824
0.05882353
0.3372549
0.3882353
0.3529412
-0.14509805
-0.003921569
-0.003921569
-0.003921569
-0.003921569
-0.003921569
-0.003921569
-0.003921569
-0.003921569
-0.003921569
-0.003921569
-0.003921569
-0.003921569
-0.003921569
-0.003921569
-0.003921569
-0.003921569
-0.003921569
-0.08235294
-0.17254902
-0.3647059
0.3647059
0.3647059
-0.3137255
-0.3529412
-0.20784314
-0.40392157
-0.21568628
-0.08235294
-0.02745098
-0.1764706
-0.2
-0.20784314
-0.25490198
-0.2509804
-0.101960786
-0.003921569
-0.003921569
-0.003921569
-0.003921569
-0.003921569
-0.13725491
-0.28235295
-0.25882354
-0.22352941
0.49803922
0.42352942
0.3647059
0.18431373
0.07058824
0.011764706
0.011764706
0.0
0.003921569
0.007843138
0.007843138
0.0
0.007843138
0.011764706
0.007843138
0.011764706
0.0
0.0
0.0
0.0
0.0
0.0
0.0
0.0
0.0
0.0
0.0
0.0
0.0
0.0
0.003921569
0.011764706
0.039215688
0.09803922
0.21960784
0.34117648
0.3882353
0.39607844
0.38431373
0.40392157
0.4862745
0.48235294
0.40784314
0.34901962
0.32156864
0.38039216
-0.42352942
-0.23137255
-0.10980392
-0.003921569
-0.003921569
-0.003921569
-0.003921569
-0.003921569
-0.003921569
-0.003921569
-0.003921569
-0.003921569
-0.003921569
-0.003921569
-0.003921569
-0.003921569
-0.050980393
-0.050980393
0.41960785
0.3529412
0.15294118
0.13333334
0.17254902
0.22352941
0.22745098
0.105882354
0.015686275
0.25882354
-0.49803922
-0.2509804
-0.23137255
-0.3529412
0.44313726
0.039215688
0.047058824
0.011764706
0.43529412
-0.17254902
-0.03529412
-0.003921569
-0.003921569
-0.003921569
-0.003921569
-0.003921569
-0.003921569
-0.003921569
-0.003921569
-0.003921569
-0.003921569
-0.003921569
-0.11764706
-0.21176471
-0.1882353
-0.34509805
-0.47843137
-0.49019608
-0.4627451
-0.40784314
-0.28235295
-0.31764707
0.44313726
0.09803922
0.08627451
0.08627451
0.05882353
0.05882353
0.07058824
0.09411765
0.09411765
0.09411765
-0.015686275
-0.003921569
-0.003921569
-0.003921569
-0.003921569
-0.003921569
-0.003921569
-0.003921569
-0.003921569
-0.047058824
-0.09019608
-0.10980392
-0.14509805
-0.19215687
-0.3254902
-0.27058825
-0.1882353
-0.31764707
-0.42745098
-0.38039216
0.3882353
0.47843137
-0.3764706
-0.27450982
-0.36862746
0.37254903
0.3647059
-0.09803922
-0.015686275
-0.11764706
-0.101960786
-0.15294118
-0.21568628
-0.20392157
-0.039215688
-0.015686275
-0.05490196
-0.003921569
-0.003921569
-0.003921569
-0.05882353
-0.003921569
-0.03137255
-0.13725491
-0.4
0.3882353
0.08235294
0.10980392
0.003921569
0.003921569
0.050980393
0.050980393
0.003921569
0.007843138
0.043137256
0.0
0.03137255
0.039215688
0.02745098
0.03529412
0.0
0.0
0.0
0.0
0.0
0.0
0.0
0.0
0.0
0.0
0.0
0.0
0.0
0.0
0.0
0.003921569
0.007843138
0.023529412
0.1254902
0.26666668
0.30588236
-0.33333334
-0.33333334
0.3019608
0.33333334
0.3372549
-0.06666667
-0.06666667
-0.06666667
0.4117647
-0.31764707
-0.15294118
-0.13333334
-0.078431375
-0.003921569
-0.003921569
-0.003921569
-0.003921569
-0.003921569
-0.003921569
-0.003921569
-0.003921569
-0.003921569
-0.003921569
-0.05882353
-0.22352941
-0.050980393
0.039215688
0.15686275
-0.050980393
-0.050980393
0.16862746
0.050980393
0.09411765
0.0
0.12941177
0.24705882
0.3137255
0.4509804
-0.29411766
0.46666667
0.13725491
0.039215688
0.039215688
0.047058824
0.16470589
0.4627451
-0.13725491
-0.003921569
-0.003921569
-0.003921569
-0.003921569
-0.003921569
-0.003921569
-0.015686275
-0.023529412
-0.003921569
-0.003921569
-0.003921569
-0.003921569
-0.11372549
-0.25490198
-0.37254903
-0.41568628
0.4627451
0.34901962
0.35686275
-0.49803922
-0.4627451
-0.47843137
0.39607844
0.09803922
0.047058824
0.05490196
0.05882353
0.05882353
0.05490196
0.05490196
0.36078432
-0.3647059
-0.36078432
-0.24313726
-0.003921569
-0.003921569
-0.003921569
-0.003921569
-0.003921569
-0.003921569
-0.003921569
-0.003921569
-0.08235294
-0.1882353
-0.22352941
-0.18431373
-0.26666668
-0.27058825
-0.34901962
-0.4627451
-0.41960785
-0.3137255
0.3647059
0.3647059
0.3647059
0.3647059
0.3647059
0.3647059
0.38431373
-0.29803923
-0.22352941
-0.38039216
-0.11764706
-0.1254902
-0.13725491
-0.10980392
-0.003921569
-0.003921569
-0.10980392
-0.078431375
-0.003921569
-0.043137256
-0.007843138
-0.003921569
-0.05882353
-0.26666668
-0.40392157
0.17254902
0.07058824
0.08627451
0.023529412
0.047058824
0.09019608
0.105882354
0.06666667
0.07450981
0.015686275
0.0
0.0
0.0
0.003921569
0.0
0.0
0.0
0.0
0.0
0.0
0.0
0.0
0.0
0.0
0.0
0.0
0.0
0.0
0.0
0.0
0.0
0.0
0.0
0.07450981
0.2
0.23137255
0.19607843
0.3254902
-0.06666667
-0.06666667
-0.06666667
-0.06666667
-0.06666667
-0.06666667
0.49803922
-0.2
-0.003921569
-0.003921569
-0.003921569
-0.003921569
-0.003921569
-0.003921569
-0.003921569
-0.003921569
-0.003921569
-0.003921569
-0.003921569
-0.003921569
-0.003921569
-0.003921569
-0.003921569
0.09411765
0.4392157
0.32156864
0.09411765
0.49803922
0.29803923
0.29803923
0.32156864
0.34901962
0.3254902
0.019607844
0.3254902
0.4627451
-0.2784314
-0.16078432
-0.3647059
0.0
0.05490196
0.2627451
0.29411766
-0.42352942
-0.11372549
-0.0627451
-0.003921569
-0.003921569
-0.003921569
-0.003921569
-0.003921569
-0.078431375
-0.15294118
-0.105882354
-0.101960786
-0.14901961
-0.23921569
-0.3372549
-0.33333334
-0.4627451
0.4509804
0.34901962
0.09803922
0.09803922
0.09803922
0.09803922
0.09803922
0.07450981
0.07450981
0.047058824
0.05490196
0.05490196
0.05490196
0.05490196
0.05490196
0.09803922
-0.3372549
-0.4392157
-0.5019608
-0.27058825
-0.03137255
-0.0627451
-0.078431375
-0.003921569
-0.03137255
-0.14509805
-0.15686275
-0.3254902
-0.43137255
-0.3254902
-0.21960784
-0.27058825
-0.22745098
-0.3764706
0.08627451
-0.44313726
-0.4117647
0.3647059
0.3647059
0.41568628
0.3647059
0.43529412
0.4862745
0.4117647
0.4862745
-0.48235294
-0.3372549
-0.38039216
-0.39607844
-0.34901962
-0.1764706
-0.03137255
-0.003921569
-0.08627451
-0.043137256
-0.003921569
-0.05882353
-0.05490196
-0.003921569
-0.14509805
-0.2509804
-0.18039216
-0.31764707
0.105882354
0.09019608
0.12156863
0.101960786
0.003921569
0.07450981
0.06666667
0.011764706
0.015686275
0.0
0.007843138
0.011764706
0.003921569
0.003921569
0.003921569
0.003921569
0.0
0.0
0.0
0.0
0.0
0.0
0.0
0.0
0.0
0.0
0.0
0.0
0.0
0.0
0.0
0.007843138
0.06666667
0.18039216
0.22352941
0.17254902
0.49019608
0.49019608
-0.06666667
-0.06666667
-0.06666667
-0.06666667
0.36862746
-0.3764706
-0.09803922
-0.003921569
-0.003921569
-0.003921569
-0.003921569
-0.003921569
-0.003921569
-0.003921569
-0.003921569
-0.003921569
-0.003921569
-0.003921569
-0.003921569
-0.003921569
-0.003921569
-0.003921569
-0.003921569
-0.003921569
-0.43137255
0.45490196
0.30980393
0.29803923
0.33333334
0.43529412
0.40392157
0.3764706
0.33333334
-0.003921569
-0.46666667
-0.21960784
-0.19215687
0.0
0.09411765
0.20392157
-0.49019608
0.48235294
-0.10980392
-0.015686275
-0.13333334
-0.22352941
-0.18039216
-0.039215688
-0.003921569
-0.003921569
-0.019607844
-0.105882354
-0.14509805
-0.16470589
-0.19607843
-0.30980393
-0.47058824
0.4
0.31764707
0.09803922
0.09803922
0.09803922
0.08627451
0.09803922
0.08627451
0.09803922
0.07450981
0.07450981
0.05882353
0.05490196
0.05490196
0.05490196
0.05490196
0.31764707
0.40784314
0.09803922
0.09803922
0.44705883
-0.45882353
-0.29803923
-0.4745098
0.39215687
-0.27058825
-0.19607843
-0.28235295
-0.2901961
-0.39607844
-0.47058824
-0.41568628
0.08627451
0.31764707
0.08627451
0.25882354
0.20392157
0.1764706
0.03529412
0.32156864
0.3647059
0.34901962
-0.49019608
0.3647059
0.4862745
0.43529412
0.4862745
-0.47058824
0.047058824
-0.3372549
-0.4862745
-0.30588236
-0.1764706
-0.15294118
-0.07058824
-0.043137256
-0.003921569
-0.003921569
-0.02745098
-0.15294118
-0.07058824
-0.078431375
-0.09019608
-0.30588236
0.16862746
0.14509805
0.13333334
0.09019608
0.007843138
0.0
0.047058824
0.03529412
0.011764706
0.0
0.003921569
0.03529412
0.043137256
0.0
0.003921569
0.003921569
0.0
0.0
0.0
0.0
0.0
0.0
0.0
0.0
0.0
0.0
0.0
0.0
0.0
0.0
0.0
0.0
0.023529412
0.09803922
0.20392157
0.2509804
0.2
0.29803923
0.49019608
0.49019608
0.49019608
-0.06666667
-0.06666667
0.34901962
-0.44313726
-0.17254902
-0.003921569
-0.003921569
-0.003921569
-0.003921569
-0.003921569
-0.003921569
-0.003921569
-0.003921569
-0.003921569
-0.003921569
-0.003921569
-0.003921569
-0.003921569
-0.003921569
-0.003921569
-0.003921569
-0.003921569
-0.17254902
-0.44313726
0.46666667
0.40784314
0.42745098
0.45882353
0.47058824
0.49019608
0.4117647
0.4745098
-0.34509805
-0.18431373
-0.39215687
0.015686275
0.24705882
-0.3254902
-0.13333334
-0.19607843
-0.105882354
-0.078431375
-0.25882354
-0.33333334
-0.3529412
-0.24313726
-0.078431375
-0.14509805
-0.18431373
-0.22745098
-0.2901961
-0.23137255
-0.22745098
-0.3137255
-0.44705883
0.42352942
0.30588236
0.09803922
0.09803922
0.09803922
0.08627451
0.08627451
0.08627451
0.09803922
0.09019608
0.0627451
0.05882353
0.05490196
0.05490196
0.05490196
0.05490196
0.07058824
0.34117648
0.34509805
-0.4862745
0.003921569
0.05882353
0.05882353
0.4392157
0.08627451
0.36078432
0.37254903
0.44705883
0.05490196
0.05490196
0.47843137
0.35686275
0.08627451
-0.45490196
-0.34117648
-0.3372549
-0.47843137
0.44313726
-0.46666667
-0.4392157
0.3647059
0.3647059
0.3647059
0.3647059
0.4862745
-0.42745098
0.4745098
0.4862745
0.4862745
0.4862745
-0.2784314
-0.37254903
-0.47058824
-0.34901962
-0.08235294
-0.047058824
-0.003921569
-0.003921569
-0.07058824
-0.12156863
-0.019607844
-0.1254902
-0.25882354
0.39607844
0.15686275
0.16470589
0.09411765
0.039215688
0.011764706
0.0
0.0
0.019607844
0.007843138
0.0
0.0
0.0
0.0
0.0
0.0
0.0
0.0
0.0
0.0
0.0
0.0
0.0
0.0
0.0
0.0
0.0
0.0
0.0
0.0
0.0
0.0
0.015686275
0.05490196
0.14901961
0.24705882
0.28235295
0.24313726
0.1882353
0.34117648
0.49019608
0.49019608
0.039215688
0.039215688
0.32156864
0.45490196
-0.3529412
-0.14117648
-0.20784314
-0.25882354
-0.003921569
-0.003921569
-0.003921569
-0.003921569
-0.003921569
-0.003921569
-0.003921569
-0.003921569
-0.003921569
-0.003921569
-0.003921569
-0.003921569
-0.003921569
-0.003921569
-0.2784314
-0.38431373
-0.4745098
-0.47843137
0.49803922
0.44705883
0.4509804
0.49019608
0.4627451
-0.44313726
-0.35686275
-0.39215687
0.003921569
0.19607843
0.4745098
-0.23529412
-0.05882353
-0.09411765
-0.05490196
-0.05882353
-0.27058825
-0.3764706
-0.40392157
-0.3529412
-0.20392157
-0.15294118
-0.25882354
-0.43137255
-0.43137255
-0.4
-0.4509804
-0.44705883
0.08235294
0.0627451
0.07058824
0.09411765
0.09803922
0.09803922
0.09803922
0.09803922
0.09803922
0.09019608
0.09019608
-0.40784314
0.05882353
0.05882353
0.05490196
0.05490196
0.07450981
0.07450981
0.007843138
0.09803922
0.08235294
0.29803923
0.003921569
0.039215688
0.06666667
0.05490196
0.05490196
0.05490196
0.05490196
0.011764706
0.02745098
0.050980393
0.08627451
0.08627451
0.09803922
0.3882353
-0.3137255
0.07450981
0.07058824
0.06666667
0.043137256
0.043137256
0.03529412
0.37254903
-0.5019608
0.03529412
-0.47843137
-0.44313726
-0.49019608
0.047058824
0.48235294
-0.3647059
0.05882353
-0.3764706
-0.34117648
-0.09803922
-0.14509805
-0.09803922
-0.08235294
-0.16078432
-0.09411765
-0.17254902
-0.37254903
0.38431373
-0.30588236
0.1764706
0.23921569
0.17254902
0.05490196
0.03137255
0.0
0.011764706
0.011764706
0.007843138
0.007843138
0.0
0.0
0.0
0.0
0.0
0.0
0.0
0.0
0.0
0.0
0.0
0.0
0.0
0.0
0.0
0.0
0.0
0.0
0.0
0.0
0.015686275
0.050980393
0.11372549
0.2
0.28627452
0.3529412
0.36078432
0.30588236
0.34117648
0.47843137
0.40392157
0.039215688
0.039215688
0.35686275
0.45882353
-0.47058824
-0.3019608
-0.3254902
-0.31764707
-0.003921569
-0.003921569
-0.003921569
-0.003921569
-0.003921569
-0.003921569
-0.003921569
-0.003921569
-0.003921569
-0.003921569
-0.003921569
-0.003921569
-0.003921569
-0.105882354
-0.46666667
-0.4392157
-0.3882353
-0.47058824
-0.49019608
-0.4627451
-0.47843137
-0.4509804
-0.42352942
-0.45490196
-0.4
0.003921569
0.015686275
0.3137255
-0.3882353
-0.25490198
-0.05490196
-0.003921569
-0.003921569
-0.07450981
-0.20392157
-0.25882354
-0.3019608
-0.34901962
-0.20784314
-0.015686275
-0.15686275
-0.41568628
-0.4627451
-0.4
-0.38039216
-0.3764706
-0.48235294
0.31764707
0.07058824
0.09803922
0.09803922
0.09803922
0.09803922
-0.003921569
-0.003921569
-0.007843138
-0.08627451
0.07450981
0.05882353
0.3372549
0.36862746
0.015686275
0.07450981
0.07450981
0.07450981
0.0
-0.14509805
0.0
0.0
0.21568628
0.26666668
0.0
0.003921569
0.05490196
0.003921569
0.06666667
0.05490196
0.003921569
0.007843138
0.003921569
0.09803922
0.4509804
-0.2901961
-0.003921569
-0.003921569
-0.003921569
-0.003921569
-0.003921569
-0.003921569
-0.003921569
-0.09019608
-0.2
-0.12941177
-0.105882354
0.047058824
-0.4627451
-0.31764707
-0.21568628
-0.28235295
-0.3529412
-0.28627452
-0.4862745
-0.44705883
-0.27058825
-0.30980393
-0.1882353
-0.11764706
-0.28235295
-0.49411765
-0.30588236
0.12941177
0.1254902
0.16470589
0.09019608
0.07450981
0.043137256
0.007843138
0.0
0.0
0.007843138
0.015686275
0.007843138
0.003921569
0.0
0.0
0.0
0.0
0.0
0.0
0.0
0.0
0.0
0.0
0.0
0.0
0.0
0.0
0.0
0.0
0.0
0.0
0.019607844
0.078431375
0.15686275
0.22352941
0.2901961
0.3882353
0.4
0.26666668
0.3647059
0.47843137
0.40392157
0.40392157
-0.05490196
0.3019608
0.40784314
0.44705883
-0.43137255
-0.34117648
-0.21176471
-0.003921569
-0.003921569
-0.003921569
-0.003921569
-0.003921569
-0.003921569
-0.003921569
-0.003921569
-0.003921569
-0.003921569
-0.003921569
-0.003921569
-0.003921569
-0.3254902
-0.49803922
-0.25882354
-0.105882354
-0.25882354
-0.3882353
-0.28235295
-0.24313726
-0.32156864
-0.34117648
-0.41960785
-0.05490196
0.06666667
0.11764706
0.4
-0.13725491
-0.21568628
-0.18039216
-0.003921569
-0.003921569
-0.11372549
-0.33333334
-0.45490196
-0.44313726
-0.39607844
-0.2509804
-0.12156863
-0.2
-0.39215687
-0.46666667
-0.44705883
-0.48235294
0.45490196
0.08235294
0.08235294
0.07058824
0.09803922
0.09803922
-0.003921569
-0.003921569
-0.003921569
-0.003921569
-0.007843138
-0.2509804
0.07450981
0.007843138
0.015686275
0.019607844
0.3254902
-0.47843137
0.003921569
0.007843138
0.003921569
0.09411765
0.003921569
0.0
0.0
0.003921569
0.11372549
0.0
0.003921569
0.019607844
0.011764706
0.011764706
0.011764706
0.011764706
0.27450982
0.09803922
0.09803922
-0.3529412
-0.003921569
-0.003921569
-0.003921569
-0.003921569
-0.003921569
-0.003921569
-0.003921569
-0.003921569
-0.49019608
0.3882353
-0.078431375
-0.21568628
0.03529412
0.02745098
-0.23137255
-0.23137255
-0.31764707
0.039215688
-0.3019608
-0.31764707
-0.24313726
-0.24313726
-0.18431373
-0.18039216
-0.3019608
-0.44705883
-0.20392157
0.24313726
0.047058824
0.2627451
0.1882353
0.0627451
0.043137256
0.023529412
0.0
0.0
0.003921569
0.011764706
0.003921569
0.003921569
0.011764706
0.023529412
0.0
0.0
0.011764706
0.023529412
0.003921569
0.0
0.0
0.0
0.0
0.0
0.0
0.0
0.0
0.0
0.0
0.0
0.019607844
0.07450981
0.14901961
0.21176471
0.2627451
0.35686275
0.36862746
0.20392157
-0.47843137
-0.47843137
0.4862745
0.40392157
-0.05490196
-0.05490196
0.3529412
0.43529412
-0.42352942
-0.28627452
-0.10980392
-0.003921569
-0.003921569
-0.003921569
-0.003921569
-0.003921569
-0.003921569
-0.003921569
-0.003921569
-0.003921569
-0.003921569
-0.003921569
-0.003921569
-0.2509804
0.40784314
0.34901962
0.36862746
-0.3647059
-0.21568628
-0.34901962
-0.38431373
-0.41960785
-0.42745098
-0.45490196
0.47843137
0.003921569
0.15294118
0.28627452
-0.27058825
-0.23137255
-0.3372549
-0.29411766
-0.21176471
-0.16862746
-0.2
-0.39607844
0.4627451
0.49019608
-0.38039216
-0.20784314
-0.039215688
-0.07450981
-0.32941177
-0.49019608
0.40784314
0.08235294
0.08235294
0.08235294
0.08235294
0.08235294
0.09803922
0.09803922
-0.003921569
-0.003921569
-0.007843138
0.09803922
0.09803922
0.07450981
0.07450981
0.2784314
-0.46666667
-0.39607844
0.49411765
0.42352942
0.31764707
0.15294118
0.14509805
0.09411765
0.011764706
0.007843138
0.015686275
0.03137255
0.0
0.21960784
0.27058825
0.0627451
0.003921569
0.07450981
-0.4862745
0.0
0.0627451
0.13725491
0.043137256
0.050980393
-0.3254902
-0.2
-0.02745098
-0.003921569
-0.003921569
-0.003921569
-0.003921569
-0.003921569
-0.003921569
-0.003921569
-0.09411765
-0.07058824
-0.29411766
-0.49019608
-0.37254903
0.47058824
-0.23137255
-0.28627452
0.48235294
-0.39607844
-0.30980393
-0.20392157
-0.34117648
-0.3254902
-0.43529412
0.43529412
0.22352941
0.043137256
0.08627451
0.15294118
0.13333334
0.03137255
0.007843138
0.0
0.0
0.0
0.0
0.0
0.0
0.003921569
0.015686275
0.023529412
0.0
0.0
0.007843138
0.03529412
0.02745098
0.0
0.0
0.0
0.0
0.0
0.0
0.0
0.0
0.0
0.0
0.0
0.015686275
0.047058824
0.09411765
0.14117648
0.2
0.28235295
0.34509805
0.3019608
0.2509804
-0.47843137
-0.47843137
-0.47843137
0.3137255
0.37254903
0.42745098
-0.46666667
-0.28627452
-0.23529412
-0.2901961
-0.19215687
-0.09019608
-0.003921569
-0.003921569
-0.003921569
-0.003921569
-0.003921569
-0.003921569
-0.003921569
-0.003921569
-0.003921569
-0.39607844
0.43137255
-0.3647059
-0.49019608
0.30588236
-0.2901961
0.39215687
0.49019608
0.43137255
0.31764707
0.06666667
0.06666667
0.0
0.0
0.22352941
-0.35686275
-0.16862746
-0.2509804
-0.41568628
-0.3529412
-0.25490198
-0.21960784
-0.19215687
-0.40392157
0.42352942
-0.003921569
-0.3372549
-0.10980392
-0.003921569
-0.015686275
-0.32941177
0.41568628
0.08235294
0.08235294
0.08235294
0.08235294
0.08235294
0.08235294
0.03137255
-0.23529412
-0.23529412
-0.02745098
-0.02745098
-0.02745098
0.42352942
0.06666667
0.42745098
-0.2509804
0.3529412
-0.30980393
-0.35686275
0.43529412
0.0
0.0
0.0
0.05882353
0.0
0.0
0.0
0.0
0.015686275
0.03529412
0.023529412
0.03529412
0.02745098
0.047058824
0.0627451
0.23921569
0.32156864
0.007843138
0.1882353
-0.48235294
-0.047058824
0.07058824
-0.22352941
-0.08627451
-0.003921569
-0.003921569
-0.003921569
-0.003921569
-0.003921569
-0.003921569
-0.003921569
-0.003921569
-0.08235294
0.49019608
-0.3882353
-0.047058824
-0.07058824
-0.2901961
0.05490196
-0.49803922
-0.49803922
-0.49803922
0.29411766
0.1254902
0.34901962
0.16862746
0.15294118
0.14117648
0.19215687
0.05490196
0.101960786
0.03529412
0.03137255
0.003921569
0.011764706
0.0
0.0
0.0
0.019607844
0.039215688
0.0
0.0
0.0
0.0
0.0
0.011764706
0.019607844
0.0
0.0
0.0
0.0
0.0
0.0
0.0
0.0
0.0
0.0
0.0
0.003921569
0.019607844
0.039215688
0.07450981
0.13725491
0.41960785
0.039215688
0.29411766
0.35686275
0.2901961
0.22352941
-0.47843137
-0.05490196
0.34117648
-0.4117647
-0.2784314
-0.10980392
-0.20392157
0.4627451
-0.41960785
0.4745098
0.45490196
-0.16470589
-0.003921569
-0.003921569
-0.003921569
-0.003921569
-0.003921569
-0.003921569
-0.003921569
-0.34117648
0.39215687
-0.19215687
-0.4117647
0.40392157
0.09803922
-0.2901961
0.0
0.07450981
0.07450981
0.30980393
0.06666667
0.0
0.06666667
0.25490198
-0.23529412
-0.05490196
-0.18039216
-0.25490198
-0.22352941
-0.29411766
-0.29411766
-0.23529412
-0.3019608
0.49019608
0.34509805
-0.14509805
-0.003921569
-0.003921569
-0.16862746
-0.42352942
0.3647059
0.08235294
0.08235294
0.08235294
0.08235294
0.08235294
0.08235294
0.09019608
-0.23529412
-0.23529412
-0.02745098
-0.02745098
-0.02745098
-0.07450981
0.3019608
0.39607844
-0.40392157
-0.47058824
-0.32941177
0.0
0.0
0.0
0.1254902
0.13725491
0.0
0.0
0.0
0.0
0.15294118
0.25882354
0.023529412
0.023529412
0.3764706
0.25882354
0.2901961
0.34509805
0.3529412
0.38431373
0.3882353
0.05882353
0.38039216
-0.015686275
-0.003921569
-0.3882353
-0.17254902
-0.003921569
-0.003921569
-0.003921569
-0.003921569
-0.003921569
-0.003921569
-0.003921569
-0.003921569
-0.003921569
-0.44705883
-0.4745098
-0.23137255
-0.25882354
0.1764706
0.3882353
-0.48235294
0.47058824
0.24313726
0.22352941
0.10980392
0.26666668
0.38039216
0.38039216
0.043137256
0.13725491
0.19607843
0.12941177
0.0
0.003921569
0.019607844
0.023529412
0.0
0.0
0.0
0.03137255
0.05490196
0.0
0.0
0.0
0.0
0.0
0.011764706
0.02745098
0.011764706
0.02745098
0.0
0.0
0.0
0.0
0.0
0.0
0.0
0.0
0.0
0.0
0.011764706
0.03137255
0.0627451
0.101960786
0.15686275
0.2
0.22745098
0.31764707
0.30588236
0.25882354
-0.47843137
0.26666668
0.43137255
-0.24705882
-0.09803922
-0.003921569
-0.019607844
-0.22745098
-0.12156863
-0.15686275
-0.003921569
-0.003921569
-0.003921569
-0.003921569
-0.003921569
-0.003921569
-0.003921569
-0.4
-0.19215687
-0.003921569
-0.003921569
-0.09803922
0.38039216
-0.4627451
-0.3764706
-0.45490196
0.36078432
0.07450981
0.07450981
0.07450981
0.07058824
0.12156863
0.047058824
0.34117648
-0.003921569
-0.003921569
-0.003921569
-0.3254902
-0.37254903
0.31764707
-0.20784314
-0.21176471
-0.3372549
-0.38431373
0.3764706
-0.003921569
-0.003921569
-0.003921569
-0.039215688
-0.36078432
0.46666667
0.3764706
0.30588236
0.08235294
0.08235294
-0.4392157
0.42352942
0.09411765
0.08627451
-0.003921569
-0.003921569
-0.02745098
0.30588236
-0.47058824
0.023529412
0.050980393
-0.47058824
0.039215688
0.043137256
-0.42745098
0.03137255
0.011764706
0.015686275
0.02745098
0.4392157
0.14901961
0.1254902
0.08235294
0.023529412
0.039215688
0.41568628
0.047058824
0.49411765
0.4745098
0.45490196
0.32941177
0.2784314
0.0
0.003921569
0.0
0.24313726
-0.30588236
-0.21176471
-0.003921569
-0.003921569
-0.019607844
-0.003921569
-0.003921569
-0.003921569
-0.003921569
-0.003921569
-0.003921569
-0.003921569
-0.003921569
-0.101960786
0.3137255
-0.46666667
-0.4745098
-0.49411765
-0.32941177
-0.42745098
0.4627451
0.27450982
0.23921569
0.2627451
0.13333334
0.36862746
0.32156864
0.38039216
0.15294118
0.05882353
0.09019608
0.043137256
0.011764706
0.011764706
0.003921569
0.0
0.0
0.0
0.003921569
0.007843138
0.0
0.0
0.0
0.0
0.0
0.007843138
0.015686275
0.007843138
0.015686275
0.0
0.0
0.0
0.0
0.0
0.0
0.0
0.0
0.0
0.0
0.007843138
0.019607844
0.03529412
0.05882353
0.105882354
0.15294118
0.21568628
0.23921569
-0.47843137
0.2509804
0.30588236
0.4
-0.43529412
-0.19215687
-0.03137255
-0.003921569
-0.003921569
-0.003921569
-0.003921569
-0.003921569
-0.003921569
-0.003921569
-0.003921569
-0.003921569
-0.003921569
-0.003921569
-0.003921569
-0.003921569
-0.003921569
-0.003921569
-0.003921569
-0.003921569
-0.039215688
-0.4
-0.1764706
-0.06666667
-0.19607843
-0.38039216
-0.40784314
-0.4745098
0.32941177
0.06666667
0.1254902
-0.2627451
-0.003921569
-0.003921569
-0.003921569
-0.21568628
-0.4117647
0.2627451
-0.37254903
-0.39215687
-0.3372549
-0.29411766
0.34901962
-0.03137255
-0.003921569
-0.003921569
-0.039215688
-0.3882353
0.45882353
0.38431373
0.3137255
0.08235294
0.08235294
0.33333334
0.08235294
0.09411765
-0.1764706
-0.003921569
-0.02745098
-0.02745098
-0.02745098
0.38039216
0.015686275
-0.49803922
0.05882353
0.043137256
0.050980393
0.08235294
0.09803922
0.09803922
0.09803922
0.09803922
0.09803922
0.16862746
0.03137255
0.09803922
0.03529412
0.03529412
0.3137255
0.05490196
0.050980393
0.06666667
0.06666667
0.050980393
0.4117647
0.03529412
0.03137255
0.011764706
0.003921569
0.05490196
-0.48235294
-0.003921569
-0.003921569
-0.003921569
-0.3254902
-0.07058824
-0.003921569
-0.003921569
-0.003921569
-0.003921569
-0.003921569
-0.003921569
-0.003921569
-0.4745098
0.36078432
0.34901962
0.40392157
0.4627451
0.050980393
-0.47843137
0.20784314
0.15294118
0.11372549
0.078431375
0.38039216
0.38039216
0.38039216
0.07058824
0.078431375
0.20784314
0.14117648
0.0627451
0.007843138
0.0
0.0
0.0
0.0
0.0
0.0
0.0
0.0
0.0
0.0
0.0
0.0
0.0
0.0
0.0
0.0
0.0
0.0
0.0
0.0
0.0
0.0
0.0
0.0
0.0
0.0
0.007843138
0.015686275
0.023529412
0.05490196
0.09411765
0.14509805
0.11764706
0.08235294
0.17254902
0.23529412
0.29411766
0.48235294
-0.28235295
-0.02745098
-0.003921569
-0.003921569
-0.003921569
-0.003921569
-0.003921569
-0.003921569
-0.003921569
-0.003921569
-0.003921569
-0.003921569
-0.003921569
-0.003921569
-0.003921569
-0.003921569
-0.003921569
-0.003921569
-0.003921569
-0.003921569
-0.4117647
-0.25490198
-0.003921569
-0.003921569
-0.003921569
-0.003921569
-0.13725491
-0.48235294
0.06666667
0.14901961
0.043137256
-0.003921569
-0.003921569
-0.003921569
-0.16470589
-0.4862745
0.34117648
0.4862745
0.4745098
0.32941177
0.4392157
-0.23529412
-0.003921569
-0.003921569
-0.003921569
-0.003921569
-0.3019608
-0.49019608
0.4117647
0.32941177
0.30588236
0.08235294
0.08235294
0.09411765
0.09411765
-0.1764706
-0.003921569
-0.02745098
-0.02745098
-0.02745098
0.48235294
-0.06666667
0.09411765
-0.20392157
-0.13333334
-0.18431373
-0.21960784
-0.16078432
-0.007843138
-0.003921569
-0.003921569
-0.023529412
-0.29411766
0.07450981
-0.2
-0.3764706
0.3882353
0.007843138
0.22745098
0.3529412
-0.44705883
-0.32941177
-0.41568628
0.33333334
0.30980393
0.015686275
0.25882354
0.14117648
0.09019608
0.3764706
-0.16470589
-0.003921569
-0.003921569
-0.49019608
-0.26666668
-0.003921569
-0.003921569
-0.003921569
-0.003921569
-0.003921569
-0.003921569
-0.003921569
-0.41568628
0.40392157
0.047058824
0.41960785
0.45490196
0.38431373
0.47843137
0.42745098
0.3019608
0.42745098
0.42745098
0.4392157
0.39607844
0.39607844
0.019607844
0.0627451
0.105882354
0.003921569
0.043137256
0.003921569
0.0
0.0
0.0
0.0
0.0
0.0
0.0
0.0
0.0
0.0
0.0
0.0
0.0
0.0
0.0
0.0
0.0
0.0
0.0
0.0
0.0
0.0
0.0
0.0
0.0
0.0
0.015686275
0.0
0.0
0.019607844
0.039215688
0.050980393
0.03137255
0.05490196
0.10980392
0.14901961
0.1764706
0.34901962
-0.38039216
-0.09803922
-0.003921569
-0.003921569
-0.003921569
-0.003921569
-0.003921569
-0.003921569
-0.003921569
-0.003921569
-0.003921569
-0.003921569
-0.003921569
-0.003921569
-0.003921569
-0.003921569
-0.30588236
-0.31764707
-0.003921569
-0.11372549
-0.003921569
-0.4745098
-0.003921569
-0.003921569
-0.14117648
-0.003921569
-0.17254902
-0.22352941
-0.30588236
0.007843138
0.039215688
-0.003921569
-0.003921569
-0.05490196
-0.2784314
-0.49803922
0.003921569
0.4862745
-0.23529412
0.29803923
0.3764706
-0.4862745
-0.38039216
-0.25490198
-0.25490198
-0.34901962
-0.44313726
0.44705883
0.39215687
0.2509804
0.02745098
0.30588236
0.09411765
0.09411765
0.09411765
-0.1764706
-0.02745098
-0.02745098
-0.02745098
0.4509804
-0.003921569
-0.003921569
-0.21960784
-0.21568628
-0.12941177
-0.078431375
0.02745098
-0.003921569
-0.003921569
-0.003921569
-0.003921569
-0.20784314
0.09019608
-0.003921569
-0.003921569
-0.05882353
0.07058824
0.003921569
0.011764706
0.16862746
0.27450982
0.42352942
0.43137255
0.09019608
0.07450981
0.05490196
0.003921569
0.007843138
0.08627451
0.3764706
0.38431373
-0.003921569
-0.003921569
-0.19215687
-0.19215687
-0.003921569
-0.003921569
-0.003921569
-0.003921569
-0.003921569
-0.003921569
-0.003921569
0.09803922
0.047058824
0.047058824
0.44705883
0.42745098
0.050980393
0.43529412
0.42745098
-0.4117647
0.37254903
0.39215687
0.42352942
0.38039216
0.4392157
0.0
0.03529412
0.06666667
0.043137256
0.011764706
0.015686275
0.0
0.0
0.0
0.0
0.0
0.0
0.0
0.0
0.0
0.0
0.0
0.0
0.0
0.0
0.0
0.0
0.0
0.0
0.0
0.0
0.0
0.0
0.0
0.0
0.0
0.0
0.02745098
0.003921569
0.0
0.007843138
0.007843138
0.011764706
0.023529412
0.050980393
0.08235294
0.07058824
0.011764706
0.21176471
0.4509804
-0.25882354
-0.003921569
-0.003921569
-0.003921569
-0.003921569
-0.003921569
-0.003921569
-0.023529412
-0.003921569
-0.003921569
-0.003921569
0.36078432
-0.003921569
-0.003921569
-0.003921569
0.48235294
-0.003921569
-0.41568628
0.32156864
0.41568628
-0.043137256
-0.05490196
-0.003921569
-0.003921569
-0.003921569
-0.047058824
-0.4509804
0.0
0.003921569
0.039215688
-0.11764706
-0.14509805
-0.2627451
-0.36078432
-0.47843137
0.4862745
0.40392157
0.16470589
0.42352942
0.42352942
0.4745098
-0.49019608
-0.45882353
-0.48235294
0.45882353
0.3882353
0.30980393
0.30980393
0.2509804
0.3647059
0.30588236
0.09411765
0.09411765
0.09411765
-0.05490196
-0.05490196
-0.02745098
-0.02745098
-0.02745098
-0.32941177
-0.34509805
0.4745098
-0.4392157
-0.47843137
-0.03529412
0.39215687
-0.003921569
-0.003921569
-0.003921569
0.02745098
-0.43529412
0.101960786
-0.003921569
-0.003921569
-0.003921569
0.07058824
0.07450981
0.07450981
0.023529412
0.003921569
0.03137255
0.42352942
0.043137256
0.39607844
0.2509804
0.2784314
0.101960786
0.007843138
0.09803922
0.35686275
-0.27450982
-0.003921569
-0.11372549
-0.3882353
-0.003921569
-0.003921569
-0.003921569
-0.003921569
-0.003921569
-0.003921569
-0.003921569
0.047058824
0.050980393
0.047058824
0.44313726
0.47843137
0.38431373
0.3372549
0.39215687
0.42745098
0.3647059
-0.37254903
0.2
0.42352942
0.4392157
0.003921569
0.101960786
0.14117648
0.015686275
0.043137256
0.019607844
0.0
0.0
0.0
0.0
0.0
0.0
0.0
0.0
0.0
0.0
0.0
0.0
0.0
0.0
0.0
0.0
0.0
0.0
0.0
0.0
0.0
0.0
0.0
0.0
0.0
0.0
0.03137255
0.003921569
0.003921569
0.019607844
0.007843138
0.003921569
0.011764706
0.047058824
0.05882353
0.0627451
0.35686275
0.35686275
0.24705882
-0.48235294
-0.17254902
-0.003921569
-0.003921569
-0.003921569
-0.27058825
0.38431373
0.37254903
-0.38431373
-0.003921569
-0.003921569
0.35686275
-0.003921569
-0.003921569
-0.003921569
-0.22745098
0.34117648
-0.43529412
0.36078432
-0.07450981
-0.003921569
-0.07058824
-0.003921569
-0.003921569
-0.003921569
-0.08235294
-0.39607844
0.06666667
0.0
0.38431373
-0.3764706
-0.29411766
-0.31764707
-0.39215687
-0.45490196
-0.48235294
0.43529412
0.39215687
0.38039216
0.44705883
-0.47058824
-0.45490196
-0.4627451
0.47058824
0.36078432
-0.34117648
0.39607844
-0.44705883
0.2509804
0.43529412
0.4
0.05490196
0.09411765
0.09411765
-0.05490196
-0.05490196
-0.02745098
0.32156864
-0.02745098
-0.5019608
0.49803922
0.43137255
0.3137255
-0.49411765
-0.003921569
0.03529412
-0.1764706
-0.003921569
-0.003921569
0.0
0.039215688
-0.08235294
-0.003921569
-0.003921569
-0.003921569
0.05882353
0.011764706
0.07450981
0.34901962
0.3372549
0.05882353
0.050980393
-0.4862745
-0.49411765
0.31764707
0.37254903
0.047058824
0.34509805
0.03529412
-0.003921569
-0.45490196
-0.25490198
-0.101960786
0.09803922
0.09803922
-0.003921569
-0.003921569
-0.003921569
-0.003921569
-0.003921569
-0.003921569
0.050980393
0.050980393
0.050980393
-0.5019608
-0.38039216
-0.45882353
-0.4392157
-0.48235294
-0.37254903
0.4117647
0.40784314
0.36078432
0.32156864
0.4392157
0.003921569
0.078431375
0.18039216
0.0627451
0.019607844
0.015686275
0.0
0.0
0.0
0.0
0.0
0.0
0.0
0.0
0.0
0.0
0.0
0.0
0.0
0.0
0.0
0.0
0.0
0.0
0.0
0.0
0.0
0.0
0.0
0.0
0.0
0.0
0.02745098
0.043137256
0.0
0.03137255
0.023529412
0.011764706
0.011764706
0.011764706
0.039215688
0.043137256
0.35686275
0.35686275
0.35686275
0.38431373
-0.3529412
-0.13725491
-0.003921569
-0.003921569
-0.05882353
-0.4627451
-0.13725491
-0.003921569
-0.003921569
-0.003921569
-0.003921569
-0.003921569
-0.003921569
-0.003921569
-0.003921569
-0.21960784
-0.47843137
-0.27058825
-0.05882353
-0.003921569
-0.03137255
-0.003921569
-0.003921569
-0.18039216
-0.05490196
-0.28235295
0.45490196
0.0
0.101960786
0.4
-0.5019608
-0.44313726
-0.4862745
0.47843137
0.4862745
0.4627451
0.49019608
0.4509804
0.49019608
-0.44705883
-0.45490196
-0.4862745
0.40784314
0.26666668
-0.34117648
0.09803922
-0.44705883
-0.44705883
0.47058824
-0.45490196
0.42745098
0.05490196
0.05490196
-0.05490196
-0.05490196
-0.05490196
-0.02745098
-0.02745098
0.32941177
0.3372549
0.29411766
-0.21176471
-0.21176471
0.38431373
-0.05882353
-0.003921569
-0.003921569
-0.003921569
0.03529412
-0.44313726
-0.29411766
-0.003921569
-0.003921569
-0.003921569
-0.19215687
0.31764707
0.12941177
0.07058824
0.31764707
-0.2
0.003921569
-0.46666667
0.05882353
0.039215688
0.0627451
0.047058824
0.047058824
0.19215687
0.019607844
0.47058824
-0.3647059
-0.0627451
-0.003921569
-0.43529412
-0.35686275
-0.003921569
-0.003921569
-0.003921569
-0.003921569
0.050980393
0.050980393
0.050980393
0.050980393
0.39607844
0.47843137
0.039215688
0.32941177
-0.37254903
0.45882353
-0.4745098
-0.45882353
0.36078432
0.27058825
0.05882353
0.019607844
0.13333334
0.16862746
0.003921569
0.011764706
0.023529412
0.0
0.0
0.0
0.0
0.0
0.0
0.0
0.0
0.0
0.0
0.0
0.0
0.0
0.0
0.0
0.0
0.0
0.0
0.0
0.0
0.0
0.0
0.0
0.0
0.0
0.0
0.019607844
0.03137255
0.039215688
0.050980393
0.03529412
0.023529412
0.03137255
0.03529412
0.043137256
0.043137256
0.31764707
0.31764707
0.31764707
0.41960785
-0.36078432
-0.30980393
-0.15294118
-0.003921569
-0.003921569
-0.003921569
-0.003921569
-0.003921569
-0.003921569
-0.003921569
-0.2784314
-0.003921569
-0.003921569
-0.003921569
-0.3137255
-0.43137255
0.39215687
-0.47058824
-0.48235294
-0.003921569
-0.15294118
-0.21568628
-0.46666667
-0.003921569
-0.21960784
-0.14117648
-0.49803922
0.0
0.43137255
0.34901962
0.34901962
0.38039216
0.40392157
0.4392157
-0.5019608
0.47058824
0.4745098
0.49411765
0.49019608
0.49411765
0.4745098
0.47058824
0.38431373
0.25490198
-0.34117648
-0.34117648
0.39607844
-0.44705883
-0.5019608
-0.36078432
-0.39607844
0.05490196
0.05490196
0.078431375
0.078431375
-0.003921569
0.09803922
0.09803922
-0.05490196
-0.13725491
-0.13725491
0.047058824
-0.21176471
0.007843138
0.03137255
0.05882353
-0.003921569
-0.003921569
-0.003921569
0.03137255
0.0627451
0.09019608
-0.003921569
-0.011764706
-0.23529412
0.03529412
0.07058824
-0.34901962
0.0627451
0.023529412
0.05882353
0.3529412
-0.4745098
0.003921569
0.14117648
0.36078432
0.039215688
0.1882353
0.06666667
-0.40784314
-0.4509804
-0.1764706
-0.41960785
0.06666667
-0.003921569
-0.003921569
-0.003921569
-0.003921569
-0.003921569
-0.38039216
0.050980393
0.050980393
0.050980393
0.44705883
-0.49019608
0.039215688
-0.3529412
-0.4392157
-0.40784314
-0.42352942
-0.38431373
-0.38431373
0.37254903
0.043137256
0.07058824
0.23137255
0.19215687
0.0627451
0.007843138
0.019607844
0.0
0.0
0.0
0.0
0.0
0.0
0.0
0.0
0.0
0.0
0.0
0.0
0.0
0.0
0.0
0.0
0.0
0.0
0.0
0.0
0.0
0.0
0.0
0.0
0.0
0.003921569
0.023529412
0.0627451
0.08627451
0.078431375
0.039215688
0.02745098
0.047058824
0.06666667
0.078431375
0.31764707
0.003921569
0.12941177
0.20392157
0.4745098
-0.35686275
-0.30588236
-0.14509805
-0.003921569
-0.003921569
-0.003921569
-0.003921569
-0.003921569
-0.003921569
-0.003921569
-0.37254903
-0.003921569
-0.003921569
-0.37254903
0.42352942
0.3764706
0.3254902
-0.003921569
-0.25490198
-0.06666667
0.3764706
0.49803922
0.09803922
-0.003921569
-0.43137255
-0.17254902
-0.39607844
0.050980393
0.43137255
0.21568628
0.3254902
0.3254902
-0.39607844
0.44313726
-0.44313726
-0.4745098
-0.48235294
-0.48235294
0.48235294
0.4509804
0.40784314
0.40784314
0.34509805
0.26666668
-0.47058824
-0.45490196
0.39607844
-0.44705883
0.41960785
-0.49019608
-0.49411765
-0.47843137
0.3764706
0.078431375
0.078431375
-0.003921569
0.09803922
0.09803922
-0.1254902
-0.13725491
-0.13725491
0.047058824
0.047058824
0.1882353
-0.4509804
-0.34117648
0.003921569
-0.003921569
-0.003921569
0.03529412
-0.38039216
-0.30588236
0.003921569
-0.4392157
-0.47058824
0.09803922
0.003921569
-0.34901962
-0.34901962
-0.34901962
0.02745098
0.03137255
0.03137255
0.03137255
0.16862746
0.34901962
0.28627452
0.039215688
0.34117648
-0.33333334
-0.49411765
-0.14117648
-0.25882354
0.08235294
-0.37254903
-0.003921569
-0.003921569
-0.003921569
-0.003921569
-0.40784314
0.050980393
0.050980393
0.050980393
0.039215688
0.039215688
0.039215688
-0.34509805
-0.47058824
0.43137255
0.39215687
0.4509804
-0.46666667
-0.44313726
0.078431375
0.27058825
0.3647059
-0.44313726
0.14509805
0.03529412
0.019607844
0.0
0.0
0.0
0.0
0.0
0.0
0.0
0.0
0.0
0.0
0.0
0.0
0.0
0.0
0.0
0.0
0.0
0.0
0.0
0.0
0.0
0.0
0.0
0.0
0.0
0.003921569
0.023529412
0.09019608
0.12941177
0.101960786
0.05882353
0.02745098
0.050980393
0.047058824
0.047058824
0.31764707
0.047058824
0.39607844
-0.31764707
0.44705883
-0.40392157
-0.25882354
-0.11764706
-0.003921569
-0.003921569
-0.003921569
-0.003921569
-0.003921569
-0.19607843
-0.047058824
-0.35686275
-0.003921569
-0.003921569
-0.08627451
-0.34509805
0.44313726
0.09803922
-0.003921569
-0.023529412
-0.20784314
-0.2627451
-0.24705882
0.09803922
-0.003921569
-0.4
0.07450981
0.0
0.43137255
0.43137255
0.30980393
0.3254902
0.47843137
0.47843137
0.34509805
0.38431373
0.3764706
0.42745098
0.49803922
-0.48235294
0.4745098
0.4
0.34509805
-0.39607844
-0.47058824
-0.47058824
-0.45490196
0.30980393
-0.44705883
0.4117647
-0.49411765
-0.4745098
-0.47058824
0.48235294
0.078431375
0.078431375
0.078431375
-0.1254902
0.08627451
-0.1254902
-0.13725491
-0.42745098
-0.42745098
-0.5019608
0.047058824
0.05490196
0.0627451
0.05882353
-0.20784314
0.07058824
-0.003921569
0.08627451
0.07058824
0.40784314
0.0
0.09803922
0.09019608
0.09019608
0.003921569
0.050980393
-0.34901962
0.003921569
0.2
0.4
0.4392157
0.14509805
0.11764706
0.08627451
0.039215688
-0.003921569
-0.32156864
0.41568628
-0.21568628
-0.003921569
0.09803922
-0.44313726
-0.15294118
-0.003921569
-0.003921569
-0.003921569
0.050980393
0.050980393
0.050980393
0.043137256
0.05490196
0.05490196
0.039215688
0.03529412
0.36078432
-0.37254903
-0.37254903
0.33333334
0.42352942
-0.44313726
-0.003921569
0.41568628
0.3882353
0.3254902
0.015686275
0.023529412
0.003921569
0.0
0.0
0.0
0.0
0.0
0.0
0.0
0.0
0.0
0.0
0.0
0.0
0.0
0.0
0.0
0.0
0.0
0.0
0.0
0.0
0.0
0.0
0.0
0.0
0.0
0.007843138
0.003921569
0.1254902
0.1764706
0.14901961
0.105882354
0.07450981
0.050980393
0.07450981
0.07450981
0.3372549
0.3372549
0.39607844
0.39607844
0.35686275
0.30980393
-0.21176471
0.35686275
-0.07450981
-0.003921569
-0.003921569
-0.003921569
-0.003921569
-0.21960784
-0.050980393
-0.003921569
-0.003921569
-0.003921569
-0.21176471
-0.38039216
0.3647059
0.09803922
-0.16078432
-0.003921569
-0.34117648
-0.40784314
-0.4
-0.003921569
-0.003921569
0.3372549
-0.21568628
0.0
0.43137255
0.43137255
0.37254903
0.2901961
0.47843137
0.47843137
-0.39607844
-0.39607844
-0.3372549
-0.3372549
0.34117648
0.40392157
0.3764706
0.3019608
0.38039216
-0.39607844
-0.22352941
-0.45490196
-0.45490196
-0.45490196
0.13333334
0.42352942
-0.49019608
0.49411765
0.45490196
0.44705883
0.4509804
0.078431375
0.078431375
0.078431375
-0.1254902
-0.1254902
-0.14901961
-0.14901961
-0.42745098
-0.21960784
0.078431375
0.03137255
-0.23921569
0.07450981
0.07058824
-0.3529412
-0.25882354
-0.18039216
-0.14117648
0.047058824
0.09803922
0.09803922
0.09019608
0.0
0.14117648
-0.45490196
0.09019608
0.0627451
0.02745098
0.16078432
0.047058824
0.46666667
0.3764706
0.03137255
0.03137255
0.38039216
-0.40392157
-0.18431373
-0.09803922
-0.003921569
-0.32941177
-0.18431373
-0.003921569
-0.003921569
-0.003921569
-0.003921569
0.050980393
0.050980393
0.043137256
0.043137256
0.05490196
0.05490196
0.039215688
0.33333334
0.42745098
-0.37254903
-0.37254903
-0.37254903
-0.35686275
-0.44313726
-0.003921569
0.35686275
-0.078431375
-0.44313726
0.023529412
0.05882353
0.019607844
0.0
0.0
0.0
0.0
0.0
0.0
0.0
0.0
0.0
0.0
0.0
0.0
0.0
0.007843138
0.0
0.0
0.0
0.0
0.0
0.0
0.0
0.0
0.0
0.0
0.003921569
0.02745098
0.007843138
0.015686275
0.23529412
0.22352941
0.18431373
0.15686275
0.16078432
0.19607843
0.2509804
0.2509804
0.047058824
0.047058824
0.047058824
0.047058824
0.047058824
0.09803922
0.3529412
-0.46666667
-0.14509805
-0.003921569
-0.003921569
-0.003921569
-0.16078432
-0.05882353
-0.19607843
-0.003921569
-0.003921569
-0.003921569
0.4509804
0.09803922
0.30980393
-0.31764707
-0.003921569
-0.4392157
0.49803922
0.09803922
-0.003921569
-0.003921569
0.32941177
-0.35686275
0.06666667
-0.27058825
0.37254903
0.40784314
0.32156864
0.47843137
0.47843137
0.45490196
0.45490196
-0.3372549
-0.3372549
-0.3372549
-0.4509804
-0.4862745
-0.4862745
-0.4862745
0.38039216
-0.22352941
-0.22352941
-0.45490196
0.23529412
0.23529412
-0.45490196
0.38039216
0.39215687
0.35686275
0.35686275
0.39607844
0.078431375
0.34509805
0.078431375
0.078431375
0.09803922
-0.14901961
-0.14901961
-0.42745098
-0.21960784
0.08235294
0.08235294
0.07450981
-0.05490196
-0.14901961
0.08235294
0.078431375
0.078431375
0.101960786
-0.47058824
0.09803922
0.047058824
0.047058824
0.09019608
0.38039216
0.09019608
0.09019608
0.043137256
0.28235295
0.0
0.30588236
0.3764706
0.3764706
0.047058824
0.047058824
-0.49411765
-0.21568628
-0.003921569
-0.003921569
-0.003921569
0.09803922
-0.003921569
-0.003921569
-0.003921569
-0.003921569
-0.003921569
-0.14901961
0.043137256
0.043137256
0.043137256
0.039215688
0.039215688
0.05490196
0.3372549
0.41960785
-0.37254903
-0.37254903
-0.39607844
0.4
-0.47843137
0.45882353
-0.4392157
-0.078431375
-0.44313726
0.1254902
0.047058824
0.02745098
0.0
0.0
0.0
0.0
0.0
0.0
0.0
0.0
0.0
0.0
0.0
0.007843138
0.003921569
0.0
0.0
0.0
0.0
0.0
0.0
0.0
0.0
0.0
0.0
0.0
0.003921569
0.03137255
0.105882354
0.019607844
0.29411766
0.32156864
0.3137255
0.3254902
0.36078432
0.41960785
0.3372549
0.21176471
0.047058824
0.09803922
0.09803922
0.047058824
0.047058824
0.09803922
0.09803922
-0.30980393
-0.2627451
-0.0627451
-0.003921569
-0.003921569
-0.03137255
0.09803922
-0.003921569
-0.003921569
-0.003921569
-0.007843138
0.39607844
0.09803922
0.44313726
-0.3019608
-0.43529412
0.09803922
-0.35686275
0.09803922
-0.003921569
-0.003921569
0.49803922
-0.37254903
0.43137255
-0.27058825
0.49019608
-0.44705883
0.46666667
0.34117648
0.47843137
0.47843137
0.45490196
-0.3372549
-0.3372549
0.0
-0.4862745
-0.4862745
-0.4862745
-0.4862745
-0.22352941
-0.22352941
-0.22352941
-0.45490196
0.23529412
0.23529412
-0.45490196
0.43529412
0.45490196
0.42745098
0.3882353
0.47843137
-0.3647059
-0.32156864
-0.36862746
0.45882353
0.078431375
-0.13333334
-0.13333334
-0.13333334
-0.21960784
-0.21960784
0.08235294
0.0627451
0.0627451
0.015686275
0.078431375
-0.003921569
-0.003921569
0.09803922
0.11372549
0.09803922
0.047058824
0.047058824
0.09019608
0.09019608
0.3019608
-0.08627451
0.09019608
0.023529412
0.023529412
0.39607844
0.37254903
0.49019608
0.35686275
0.49019608
-0.39215687
-0.101960786
-0.003921569
-0.003921569
-0.003921569
0.09803922
-0.003921569
-0.003921569
-0.003921569
-0.003921569
-0.003921569
-0.003921569
0.043137256
0.043137256
0.043137256
0.039215688
0.05490196
0.05490196
-0.43529412
-0.4627451
0.4509804
-0.48235294
-0.3764706
-0.30980393
-0.40784314
-0.49019608
-0.43137255
-0.078431375
0.047058824
0.13725491
0.007843138
0.003921569
0.0
0.0
0.0
0.0
0.0
0.0
0.0
0.0
0.0
0.0
0.0
0.003921569
0.0
0.0
0.0
0.0
0.0
0.0
0.0
0.0
0.0
0.0
0.0
0.0
0.0
0.019607844
0.08627451
0.21176471
0.34117648
0.4509804
-0.49019608
-0.42352942
-0.35686275
-0.5019608
0.42352942
0.46666667
0.44705883
0.41568628
0.3764706
-0.38039216
-0.29411766
-0.2
-0.03529412
-0.02745098
-0.48235294
-0.2784314
-0.003921569
-0.003921569
-0.13725491
0.09803922
-0.003921569
-0.003921569
-0.003921569
-0.08627451
0.09803922
0.09803922
0.49019608
-0.36078432
-0.3647059
0.09803922
0.49411765
0.09803922
-0.003921569
-0.003921569
-0.5019608
-0.40784314
0.43137255
-0.27058825
-0.28235295
-0.18039216
-0.30588236
-0.46666667
0.42352942
0.47843137
0.4745098
-0.3372549
-0.3372549
-0.4745098
-0.4862745
-0.4862745
-0.4862745
0.3764706
-0.22352941
-0.22352941
0.3764706
-0.45490196
0.23529412
0.23529412
0.34117648
0.4627451
0.03529412
-0.34117648
-0.49803922
-0.35686275
-0.023529412
-0.003921569
-0.09019608
-0.3647059
0.078431375
0.08627451
0.08627451
0.42352942
0.42352942
0.42352942
0.42352942
0.42352942
0.007843138
0.019607844
-0.3137255
-0.050980393
-0.003921569
-0.003921569
-0.003921569
-0.003921569
0.09803922
0.047058824
0.49411765
-0.08627451
-0.08627451
-0.08627451
0.09019608
0.043137256
0.44313726
0.43137255
0.4862745
0.03137255
-0.48235294
0.03137255
-0.23137255
-0.003921569
-0.003921569
0.09803922
0.09803922
-0.003921569
-0.003921569
-0.003921569
-0.003921569
-0.003921569
-0.003921569
-0.003921569
0.49019608
0.043137256
0.043137256
0.05490196
0.05490196
0.42352942
0.41568628
-0.49411765
0.49019608
0.43137255
-0.4862745
-0.45882353
0.40784314
0.36862746
0.42352942
0.32941177
0.21176471
0.050980393
0.03137255
0.007843138
0.0
0.0
0.0
0.0
0.0
0.0
0.0
0.0
0.0
0.0
0.0
0.0
0.0
0.0
0.0
0.0
0.0
0.0
0.0
0.0
0.0
0.0
0.0
0.0
0.0
0.003921569
0.0627451
0.19215687
0.34901962
-0.44705883
-0.2901961
-0.1882353
-0.12156863
-0.28627452
-0.23529412
-0.08235294
-0.35686275
0.3882353
-0.4627451
-0.101960786
-0.35686275
0.43529412
0.45490196
0.44705883
-0.34117648
-0.003921569
-0.003921569
-0.003921569
-0.34509805
0.09803922
-0.003921569
-0.003921569
-0.003921569
-0.28627452
-0.4627451
0.09803922
0.3647059
-0.14117648
-0.21568628
-0.27450982
0.33333334
0.09803922
-0.003921569
-0.003921569
-0.38431373
-0.28627452
-0.27058825
0.47843137
-0.02745098
-0.003921569
-0.105882354
-0.28235295
-0.42352942
0.38431373
0.4745098
0.4745098
-0.18431373
-0.4745098
-0.4862745
-0.4862745
-0.4862745
0.3764706
-0.22352941
-0.22352941
0.047058824
0.12941177
-0.29411766
0.23529412
0.23529412
0.34901962
-0.45490196
-0.25490198
-0.40784314
-0.35686275
-0.11764706
-0.003921569
-0.003921569
-0.22745098
-0.49019608
0.33333334
0.039215688
0.039215688
0.42352942
0.42352942
0.42352942
0.42352942
0.42352942
0.42352942
-0.49803922
0.023529412
-0.11764706
-0.003921569
-0.003921569
-0.003921569
-0.25490198
0.02745098
0.09019608
0.49411765
0.09019608
0.09019608
0.09019608
0.043137256
0.03137255
0.38039216
0.3764706
0.03137255
0.43529412
0.30980393
-0.3254902
-0.007843138
0.03137255
0.03137255
0.03137255
-0.003921569
-0.003921569
-0.003921569
-0.003921569
-0.003921569
-0.003921569
-0.003921569
0.44705883
0.043137256
0.043137256
0.05490196
0.41568628
0.42352942
0.4627451
-0.49411765
-0.47843137
-0.46666667
-0.5019608
0.4745098
0.30980393
0.43137255
-0.44313726
-0.078431375
0.20392157
0.0
0.007843138
0.003921569
0.0
0.0
0.0
0.0
0.0
0.0
0.0
0.0
0.0
0.0
0.0
0.0
0.0
0.0
0.0
0.0
0.0
0.0
0.0
0.0
0.0
0.0
0.0
0.0
0.0
0.003921569
0.047058824
0.14117648
0.28235295
-0.4627451
-0.21568628
-0.09019608
-0.050980393
-0.07450981
-0.039215688
-0.05490196
-0.42745098
0.43137255
-0.25490198
-0.015686275
-0.2
-0.23529412
-0.05490196
-0.03137255
-0.003921569
-0.003921569
-0.003921569
-0.003921569
-0.16862746
-0.1764706
-0.003921569
-0.003921569
-0.003921569
-0.42745098
0.09019608
-0.003921569
-0.4117647
-0.08235294
0.09803922
-0.23137255
-0.05882353
-0.3372549
-0.003921569
-0.003921569
-0.3647059
-0.23921569
-0.27058825
-0.46666667
-0.003921569
-0.003921569
-0.003921569
-0.1764706
-0.34901962
0.44705883
0.32156864
-0.18431373
-0.18431373
-0.4745098
-0.4745098
-0.4745098
0.3764706
0.3764706
0.48235294
0.48235294
0.48235294
-0.36078432
-0.36078432
0.23529412
-0.29411766
0.25490198
-0.45490196
0.40784314
-0.46666667
-0.31764707
-0.15686275
-0.023529412
-0.05882353
-0.15294118
-0.3529412
0.44313726
0.039215688
0.039215688
0.40392157
0.039215688
0.42352942
0.42352942
0.42352942
0.42352942
-0.4
0.16078432
-0.3529412
-0.13333334
-0.15686275
0.06666667
0.043137256
0.019607844
0.3254902
0.047058824
0.047058824
0.09019608
0.09019608
0.050980393
0.03137255
0.03137255
0.03137255
0.03137255
0.31764707
0.03137255
-0.43529412
-0.39607844
0.03137255
0.03137255
-0.003921569
-0.003921569
-0.003921569
-0.003921569
-0.003921569
-0.003921569
-0.003921569
-0.3254902
0.44705883
0.043137256
0.023529412
0.05490196
-0.24313726
-0.41960785
-0.3647059
-0.31764707
-0.31764707
-0.29803923
-0.3882353
-0.4117647
0.4745098
0.38039216
-0.2509804
0.2
0.15294118
0.0
0.03137255
0.007843138
0.0
0.0
0.0
0.0
0.0
0.0
0.0
0.0
0.0
0.0
0.0
0.0
0.0
0.0
0.0
0.0
0.0
0.0
0.0
0.0
0.0
0.0
0.0
0.0
0.0
0.007843138
0.03137255
0.07058824
0.16470589
0.39607844
-0.32156864
-0.16078432
-0.14901961
-0.078431375
-0.043137256
-0.105882354
-0.27058825
-0.2627451
-0.1254902
-0.039215688
-0.08235294
-0.003921569
-0.003921569
-0.003921569
-0.19607843
-0.003921569
-0.09019608
-0.003921569
-0.003921569
-0.050980393
-0.003921569
-0.003921569
-0.003921569
-0.101960786
0.40784314
-0.003921569
-0.18039216
-0.15294118
0.09019608
0.09803922
0.09803922
0.3372549
-0.003921569
0.3019608
-0.5019608
-0.30980393
-0.27058825
-0.4117647
-0.003921569
-0.003921569
-0.003921569
-0.105882354
-0.34509805
0.44313726
0.32156864
0.3372549
0.35686275
-0.4745098
-0.4745098
-0.1764706
0.3764706
0.3764706
0.48235294
0.48235294
0.48235294
-0.36078432
-0.36078432
0.3882353
0.3882353
-0.03137255
0.25490198
-0.38431373
-0.21960784
-0.36078432
-0.19607843
-0.12156863
-0.11764706
-0.22352941
-0.4509804
0.35686275
0.039215688
0.039215688
0.039215688
0.039215688
0.039215688
0.039215688
0.039215688
0.039215688
0.039215688
0.08235294
0.44313726
-0.32156864
-0.27058825
0.05882353
0.07058824
0.14117648
0.2901961
0.19215687
0.047058824
0.047058824
0.047058824
0.050980393
0.050980393
0.09803922
0.03137255
0.03137255
0.03137255
0.03137255
0.03137255
0.02745098
0.02745098
0.30980393
-0.003921569
-0.003921569
-0.003921569
-0.003921569
-0.003921569
-0.003921569
-0.02745098
0.043137256
0.44705883
0.023529412
0.023529412
0.023529412
-0.29803923
-0.3882353
-0.34509805
-0.3254902
-0.36862746
-0.44313726
0.43529412
0.44705883
0.4117647
-0.36078432
-0.2509804
0.13333334
0.11372549
0.019607844
0.039215688
0.02745098
0.0
0.0
0.0
0.0
0.0
0.0
0.0
0.0
0.0
0.0
0.0
0.0
0.0
0.0
0.0
0.0
0.0
0.0
0.0
0.0
0.0
0.0
0.0
0.0
0.0
0.003921569
0.011764706
0.023529412
0.078431375
0.23137255
0.45882353
-0.36078432
-0.30588236
-0.23529412
-0.16862746
-0.21176471
-0.18039216
-0.18431373
-0.21568628
-0.16470589
-0.12156863
-0.03529412
-0.003921569
-0.105882354
-0.05882353
-0.003921569
-0.003921569
-0.003921569
-0.003921569
-0.003921569
-0.003921569
-0.003921569
-0.003921569
-0.3529412
-0.30980393
-0.27058825
0.41568628
0.09803922
-0.3372549
-0.18039216
0.09803922
-0.42745098
-0.003921569
-0.003921569
0.40784314
0.0
-0.27058825
-0.39607844
-0.003921569
-0.003921569
-0.003921569
-0.039215688
-0.2784314
-0.49019608
0.36862746
0.43529412
0.41960785
0.36862746
-0.18431373
-0.1764706
0.3764706
0.3764706
0.48235294
0.48235294
0.48235294
-0.36078432
-0.36078432
0.3882353
-0.03137255
-0.03137255
-0.03137255
-0.45490196
0.2784314
-0.4392157
-0.09411765
-0.003921569
-0.003921569
-0.17254902
-0.4509804
0.37254903
0.08627451
0.039215688
0.05490196
0.05490196
0.38039216
0.03137255
0.03137255
0.039215688
0.30980393
0.3764706
0.08235294
0.4117647
0.07058824
0.07058824
0.4117647
0.047058824
0.047058824
0.047058824
0.047058824
0.047058824
0.047058824
0.050980393
0.050980393
0.09803922
0.09803922
0.09803922
0.09803922
0.09803922
0.09803922
0.02745098
-0.003921569
-0.003921569
-0.003921569
-0.003921569
-0.003921569
-0.003921569
-0.019607844
0.043137256
-0.3647059
0.44705883
0.023529412
0.023529412
0.023529412
-0.101960786
-0.003921569
-0.17254902
-0.18431373
-0.23137255
-0.32156864
-0.41568628
0.47058824
-0.38431373
-0.43529412
0.4
-0.2509804
0.12156863
0.08627451
0.03529412
0.03137255
0.003921569
0.0
0.0
0.0
0.0
0.0
0.0
0.0
0.0
0.0
0.0
0.0
0.0
0.0
0.0
0.0
0.0
0.0
0.0
0.0
0.0
0.0
0.0
0.0
0.0
0.0
0.0
0.0
0.007843138
0.03529412
0.12156863
0.27058825
0.42352942
-0.4862745
-0.44705883
-0.36862746
-0.28235295
-0.22352941
-0.27450982
-0.3647059
-0.34117648
-0.28627452
-0.2509804
-0.28627452
-0.3372549
-0.003921569
-0.003921569
-0.003921569
-0.003921569
-0.003921569
-0.003921569
-0.003921569
-0.003921569
-0.003921569
-0.42745098
0.44705883
-0.0627451
-0.003921569
0.3372549
-0.003921569
-0.007843138
0.09019608
-0.49411765
-0.003921569
-0.003921569
0.0
0.0
0.03529412
-0.3647059
-0.07058824
-0.003921569
-0.003921569
-0.18431373
-0.4
0.38039216
0.09803922
0.39607844
-0.44705883
-0.4392157
0.4
-0.1764706
-0.1764706
0.30980393
0.48235294
0.48235294
-0.36078432
-0.36078432
-0.36078432
0.3882353
-0.03137255
-0.03137255
-0.03137255
-0.21960784
0.44313726
-0.47058824
-0.16470589
-0.003921569
-0.003921569
-0.12156863
-0.4
0.41960785
0.08627451
0.08627451
0.05490196
0.05490196
0.3254902
0.03137255
0.03137255
0.03137255
0.023529412
0.08627451
0.39607844
-0.48235294
0.09019608
-0.49411765
0.07058824
0.07058824
0.38431373
0.047058824
0.047058824
0.047058824
0.047058824
0.050980393
0.050980393
0.09803922
0.09803922
0.09803922
0.09803922
0.09803922
-0.08235294
-0.003921569
-0.003921569
-0.003921569
-0.003921569
-0.003921569
-0.003921569
-0.37254903
0.32941177
0.043137256
0.043137256
0.25882354
0.023529412
0.023529412
0.023529412
-0.003921569
-0.003921569
-0.09411765
-0.14901961
-0.25882354
-0.42352942
0.39215687
-0.49019608
-0.38431373
0.3372549
-0.36078432
-0.2509804
0.05882353
0.05882353
0.02745098
0.023529412
0.007843138
0.0
0.0
0.0
0.0
0.0
0.0
0.0
0.0
0.0
0.0
0.0
0.0
0.0
0.0
0.0
0.0
0.0
0.0
0.0
0.0
0.0
0.0
0.0
0.0
0.0
0.0
0.0
0.0
0.015686275
0.0627451
0.14901961
0.2627451
0.37254903
0.41960785
0.4745098
-0.39607844
-0.35686275
-0.3882353
-0.4117647
-0.42745098
-0.44705883
-0.3882353
-0.32941177
-0.21568628
-0.003921569
-0.003921569
-0.003921569
-0.003921569
-0.003921569
-0.003921569
-0.003921569
-0.003921569
-0.003921569
-0.49019608
-0.003921569
-0.2784314
-0.003921569
0.09803922
-0.003921569
-0.003921569
-0.41568628
0.49411765
-0.003921569
-0.003921569
0.09803922
0.0
-0.49803922
-0.39215687
-0.4117647
-0.09019608
-0.05490196
-0.3529412
0.09803922
0.09803922
-0.3764706
-0.43137255
-0.2901961
-0.16862746
-0.45882353
0.34117648
-0.25490198
-0.25490198
-0.25490198
0.14117648
-0.36078432
-0.36078432
0.11764706
0.3882353
-0.03137255
-0.03137255
-0.03137255
0.2784314
0.2784314
-0.40392157
-0.16078432
-0.019607844
-0.003921569
-0.08235294
-0.3137255
-0.49411765
0.08627451
0.08627451
0.08627451
0.3647059
0.03529412
0.03137255
0.03137255
0.03137255
0.03529412
0.09019608
0.08627451
0.3137255
0.09019608
0.09019608
0.07058824
0.078431375
0.078431375
0.047058824
0.047058824
0.047058824
0.050980393
0.37254903
0.09803922
-0.34901962
-0.003921569
-0.07450981
0.40392157
0.3372549
-0.43137255
-0.2
-0.007843138
-0.11372549
-0.33333334
-0.47058824
0.03529412
0.36078432
0.36078432
-0.47058824
-0.22745098
0.023529412
0.023529412
0.023529412
-0.4117647
-0.03137255
-0.003921569
-0.12941177
-0.18431373
-0.30588236
-0.43529412
0.42745098
0.39607844
0.43137255
0.38431373
-0.36078432
0.38431373
0.011764706
0.019607844
0.03137255
0.023529412
0.003921569
0.0
0.0
0.0
0.0
0.0
0.0
0.0
0.0
0.0
0.0
0.0
0.0
0.0
0.0
0.0
0.0
0.0
0.0
0.0
0.0
0.0
0.0
0.0
0.0
0.0
0.0
0.0
0.0
0.007843138
0.03137255
0.078431375
0.16862746
0.28235295
0.3529412
0.35686275
0.43137255
0.41960785
-0.49411765
-0.45882353
-0.46666667
0.49803922
-0.46666667
-0.2901961
-0.078431375
-0.003921569
-0.003921569
-0.003921569
-0.003921569
-0.003921569
-0.003921569
-0.003921569
-0.039215688
-0.33333334
-0.49803922
0.43137255
-0.003921569
-0.003921569
-0.003921569
-0.003921569
-0.003921569
0.09803922
-0.23529412
-0.003921569
-0.003921569
-0.003921569
-0.49803922
-0.49803922
0.49411765
0.3882353
-0.22352941
-0.003921569
0.08627451
-0.16470589
-0.08627451
-0.06666667
-0.28235295
-0.34117648
-0.25882354
-0.42352942
0.39607844
0.3764706
0.3764706
-0.25490198
-0.36078432
-0.36078432
-0.36078432
0.1254902
-0.4862745
-0.03137255
-0.03137255
-0.03137255
0.2784314
0.4509804
0.45882353
-0.3529412
-0.13725491
-0.12941177
-0.16862746
-0.32941177
-0.38039216
0.49019608
0.44313726
0.3764706
0.3137255
0.03529412
0.03529412
0.03529412
0.03529412
0.03529412
0.09019608
0.08627451
0.08627451
0.09019608
0.09019608
0.07058824
0.078431375
0.078431375
0.078431375
0.078431375
0.078431375
0.49411765
-0.49019608
0.40784314
-0.3254902
0.3882353
-0.45490196
0.47843137
-0.19215687
-0.45882353
-0.4392157
-0.19215687
0.09803922
0.09803922
-0.22745098
0.36078432
0.36078432
-0.24313726
-0.47058824
-0.22745098
0.02745098
0.023529412
0.023529412
-0.23137255
-0.02745098
-0.003921569
-0.003921569
-0.03137255
-0.19215687
-0.37254903
-0.5019608
0.41960785
0.38431373
0.35686275
0.38431373
0.38431373
0.019607844
0.06666667
0.02745098
0.023529412
0.007843138
0.0
0.0
0.0
0.0
0.0
0.0
0.0
0.0
0.0
0.0
0.0
0.0
0.0
0.0
0.0
0.0
0.0
0.0
0.0
0.0
0.0
0.0
0.0
0.0
0.0
0.0
0.0
0.0
0.0
0.011764706
0.047058824
0.12941177
0.21960784
0.30588236
0.3372549
0.38431373
0.3372549
0.38431373
0.46666667
0.4862745
-0.48235294
-0.44705883
-0.28235295
-0.07058824
-0.003921569
-0.003921569
-0.003921569
-0.003921569
-0.003921569
-0.003921569
-0.003921569
-0.14901961
0.47058824
0.09803922
-0.11764706
-0.003921569
-0.1764706
-0.003921569
-0.003921569
-0.003921569
-0.003921569
-0.101960786
-0.003921569
-0.003921569
0.3647059
0.3372549
0.2901961
0.42352942
0.4627451
0.09803922
-0.08235294
-0.003921569
-0.003921569
-0.019607844
-0.18039216
-0.23921569
-0.2
-0.3254902
-0.44313726
0.45882353
0.34117648
-0.25490198
-0.25490198
-0.36078432
-0.36078432
0.4
0.4
0.003921569
-0.03137255
-0.03137255
-0.003921569
0.2784314
-0.003921569
0.42352942
-0.38039216
-0.21176471
-0.28235295
0.24313726
-0.49803922
0.42352942
0.36862746
0.3647059
0.3254902
0.08235294
0.03529412
0.03529412
0.03529412
0.03529412
0.09019608
0.09019608
0.09019608
0.007843138
0.09019608
0.09019608
0.09019608
0.078431375
0.078431375
0.078431375
0.078431375
0.078431375
0.40392157
0.38431373
0.39215687
0.40392157
0.09019608
0.37254903
0.40392157
0.08235294
-0.4
-0.4
-0.19215687
-0.19215687
0.42352942
-0.22745098
-0.22745098
0.07450981
0.07450981
0.07450981
0.07450981
0.02745098
0.02745098
0.03137255
-0.4862745
-0.31764707
-0.12156863
-0.21568628
-0.38431373
0.3019608
0.35686275
0.3137255
-0.3647059
-0.3647059
-0.28627452
0.43137255
0.38431373
0.101960786
0.47058824
0.47058824
0.47058824
0.023529412
0.0
0.0
0.0
0.0
0.0
0.0
0.0
0.0
0.0
0.0
0.0
0.0
0.0
0.0
0.0
0.0
0.0
0.0
0.0
0.0
0.0
0.0
0.0
0.0
0.0
0.0
0.0
0.003921569
0.011764706
0.019607844
0.05490196
0.11372549
0.18039216
0.23921569
0.26666668
0.3137255
-0.2509804
-0.2509804
0.0627451
0.37254903
0.45490196
0.4
-0.47058824
-0.35686275
-0.18431373
-0.003921569
-0.003921569
-0.003921569
-0.003921569
-0.003921569
-0.003921569
-0.003921569
-0.003921569
-0.03529412
-0.003921569
-0.003921569
0.09803922
-0.003921569
-0.003921569
-0.003921569
-0.003921569
-0.003921569
-0.2627451
0.41568628
-0.003921569
0.24705882
0.09803922
0.09803922
-0.41960785
-0.16862746
-0.003921569
-0.003921569
-0.003921569
-0.003921569
-0.09019608
-0.22745098
-0.24313726
-0.33333334
-0.44313726
0.48235294
0.38039216
-0.25490198
0.3137255
-0.36078432
-0.36078432
0.4
0.4
-0.4862745
-0.03137255
0.39607844
0.47843137
-0.4745098
-0.4745098
-0.49803922
-0.38039216
-0.34901962
-0.34901962
-0.21960784
0.44705883
0.28627452
0.1882353
0.19215687
0.09019608
0.09019608
0.09019608
0.07450981
0.03529412
0.03137255
0.4392157
0.09019608
0.09019608
0.09019608
0.09019608
0.09019608
0.09019608
0.078431375
-0.5019608
0.078431375
0.078431375
0.078431375
0.078431375
0.30588236
0.3529412
0.33333334
0.33333334
0.32941177
0.31764707
0.08235294
0.07058824
-0.40392157
0.078431375
-0.44313726
0.48235294
0.07450981
-0.22745098
-0.22745098
0.07450981
0.07450981
0.07450981
0.07450981
0.07450981
0.03137255
0.03137255
0.49803922
-0.23921569
-0.34901962
-0.4509804
0.41568628
0.30588236
-0.30588236
-0.3647059
-0.28627452
-0.28627452
0.43137255
0.38431373
0.11764706
0.47058824
0.47058824
0.47058824
0.47058824
0.47058824
0.0
0.0
0.0
0.0
0.0
0.0
0.0
0.0
0.0
0.0
0.0
0.0
0.0
0.0
0.0
0.0
0.0
0.0
0.0
0.0
0.0
0.0
0.0
0.0
0.0
0.0
0.007843138
0.02745098
0.047058824
0.07450981
0.1254902
0.18431373
0.19215687
0.2
0.31764707
0.31764707
0.0627451
0.0627451
0.0627451
0.0627451
0.0627451
0.0627451
0.0627451
0.49411765
-0.09803922
-0.003921569
-0.003921569
-0.003921569
-0.003921569
-0.003921569
-0.003921569
-0.003921569
-0.003921569
-0.003921569
-0.08235294
0.09803922
-0.003921569
-0.003921569
0.09803922
0.09803922
-0.003921569
-0.21568628
0.42352942
0.007843138
0.15686275
-0.003921569
-0.27450982
-0.06666667
-0.003921569
-0.003921569
-0.003921569
-0.003921569
-0.003921569
-0.003921569
-0.21960784
0.43137255
0.44313726
0.46666667
0.42352942
0.3372549
0.0
0.08235294
0.09019608
0.34117648
0.39607844
0.32941177
-0.4862745
0.34117648
0.45490196
-0.47843137
-0.41568628
-0.003921569
-0.48235294
-0.48235294
0.49803922
-0.4745098
-0.43529412
0.3647059
0.011764706
0.12156863
0.078431375
0.078431375
0.09019608
0.09019608
0.07450981
0.07450981
0.0
0.05882353
0.09019608
0.09019608
0.09019608
0.09019608
0.09019608
0.09019608
0.078431375
0.078431375
0.078431375
0.078431375
0.078431375
0.078431375
0.078431375
0.047058824
0.0627451
0.0627451
0.3764706
0.3019608
0.08235294
0.07450981
-0.4745098
0.05490196
-0.4862745
0.07450981
0.07450981
0.05490196
0.07450981
0.05882353
0.09019608
0.09019608
0.07450981
0.07450981
0.07450981
0.07450981
0.46666667
-0.3137255
-0.37254903
-0.32156864
0.4509804
-0.30588236
-0.30588236
-0.30588236
-0.28627452
0.42352942
-0.2509804
0.1764706
0.13333334
0.08235294
0.03137255
0.47058824
0.47058824
0.47058824
0.47058824
0.32941177
0.32941177
0.0
0.0
0.0
0.0
0.0
0.0
0.0
0.0
0.0
0.0
0.0
0.0
0.0
0.0
0.0
0.0
0.0
0.0
0.0
0.0
0.0
0.0
0.0
0.007843138
0.02745098
0.05882353
0.09411765
0.15294118
0.24313726
0.2627451
0.24313726
0.3137255
0.32156864
0.0627451
0.0627451
0.0627451
0.0627451
0.0627451
-0.34901962
0.3254902
0.49411765
-0.19215687
-0.003921569
-0.003921569
-0.003921569
-0.003921569
-0.003921569
-0.09803922
-0.37254903
-0.28627452
-0.003921569
0.09803922
-0.19607843
-0.003921569
-0.003921569
-0.2784314
0.09803922
-0.16078432
0.03137255
0.003921569
0.007843138
0.03137255
0.3882353
-0.28235295
-0.015686275
-0.003921569
-0.003921569
-0.003921569
-0.003921569
-0.003921569
-0.003921569
-0.11764706
0.06666667
-0.30980393
0.3529412
0.4
0.33333334
-0.25490198
0.44705883
0.47058824
0.43529412
0.36078432
0.34901962
0.3647059
0.36862746
0.42352942
0.42352942
0.4117647
-0.003921569
0.47843137
-0.4862745
0.43529412
-0.47843137
0.4862745
0.2784314
0.011764706
0.3764706
0.38431373
0.09411765
0.09411765
0.09803922
0.07450981
0.09803922
0.09803922
0.09803922
0.09803922
0.09803922
0.09019608
0.09019608
0.09019608
0.07058824
0.078431375
0.078431375
0.078431375
0.078431375
0.078431375
0.078431375
0.31764707
0.047058824
-0.41960785
0.48235294
0.36078432
0.08235294
0.08235294
0.07450981
0.07450981
0.05490196
0.3372549
0.07450981
0.07450981
0.05490196
0.05490196
0.05882353
0.09019608
0.09019608
0.07450981
0.07450981
0.07450981
0.07450981
0.4117647
-0.44705883
-0.49411765
0.46666667
-0.23529412
-0.30588236
-0.2627451
-0.2627451
-0.28627452
0.42352942
0.07450981
-0.2509804
0.09803922
0.0627451
0.03137255
0.32941177
0.32941177
0.47058824
0.47058824
0.47058824
0.32941177
0.32941177
0.0
0.0
0.0
0.0
0.0
0.0
0.0
0.0
0.0
0.0
0.0
0.0
0.0
0.0
0.0
0.0
0.0
0.0
0.0
0.0
0.0
0.0
0.003921569
0.011764706
0.02745098
0.06666667
0.39607844
0.2784314
0.36078432
0.36862746
0.36078432
0.31764707
-0.34901962
-0.34901962
-0.34901962
-0.34901962
-0.34901962
0.3019608
0.42745098
-0.44705883
-0.2627451
-0.003921569
-0.003921569
-0.003921569
-0.003921569
-0.10980392
-0.21568628
-0.23137255
0.45882353
0.039215688
0.09803922
-0.003921569
-0.003921569
-0.003921569
-0.21960784
-0.4509804
0.023529412
0.015686275
0.011764706
0.31764707
0.023529412
0.09803922
-0.27058825
-0.003921569
-0.003921569
-0.003921569
-0.003921569
-0.003921569
-0.003921569
-0.003921569
-0.003921569
-0.37254903
0.41568628
0.41568628
0.3647059
-0.25490198
-0.25490198
0.34509805
0.36862746
0.4862745
0.38431373
0.34117648
0.32941177
-0.03137255
-0.03137255
-0.03137255
-0.003921569
-0.003921569
0.35686275
0.49019608
0.39215687
0.40392157
0.38039216
0.23921569
0.30980393
0.3529412
0.3647059
0.29803923
0.29803923
0.09803922
0.09803922
0.09803922
0.09803922
0.09803922
0.09803922
0.09803922
0.09019608
0.09019608
0.07058824
-0.43137255
0.07058824
0.078431375
0.078431375
0.078431375
0.078431375
0.3137255
0.37254903
0.36078432
0.4117647
0.3019608
0.047058824
0.078431375
0.078431375
0.07450981
0.043137256
0.03529412
0.3137255
0.07450981
0.07450981
0.07058824
0.07058824
0.09019608
0.09019608
0.09019608
0.07450981
0.07450981
0.07450981
0.07450981
-0.48235294
-0.3137255
-0.47843137
0.45882353
-0.4117647
0.3529412
0.41960785
-0.08235294
-0.08235294
0.42352942
0.07450981
-0.2509804
0.07058824
-0.34901962
-0.34901962
0.023529412
0.019607844
0.0
0.32941177
0.32941177
0.32941177
0.32941177
0.0
0.0
0.0
0.0
0.0
0.0
0.0
0.0
0.0
0.0
0.0
0.0
0.0
0.0
0.0
0.0
0.0
0.0
0.0
0.0
0.0
0.0
0.003921569
0.015686275
0.039215688
0.08235294
0.39607844
0.39607844
0.3529412
0.41568628
0.43529412
0.39215687
0.3137255
-0.34901962
-0.34901962
-0.34901962
-0.34901962
-0.34901962
0.36862746
0.4862745
-0.2784314
-0.003921569
-0.003921569
-0.003921569
-0.003921569
-0.078431375
-0.09411765
-0.18039216
0.4117647
0.09803922
-0.003921569
-0.003921569
-0.003921569
-0.003921569
-0.1882353
-0.4392157
0.3372549
0.21960784
0.16078432
0.31764707
0.43137255
-0.16078432
-0.1254902
-0.003921569
-0.003921569
-0.003921569
-0.003921569
-0.003921569
-0.003921569
-0.003921569
-0.003921569
-0.003921569
0.050980393
0.41568628
0.41568628
-0.25490198
-0.25490198
0.32156864
0.3529412
0.38431373
0.3529412
0.32941177
0.03137255
-0.03137255
-0.03137255
-0.03137255
-0.003921569
-0.003921569
-0.38039216
-0.38039216
0.07058824
0.07450981
0.0
0.06666667
0.06666667
0.06666667
0.06666667
0.06666667
0.33333334
0.09803922
0.09803922
0.09019608
0.14901961
0.09803922
0.09803922
0.09803922
-0.2901961
-0.2901961
0.07058824
0.07058824
0.003921569
0.03529412
0.078431375
0.09803922
0.4392157
-0.49019608
-0.27058825
0.34117648
0.05490196
0.05490196
0.047058824
0.078431375
0.078431375
0.078431375
0.043137256
0.03529412
0.03529412
0.050980393
0.07058824
0.35686275
0.05882353
0.09019608
0.09019608
0.09019608
0.07058824
0.06666667
0.06666667
0.07450981
0.45882353
-0.45490196
0.40784314
0.34117648
-0.32156864
-0.4117647
0.37254903
-0.2627451
-0.08235294
-0.08235294
0.42352942
-0.2509804
-0.16470589
-0.34901962
-0.34901962
-0.34901962
0.02745098
0.0
0.0
0.0
0.0
0.0
0.0
0.0
0.0
0.0
0.0
0.0
0.0
0.0
0.0
0.0
0.0
0.0
0.0
0.0
0.0
0.0
0.0
0.0
0.0
0.0
0.0
0.0
0.003921569
0.019607844
0.047058824
0.09019608
0.14509805
0.21568628
0.29411766
0.3647059
0.4117647
0.38039216
0.29803923
-0.34901962
-0.34901962
-0.34901962
-0.34901962
-0.34901962
0.35686275
-0.49019608
-0.2784314
-0.09411765
-0.003921569
-0.003921569
-0.003921569
-0.003921569
-0.078431375
-0.101960786
0.039215688
-0.06666667
-0.003921569
-0.003921569
-0.14509805
-0.35686275
-0.45490196
0.47843137
0.29803923
0.25490198
0.2
0.31764707
0.4862745
-0.050980393
-0.003921569
-0.2901961
-0.003921569
-0.003921569
-0.003921569
-0.003921569
-0.003921569
-0.003921569
-0.003921569
-0.2
0.09803922
0.09803922
0.41568628
0.06666667
0.06666667
0.30980393
0.36862746
0.36078432
0.39607844
0.32941177
0.03137255
0.03137255
-0.03137255
0.33333334
-0.21176471
-0.003921569
-0.38039216
0.0
0.023529412
0.06666667
0.0
0.14117648
0.06666667
0.06666667
0.06666667
0.09803922
0.3529412
0.32941177
0.32156864
0.3372549
0.33333334
0.25882354
0.09803922
0.07058824
-0.2901961
-0.2901961
-0.2901961
0.33333334
0.003921569
0.07058824
0.09803922
0.09803922
-0.40392157
0.34901962
-0.31764707
-0.29803923
0.32156864
0.05490196
0.09803922
0.09803922
0.078431375
0.0627451
0.043137256
0.03529412
0.03529412
0.09803922
0.09803922
0.3372549
0.05882353
0.09019608
0.09019608
0.09019608
0.07058824
0.07058824
0.36078432
0.40392157
-0.49019608
-0.39215687
0.4509804
-0.49803922
0.44705883
0.38039216
-0.2627451
-0.2627451
-0.08235294
-0.08235294
-0.29803923
-0.2509804
0.06666667
-0.16470589
-0.34901962
-0.34901962
-0.42352942
0.0
0.0
0.0
0.0
0.0
0.0
0.0
0.0
0.0
0.0
0.0
0.0
0.0
0.0
0.0
0.0
0.0
0.0
0.0
0.0
0.0
0.0
0.0
0.0
0.0
0.0
0.0
0.0
0.007843138
0.02745098
0.0627451
0.11372549
0.16078432
0.22352941
0.4745098
0.4745098
0.24705882
0.2
0.16470589
0.14901961
-0.34901962
-0.34901962
-0.34901962
0.3529412
0.4627451
-0.4392157
-0.25490198
-0.11764706
-0.05490196
-0.003921569
-0.003921569
-0.24313726
-0.44705883
-0.43137255
-0.2901961
-0.18431373
-0.21568628
-0.41960785
0.3764706
0.34509805
0.34509805
0.22745098
0.20784314
0.03137255
0.03137255
0.44313726
0.49411765
-0.02745098
-0.003921569
-0.003921569
-0.003921569
-0.003921569
-0.003921569
-0.003921569
-0.003921569
-0.003921569
-0.003921569
-0.4392157
0.09803922
0.09803922
0.06666667
0.06666667
0.30980393
0.34117648
0.32941177
0.39607844
0.32941177
0.03137255
0.03137255
0.36078432
0.38039216
-0.21176471
-0.003921569
-0.003921569
-0.38039216
0.1254902
0.2627451
0.0
0.0
0.0
0.12941177
0.1254902
0.32156864
0.35686275
0.09803922
0.09019608
0.09019608
0.25882354
-0.3137255
-0.3137255
-0.3137255
-0.2901961
-0.2901961
-0.2901961
0.07058824
0.07058824
0.07058824
0.09803922
0.09803922
-0.18431373
0.47843137
0.4
0.09411765
-0.44705883
0.09803922
0.37254903
0.09803922
-0.050980393
-0.050980393
0.0627451
0.08235294
0.050980393
0.09803922
0.09803922
0.09803922
0.09803922
0.05882353
0.07058824
0.07058824
0.07058824
0.07058824
0.45490196
0.44313726
-0.4745098
-0.42745098
0.41960785
0.4745098
0.36078432
-0.32156864
-0.17254902
-0.17254902
-0.39215687
-0.39215687
-0.44705883
-0.44705883
0.05490196
-0.16470589
-0.34901962
0.37254903
0.37254903
0.37254903
0.0
0.0
0.0
0.0
0.0
0.0
0.0
0.0
0.0
0.0
0.0
0.0
0.0
0.0
0.0
0.0
0.0
0.0
0.0
0.0
0.0
0.0
0.0
0.0
0.0
0.0
0.0
0.003921569
0.015686275
0.047058824
0.07058824
0.2
0.2
0.12941177
0.4745098
0.4745098
0.06666667
0.039215688
0.06666667
0.02745098
0.23137255
0.29803923
0.36862746
0.4117647
0.47843137
-0.31764707
-0.1882353
-0.08235294
-0.02745098
-0.043137256
-0.13725491
-0.25490198
-0.2901961
-0.3019608
-0.3019608
-0.45882353
-0.33333334
-0.33333334
-0.33333334
0.0
0.0
0.007843138
0.10980392
0.0627451
0.41568628
-0.48235294
-0.16078432
-0.003921569
-0.003921569
-0.003921569
-0.003921569
-0.003921569
-0.003921569
-0.003921569
-0.003921569
-0.003921569
-0.003921569
-0.3764706
-0.5019608
0.44705883
0.4509804
0.46666667
0.43529412
0.42745098
0.41568628
0.43529412
0.4392157
0.41960785
0.45490196
0.39607844
0.078431375
0.03137255
0.09803922
0.05882353
0.07450981
0.007843138
0.011764706
0.011764706
0.011764706
0.16470589
0.23137255
0.0
0.003921569
0.49803922
-0.38431373
-0.38431373
0.3019608
-0.3137255
-0.3137255
-0.3137255
-0.2901961
-0.2901961
-0.2901961
0.09803922
0.3882353
0.36078432
-0.49411765
0.36078432
-0.14509805
0.4
0.31764707
0.09803922
0.41960785
-0.42745098
0.09803922
0.09411765
0.30588236
0.09411765
0.09411765
0.3254902
-0.44705883
0.09803922
0.09803922
0.09803922
0.09803922
0.07058824
0.07058824
0.07058824
0.07058824
0.3372549
0.47843137
0.49019608
0.49803922
-0.47058824
0.43137255
0.45490196
-0.3529412
0.34901962
-0.45882353
0.45882353
-0.39215687
-0.39215687
-0.44705883
-0.44705883
0.050980393
0.05490196
-0.16470589
0.37254903
0.37254903
0.37254903
0.37254903
0.37254903
0.0
0.0
0.0
0.0
0.0
0.0
0.0
0.0
0.0
0.0
0.0
0.0
0.0
0.0
0.0
0.0
0.0
0.0
0.0
0.0
0.0
0.0
0.0
0.0
0.0
0.0
0.011764706
0.039215688
0.05882353
0.07058824
0.2
0.03529412
0.05490196
0.0
0.03137255
0.11764706
0.02745098
0.02745098
0.03529412
0.22745098
0.3647059
0.46666667
-0.45882353
-0.36862746
-0.34117648
-0.3019608
-0.27058825
-0.2901961
-0.29411766
-0.3882353
0.3019608
-0.101960786
0.047058824
-0.22352941
0.06666667
0.35686275
0.35686275
0.1764706
0.019607844
0.08235294
0.10980392
0.0627451
0.31764707
0.07058824
-0.34117648
-0.003921569
-0.003921569
-0.003921569
-0.003921569
-0.003921569
-0.003921569
-0.003921569
-0.003921569
-0.003921569
-0.003921569
-0.32156864
-0.4745098
-0.49803922
-0.4627451
-0.4509804
-0.49411765
-0.49019608
0.49411765
-0.4117647
-0.4509804
-0.4862745
0.45490196
0.36078432
0.078431375
0.3254902
0.3254902
-0.23529412
0.3647059
0.3647059
0.3647059
0.24313726
0.26666668
0.10980392
0.0
0.0627451
0.49803922
-0.42352942
-0.37254903
-0.27450982
-0.15294118
-0.4117647
0.30980393
-0.3137255
-0.3137255
-0.3137255
0.07058824
0.09803922
0.07058824
0.07058824
0.47843137
-0.4509804
-0.23137255
0.34901962
0.09803922
0.09411765
0.09803922
0.0
0.078431375
-0.49019608
0.4627451
0.08235294
0.09803922
0.38431373
0.09803922
0.43137255
0.09803922
0.09411765
0.09411765
0.09411765
0.07058824
0.07058824
0.07058824
-0.49411765
-0.25882354
-0.35686275
-0.4392157
-0.49411765
-0.22745098
-0.22745098
-0.3529412
0.29803923
0.34901962
0.45882353
-0.39215687
-0.39215687
-0.4
-0.44705883
0.047058824
0.050980393
0.02745098
0.023529412
0.37254903
0.37254903
0.37254903
0.37254903
0.0
0.0
0.0
0.0
0.0
0.0
0.0
0.0
0.0
0.0
0.0
0.0
0.0
0.0
0.0
0.0
0.0
0.0
0.0
0.0
0.0
0.0
0.0
0.0
0.0
0.0
0.003921569
0.03137255
0.003921569
0.043137256
0.003921569
0.015686275
0.015686275
0.039215688
0.03529412
0.37254903
0.37254903
0.36078432
0.14509805
0.34509805
-0.4862745
-0.41960785
-0.38039216
-0.45490196
0.39215687
0.09411765
-0.23921569
-0.23921569
-0.23921569
0.09803922
-0.49803922
0.4392157
-0.4627451
-0.48235294
0.3882353
0.06666667
0.23921569
0.003921569
0.0
0.023529412
0.039215688
0.06666667
0.4117647
0.42745098
-0.29411766
-0.003921569
-0.003921569
-0.003921569
-0.003921569
-0.003921569
-0.003921569
-0.003921569
-0.003921569
-0.003921569
-0.11764706
-0.37254903
-0.47843137
-0.48235294
-0.4392157
-0.42745098
-0.47058824
-0.41960785
-0.47058824
-0.24705882
-0.40784314
-0.42745098
0.43529412
0.32941177
0.4862745
0.3254902
0.3254902
-0.23529412
0.3647059
0.36078432
0.3647059
0.09803922
0.101960786
0.21960784
0.07058824
0.1882353
0.44705883
0.49803922
-0.46666667
-0.38039216
-0.37254903
0.40392157
-0.47058824
-0.3137255
-0.3137255
-0.3137255
-0.3137255
0.09803922
0.07058824
0.40392157
0.09803922
0.09803922
0.09803922
0.09411765
0.09411765
0.09411765
0.09803922
0.078431375
0.078431375
0.078431375
0.3019608
0.09411765
0.09803922
0.4117647
0.09803922
0.09803922
0.09803922
0.09411765
0.09411765
0.09411765
0.07058824
0.07058824
0.078431375
-0.49803922
-0.34901962
-0.4509804
0.43529412
0.49019608
0.49019608
0.3529412
0.3529412
0.34901962
-0.48235294
0.45882353
-0.39215687
-0.39215687
-0.4
-0.4
0.49411765
0.49411765
0.45490196
0.45490196
0.02745098
0.37254903
0.37254903
0.37254903
0.0
0.0
0.0
0.0
0.0
0.0
0.0
0.0
0.0
0.0
0.0
0.0
0.0
0.0
0.0
0.0
0.0
0.0
0.0
0.0
0.0
0.0
0.0
0.0
0.0
0.0
0.003921569
0.003921569
0.07058824
0.11764706
0.16862746
0.1882353
0.047058824
0.105882354
0.105882354
0.02745098
0.02745098
0.039215688
0.36078432
0.36078432
-0.41568628
0.06666667
0.07450981
0.07450981
-0.47843137
-0.39215687
-0.31764707
-0.30980393
-0.32941177
-0.46666667
0.3372549
-0.39607844
-0.3254902
-0.3254902
-0.3254902
0.023529412
0.011764706
0.0
0.0
0.0
0.06666667
0.06666667
0.45882353
0.48235294
-0.39215687
-0.003921569
-0.003921569
-0.003921569
-0.003921569
-0.003921569
-0.38039216
-0.003921569
-0.003921569
-0.003921569
-0.10980392
-0.37254903
-0.45490196
-0.39215687
-0.36078432
-0.33333334
-0.38039216
-0.40784314
-0.43529412
-0.42352942
-0.4117647
-0.41960785
0.48235294
0.43529412
0.34117648
0.33333334
0.34117648
0.41568628
0.42352942
0.40784314
0.3529412
0.25882354
0.047058824
0.047058824
0.12941177
0.14117648
0.49803922
0.49803922
0.26666668
-0.30588236
-0.30588236
-0.30588236
-0.42745098
-0.37254903
-0.37254903
-0.37254903
-0.3882353
0.09803922
-0.46666667
0.44313726
0.09803922
0.37254903
-0.4627451
-0.4862745
0.49019608
0.4745098
0.35686275
0.043137256
0.078431375
0.078431375
0.078431375
0.078431375
0.09803922
0.09803922
0.09803922
0.09803922
0.09803922
0.09803922
0.09411765
0.09411765
0.09411765
0.09411765
0.09411765
-0.44313726
-0.25490198
-0.3372549
-0.44313726
-0.4392157
-0.27450982
0.3529412
0.3529412
-0.48235294
-0.48235294
-0.48235294
0.45882353
0.45882353
0.45882353
0.40392157
0.49411765
0.49411765
0.44705883
0.44705883
0.007843138
0.0
0.0
0.37254903
0.0
0.0
0.0
0.0
0.0
0.0
0.0
0.0
0.0
0.0
0.0
0.0
0.0
0.0
0.0
0.0
0.0
0.0
0.0
0.0
0.0
0.0
0.0
0.0
0.0
0.0
0.0
0.003921569
0.007843138
0.050980393
0.101960786
0.03137255
0.101960786
0.14901961
0.17254902
0.1764706
0.02745098
0.02745098
0.08235294
0.49019608
-0.49803922
0.4862745
0.45490196
0.42745098
0.4862745
-0.0627451
-0.0627451
0.06666667
-0.34509805
-0.34509805
0.05882353
0.007843138
0.0
0.06666667
0.019607844
0.019607844
0.011764706
0.011764706
0.101960786
0.007843138
0.06666667
0.09803922
-0.34117648
-0.4745098
0.36862746
-0.25882354
-0.003921569
-0.003921569
-0.003921569
-0.003921569
0.09803922
-0.07450981
-0.003921569
-0.003921569
-0.22745098
-0.39215687
-0.42352942
-0.2901961
-0.2901961
-0.23529412
-0.27450982
-0.3254902
-0.41960785
0.47843137
0.45882353
-0.38039216
0.41568628
0.47058824
0.34117648
0.3254902
0.3254902
-0.23529412
-0.49803922
0.47843137
0.4
0.10980392
0.047058824
0.047058824
0.0627451
0.0627451
0.19215687
0.09803922
0.08235294
0.06666667
-0.30588236
0.3647059
-0.37254903
-0.39215687
0.30588236
0.39607844
0.3882353
0.09803922
-0.44705883
0.45490196
0.09803922
0.35686275
-0.34117648
-0.40392157
-0.3882353
0.4745098
0.38039216
0.043137256
0.078431375
0.078431375
0.078431375
0.078431375
0.09803922
0.09803922
0.09803922
-0.003921569
0.09803922
0.09803922
0.09803922
0.09803922
0.09803922
0.40392157
0.39215687
0.49411765
-0.3764706
0.49803922
-0.49411765
0.38039216
-0.27450982
0.3529412
-0.34901962
0.49019608
-0.48235294
-0.48235294
0.45882353
0.45882353
0.45882353
-0.26666668
0.49411765
0.44705883
0.44705883
0.44705883
0.011764706
0.0
0.0
0.0
0.0
0.0
0.0
0.0
0.0
0.0
0.0
0.0
0.0
0.0
0.0
0.0
0.0
0.0
0.0
0.0
0.0
0.0
0.0
0.0
0.0
0.0
0.0
0.0
0.0
0.0
0.0
0.0
0.0
0.05490196
0.043137256
0.043137256
0.08235294
0.30588236
0.3254902
0.25490198
0.29411766
0.02745098
0.39607844
0.47843137
0.46666667
0.06666667
0.05490196
0.05490196
0.05490196
0.003921569
0.06666667
0.0627451
0.0627451
0.0627451
0.0627451
0.09803922
0.09803922
0.16470589
0.3372549
0.33333334
0.050980393
0.08627451
0.33333334
0.03529412
0.06666667
0.49803922
-0.078431375
-0.14901961
0.09803922
-0.23529412
-0.003921569
-0.003921569
-0.003921569
-0.003921569
-0.21960784
-0.003921569
-0.003921569
-0.003921569
-0.13333334
-0.30980393
-0.28627452
-0.28627452
-0.16470589
-0.003921569
-0.003921569
-0.043137256
-0.14901961
0.4627451
0.34901962
-0.49019608
-0.45882353
0.42745098
0.35686275
0.49411765
-0.44705883
-0.26666668
-0.4509804
-0.49019608
0.45490196
0.3137255
0.047058824
0.047058824
0.0627451
0.0627451
0.0627451
0.09803922
0.05882353
0.05882353
-0.5019608
-0.30588236
-0.37254903
0.49411765
0.30980393
-0.37254903
-0.37254903
0.09803922
0.09803922
0.09803922
0.09803922
-0.4509804
0.38431373
0.09803922
0.47058824
0.3137255
0.32941177
0.043137256
0.043137256
0.078431375
0.03137255
0.078431375
0.09803922
0.09803922
0.09803922
-0.1254902
-0.003921569
-0.003921569
0.06666667
0.06666667
0.06666667
0.43137255
0.46666667
0.39215687
0.36078432
0.09803922
-0.003921569
-0.27450982
-0.1882353
-0.34901962
-0.34901962
-0.34901962
0.3019608
-0.18039216
-0.18039216
-0.18039216
-0.26666668
-0.26666668
0.49411765
0.44705883
0.44705883
0.43529412
0.0
0.0
0.0
0.0
0.0
0.0
0.0
0.0
0.0
0.0
0.0
0.0
0.0
0.0
0.0
0.0
0.0
0.0
0.0
0.0
0.0
0.0
0.0
0.0
0.0
0.0
0.0
0.0
0.0
0.003921569
0.007843138
0.003921569
0.043137256
0.043137256
0.46666667
-0.41960785
0.37254903
0.45882353
0.4
0.35686275
0.08235294
0.047058824
0.05490196
0.08627451
-0.32156864
0.05490196
-0.4392157
-0.4392157
0.08235294
-0.17254902
0.08235294
0.08235294
-0.44313726
0.0
0.0
0.09803922
0.09803922
0.09803922
0.019607844
0.0
0.050980393
0.050980393
0.015686275
0.03529412
0.09803922
0.44313726
-0.050980393
-0.043137256
-0.3372549
-0.15294118
-0.003921569
-0.003921569
-0.003921569
-0.003921569
-0.13725491
-0.003921569
-0.003921569
-0.003921569
-0.0627451
-0.22745098
-0.24313726
-0.16078432
-0.003921569
-0.003921569
-0.003921569
-0.003921569
-0.003921569
-0.3372549
0.40784314
-0.45882353
-0.4627451
-0.49019608
-0.15294118
-0.15294118
-0.49019608
0.40784314
0.43137255
-0.5019608
0.48235294
0.3882353
0.34509805
0.047058824
0.09411765
0.0627451
0.3137255
0.07450981
0.05882353
0.05882353
0.40392157
-0.4862745
0.30588236
-0.37254903
-0.38039216
-0.37254903
-0.37254903
0.09803922
0.09803922
0.3019608
0.09803922
-0.44705883
-0.050980393
0.49803922
0.3254902
0.0627451
0.4862745
0.047058824
0.043137256
0.043137256
0.03137255
0.03137255
0.023529412
0.09803922
0.09803922
0.09803922
0.08627451
0.08627451
0.06666667
0.06666667
0.06666667
0.41960785
-0.46666667
0.43137255
0.39607844
0.09803922
-0.003921569
0.007843138
-0.003921569
-0.34901962
-0.34901962
0.3019608
0.47843137
0.3882353
0.41568628
-0.12156863
-0.26666668
-0.23529412
0.44705883
-0.24313726
0.43529412
0.43529412
0.43529412
-0.49803922
-0.49803922
0.0
0.0
0.0
0.0
0.0
0.0
0.0
0.0
0.0
0.0
0.0
0.0
0.0
0.0
0.0
0.0
0.0
0.0
0.0
0.0
0.0
0.0
0.0
0.0
0.0
0.0
0.003921569
0.14901961
0.101960786
0.043137256
0.043137256
0.043137256
0.0
0.06666667
0.06666667
0.06666667
0.08235294
-0.15686275
0.3529412
-0.47058824
-0.45490196
0.06666667
0.08235294
0.4745098
0.3137255
0.08235294
0.08235294
0.08235294
0.08235294
0.0
0.003921569
0.09803922
0.09803922
0.09803922
0.09803922
0.09803922
0.011764706
0.050980393
0.050980393
-0.5019608
0.4117647
0.08235294
-0.45882353
-0.21960784
0.09803922
0.09803922
-0.3882353
-0.003921569
-0.003921569
-0.003921569
-0.22352941
-0.27450982
-0.003921569
-0.003921569
-0.003921569
-0.003921569
-0.2
-0.23137255
-0.11372549
-0.003921569
-0.003921569
-0.003921569
-0.003921569
-0.003921569
-0.19607843
-0.32156864
0.47058824
-0.3764706
-0.48235294
0.44313726
-0.49019608
0.3882353
0.35686275
0.36078432
0.42352942
0.41960785
-0.49803922
-0.40392157
-0.40784314
0.43529412
0.3137255
0.09411765
0.09411765
0.07450981
0.05882353
0.07450981
0.07450981
-0.30980393
0.3882353
-0.37254903
-0.37254903
-0.37254903
-0.37254903
0.09803922
-0.4117647
0.09803922
-0.31764707
-0.003921569
0.29803923
0.08627451
0.047058824
0.047058824
0.047058824
0.047058824
0.047058824
0.03137255
0.03137255
0.023529412
0.023529412
0.09803922
0.09803922
0.09803922
0.08627451
0.06666667
0.06666667
-0.3137255
0.05490196
0.09803922
0.09803922
0.0627451
-0.003921569
-0.003921569
-0.003921569
-0.003921569
-0.34901962
-0.34901962
-0.34901962
-0.18039216
-0.18039216
-0.12156863
-0.12156863
-0.12156863
-0.23529412
-0.24705882
-0.24313726
0.43529412
0.43529412
-0.49803922
-0.49803922
-0.49803922
-0.49803922
0.0
0.0
0.0
0.0
0.0
0.0
0.0
0.0
0.0
0.0
0.0
0.0
0.0
0.0
0.0
0.0
0.0
0.0
0.0
0.0
0.0
0.0
0.0
0.0
0.03137255
0.05882353
0.047058824
0.03137255
0.043137256
0.06666667
0.06666667
-0.3254902
-0.3254902
0.1882353
-0.3254902
-0.3254902
0.06666667
-0.3254902
-0.3254902
-0.12941177
-0.42352942
0.047058824
0.047058824
0.08235294
0.08235294
0.08235294
0.09803922
0.09803922
0.09803922
-0.11764706
-0.050980393
-0.18039216
-0.4117647
0.3254902
-0.015686275
0.08235294
0.15294118
0.11764706
0.043137256
0.047058824
0.08235294
0.08235294
-0.015686275
-0.43137255
-0.003921569
-0.48235294
-0.37254903
-0.050980393
-0.078431375
-0.2901961
-0.4117647
-0.0627451
-0.003921569
-0.003921569
-0.003921569
-0.1764706
-0.23137255
-0.05882353
-0.003921569
-0.003921569
-0.003921569
-0.003921569
-0.003921569
-0.003921569
-0.003921569
-0.24313726
-0.30588236
-0.32941177
-0.34901962
-0.34509805
0.47843137
0.4
0.36862746
0.47058824
-0.4862745
-0.2627451
-0.16470589
-0.11372549
-0.32156864
0.4627451
0.09411765
0.09411765
0.07450981
0.07450981
0.07450981
0.07450981
0.3882353
0.3882353
0.3882353
-0.37254903
-0.37254903
-0.37254903
0.09803922
0.4745098
0.09803922
-0.41960785
-0.023529412
-0.40784314
0.05490196
0.05490196
0.05490196
0.047058824
0.047058824
0.047058824
0.03137255
0.03137255
0.023529412
0.023529412
0.039215688
0.03529412
0.039215688
0.047058824
0.047058824
0.05490196
0.05490196
0.3529412
0.0627451
0.34901962
0.46666667
0.36862746
0.32941177
-0.003921569
-0.003921569
0.39607844
-0.003921569
-0.003921569
-0.18039216
0.47843137
0.3137255
0.38431373
0.3764706
0.078431375
-0.24705882
-0.003921569
-0.2
0.43529412
-0.49803922
-0.49803922
-0.49803922
-0.49803922
-0.49803922
0.0
0.0
0.0
0.0
0.0
0.0
0.0
0.0
0.0
0.0
0.0
0.0
0.0
0.0
0.0
0.0
0.0
0.0
0.0
0.0
0.0
0.0
0.0
0.0
0.023529412
0.007843138
0.46666667
0.003921569
0.06666667
0.06666667
0.06666667
0.18039216
0.1882353
-0.3254902
-0.3254902
0.06666667
0.06666667
0.06666667
0.043137256
0.043137256
0.047058824
0.047058824
0.08235294
0.44705883
-0.3019608
-0.10980392
-0.003921569
-0.003921569
-0.003921569
-0.003921569
-0.003921569
-0.003921569
-0.44705883
-0.015686275
0.11372549
0.09411765
0.12156863
0.02745098
0.050980393
-0.45882353
0.08235294
-0.015686275
0.09803922
0.09803922
0.34901962
-0.003921569
-0.47843137
-0.38431373
-0.43529412
0.49803922
-0.105882354
-0.003921569
-0.003921569
-0.003921569
-0.20392157
-0.23921569
-0.003921569
-0.003921569
-0.003921569
-0.003921569
-0.003921569
-0.003921569
-0.003921569
-0.003921569
-0.039215688
-0.25490198
-0.23921569
-0.011764706
-0.101960786
-0.3764706
-0.15294118
-0.15294118
0.08627451
0.08627451
-0.2627451
-0.011764706
-0.003921569
-0.40392157
0.09411765
0.09411765
0.09411765
0.09411765
0.07450981
0.07450981
0.07450981
-0.08627451
0.3882353
0.3882353
0.3882353
-0.37254903
-0.37254903
0.09803922
0.09803922
0.09803922
0.38039216
-0.4392157
0.09803922
0.05490196
0.05490196
0.09019608
0.047058824
0.047058824
0.047058824
0.047058824
0.047058824
0.023529412
0.023529412
0.039215688
0.03529412
0.039215688
0.047058824
0.047058824
0.05490196
0.05490196
0.35686275
0.0627451
0.0627451
0.0627451
0.0627451
0.0627451
0.0627451
-0.003921569
-0.003921569
-0.003921569
-0.003921569
-0.18039216
0.47843137
-0.4509804
0.44705883
0.41960785
0.39215687
-0.18431373
-0.003921569
-0.2
-0.2
0.4117647
-0.49803922
-0.49803922
-0.49803922
0.003921569
0.0
0.0
0.0
0.0
0.0
0.0
0.0
0.0
0.0
0.0
0.0
0.0
0.0
0.0
0.0
0.0
0.0
0.0
0.0
0.0
0.0
0.0
0.011764706
0.03529412
0.0
0.0
0.0
0.0
0.02745098
0.05882353
-0.3254902
0.06666667
0.06666667
0.06666667
0.06666667
0.06666667
0.06666667
0.043137256
0.39215687
0.047058824
0.047058824
0.34509805
0.42352942
-0.31764707
-0.003921569
-0.003921569
-0.003921569
-0.003921569
-0.003921569
-0.003921569
-0.003921569
-0.003921569
-0.4
0.09803922
0.05882353
0.043137256
0.05882353
0.050980393
0.050980393
0.050980393
0.3254902
0.09803922
0.09803922
-0.24313726
-0.1882353
-0.1254902
-0.3647059
0.09803922
0.09803922
0.43137255
-0.1882353
-0.003921569
-0.003921569
-0.003921569
-0.15294118
-0.12156863
-0.03137255
-0.003921569
-0.003921569
-0.003921569
-0.003921569
-0.003921569
-0.003921569
-0.003921569
-0.003921569
-0.007843138
-0.07058824
-0.003921569
-0.16078432
-0.29411766
-0.3882353
0.4392157
-0.3647059
-0.34117648
-0.33333334
-0.11764706
-0.24313726
0.41960785
0.09411765
0.09411765
0.09411765
0.09411765
0.09411765
0.07450981
0.07450981
-0.08627451
0.3882353
0.3882353
0.3882353
-0.37254903
0.09803922
0.09803922
0.09803922
0.09803922
0.09803922
0.09803922
0.09803922
0.05490196
0.09019608
0.09019608
0.09019608
0.03529412
0.03529412
0.03137255
0.03137255
0.039215688
0.039215688
0.039215688
0.039215688
0.03529412
0.047058824
0.047058824
0.06666667
0.32941177
0.35686275
0.0627451
0.0627451
0.0627451
0.0627451
0.0627451
0.0627451
0.0627451
-0.003921569
-0.003921569
-0.003921569
-0.18039216
-0.10980392
0.35686275
0.47843137
0.41568628
-0.45882353
0.33333334
-0.003921569
-0.2
0.40392157
0.4117647
0.4117647
0.4117647
0.003921569
0.0
-0.4745098
-0.4745098
0.0
0.0
0.0
0.0
0.0
0.0
0.0
0.0
0.0
0.0
0.0
0.0
0.0
0.0
0.0
0.0
0.0
0.0
0.0
0.0
0.0
0.003921569
0.003921569
0.039215688
0.050980393
0.105882354
0.07450981
0.14117648
0.047058824
0.11372549
0.023529412
0.043137256
-0.47843137
0.43137255
0.4627451
0.4509804
0.48235294
-0.45490196
-0.46666667
0.49803922
-0.4117647
-0.14509805
-0.003921569
-0.003921569
-0.003921569
-0.003921569
-0.003921569
-0.003921569
-0.003921569
-0.003921569
-0.1882353
0.4392157
0.3764706
0.019607844
0.015686275
-0.49019608
0.050980393
0.050980393
0.02745098
0.4745098
-0.11764706
-0.007843138
-0.003921569
-0.003921569
-0.003921569
-0.2784314
0.09803922
0.09803922
-0.36078432
-0.003921569
-0.003921569
-0.003921569
-0.003921569
-0.003921569
-0.003921569
-0.003921569
-0.003921569
-0.003921569
-0.003921569
-0.003921569
-0.003921569
-0.003921569
-0.003921569
-0.05882353
-0.19607843
-0.24313726
-0.27450982
-0.34117648
-0.43529412
-0.49019608
-0.5019608
0.43137255
0.4627451
-0.3137255
-0.22745098
-0.44705883
0.3372549
0.29803923
0.09803922
0.09803922
0.09803922
0.09019608
-0.08627451
-0.08627451
-0.08627451
-0.08627451
-0.08627451
-0.14509805
-0.14509805
0.09803922
0.09803922
0.09803922
0.09803922
0.09803922
0.09803922
0.09803922
0.09019608
0.09019608
0.09019608
0.03529412
0.07450981
0.07450981
0.03137255
0.039215688
0.09803922
0.09803922
-0.003921569
0.06666667
0.06666667
0.06666667
0.06666667
0.06666667
0.0627451
-0.39607844
0.0627451
0.0627451
0.0627451
0.0627451
0.0627451
0.30980393
0.09803922
0.09803922
0.07450981
-0.25882354
0.047058824
-0.34901962
0.47843137
-0.46666667
-0.32941177
0.36862746
-0.1764706
-0.41960785
0.40392157
0.4117647
0.4117647
0.4117647
0.0
-0.4745098
-0.4745098
-0.4745098
-0.4745098
0.0
0.0
0.0
0.0
0.0
0.0
0.0
0.0
0.0
0.0
0.0
0.0
0.0
0.0
0.0
0.0
0.0
0.0
0.003921569
0.02745098
0.043137256
0.0
0.0
0.007843138
0.011764706
0.12941177
0.15686275
0.07058824
0.23921569
0.31764707
0.44705883
-0.47058824
0.4392157
0.4392157
0.46666667
0.4627451
0.39215687
0.42745098
0.46666667
-0.49019608
-0.19607843
-0.003921569
-0.003921569
-0.003921569
-0.003921569
-0.003921569
-0.003921569
-0.003921569
-0.003921569
-0.003921569
-0.22352941
-0.38431373
0.3529412
-0.49019608
-0.49019608
0.050980393
0.050980393
0.09803922
-0.39607844
-0.21960784
-0.21568628
-0.14901961
-0.08235294
-0.26666668
-0.47843137
0.09803922
-0.18431373
0.078431375
-0.1764706
-0.003921569
-0.003921569
-0.003921569
-0.015686275
-0.003921569
-0.003921569
-0.1254902
-0.2509804
-0.1882353
-0.13333334
-0.16862746
-0.14117648
-0.078431375
-0.09019608
-0.16862746
-0.18039216
-0.19607843
-0.32156864
-0.43529412
0.45882353
0.4117647
0.4117647
-0.12941177
0.40784314
-0.3882353
-0.38431373
0.43529412
0.09803922
0.09803922
0.09803922
0.07450981
0.07450981
-0.08627451
-0.08627451
-0.08627451
-0.08627451
-0.08627451
-0.14509805
0.08235294
0.08235294
0.07058824
0.07058824
0.07058824
0.09803922
0.09803922
0.09019608
0.09019608
0.07058824
0.09019608
0.07450981
0.07450981
0.07450981
0.03137255
0.039215688
0.09803922
0.09803922
0.09803922
0.09803922
0.06666667
0.05882353
0.05882353
0.06666667
0.0627451
0.0627451
0.0627451
0.0627451
0.0627451
0.050980393
0.050980393
0.0627451
0.09803922
0.09803922
-0.25882354
-0.25882354
-0.18431373
0.45490196
0.3137255
0.078431375
-0.2
-0.2
-0.2
-0.41960785
-0.41960785
0.40392157
0.40392157
0.05490196
0.007843138
-0.4745098
-0.4745098
-0.4745098
-0.4745098
0.0
0.0
0.0
0.0
0.0
0.0
0.0
0.0
0.0
0.0
0.0
0.0
0.0
0.0
0.0
0.0
0.0
0.0
0.0
0.0
0.0
0.003921569
0.047058824
0.078431375
0.13333334
0.17254902
0.16078432
0.27450982
0.3137255
0.25490198
0.35686275
0.15686275
0.4117647
0.15294118
0.39215687
0.4117647
0.39607844
0.44705883
0.48235294
-0.5019608
-0.39607844
-0.003921569
-0.003921569
-0.003921569
-0.003921569
-0.003921569
-0.003921569
-0.003921569
-0.003921569
-0.15686275
-0.34901962
-0.49019608
0.3372549
-0.49019608
-0.49019608
0.36078432
0.46666667
-0.38431373
-0.2901961
-0.3254902
-0.45882353
-0.40784314
-0.35686275
0.4509804
0.043137256
0.043137256
0.078431375
0.078431375
-0.4
-0.08235294
-0.003921569
-0.003921569
-0.003921569
-0.003921569
-0.03137255
-0.16862746
-0.26666668
-0.28627452
-0.29803923
-0.3372549
-0.2901961
-0.18431373
-0.12156863
-0.12941177
-0.101960786
-0.13725491
-0.25882354
-0.3764706
-0.49803922
0.48235294
0.40784314
0.4117647
0.31764707
-0.47843137
-0.45882353
0.3764706
0.31764707
0.09803922
0.09803922
0.09803922
0.07450981
-0.003921569
-0.08627451
-0.08627451
-0.08627451
-0.08627451
-0.14509805
0.08235294
0.08235294
0.07058824
0.07058824
0.07058824
0.09803922
0.09803922
0.09803922
0.09803922
0.07058824
0.07058824
0.07450981
0.07450981
0.07450981
0.03137255
0.039215688
0.09803922
0.0
0.09803922
0.09803922
0.09803922
0.05882353
0.05882353
0.06666667
0.0627451
0.0627451
0.0627451
0.0627451
0.050980393
0.35686275
0.050980393
0.0627451
0.32941177
0.09803922
-0.25882354
-0.003921569
-0.003921569
-0.21960784
0.047058824
0.078431375
0.078431375
-0.2
0.45490196
-0.43529412
-0.43529412
-0.43529412
0.007843138
0.06666667
0.007843138
0.0
-0.4745098
-0.4745098
-0.4745098
0.0
0.0
0.0
0.0
0.0
0.0
0.0
0.0
0.0
colors
0.6072831 0.7593857 0.86099607
0.6096283 0.77002937 0.8688392
0.61747146 0.779222 0.86973333
0.6253146 0.78571564 0.8845255
0.6253146 0.78706515 0.8775765
0.6096283 0.77002937 0.8688392
0.58217734 0.7425784 0.8413882
0.5233538 0.6824053 0.78951377
0.4331577 0.5922092 0.6993177
0.35080475 0.5112058 0.61001563
0.34688318 0.5072842 0.60609406
0.34688318 0.5072842 0.60609406
0.3429616 0.50336266 0.6021725
0.3429616 0.50336266 0.6021725
0.3484596 0.50056213 0.6021725
0.3484596 0.50056213 0.6021725
0.35238117 0.5044837 0.60609406
0.34453803 0.495291 0.60520005
0.3602243 0.51232684 0.6139372
0.37591058 0.52666354 0.6365726
0.35630274 0.5070557 0.6169647
0.35238117 0.50313413 0.6130432
0.3602243 0.51097727 0.6208863
0.35630274 0.5070557 0.6169647
0.39867127 0.53417677 0.64138824
0.46691447 0.5954708 0.6971843
0.5077066 0.62931395 0.72552943
0.50067115 0.60008204 0.688102
0.47875717 0.53377503 0.60540396
0.4811414 0.5083632 0.55799997
0.47172177 0.5072422 0.55407846
0.36107105 0.45218343 0.543004
0.1844834 0.38252977 0.53922355
0.17102513 0.48970228 0.6762745
0.18275079 0.54022163 0.72938824
0.18351948 0.5562378 0.74810195
0.19136262 0.56408095 0.7559451
0.20862532 0.57304513 0.76770985
0.37187192 0.63360757 0.78449416
0.5523421 0.7432383 0.8474431
0.57744795 0.7627447 0.85315293
0.56645197 0.7656467 0.86705095
0.38828784 0.7013656 0.8741413
0.1756373 0.58445024 0.79550576
0.16071975 0.5834306 0.8054824
0.1473786 0.578388 0.79763925
0.13953546 0.57054484 0.7897961
0.14345703 0.57446647 0.7937176
0.15287662 0.57423794 0.8045882
0.14503348 0.5663948 0.79674506
0.14895505 0.5703164 0.80066663
0.14660987 0.5596727 0.7928235
0.1521079 0.5568721 0.7928235
0.16783321 0.5365029 0.7532627
0.15618563 0.40982398 0.610502
0.1334249 0.40231085 0.60568625
0.1560685 0.5220391 0.7553961
0.15057048 0.52349013 0.7623451
0.16314295 0.51386607 0.74452543
0.2699892 0.44873938 0.6276314
0.35488242 0.36415768 0.42769408
0.32585502 0.34207925 0.4111137
0.16187878 0.22944508 0.32036865
0.13911806 0.22193193 0.31555298
0.1446161 0.21913137 0.31555298
0.15088277 0.2323471 0.33426663
0.17910251 0.2758143 0.38043135
0.20889865 0.3125594 0.42267448
0.25203592 0.35569665 0.46581173
0.26380062 0.3688109 0.47062743
0.33046728 0.4368271 0.5303451
0.37675732 0.4678697 0.55869025
0.34069455 0.4179089 0.4977333
0.32423958 0.38890547 0.44943532
0.30778462 0.35855252 0.40808624
0.26856893 0.31933683 0.36887056
0.2387728 0.2812422 0.33357644
0.20505507 0.24192503 0.28046277
0.19486685 0.22478774 0.2578275
0.2011335 0.23935302 0.2695922
0.2011335 0.23800346 0.2765412
0.18779239 0.23161133 0.27564704
0.20190226 0.2540197 0.2952549
0.4380041 0.4652259 0.5148627
0.29759634 0.33871618 0.399349
0.18790951 0.12074573 0.12380396
0.2977915 0.1597882 0.116164744
0.46957186 0.3190201 0.25610194
0.5315092 0.40450352 0.34148234
0.57699156 0.45558542 0.4063608
0.5338543 0.41244814 0.36322355
0.5338543 0.41244814 0.36322355
0.5479641 0.43485653 0.3828314
0.52993274 0.40852657 0.35930198
0.5338543 0.41244814 0.36322355
0.5377759 0.41771924 0.3601961
0.55503863 0.42668337 0.37196082
0.5236661 0.39531082 0.34058827
0.50405824 0.37570298 0.32098043
0.5079798 0.37962455 0.324902
0.52993274 0.4098761 0.35235298
0.51816803 0.3981114 0.34058827
0.5220896 0.40068343 0.35145885
0.52993274 0.40852657 0.35930198
0.5244347 0.41132712 0.35930198
0.5307014 0.4245428 0.37801567
0.534623 0.42846438 0.38193724
0.49306214 0.37860504 0.3348784
0.5087484 0.3942913 0.3505647
0.51659155 0.4007849 0.36535683
0.5009053 0.38509864 0.34967056
0.5087484 0.3942913 0.3505647
0.52835625 0.41254961 0.37712154
0.5361994 0.42039275 0.38496467
0.5244347 0.40862805 0.37319997
0.5463877 0.43887955 0.40065095
0.5699171 0.46240893 0.42418036
0.56441915 0.46520945 0.42418036
0.56441915 0.46520945 0.42418036
0.5369682 0.4377585 0.39672938
0.52912503 0.42991537 0.38888624
0.5448113 0.44425207 0.4115216
0.5055956 0.4050364 0.37230593
0.50401914 0.41040897 0.3831765
0.52281934 0.4541047 0.41847062
0.53458405 0.46451983 0.43718433
0.51105464 0.44099042 0.41365492
0.4930232 0.41466048 0.3901255
0.50713307 0.43706885 0.40973336
0.52281934 0.45275512 0.42541963
0.5032115 0.43314728 0.4058118
0.4992899 0.4292257 0.40189022
0.5149762 0.444912 0.4175765
0.5149762 0.444912 0.4175765
0.49536833 0.42530414 0.39796865
0.5149762 0.444912 0.4175765
0.5173213 0.45420617 0.4323686
0.556537 0.49342185 0.47158432
0.53300756 0.47124195 0.4411059
0.5502703 0.4802061 0.4528706
0.51655257 0.43953946 0.40670592
0.52047414 0.44346103 0.41062748
0.5149762 0.44626155 0.41062748
0.556537 0.49612093 0.45768633
0.5526154 0.49219936 0.45376477
0.53692913 0.4765131 0.43807846
0.5298937 0.4459316 0.40760005
0.5063643 0.4224022 0.38407063
0.5063643 0.4224022 0.38407063
0.490678 0.40671593 0.36838436
0.49852115 0.41455907 0.3762275
0.5063643 0.4224022 0.38407063
0.49852115 0.41455907 0.3762275
0.512631 0.43696743 0.39583534
0.50713307 0.43976796 0.39583534
0.5541919 0.4868268 0.4428942
0.5659566 0.4985915 0.4546589
0.53223884 0.45792484 0.40849409
0.52205056 0.43943805 0.3928078
0.5361604 0.4618464 0.41241565
0.5563027 0.70705575 0.81696475
0.57041264 0.7294641 0.8365726
0.58217734 0.7425784 0.8413882
0.59394205 0.7543431 0.85315293
0.6017852 0.7621862 0.86099607
0.5978636 0.75826466 0.8570745
0.58217734 0.7425784 0.8413882
0.5390401 0.69944113 0.798251
0.44100085 0.6014019 0.70021176
0.35080475 0.5112058 0.61001563
0.3429616 0.50336266 0.6021725
0.3429616 0.50336266 0.6021725
0.3429616 0.50336266 0.6021725
0.33511847 0.49551952 0.59432936
0.3484596 0.5019117 0.5952235
0.34453803 0.49664053 0.5982509
0.3484596 0.50056213 0.6021725
0.34061646 0.49271896 0.59432936
0.35238117 0.5044837 0.60609406
0.36414587 0.5162484 0.61785877
0.32885176 0.48095426 0.58256465
0.3131655 0.46391845 0.5738275
0.3366949 0.4887974 0.5904078
0.350036 0.49384 0.5982509
0.3735654 0.518719 0.6148313
0.46691447 0.59682035 0.69023526
0.5194713 0.6424282 0.7303451
0.51243585 0.61319625 0.6929177
0.49444345 0.5508108 0.6141412
0.48506296 0.5136343 0.5549726
0.47721982 0.5044416 0.55407846
0.36656904 0.45073247 0.5360549
0.19394201 0.34894484 0.48094898
0.18840496 0.38780087 0.5361962
0.19855416 0.4423432 0.6071294
0.20324445 0.46363056 0.62281567
0.22362097 0.49790514 0.66808623
0.24715038 0.52143455 0.69161564
0.31462485 0.5694115 0.7148
0.41896975 0.64596045 0.76935685
0.4636835 0.6823756 0.80857253
0.46837372 0.7023134 0.8312079
0.3396526 0.66102886 0.831004
0.1842882 0.57090455 0.7737646
0.16937059 0.569885 0.7837411
0.15053144 0.56629336 0.78284717
0.15053144 0.56629336 0.78284717
0.15053144 0.5649438 0.7897961
0.14660987 0.5610222 0.7858745
0.14660987 0.5610222 0.7858745
0.14660987 0.5610222 0.7858745
0.1426883 0.55710065 0.781953
0.14426476 0.55037856 0.77803135
0.16548806 0.52585924 0.74541956
0.12089151 0.37452987 0.5752078
0.115393534 0.3773304 0.5752078
0.15372336 0.51409453 0.73365486
0.15057048 0.52483964 0.7553961
0.16314295 0.5152156 0.7375764
0.28490677 0.45110852 0.610706
0.353306 0.37087977 0.43161565
0.31251392 0.33703664 0.40327057
0.17364348 0.24255936 0.3251843
0.14303963 0.2258535 0.31947455
0.14303963 0.2258535 0.31947455
0.16264747 0.2441118 0.34603134
0.18460049 0.27301377 0.38043135
0.21047506 0.30718684 0.4118039
0.23634963 0.3413599 0.44317645
0.24576917 0.34248096 0.44709802
0.292828 0.39088932 0.48720783
0.3414632 0.43257558 0.52339613
0.3234318 0.40894476 0.4859686
0.31639645 0.38106233 0.4415922
0.26856893 0.31933683 0.36887056
0.21916495 0.26433343 0.30007064
0.16741587 0.19733676 0.23037651
0.15565117 0.18692163 0.21166271
0.16114914 0.18412109 0.21166271
0.17291385 0.19588579 0.22342741
0.16899228 0.19196422 0.21950585
0.16899228 0.19196422 0.21950585
0.18387082 0.22903928 0.2647765
0.46937665 0.497948 0.5392863
0.30543947 0.34655932 0.40719214
0.1745684 0.11570312 0.11596082
0.30171308 0.16370977 0.12008631
0.46957186 0.3190201 0.25610194
0.53308564 0.39778143 0.33756077
0.5809131 0.459507 0.41028237
0.5377759 0.4163697 0.36714512
0.54169744 0.42029127 0.3710667
0.5495406 0.4281344 0.37890983
0.5377759 0.4163697 0.36714512
0.54169744 0.4216408 0.36411768
0.52993274 0.4098761 0.35235298
0.55503863 0.42668337 0.37196082
0.52758765 0.3992324 0.34450984
0.5119014 0.3835461 0.32882357
0.5079798 0.378275 0.331851
0.5377759 0.4163697 0.36714512
0.5338543 0.41244814 0.36322355
0.5244347 0.41132712 0.35930198
0.54012096 0.4270134 0.37498826
0.5361994 0.4217423 0.37801567
0.5503093 0.44415066 0.3976235
0.5463877 0.4402291 0.39370194
0.49932888 0.39182073 0.35359213
0.51659155 0.40213445 0.35840783
0.5361994 0.42039275 0.38496467
0.5087484 0.39294177 0.3575137
0.5244347 0.40862805 0.37319997
0.54012096 0.42431432 0.38888624
0.5244347 0.40862805 0.37319997
0.52285826 0.41400057 0.38407063
0.5542308 0.4467227 0.40849409
0.56441915 0.46520945 0.42418036
0.56676424 0.47585315 0.4320235
0.56284267 0.47058207 0.43505102
0.52754855 0.43528792 0.3997569
0.5197054 0.4274448 0.39191377
0.52205056 0.4367389 0.40670592
0.48833287 0.3947227 0.36749023
0.490678 0.40536636 0.37533337
0.5055566 0.44379097 0.41365492
0.53692913 0.473814 0.45197645
0.50713307 0.43706885 0.40973336
0.49536833 0.42530414 0.39796865
0.50713307 0.43706885 0.40973336
0.5306625 0.45924875 0.44021174
0.50713307 0.43571934 0.41668233
0.4992899 0.4292257 0.40189022
0.51105464 0.4396409 0.4206039
0.52281934 0.4514056 0.4323686
0.49144676 0.42003307 0.40099606
0.5306625 0.45924875 0.44021174
0.52124286 0.45812774 0.43629017
0.55103904 0.49622238 0.47158432
0.54477227 0.48165715 0.45981959
0.54477227 0.48300666 0.4528706
0.51655257 0.43953946 0.40670592
0.5243957 0.4473826 0.41454905
0.5149762 0.444912 0.4175765
0.556537 0.49477142 0.46463537
0.54869384 0.4882778 0.4498432
0.54634875 0.4776341 0.44200003
0.5298937 0.4459316 0.40760005
0.49459958 0.4106375 0.37230593
0.5063643 0.4224022 0.38407063
0.5024427 0.41848063 0.38014907
0.518129 0.4341669 0.39583534
0.5142074 0.43024534 0.39191377
0.5063643 0.4224022 0.38407063
0.51655257 0.440889 0.3997569
0.5149762 0.4476111 0.40367848
0.55811346 0.49074838 0.44681576
0.55811346 0.49074838 0.44681576
0.5361604 0.46049684 0.41936475
0.518129 0.43551648 0.38888624
0.5361604 0.4618464 0.41241565
0.426891 0.577644 0.687553
0.44649884 0.59725183 0.70716083
0.46845183 0.62750334 0.7346118
0.48021653 0.63926804 0.7463765
0.49198124 0.65103275 0.7581412
0.5115891 0.6706406 0.77774906
0.5155107 0.67456216 0.78167063
0.48021653 0.63926804 0.7463765
0.41354987 0.57395095 0.6727608
0.3429616 0.50336266 0.6021725
0.33511847 0.49551952 0.59432936
0.33511847 0.49551952 0.59432936
0.3311969 0.49294752 0.5834588
0.3366949 0.49014696 0.5834588
0.33277333 0.4862254 0.5795372
0.3366949 0.49014696 0.5834588
0.34453803 0.49664053 0.5982509
0.3366949 0.4887974 0.5904078
0.34453803 0.49664053 0.5982509
0.3484596 0.5019117 0.5952235
0.3131655 0.46661755 0.5599294
0.2857145 0.437817 0.5394274
0.32100862 0.4744607 0.5677725
0.33277333 0.4862254 0.5795372
0.36964384 0.51614696 0.60396075
0.4629929 0.59424835 0.6793647
0.5194713 0.6437777 0.7233961
0.520279 0.6210394 0.70076084
0.48894548 0.55361134 0.6141412
0.4811414 0.50971276 0.551051
0.47329822 0.50186956 0.5432079
0.37598866 0.45320302 0.5330274
0.18925169 0.33035663 0.4513647
0.1821773 0.3385297 0.46223533
0.20570672 0.36205912 0.48576474
0.2355028 0.4001538 0.52105886
0.27864003 0.4446406 0.55724704
0.32335377 0.48105574 0.5964627
0.32177728 0.4864283 0.60733336
0.30136174 0.48820925 0.6173097
0.29036576 0.49246076 0.62425876
0.29271087 0.5017549 0.639051
0.25580126 0.50788885 0.6698745
0.20712698 0.50225806 0.6889334
0.19297808 0.51995385 0.70372546
0.18040565 0.5282284 0.72849417
0.1733312 0.5364015 0.7393646
0.16391164 0.5339309 0.74239206
0.16233519 0.5393035 0.7532627
0.14741763 0.53963345 0.7562901
0.15918234 0.55139816 0.76805484
0.14584118 0.545006 0.7671609
0.14741763 0.5382838 0.76323926
0.15057048 0.52618927 0.74844694
0.15060952 0.4887842 0.70014894
0.14668795 0.48486263 0.69622743
0.15764493 0.5166666 0.74452543
0.1560685 0.5233887 0.74844694
0.1662958 0.5031209 0.7227842
0.29198122 0.44428498 0.5928862
0.36114913 0.3787229 0.4394588
0.32427862 0.35015088 0.40808624
0.16972192 0.23728822 0.32821178
0.15088277 0.23369664 0.32731768
0.15088277 0.23369664 0.32731768
0.16656904 0.24803337 0.3499529
0.17675735 0.26652017 0.3656392
0.19871035 0.29677168 0.3930902
0.2183182 0.31502998 0.41964704
0.23165931 0.32142213 0.42054117
0.2551887 0.34495154 0.44407058
0.28656125 0.37767363 0.46849415
0.29990238 0.38541535 0.46243918
0.30071017 0.36402652 0.43285495
0.24111795 0.2932354 0.33447057
0.19329037 0.23016033 0.26869807
0.14780803 0.17772892 0.21076867
0.13604333 0.16731378 0.19205487
0.14546287 0.16843481 0.19597644
0.153306 0.17627795 0.20381957
0.15722758 0.18019952 0.20774114
0.153306 0.17627795 0.20381957
0.16818455 0.21335301 0.24909022
0.47564334 0.5111638 0.55799997
0.31720418 0.35832402 0.41895685
0.18241154 0.12354626 0.12380396
0.29621512 0.16785985 0.11313729
0.46799538 0.32574221 0.2600235
0.5370072 0.401703 0.34148234
0.5848347 0.46342856 0.41420394
0.5377759 0.4163697 0.36714512
0.545619 0.42421284 0.37498826
0.55346215 0.43205598 0.3828314
0.5377759 0.4163697 0.36714512
0.5377759 0.41771924 0.3601961
0.54169744 0.4216408 0.36411768
0.55346215 0.43340552 0.3758824
0.52758765 0.3992324 0.34450984
0.5197445 0.3900397 0.3436157
0.51424646 0.3928403 0.3436157
0.545619 0.42421284 0.37498826
0.54169744 0.42029127 0.3710667
0.5361994 0.42309183 0.3710667
0.5479641 0.43485653 0.3828314
0.5361994 0.4217423 0.37801567
0.56207395 0.45591536 0.4093882
0.55815244 0.45064425 0.41241565
0.507172 0.39966387 0.36143526
0.5307014 0.42319328 0.38496467
0.534623 0.42711484 0.38888624
0.51659155 0.4007849 0.36535683
0.52835625 0.41254961 0.37712154
0.54012096 0.42431432 0.38888624
0.5440425 0.42688632 0.3997569
0.5307014 0.4218437 0.39191377
0.5604976 0.45993835 0.4272079
0.5471564 0.45489576 0.41936475
0.540082 0.46306887 0.43023533
0.540082 0.46306887 0.43023533
0.512631 0.43426833 0.40973336
0.49694476 0.41858205 0.39404708
0.52047414 0.44211146 0.4175765
0.48518005 0.40681735 0.38228238
0.4930232 0.41466048 0.3901255
0.52124286 0.45812774 0.43629017
0.53692913 0.473814 0.45197645
0.5188978 0.44748405 0.42844704
0.4992899 0.4278762 0.4088392
0.5149762 0.44356248 0.42452547
0.5306625 0.45924875 0.44021174
0.51105464 0.4396409 0.4206039
0.51105464 0.4396409 0.4206039
0.5133997 0.4502846 0.42844704
0.53692913 0.47246444 0.45892546
0.49771345 0.43324876 0.41970977
0.5251644 0.4620493 0.44021174
0.523588 0.46742183 0.45108232
0.55103904 0.49487287 0.47853333
0.5408507 0.47773558 0.45589802
0.5424272 0.47236297 0.44502747
0.52047414 0.44211146 0.4175765
0.5243957 0.44603303 0.42149806
0.5306625 0.46059826 0.43326277
0.56045854 0.498693 0.46855694
0.54869384 0.48692828 0.45679224
0.53692913 0.4765131 0.43807846
0.52205056 0.43808848 0.3997569
0.49459958 0.4106375 0.37230593
0.51028585 0.42632377 0.3879922
0.51028585 0.42632377 0.3879922
0.52205056 0.43808848 0.3997569
0.51655257 0.43953946 0.40670592
0.52047414 0.44481057 0.40367848
0.52047414 0.44481057 0.40367848
0.5267409 0.4593758 0.41544318
0.5541919 0.4868268 0.4428942
0.5479251 0.47226158 0.43112946
0.52205056 0.43943805 0.3928078
0.5298937 0.44728118 0.40065095
0.5416584 0.4590459 0.41241565
0.2857145 0.43511793 0.5533255
0.30140078 0.4508042 0.56901175
0.30924392 0.45864734 0.5768549
0.3194322 0.47713417 0.59254116
0.3311969 0.48889887 0.60430586
0.35238117 0.5017846 0.61999214
0.36414587 0.5135493 0.63175684
0.3602243 0.51097727 0.6208863
0.32885176 0.47960472 0.5895138
0.3131655 0.465268 0.5668784
0.31708705 0.46918955 0.57079995
0.3249302 0.4770327 0.5786431
0.32100862 0.47311112 0.5747215
0.3249302 0.4770327 0.5786431
0.33434972 0.47815374 0.58256465
0.33434972 0.47815374 0.58256465
0.33277333 0.4862254 0.5795372
0.32885176 0.48230383 0.57561564
0.33434972 0.4795033 0.57561564
0.3382713 0.48342487 0.5795372
0.32258502 0.4677386 0.56385094
0.3108203 0.4559739 0.55208623
0.33434972 0.4795033 0.57561564
0.34219286 0.48734644 0.5834588
0.3672987 0.5055033 0.5961176
0.4512282 0.58248365 0.6676
0.51162815 0.6359346 0.715553
0.5163574 0.61846745 0.6898902
0.48110235 0.5457682 0.6062981
0.47879618 0.49906904 0.5432079
0.47329822 0.50186956 0.5432079
0.38148662 0.45310158 0.51912946
0.2002478 0.3274546 0.43746662
0.20259282 0.33674878 0.45225886
0.2300438 0.3655493 0.47276074
0.28260073 0.4111571 0.51287055
0.35318896 0.48309487 0.5765098
0.41751048 0.53776836 0.64228237
0.4410399 0.5612977 0.6658118
0.4159341 0.5417913 0.660102
0.39240465 0.51691234 0.64352155
0.3508438 0.467053 0.5964627
0.27787137 0.42592523 0.5524314
0.26687533 0.4301768 0.55938035
0.2715656 0.44876504 0.5889647
0.25741675 0.46511123 0.610706
0.25426388 0.4772059 0.62549806
0.21973847 0.45657846 0.61586666
0.19697775 0.4477158 0.6179999
0.18832685 0.46126145 0.63974106
0.1647584 0.47513705 0.6645098
0.16160554 0.4858822 0.6862509
0.16237423 0.5018984 0.70496476
0.15687624 0.5033494 0.7119137
0.1662958 0.50447047 0.7158352
0.15529981 0.508722 0.7227842
0.16471937 0.509843 0.7267058
0.16471937 0.509843 0.7267058
0.18828781 0.49461782 0.70888627
0.30847517 0.43858248 0.5789882
0.3650707 0.38264447 0.44338036
0.3415413 0.35911506 0.41985095
0.18932976 0.25689605 0.34781963
0.1587259 0.24153978 0.33516082
0.1587259 0.24153978 0.33516082
0.1587259 0.24019024 0.34210977
0.17833374 0.25979808 0.3617176
0.1979416 0.27940592 0.38132548
0.19636519 0.286128 0.38524705
0.21205147 0.3018143 0.40093333
0.22773774 0.31750056 0.4166196
0.23715729 0.3213207 0.40664318
0.24500042 0.3305134 0.40753722
0.25365135 0.3169677 0.38579613
0.23485123 0.27867016 0.32270586
0.1893688 0.22623876 0.2647765
0.14388646 0.17380735 0.2068471
0.13604333 0.16731378 0.19205487
0.14546287 0.16843481 0.19597644
0.153306 0.17627795 0.20381957
0.14938444 0.17235638 0.199898
0.14780803 0.17907849 0.20381957
0.16818455 0.21200348 0.2560392
0.48583165 0.528301 0.5806353
0.33446684 0.3672882 0.43072155
0.17848997 0.12097424 0.11293337
0.29621512 0.16785985 0.11313729
0.46799538 0.32574221 0.2600235
0.5432739 0.41626823 0.35324705
0.57699156 0.45558542 0.4063608
0.545619 0.42421284 0.37498826
0.545619 0.42421284 0.37498826
0.5573837 0.43597755 0.38675296
0.52993274 0.40852657 0.35930198
0.52993274 0.4098761 0.35235298
0.545619 0.42556238 0.36803925
0.5613053 0.44124866 0.38372552
0.5432739 0.41491866 0.3601961
0.51816803 0.39676186 0.34753728
0.5220896 0.40068343 0.35145885
0.5479641 0.43485653 0.3828314
0.5361994 0.42309183 0.3710667
0.53854454 0.4337355 0.37890983
0.5503093 0.4455002 0.39067453
0.54246616 0.43630752 0.38978037
0.5604976 0.46128792 0.4202588
0.56441915 0.46520945 0.42418036
0.51893675 0.41142857 0.37319997
0.5463877 0.43887955 0.40065095
0.5542308 0.4467227 0.40849409
0.534623 0.42711484 0.38888624
0.54246616 0.43495798 0.39672938
0.5463877 0.43752998 0.40760005
0.5604976 0.45993835 0.4272079
0.53931326 0.4457031 0.41847062
0.54950154 0.4641899 0.4341569
0.5243957 0.44603303 0.42149806
0.52281934 0.45275512 0.42541963
0.5306625 0.46059826 0.43326277
0.5032115 0.43314728 0.4058118
0.49536833 0.42395464 0.40491763
0.5243957 0.44468352 0.42844704
0.48910162 0.41073892 0.38620394
0.49144676 0.42003307 0.40099606
0.52124286 0.45812774 0.43629017
0.5408507 0.47773558 0.45589802
0.5188978 0.44748405 0.42844704
0.5032115 0.43179777 0.41276076
0.5149762 0.44356248 0.42452547
0.529086 0.46597087 0.4441333
0.50947815 0.44636303 0.42452547
0.5055566 0.44244146 0.4206039
0.5133997 0.44893503 0.43539605
0.53692913 0.47246444 0.45892546
0.5055566 0.4410919 0.4275529
0.53692913 0.47246444 0.45892546
0.52750957 0.4713434 0.4550039
0.5588822 0.502716 0.48637646
0.5408507 0.47773558 0.45589802
0.5385056 0.4670919 0.44805488
0.52047414 0.44211146 0.4175765
0.52047414 0.44211146 0.4175765
0.5306625 0.46059826 0.43326277
0.556537 0.49477142 0.46463537
0.54869384 0.4882778 0.4498432
0.54634875 0.4776341 0.44200003
0.5259721 0.44201005 0.40367848
0.49852115 0.41455907 0.3762275
0.5259721 0.44201005 0.40367848
0.5024427 0.41848063 0.38014907
0.52205056 0.43808848 0.3997569
0.5298937 0.4459316 0.40760005
0.5243957 0.44873214 0.40760005
0.5243957 0.44873214 0.40760005
0.540082 0.4644184 0.42328632
0.5361604 0.46049684 0.41936475
0.53381526 0.45120275 0.40457252
0.518129 0.43551648 0.38888624
0.5416584 0.4590459 0.41241565
0.5361604 0.4618464 0.41241565
0.26691446 0.3900726 0.5249804
0.26141635 0.3928732 0.5249804
0.2747576 0.39791575 0.53282356
0.26925948 0.40071633 0.53282356
0.27318105 0.4046379 0.53674513
0.2810242 0.41248104 0.54458827
0.27867916 0.40183732 0.53674513
0.2747576 0.39791575 0.53282356
0.27083603 0.39399418 0.528902
0.26691446 0.39142218 0.51803136
0.26691446 0.39142218 0.51803136
0.2653379 0.39814433 0.5219529
0.26925948 0.40341544 0.51892555
0.28886732 0.42302328 0.53853333
0.28886732 0.42437282 0.53158426
0.29671046 0.43221596 0.5394274
0.30847517 0.44398066 0.5511921
0.3045536 0.4400591 0.54727054
0.30847517 0.44398066 0.5511921
0.31474188 0.4585459 0.5629568
0.31239673 0.4492518 0.54816467
0.31239673 0.4492518 0.54816467
0.328083 0.46493807 0.56385094
0.33200458 0.46885964 0.5677725
0.34376928 0.4819739 0.5725882
0.43319675 0.5561537 0.64407057
0.514781 0.6224904 0.70770985
0.5140123 0.6078237 0.68204707
0.4866003 0.5429677 0.6062981
0.47879618 0.49906904 0.5432079
0.47487462 0.49514747 0.5392863
0.38932976 0.4609447 0.5269726
0.20809093 0.3366473 0.43836075
0.21043596 0.34594145 0.4531529
0.2653379 0.4008434 0.50805485
0.33358112 0.4621375 0.56385094
0.41985565 0.548412 0.6501255
0.4904439 0.6190002 0.72071373
0.5273144 0.6462227 0.7590353
0.5390791 0.65663785 0.77774906
0.52420056 0.6182133 0.73942745
0.43165934 0.5173735 0.64138824
0.33281237 0.44342214 0.55903524
0.34142426 0.46593198 0.59254116
0.36964384 0.50939924 0.6387059
0.388444 0.5517454 0.68094903
0.41197342 0.5752748 0.70447844
0.32962042 0.49427143 0.6151765
0.25118905 0.41584006 0.53674513
0.21981652 0.38311797 0.51232153
0.21274206 0.39129108 0.52319205
0.18998137 0.38107878 0.5322746
0.17271869 0.37076506 0.52745885
0.17506382 0.3800592 0.54225093
0.18525209 0.39719647 0.56488633
0.18994233 0.41713428 0.58752155
0.17579347 0.43213096 0.61621165
0.17656215 0.4467976 0.64187455
0.2158169 0.44860828 0.6327921
0.3179338 0.40499756 0.5207137
0.37449026 0.38511506 0.44035292
0.34546286 0.36303663 0.4237725
0.18932976 0.25689605 0.34781963
0.15088277 0.23369664 0.32731768
0.1587259 0.24153978 0.33516082
0.1587259 0.24019024 0.34210977
0.16656904 0.24938291 0.34300396
0.17049061 0.25195494 0.35387447
0.18460049 0.2743633 0.37348235
0.19244362 0.28220645 0.38132548
0.20028676 0.29004958 0.38916862
0.20186317 0.28467703 0.37829807
0.20501605 0.27528146 0.34960783
0.20267096 0.2659873 0.33481574
0.19563553 0.23810491 0.2904392
0.18152566 0.21839562 0.25693336
0.15015312 0.18702307 0.22556081
0.14780803 0.17772892 0.21076867
0.14780803 0.17772892 0.21076867
0.15565117 0.18557206 0.2186118
0.16741587 0.19733676 0.23037651
0.15015312 0.18702307 0.22556081
0.15326697 0.21233346 0.25906664
0.5132826 0.5544024 0.6150353
0.33446684 0.3672882 0.43072155
0.19809781 0.13923253 0.13949023
0.29621512 0.16785985 0.11313729
0.4758385 0.33358535 0.26786664
0.53935236 0.41234666 0.34932548
0.57699156 0.45693493 0.3994118
0.5573837 0.43597755 0.38675296
0.5495406 0.4281344 0.37890983
0.5495406 0.4281344 0.37890983
0.5338543 0.41244814 0.36322355
0.54169744 0.4216408 0.36411768
0.5495406 0.42948395 0.37196082
0.5613053 0.44124866 0.38372552
0.5338543 0.41379768 0.35627455
0.51816803 0.39676186 0.34753728
0.5220896 0.40068343 0.35145885
0.55188566 0.4387781 0.38675296
0.5440425 0.43093497 0.37890983
0.5463877 0.44157863 0.38675296
0.56207395 0.4572649 0.40243924
0.5369682 0.43910804 0.38978037
0.5604976 0.46128792 0.4202588
0.57618386 0.47697422 0.4359451
0.52520347 0.4259938 0.38496467
0.55265445 0.45344478 0.41241565
0.5604976 0.46128792 0.4202588
0.556576 0.45601678 0.42328632
0.55265445 0.4520952 0.41936475
0.5448113 0.44425207 0.4115216
0.5432348 0.44962466 0.4223922
0.5416584 0.45499718 0.43326277
0.5306625 0.46059826 0.43326277
0.50713307 0.43706885 0.40973336
0.5173213 0.45420617 0.4323686
0.5306625 0.45924875 0.44021174
0.51105464 0.4396409 0.4206039
0.4992899 0.4278762 0.4088392
0.53458405 0.46317032 0.4441333
0.49536833 0.42395464 0.40491763
0.50713307 0.43571934 0.41668233
0.529086 0.46597087 0.4441333
0.54477227 0.48165715 0.45981959
0.52281934 0.45005605 0.4393176
0.5149762 0.4422129 0.43147448
0.50947815 0.44636303 0.42452547
0.5251644 0.4620493 0.44021174
0.5173213 0.45420617 0.4323686
0.5055566 0.4410919 0.4275529
0.5251644 0.46069974 0.44716075
0.53143114 0.47526497 0.45892546
0.50947815 0.44501346 0.43147448
0.53692913 0.47246444 0.45892546
0.523588 0.46742183 0.45108232
0.5471175 0.4909513 0.47461176
0.5353527 0.4805361 0.45589802
0.53300756 0.47124195 0.4411059
0.51655257 0.4381899 0.41365492
0.5283173 0.4499546 0.42541963
0.5267409 0.4566767 0.4293412
0.5526154 0.49084985 0.4607138
0.54869384 0.48692828 0.45679224
0.53458405 0.46451983 0.43718433
0.518129 0.4341669 0.39583534
0.5024427 0.41848063 0.38014907
0.5259721 0.44201005 0.40367848
0.5063643 0.4224022 0.38407063
0.52205056 0.43808848 0.3997569
0.5259721 0.44201005 0.40367848
0.5243957 0.44873214 0.40760005
0.53223884 0.45657527 0.41544318
0.5283173 0.4526537 0.4115216
0.50478786 0.4291243 0.3879922
0.5243957 0.4500817 0.40065095
0.518129 0.43551648 0.38888624
0.5298937 0.44728118 0.40065095
0.5361604 0.4618464 0.41241565
0.3524202 0.4603309 0.59254116
0.34457707 0.45248777 0.584698
0.3406555 0.4485662 0.58077645
0.33673394 0.44464463 0.5768549
0.3288908 0.4368015 0.56901175
0.31320453 0.42111522 0.5533255
0.30693787 0.4052004 0.54850984
0.292828 0.38009295 0.5427999
0.2944044 0.3720213 0.5458274
0.28656125 0.36417815 0.53798425
0.28263968 0.36025658 0.53406274
0.27479655 0.353763 0.5192705
0.265377 0.35264197 0.5153489
0.27714172 0.36440668 0.5271136
0.2810633 0.36967778 0.52408624
0.265377 0.3539915 0.50839996
0.2677222 0.36463517 0.5162431
0.27164376 0.36990628 0.5132157
0.2661457 0.37270683 0.5132157
0.26849085 0.3833505 0.52105886
0.26456928 0.3807785 0.5101882
0.27241242 0.38862163 0.51803136
0.28025556 0.39781433 0.51892555
0.29436544 0.42157224 0.53158426
0.31554967 0.43445796 0.54727054
0.3798712 0.49318007 0.59219605
0.4638006 0.57151 0.65672946
0.48029456 0.5658075 0.6428314
0.46699247 0.5233599 0.58669025
0.47487462 0.496497 0.5323373
0.47095305 0.49257544 0.52841574
0.3948278 0.45814416 0.5269726
0.2253536 0.34561145 0.45012546
0.24573007 0.38123557 0.488447
0.3045536 0.44140866 0.5403215
0.37122026 0.50807536 0.6069882
0.4629929 0.5915492 0.69326276
0.553189 0.6817453 0.7834588
0.58063996 0.70784676 0.8178588
0.5900595 0.70761824 0.82872945
0.5610711 0.64678526 0.7708
0.45442006 0.52488667 0.64620394
0.3908672 0.48487988 0.60609406
0.42377722 0.54828495 0.6748941
0.47710264 0.6085595 0.74066675
0.51708704 0.6651409 0.7916471
0.49747923 0.64688265 0.76509017
0.3947497 0.5302552 0.63746667
0.32416144 0.4610165 0.5599294
0.30613014 0.4346865 0.53639996
0.328083 0.4635885 0.57079995
0.2739498 0.42470276 0.5346118
0.19786358 0.35556555 0.47097254
0.19786358 0.35556555 0.47097254
0.22923613 0.3869381 0.5023451
0.2355028 0.4001538 0.52105886
0.21431854 0.3859185 0.51232153
0.1947107 0.36496112 0.49966264
0.2120125 0.33652022 0.4631294
0.3132826 0.35170335 0.42893338
0.37998822 0.38366407 0.43340397
0.35722756 0.37615088 0.4285882
0.2105141 0.27113137 0.35655683
0.15480433 0.23626867 0.3381882
0.1587259 0.24153978 0.33516082
0.16656904 0.24803337 0.3499529
0.17049061 0.25330448 0.34692553
0.17833374 0.25979808 0.3617176
0.18852206 0.27828488 0.37740391
0.20028676 0.29004958 0.38916862
0.19636519 0.286128 0.38524705
0.17833374 0.25979808 0.3617176
0.17206708 0.24793188 0.33605492
0.17521997 0.23718676 0.3143137
0.17052971 0.21859848 0.28472945
0.16818455 0.20930438 0.26993722
0.16034141 0.2028108 0.25514507
0.15799625 0.19486621 0.23340395
0.15799625 0.19486621 0.23340395
0.16191782 0.19878778 0.23732552
0.17368253 0.21055248 0.24909022
0.16034141 0.20550987 0.24124709
0.1611101 0.21882704 0.2738588
0.5038631 0.55328137 0.6111137
0.34780803 0.3736803 0.43161565
0.20201938 0.1431541 0.1434118
0.29621512 0.16785985 0.11313729
0.47976008 0.33750692 0.2717882
0.5432739 0.41626823 0.35324705
0.57699156 0.45693493 0.3994118
0.56522685 0.4438207 0.3945961
0.55346215 0.43205598 0.3828314
0.545619 0.42421284 0.37498826
0.53935236 0.4109971 0.35627455
0.54169744 0.42029127 0.3710667
0.5573837 0.4373271 0.37980396
0.5613053 0.44124866 0.38372552
0.545619 0.42556238 0.36803925
0.52601117 0.404605 0.35538042
0.52835625 0.4152487 0.36322355
0.55188566 0.4387781 0.38675296
0.54246616 0.43630752 0.38978037
0.55815244 0.4519938 0.40546665
0.55265445 0.45479432 0.40546665
0.55265445 0.45479432 0.40546665
0.56676424 0.47585315 0.4320235
0.57852894 0.4876179 0.44378823
0.5369682 0.4377585 0.39672938
0.56441915 0.46385995 0.43112946
0.5722623 0.47170308 0.4389726
0.55265445 0.4520952 0.41936475
0.5448113 0.44290254 0.41847062
0.5353917 0.44043195 0.42149806
0.51655257 0.4381899 0.41365492
0.512631 0.43426833 0.40973336
0.52281934 0.4514056 0.4323686
0.49771345 0.43324876 0.41970977
0.5133997 0.44893503 0.43539605
0.5408507 0.47773558 0.45589802
0.5149762 0.44356248 0.42452547
0.51105464 0.4396409 0.4206039
0.5385056 0.4670919 0.44805488
0.51105464 0.4396409 0.4206039
0.5149762 0.44356248 0.42452547
0.53692913 0.473814 0.45197645
0.53692913 0.47246444 0.45892546
0.52281934 0.45005605 0.4393176
0.50947815 0.44501346 0.43147448
0.52124286 0.45677817 0.44323918
0.5408507 0.476386 0.46284702
0.52124286 0.45677817 0.44323918
0.50947815 0.44501346 0.43147448
0.5133997 0.44893503 0.43539605
0.53300756 0.46854287 0.4550039
0.5133997 0.44893503 0.43539605
0.53692913 0.47246444 0.45892546
0.523588 0.46742183 0.45108232
0.5549606 0.50014395 0.4755059
0.5353527 0.4805361 0.45589802
0.53458405 0.46451983 0.43718433
0.512631 0.43426833 0.40973336
0.51655257 0.4381899 0.41365492
0.52124286 0.45947725 0.4293412
0.54477227 0.48300666 0.4528706
0.5549606 0.5014935 0.46855694
0.5251644 0.4633988 0.43326277
0.51028585 0.4249742 0.3949412
0.5142074 0.43024534 0.39191377
0.5259721 0.44201005 0.40367848
0.51028585 0.42632377 0.3879922
0.52047414 0.44481057 0.40367848
0.52047414 0.44481057 0.40367848
0.51028585 0.42632377 0.3879922
0.5259721 0.44201005 0.40367848
0.5243957 0.44873214 0.40760005
0.50870943 0.43304586 0.39191377
0.54400355 0.46833998 0.4272079
0.5283173 0.45400327 0.40457252
0.50478786 0.43047386 0.3810431
0.5361604 0.4618464 0.41241565
0.47791043 0.58986974 0.6971843
0.47791043 0.58986974 0.6971843
0.47398886 0.58594817 0.69326276
0.47791043 0.58986974 0.6971843
0.46614572 0.57810503 0.6854196
0.44811434 0.549076 0.6757883
0.4143966 0.50571024 0.64352155
0.3587259 0.4307434 0.5907529
0.34384742 0.38692054 0.5802275
0.32816115 0.3698847 0.5714903
0.33208272 0.37380627 0.57541186
0.33208272 0.37380627 0.57541186
0.32816115 0.3698847 0.5714903
0.32423958 0.36596313 0.5675687
0.3108984 0.36227012 0.5527765
0.3108984 0.36227012 0.5527765
0.30697682 0.35834855 0.54885495
0.29363573 0.35330594 0.5410118
0.29363573 0.3546555 0.53406274
0.2842161 0.3535345 0.5301411
0.28029454 0.3509625 0.5192705
0.28029454 0.3509625 0.5192705
0.27479655 0.353763 0.5192705
0.26929858 0.35656354 0.5192705
0.2810633 0.36967778 0.52408624
0.31401223 0.39567778 0.54458827
0.3587259 0.43614158 0.5629568
0.3854082 0.4502754 0.55779606
0.4152434 0.45501366 0.52394515
0.4686079 0.48193178 0.5205726
0.47645104 0.4897749 0.52841574
0.40424734 0.46061474 0.52394515
0.24496144 0.3652193 0.4697333
0.25591835 0.39972237 0.5041333
0.33042815 0.47423217 0.5786431
0.40493798 0.55009156 0.64620394
0.49671048 0.63356555 0.73247844
0.5767184 0.7052747 0.80698824
0.60416937 0.7313762 0.8413882
0.6057458 0.7246541 0.83746666
0.55872595 0.6361416 0.76295686
0.45442006 0.52488667 0.64620394
0.4340045 0.5266676 0.65618044
0.48260075 0.6071084 0.7337176
0.53434974 0.6741051 0.80341184
0.56414586 0.7135493 0.83175683
0.5147419 0.65584683 0.7768549
0.3947497 0.5302552 0.63746667
0.3672987 0.5041538 0.6030666
0.3790634 0.5159185 0.6148313
0.42220068 0.55905575 0.65796864
0.38690653 0.52376163 0.62267447
0.31474188 0.4585459 0.5629568
0.30689874 0.45205233 0.54816467
0.33434972 0.4795033 0.57561564
0.3484596 0.5019117 0.5952235
0.34061646 0.49271896 0.59432936
0.30924392 0.45999688 0.5699059
0.28417712 0.40443498 0.508949
0.33054528 0.36201707 0.43374905
0.37998822 0.38366407 0.43340397
0.36272556 0.37335035 0.4285882
0.21835724 0.27897447 0.36439997
0.16656904 0.24938291 0.34300396
0.17049061 0.25195494 0.35387447
0.17441218 0.2558765 0.35779604
0.17675735 0.26652017 0.3656392
0.18852206 0.27828488 0.37740391
0.20263192 0.2993437 0.40396076
0.22223976 0.31895155 0.4235686
0.22223976 0.317602 0.4305176
0.18460049 0.27301377 0.38043135
0.17833374 0.2584485 0.36866665
0.18932976 0.2555465 0.35476866
0.18463951 0.2383078 0.31823528
0.17445128 0.22252005 0.28865102
0.17445128 0.22386962 0.28170192
0.16818455 0.21200348 0.2560392
0.16583939 0.20270935 0.24124709
0.17210612 0.21727458 0.2530118
0.1485767 0.19374517 0.22948238
0.16426298 0.20943144 0.24516866
0.15561213 0.22162756 0.2738588
0.4881768 0.5375951 0.59542745
0.35565117 0.38152343 0.4394588
0.20986252 0.15099724 0.15125494
0.29621512 0.16785985 0.11313729
0.48368165 0.3414285 0.27570978
0.5432739 0.41626823 0.35324705
0.57699156 0.45558542 0.4063608
0.56522685 0.4438207 0.3945961
0.5495406 0.4281344 0.37890983
0.55503863 0.42533383 0.37890983
0.53935236 0.4109971 0.35627455
0.5377759 0.41771924 0.3601961
0.55346215 0.43340552 0.3758824
0.5691484 0.4490918 0.39156866
0.5440425 0.4322845 0.37196082
0.52993274 0.4098761 0.35235298
0.5361994 0.42309183 0.3710667
0.5542308 0.44942176 0.3945961
0.5542308 0.44807222 0.40154508
0.5659956 0.45983693 0.41330978
0.55265445 0.45479432 0.40546665
0.5604976 0.46128792 0.4202588
0.5824505 0.49153948 0.4477098
0.5863721 0.49546105 0.45163137
0.53931326 0.44705263 0.4115216
0.5722623 0.47170308 0.4389726
0.5706858 0.47707564 0.4498432
0.523627 0.43001682 0.40278435
0.5314701 0.43651038 0.4175765
0.512631 0.43291882 0.41668233
0.5032115 0.43179777 0.41276076
0.5032115 0.43179777 0.41276076
0.50947815 0.44636303 0.42452547
0.52124286 0.45677817 0.44323918
0.5133997 0.44893503 0.43539605
0.5408507 0.47773558 0.45589802
0.52281934 0.4514056 0.4323686
0.51105464 0.4396409 0.4206039
0.5385056 0.4670919 0.44805488
0.5188978 0.44748405 0.42844704
0.5133997 0.4502846 0.42844704
0.53692913 0.473814 0.45197645
0.5408507 0.47773558 0.45589802
0.5251644 0.46069974 0.44716075
0.5133997 0.44893503 0.43539605
0.5251644 0.46069974 0.44716075
0.5408507 0.476386 0.46284702
0.5251644 0.46069974 0.44716075
0.5055566 0.4410919 0.4275529
0.52124286 0.45677817 0.44323918
0.5251644 0.46069974 0.44716075
0.5055566 0.4410919 0.4275529
0.53300756 0.46854287 0.4550039
0.51574486 0.4595787 0.44323918
0.55103904 0.49487287 0.47853333
0.5353527 0.4805361 0.45589802
0.5306625 0.46059826 0.43326277
0.5032115 0.43314728 0.4058118
0.50713307 0.43706885 0.40973336
0.5251644 0.4633988 0.43326277
0.5431959 0.4897288 0.45679224
0.55103904 0.49757195 0.46463537
0.53300756 0.47124195 0.4411059
0.50870943 0.43169633 0.39886278
0.51655257 0.440889 0.3997569
0.5142074 0.43024534 0.39191377
0.50870943 0.43304586 0.39191377
0.51655257 0.440889 0.3997569
0.5008663 0.42520273 0.38407063
0.49852115 0.41455907 0.3762275
0.51028585 0.42632377 0.3879922
0.52047414 0.44481057 0.40367848
0.52281934 0.45545423 0.4115216
0.5502703 0.48290524 0.4389726
0.5479251 0.47226158 0.43112946
0.49852115 0.41590863 0.3692784
0.53223884 0.45792484 0.40849409
0.5390791 0.66203606 0.7499529
0.5547654 0.67772233 0.7656392
0.558687 0.6816439 0.76956075
0.558687 0.6816439 0.76956075
0.55084383 0.67380077 0.7617176
0.53438884 0.6393992 0.7412157
0.49674958 0.59076226 0.71197647
0.4387338 0.5038022 0.65831375
0.38229442 0.40877044 0.6076785
0.36818457 0.3850125 0.5950197
0.364263 0.3797414 0.5980471
0.36034143 0.37581983 0.5941255
0.36034143 0.37581983 0.5941255
0.36034143 0.37581983 0.5941255
0.35641986 0.37189826 0.59020394
0.35641986 0.37189826 0.59020394
0.36034143 0.37581983 0.5941255
0.35641986 0.37189826 0.59020394
0.3470003 0.37212676 0.5793334
0.34307873 0.3682052 0.57541186
0.33758068 0.3696562 0.5823608
0.3336591 0.36708418 0.5714903
0.3336591 0.36708418 0.5714903
0.3336591 0.36708418 0.5714903
0.320318 0.36204156 0.56364715
0.32816115 0.37123427 0.5645412
0.33758068 0.37505442 0.5545646
0.34150225 0.38437417 0.5306902
0.38702372 0.40884733 0.49167848
0.46234116 0.46736655 0.5088079
0.4701843 0.47520968 0.51665103
0.41366696 0.46308532 0.5209176
0.25122818 0.37978455 0.481498
0.28336933 0.4258238 0.53853333
0.35787913 0.5016832 0.60609406
0.43631053 0.5801146 0.6845255
0.5202399 0.65574545 0.76295686
0.59240466 0.720961 0.8226745
0.6159341 0.7431409 0.85315293
0.6112437 0.72185355 0.83746666
0.55245924 0.6229259 0.74424314
0.45834163 0.52880824 0.6501255
0.45595747 0.55691916 0.6836314
0.525738 0.65024567 0.7768549
0.56964386 0.7093992 0.8387059
0.58140856 0.7225135 0.84352154
0.5029772 0.6454317 0.7581412
0.3947497 0.53160477 0.63051766
0.39867127 0.53552634 0.63443923
0.43788695 0.574742 0.6736549
0.4810242 0.6178793 0.71679217
0.43788695 0.574742 0.6736549
0.40493798 0.55009156 0.64620394
0.3892517 0.5344053 0.63051766
0.40885955 0.55401313 0.6501255
0.43238896 0.57754254 0.6736549
0.4096283 0.5700294 0.6688392
0.36649102 0.5255425 0.632651
0.4002478 0.5288042 0.63051766
0.42620036 0.48816717 0.5652941
0.39175293 0.39542878 0.44516867
0.36114913 0.38007244 0.43250978
0.22620037 0.2868176 0.3722431
0.17441218 0.2558765 0.35779604
0.18225533 0.26371965 0.3656392
0.18852206 0.27828488 0.37740391
0.20028676 0.28870004 0.39611763
0.21439663 0.30975887 0.42267448
0.23634963 0.34001037 0.45012546
0.23869473 0.3493045 0.4649176
0.25045943 0.35971966 0.4836314
0.21674179 0.31770343 0.44441572
0.21674179 0.31770343 0.44441572
0.22616133 0.320174 0.4413882
0.21520436 0.29106915 0.3791922
0.1830631 0.2450299 0.32215685
0.18463951 0.23965734 0.3112863
0.18387082 0.2263402 0.27867448
0.17602769 0.22119614 0.25693336
0.18779239 0.2343104 0.26174906
0.18856108 0.25302577 0.26656467
0.1611101 0.22287567 0.2530118
0.16345526 0.2294707 0.28170192
0.46856895 0.5193368 0.5688706
0.3634943 0.38936657 0.44730192
0.22005075 0.16813454 0.17389017
0.29621512 0.16651031 0.12008631
0.49544635 0.3531932 0.28747448
0.5432739 0.41626823 0.35324705
0.5809131 0.4608565 0.40333337
0.56522685 0.4438207 0.3945961
0.55346215 0.43205598 0.3828314
0.55503863 0.42533383 0.37890983
0.5315092 0.40315396 0.3484314
0.52993274 0.4098761 0.35235298
0.5573837 0.4373271 0.37980396
0.56757194 0.45446438 0.40243924
0.55580723 0.44269967 0.39067453
0.54012096 0.4270134 0.37498826
0.54012096 0.4270134 0.37498826
0.5542308 0.44942176 0.3945961
0.5542308 0.44807222 0.40154508
0.5604976 0.46263745 0.41330978
0.556576 0.4587159 0.4093882
0.5683407 0.46913102 0.42810193
0.5863721 0.49546105 0.45163137
0.59029365 0.49938262 0.45555294
0.53931326 0.44705263 0.4115216
0.56284267 0.4692325 0.44200003
0.5518467 0.47483358 0.44200003
0.512631 0.43291882 0.41668233
0.50870943 0.42899725 0.41276076
0.49379188 0.4293272 0.4157882
0.529086 0.4646213 0.45108232
0.5133997 0.44893503 0.43539605
0.501635 0.43717033 0.42363134
0.529086 0.4646213 0.45108232
0.5133997 0.44893503 0.43539605
0.54869384 0.48557872 0.46374118
0.52281934 0.4514056 0.4323686
0.51105464 0.4396409 0.4206039
0.5385056 0.4670919 0.44805488
0.5267409 0.45532718 0.43629017
0.52124286 0.45812774 0.43629017
0.5408507 0.47773558 0.45589802
0.54477227 0.48165715 0.45981959
0.52124286 0.45812774 0.43629017
0.5188978 0.44613448 0.43539605
0.5251644 0.46069974 0.44716075
0.5408507 0.476386 0.46284702
0.5173213 0.4528566 0.4393176
0.501635 0.43582076 0.43058044
0.501635 0.43582076 0.43058044
0.5173213 0.4528566 0.4393176
0.5173213 0.4528566 0.4393176
0.53300756 0.46854287 0.4550039
0.5118233 0.45565712 0.4393176
0.5588822 0.502716 0.48637646
0.5392743 0.48445767 0.45981959
0.5267409 0.45532718 0.43629017
0.5032115 0.43314728 0.4058118
0.5188978 0.44883355 0.42149806
0.5251644 0.4633988 0.43326277
0.5353527 0.4818856 0.44894904
0.5471175 0.49365038 0.4607138
0.5267409 0.45802626 0.4223922
0.5008663 0.4238532 0.39101964
0.5063643 0.4224022 0.38407063
0.5063643 0.4224022 0.38407063
0.518129 0.4341669 0.39583534
0.51655257 0.440889 0.3997569
0.52047414 0.44481057 0.40367848
0.5063643 0.4224022 0.38407063
0.50870943 0.43304586 0.39191377
0.50478786 0.4291243 0.3879922
0.54634875 0.47898367 0.43505102
0.54634875 0.47898367 0.43505102
0.54400355 0.46833998 0.4272079
0.49459958 0.41198707 0.36535683
0.5283173 0.45400327 0.40457252
0.558687 0.6816439 0.76956075
0.5704517 0.6934086 0.78132546
0.5822164 0.7065228 0.7861412
0.58613795 0.7104444 0.7900628
0.5798712 0.69587916 0.7782981
0.5524202 0.6670787 0.75779605
0.520279 0.61564124 0.7285569
0.46776116 0.52588063 0.6748941
0.3979807 0.42580625 0.6164156
0.3776041 0.38748312 0.5919922
0.375259 0.37548983 0.5910981
0.375259 0.3741403 0.5980471
0.36741588 0.36629716 0.59020394
0.3658394 0.3730193 0.5941255
0.37133744 0.37021872 0.5941255
0.37133744 0.37021872 0.5941255
0.37368253 0.38086244 0.60196865
0.37368253 0.38086244 0.60196865
0.3776041 0.384784 0.6058902
0.3776041 0.384784 0.6058902
0.37210613 0.38758454 0.6058902
0.36268657 0.38781303 0.5950197
0.358765 0.38389146 0.5910981
0.364263 0.3797414 0.5980471
0.37368253 0.38086244 0.60196865
0.37368253 0.38086244 0.60196865
0.37368253 0.38221198 0.5950197
0.36976096 0.38503817 0.556353
0.40036482 0.41119084 0.51341957
0.45057645 0.45560184 0.49704316
0.4701843 0.47655925 0.5097019
0.41916496 0.46163434 0.5139686
0.25907132 0.3876277 0.48934114
0.29513404 0.4375885 0.5502981
0.37748697 0.521291 0.6257019
0.44807523 0.5918793 0.6962902
0.53592616 0.6714317 0.77864313
0.59632623 0.72488254 0.8265961
0.62143207 0.74034035 0.85315293
0.61439663 0.7084093 0.8296235
0.5501141 0.6122822 0.7364
0.4622632 0.5327298 0.6540471
0.47791043 0.5858211 0.71803135
0.53984773 0.6713046 0.80341184
0.5853301 0.7250855 0.8543922
0.5853301 0.72643507 0.8474431
0.49513406 0.63758856 0.7502981
0.3947497 0.53160477 0.63051766
0.4065144 0.5433695 0.64228237
0.47710264 0.6153073 0.70592153
0.5084752 0.64533025 0.74424314
0.47710264 0.6139577 0.7128706
0.46768308 0.61283666 0.708949
0.4284674 0.573621 0.66973335
0.43631053 0.5814641 0.6775765
0.45591837 0.6024215 0.69023526
0.45434198 0.60644454 0.7080549
0.4096283 0.5686798 0.6757883
0.4457301 0.58258516 0.68149805
0.47010633 0.5473207 0.6271451
0.40351763 0.40719348 0.45693338
0.37449026 0.38511506 0.44035292
0.23796508 0.29858232 0.3840078
0.1861769 0.26764122 0.36956078
0.19636519 0.28477848 0.39219606
0.19478878 0.290151 0.40306664
0.2183182 0.31368044 0.42659605
0.23634963 0.3386608 0.45707446
0.2606477 0.3782065 0.49931768
0.26691446 0.39277172 0.5110824
0.27083603 0.39534375 0.5219529
0.2629929 0.3875006 0.5141098
0.2927889 0.4255953 0.5494039
0.3218164 0.44632414 0.5729333
0.23950244 0.32791573 0.4353333
0.19325134 0.26216722 0.34479213
0.19090624 0.25287303 0.32999998
0.18621598 0.23563433 0.29346663
0.18387082 0.22768976 0.27172548
0.17679638 0.2399115 0.26174906
0.15791824 0.2845213 0.2535608
0.16814551 0.25615627 0.2695922
0.16737683 0.23339227 0.2856235
0.45680422 0.5075721 0.55710584
0.35565117 0.38152343 0.4394588
0.22789389 0.17597768 0.18173331
0.3119014 0.18219659 0.13577259
0.49936792 0.35576522 0.2983451
0.5432739 0.41626823 0.35324705
0.57699156 0.45693493 0.3994118
0.56522685 0.44517022 0.3876471
0.55346215 0.43340552 0.3758824
0.5495406 0.42948395 0.37196082
0.52993274 0.4098761 0.35235298
0.53935236 0.4109971 0.35627455
0.57307 0.45301336 0.39549023
0.5714935 0.45973548 0.3994118
0.55188566 0.4387781 0.38675296
0.5479641 0.43485653 0.3828314
0.5479641 0.43485653 0.3828314
0.5659956 0.4611865 0.4063608
0.56207395 0.4572649 0.40243924
0.5683407 0.4704806 0.42115292
0.556576 0.4587159 0.4093882
0.57618386 0.47697422 0.4359451
0.5847957 0.50218314 0.45555294
0.58087415 0.496912 0.45858046
0.5259721 0.44066048 0.41062748
0.54400355 0.46564087 0.4411059
0.5424272 0.47236297 0.44502747
0.5188978 0.44748405 0.42844704
0.50713307 0.43571934 0.41668233
0.52124286 0.45677817 0.44323918
0.54477227 0.48165715 0.45981959
0.529086 0.4646213 0.45108232
0.5133997 0.44893503 0.43539605
0.53692913 0.47246444 0.45892546
0.5173213 0.4528566 0.4393176
0.556537 0.49342185 0.47158432
0.5267409 0.45532718 0.43629017
0.5149762 0.44356248 0.42452547
0.5385056 0.4670919 0.44805488
0.5149762 0.44356248 0.42452547
0.53300756 0.46989244 0.44805488
0.5408507 0.47773558 0.45589802
0.5408507 0.47773558 0.45589802
0.5173213 0.45420617 0.4323686
0.5032115 0.4304482 0.41970977
0.5251644 0.46069974 0.44716075
0.53692913 0.47246444 0.45892546
0.5133997 0.44893503 0.43539605
0.49771345 0.43324876 0.41970977
0.501635 0.43717033 0.42363134
0.5173213 0.4528566 0.4393176
0.5251644 0.46069974 0.44716075
0.53300756 0.46854287 0.4550039
0.51966643 0.46350026 0.44716075
0.5588822 0.502716 0.48637646
0.5392743 0.48445767 0.45981959
0.5251644 0.4620493 0.44021174
0.50713307 0.43706885 0.40973336
0.5149762 0.44356248 0.42452547
0.529086 0.46732038 0.43718433
0.53300756 0.47124195 0.4411059
0.56045854 0.498693 0.46855694
0.52281934 0.4541047 0.41847062
0.5008663 0.4238532 0.39101964
0.49459958 0.4106375 0.37230593
0.51028585 0.42632377 0.3879922
0.52047414 0.44481057 0.40367848
0.5243957 0.4473826 0.41454905
0.50870943 0.43304586 0.39191377
0.51105464 0.44368953 0.3997569
0.5283173 0.4526537 0.4115216
0.50478786 0.4291243 0.3879922
0.54634875 0.47898367 0.43505102
0.53223884 0.45657527 0.41544318
0.5361604 0.46049684 0.41936475
0.5024427 0.4198302 0.37319997
0.5283173 0.45400327 0.40457252
0.55634177 0.67100024 0.7617176
0.57202804 0.688036 0.77045494
0.5822164 0.7065228 0.7861412
0.5916359 0.70764387 0.7900628
0.5798712 0.69587916 0.7782981
0.5539967 0.6603566 0.7538745
0.520279 0.6169908 0.7216078
0.47718078 0.5283512 0.6718667
0.40740025 0.42827687 0.6133881
0.38702372 0.3886041 0.59591377
0.375259 0.37548983 0.5910981
0.37133744 0.37021872 0.5941255
0.375259 0.3741403 0.5980471
0.36741588 0.36629716 0.59020394
0.38075697 0.37133977 0.5980471
0.38075697 0.37133977 0.5980471
0.38467854 0.37526134 0.60196865
0.38075697 0.37133977 0.5980471
0.38310215 0.38198343 0.6058902
0.3776041 0.384784 0.6058902
0.3760277 0.39285564 0.60286283
0.35718852 0.3906136 0.5950197
0.3493454 0.38412002 0.5802275
0.364263 0.38109094 0.5910981
0.38310215 0.38198343 0.6058902
0.38310215 0.38198343 0.6058902
0.39644325 0.38837558 0.6067844
0.38310215 0.38873118 0.57114506
0.4058628 0.4056912 0.5273177
0.45057645 0.45560184 0.49704316
0.47176084 0.46983707 0.50578034
0.42308652 0.4655559 0.51789016
0.2747576 0.40331396 0.5050274
0.2990556 0.44151008 0.5542196
0.38140854 0.523863 0.6365726
0.46533793 0.6008435 0.7080549
0.54534584 0.67255265 0.7825647
0.6018242 0.722082 0.8265961
0.62300843 0.73496777 0.84228235
0.6081299 0.6951936 0.8109098
0.5265847 0.5901024 0.70592153
0.4740279 0.5444945 0.6658118
0.49751827 0.60542893 0.7376392
0.555534 0.68699086 0.8190981
0.59317327 0.73292863 0.8622353
0.5735654 0.71467036 0.8356784
0.47944778 0.6219023 0.7346118
0.40885955 0.55401313 0.6501255
0.43004382 0.5668989 0.6658118
0.50063205 0.6374871 0.7364
0.5147419 0.6598955 0.75600785
0.5029772 0.6481308 0.74424314
0.49513406 0.64028764 0.7364
0.4519968 0.5971504 0.69326276
0.45591837 0.60107195 0.6971843
0.47160465 0.6167582 0.7128706
0.46610668 0.61820924 0.7198196
0.421393 0.5804445 0.687553
0.46141636 0.5969219 0.70413333
0.4999024 0.58541536 0.6624392
0.40351763 0.40719348 0.45693338
0.37841183 0.39038616 0.43732554
0.2481533 0.3157196 0.40664318
0.19244362 0.2808569 0.3882745
0.19478878 0.290151 0.40306664
0.2183182 0.31233087 0.43354505
0.23634963 0.3386608 0.45707446
0.2606477 0.3782065 0.49931768
0.28494576 0.41775218 0.54156077
0.30847517 0.4412816 0.5650902
0.3045536 0.43736002 0.5611686
0.30847517 0.4412816 0.5650902
0.34769085 0.48049727 0.60430586
0.35945556 0.49226198 0.61607057
0.22616133 0.32152358 0.43443918
0.19325134 0.26081765 0.35174122
0.1987494 0.25936666 0.34479213
0.19640422 0.25277162 0.316102
0.17445128 0.22656873 0.2678039
0.16737683 0.24014 0.2508784
0.16418493 0.297737 0.27227455
0.16030237 0.24831311 0.26174906
0.1712984 0.23866339 0.28259605
0.44896108 0.49972898 0.5492627
0.38702372 0.41289598 0.47083133
0.25299978 0.19278495 0.20134115
0.31974453 0.19003972 0.14361572
0.50563467 0.37033045 0.3101098
0.55111706 0.42411137 0.36109018
0.57307 0.45301336 0.39549023
0.57307 0.45301336 0.39549023
0.55580723 0.4440492 0.38372552
0.5495406 0.42948395 0.37196082
0.5432739 0.41491866 0.3601961
0.5495406 0.4281344 0.37890983
0.5613053 0.44124866 0.38372552
0.56757194 0.4558139 0.39549023
0.55580723 0.4440492 0.38372552
0.54012096 0.4270134 0.37498826
0.55188566 0.4387781 0.38675296
0.5699171 0.46510807 0.41028237
0.5699171 0.4637585 0.41723135
0.57618386 0.4783238 0.4289961
0.5683407 0.4704806 0.42115292
0.56676424 0.47585315 0.4320235
0.56910944 0.4851473 0.44681576
0.56361145 0.48659828 0.45376477
0.512631 0.43426833 0.40973336
0.5306625 0.45924875 0.44021174
0.53458405 0.46317032 0.4441333
0.5149762 0.44356248 0.42452547
0.52124286 0.45812774 0.43629017
0.53692913 0.473814 0.45197645
0.54869384 0.4842292 0.4706902
0.53692913 0.47246444 0.45892546
0.53300756 0.46854287 0.4550039
0.5526154 0.48950028 0.46766275
0.5133997 0.4502846 0.42844704
0.556537 0.49342185 0.47158432
0.5306625 0.45924875 0.44021174
0.51105464 0.4396409 0.4206039
0.5424272 0.47101346 0.45197645
0.5267409 0.45532718 0.43629017
0.53692913 0.473814 0.45197645
0.54869384 0.48557872 0.46374118
0.54477227 0.48165715 0.45981959
0.529086 0.46597087 0.4441333
0.5055566 0.44244146 0.4206039
0.529086 0.4646213 0.45108232
0.53692913 0.47246444 0.45892546
0.5173213 0.4528566 0.4393176
0.50947815 0.44501346 0.43147448
0.5055566 0.4410919 0.4275529
0.50947815 0.44501346 0.43147448
0.5251644 0.46069974 0.44716075
0.51966643 0.46350026 0.44716075
0.51966643 0.46350026 0.44716075
0.5588822 0.502716 0.48637646
0.5392743 0.48445767 0.45981959
0.5251644 0.4620493 0.44021174
0.50713307 0.43571934 0.41668233
0.5032115 0.43179777 0.41276076
0.529086 0.46732038 0.43718433
0.52124286 0.45947725 0.4293412
0.5526154 0.49084985 0.4607138
0.52047414 0.44211146 0.4175765
0.4930232 0.4173596 0.3762275
0.5063643 0.42105263 0.39101964
0.5142074 0.42889577 0.39886278
0.50478786 0.42777476 0.3949412
0.50478786 0.42777476 0.3949412
0.49536833 0.4266537 0.39101964
0.54634875 0.4776341 0.44200003
0.529086 0.46866995 0.43023533
0.4992899 0.43192482 0.3879922
0.53458405 0.46721894 0.42328632
0.5243957 0.44873214 0.40760005
0.51655257 0.440889 0.3997569
0.49852115 0.41455907 0.3762275
0.5243957 0.44873214 0.40760005
0.5383104 0.6446703 0.7381882
0.5539967 0.6603566 0.7538745
0.5736045 0.68131393 0.7665334
0.5853692 0.69307864 0.7782981
0.5736045 0.6799644 0.7734823
0.56341624 0.66147757 0.75779605
0.525777 0.6141902 0.7216078
0.47168273 0.5311518 0.6718667
0.40347868 0.4243553 0.60946655
0.38310215 0.38468254 0.5919922
0.375259 0.37548983 0.5910981
0.36741588 0.3676467 0.583255
0.36741588 0.36629716 0.59020394
0.37133744 0.37021872 0.5941255
0.3768354 0.3674182 0.5941255
0.37291384 0.36349663 0.59020394
0.37291384 0.36349663 0.59020394
0.38075697 0.37133977 0.5980471
0.375259 0.3741403 0.5980471
0.375259 0.3741403 0.5980471
0.358765 0.38389146 0.5910981
0.34542382 0.38019845 0.5763059
0.32973754 0.36451218 0.56061965
0.3470003 0.37212676 0.5793334
0.3776041 0.384784 0.6058902
0.38310215 0.38198343 0.6058902
0.38702372 0.38725454 0.60286283
0.39252168 0.3885027 0.5820156
0.4058628 0.40434167 0.53426665
0.452153 0.44887966 0.4931216
0.47176084 0.46983707 0.50578034
0.4285845 0.46275538 0.51789016
0.28260073 0.4111571 0.51287055
0.30140078 0.45215374 0.56206274
0.38140854 0.5252126 0.6296235
0.46533793 0.6008435 0.7080549
0.553189 0.6817453 0.7834588
0.6112437 0.72320306 0.83051765
0.6167418 0.72040254 0.83051765
0.59794164 0.6767068 0.79522353
0.52031803 0.5755371 0.6941569
0.47245142 0.5512166 0.66973335
0.5132045 0.6211152 0.75332546
0.56337714 0.694834 0.82694125
0.59867126 0.7314777 0.85528624
0.56964386 0.7107488 0.83175683
0.47160465 0.61405915 0.7267687
0.4182791 0.5551342 0.6540471
0.44180852 0.5786636 0.6775765
0.5084752 0.64533025 0.74424314
0.52258503 0.6677386 0.763851
0.5147419 0.6598955 0.75600785
0.5108203 0.6559739 0.7520863
0.46768308 0.61283666 0.708949
0.47160465 0.6167582 0.7128706
0.4810242 0.6178793 0.71679217
0.4778714 0.62997395 0.7315843
0.43081257 0.58156556 0.69147456
0.45983994 0.603644 0.7080549
0.5077455 0.5932585 0.67028236
0.41136077 0.41503662 0.46477652
0.37449026 0.3864646 0.43340397
0.25599644 0.32356274 0.41448632
0.20028676 0.28735048 0.40306664
0.21047506 0.30448774 0.42570192
0.22850649 0.32946813 0.45618042
0.24888301 0.36509222 0.49450195
0.2810242 0.4138306 0.5376392
0.32258502 0.46234038 0.5916471
0.34219286 0.48194823 0.61125493
0.350036 0.48979136 0.61909807
0.3382713 0.47802666 0.60733336
0.3735654 0.5133208 0.6426275
0.37514183 0.5065987 0.6387059
0.26380062 0.3634127 0.49842352
0.19167495 0.26619017 0.3626118
0.19717291 0.26608878 0.3487137
0.19640422 0.25277162 0.316102
0.17837285 0.2304903 0.27172548
0.17521997 0.24798314 0.25872153
0.16418493 0.297737 0.27227455
0.15795721 0.23766945 0.25390592
0.17521997 0.24258496 0.28651762
0.41366696 0.46443486 0.5139686
0.38702372 0.41289598 0.47083133
0.263188 0.2112718 0.21702743
0.3236661 0.19396129 0.14753729
0.50955623 0.37425202 0.31403136
0.5589602 0.4319545 0.36893332
0.56757194 0.4558139 0.39549023
0.5714935 0.45973548 0.3994118
0.55580723 0.4440492 0.38372552
0.5613053 0.44124866 0.38372552
0.545619 0.42556238 0.36803925
0.52993274 0.4098761 0.35235298
0.5573837 0.4373271 0.37980396
0.5714935 0.45973548 0.3994118
0.5597288 0.44797078 0.3876471
0.5479641 0.43485653 0.3828314
0.5597288 0.44662124 0.3945961
0.5699171 0.46510807 0.41028237
0.56207395 0.45591536 0.4093882
0.57618386 0.4783238 0.4289961
0.56441915 0.46655902 0.41723135
0.54950154 0.46688902 0.4202588
0.5502703 0.48155567 0.4459216
0.5502703 0.4802061 0.4528706
0.49536833 0.42395464 0.40491763
0.5188978 0.44748405 0.42844704
0.5306625 0.45924875 0.44021174
0.5055566 0.44244146 0.4206039
0.5133997 0.4502846 0.42844704
0.529086 0.46597087 0.4441333
0.5251644 0.4620493 0.44021174
0.5251644 0.4620493 0.44021174
0.52124286 0.45812774 0.43629017
0.56045854 0.49734342 0.4755059
0.5173213 0.45420617 0.4323686
0.556537 0.49342185 0.47158432
0.5267409 0.45532718 0.43629017
0.5267409 0.45532718 0.43629017
0.5424272 0.47101346 0.45197645
0.53458405 0.46317032 0.4441333
0.54477227 0.48165715 0.45981959
0.54477227 0.48165715 0.45981959
0.54477227 0.48165715 0.45981959
0.529086 0.46597087 0.4441333
0.5055566 0.44244146 0.4206039
0.5173213 0.45420617 0.4323686
0.5408507 0.476386 0.46284702
0.53300756 0.46854287 0.4550039
0.5133997 0.44893503 0.43539605
0.50947815 0.44501346 0.43147448
0.51574486 0.4595787 0.44323918
0.5353527 0.47918653 0.46284702
0.51574486 0.4595787 0.44323918
0.523588 0.46742183 0.45108232
0.545541 0.49767342 0.47853333
0.52985466 0.4819871 0.46284702
0.5173213 0.45420617 0.4323686
0.501635 0.4385199 0.41668233
0.49771345 0.43459833 0.41276076
0.52124286 0.45947725 0.4293412
0.5133997 0.4516341 0.42149806
0.5408507 0.4790851 0.44894904
0.5149762 0.444912 0.4175765
0.48518005 0.40816692 0.37533337
0.50870943 0.43169633 0.39886278
0.50713307 0.43841842 0.40278435
0.52047414 0.44346103 0.41062748
0.48910162 0.41208848 0.37925494
0.5149762 0.444912 0.4175765
0.5353527 0.4818856 0.44894904
0.5526154 0.49219936 0.45376477
0.5133997 0.45298368 0.41454905
0.53458405 0.4658694 0.43023533
0.512631 0.4356179 0.40278435
0.50870943 0.43304586 0.39191377
0.50478786 0.4291243 0.3879922
0.53223884 0.45522574 0.4223922
0.44969076 0.5464026 0.6510196
0.47322017 0.569932 0.674549
0.48890644 0.58561826 0.69023526
0.5045927 0.6026541 0.6989725
0.5140123 0.6037751 0.7028941
0.51951027 0.599625 0.70984316
0.49598083 0.574746 0.69326276
0.44815332 0.50762236 0.6483373
0.37837285 0.40889752 0.58290976
0.36191782 0.37314638 0.5693568
0.3634943 0.3650747 0.57238436
0.35957274 0.35980356 0.57541186
0.35565117 0.355882 0.5714903
0.35957274 0.35980356 0.57541186
0.3650707 0.35700303 0.57541186
0.3650707 0.3556535 0.5823608
0.37291384 0.36349663 0.59020394
0.36899227 0.35957506 0.5862824
0.37291384 0.36349663 0.59020394
0.37133744 0.37021872 0.5941255
0.35484344 0.3799699 0.58717656
0.33758068 0.3723553 0.5684628
0.32816115 0.37123427 0.5645412
0.3470003 0.37212676 0.5793334
0.36976096 0.37694088 0.5980471
0.38310215 0.38198343 0.6058902
0.38702372 0.38725454 0.60286283
0.3886001 0.38458112 0.578094
0.40194124 0.4004201 0.5303451
0.452153 0.44887966 0.4931216
0.45999613 0.45942193 0.48706663
0.43250605 0.4680265 0.5148627
0.29436544 0.42427135 0.51768625
0.30140078 0.45350328 0.5551137
0.37748697 0.521291 0.6257019
0.47318107 0.6086866 0.71589804
0.558687 0.67894477 0.7834588
0.6034006 0.7153599 0.8226745
0.61439663 0.7097589 0.8226745
0.59325135 0.65676904 0.77258825
0.5124749 0.5690435 0.6793647
0.48029456 0.55905974 0.6775765
0.5155497 0.63175887 0.7611686
0.5712203 0.70267713 0.8347844
0.5947497 0.7275561 0.8513647
0.55787915 0.6989841 0.8199921
0.45983994 0.603644 0.7080549
0.43004382 0.5668989 0.6658118
0.45357323 0.5904283 0.6893412
0.5045536 0.6414087 0.7403216
0.5108203 0.6559739 0.7520863
0.5108203 0.6559739 0.7520863
0.5108203 0.6559739 0.7520863
0.4755262 0.6206798 0.71679217
0.4755262 0.6206798 0.71679217
0.4810242 0.6178793 0.71679217
0.4778714 0.62997395 0.7315843
0.426891 0.577644 0.687553
0.45591837 0.59972245 0.70413333
0.5077455 0.5932585 0.67028236
0.41136077 0.41638616 0.45782748
0.37998822 0.38366407 0.43340397
0.2614945 0.32211173 0.40753722
0.21205147 0.2991152 0.41483134
0.22223976 0.31625244 0.43746662
0.2426163 0.350527 0.48273724
0.2629929 0.3875006 0.5141098
0.30297717 0.44273254 0.57203925
0.34061646 0.48732078 0.62212545
0.371989 0.5186933 0.653498
0.371989 0.5186933 0.653498
0.36572227 0.50547767 0.63478434
0.39709485 0.5355007 0.6731059
0.3947497 0.52485704 0.66526276
0.27398884 0.37920043 0.5280078
0.18383178 0.25564796 0.36866665
0.18148662 0.24905293 0.3399765
0.19640422 0.25277162 0.316102
0.17837285 0.2304903 0.27172548
0.17914154 0.25325426 0.2556941
0.16026336 0.295165 0.26140398
0.15403564 0.23374788 0.24998435
0.17521997 0.24258496 0.28651762
0.40032578 0.45804274 0.51307446
0.41055313 0.4364254 0.49436074
0.2749527 0.2230365 0.22879213
0.31582296 0.18611816 0.13969415
0.50955623 0.37425202 0.31403136
0.5471955 0.41884023 0.36411768
0.56365037 0.45189235 0.39156866
0.5754151 0.46365705 0.40333337
0.5597288 0.44797078 0.3876471
0.55580723 0.4440492 0.38372552
0.56522685 0.44517022 0.3876471
0.5338543 0.41244814 0.36322355
0.55346215 0.43340552 0.3758824
0.56365037 0.45189235 0.39156866
0.5597288 0.44797078 0.3876471
0.5479641 0.43485653 0.3828314
0.55580723 0.44269967 0.39067453
0.56207395 0.4572649 0.40243924
0.56207395 0.45591536 0.4093882
0.5683407 0.4704806 0.42115292
0.5651879 0.4825753 0.4359451
0.540082 0.46306887 0.43023533
0.5408507 0.4790851 0.44894904
0.53692913 0.473814 0.45197645
0.49379188 0.43067676 0.4088392
0.52124286 0.45812774 0.43629017
0.5251644 0.4620493 0.44021174
0.52124286 0.45812774 0.43629017
0.5173213 0.45420617 0.4323686
0.53300756 0.46989244 0.44805488
0.5251644 0.4620493 0.44021174
0.5133997 0.4502846 0.42844704
0.52281934 0.4514056 0.4323686
0.54477227 0.48165715 0.45981959
0.5133997 0.4502846 0.42844704
0.54869384 0.48557872 0.46374118
0.529086 0.46597087 0.4441333
0.5306625 0.45924875 0.44021174
0.5267409 0.45532718 0.43629017
0.53300756 0.46989244 0.44805488
0.54477227 0.48165715 0.45981959
0.5431959 0.48837924 0.46374118
0.5392743 0.48445767 0.45981959
0.53300756 0.46989244 0.44805488
0.50947815 0.44636303 0.42452547
0.52124286 0.45812774 0.43629017
0.5408507 0.476386 0.46284702
0.5408507 0.476386 0.46284702
0.5133997 0.44893503 0.43539605
0.49771345 0.43324876 0.41970977
0.51966643 0.46350026 0.44716075
0.5431959 0.48702973 0.4706902
0.51574486 0.4595787 0.44323918
0.51808995 0.47022238 0.45108232
0.5416194 0.49375185 0.47461176
0.5337762 0.48590866 0.4667686
0.5173213 0.4528566 0.4393176
0.5055566 0.44244146 0.4206039
0.5055566 0.44244146 0.4206039
0.5251644 0.4633988 0.43326277
0.5173213 0.45555568 0.42541963
0.53692913 0.47516352 0.44502747
0.5149762 0.444912 0.4175765
0.48125848 0.40424535 0.3714118
0.5149762 0.44626155 0.41062748
0.53458405 0.4658694 0.43023533
0.51105464 0.44234 0.40670592
0.49536833 0.4266537 0.39101964
0.5267409 0.4566767 0.4293412
0.53143114 0.47796404 0.44502747
0.5471175 0.49365038 0.4607138
0.52750957 0.47539204 0.4341569
0.52281934 0.4541047 0.41847062
0.4930232 0.41601005 0.3831765
0.49694476 0.41993162 0.38709807
0.51105464 0.44234 0.40670592
0.52281934 0.4541047 0.41847062
0.3045927 0.39860538 0.51981956
0.32420054 0.41821322 0.5394274
0.34772995 0.44174263 0.5629568
0.3673378 0.46135047 0.58256465
0.37518093 0.4691936 0.5904078
0.38460046 0.47031465 0.59432936
0.37833375 0.45439988 0.5895138
0.35638082 0.42144924 0.5759608
0.3226631 0.37673393 0.550643
0.3218944 0.35801858 0.5458274
0.3234709 0.34994692 0.54885495
0.3234709 0.34994692 0.54885495
0.3234709 0.34859735 0.555804
0.33131403 0.35644048 0.56364715
0.33289045 0.3497184 0.5597256
0.33289045 0.34836885 0.56667453
0.33289045 0.34836885 0.56667453
0.34857672 0.3627056 0.58930975
0.33915716 0.36158454 0.5853882
0.3524983 0.36662716 0.5932313
0.34150225 0.37357777 0.5862824
0.3360043 0.3763783 0.5862824
0.3360043 0.3763783 0.5862824
0.34542382 0.37749934 0.59020394
0.35484344 0.37727082 0.60107446
0.364263 0.3797414 0.5980471
0.37368253 0.38086244 0.60196865
0.38310215 0.38738164 0.578094
0.39252168 0.39929906 0.5264235
0.44430986 0.44103652 0.48527846
0.4694157 0.46054298 0.4909882
0.4380041 0.46657544 0.50791377
0.30220857 0.43211448 0.5255294
0.30297717 0.44543165 0.55814123
0.38140854 0.5252126 0.6296235
0.47867918 0.6072355 0.708949
0.56260854 0.68286633 0.7873804
0.60889864 0.713909 0.81572545
0.6120515 0.7004647 0.8078823
0.5830631 0.63963175 0.7499529
0.51639646 0.5729651 0.68328625
0.49205926 0.57082444 0.6893412
0.5273144 0.6435236 0.7729333
0.57514185 0.7065987 0.8387059
0.5908281 0.72363454 0.8474431
0.5594556 0.692262 0.81607056
0.4692595 0.60476506 0.71197647
0.44180852 0.58001316 0.6706275
0.46141636 0.599621 0.69023526
0.50063205 0.6388367 0.72945094
0.5084752 0.64533025 0.74424314
0.50689876 0.65205234 0.7481647
0.5147419 0.6598955 0.75600785
0.48729092 0.6324445 0.7285569
0.48336935 0.62852293 0.7246353
0.4810242 0.6178793 0.71679217
0.48729092 0.631095 0.7355059
0.4402321 0.5840362 0.68844706
0.4519968 0.5958009 0.70021176
0.51166713 0.59718007 0.67420393
0.41136077 0.41638616 0.45782748
0.38783136 0.3915072 0.4412471
0.26933762 0.32860532 0.42232946
0.2198946 0.30695835 0.42267448
0.22066335 0.321625 0.4483373
0.24496144 0.36117065 0.49058038
0.26925948 0.40071633 0.53282356
0.31474188 0.45449725 0.58380395
0.3602243 0.5069286 0.6417333
0.38767532 0.53437966 0.6691843
0.37983215 0.52653646 0.66134113
0.371989 0.5186933 0.653498
0.40493798 0.54334384 0.68094903
0.3947497 0.52485704 0.66526276
0.26222414 0.36608618 0.52319205
0.1861769 0.2649421 0.3834588
0.17364348 0.23986025 0.3390824
0.19640422 0.25142205 0.323051
0.17837285 0.2304903 0.27172548
0.1830631 0.25717583 0.25961566
0.16183981 0.28844288 0.25748238
0.1595337 0.23094732 0.24998435
0.17521997 0.24258496 0.28651762
0.36895323 0.4266702 0.48170194
0.40271 0.42858225 0.4865176
0.2867174 0.23480122 0.24055685
0.31974453 0.19003972 0.14361572
0.50563467 0.37033045 0.3101098
0.55111706 0.4227618 0.36803925
0.5714935 0.45973548 0.3994118
0.5754151 0.46365705 0.40333337
0.56207395 0.4572649 0.40243924
0.5714935 0.45838597 0.4063608
0.56757194 0.45446438 0.40243924
0.5440425 0.43093497 0.37890983
0.5503093 0.4455002 0.39067453
0.5699171 0.46510807 0.41028237
0.56207395 0.4572649 0.40243924
0.5503093 0.4455002 0.39067453
0.55815244 0.45334333 0.39851767
0.556576 0.4587159 0.4093882
0.55107796 0.46151644 0.4093882
0.54950154 0.46688902 0.4202588
0.5479251 0.47226158 0.43112946
0.5267409 0.45802626 0.4223922
0.53143114 0.47796404 0.44502747
0.52750957 0.47269297 0.44805488
0.49771345 0.43459833 0.41276076
0.5173213 0.45420617 0.4323686
0.523588 0.4687714 0.4441333
0.53692913 0.473814 0.45197645
0.52124286 0.45677817 0.44323918
0.53143114 0.47661453 0.45197645
0.53692913 0.473814 0.45197645
0.5133997 0.4502846 0.42844704
0.5188978 0.44748405 0.42844704
0.54477227 0.48165715 0.45981959
0.5133997 0.4502846 0.42844704
0.54477227 0.48165715 0.45981959
0.529086 0.46597087 0.4441333
0.5306625 0.45924875 0.44021174
0.5188978 0.44883355 0.42149806
0.53300756 0.46989244 0.44805488
0.53692913 0.473814 0.45197645
0.5392743 0.48445767 0.45981959
0.5392743 0.48445767 0.45981959
0.5251644 0.4620493 0.44021174
0.50947815 0.44636303 0.42452547
0.529086 0.46597087 0.4441333
0.54477227 0.48030758 0.4667686
0.53692913 0.47246444 0.45892546
0.5055566 0.4410919 0.4275529
0.5055566 0.4410919 0.4275529
0.51966643 0.46350026 0.44716075
0.5431959 0.48702973 0.4706902
0.51574486 0.4595787 0.44323918
0.523588 0.46742183 0.45108232
0.545541 0.49767342 0.47853333
0.5353527 0.47918653 0.46284702
0.5251644 0.46069974 0.44716075
0.5055566 0.44244146 0.4206039
0.50947815 0.44636303 0.42452547
0.5251644 0.4633988 0.43326277
0.5133997 0.4516341 0.42149806
0.53692913 0.47516352 0.44502747
0.51105464 0.44099042 0.41365492
0.46949378 0.39248064 0.3596471
0.5251644 0.4633988 0.43326277
0.53692913 0.47516352 0.44502747
0.50713307 0.43841842 0.40278435
0.5032115 0.43449685 0.39886278
0.49536833 0.42530414 0.39796865
0.523588 0.4687714 0.4441333
0.5471175 0.4923008 0.46766275
0.523588 0.4701209 0.43718433
0.5188978 0.44883355 0.42149806
0.49536833 0.42530414 0.39796865
0.50713307 0.43841842 0.40278435
0.52281934 0.45275512 0.42541963
0.5133997 0.45298368 0.41454905
0.20105551 0.30201715 0.42872944
0.20889865 0.3098603 0.43657258
0.22458492 0.32419702 0.45920783
0.23634963 0.33596173 0.47097254
0.23477316 0.34133428 0.48184317
0.24653786 0.35174945 0.5005568
0.2426163 0.34647834 0.5035842
0.23085159 0.33336407 0.4987686
0.23634963 0.33056352 0.4987686
0.23400447 0.31857032 0.49787456
0.2418476 0.32506388 0.51266676
0.24969074 0.33290702 0.5205099
0.2536123 0.33547905 0.5313804
0.24811433 0.33693004 0.53832936
0.24653786 0.34365216 0.54225093
0.25987905 0.34869474 0.55009407
0.27322015 0.3523878 0.56488633
0.2810633 0.35888138 0.5796784
0.28340846 0.36952505 0.58752155
0.2779104 0.3723256 0.58752155
0.28575355 0.38016874 0.5953647
0.28967512 0.3840903 0.59928626
0.29359668 0.38801187 0.6032078
0.3030163 0.3891329 0.6071294
0.32027897 0.39809707 0.6188941
0.33362007 0.40313968 0.62673724
0.33362007 0.40448922 0.6197883
0.3461925 0.39756423 0.58807063
0.37368253 0.3957075 0.5255294
0.44823143 0.4449581 0.48920003
0.46549413 0.4566214 0.48706663
0.44192567 0.47184655 0.5048863
0.30378497 0.4267419 0.5146588
0.3108203 0.45462433 0.55903524
0.38690653 0.52241206 0.6296235
0.4904439 0.6190002 0.72071373
0.5681065 0.6814154 0.7804314
0.59713393 0.70214427 0.8039608
0.60186315 0.6819779 0.79219604
0.56737685 0.6239455 0.73426664
0.51639646 0.5743146 0.6763373
0.503824 0.58258915 0.7011059
0.5390791 0.6552883 0.784698
0.5790634 0.71186984 0.8356784
0.58690655 0.719713 0.84352154
0.55161244 0.6857684 0.8012785
0.45591837 0.60107195 0.6971843
0.4402321 0.58673525 0.674549
0.46533793 0.60354257 0.6941569
0.50063205 0.6388367 0.72945094
0.5045536 0.6414087 0.7403216
0.51239675 0.6492518 0.7481647
0.5147419 0.6598955 0.75600785
0.4912125 0.63636607 0.73247844
0.49671048 0.6349151 0.72552943
0.4810242 0.6178793 0.71679217
0.48336935 0.6271734 0.7315843
0.4519968 0.5958009 0.70021176
0.45591837 0.59972245 0.70413333
0.5077455 0.5932585 0.67028236
0.4192039 0.4242293 0.46567062
0.39725104 0.39262816 0.44516867
0.27875715 0.32972637 0.42625102
0.2198946 0.30695835 0.42267448
0.22458492 0.32554656 0.45225886
0.24496144 0.36117065 0.49058038
0.28260073 0.4057589 0.5406667
0.31866345 0.45706928 0.59467447
0.36414587 0.5108502 0.64565486
0.38375375 0.5304581 0.66526276
0.38767532 0.53437966 0.6691843
0.39159688 0.5383012 0.6731059
0.40885955 0.5472654 0.6848706
0.3947497 0.5235075 0.6722117
0.27241242 0.3832234 0.5458274
0.2097063 0.28577244 0.4208863
0.17364348 0.23986025 0.3390824
0.19090624 0.25422257 0.323051
0.18463951 0.24505556 0.28349018
0.1987494 0.27151257 0.28225097
0.17360453 0.30020759 0.2692471
0.1595337 0.23094732 0.24998435
0.17914154 0.24650653 0.2904392
0.35326695 0.41233346 0.45906663
0.4160511 0.43362486 0.49436074
0.3047488 0.2611312 0.26408625
0.31267 0.19956242 0.14753729
0.49779153 0.36248732 0.30226666
0.534623 0.43116346 0.36803925
0.5589211 0.47070915 0.41028237
0.56361145 0.4919965 0.4259687
0.54400355 0.47238865 0.4063608
0.53458405 0.47126758 0.40243924
0.5267409 0.4620749 0.40154508
0.58556443 0.52224797 0.4534197
0.60909384 0.5457774 0.4769491
0.6247801 0.56146365 0.49263537
0.6247801 0.56146365 0.49263537
0.60909384 0.5457774 0.4769491
0.6035958 0.54722846 0.48389804
0.5643801 0.5080128 0.44468236
0.53692913 0.47921216 0.42418036
0.5118233 0.4610553 0.4115216
0.5220115 0.4781926 0.4341569
0.5141684 0.4689999 0.43326277
0.5259331 0.4794151 0.45197645
0.52985466 0.48333666 0.45589802
0.48279583 0.43627784 0.4088392
0.51808995 0.47157195 0.4441333
0.52985466 0.48333666 0.45589802
0.53143114 0.47661453 0.45197645
0.52750957 0.4713434 0.4550039
0.52750957 0.4713434 0.4550039
0.53143114 0.47661453 0.45197645
0.5133997 0.4502846 0.42844704
0.5188978 0.44748405 0.42844704
0.54477227 0.48165715 0.45981959
0.50947815 0.44636303 0.42452547
0.53692913 0.473814 0.45197645
0.53300756 0.46989244 0.44805488
0.5267409 0.45532718 0.43629017
0.5188978 0.44748405 0.42844704
0.529086 0.46597087 0.4441333
0.5251644 0.4620493 0.44021174
0.5392743 0.48445767 0.45981959
0.5353527 0.4805361 0.45589802
0.5251644 0.4620493 0.44021174
0.5055566 0.44244146 0.4206039
0.53692913 0.47246444 0.45892546
0.5526154 0.48815078 0.47461176
0.5408507 0.476386 0.46284702
0.49771345 0.43324876 0.41970977
0.5055566 0.4410919 0.4275529
0.523588 0.46742183 0.45108232
0.5431959 0.48702973 0.4706902
0.51966643 0.46350026 0.44716075
0.51966643 0.46350026 0.44716075
0.5471175 0.4909513 0.47461176
0.52750957 0.4713434 0.4550039
0.5173213 0.4528566 0.4393176
0.49771345 0.43324876 0.41970977
0.49771345 0.43459833 0.41276076
0.52124286 0.45947725 0.4293412
0.50947815 0.44771254 0.4175765
0.529086 0.46732038 0.43718433
0.512631 0.43426833 0.40973336
0.46949378 0.39248064 0.3596471
0.529086 0.46732038 0.43718433
0.53692913 0.47516352 0.44502747
0.50713307 0.43706885 0.40973336
0.5149762 0.44626155 0.41062748
0.4757605 0.40704587 0.3714118
0.50713307 0.43706885 0.40973336
0.53300756 0.46989244 0.44805488
0.52124286 0.45947725 0.4293412
0.51105464 0.44099042 0.41365492
0.49536833 0.42530414 0.39796865
0.50713307 0.43706885 0.40973336
0.5188978 0.44883355 0.42149806
0.50947815 0.44771254 0.4175765
0.17045164 0.28396177 0.4299686
0.16337714 0.29348445 0.43389016
0.16572228 0.30277857 0.44868225
0.18140855 0.31846485 0.46436852
0.19317326 0.32887998 0.48308232
0.19002044 0.34097463 0.49787456
0.18609887 0.3357035 0.50090206
0.1845224 0.34242564 0.5048236
0.17902443 0.34387663 0.5117726
0.19236554 0.3475697 0.52656466
0.19313422 0.36358592 0.54527843
0.20097736 0.37142906 0.55312157
0.20332251 0.38207272 0.5609647
0.19390294 0.37825266 0.5709411
0.20409124 0.39673945 0.58662736
0.2080128 0.40066102 0.59054893
0.2142795 0.4138767 0.6092627
0.22212264 0.42171985 0.61710584
0.22838934 0.43493557 0.6358195
0.2323109 0.4375075 0.64669025
0.23857759 0.45207277 0.658455
0.24642073 0.4599159 0.66629815
0.2503423 0.46383747 0.67021966
0.25818545 0.4716806 0.6780628
0.267605 0.47280163 0.6819844
0.2793697 0.48456633 0.69374907
0.29036576 0.48031485 0.6867999
0.3131655 0.4517725 0.6363686
0.34069455 0.40981162 0.5394274
0.4403883 0.43576542 0.48830593
0.4694157 0.46054298 0.4909882
0.44350207 0.46377492 0.50791377
0.32104766 0.43570608 0.5264235
0.32023987 0.45574537 0.5629568
0.40259284 0.5394479 0.6383608
0.49594185 0.6161997 0.72071373
0.5681065 0.6814154 0.7804314
0.6002868 0.6887 0.79611766
0.60501605 0.6698833 0.7774039
0.5571886 0.6068082 0.7116314
0.5179729 0.5675925 0.67241573
0.51558864 0.59435385 0.7128706
0.54692227 0.6631314 0.79254115
0.5790634 0.71186984 0.8356784
0.5908281 0.72363454 0.8474431
0.54611444 0.6899185 0.7943294
0.45591837 0.6024215 0.69023526
0.4519968 0.59849995 0.68631375
0.47318107 0.6113857 0.702
0.5045536 0.64275825 0.73337257
0.5163183 0.65452296 0.7451372
0.5202399 0.65709496 0.75600785
0.528083 0.6649381 0.763851
0.49905562 0.6455588 0.73337257
0.49671048 0.6349151 0.72552943
0.4810242 0.6178793 0.71679217
0.48729092 0.6324445 0.7285569
0.46768308 0.61148715 0.71589804
0.45983994 0.603644 0.7080549
0.5140123 0.60647416 0.68899614
0.4192039 0.4242293 0.46567062
0.39332947 0.3887066 0.4412471
0.2866003 0.33891904 0.42714506
0.2198946 0.30695835 0.42267448
0.22850649 0.3281186 0.4631294
0.24888301 0.36509222 0.49450195
0.27710262 0.40855947 0.5406667
0.32258502 0.46099085 0.59859604
0.36806744 0.51477176 0.6495764
0.38767532 0.53437966 0.6691843
0.38375375 0.5304581 0.66526276
0.39551845 0.5422228 0.67702746
0.40885955 0.5472654 0.6848706
0.40493798 0.5419943 0.687898
0.2998634 0.4106744 0.5732784
0.2198946 0.3029097 0.44352156
0.17756505 0.24513136 0.33605492
0.2105141 0.27383044 0.34265888
0.25757292 0.32628745 0.36192155
0.20109448 0.28215626 0.2900941
0.17360453 0.30020759 0.2692471
0.16737683 0.23879045 0.2578275
0.18463951 0.243706 0.2904392
0.35484344 0.40561134 0.45514506
0.42939222 0.4427161 0.4813569
0.31493708 0.28096753 0.27282357
0.2639958 0.1993298 0.13879997
0.54634875 0.48438182 0.40725493
0.68360364 0.62163675 0.5445099
0.7486938 0.69637513 0.608149
0.7369291 0.6846104 0.5963843
0.701635 0.6493163 0.5610902
0.729086 0.6767673 0.58854115
0.74634874 0.6870809 0.59335685
0.7110546 0.6517868 0.55806273
0.6992899 0.6400221 0.546298
0.68518007 0.61761373 0.5266902
0.7047879 0.6372216 0.546298
0.7283173 0.660751 0.56982744
0.7032115 0.64394367 0.5502196
0.69536835 0.63610053 0.54237646
0.7110546 0.6517868 0.55806273
0.69379187 0.6414732 0.55324703
0.7133997 0.65973145 0.57980394
0.745541 0.70577073 0.6368392
0.78475666 0.7449864 0.6760549
0.7439645 0.71114326 0.6477098
0.67179984 0.64592755 0.5879922
0.5894469 0.56222504 0.51258826
0.5368901 0.51661724 0.4724785
0.52904695 0.50742453 0.47158432
0.52278024 0.49150977 0.4667686
0.5188587 0.4875882 0.46284702
0.5282782 0.48870924 0.4667686
0.51966643 0.46484983 0.44021174
0.5133997 0.4502846 0.42844704
0.54869384 0.48557872 0.46374118
0.5055566 0.44244146 0.4206039
0.53143114 0.47661453 0.45197645
0.529086 0.46597087 0.4441333
0.52124286 0.45812774 0.43629017
0.5188978 0.44748405 0.42844704
0.5149762 0.44356248 0.42452547
0.5173213 0.45420617 0.4323686
0.5392743 0.48445767 0.45981959
0.5431959 0.48702973 0.4706902
0.529086 0.46597087 0.4441333
0.5055566 0.44244146 0.4206039
0.53692913 0.47246444 0.45892546
0.5526154 0.48815078 0.47461176
0.529086 0.4646213 0.45108232
0.49379188 0.4293272 0.4157882
0.5055566 0.4410919 0.4275529
0.52750957 0.4713434 0.4550039
0.53143114 0.47526497 0.45892546
0.5118233 0.45565712 0.4393176
0.5079017 0.45173556 0.43539605
0.53769785 0.4898303 0.4706902
0.523588 0.46742183 0.45108232
0.5118233 0.45565712 0.4393176
0.501635 0.43717033 0.42363134
0.49379188 0.43067676 0.4088392
0.5133997 0.4516341 0.42149806
0.5133997 0.4516341 0.42149806
0.529086 0.46732038 0.43718433
0.49694476 0.41858205 0.39404708
0.46949378 0.39113107 0.3665961
0.53143114 0.47796404 0.44502747
0.53692913 0.47516352 0.44502747
0.50947815 0.44771254 0.4175765
0.5149762 0.44626155 0.41062748
0.48910162 0.41208848 0.37925494
0.48125848 0.40424535 0.3714118
0.4992899 0.4292257 0.40189022
0.5149762 0.444912 0.4175765
0.49144676 0.42138258 0.39404708
0.49536833 0.42530414 0.39796865
0.49536833 0.42530414 0.39796865
0.5133997 0.4516341 0.42149806
0.5118233 0.4583562 0.42541963
0.16883613 0.32673937 0.48913735
0.16568324 0.33883405 0.50392944
0.16253039 0.35227826 0.5117726
0.18213823 0.3718861 0.5313804
0.19232653 0.3903729 0.5470667
0.19075009 0.3957455 0.5579372
0.18917365 0.4024676 0.5618588
0.20093836 0.41288275 0.5805726
0.20328347 0.42217687 0.5953647
0.20170704 0.428899 0.59928626
0.21739331 0.44323575 0.6219215
0.2063973 0.44748726 0.62887055
0.21266402 0.4620525 0.64063525
0.21108758 0.46607548 0.658455
0.21343274 0.47671914 0.66629815
0.21343274 0.47671914 0.66629815
0.2196994 0.49128443 0.6780628
0.2196994 0.48993486 0.68501174
0.2314641 0.50169957 0.6967765
0.22754253 0.497778 0.6928549
0.23380926 0.5123432 0.70461965
0.2298877 0.50842166 0.700698
0.23930724 0.5095427 0.70461965
0.23930724 0.5095427 0.70461965
0.24322881 0.5134643 0.70854115
0.24715038 0.51738584 0.7124628
0.2581464 0.5131343 0.70551383
0.27152658 0.4821214 0.6581098
0.3116281 0.42918688 0.5502981
0.42704704 0.4307229 0.4804628
0.4709921 0.45382088 0.48706663
0.44900006 0.4609744 0.50791377
0.3288908 0.44354922 0.53426665
0.32965955 0.45821592 0.5599294
0.42377722 0.55233353 0.6540471
0.50928295 0.62259185 0.7216078
0.5736045 0.67861485 0.7804314
0.59794164 0.6794059 0.78132546
0.59640425 0.64602387 0.7508471
0.5509219 0.59359246 0.6929177
0.5124749 0.570393 0.67241573
0.5218554 0.6089191 0.7246353
0.553189 0.67769665 0.80430585
0.582985 0.7157914 0.83959997
0.5908281 0.72363454 0.8474431
0.5421929 0.68599695 0.79040784
0.45434198 0.6091436 0.6941569
0.4504204 0.6065716 0.68328625
0.4755262 0.62337893 0.7028941
0.5084752 0.6480294 0.7303451
0.528083 0.66628766 0.756902
0.528083 0.66628766 0.756902
0.5320046 0.6702092 0.7608235
0.5163183 0.65452296 0.7451372
0.49671048 0.6349151 0.72552943
0.48494577 0.6231504 0.71376467
0.49671048 0.63356555 0.73247844
0.47160465 0.6154087 0.7198196
0.46768308 0.6101376 0.7228471
0.5281221 0.62753296 0.715553
0.4309686 0.435994 0.47743532
0.39332947 0.39005613 0.43429807
0.29994148 0.34396163 0.4349882
0.22931415 0.3080794 0.42659605
0.22850649 0.3281186 0.4631294
0.254381 0.3622917 0.49450195
0.29044387 0.41360202 0.54850984
0.33042815 0.46883398 0.6064392
0.3735654 0.51197124 0.6495764
0.38375375 0.5304581 0.66526276
0.37983215 0.52653646 0.66134113
0.38375375 0.5304581 0.66526276
0.4167027 0.553759 0.6996627
0.42062426 0.556331 0.7105333
0.31789485 0.43565482 0.6037569
0.23558088 0.31859598 0.45920783
0.1830631 0.24233079 0.33605492
0.2105141 0.27383044 0.34265888
0.2850239 0.3523889 0.39632154
0.20659253 0.2793557 0.2900941
0.19244362 0.3011001 0.28403926
0.18229441 0.24115959 0.24090199
0.21839626 0.2523658 0.26050985
0.47176084 0.47793436 0.46408623
0.70082724 0.66530687 0.61847067
0.729086 0.6754177 0.5954902
0.69771343 0.64539474 0.5571686
0.6992899 0.6400221 0.546298
0.6796821 0.62041426 0.5266902
0.6875252 0.6282574 0.5345333
0.7267409 0.66882265 0.56680006
0.7228193 0.6635515 0.56982744
0.69536835 0.6374501 0.5354275
0.68910164 0.62288487 0.5236628
0.6812585 0.61504173 0.51581967
0.71263105 0.6464143 0.5471922
0.7283173 0.66210055 0.5628785
0.7165526 0.65168536 0.5441648
0.71263105 0.6477638 0.5402432
0.7047879 0.63992065 0.5324001
0.6969448 0.6320775 0.52455693
0.7047879 0.63992065 0.5324001
0.7204742 0.6556069 0.54808635
0.7047879 0.63992065 0.5324001
0.7165526 0.65168536 0.5441648
0.7165526 0.65168536 0.5441648
0.71889776 0.662329 0.5520079
0.7149762 0.65705794 0.55503535
0.7032115 0.64529324 0.54327065
0.7039802 0.65996 0.5689333
0.74788606 0.7177639 0.6377334
0.7447332 0.72715944 0.66642356
0.66707057 0.6633948 0.613655
0.5902157 0.5768917 0.538251
0.54315686 0.5298329 0.49119216
0.51728225 0.4943103 0.4667686
0.5306234 0.50070244 0.46766275
0.4929841 0.4547647 0.42452547
0.52985466 0.48333666 0.45589802
0.5353527 0.4805361 0.45589802
0.5032115 0.43179777 0.41276076
0.52281934 0.4514056 0.4323686
0.53300756 0.46989244 0.44805488
0.52124286 0.45812774 0.43629017
0.5392743 0.4831081 0.4667686
0.5431959 0.48702973 0.4706902
0.529086 0.46597087 0.4441333
0.49771345 0.43459833 0.41276076
0.53300756 0.46989244 0.44805488
0.54869384 0.48557872 0.46374118
0.529086 0.4646213 0.45108232
0.4898703 0.42540562 0.41186664
0.5055566 0.4410919 0.4275529
0.52750957 0.4713434 0.4550039
0.5392743 0.4831081 0.4667686
0.51574486 0.4595787 0.44323918
0.50398016 0.447814 0.43147448
0.5392743 0.48175853 0.4737177
0.52750957 0.46999383 0.46195298
0.5118233 0.45565712 0.4393176
0.501635 0.43717033 0.42363134
0.49379188 0.43067676 0.4088392
0.5251644 0.4620493 0.44021174
0.52124286 0.45947725 0.4293412
0.5173213 0.45555568 0.42541963
0.49144676 0.42138258 0.39404708
0.48518005 0.40681735 0.38228238
0.523588 0.4701209 0.43718433
0.52750957 0.47404248 0.4411059
0.5055566 0.44379097 0.41365492
0.5133997 0.45298368 0.41454905
0.4992899 0.43057528 0.3949412
0.4930232 0.41601005 0.3831765
0.4930232 0.41466048 0.3901255
0.48910162 0.41073892 0.38620394
0.48518005 0.40546784 0.38923135
0.50713307 0.43571934 0.41668233
0.4992899 0.4292257 0.40189022
0.50947815 0.44771254 0.4175765
0.50398016 0.45051306 0.4175765
0.18133052 0.39462447 0.55401564
0.18367563 0.40391856 0.56880784
0.18994233 0.41848382 0.5805726
0.19855416 0.4423432 0.6071294
0.21031886 0.4541079 0.6188941
0.21266402 0.46475157 0.62673724
0.21658559 0.46732363 0.63760775
0.23227187 0.4830099 0.653294
0.22285229 0.48053932 0.6563215
0.234617 0.49230403 0.66808623
0.24795814 0.4973466 0.67592937
0.25422484 0.51191187 0.6876941
0.24480529 0.5080917 0.6976707
0.23380926 0.5136928 0.6976707
0.23773083 0.51761436 0.7015922
0.22831126 0.5151438 0.70461965
0.23223282 0.5190654 0.70854115
0.22831126 0.5151438 0.70461965
0.22281325 0.51794434 0.70461965
0.22831126 0.5151438 0.70461965
0.23223282 0.5190654 0.70854115
0.23773083 0.5162648 0.70854115
0.2416524 0.52018636 0.7124628
0.2416524 0.52018636 0.7124628
0.24322881 0.5134643 0.70854115
0.24322881 0.5134643 0.70854115
0.25030327 0.5066408 0.69072145
0.267605 0.4795494 0.6472392
0.30613014 0.4319874 0.5502981
0.42312548 0.42680132 0.47654122
0.46314895 0.44732726 0.47227454
0.45057645 0.45560184 0.49704316
0.34380838 0.44321924 0.5312393
0.34534582 0.4739022 0.57561564
0.43319675 0.55480415 0.6510196
0.5132045 0.6265134 0.72552943
0.5673378 0.6653992 0.7617176
0.5971729 0.6620402 0.76956075
0.58229446 0.62361544 0.73123926
0.5391572 0.58182776 0.681153
0.50697684 0.5731936 0.67241573
0.52420056 0.6182133 0.73942745
0.5610321 0.6855398 0.812149
0.5908281 0.72363454 0.8474431
0.5853301 0.72643507 0.8474431
0.5249302 0.6783823 0.7716941
0.4504204 0.6065716 0.68328625
0.45434198 0.6104932 0.6872078
0.4778714 0.6340226 0.7107372
0.5202399 0.6597941 0.7421098
0.53984773 0.67940193 0.7617176
0.528083 0.66628766 0.756902
0.53592616 0.6741308 0.7647451
0.5202399 0.6584445 0.74905884
0.50063205 0.6388367 0.72945094
0.48494577 0.6231504 0.71376467
0.50063205 0.6374871 0.7364
0.4912125 0.63501656 0.73942745
0.47160465 0.61405915 0.7267687
0.53596526 0.6353761 0.7233961
0.43489018 0.43856603 0.48830593
0.40509418 0.40182084 0.44606277
0.30778462 0.35180476 0.44283134
0.22381617 0.30953035 0.43354505
0.23634963 0.33731127 0.46402356
0.25672615 0.37293535 0.5023451
0.28494576 0.4164026 0.54850984
0.32650658 0.4649124 0.6025176
0.3735654 0.51197124 0.6495764
0.39317328 0.53157914 0.6691843
0.37591058 0.5226149 0.65741956
0.3892517 0.52765757 0.66526276
0.41278112 0.5498374 0.6957411
0.4167027 0.5524094 0.70661175
0.33358112 0.4513411 0.6194432
0.23558088 0.31859598 0.45920783
0.17521997 0.23583722 0.32126272
0.20582382 0.25524217 0.31307447
0.22308652 0.26960453 0.29704317
0.21839626 0.2550649 0.24661173
0.2960589 0.32287827 0.2785333
0.6639567 0.6380844 0.58014905
0.6922155 0.64549613 0.57106674
0.68829393 0.64292413 0.56019616
0.72124285 0.66892415 0.580698
0.7032115 0.64259416 0.5571686
0.6796821 0.62041426 0.5266902
0.6875252 0.62960696 0.5275844
0.7149762 0.6557084 0.5619843
0.68360364 0.6256854 0.5236628
0.6914468 0.63352853 0.53150594
0.7032115 0.64529324 0.54327065
0.7110546 0.6531364 0.5511138
0.7032115 0.64529324 0.54327065
0.7047879 0.63857114 0.5393491
0.7204742 0.6556069 0.54808635
0.7087095 0.6424927 0.54327065
0.6969448 0.6320775 0.52455693
0.7087095 0.6438422 0.53632164
0.7204742 0.6556069 0.54808635
0.7165526 0.65168536 0.5441648
0.72439575 0.6595285 0.5520079
0.73616046 0.67264277 0.5568236
0.7283173 0.66479963 0.5489805
0.7259722 0.65415597 0.54113734
0.6985212 0.626705 0.5136863
0.68910164 0.62558395 0.5097648
0.7142075 0.64239126 0.5293726
0.7322389 0.6687212 0.552902
0.72439575 0.66087806 0.54505885
0.6930232 0.6295055 0.5136863
0.7087095 0.6438422 0.53632164
0.73066247 0.6740937 0.5637726
0.7251644 0.67419523 0.5776706
0.74788606 0.7177639 0.6377334
0.71962744 0.7103521 0.6468157
0.6278549 0.6241791 0.5744393
0.58471763 0.5796923 0.538251
0.5478471 0.5511203 0.50687844
0.5274706 0.5141466 0.4755059
0.49690565 0.45868626 0.42844704
0.51966643 0.46619934 0.43326277
0.52124286 0.45812774 0.43629017
0.5173213 0.45420617 0.4323686
0.5431959 0.48702973 0.4706902
0.5392743 0.48445767 0.45981959
0.529086 0.46597087 0.4441333
0.5032115 0.43179777 0.41276076
0.53300756 0.46989244 0.44805488
0.53300756 0.46989244 0.44805488
0.5188978 0.44613448 0.43539605
0.48594874 0.42283362 0.40099606
0.5055566 0.4410919 0.4275529
0.523588 0.46742183 0.45108232
0.5353527 0.47918653 0.46284702
0.51966643 0.46350026 0.44716075
0.5118233 0.45565712 0.4393176
0.53769785 0.4898303 0.4706902
0.5259331 0.47806552 0.45892546
0.51574486 0.4595787 0.44323918
0.4898703 0.42540562 0.41186664
0.49379188 0.4293272 0.4157882
0.51574486 0.46092826 0.43629017
0.5173213 0.45420617 0.4323686
0.5149762 0.444912 0.4175765
0.48360363 0.41353944 0.38620394
0.47341534 0.39505264 0.37051767
0.51966643 0.46619934 0.43326277
0.53143114 0.47796404 0.44502747
0.501635 0.4398694 0.40973336
0.5055566 0.44379097 0.41365492
0.5032115 0.43314728 0.4058118
0.50478786 0.4264252 0.40189022
0.4773369 0.3989742 0.37443924
0.46949378 0.39113107 0.3665961
0.47183892 0.40042523 0.38138822
0.49536833 0.42395464 0.40491763
0.4992899 0.4278762 0.4088392
0.50398016 0.44916356 0.42452547
0.5000586 0.445242 0.4206039
0.19620906 0.43304905 0.59233725
0.2040522 0.43954265 0.6071294
0.20089932 0.45163736 0.6219215
0.21658559 0.46732363 0.63760775
0.2283503 0.47908834 0.64937246
0.23069543 0.48973203 0.6572156
0.22911902 0.49510455 0.66808623
0.22911902 0.49510455 0.66808623
0.23304059 0.49902612 0.6720078
0.22911902 0.49510455 0.66808623
0.24246013 0.50014716 0.67592937
0.2463817 0.50271916 0.6867999
0.24480529 0.50944126 0.69072145
0.24480529 0.50944126 0.69072145
0.23930724 0.51224184 0.69072145
0.23538567 0.5083203 0.6867999
0.24322881 0.5161634 0.694643
0.23930724 0.51224184 0.69072145
0.24715038 0.520085 0.6985646
0.2549935 0.5279281 0.7064077
0.25656998 0.52255553 0.6955372
0.2754091 0.5261472 0.6964313
0.27698553 0.5207746 0.68556076
0.28798154 0.516523 0.67861176
0.289558 0.5098009 0.67469025
0.28171486 0.50330734 0.659898
0.2887893 0.49513423 0.64902747
0.30059305 0.47084346 0.605545
0.33754164 0.42595494 0.5333725
0.42078045 0.4175071 0.46174905
0.4568823 0.432762 0.46050984
0.452153 0.45022923 0.48617253
0.35480434 0.43896776 0.5242902
0.34849864 0.46180752 0.5608235
0.43477318 0.54808205 0.64709806
0.514781 0.6197913 0.7216078
0.5571495 0.64691234 0.74603134
0.57914156 0.6370597 0.7390824
0.5509219 0.59359246 0.6929177
0.51954937 0.5622199 0.66154516
0.50147885 0.57329506 0.68631375
0.5265457 0.6275074 0.75421965
0.5649537 0.68946135 0.81607056
0.58690655 0.719713 0.84352154
0.5735654 0.71467036 0.8356784
0.5092439 0.662696 0.75600785
0.44100085 0.6054506 0.6793647
0.448844 0.6132937 0.6872078
0.48179296 0.63794416 0.7146588
0.52258503 0.67043775 0.7499529
0.55161244 0.69116664 0.7734823
0.53592616 0.6741308 0.7647451
0.5320046 0.6702092 0.7608235
0.5202399 0.6584445 0.74905884
0.5045536 0.64275825 0.73337257
0.49436545 0.62427133 0.7176863
0.50613016 0.63468647 0.7364
0.49513406 0.63758856 0.7502981
0.47002825 0.62078124 0.73069024
0.5304673 0.6381767 0.7233961
0.4309686 0.43464446 0.48438436
0.41451374 0.40294188 0.44998434
0.31562775 0.3596479 0.45067447
0.22773774 0.31345192 0.43746662
0.23634963 0.33731127 0.46402356
0.25280458 0.36766422 0.5053726
0.28886732 0.42032418 0.5524314
0.33200458 0.46346143 0.59556866
0.36964384 0.50804967 0.64565486
0.3892517 0.5290071 0.65831375
0.38140854 0.5198144 0.65741956
0.3892517 0.52765757 0.66526276
0.41278112 0.5498374 0.6957411
0.40885955 0.5445663 0.6987686
0.3375027 0.45526266 0.62336475
0.22931415 0.30672982 0.43354505
0.18229441 0.23036319 0.29649416
0.21997267 0.24294461 0.27048624
0.46080387 0.44613042 0.4157882
0.73769784 0.6979276 0.6289961
0.6961371 0.65076727 0.5680393
0.6922155 0.6468457 0.56411767
0.7251644 0.6728457 0.5846196
0.7032115 0.64394367 0.5502196
0.6757605 0.6164927 0.5227686
0.70713305 0.64786524 0.55414116
0.73066247 0.67139465 0.5776706
0.6796821 0.6217638 0.51974124
0.6796821 0.6217638 0.51974124
0.69536835 0.6374501 0.5354275
0.70713305 0.6492148 0.5471922
0.7149762 0.65705794 0.55503535
0.7149762 0.65705794 0.55503535
0.71889776 0.6609795 0.5589569
0.72439575 0.658179 0.5589569
0.68518007 0.6189633 0.51974124
0.71889776 0.662329 0.5520079
0.71263105 0.6477638 0.5402432
0.7322389 0.66737163 0.55985105
0.7322389 0.66737163 0.55985105
0.72439575 0.6595285 0.5520079
0.7204742 0.6569565 0.54113734
0.7047879 0.6412702 0.52545106
0.6985212 0.626705 0.5136863
0.7102859 0.63981926 0.51850194
0.72989374 0.65807754 0.54505885
0.7142075 0.64239126 0.5293726
0.7102859 0.6384697 0.52545106
0.6945996 0.624133 0.50281566
0.6985212 0.62805456 0.50673723
0.7102859 0.63981926 0.51850194
0.70244277 0.6319761 0.5106588
0.7259722 0.65550554 0.5341882
0.70636433 0.6358977 0.51458037
0.6930232 0.6295055 0.5136863
0.72439575 0.6595285 0.5520079
0.7133997 0.6637801 0.5589569
0.7337763 0.6967051 0.6111765
0.73139215 0.7221168 0.6585804
0.63804317 0.6426659 0.59012556
0.57921964 0.5824928 0.538251
0.5556902 0.560313 0.5077726
0.53139216 0.5180682 0.47942746
0.51101553 0.48109463 0.44805488
0.53612137 0.49790195 0.46766275
0.5353527 0.4805361 0.45589802
0.5251644 0.4620493 0.44021174
0.501635 0.4385199 0.41668233
0.529086 0.46597087 0.4441333
0.529086 0.46597087 0.4441333
0.5267409 0.4539776 0.44323918
0.4898703 0.4267552 0.40491763
0.49771345 0.43324876 0.41970977
0.52750957 0.4713434 0.4550039
0.52750957 0.4713434 0.4550039
0.5079017 0.45173556 0.43539605
0.5118233 0.45430756 0.4462667
0.52985466 0.48063752 0.46979612
0.5259331 0.47806552 0.45892546
0.50398016 0.447814 0.43147448
0.48594874 0.42148405 0.40794507
0.48594874 0.42283362 0.40099606
0.49613702 0.44132042 0.41668233
0.523588 0.4687714 0.4441333
0.51105464 0.44099042 0.41365492
0.47968206 0.40961787 0.38228238
0.48125848 0.40289578 0.3783608
0.51574486 0.46227777 0.4293412
0.52750957 0.47404248 0.4411059
0.50947815 0.44771254 0.4175765
0.501635 0.4398694 0.40973336
0.49379188 0.43202627 0.40189022
0.50713307 0.43706885 0.40973336
0.48910162 0.41073892 0.38620394
0.47341534 0.39505264 0.37051767
0.5032115 0.43179777 0.41276076
0.4875252 0.4161115 0.3970745
0.48594874 0.42283362 0.40099606
0.5079017 0.45308512 0.42844704
0.49456054 0.44804254 0.4206039
0.20720504 0.42879754 0.5853882
0.2056286 0.4341701 0.5962589
0.21189533 0.44873533 0.6080235
0.21424043 0.45802948 0.62281567
0.22600514 0.46979418 0.6345804
0.23776984 0.48290843 0.6393961
0.24326788 0.48010787 0.6393961
0.25111103 0.487951 0.6472392
0.25111103 0.487951 0.6472392
0.25268742 0.4825785 0.6363686
0.262107 0.4836995 0.64029014
0.27152658 0.48617005 0.63726276
0.28721285 0.5018563 0.65294904
0.28563643 0.5085784 0.6568706
0.289558 0.51250005 0.6607922
0.29740113 0.5203432 0.6686353
0.32016185 0.52920586 0.666502
0.333503 0.5342485 0.67434514
0.3468441 0.5406406 0.6752392
0.35234213 0.53784007 0.6752392
0.34999695 0.528546 0.66044694
0.36649102 0.5228434 0.64654905
0.35864788 0.5150003 0.6387059
0.3484596 0.49921256 0.60912156
0.34453803 0.495291 0.60520005
0.34219286 0.48599687 0.5904078
0.33592615 0.47143164 0.5786431
0.33281237 0.44612125 0.5451372
0.34150225 0.39517057 0.475098
0.42235687 0.41348416 0.44392937
0.46630186 0.4352326 0.4574824
0.44980785 0.44093513 0.47138035
0.3461925 0.41510835 0.4977333
0.33046728 0.43547755 0.5372941
0.4167418 0.5217521 0.62356865
0.49440444 0.58416724 0.68328625
0.53677297 0.61128825 0.70770985
0.54934543 0.6003146 0.6968393
0.52347094 0.5661415 0.6654667
0.5022866 0.5532558 0.64978045
0.498326 0.5853897 0.7011059
0.53281236 0.64072305 0.7729333
0.56337714 0.694834 0.82694125
0.58140856 0.7225135 0.84352154
0.5563027 0.70705575 0.81696475
0.48021653 0.6433167 0.72552943
0.43158126 0.6043295 0.6754431
0.44726753 0.6200158 0.6911294
0.4723734 0.6368231 0.7107372
0.5249302 0.6810814 0.75779605
0.55161244 0.69116664 0.7734823
0.53984773 0.67940193 0.7617176
0.53592616 0.6741308 0.7647451
0.52416146 0.6623661 0.75298035
0.5100517 0.6399576 0.73337257
0.4904439 0.62034976 0.71376467
0.49828702 0.62684333 0.7285569
0.49905562 0.6428597 0.7472706
0.47002825 0.62078124 0.73069024
0.5383104 0.6446703 0.7381882
0.44273332 0.44640917 0.49614906
0.41451374 0.40294188 0.44998434
0.3234709 0.36749104 0.4585176
0.22223976 0.31625244 0.43746662
0.23242806 0.3333897 0.460102
0.25672615 0.37293535 0.5023451
0.28494576 0.4164026 0.54850984
0.33592615 0.467383 0.5994902
0.37122026 0.50267714 0.63478434
0.3853301 0.5250855 0.6543922
0.3853301 0.5250855 0.6543922
0.39317328 0.53292865 0.6622354
0.4167027 0.553759 0.6996627
0.4065144 0.5339226 0.6909255
0.3218164 0.44092593 0.60072935
0.24188665 0.30115435 0.39487848
0.42550975 0.40948674 0.38744318
0.7039802 0.65726084 0.58283144
0.6781056 0.62443733 0.5445099
0.701635 0.64796674 0.5680393
0.70947814 0.65715945 0.5689333
0.69379187 0.6428227 0.546298
0.68202716 0.631058 0.5345333
0.701635 0.6506658 0.55414116
0.7032115 0.64394367 0.5502196
0.68360364 0.6243358 0.53061175
0.6914468 0.63352853 0.53150594
0.7110546 0.6531364 0.5511138
0.74634874 0.6884305 0.5864079
0.7228193 0.6649011 0.5628785
0.7149762 0.65705794 0.55503535
0.7267409 0.66882265 0.56680006
0.7228193 0.6649011 0.5628785
0.6875252 0.62960696 0.5275844
0.7110546 0.6531364 0.5511138
0.7032115 0.64529324 0.54327065
0.73458403 0.6780153 0.5676942
0.7424272 0.6858584 0.5755373
0.73616046 0.67264277 0.5568236
0.7047879 0.6412702 0.52545106
0.70086634 0.63734865 0.52152944
0.7204742 0.6569565 0.54113734
0.73616046 0.67264277 0.5568236
0.7259722 0.65550554 0.5341882
0.7142075 0.64374083 0.5224235
0.7040191 0.62525403 0.50673723
0.6922544 0.61348933 0.49497253
0.68833286 0.60956776 0.49105096
0.70636433 0.6358977 0.51458037
0.70636433 0.6358977 0.51458037
0.71812904 0.6476624 0.5263451
0.6867565 0.61628985 0.49497253
0.70244277 0.6319761 0.5106588
0.7259722 0.65550554 0.5341882
0.6985212 0.62805456 0.50673723
0.7197054 0.6409403 0.5224235
0.71578383 0.63701874 0.51850194
0.69067806 0.6202114 0.4988941
0.7102859 0.6384697 0.52545106
0.70244277 0.63062656 0.5176079
0.72593313 0.69021153 0.5963843
0.723549 0.71562326 0.6437882
0.6168589 0.6297802 0.5744393
0.56195694 0.57352865 0.5264863
0.5556902 0.5589634 0.5147216
0.5376588 0.5326335 0.49119216
0.5149371 0.4850162 0.45197645
0.49456054 0.44804254 0.4206039
0.523588 0.4687714 0.4441333
0.51966643 0.46484983 0.44021174
0.501635 0.43717033 0.42363134
0.48594874 0.42283362 0.40099606
0.5000586 0.44389242 0.4275529
0.51966643 0.46350026 0.44716075
0.51966643 0.46350026 0.44716075
0.50398016 0.44646442 0.43842357
0.51574486 0.45822912 0.45018828
0.5259331 0.47671595 0.46587455
0.5259331 0.47671595 0.46587455
0.50947815 0.44501346 0.43147448
0.48594874 0.42283362 0.40099606
0.4898703 0.4267552 0.40491763
0.4882939 0.43347728 0.4088392
0.52750957 0.47269297 0.44805488
0.5055566 0.44379097 0.41365492
0.48360363 0.41353944 0.38620394
0.47968206 0.40961787 0.38228238
0.51574486 0.46092826 0.43629017
0.51966643 0.46484983 0.44021174
0.49771345 0.43594784 0.4058118
0.4781056 0.41634 0.38620394
0.5133997 0.4516341 0.42149806
0.5173213 0.45555568 0.42541963
0.48360363 0.41353944 0.38620394
0.46791735 0.39650366 0.37746665
0.51105464 0.4396409 0.4206039
0.4781056 0.41499048 0.39315292
0.49221545 0.43739885 0.41276076
0.4984821 0.45061454 0.43147448
0.5008272 0.46125826 0.4393176
0.22685193 0.41234988 0.549749
0.2307735 0.41627145 0.5536705
0.24096176 0.43475828 0.5693568
0.2582245 0.445072 0.57417244
0.2699892 0.4568367 0.58593714
0.27783233 0.46467984 0.5937803
0.28567547 0.4738725 0.59467447
0.295095 0.47499356 0.59859604
0.30293813 0.4828367 0.6064392
0.30059305 0.47354254 0.5916471
0.2943263 0.46032688 0.5729333
0.30532235 0.4560753 0.56598437
0.3249302 0.47568315 0.58559215
0.3366949 0.48744786 0.5973569
0.3366949 0.48744786 0.5973569
0.3366949 0.48744786 0.5973569
0.34611443 0.48991844 0.59432936
0.3727968 0.50135314 0.6030666
0.3727968 0.5027027 0.5961176
0.37829477 0.4999022 0.5961176
0.3798712 0.4945296 0.58524704
0.37360454 0.47996435 0.57348233
0.36183983 0.46819964 0.5617176
0.34615356 0.45251337 0.54603136
0.34849864 0.46315706 0.5538745
0.3406555 0.45531392 0.54603136
0.34457707 0.4592355 0.5499529
0.3398868 0.43929768 0.5273177
0.35092187 0.39764112 0.47207063
0.42785484 0.41203314 0.43698043
0.46630186 0.43658218 0.4505333
0.4553058 0.43948412 0.4644314
0.32816115 0.3887784 0.47420388
0.28498486 0.38169664 0.4863137
0.35949466 0.45620644 0.5608235
0.4371573 0.5186216 0.62054116
0.50463176 0.56389946 0.6576236
0.51170623 0.55572635 0.64675295
0.4999415 0.5426121 0.6419373
0.48894548 0.5468636 0.6488863
0.48498487 0.5789976 0.70021176
0.52339286 0.639602 0.76901174
0.5539576 0.6950625 0.81607056
0.5657223 0.7068272 0.82783526
0.52885175 0.68095434 0.7825647
0.44726753 0.6213653 0.68418044
0.4221617 0.6032085 0.67152154
0.43000484 0.6110516 0.6793647
0.46687537 0.63962364 0.7107372
0.5249302 0.6810814 0.75779605
0.555534 0.69373864 0.7843529
0.53984773 0.67805237 0.7686666
0.53984773 0.67805237 0.7686666
0.53592616 0.6741308 0.7647451
0.5163183 0.65452296 0.7451372
0.48886734 0.627072 0.7176863
0.48494577 0.62180084 0.72071373
0.50689876 0.65070283 0.7551137
0.47002825 0.62078124 0.73069024
0.5383104 0.6446703 0.7381882
0.43881175 0.4424876 0.4922275
0.41216856 0.3936478 0.43519214
0.32112575 0.35819694 0.44372547
0.22381617 0.31087992 0.42659605
0.23242806 0.3333897 0.460102
0.2606477 0.37685692 0.50626665
0.28494576 0.4164026 0.54850984
0.32023987 0.45169672 0.58380395
0.355534 0.4883404 0.612149
0.37514183 0.5065987 0.6387059
0.37748697 0.5172424 0.64654905
0.3853301 0.5250855 0.6543922
0.42612225 0.5562296 0.6966353
0.4135889 0.527099 0.6731059
0.3909453 0.42086616 0.4539059
0.72435665 0.6915354 0.62810194
0.7039802 0.65726084 0.58283144
0.69771343 0.64539474 0.5571686
0.69379187 0.6414732 0.55324703
0.6781056 0.6257869 0.53756076
0.68202716 0.631058 0.5345333
0.7055566 0.6545874 0.55806273
0.7055566 0.6545874 0.55806273
0.6859487 0.63497955 0.5384549
0.69379187 0.6428227 0.546298
0.7369291 0.68595994 0.5894353
0.729086 0.6781168 0.58159214
0.70713305 0.64786524 0.55414116
0.6992899 0.64137167 0.5393491
0.7032115 0.64529324 0.54327065
0.69536835 0.6374501 0.5354275
0.6914468 0.63352853 0.53150594
0.71889776 0.6609795 0.5589569
0.7110546 0.6531364 0.5511138
0.7385056 0.68058735 0.57856476
0.73458403 0.6780153 0.5676942
0.7165526 0.65168536 0.5441648
0.6930232 0.6295055 0.5136863
0.6969448 0.6334271 0.5176079
0.72439575 0.66087806 0.54505885
0.7204742 0.6569565 0.54113734
0.7165526 0.6530349 0.5372157
0.7047879 0.6412702 0.52545106
0.6945996 0.6227834 0.5097648
0.70244277 0.6319761 0.5106588
0.7079407 0.6291756 0.5106588
0.696176 0.6174109 0.4988941
0.696176 0.6174109 0.4988941
0.68833286 0.60956776 0.49105096
0.6985212 0.62805456 0.50673723
0.7142075 0.64374083 0.5224235
0.70636433 0.6358977 0.51458037
0.6945996 0.624133 0.50281566
0.7040191 0.62525403 0.50673723
0.7079407 0.6291756 0.5106588
0.7079407 0.6291756 0.5106588
0.7079407 0.6305252 0.5037098
0.7095172 0.6238031 0.49978822
0.7055956 0.6198815 0.49586666
0.70009756 0.62268203 0.49586666
0.70244277 0.6333257 0.5037098
0.6985212 0.62805456 0.50673723
0.69536835 0.6387996 0.5284785
0.7502312 0.72840756 0.64557654
0.6866784 0.68435216 0.6263138
0.5831412 0.58776397 0.5352236
0.5658785 0.5774502 0.53040785
0.5556902 0.5589634 0.5147216
0.5258941 0.5208688 0.47942746
0.51651347 0.4782941 0.44805488
0.50947815 0.44636303 0.42452547
0.48594874 0.42283362 0.40099606
0.49613702 0.43997085 0.42363134
0.51808995 0.47022238 0.45108232
0.5118233 0.45565712 0.4393176
0.50398016 0.44646442 0.43842357
0.5141684 0.46495125 0.45410985
0.51808995 0.46887282 0.45803142
0.5220115 0.47279438 0.46195298
0.4882939 0.4321277 0.4157882
0.49379188 0.4293272 0.4157882
0.49771345 0.43459833 0.41276076
0.4882939 0.43347728 0.4088392
0.52750957 0.47269297 0.44805488
0.51105464 0.4396409 0.4206039
0.4757605 0.4056963 0.3783608
0.49144676 0.42003307 0.40099606
0.523588 0.4687714 0.4441333
0.51574486 0.46092826 0.43629017
0.49379188 0.43067676 0.4088392
0.47418404 0.41106892 0.38923135
0.50947815 0.44636303 0.42452547
0.5251644 0.4633988 0.43326277
0.49144676 0.42003307 0.40099606
0.46791735 0.39650366 0.37746665
0.4875252 0.4161115 0.3970745
0.48202717 0.41891205 0.3970745
0.49456054 0.44669297 0.4275529
0.49690565 0.4573367 0.43539605
0.5125919 0.47302297 0.45108232
0.23946348 0.36801985 0.4697333
0.25907132 0.3876277 0.48934114
0.26691446 0.39547083 0.49718428
0.28417712 0.40443498 0.508949
0.29202026 0.41362768 0.5098431
0.30378497 0.4253924 0.5216078
0.30378497 0.4253924 0.5216078
0.31554967 0.4371571 0.5333725
0.31554967 0.4385066 0.5264235
0.31320453 0.42786294 0.5185804
0.30928296 0.4252909 0.50770986
0.3053614 0.42136934 0.5037883
0.3171261 0.43313405 0.515553
0.33281237 0.44882032 0.5312393
0.32496923 0.43962765 0.5303451
0.32496923 0.43962765 0.5303451
0.32104766 0.43570608 0.5264235
0.33281237 0.44747078 0.5381882
0.35007513 0.45778447 0.543004
0.34772995 0.4471408 0.53516084
0.34380838 0.44321924 0.5312393
0.3398868 0.43929768 0.5273177
0.3398868 0.43929768 0.5273177
0.342232 0.4485918 0.5421098
0.34849864 0.46315706 0.5538745
0.35634178 0.46965066 0.56866664
0.36418492 0.4774938 0.5765098
0.35949466 0.45755598 0.5538745
0.35326695 0.40693527 0.48686272
0.4200117 0.40553957 0.42218828
0.46787825 0.43120962 0.43966272
0.45296073 0.43019 0.44963926
0.31954932 0.36626858 0.4406981
0.24265534 0.31717056 0.4135922
0.2975573 0.37207252 0.46849415
0.3712984 0.42921653 0.5312393
0.42543167 0.4694518 0.5604784
0.4623022 0.49802384 0.59185094
0.46699247 0.5193112 0.60753727
0.448922 0.5303863 0.63230586
0.45595747 0.5582687 0.67668235
0.49436545 0.6188731 0.7454823
0.5320046 0.664811 0.7886196
0.52258503 0.66503954 0.77774906
0.4723734 0.634124 0.7246353
0.40255386 0.58495015 0.64496475
0.4088205 0.59951544 0.65672946
0.42450678 0.6138522 0.6793647
0.46137738 0.64242417 0.7107372
0.5210086 0.67715985 0.7538745
0.54769087 0.6872451 0.76956075
0.53592616 0.6741308 0.7647451
0.54769087 0.6858955 0.77650976
0.5437693 0.68197393 0.77258825
0.5202399 0.6584445 0.74905884
0.5022086 0.63211447 0.72552943
0.49436545 0.62292176 0.7246353
0.5108203 0.6546244 0.7590353
0.4621851 0.6129381 0.7228471
0.5500751 0.656435 0.7499529
0.44823143 0.4449581 0.48920003
0.408247 0.3910758 0.42432153
0.33054528 0.36201707 0.43374905
0.23323572 0.3133505 0.4235686
0.23400447 0.3266676 0.45618042
0.2426163 0.35187653 0.47578827
0.28025556 0.39646477 0.5258745
0.3100517 0.43455943 0.5611686
0.3398477 0.47265413 0.5964627
0.36337712 0.49618354 0.61999214
0.37514183 0.5065987 0.6387059
0.3908281 0.52363455 0.6474431
0.44969076 0.54775214 0.64407057
0.62943137 0.6161074 0.57746667
0.6945606 0.65613985 0.5789099
0.68829393 0.64292413 0.56019616
0.68202716 0.62970847 0.5414823
0.69379187 0.6414732 0.55324703
0.701635 0.6493163 0.5610902
0.701635 0.6493163 0.5610902
0.6859487 0.63497955 0.5384549
0.6859487 0.63497955 0.5384549
0.7133997 0.6624305 0.56590587
0.7173213 0.6663521 0.56982744
0.69771343 0.64674425 0.5502196
0.7055566 0.6545874 0.55806273
0.72124285 0.67027366 0.573749
0.69771343 0.6480938 0.54327065
0.7110546 0.6531364 0.5511138
0.7228193 0.6649011 0.5628785
0.70713305 0.6492148 0.5471922
0.73066247 0.6727442 0.5707216
0.74634874 0.6884305 0.5864079
0.71889776 0.662329 0.5520079
0.7047879 0.63992065 0.5324001
0.71263105 0.64911336 0.5332942
0.7165526 0.6530349 0.5372157
0.7087095 0.6451918 0.5293726
0.6969448 0.6334271 0.5176079
0.70244277 0.63062656 0.5176079
0.69067806 0.61886185 0.50584316
0.6985212 0.626705 0.5136863
0.7142075 0.64239126 0.5293726
0.6945996 0.624133 0.50281566
0.6828349 0.6110187 0.49800006
0.6828349 0.6123683 0.49105096
0.69067806 0.6202114 0.4988941
0.70636433 0.6358977 0.51458037
0.70244277 0.63062656 0.5176079
0.7102859 0.6384697 0.52545106
0.7142075 0.64374083 0.5224235
0.70009756 0.62133247 0.50281566
0.7079407 0.6291756 0.5106588
0.696176 0.6174109 0.4988941
0.7040191 0.62525403 0.50673723
0.6844113 0.60699576 0.48018038
0.6977525 0.6120384 0.48802352
0.70167404 0.61595994 0.4919451
0.7212819 0.6355678 0.51155293
0.7040191 0.6279531 0.49283928
0.723627 0.64756095 0.5124471
0.723627 0.64756095 0.5124471
0.6804897 0.6044237 0.46930987
0.6985212 0.6294041 0.49978822
0.7259722 0.65550554 0.5341882
0.73535275 0.692682 0.59335685
0.7274706 0.7195448 0.6477098
0.6050942 0.61801547 0.5626746
0.5776432 0.5905645 0.5352236
0.5698001 0.5813718 0.5343294
0.54550195 0.5404766 0.4990353
0.4757214 0.44445094 0.41970977
0.49690565 0.4573367 0.43539605
0.51808995 0.47022238 0.45108232
0.5079017 0.45173556 0.43539605
0.50398016 0.44646442 0.43842357
0.5141684 0.46495125 0.45410985
0.5259331 0.47671595 0.46587455
0.5220115 0.47279438 0.46195298
0.49613702 0.43997085 0.42363134
0.49379188 0.4293272 0.4157882
0.49221545 0.43739885 0.41276076
0.4882939 0.43347728 0.4088392
0.5353527 0.4805361 0.45589802
0.5055566 0.44244146 0.4206039
0.4757605 0.4056963 0.3783608
0.48360363 0.41218993 0.39315292
0.51966643 0.46350026 0.44716075
0.5118233 0.45565712 0.4393176
0.5055566 0.4410919 0.4275529
0.49379188 0.43067676 0.4088392
0.48202717 0.41891205 0.3970745
0.49613702 0.44132042 0.41668233
0.501635 0.4385199 0.41668233
0.4781056 0.41364092 0.40010193
0.48045075 0.42428458 0.40794507
0.48437232 0.42820615 0.41186664
0.50632524 0.45845768 0.4393176
0.5008272 0.46125826 0.4393176
0.51101553 0.47974506 0.4550039
0.23950244 0.3333139 0.40753722
0.2551887 0.3490002 0.4232235
0.26303184 0.3581929 0.42411762
0.27479655 0.3699576 0.43588233
0.28263968 0.37780073 0.44372547
0.28656125 0.38037273 0.45459604
0.28890643 0.38966686 0.46938828
0.292828 0.39358842 0.47330984
0.30693787 0.4159968 0.4929177
0.3030163 0.41207522 0.48899612
0.29517317 0.40558162 0.47420388
0.29751825 0.4162253 0.48204702
0.30928296 0.42799002 0.49381173
0.3288908 0.44624832 0.52036864
0.32496923 0.4409772 0.52339613
0.3288908 0.44354922 0.53426665
0.3406555 0.45531392 0.54603136
0.3524202 0.46707863 0.55779606
0.35634178 0.4710002 0.5617176
0.36026335 0.47357222 0.5725882
0.36418492 0.4774938 0.5765098
0.36026335 0.47357222 0.5725882
0.37202805 0.48533693 0.5843529
0.36418492 0.4774938 0.5765098
0.3508438 0.4724512 0.56866664
0.34692222 0.46718007 0.5716941
0.31947124 0.4397291 0.5442431
0.31401223 0.40377507 0.5028941
0.298365 0.35338286 0.4250118
0.3964823 0.38201016 0.39865887
0.46395668 0.4286376 0.42879212
0.45845872 0.42873904 0.44269016
0.31720418 0.35832402 0.41895685
0.20893762 0.27650392 0.3674275
0.23246703 0.30003333 0.3909569
0.29994148 0.34396163 0.4349882
0.35641986 0.3921415 0.4859686
0.40347868 0.4392003 0.5330274
0.40659252 0.46586022 0.5595843
0.39636517 0.48477846 0.59219605
0.38379276 0.49440253 0.61001563
0.41985565 0.5457129 0.6640236
0.44965166 0.58380765 0.6993177
0.43238896 0.57619303 0.6806039
0.38217732 0.546627 0.62054116
0.3578401 0.548535 0.6057491
0.39313424 0.58382916 0.6410432
0.41666365 0.60600907 0.67152154
0.4574558 0.6385026 0.70681566
0.5092439 0.66539514 0.7421098
0.5320046 0.6715588 0.7538745
0.5375027 0.66875815 0.7538745
0.53592616 0.6741308 0.7647451
0.53592616 0.6741308 0.7647451
0.5202399 0.6584445 0.74905884
0.5022086 0.63346404 0.71858037
0.48652232 0.6164282 0.70984316
0.5029772 0.64678127 0.75119215
0.4504204 0.6011734 0.7110824
0.542232 0.6485919 0.7421098
0.44823143 0.4449581 0.48920003
0.40982348 0.38570318 0.41345102
0.33604333 0.36056605 0.42679998
0.21597303 0.30438632 0.4118039
0.2300829 0.32409558 0.44530976
0.25203592 0.35299754 0.47970983
0.2661457 0.37540594 0.49931768
0.2998634 0.4160726 0.54548234
0.32573798 0.4502457 0.5768549
0.34769085 0.4818468 0.5973569
0.37671837 0.50392514 0.6139372
0.45838064 0.5035491 0.5392863
0.67337626 0.63920546 0.5840706
0.67495275 0.636532 0.55930203
0.68829393 0.64292413 0.56019616
0.7039802 0.6586104 0.57588243
0.7055566 0.6532379 0.56501174
0.6781056 0.6257869 0.53756076
0.67026246 0.61794376 0.5297176
0.6859487 0.63497955 0.5384549
0.7032115 0.64394367 0.5502196
0.68202716 0.631058 0.5345333
0.6781056 0.6271364 0.53061175
0.69379187 0.6428227 0.546298
0.6898703 0.6389011 0.54237646
0.70947814 0.65850896 0.5619843
0.72124285 0.67162323 0.56680006
0.7228193 0.6649011 0.5628785
0.73066247 0.6727442 0.5707216
0.73066247 0.6727442 0.5707216
0.7149762 0.65840745 0.54808635
0.6969448 0.6320775 0.52455693
0.6992899 0.6427212 0.5324001
0.7087095 0.6438422 0.53632164
0.6969448 0.6320775 0.52455693
0.6930232 0.6295055 0.5136863
0.6969448 0.6334271 0.5176079
0.7047879 0.6412702 0.52545106
0.71263105 0.64911336 0.5332942
0.70086634 0.63734865 0.52152944
0.70244277 0.63062656 0.5176079
0.70636433 0.6345481 0.52152944
0.70244277 0.63062656 0.5176079
0.7220506 0.6502344 0.5372157
0.7102859 0.6384697 0.52545106
0.70244277 0.63062656 0.5176079
0.70244277 0.63062656 0.5176079
0.6985212 0.626705 0.5136863
0.7142075 0.64239126 0.5293726
0.6985212 0.626705 0.5136863
0.6945996 0.6227834 0.5097648
0.7142075 0.64239126 0.5293726
0.7079407 0.6291756 0.5106588
0.7197054 0.6409403 0.5224235
0.7314701 0.652705 0.5341882
0.71343875 0.62772465 0.5037098
0.6977525 0.6120384 0.48802352
0.70167404 0.61595994 0.4919451
0.6977525 0.6133879 0.48107457
0.68833286 0.6109173 0.48410195
0.71578383 0.6383683 0.51155293
0.73931324 0.6618977 0.53508234
0.7432348 0.6671688 0.53205496
0.73931324 0.6632472 0.5281334
0.72754854 0.6514825 0.5163687
0.7095172 0.6238031 0.49978822
0.6922544 0.6148389 0.48802352
0.71263105 0.6477638 0.5402432
0.73454493 0.7113718 0.6368392
0.63804317 0.64401543 0.5831765
0.57372165 0.5866429 0.53130203
0.5776432 0.5892149 0.54217255
0.5541138 0.5656855 0.51864314
0.5298157 0.52344084 0.49029803
0.48906252 0.44949356 0.4275529
0.5024037 0.4545361 0.43539605
0.5141684 0.46495125 0.45410985
0.5243566 0.4834381 0.46979612
0.5220115 0.47279438 0.46195298
0.49771345 0.43324876 0.41970977
0.48437232 0.42820615 0.41186664
0.49221545 0.43739885 0.41276076
0.49221545 0.43739885 0.41276076
0.52750957 0.47269297 0.44805488
0.501635 0.4385199 0.41668233
0.47183892 0.40042523 0.38138822
0.47026247 0.40714735 0.3853098
0.51966643 0.46350026 0.44716075
0.51574486 0.4595787 0.44323918
0.5000586 0.44389242 0.4275529
0.5055566 0.4410919 0.4275529
0.48437232 0.42820615 0.41186664
0.50398016 0.447814 0.43147448
0.5118233 0.45565712 0.4393176
0.48437232 0.42820615 0.41186664
0.4882939 0.4321277 0.4157882
0.48437232 0.42820615 0.41186664
0.50474876 0.46517983 0.44323918
0.49690565 0.45598713 0.44234514
0.5031724 0.47190192 0.44716075
0.24500042 0.3332125 0.39363927
0.26460826 0.35416988 0.40629807
0.2724514 0.362013 0.4141412
0.28813767 0.3776993 0.42982748
0.2959808 0.38554242 0.43767062
0.29832596 0.39483654 0.4524628
0.30067113 0.4027811 0.47420388
0.3030163 0.41207522 0.48899612
0.30693787 0.4159968 0.4929177
0.31320453 0.43056205 0.50468236
0.31085944 0.4212679 0.48989016
0.314781 0.42518947 0.49381173
0.31870258 0.42911103 0.4977333
0.31320453 0.4319116 0.4977333
0.32104766 0.4384052 0.5125255
0.3171261 0.43313405 0.515553
0.30770653 0.43066347 0.5185804
0.31947124 0.44242817 0.5303451
0.32731438 0.4489218 0.5451372
0.3233928 0.44500023 0.54121566
0.3233928 0.44500023 0.54121566
0.32731438 0.44757223 0.55208623
0.3233928 0.44500023 0.54121566
0.30378497 0.4253924 0.5216078
0.28417712 0.40578455 0.502
0.276334 0.3979414 0.49415684
0.25672615 0.37833357 0.474549
0.25911027 0.35022265 0.44104317
0.27641207 0.32313132 0.39756083
0.3964823 0.3806606 0.40560788
0.4757214 0.43905276 0.44750586
0.46630186 0.43658218 0.4505333
0.3282002 0.35407245 0.4120078
0.20659253 0.2672098 0.35263526
0.2222788 0.28289604 0.36832154
0.28033364 0.32570335 0.40843135
0.30543947 0.34251067 0.4280392
0.34857672 0.38429835 0.47812545
0.3226631 0.38887984 0.488102
0.29674956 0.39346135 0.4980784
0.29359668 0.40555602 0.51287055
0.3100517 0.4372585 0.54727054
0.328083 0.4635885 0.57079995
0.31866345 0.46516657 0.55298036
0.30532235 0.46282303 0.5312393
0.32412246 0.50786835 0.5595843
0.3578401 0.548535 0.6057491
0.3852911 0.5746365 0.640149
0.43707928 0.601529 0.6754431
0.4912125 0.6390652 0.71858037
0.5022086 0.63346404 0.71858037
0.525738 0.65699345 0.7421098
0.52181643 0.6517223 0.7451372
0.4927889 0.63099355 0.7216078
0.49828702 0.6281929 0.7216078
0.49202028 0.61497724 0.7028941
0.48025557 0.60321254 0.6911294
0.49671048 0.63356555 0.73247844
0.4402321 0.5826866 0.6953961
0.542232 0.6485919 0.7421098
0.44588628 0.435664 0.47440782
0.4059019 0.3817816 0.40952945
0.33212176 0.35664448 0.4228784
0.22696906 0.2987852 0.4118039
0.2183182 0.31233087 0.43354505
0.23792604 0.3319387 0.4531529
0.25595748 0.3569191 0.4836314
0.2779104 0.38717064 0.5110824
0.3116281 0.4305364 0.54334897
0.34849864 0.46180752 0.5608235
0.53450596 0.5406795 0.5268314
0.68906254 0.6562413 0.5928078
0.70005864 0.65333927 0.5789099
0.6922155 0.6468457 0.56411767
0.6765292 0.6311594 0.5484314
0.67260766 0.6285874 0.53756076
0.6961371 0.65211684 0.5610902
0.69379187 0.6414732 0.55324703
0.6898703 0.6389011 0.54237646
0.69771343 0.64674425 0.5502196
0.701635 0.6506658 0.55414116
0.6859487 0.63497955 0.5384549
0.701635 0.6520154 0.5471922
0.701635 0.6520154 0.5471922
0.69771343 0.6480938 0.54327065
0.701635 0.6520154 0.5471922
0.7228193 0.6649011 0.5628785
0.6875252 0.6309565 0.52063537
0.68910164 0.6242344 0.5167138
0.6969448 0.6320775 0.52455693
0.7047879 0.63992065 0.5324001
0.7047879 0.63992065 0.5324001
0.7165526 0.65168536 0.5441648
0.7087095 0.6438422 0.53632164
0.7047879 0.6412702 0.52545106
0.68910164 0.62558395 0.5097648
0.6930232 0.6295055 0.5136863
0.70086634 0.63734865 0.52152944
0.6969448 0.6334271 0.5176079
0.70244277 0.63062656 0.5176079
0.70636433 0.6345481 0.52152944
0.69067806 0.61886185 0.50584316
0.6867565 0.6149403 0.50192165
0.70244277 0.63062656 0.5176079
0.67891335 0.60709715 0.4940785
0.67891335 0.60709715 0.4940785
0.70636433 0.6345481 0.52152944
0.72989374 0.65807754 0.54505885
0.72989374 0.65807754 0.54505885
0.7259722 0.65415597 0.54113734
0.7338153 0.6619991 0.5489805
0.73931324 0.6591986 0.5489805
0.71186227 0.6330972 0.51458037
0.70009756 0.62133247 0.50281566
0.6977525 0.6120384 0.48802352
0.7095172 0.6238031 0.49978822
0.68990934 0.60419524 0.48018038
0.6820662 0.5963521 0.47233725
0.7212819 0.6355678 0.51155293
0.7173603 0.6316462 0.50763136
0.72520345 0.64083886 0.50852555
0.71186227 0.63579625 0.5006824
0.70167404 0.61730945 0.48499614
0.71343875 0.62907416 0.49676085
0.7095172 0.6251526 0.49283928
0.7095172 0.6251526 0.49283928
0.6977525 0.6133879 0.48107457
0.6820662 0.5977016 0.4653883
0.6844113 0.60699576 0.48018038
0.71889776 0.6636786 0.54505885
0.73454493 0.7127213 0.62989026
0.66549414 0.6714664 0.61062753
0.57372165 0.5866429 0.53130203
0.5698001 0.5813718 0.5343294
0.56195694 0.57217914 0.5334353
0.5353137 0.52064025 0.49029803
0.4976744 0.47335288 0.45410985
0.5149371 0.48231706 0.46587455
0.5259331 0.47671595 0.46587455
0.4882939 0.4321277 0.4157882
0.4898703 0.42540562 0.41186664
0.49221545 0.43739885 0.41276076
0.5000586 0.445242 0.4206039
0.5079017 0.45308512 0.42844704
0.49379188 0.43067676 0.4088392
0.47968206 0.40826836 0.38923135
0.4781056 0.41499048 0.39315292
0.51574486 0.4595787 0.44323918
0.50398016 0.447814 0.43147448
0.5079017 0.45173556 0.43539605
0.49613702 0.43997085 0.42363134
0.49613702 0.43997085 0.42363134
0.5079017 0.45173556 0.43539605
0.5118233 0.45565712 0.4393176
0.48437232 0.42820615 0.41186664
0.48437232 0.42820615 0.41186664
0.49063897 0.4427714 0.42363134
0.5102468 0.46102968 0.45018828
0.48906252 0.448144 0.434502
0.50709397 0.47447392 0.45803142
0.2465769 0.32918948 0.3758196
0.2606867 0.35159788 0.39542744
0.26460826 0.35551944 0.399349
0.27637297 0.36728415 0.4111137
0.27087498 0.3687351 0.41806278
0.28263968 0.37915027 0.43677652
0.2810633 0.38452283 0.44764704
0.2794869 0.38989535 0.4585176
0.28733003 0.3977385 0.46636075
0.2912516 0.40300962 0.4633333
0.28733003 0.39908805 0.45941174
0.2794869 0.39124492 0.4515686
0.27164376 0.38340178 0.44372547
0.254381 0.37443763 0.43196076
0.254381 0.37308806 0.43890977
0.25045943 0.36781695 0.4419373
0.24103987 0.36534637 0.44496474
0.24888301 0.37183994 0.45975685
0.25280458 0.3757615 0.46367842
0.24888301 0.37183994 0.45975685
0.24496144 0.36791837 0.45583528
0.23319674 0.35615367 0.44407058
0.2253536 0.34831053 0.43622744
0.2253536 0.34831053 0.43622744
0.2135889 0.33654583 0.42446274
0.20966733 0.33262426 0.42054117
0.23869473 0.35470268 0.4371216
0.24969074 0.3491016 0.4371216
0.27641207 0.32448086 0.3906118
0.37687445 0.36105275 0.38600004
0.4482704 0.41160178 0.42005488
0.45611355 0.41809538 0.43484703
0.33919615 0.34982094 0.4050588
0.20424737 0.25791568 0.33784312
0.21601208 0.26968038 0.34960783
0.20816894 0.26183724 0.3417647
0.23327482 0.27864453 0.36137253
0.24503952 0.29040924 0.37313724
0.23873377 0.31459856 0.4027216
0.21205147 0.3018143 0.40093333
0.22223976 0.31895155 0.4235686
0.23792604 0.33463782 0.43925488
0.2402712 0.34663102 0.440149
0.23869473 0.35470268 0.4371216
0.25122818 0.38518274 0.453702
0.27237338 0.43952215 0.49683926
0.31393415 0.48938155 0.54389805
0.35630274 0.5138034 0.58221966
0.40259284 0.54349655 0.6175138
0.4528046 0.57711107 0.65672946
0.46064773 0.5836047 0.67152154
0.4880987 0.6110557 0.6989725
0.45672616 0.5796831 0.6676
0.3861379 0.50909483 0.59701174
0.3916359 0.5076439 0.5900628
0.41124377 0.5272517 0.60967064
0.4167418 0.5244512 0.60967064
0.45672616 0.57833356 0.674549
0.42612225 0.5629773 0.6618902
0.53988683 0.6392977 0.7273177
0.44980785 0.43958557 0.4783294
0.40198034 0.37786004 0.40560788
0.33369815 0.3499224 0.41895685
0.22070232 0.28691906 0.3861412
0.22539258 0.30415782 0.42267448
0.22381617 0.31087992 0.42659605
0.23792604 0.33328828 0.4462039
0.27322015 0.3685824 0.481498
0.31166708 0.3958305 0.48115298
0.56826264 0.5466402 0.5108
0.6945606 0.65479034 0.5858588
0.6788743 0.63910407 0.57017255
0.68437237 0.637653 0.5632236
0.68829393 0.64292413 0.56019616
0.6961371 0.65076727 0.5680393
0.68437237 0.63900256 0.55627453
0.68437237 0.64035213 0.54932547
0.6859487 0.63363004 0.5454039
0.69379187 0.6428227 0.546298
0.6898703 0.6389011 0.54237646
0.69771343 0.64674425 0.5502196
0.69771343 0.6480938 0.54327065
0.6992899 0.64137167 0.5393491
0.7032115 0.64529324 0.54327065
0.6992899 0.6427212 0.5324001
0.68360364 0.6270349 0.5167138
0.6875252 0.6309565 0.52063537
0.7032115 0.64664274 0.53632164
0.6969448 0.6320775 0.52455693
0.6969448 0.6320775 0.52455693
0.6812585 0.61639124 0.50887066
0.6694938 0.60462654 0.49710596
0.6812585 0.61639124 0.50887066
0.6812585 0.61639124 0.50887066
0.6930232 0.62815595 0.52063537
0.70086634 0.6359991 0.5284785
0.6969448 0.6320775 0.52455693
0.68910164 0.62558395 0.5097648
0.6930232 0.6295055 0.5136863
0.68518007 0.6216624 0.50584316
0.6930232 0.6295055 0.5136863
0.7142075 0.64239126 0.5293726
0.7087095 0.6451918 0.5293726
0.7165526 0.6530349 0.5372157
0.71812904 0.64631283 0.5332942
0.7259722 0.65415597 0.54113734
0.70244277 0.63062656 0.5176079
0.6945996 0.6227834 0.5097648
0.7259722 0.65415597 0.54113734
0.7220506 0.6502344 0.5372157
0.70636433 0.6358977 0.51458037
0.696176 0.6174109 0.4988941
0.6608819 0.5821168 0.46359998
0.67656815 0.59780306 0.47928625
0.71186227 0.6330972 0.51458037
0.71578383 0.6383683 0.51155293
0.7330466 0.6473325 0.52331764
0.7055956 0.6198815 0.49586666
0.6859878 0.6016232 0.46930987
0.70167404 0.61730945 0.48499614
0.6977525 0.6133879 0.48107457
0.6977525 0.6133879 0.48107457
0.6977525 0.6133879 0.48107457
0.6820662 0.5990512 0.4584393
0.68990934 0.60554475 0.47323143
0.70167404 0.61730945 0.48499614
0.7212819 0.63826686 0.49765497
0.7173603 0.6343453 0.4937334
0.7150152 0.6237016 0.48589027
0.7212819 0.6369173 0.504604
0.7173603 0.6329957 0.5006824
0.72439575 0.66087806 0.54505885
0.7321998 0.7034272 0.6150981
0.657651 0.66227376 0.6097334
0.5658785 0.5774502 0.53040785
0.5698001 0.5813718 0.5343294
0.56195694 0.57352865 0.5264863
0.52274126 0.53296345 0.4942196
0.51728225 0.4943103 0.4667686
0.48437232 0.4295557 0.40491763
0.47418404 0.41106892 0.38923135
0.47026247 0.40714735 0.3853098
0.5000586 0.44389242 0.4275529
0.50398016 0.447814 0.43147448
0.4898703 0.42540562 0.41186664
0.47418404 0.41106892 0.38923135
0.4781056 0.41499048 0.39315292
0.50398016 0.447814 0.43147448
0.5000586 0.44389242 0.4275529
0.523588 0.46742183 0.45108232
0.48045075 0.42428458 0.40794507
0.49221545 0.43604928 0.41970977
0.50632524 0.45845768 0.4393176
0.5141684 0.46630082 0.44716075
0.48437232 0.42820615 0.41186664
0.4749527 0.42573556 0.41489416
0.49456054 0.4453434 0.434502
0.50474876 0.46383026 0.45018828
0.48356453 0.4509445 0.434502
0.4992508 0.4666308 0.45018828
0.28271776 0.30568972 0.33323136
0.28114137 0.31106225 0.344102
0.28740802 0.3269771 0.34891763
0.28740802 0.32562754 0.3558667
0.28583163 0.3310001 0.3667373
0.29367477 0.33884323 0.37458044
0.2897532 0.33357212 0.37760782
0.2842552 0.3350231 0.38455683
0.27875715 0.33782366 0.38455683
0.2866003 0.3456668 0.39239997
0.29209834 0.34421578 0.38545096
0.2842552 0.3350231 0.38455683
0.2724905 0.3232584 0.37279212
0.25522774 0.31429425 0.36102742
0.25130618 0.31037268 0.35710585
0.24972978 0.31574523 0.36797646
0.2481533 0.3211178 0.3788471
0.259918 0.33153296 0.39756083
0.25676513 0.34362766 0.41235292
0.25676513 0.34362766 0.41235292
0.24892199 0.33578452 0.40450978
0.24892199 0.33578452 0.40450978
0.22147101 0.30833355 0.3770588
0.23089063 0.31080407 0.37403142
0.23715729 0.32401982 0.39274508
0.23323572 0.32009825 0.3888235
0.22931415 0.31617668 0.38490194
0.24423173 0.31449714 0.3888235
0.27014536 0.3112652 0.37189803
0.35334504 0.33617383 0.36941957
0.4231646 0.39209536 0.41434515
0.4231646 0.3907458 0.42129415
0.3297766 0.3486999 0.40113723
0.22308652 0.26150724 0.3387373
0.21366698 0.2603862 0.33481574
0.22308652 0.26150724 0.3387373
0.23485123 0.27327198 0.350502
0.22151011 0.2668798 0.34960783
0.22777678 0.2814451 0.36137253
0.2222788 0.28289604 0.36832154
0.2222788 0.28289604 0.36832154
0.2222788 0.28289604 0.36832154
0.22070232 0.28961816 0.3722431
0.22696906 0.3068825 0.37010986
0.23558088 0.33209145 0.3897177
0.24653786 0.3665945 0.42411762
0.28183198 0.40053904 0.46636075
0.31085944 0.4212679 0.48989016
0.34538478 0.43919626 0.51341957
0.38460046 0.47841194 0.55263525
0.3924436 0.48490554 0.56742746
0.3924436 0.48490554 0.56742746
0.35088277 0.43639573 0.51341957
0.28894547 0.35091227 0.4280392
0.26541606 0.32738286 0.40450978
0.27718076 0.33914757 0.4162745
0.2834474 0.35236326 0.4349882
0.3469612 0.43112463 0.51644707
0.38460046 0.4770624 0.5595843
0.46933764 0.5313044 0.60843134
0.42785484 0.40933406 0.4508784
0.3941372 0.3686674 0.4047137
0.32900783 0.33133414 0.38937253
0.23327482 0.27729496 0.36832154
0.22620037 0.28546807 0.3791922
0.24188665 0.29980478 0.40182748
0.2481533 0.31437004 0.4135922
0.2842552 0.332324 0.39845493
0.56983906 0.5412677 0.4999295
0.6710312 0.63126093 0.5623294
0.6945606 0.65479034 0.5858588
0.6922155 0.64549613 0.57106674
0.68829393 0.64157456 0.56714517
0.68829393 0.64157456 0.56714517
0.6922155 0.6468457 0.56411767
0.6922155 0.6468457 0.56411767
0.68437237 0.64035213 0.54932547
0.69379187 0.6428227 0.546298
0.69379187 0.6428227 0.546298
0.701635 0.6506658 0.55414116
0.701635 0.6520154 0.5471922
0.701635 0.6520154 0.5471922
0.6914468 0.63487804 0.52455693
0.6796821 0.62311333 0.5127922
0.6796821 0.62311333 0.5127922
0.6812585 0.61639124 0.50887066
0.68910164 0.6242344 0.5167138
0.6694938 0.60462654 0.49710596
0.6655722 0.60070497 0.4931844
0.67733693 0.6124697 0.5049491
0.68910164 0.6242344 0.5167138
0.68910164 0.6242344 0.5167138
0.68910164 0.6242344 0.5167138
0.6930232 0.62815595 0.52063537
0.6930232 0.62815595 0.52063537
0.68518007 0.6203128 0.5127922
0.67733693 0.6124697 0.5049491
0.6812585 0.61639124 0.50887066
0.6969448 0.6320775 0.52455693
0.7047879 0.6412702 0.52545106
0.71812904 0.64631283 0.5332942
0.6945996 0.6227834 0.5097648
0.6945996 0.6227834 0.5097648
0.70636433 0.6345481 0.52152944
0.70636433 0.6345481 0.52152944
0.7047879 0.6412702 0.52545106
0.7142075 0.64239126 0.5293726
0.6985212 0.626705 0.5136863
0.69067806 0.61886185 0.50584316
0.70636433 0.6345481 0.52152944
0.70244277 0.63062656 0.5176079
0.71578383 0.63701874 0.51850194
0.7040191 0.62525403 0.50673723
0.70009756 0.62268203 0.49586666
0.70009756 0.62268203 0.49586666
0.696176 0.61876047 0.4919451
0.68990934 0.60419524 0.48018038
0.7095172 0.6238031 0.49978822
0.7055956 0.6198815 0.49586666
0.6938309 0.6094663 0.477153
0.6859878 0.6016232 0.46930987
0.6820662 0.5977016 0.4653883
0.6859878 0.6016232 0.46930987
0.71343875 0.6304237 0.48981184
0.70325047 0.6119369 0.47412556
0.71343875 0.6304237 0.48981184
0.71343875 0.6304237 0.48981184
0.7330466 0.65003157 0.5094197
0.7212819 0.63826686 0.49765497
0.7228583 0.6328943 0.48678437
0.7267799 0.6368158 0.49070594
0.70717204 0.617208 0.4710981
0.70717204 0.61585844 0.47804713
0.70009756 0.62268203 0.49586666
0.7165135 0.6877409 0.59941185
0.652153 0.6650743 0.6097334
0.5580354 0.5696071 0.5225647
0.5658785 0.5774502 0.53040785
0.55253726 0.57240766 0.5225647
0.54550195 0.5404766 0.4990353
0.5024037 0.45588568 0.42844704
0.45926642 0.41274843 0.3853098
0.51574486 0.4595787 0.44323918
0.49456054 0.44669297 0.4275529
0.4898703 0.42540562 0.41186664
0.47026247 0.40579778 0.3922588
0.48202717 0.41756248 0.4040235
0.49221545 0.43604928 0.41970977
0.49613702 0.43997085 0.42363134
0.523588 0.46742183 0.45108232
0.49613702 0.43997085 0.42363134
0.5024037 0.4545361 0.43539605
0.5024037 0.4545361 0.43539605
0.49456054 0.44669297 0.4275529
0.47887427 0.42965713 0.41881573
0.4984821 0.44926497 0.43842357
0.47103113 0.421814 0.4109726
0.49690565 0.45598713 0.44234514
0.49532923 0.46270922 0.4462667
0.5031724 0.46920282 0.46105886
0.33612135 0.2911542 0.30240783
0.34004292 0.29507577 0.3063294
0.3439645 0.29899734 0.31025097
0.3502312 0.31356257 0.32201567
0.3368901 0.30851996 0.31417254
0.3384665 0.30044833 0.31719998
0.34081167 0.30974242 0.3319922
0.3368901 0.30447128 0.33501965
0.34081167 0.30839285 0.33894122
0.35257638 0.32015756 0.35070592
0.3604195 0.3280007 0.35854906
0.3486548 0.31488648 0.3537333
0.33531368 0.30984387 0.34589016
0.32981563 0.31264442 0.34589016
0.32589406 0.3073733 0.34891763
0.3203961 0.3101738 0.34891763
0.32981563 0.31129485 0.3528392
0.32431766 0.3127458 0.35978827
0.32823923 0.31666738 0.36370984
0.32274124 0.3194679 0.36370984
0.3321608 0.32058895 0.3676314
0.31724313 0.32226852 0.36370984
0.31881967 0.31554633 0.35978827
0.3211647 0.32484055 0.37458044
0.32274124 0.31811836 0.37065887
0.3148981 0.3089257 0.3697647
0.33450595 0.32853353 0.38937253
0.34627065 0.34029824 0.40113723
0.33058438 0.3259615 0.378502
0.33608237 0.3245105 0.37155297
0.35334504 0.3334747 0.38331768
0.36118817 0.3399683 0.39810985
0.33058438 0.3259615 0.378502
0.3148981 0.3089257 0.3697647
0.31724313 0.3182199 0.38455683
0.3148981 0.30757615 0.3767137
0.31724313 0.31687036 0.39150587
0.29213732 0.30006304 0.37189803
0.29213732 0.30006304 0.37189803
0.2960589 0.3039846 0.3758196
0.29213732 0.30006304 0.37189803
0.29998046 0.30925572 0.37279212
0.29998046 0.30925572 0.37279212
0.3094 0.30902722 0.38366273
0.31174517 0.32102042 0.38455683
0.3195883 0.3302131 0.38545096
0.31016874 0.32909206 0.3815294
0.331353 0.34062827 0.40416467
0.3431177 0.35239297 0.41592938
0.35096085 0.35888657 0.43072155
0.3415413 0.35776553 0.42679998
0.3431177 0.35104343 0.4228784
0.33685097 0.33782774 0.40416467
0.32274124 0.31676883 0.37760782
0.3086314 0.29571 0.35105103
0.3086314 0.29571 0.35105103
0.30705497 0.3024321 0.3549726
0.33450595 0.32853353 0.38937253
0.34234908 0.33637667 0.39721566
0.3439255 0.3310041 0.38634515
0.3337372 0.31386685 0.36370984
0.32747054 0.30065116 0.34499606
0.31805092 0.29683104 0.3549726
0.2913687 0.28539628 0.34623528
0.29529026 0.28931785 0.35015684
0.2913687 0.28539628 0.34623528
0.29529026 0.29471606 0.32236075
0.61455274 0.58038193 0.5252471
0.67495275 0.6351825 0.566251
0.67495275 0.6351825 0.566251
0.690639 0.6522183 0.5749883
0.7039802 0.65726084 0.58283144
0.71182334 0.66645354 0.5837256
0.70005864 0.65468884 0.5719608
0.68829393 0.64292413 0.56019616
0.7039802 0.65996 0.5689333
0.70947814 0.65715945 0.5689333
0.69771343 0.64674425 0.5502196
0.6914468 0.63352853 0.53150594
0.6875252 0.62960696 0.5275844
0.6796821 0.6217638 0.51974124
0.6757605 0.61784226 0.51581967
0.6875252 0.6309565 0.52063537
0.6812585 0.61639124 0.50887066
0.6694938 0.60462654 0.49710596
0.6812585 0.61639124 0.50887066
0.68518007 0.6203128 0.5127922
0.6930232 0.62815595 0.52063537
0.68518007 0.6189633 0.51974124
0.6930232 0.62680644 0.5275844
0.6812585 0.61639124 0.50887066
0.67733693 0.6124697 0.5049491
0.6694938 0.60462654 0.49710596
0.68518007 0.6203128 0.5127922
0.6930232 0.62815595 0.52063537
0.6969448 0.6320775 0.52455693
0.70244277 0.629277 0.52455693
0.70244277 0.629277 0.52455693
0.6945996 0.62143385 0.5167138
0.6945996 0.62143385 0.5167138
0.6945996 0.6227834 0.5097648
0.70086634 0.63734865 0.52152944
0.68910164 0.62558395 0.5097648
0.6828349 0.6110187 0.49800006
0.6930232 0.6295055 0.5136863
0.7165526 0.6530349 0.5372157
0.7259722 0.65415597 0.54113734
0.7142075 0.64239126 0.5293726
0.7142075 0.64239126 0.5293726
0.7102859 0.6384697 0.52545106
0.71578383 0.63701874 0.51850194
0.71186227 0.6330972 0.51458037
0.70009756 0.62133247 0.50281566
0.7040191 0.62525403 0.50673723
0.70009756 0.62268203 0.49586666
0.7040191 0.6266036 0.49978822
0.6859878 0.60027367 0.4762588
0.6859878 0.60027367 0.4762588
0.6820662 0.5977016 0.4653883
0.6977525 0.6120384 0.48802352
0.71578383 0.6383683 0.51155293
0.7197054 0.6436394 0.50852555
0.7095172 0.6251526 0.49283928
0.7095172 0.62650216 0.48589027
0.71343875 0.6304237 0.48981184
0.7330466 0.65003157 0.5094197
0.72520345 0.64218843 0.50157654
0.7095172 0.62650216 0.48589027
0.71893674 0.6276232 0.48981184
0.7110936 0.6211295 0.47501966
0.69540733 0.60544324 0.4593334
0.7110936 0.6211295 0.47501966
0.70874846 0.61048585 0.46717653
0.70325047 0.6132864 0.46717653
0.7110936 0.61978006 0.4819687
0.7142075 0.64239126 0.5293726
0.73454493 0.7127213 0.62989026
0.64823145 0.6611527 0.60581183
0.5486157 0.5684861 0.51864314
0.56822354 0.58809394 0.538251
0.55645883 0.5749797 0.5334353
0.5298157 0.52344084 0.49029803
0.5039411 0.48926768 0.45892546
0.48906252 0.44949356 0.4275529
0.47652918 0.420363 0.4040235
0.47652918 0.420363 0.4040235
0.46868604 0.41251987 0.39618036
0.49221545 0.43604928 0.41970977
0.4882939 0.4321277 0.4157882
0.5102468 0.46237925 0.44323918
0.49063897 0.4427714 0.42363134
0.5102468 0.46237925 0.44323918
0.4984821 0.45061454 0.43147448
0.50632524 0.4571081 0.4462667
0.5024037 0.45318654 0.44234514
0.5024037 0.45318654 0.44234514
0.47337624 0.43245772 0.41881573
0.4929841 0.45206556 0.43842357
0.5031724 0.47055236 0.45410985
0.4992508 0.46528125 0.4571373
0.32201153 0.27144486 0.268902
0.34711742 0.2869026 0.2954588
0.35496056 0.29474574 0.30330193
0.35496056 0.29609528 0.29635298
0.34554094 0.29362473 0.29938036
0.34161937 0.28970316 0.2954588
0.33062336 0.29395473 0.30240783
0.3384665 0.30044833 0.31719998
0.3384665 0.30044833 0.31719998
0.34238806 0.30302033 0.32807064
0.34630963 0.3069419 0.3319922
0.35415277 0.31343547 0.34678435
0.32904696 0.29662815 0.3271765
0.33296853 0.2992002 0.33804703
0.3368901 0.30312178 0.3419686
0.3368901 0.30312178 0.3419686
0.32904696 0.29527864 0.33412546
0.32904696 0.29527864 0.33412546
0.32747054 0.30200073 0.33804703
0.32354897 0.2967296 0.3410745
0.33531368 0.3084943 0.3528392
0.33531368 0.3084943 0.3528392
0.32589406 0.3073733 0.34891763
0.32589406 0.30602372 0.3558667
0.3219725 0.30210215 0.35194513
0.32589406 0.30467418 0.36281574
0.3337372 0.31251732 0.37065887
0.32981563 0.3099453 0.35978827
0.32589406 0.30602372 0.3558667
0.32589406 0.30602372 0.3558667
0.33923525 0.3110663 0.36370984
0.33923525 0.3110663 0.36370984
0.32981563 0.3099453 0.35978827
0.32431766 0.31139627 0.3667373
0.3203961 0.3074747 0.36281574
0.31647453 0.30355313 0.35889417
0.3148981 0.3089257 0.3697647
0.30705497 0.299733 0.36887056
0.31097654 0.30365458 0.37279212
0.31097654 0.30365458 0.37279212
0.29921183 0.29188988 0.36102742
0.30705497 0.299733 0.36887056
0.3203961 0.30477563 0.3767137
0.3086314 0.29436046 0.35799998
0.31255296 0.29828203 0.36192155
0.30470982 0.29178843 0.34712946
0.32589406 0.30467418 0.36281574
0.3219725 0.3007526 0.35889417
0.3337372 0.31251732 0.37065887
0.32589406 0.30332464 0.3697647
0.31647453 0.30355313 0.35889417
0.31412935 0.29290947 0.35105103
0.31805092 0.29683104 0.3549726
0.31412935 0.294259 0.344102
0.31570584 0.28888646 0.33323136
0.30628622 0.28641587 0.33625886
0.3078627 0.28104332 0.32538822
0.31178427 0.28361532 0.33625886
0.3196274 0.29145846 0.344102
0.31570584 0.2875369 0.34018043
0.3196274 0.29280803 0.33715293
0.3078627 0.28104332 0.32538822
0.31178427 0.2849649 0.3293098
0.30394113 0.27712175 0.32146665
0.30001956 0.27320018 0.3175451
0.30551755 0.27579787 0.289749
0.5596508 0.52548 0.47034517
0.6710312 0.63126093 0.5623294
0.690639 0.6522183 0.5749883
0.68671745 0.6482967 0.57106674
0.6804508 0.6337314 0.55930203
0.67495275 0.6378816 0.552353
0.70005864 0.65468884 0.5719608
0.68829393 0.6442737 0.55324703
0.6898703 0.6375516 0.54932547
0.69771343 0.64539474 0.5571686
0.6757605 0.6164927 0.5227686
0.6796821 0.62041426 0.5266902
0.6875252 0.62960696 0.5275844
0.6679174 0.6099991 0.50797653
0.67183894 0.6139207 0.5118981
0.68518007 0.6189633 0.51974124
0.68360364 0.6256854 0.5236628
0.67733693 0.6124697 0.5049491
0.6812585 0.61639124 0.50887066
0.6812585 0.61639124 0.50887066
0.6812585 0.61639124 0.50887066
0.68518007 0.6189633 0.51974124
0.6694938 0.603277 0.50405496
0.6969448 0.6320775 0.52455693
0.7047879 0.63992065 0.5324001
0.6969448 0.6320775 0.52455693
0.6969448 0.6320775 0.52455693
0.6985212 0.6253554 0.52063537
0.6655722 0.60070497 0.4931844
0.65538394 0.58221817 0.4774981
0.6710702 0.59790444 0.4931844
0.6828349 0.60966915 0.5049491
0.6985212 0.626705 0.5136863
0.6577291 0.5942114 0.4783922
0.6694938 0.6059761 0.49015692
0.7283173 0.66479963 0.5489805
0.73616046 0.67264277 0.5568236
0.7165526 0.6530349 0.5372157
0.71812904 0.64631283 0.5332942
0.7102859 0.6384697 0.52545106
0.70009756 0.6199829 0.5097648
0.7079407 0.6291756 0.5106588
0.7040191 0.62525403 0.50673723
0.7079407 0.6291756 0.5106588
0.6922544 0.61348933 0.49497253
0.696176 0.6174109 0.4988941
0.696176 0.6174109 0.4988941
0.6726466 0.59523106 0.46841568
0.66480345 0.5873879 0.46057254
0.6569603 0.5795448 0.4527294
0.70009756 0.62268203 0.49586666
0.71578383 0.6383683 0.51155293
0.7197054 0.6422899 0.5154745
0.7079407 0.6305252 0.5037098
0.7197054 0.6436394 0.50852555
0.723627 0.64756095 0.5124471
0.7314701 0.6554041 0.52029026
0.729125 0.64476043 0.5124471
0.71343875 0.62907416 0.49676085
0.7095172 0.62650216 0.48589027
0.7055956 0.6225806 0.4819687
0.7055956 0.621231 0.4889177
0.7055956 0.6225806 0.4819687
0.70325047 0.6119369 0.47412556
0.70325047 0.6132864 0.46717653
0.7048269 0.6065643 0.46325496
0.69698375 0.59872115 0.45541182
0.7110936 0.6211295 0.47501966
0.7165916 0.618329 0.47501966
0.70325047 0.6132864 0.46717653
0.70167404 0.618659 0.47804713
0.6969448 0.6320775 0.52455693
0.7274706 0.71819526 0.65465885
0.6074392 0.6273096 0.57746667
0.5446941 0.563215 0.5216706
0.5431177 0.56993717 0.52559215
0.53919613 0.5660156 0.5216706
0.5243177 0.52624136 0.49029803
0.4867174 0.43884984 0.41970977
0.48437232 0.42820615 0.41186664
0.48045075 0.42428458 0.40794507
0.4882939 0.4321277 0.4157882
0.48045075 0.42428458 0.40794507
0.50632524 0.4571081 0.4462667
0.49456054 0.4453434 0.434502
0.5141684 0.46495125 0.45410985
0.5024037 0.45318654 0.44234514
0.51651347 0.47559497 0.46195298
0.49690565 0.45598713 0.44234514
0.49456054 0.4453434 0.434502
0.48121938 0.44030085 0.42665887
0.47337624 0.43245772 0.41881573
0.5031724 0.47055236 0.45410985
0.4859097 0.46023864 0.44929415
0.32201153 0.27009532 0.27585095
0.32435665 0.28073904 0.2836941
0.32985467 0.27793846 0.2836941
0.33219978 0.28858218 0.29153723
0.3267018 0.2913827 0.29153723
0.3267018 0.29003316 0.29848626
0.3251254 0.29540572 0.30935684
0.32904696 0.29932728 0.3132784
0.33296853 0.30189928 0.32414907
0.32904696 0.29797772 0.3202275
0.33531368 0.31119338 0.33894122
0.32747054 0.30335024 0.33109808
0.3078627 0.2837424 0.31149024
0.31020778 0.29303658 0.32628232
0.30628622 0.289115 0.32236075
0.30628622 0.289115 0.32236075
0.31412935 0.29695815 0.3302039
0.31020778 0.29303658 0.32628232
0.30470982 0.29448754 0.33323136
0.30470982 0.29448754 0.33323136
0.31647453 0.30490267 0.35194513
0.3086314 0.29705954 0.344102
0.29921183 0.2959385 0.34018043
0.29529026 0.29066738 0.3432079
0.3148981 0.31027523 0.36281574
0.3031334 0.29851052 0.35105103
0.29371372 0.29738957 0.34712946
0.30705497 0.3024321 0.3549726
0.3148981 0.31027523 0.36281574
0.3337372 0.31386685 0.36370984
0.33923525 0.31241587 0.35676077
0.3219725 0.30345172 0.34499606
0.3219725 0.30210215 0.35194513
0.3148981 0.3089257 0.3697647
0.28979215 0.29211846 0.35015684
0.29371372 0.29604003 0.3540784
0.28821576 0.297491 0.36102742
0.28037262 0.28964788 0.35318428
0.28037262 0.28964788 0.35318428
0.27645105 0.2857263 0.3492627
0.28037262 0.28964788 0.35318428
0.28037262 0.28964788 0.35318428
0.28037262 0.28964788 0.35318428
0.281949 0.28427532 0.3423137
0.27802745 0.28035375 0.33839214
0.27802745 0.2817033 0.3314432
0.3031334 0.29851052 0.35105103
0.30470982 0.29178843 0.34712946
0.3086314 0.29571 0.35105103
0.29921183 0.29458895 0.34712946
0.30470982 0.29178843 0.34712946
0.2968667 0.2839453 0.33928633
0.30470982 0.29313797 0.34018043
0.30628622 0.28641587 0.33625886
0.2968667 0.28529483 0.3323373
0.29294512 0.28137326 0.32841572
0.28902355 0.2774517 0.32449415
0.2945215 0.27465117 0.32449415
0.2945215 0.27465117 0.32449415
0.30001956 0.27320018 0.3175451
0.301596 0.26782766 0.30667448
0.301596 0.26782766 0.30667448
0.29767442 0.2639061 0.3027529
0.29217643 0.26535705 0.30970195
0.28825486 0.26548412 0.2849334
0.5831802 0.5476598 0.5008236
0.6553449 0.61692417 0.5396942
0.6671096 0.6286889 0.5514589
0.67495275 0.636532 0.55930203
0.6827959 0.64437515 0.56714517
0.6961371 0.65076727 0.5680393
0.68829393 0.64292413 0.56019616
0.68437237 0.64035213 0.54932547
0.68202716 0.62970847 0.5414823
0.67183894 0.6125711 0.51884705
0.6757605 0.6164927 0.5227686
0.6679174 0.60864955 0.5149255
0.6639958 0.604728 0.5110039
0.6757605 0.6164927 0.5227686
0.68360364 0.6256854 0.5236628
0.6694938 0.603277 0.50405496
0.67733693 0.61112016 0.5118981
0.68518007 0.6189633 0.51974124
0.68910164 0.6242344 0.5167138
0.67341536 0.6085481 0.5010275
0.68518007 0.6203128 0.5127922
0.67341536 0.6085481 0.5010275
0.6930232 0.62815595 0.52063537
0.6969448 0.6320775 0.52455693
0.68518007 0.6203128 0.5127922
0.6969448 0.6320775 0.52455693
0.6828349 0.60966915 0.5049491
0.65538394 0.58221817 0.4774981
0.6655722 0.60070497 0.4931844
0.7087095 0.6438422 0.53632164
0.70086634 0.6359991 0.5284785
0.6812585 0.61639124 0.50887066
0.6538075 0.58894026 0.48141968
0.6985212 0.6253554 0.52063537
0.7338153 0.66064954 0.5559295
0.7165526 0.6530349 0.5372157
0.6969448 0.6320775 0.52455693
0.6930232 0.6295055 0.5136863
0.6985212 0.626705 0.5136863
0.7142075 0.64239126 0.5293726
0.7102859 0.6384697 0.52545106
0.70244277 0.6319761 0.5106588
0.6804897 0.6017246 0.48320782
0.668725 0.5899599 0.47144312
0.6569603 0.5781952 0.4596784
0.68833286 0.60956776 0.49105096
0.7102859 0.63981926 0.51850194
0.7377369 0.66727024 0.5459529
0.7495016 0.67903495 0.5577176
0.7432348 0.6658193 0.5390039
0.72754854 0.650133 0.52331764
0.72754854 0.650133 0.52331764
0.7353917 0.65797615 0.5311608
0.71578383 0.6383683 0.51155293
0.72754854 0.650133 0.52331764
0.71578383 0.6383683 0.51155293
0.70009756 0.62403154 0.4889177
0.70009756 0.62403154 0.4889177
0.7055956 0.621231 0.4889177
0.7095172 0.6251526 0.49283928
0.72520345 0.64083886 0.50852555
0.7408897 0.65652514 0.5242118
0.7330466 0.648682 0.5163687
0.73696816 0.65395314 0.51334125
0.7267799 0.63546634 0.49765497
0.71893674 0.6276232 0.48981184
0.7228583 0.6328943 0.48678437
0.73070145 0.6407374 0.4946275
0.72443473 0.6261721 0.4828628
0.73227787 0.63401526 0.49070594
0.72443473 0.6275217 0.4759137
0.72051316 0.62225056 0.47894123
0.7165916 0.618329 0.47501966
0.70167404 0.61730945 0.48499614
0.7047879 0.63857114 0.5393491
0.71255296 0.71852523 0.65768635
0.5760667 0.5959371 0.5460941
0.5486157 0.5671366 0.52559215
0.5470393 0.57385874 0.5295137
0.5423491 0.5525713 0.51382744
0.51962745 0.504954 0.47461176
0.47887427 0.4310067 0.41186664
0.4867174 0.43884984 0.41970977
0.4749527 0.42708513 0.40794507
0.49690565 0.45598713 0.44234514
0.49690565 0.45598713 0.44234514
0.49690565 0.45598713 0.44234514
0.49690565 0.45598713 0.44234514
0.50867033 0.46775183 0.45410985
0.48121938 0.4389513 0.43360788
0.46945468 0.42853615 0.41489416
0.4929841 0.45206556 0.43842357
0.4757214 0.44310138 0.42665887
0.49140766 0.45878765 0.44234514
0.49532923 0.46270922 0.4462667
0.26080388 0.24208178 0.23663527
0.26864702 0.24992493 0.24447842
0.26472545 0.24600336 0.24055685
0.26314896 0.25272548 0.24447842
0.2709921 0.26056862 0.25232154
0.2709921 0.25921908 0.25927058
0.26157257 0.2567485 0.26229802
0.257651 0.25282693 0.25837645
0.24823146 0.25035632 0.26140398
0.2348902 0.24531378 0.2535608
0.22704706 0.23612109 0.2526667
0.22154908 0.23892161 0.2526667
0.21762751 0.2336505 0.2556941
0.20820796 0.23252946 0.25177252
0.20820796 0.23117991 0.25872153
0.21212953 0.23510148 0.2626431
0.21212953 0.23375192 0.2695922
0.21212953 0.23375192 0.2695922
0.2160511 0.23632394 0.28046277
0.2144747 0.24304605 0.28438434
0.21055312 0.23777494 0.28741175
0.21055312 0.23777494 0.28741175
0.2011335 0.23530439 0.2904392
0.19171396 0.23283379 0.29346663
0.21993364 0.27630103 0.3396314
0.26307088 0.31808874 0.3897177
0.26464736 0.31271616 0.3788471
0.2638786 0.2980495 0.35318428
0.28663933 0.3042131 0.364949
0.3148981 0.31162477 0.3558667
0.34707838 0.32160857 0.35765487
0.38394892 0.3515301 0.38207847
0.3823725 0.3569027 0.392949
0.28271776 0.30164108 0.3540784
0.21993364 0.2749515 0.34658045
0.18856108 0.24357891 0.31520787
0.18071795 0.23573577 0.30736473
0.19405912 0.24077836 0.31520787
0.19013755 0.23685679 0.3112863
0.19171396 0.23148423 0.30041572
0.19171396 0.23283379 0.29346663
0.19563553 0.23675536 0.2973882
0.1995571 0.24067692 0.30130976
0.19171396 0.23418334 0.28651762
0.2011335 0.23530439 0.2904392
0.2011335 0.23530439 0.2904392
0.20505507 0.23922595 0.29436076
0.21289821 0.24841864 0.2952549
0.22466293 0.26018336 0.3070196
0.23408255 0.26130435 0.31094116
0.24900007 0.2609744 0.30791378
0.24900007 0.2609744 0.30791378
0.25449803 0.25952342 0.30096474
0.2584196 0.263445 0.3048863
0.25449803 0.25952342 0.30096474
0.25292164 0.26759508 0.29793724
0.25057647 0.25695142 0.2900941
0.24273334 0.24910828 0.28225097
0.23881176 0.2451867 0.27832937
0.24354112 0.22636989 0.25961566
0.3165135 0.27154636 0.2828
0.3745684 0.3143536 0.32290977
0.32904696 0.29932728 0.3132784
0.24354112 0.22771943 0.2526667
0.47964296 0.4510716 0.40973336
0.66318804 0.6234178 0.5544863
0.66084296 0.6141236 0.5396942
0.6922155 0.6468457 0.56411767
0.67260766 0.62723786 0.5445099
0.66084296 0.61547315 0.5327451
0.674184 0.62051576 0.54058826
0.6781056 0.6257869 0.53756076
0.674184 0.62186533 0.5336392
0.6796821 0.61906475 0.5336392
0.6679174 0.60864955 0.5149255
0.6796821 0.62041426 0.5266902
0.6875252 0.6282574 0.5345333
0.6679174 0.60864955 0.5149255
0.6522311 0.5929633 0.4992392
0.66007423 0.6008064 0.50708234
0.68360364 0.6256854 0.5236628
0.68360364 0.6256854 0.5236628
0.6812585 0.61504173 0.51581967
0.68910164 0.6242344 0.5167138
0.6812585 0.61639124 0.50887066
0.6930232 0.62815595 0.52063537
0.6812585 0.61639124 0.50887066
0.6749918 0.601826 0.49710596
0.6632271 0.5900613 0.48534125
0.6710702 0.59790444 0.4931844
0.6828349 0.60966915 0.5049491
0.67733693 0.6124697 0.5049491
0.6867565 0.6135907 0.50887066
0.6710702 0.59790444 0.4931844
0.6577291 0.59286183 0.48534125
0.68518007 0.6203128 0.5127922
0.7283173 0.66345006 0.5559295
0.7087095 0.6438422 0.53632164
0.70086634 0.6359991 0.5284785
0.70086634 0.6359991 0.5284785
0.6930232 0.62815595 0.52063537
0.6969448 0.6320775 0.52455693
0.7102859 0.6384697 0.52545106
0.7142075 0.64239126 0.5293726
0.6867565 0.6149403 0.50192165
0.65538394 0.5849173 0.46359998
0.67656815 0.59780306 0.47928625
0.7079407 0.6291756 0.5106588
0.7353917 0.6566266 0.5381098
0.7353917 0.6566266 0.5381098
0.7102859 0.63981926 0.51850194
0.7220506 0.65158397 0.53026664
0.72989374 0.6594271 0.5381098
0.7377369 0.66727024 0.5459529
0.7432348 0.6644697 0.5459529
0.7432348 0.6658193 0.5390039
0.7197054 0.6422899 0.5154745
0.6922544 0.6148389 0.48802352
0.6844113 0.60699576 0.48018038
0.7079407 0.6305252 0.5037098
0.7079407 0.6305252 0.5037098
0.71578383 0.6397178 0.504604
0.7197054 0.6436394 0.50852555
0.7330466 0.648682 0.5163687
0.7330466 0.648682 0.5163687
0.73696816 0.65260357 0.52029026
0.729125 0.64476043 0.5124471
0.7055956 0.6225806 0.4819687
0.71893674 0.6276232 0.48981184
0.73070145 0.63938785 0.50157654
0.7228583 0.6328943 0.48678437
0.734623 0.6446589 0.49854907
0.73227787 0.63401526 0.49070594
0.71267 0.6144074 0.4710981
0.6891406 0.590878 0.44756868
0.6773759 0.5804629 0.42885488
0.67345434 0.5765413 0.4249333
0.6695328 0.57261974 0.42101175
0.6695328 0.57127017 0.42796084
0.6891406 0.590878 0.44756868
0.6804897 0.6030742 0.4762588
0.7204351 0.6903129 0.6102824
0.681949 0.7018194 0.65197647
0.5431177 0.56993717 0.52559215
0.53919613 0.56466603 0.52861965
0.53527457 0.56074446 0.5246981
0.5329294 0.55010074 0.51685494
0.49609798 0.47872543 0.46498042
0.48121938 0.44030085 0.42665887
0.49690565 0.45598713 0.44234514
0.50867033 0.46775183 0.45410985
0.48121938 0.44030085 0.42665887
0.5008272 0.45855916 0.45321572
0.50474876 0.46248072 0.4571373
0.5008272 0.45855916 0.45321572
0.48121938 0.4389513 0.43360788
0.48514095 0.44287288 0.43752944
0.4874861 0.45486608 0.43842357
0.4874861 0.45486608 0.43842357
0.4874861 0.45486608 0.43842357
0.31178427 0.29711083 0.2667686
0.32354897 0.30752596 0.2854824
0.32354897 0.30752596 0.2854824
0.32747054 0.310098 0.29635298
0.3313921 0.31401956 0.30027455
0.3219725 0.31289855 0.29635298
0.32981563 0.32074168 0.30419612
0.3203961 0.3182711 0.3072235
0.31097654 0.31580052 0.31025097
0.281949 0.29372218 0.29367056
0.24115694 0.25987902 0.26532555
0.22389424 0.24956527 0.26050985
0.22389424 0.24956527 0.26050985
0.23565896 0.25998047 0.2792235
0.2278158 0.2521373 0.27138036
0.23173739 0.25470933 0.28225097
0.22389424 0.24686618 0.2744078
0.23173739 0.25470933 0.28225097
0.22231783 0.25223872 0.28527847
0.2144747 0.24439558 0.27743533
0.20505507 0.24192503 0.28046277
0.20505507 0.2405755 0.28741175
0.20347866 0.2472976 0.29133332
0.2591493 0.31686628 0.37189803
0.27875715 0.33512455 0.39845493
0.2732592 0.33792508 0.39845493
0.29209834 0.3415167 0.399349
0.30859235 0.33581415 0.38545096
0.31174517 0.32506904 0.36370984
0.31647453 0.3076018 0.33804703
0.42081943 0.38280126 0.3995529
0.45534486 0.4020791 0.4161333
0.424741 0.38537326 0.41042358
0.30624717 0.3251705 0.37760782
0.21443567 0.277752 0.34658045
0.19640422 0.25142205 0.323051
0.20424737 0.25926518 0.33089417
0.18856108 0.24357891 0.31520787
0.17679638 0.2318142 0.30344316
0.18229441 0.23036319 0.29649416
0.18229441 0.23036319 0.29649416
0.17287481 0.22924219 0.2925726
0.18621598 0.23563433 0.29346663
0.18621598 0.23563433 0.29346663
0.18621598 0.23563433 0.29346663
0.19013755 0.2395559 0.2973882
0.19405912 0.24347746 0.30130976
0.20582382 0.2565917 0.30612546
0.20347866 0.24594805 0.29828233
0.22700809 0.2694775 0.32181174
0.22623941 0.25481075 0.29614908
0.2435021 0.26512447 0.30096474
0.2450785 0.25840238 0.29704317
0.2450785 0.25840238 0.29704317
0.2450785 0.25840238 0.29704317
0.25292164 0.26759508 0.29793724
0.2450785 0.25975195 0.2900941
0.24665491 0.25168028 0.2931216
0.24273334 0.24775873 0.28920004
0.26314896 0.24597776 0.2792235
0.34554094 0.29362473 0.29938036
0.40986252 0.35234678 0.34430593
0.3674939 0.32522583 0.3198824
0.3165135 0.27829412 0.24805489
0.66318804 0.6234178 0.5544863
0.66084296 0.6141236 0.5396942
0.6529998 0.60628045 0.53185105
0.6686861 0.6233163 0.54058826
0.64907825 0.60370845 0.5209805
0.6781056 0.62443733 0.5445099
0.6781056 0.6257869 0.53756076
0.6545762 0.6022575 0.51403135
0.67026246 0.61794376 0.5297176
0.69536835 0.63610053 0.54237646
0.67183894 0.6125711 0.51884705
0.66007423 0.6008064 0.50708234
0.6796821 0.62041426 0.5266902
0.68360364 0.6243358 0.53061175
0.6757605 0.6164927 0.5227686
0.68360364 0.6243358 0.53061175
0.6914468 0.63352853 0.53150594
0.7032115 0.64529324 0.54327065
0.6930232 0.62680644 0.5275844
0.6930232 0.62680644 0.5275844
0.68910164 0.6242344 0.5167138
0.67733693 0.6124697 0.5049491
0.67733693 0.6124697 0.5049491
0.67733693 0.6124697 0.5049491
0.6749918 0.601826 0.49710596
0.66714865 0.5939829 0.48926282
0.6710702 0.59790444 0.4931844
0.66165066 0.5967834 0.48926282
0.6930232 0.62815595 0.52063537
0.7047879 0.63992065 0.5324001
0.7165526 0.65168536 0.5441648
0.7149762 0.65705794 0.55503535
0.7149762 0.65705794 0.55503535
0.6969448 0.630728 0.53150594
0.68518007 0.6203128 0.5127922
0.7047879 0.63992065 0.5324001
0.70086634 0.6359991 0.5284785
0.67891335 0.60709715 0.4940785
0.6632271 0.5914109 0.4783922
0.69067806 0.61886185 0.50584316
0.7377369 0.6659207 0.552902
0.72989374 0.65807754 0.54505885
0.70636433 0.6358977 0.51458037
0.6945996 0.624133 0.50281566
0.70244277 0.6319761 0.5106588
0.7142075 0.64374083 0.5224235
0.71186227 0.6330972 0.51458037
0.7314701 0.6540546 0.5272392
0.70244277 0.6333257 0.5037098
0.696176 0.6174109 0.4988941
0.68833286 0.6109173 0.48410195
0.67656815 0.5991526 0.47233725
0.68833286 0.6109173 0.48410195
0.70009756 0.62268203 0.49586666
0.70009756 0.62268203 0.49586666
0.71578383 0.6383683 0.51155293
0.7314701 0.6554041 0.52029026
0.7408897 0.65652514 0.5242118
0.729125 0.64476043 0.5124471
0.7212819 0.6369173 0.504604
0.729125 0.64476043 0.5124471
0.7228583 0.6315447 0.4937334
0.7267799 0.63546634 0.49765497
0.7228583 0.6315447 0.4937334
0.70325047 0.6119369 0.47412556
0.6875642 0.5976001 0.45149025
0.6836426 0.5936786 0.44756868
0.6812975 0.5830349 0.43972555
0.70874846 0.61048585 0.46717653
0.7165916 0.618329 0.47501966
0.71267 0.6144074 0.4710981
0.70874846 0.61048585 0.46717653
0.70874846 0.61048585 0.46717653
0.71267 0.615757 0.464149
0.7283563 0.6300937 0.48678437
0.73227787 0.63401526 0.49070594
0.73070145 0.6407374 0.4946275
0.7385446 0.647231 0.5094197
0.7165526 0.6530349 0.5372157
0.7353137 0.7260384 0.662502
0.60978436 0.63525426 0.5992079
0.5274314 0.55155176 0.52380395
0.52350986 0.5476302 0.51988244
0.52350986 0.5476302 0.51988244
0.53450596 0.542029 0.51988244
0.49609798 0.47872543 0.46498042
0.4992508 0.46528125 0.4571373
0.47964296 0.4456734 0.43752944
0.49690565 0.4546376 0.44929415
0.5031724 0.46920282 0.46105886
0.51651347 0.47424543 0.468902
0.49690565 0.4546376 0.44929415
0.48121938 0.4389513 0.43360788
0.4992508 0.4666308 0.45018828
0.47964296 0.44702294 0.43058044
0.4874861 0.45486608 0.43842357
0.42708617 0.4068133 0.36267453
0.44669402 0.42642114 0.38228238
0.44669402 0.42507163 0.38923135
0.4451176 0.43044415 0.40010193
0.44903916 0.43436572 0.4040235
0.4553058 0.4475814 0.4227373
0.45922738 0.45015344 0.43360788
0.45922738 0.45015344 0.43360788
0.43646672 0.44264024 0.42879212
0.38783136 0.40095407 0.3926039
0.31174517 0.33046725 0.33591378
0.25918835 0.2848594 0.29580396
0.25918835 0.2848594 0.29580396
0.24584725 0.27846727 0.29490978
0.25134522 0.27566674 0.29490978
0.25134522 0.27566674 0.29490978
0.2435021 0.2678236 0.28706664
0.23800412 0.27062413 0.28706664
0.23800412 0.27062413 0.28706664
0.23408255 0.265353 0.2900941
0.2521139 0.291683 0.31362352
0.24819234 0.28641185 0.31665102
0.26230222 0.30612114 0.35015684
0.28817677 0.33894467 0.3884784
0.3117062 0.36112455 0.41895685
0.30386305 0.3532814 0.4111137
0.3250473 0.36886624 0.41290194
0.35722756 0.38019952 0.40774116
0.3705687 0.3865917 0.40863526
0.3690313 0.35455918 0.3712079
0.42005074 0.36813453 0.37389016
0.4428115 0.37699723 0.3717569
0.4239723 0.3720561 0.37781173
0.29998046 0.31330433 0.35194513
0.18463951 0.2410069 0.3043373
0.17679638 0.23316376 0.29649416
0.16737683 0.23204271 0.2925726
0.17287481 0.22789264 0.2995216
0.17287481 0.22789264 0.2995216
0.17679638 0.23316376 0.29649416
0.17679638 0.23316376 0.29649416
0.18463951 0.2410069 0.3043373
0.18856108 0.24627802 0.30130976
0.18229441 0.23171276 0.28954506
0.18229441 0.23171276 0.28954506
0.19798069 0.24739903 0.30523133
0.20190226 0.2513206 0.3091529
0.20190226 0.2513206 0.3091529
0.19171396 0.23418334 0.28651762
0.22700809 0.27082703 0.31486273
0.2011335 0.23800346 0.2765412
0.23958053 0.25985336 0.3039922
0.2435021 0.26512447 0.30096474
0.26076478 0.27408865 0.31272945
0.2568432 0.27016708 0.30880788
0.26076478 0.27408865 0.31272945
0.2450785 0.25840238 0.29704317
0.24273334 0.24775873 0.28920004
0.22312549 0.22950043 0.2626431
0.23961955 0.22379786 0.24874513
0.351039 0.2921737 0.2924314
0.42162722 0.36681062 0.34217253
0.38475662 0.33958814 0.303851
0.6647645 0.61669564 0.5505647
0.6671096 0.62733936 0.55840784
0.6686861 0.6219667 0.5475373
0.6686861 0.6233163 0.54058826
0.66084296 0.61547315 0.5327451
0.68202716 0.6283589 0.5484314
0.6506546 0.5983359 0.5101098
0.6506546 0.5983359 0.5101098
0.67183894 0.6112216 0.52579606
0.67183894 0.6112216 0.52579606
0.6679174 0.60864955 0.5149255
0.67183894 0.6125711 0.51884705
0.69536835 0.63610053 0.54237646
0.69536835 0.63610053 0.54237646
0.7032115 0.64394367 0.5502196
0.6992899 0.64137167 0.5393491
0.6914468 0.63352853 0.53150594
0.6757605 0.61784226 0.51581967
0.68360364 0.6256854 0.5236628
0.6694938 0.603277 0.50405496
0.67341536 0.6071986 0.50797653
0.68910164 0.62288487 0.5236628
0.6812585 0.61639124 0.50887066
0.67341536 0.6085481 0.5010275
0.6694938 0.60462654 0.49710596
0.6694938 0.60462654 0.49710596
0.68910164 0.6242344 0.5167138
0.71263105 0.6477638 0.5402432
0.7165526 0.65168536 0.5441648
0.7204742 0.6556069 0.54808635
0.7228193 0.6649011 0.5628785
0.69536835 0.6374501 0.5354275
0.69536835 0.6374501 0.5354275
0.7149762 0.65705794 0.55503535
0.6969448 0.630728 0.53150594
0.6577291 0.5915123 0.49229026
0.6420428 0.57582605 0.47660398
0.70086634 0.6359991 0.5284785
0.7087095 0.6451918 0.5293726
0.7087095 0.6451918 0.5293726
0.71263105 0.64911336 0.5332942
0.7259722 0.65415597 0.54113734
0.74165845 0.66984224 0.5568236
0.7259722 0.65550554 0.5341882
0.70244277 0.6319761 0.5106588
0.6922544 0.61348933 0.49497253
0.6804897 0.6017246 0.48320782
0.6844113 0.6056462 0.4871294
0.7040191 0.62525403 0.50673723
0.696176 0.6174109 0.4988941
0.70009756 0.62133247 0.50281566
0.70009756 0.62268203 0.49586666
0.723627 0.64621145 0.51939607
0.723627 0.64621145 0.51939607
0.723627 0.64621145 0.51939607
0.72754854 0.650133 0.52331764
0.7314701 0.6540546 0.5272392
0.729125 0.64476043 0.5124471
0.7212819 0.6369173 0.504604
0.70717204 0.61450887 0.48499614
0.6757995 0.5844859 0.4466746
0.6640348 0.57272124 0.43490988
0.6757995 0.5844859 0.4466746
0.70325047 0.6119369 0.47412556
0.70717204 0.61585844 0.47804713
0.7110936 0.61978006 0.4819687
0.71893674 0.62897265 0.4828628
0.7228583 0.6328943 0.48678437
0.7228583 0.6328943 0.48678437
0.7267799 0.6368158 0.49070594
0.73619944 0.63793683 0.4946275
0.71267 0.6144074 0.4710981
0.71267 0.6144074 0.4710981
0.70874846 0.61048585 0.46717653
0.69698375 0.59872115 0.45541182
0.6891406 0.590878 0.44756868
0.68521905 0.58695644 0.44364712
0.7009053 0.6026427 0.4593334
0.6891406 0.590878 0.44756868
0.68521905 0.58560693 0.45059615
0.67972106 0.58705795 0.45754516
0.7173213 0.6650026 0.57677644
0.7211647 0.7396856 0.69814116
0.5493845 0.58180326 0.551255
0.52350986 0.5476302 0.51988244
0.5219335 0.5543523 0.52380395
0.52350986 0.5476302 0.51988244
0.512553 0.5117775 0.49243143
0.47022343 0.44455236 0.43360788
0.49140766 0.45878765 0.44234514
0.4992508 0.46528125 0.4571373
0.4992508 0.4666308 0.45018828
0.4874861 0.45486608 0.43842357
0.47179982 0.4391798 0.4227373
0.51101553 0.4783955 0.46195298
0.4859097 0.46158817 0.44234514
0.47964296 0.4483725 0.42363134
0.5039411 0.49196675 0.44502747
0.51962745 0.50765306 0.4607138
0.5274706 0.5141466 0.4755059
0.5353137 0.52064025 0.49029803
0.54315686 0.5271338 0.50509024
0.5415804 0.533856 0.5090118
0.54550195 0.536428 0.51988244
0.5360824 0.5339574 0.5229098
0.52274126 0.5289148 0.5150667
0.46234116 0.47546387 0.4671137
0.35722756 0.38424817 0.38689417
0.2905609 0.3175815 0.3202275
0.2772198 0.31118932 0.31933337
0.2654551 0.29942462 0.30756867
0.2654551 0.2980751 0.31451762
0.26153353 0.29415354 0.31059605
0.26153353 0.29415354 0.31059605
0.26153353 0.29415354 0.31059605
0.26937667 0.30199668 0.3184392
0.27564332 0.3152124 0.33715293
0.27564332 0.3152124 0.33715293
0.26780018 0.3060197 0.33625886
0.2505375 0.29570597 0.3314432
0.28033364 0.33245108 0.37368625
0.3132826 0.35710153 0.40113723
0.30936104 0.35317996 0.39721566
0.34388646 0.3751569 0.39989802
0.38075697 0.40372893 0.43127057
0.39801967 0.41404268 0.43608624
0.3949059 0.38873225 0.40258044
0.42789388 0.3773272 0.37478435
0.44438794 0.37162468 0.36088625
0.4255488 0.3666835 0.3669412
0.31097654 0.30905277 0.34499606
0.17837285 0.22644162 0.2925726
0.17287481 0.22924219 0.2925726
0.17679638 0.23316376 0.29649416
0.16895324 0.22532062 0.28865102
0.16895324 0.22532062 0.28865102
0.17287481 0.22924219 0.2925726
0.17287481 0.22924219 0.2925726
0.17679638 0.23316376 0.29649416
0.18071795 0.23843488 0.29346663
0.17679638 0.23451331 0.28954506
0.18071795 0.23843488 0.29346663
0.19405912 0.24347746 0.30130976
0.20582382 0.25524217 0.31307447
0.20582382 0.25524217 0.31307447
0.1995571 0.24202648 0.29436076
0.20740023 0.24986961 0.3022039
0.20897664 0.24449708 0.29133332
0.24192569 0.27049702 0.31183535
0.24976882 0.2796897 0.31272945
0.25761196 0.28753284 0.32057258
0.2670315 0.28865388 0.32449415
0.26310992 0.2847323 0.32057258
0.23723537 0.25055927 0.28920004
0.21920392 0.2242293 0.26567063
0.2168589 0.21493512 0.2508784
0.24119602 0.21842529 0.23787454
0.34711742 0.28960168 0.28156084
0.42320365 0.3627876 0.32435298
0.6451567 0.5970878 0.53095686
0.6451567 0.5984373 0.5240079
0.6451567 0.5984373 0.5240079
0.6412351 0.5958653 0.51313734
0.6506546 0.59698635 0.51705885
0.65849775 0.6048295 0.524902
0.6428115 0.5904928 0.50226665
0.6428115 0.5904928 0.50226665
0.65849775 0.60617906 0.5179529
0.674184 0.62186533 0.5336392
0.6875252 0.6282574 0.5345333
0.68360364 0.6243358 0.53061175
0.69536835 0.6374501 0.5354275
0.69536835 0.6374501 0.5354275
0.6914468 0.63217896 0.5384549
0.6639958 0.60607755 0.50405496
0.65615267 0.5982344 0.49621183
0.6483095 0.5903913 0.4883687
0.6679174 0.6099991 0.50797653
0.7149762 0.65705794 0.55503535
0.6992899 0.64137167 0.5393491
0.68910164 0.62288487 0.5236628
0.6812585 0.61504173 0.51581967
0.67733693 0.61112016 0.5118981
0.68518007 0.6189633 0.51974124
0.7087095 0.6438422 0.53632164
0.7149762 0.65840745 0.54808635
0.7228193 0.6662506 0.5559295
0.7149762 0.65840745 0.54808635
0.6875252 0.6309565 0.52063537
0.6875252 0.6309565 0.52063537
0.7032115 0.64529324 0.54327065
0.6914468 0.63352853 0.53150594
0.6757605 0.61784226 0.51581967
0.6875252 0.62960696 0.5275844
0.7110546 0.6531364 0.5511138
0.6796821 0.62041426 0.5266902
0.62085855 0.56159073 0.46786666
0.6992899 0.64137167 0.5393491
0.6969448 0.6334271 0.5176079
0.6930232 0.6295055 0.5136863
0.6812585 0.6177408 0.50192165
0.67341536 0.6098977 0.4940785
0.6828349 0.6110187 0.49800006
0.6867565 0.61628985 0.49497253
0.6710702 0.6006036 0.47928625
0.6632271 0.59276044 0.47144312
0.6710702 0.6006036 0.47928625
0.70636433 0.6358977 0.51458037
0.71812904 0.6476624 0.5263451
0.7377369 0.66727024 0.5459529
0.7314701 0.652705 0.5341882
0.73931324 0.66054815 0.54203135
0.7197054 0.6422899 0.5154745
0.7314701 0.6540546 0.5272392
0.7314701 0.6540546 0.5272392
0.71186227 0.63444674 0.50763136
0.6859878 0.6016232 0.46930987
0.6703015 0.5859369 0.4536236
0.6859878 0.6016232 0.46930987
0.7150152 0.622352 0.49283928
0.7228583 0.6315447 0.4937334
0.7228583 0.6315447 0.4937334
0.71893674 0.6276232 0.48981184
0.7228583 0.6315447 0.4937334
0.7228583 0.6315447 0.4937334
0.734623 0.6433095 0.5054981
0.71893674 0.62897265 0.4828628
0.72443473 0.6261721 0.4828628
0.7009053 0.6026427 0.4593334
0.7009053 0.6026427 0.4593334
0.6812975 0.5830349 0.43972555
0.6812975 0.5830349 0.43972555
0.69698375 0.59872115 0.45541182
0.72443473 0.6261721 0.4828628
0.72443473 0.6275217 0.4759137
0.72051316 0.62225056 0.47894123
0.70874846 0.61048585 0.46717653
0.70874846 0.61048585 0.46717653
0.7009053 0.6026427 0.4593334
0.7048269 0.6052148 0.470204
0.71267 0.6130579 0.47804713
0.70717204 0.61450887 0.48499614
0.6945996 0.62143385 0.5167138
0.7470784 0.735104 0.6881648
0.6921373 0.71625763 0.6885098
0.5336982 0.5647675 0.54251766
0.5219335 0.5530028 0.53075296
0.5180119 0.5490812 0.5268314
0.52350986 0.5462807 0.5268314
0.49844307 0.48936912 0.47282356
0.4992508 0.4666308 0.45018828
0.46003512 0.4274151 0.4109726
0.46787825 0.43525824 0.41881573
0.4757214 0.44310138 0.42665887
0.501596 0.47727445 0.45803142
0.4859097 0.46293774 0.43539605
0.4757214 0.44445094 0.41970977
0.54000396 0.54327714 0.4990353
0.55176866 0.55504185 0.5108
0.56353337 0.56545705 0.5295137
0.56745493 0.56802905 0.54038435
0.5752981 0.5731731 0.5621255
0.5776432 0.5824672 0.57691765
0.5760667 0.58918935 0.5808392
0.57998824 0.59176135 0.5917098
0.56272554 0.5827972 0.5799451
0.5101688 0.53718936 0.53983533
0.38310215 0.41707167 0.42521572
0.29682764 0.33079717 0.33894122
0.28348646 0.3244051 0.33804703
0.28348646 0.3244051 0.33804703
0.27564332 0.31656197 0.3302039
0.2795649 0.32048354 0.33412546
0.2795649 0.32048354 0.33412546
0.28740802 0.3269771 0.34891763
0.30701587 0.34658495 0.36852548
0.31093743 0.3505065 0.37244704
0.314859 0.35442808 0.3763686
0.3015179 0.3480359 0.37547454
0.25838065 0.3035491 0.33928633
0.26230222 0.30747068 0.3432079
0.3132826 0.35710153 0.40113723
0.32270214 0.3595721 0.39810985
0.34780803 0.3777289 0.41076866
0.40663156 0.437902 0.46264312
0.4395805 0.46390203 0.48314506
0.42627844 0.4201048 0.433953
0.43965858 0.3890919 0.38654906
0.44438794 0.37162468 0.36088625
0.43104678 0.36523253 0.3599922
0.32431766 0.31544495 0.34589016
0.17445128 0.22386962 0.28170192
0.16503167 0.22139905 0.28472945
0.16503167 0.22139905 0.28472945
0.18071795 0.23708533 0.30041572
0.17287481 0.22924219 0.2925726
0.17679638 0.23316376 0.29649416
0.16895324 0.22532062 0.28865102
0.17679638 0.23316376 0.29649416
0.18856108 0.24492846 0.30825886
0.19248265 0.2501996 0.30523133
0.18071795 0.23843488 0.29346663
0.19798069 0.24739903 0.30523133
0.20582382 0.25524217 0.31307447
0.21366698 0.2630853 0.32091764
0.20347866 0.24594805 0.29828233
0.21524338 0.25771278 0.31004703
0.22308652 0.26555592 0.31789017
0.25603548 0.2915559 0.33839214
0.27564332 0.31116375 0.35799998
0.2772198 0.30579114 0.34712946
0.2654551 0.29402643 0.33536476
0.24192569 0.27049702 0.31183535
0.22547065 0.23879454 0.27743533
0.20743921 0.2124646 0.25390592
0.22470203 0.22412781 0.25177252
0.24511759 0.22234686 0.2417961
0.34554094 0.2963238 0.2854824
0.50947815 0.45176122 0.39672938
0.6271252 0.5721074 0.5004785
0.63496834 0.5813001 0.5013726
0.63496834 0.5813001 0.5013726
0.6428115 0.5891432 0.5092157
0.6428115 0.5891432 0.5092157
0.6545762 0.6009079 0.5209805
0.6545762 0.6022575 0.51403135
0.6624193 0.6101006 0.5218745
0.6639958 0.6033785 0.5179529
0.6796821 0.62041426 0.5266902
0.68360364 0.6243358 0.53061175
0.6796821 0.62041426 0.5266902
0.66007423 0.602156 0.5001334
0.66007423 0.602156 0.5001334
0.6914468 0.63352853 0.53150594
0.6875252 0.62960696 0.5275844
0.68360364 0.6256854 0.5236628
0.69536835 0.6374501 0.5354275
0.68360364 0.6256854 0.5236628
0.6796821 0.6217638 0.51974124
0.6812585 0.61504173 0.51581967
0.7047879 0.63857114 0.5393491
0.71263105 0.6464143 0.5471922
0.7047879 0.63857114 0.5393491
0.6969448 0.630728 0.53150594
0.6757605 0.61784226 0.51581967
0.67183894 0.6139207 0.5118981
0.6875252 0.6309565 0.52063537
0.6992899 0.6427212 0.5324001
0.6757605 0.61784226 0.51581967
0.6757605 0.61784226 0.51581967
0.70713305 0.6492148 0.5471922
0.73458403 0.6766658 0.5746432
0.69536835 0.6374501 0.5354275
0.6914468 0.63352853 0.53150594
0.7032115 0.64529324 0.54327065
0.68202716 0.631058 0.5345333
0.6035958 0.5512771 0.463051
0.6796821 0.6217638 0.51974124
0.6969448 0.6320775 0.52455693
0.68518007 0.6203128 0.5127922
0.6945996 0.6227834 0.5097648
0.70086634 0.63734865 0.52152944
0.7165526 0.65168536 0.5441648
0.7259722 0.65415597 0.54113734
0.7259722 0.65415597 0.54113734
0.70244277 0.63062656 0.5176079
0.71812904 0.64631283 0.5332942
0.7220506 0.65158397 0.53026664
0.72989374 0.6594271 0.5381098
0.71812904 0.6476624 0.5263451
0.70636433 0.6358977 0.51458037
0.696176 0.6174109 0.4988941
0.70009756 0.62133247 0.50281566
0.7079407 0.6291756 0.5106588
0.7197054 0.6422899 0.5154745
0.7314701 0.6540546 0.5272392
0.7353917 0.65797615 0.5311608
0.72520345 0.64083886 0.50852555
0.7173603 0.6329957 0.5006824
0.72520345 0.64083886 0.50852555
0.7267799 0.63546634 0.49765497
0.71893674 0.6276232 0.48981184
0.71893674 0.6276232 0.48981184
0.7150152 0.6237016 0.48589027
0.7150152 0.6237016 0.48589027
0.7267799 0.63546634 0.49765497
0.73070145 0.63938785 0.50157654
0.73227787 0.63401526 0.49070594
0.7165916 0.618329 0.47501966
0.7009053 0.6026427 0.4593334
0.69698375 0.59872115 0.45541182
0.7064034 0.5998422 0.4593334
0.69463867 0.58942705 0.4406196
0.69463867 0.58942705 0.4406196
0.7064034 0.60119176 0.4523843
0.71032494 0.60376376 0.46325496
0.7181681 0.6116069 0.4710981
0.7142465 0.6076853 0.46717653
0.70874846 0.61048585 0.46717653
0.71267 0.6144074 0.4710981
0.7165916 0.6169795 0.4819687
0.72443473 0.62347305 0.49676085
0.69698375 0.59602207 0.46930987
0.70167404 0.6146104 0.4988941
0.701635 0.64796674 0.5680393
0.7548824 0.7790027 0.7512549
0.5964433 0.626163 0.61221176
0.52585506 0.5555748 0.54162353
0.5164355 0.5558033 0.53075296
0.5180119 0.5490812 0.5268314
0.49998048 0.5241008 0.496353
0.48983127 0.46550974 0.4462667
0.4757214 0.44310138 0.42665887
0.48356453 0.4509445 0.434502
0.49140766 0.46013722 0.43539605
0.4859097 0.46293774 0.43539605
0.4757214 0.44445094 0.41970977
0.5446941 0.56186545 0.52861965
0.55645883 0.57363015 0.54038435
0.56822354 0.5826958 0.5660471
0.5760667 0.58918935 0.5808392
0.5839098 0.5970325 0.58868235
0.5823334 0.6010555 0.606502
0.580757 0.6077776 0.61042356
0.5846786 0.61034966 0.62129414
0.57133746 0.60530704 0.613451
0.52427864 0.55689865 0.5733412
0.4128982 0.4524673 0.47440782
0.314859 0.35442808 0.3763686
0.29917273 0.3387418 0.36068234
0.29759634 0.3454639 0.3646039
0.29367477 0.34154233 0.36068234
0.29525116 0.33482024 0.35676077
0.29917273 0.33739224 0.3676314
0.314859 0.35442808 0.3763686
0.32270214 0.36227122 0.38421175
0.30936104 0.35587904 0.38331768
0.31720418 0.36372218 0.39116082
0.31720418 0.36372218 0.39116082
0.29367477 0.33884323 0.37458044
0.27406693 0.31923538 0.3549726
0.30543947 0.3492584 0.3932941
0.31720418 0.36237264 0.39810985
0.3540747 0.3922942 0.42253336
0.4285845 0.46815357 0.4900941
0.46545509 0.49672553 0.5214666
0.452153 0.4529283 0.47227454
0.4514233 0.4008566 0.39831376
0.44046637 0.3677031 0.35696468
0.4365448 0.36243197 0.3599922
0.3337372 0.3179155 0.34286278
0.17210612 0.21322595 0.2738588
0.16503167 0.22139905 0.28472945
0.16895324 0.22532062 0.28865102
0.1712984 0.23461473 0.30344316
0.16737683 0.23204271 0.2925726
0.16345526 0.22812115 0.28865102
0.16895324 0.22532062 0.28865102
0.18071795 0.23708533 0.30041572
0.18071795 0.23708533 0.30041572
0.17679638 0.23451331 0.28954506
0.18463951 0.24235645 0.2973882
0.19248265 0.24885003 0.31218043
0.20190226 0.2513206 0.3091529
0.21366698 0.2630853 0.32091764
0.21601208 0.27372903 0.32876077
0.23561992 0.2919873 0.35531768
0.25680423 0.30487302 0.37100396
0.28583163 0.3256019 0.39453337
0.28583163 0.32695147 0.3875843
0.2662238 0.30869317 0.36102742
0.24819234 0.28371277 0.330549
0.2144747 0.24304605 0.28438434
0.20194124 0.21391557 0.26085493
0.20351765 0.20854303 0.24998435
0.22627844 0.21740572 0.24785095
0.25296074 0.23019 0.24963924
0.3259331 0.2807646 0.2450275
0.63731354 0.5905942 0.5161648
0.6412351 0.59451574 0.52008635
0.6451567 0.5997869 0.51705885
0.6388899 0.58522165 0.5052942
0.6545762 0.6009079 0.5209805
0.6545762 0.6009079 0.5209805
0.6428115 0.5904928 0.50226665
0.6545762 0.6022575 0.51403135
0.65849775 0.60617906 0.5179529
0.6679174 0.60730004 0.5218745
0.6639958 0.604728 0.5110039
0.6757605 0.6164927 0.5227686
0.6875252 0.6282574 0.5345333
0.6639958 0.60607755 0.50405496
0.65615267 0.59688485 0.5031608
0.66007423 0.602156 0.5001334
0.67341536 0.6071986 0.50797653
0.67733693 0.6097706 0.51884705
0.70086634 0.6333 0.54237646
0.6914468 0.63352853 0.53150594
0.6875252 0.62960696 0.5275844
0.6812585 0.61504173 0.51581967
0.67341536 0.6071986 0.50797653
0.67341536 0.6071986 0.50797653
0.68910164 0.62288487 0.5236628
0.6969448 0.6320775 0.52455693
0.6930232 0.62680644 0.5275844
0.67183894 0.6139207 0.5118981
0.6914468 0.63352853 0.53150594
0.73066247 0.6727442 0.5707216
0.7110546 0.6531364 0.5511138
0.7110546 0.6531364 0.5511138
0.7149762 0.65705794 0.55503535
0.7149762 0.65705794 0.55503535
0.6914468 0.63352853 0.53150594
0.6639958 0.60607755 0.50405496
0.68360364 0.6256854 0.5236628
0.6663409 0.6140222 0.52579606
0.6020194 0.5566496 0.47392163
0.69536835 0.63610053 0.54237646
0.70086634 0.6346496 0.5354275
0.70086634 0.6346496 0.5354275
0.71263105 0.6477638 0.5402432
0.7087095 0.6438422 0.53632164
0.7087095 0.6438422 0.53632164
0.7377369 0.6659207 0.552902
0.7338153 0.6619991 0.5489805
0.72989374 0.65807754 0.54505885
0.70636433 0.6345481 0.52152944
0.6985212 0.626705 0.5136863
0.69067806 0.6202114 0.4988941
0.71578383 0.63701874 0.51850194
0.7142075 0.64374083 0.5224235
0.7197054 0.6409403 0.5224235
0.73931324 0.66054815 0.54203135
0.7353917 0.6566266 0.5381098
0.723627 0.64621145 0.51939607
0.7197054 0.6422899 0.5154745
0.7197054 0.6422899 0.5154745
0.7173603 0.6316462 0.50763136
0.729125 0.64476043 0.5124471
0.7408897 0.65652514 0.5242118
0.7330466 0.648682 0.5163687
0.7150152 0.6237016 0.48589027
0.70325047 0.6119369 0.47412556
0.70325047 0.6119369 0.47412556
0.70325047 0.6119369 0.47412556
0.7165916 0.6169795 0.4819687
0.71267 0.6144074 0.4710981
0.7048269 0.6065643 0.46325496
0.72051316 0.62225056 0.47894123
0.72208965 0.61552846 0.47501966
0.71032494 0.60376376 0.46325496
0.69856024 0.5933486 0.44454116
0.70013666 0.58662647 0.4406196
0.6844504 0.5709402 0.4249333
0.69621515 0.5827049 0.43669802
0.69463867 0.58942705 0.4406196
0.68679553 0.5815839 0.43277645
0.68679553 0.5815839 0.43277645
0.7024818 0.5959206 0.45541182
0.69856024 0.59199905 0.45149025
0.69856024 0.59064955 0.4584393
0.7024818 0.5945711 0.46236086
0.7064034 0.5984927 0.46628243
0.7009053 0.6012932 0.46628243
0.69698375 0.59602207 0.46930987
0.6703015 0.5832378 0.46752155
0.7353137 0.72198975 0.683349
0.69682765 0.7348459 0.7180941
0.5282002 0.56621844 0.54946667
0.5164355 0.55445373 0.53770196
0.51093745 0.55725425 0.53770196
0.5180119 0.5490812 0.5268314
0.48902354 0.48824808 0.468902
0.48983127 0.46550974 0.4462667
0.4757214 0.44445094 0.41970977
0.49140766 0.46013722 0.43539605
0.47179982 0.44187894 0.4088392
0.49371374 0.5095355 0.4845883
0.5094 0.52387226 0.50722355
0.5078236 0.52924484 0.5180941
0.5156667 0.5357384 0.53288627
0.5156667 0.53438884 0.53983533
0.5180119 0.543683 0.55462754
0.51251394 0.54513395 0.5615765
0.51251394 0.54378444 0.5685255
0.50859237 0.5398629 0.5646039
0.45995703 0.4995261 0.5214666
0.3776041 0.4158236 0.44606277
0.314859 0.3530785 0.38331768
0.3030943 0.3413138 0.37155297
0.29917273 0.33739224 0.3676314
0.28191006 0.32707852 0.36281574
0.2897532 0.3362712 0.36370984
0.3030943 0.3413138 0.37155297
0.314859 0.3530785 0.38331768
0.31878057 0.35700008 0.38723925
0.31093743 0.3478074 0.38634515
0.30936104 0.3545295 0.39026672
0.32112575 0.36494467 0.40898037
0.30543947 0.3492584 0.3932941
0.29209834 0.34286624 0.39239997
0.28817677 0.33894467 0.3884784
0.28817677 0.33894467 0.3884784
0.33289045 0.37670937 0.42074507
0.4128982 0.4497682 0.48830593
0.46153352 0.49010485 0.5314432
0.452153 0.4515788 0.4792235
0.44750172 0.3955855 0.40134114
0.44988593 0.36882415 0.36088625
0.43262324 0.3585104 0.35607064
0.33765876 0.32183707 0.34678435
0.17445128 0.22386962 0.28170192
0.15718853 0.21355592 0.2768863
0.1611101 0.21747749 0.28080788
0.16737683 0.23069316 0.2995216
0.16737683 0.23069316 0.2995216
0.17914154 0.24245787 0.3112863
0.17914154 0.24245787 0.3112863
0.1830631 0.24637944 0.31520787
0.19482781 0.25814414 0.32697257
0.19717291 0.26878786 0.33481574
0.20893762 0.28055257 0.34658045
0.22620037 0.28951672 0.35834515
0.24188665 0.305203 0.37403142
0.24972978 0.31304613 0.38187456
0.259918 0.33018342 0.40450978
0.28110233 0.34306914 0.42019606
0.2732592 0.33657554 0.40540397
0.2866003 0.34161815 0.4132471
0.27641207 0.32448086 0.3906118
0.23719639 0.28661475 0.34444705
0.20740023 0.24986961 0.3022039
0.19878842 0.22601023 0.27564704
0.20194124 0.21391557 0.26085493
0.21136078 0.21638617 0.2578275
0.23804314 0.22917043 0.25961566
0.26238027 0.23401015 0.23966272
0.64907825 0.60100937 0.53487843
0.65849775 0.6034799 0.53185105
0.64673305 0.5930648 0.51313734
0.6428115 0.5891432 0.5092157
0.6428115 0.5891432 0.5092157
0.63496834 0.5813001 0.5013726
0.6271252 0.5748065 0.4865804
0.64673305 0.59441435 0.5061882
0.6545762 0.6022575 0.51403135
0.6624193 0.61145014 0.5149255
0.674184 0.62321484 0.5266902
0.67183894 0.6125711 0.51884705
0.6914468 0.63217896 0.5384549
0.68360364 0.6243358 0.53061175
0.6757605 0.61784226 0.51581967
0.6992899 0.64137167 0.5393491
0.68910164 0.62288487 0.5236628
0.6655722 0.59935546 0.5001334
0.66165066 0.5954339 0.49621183
0.6655722 0.59935546 0.5001334
0.6796821 0.6217638 0.51974124
0.6914468 0.63352853 0.53150594
0.6969448 0.630728 0.53150594
0.67733693 0.61112016 0.5118981
0.6655722 0.59935546 0.5001334
0.6930232 0.62680644 0.5275844
0.7149762 0.65705794 0.55503535
0.70713305 0.6492148 0.5471922
0.6992899 0.64137167 0.5393491
0.7110546 0.6531364 0.5511138
0.71889776 0.6609795 0.5589569
0.7032115 0.64529324 0.54327065
0.6796821 0.6217638 0.51974124
0.69536835 0.6374501 0.5354275
0.7032115 0.64529324 0.54327065
0.6796821 0.6217638 0.51974124
0.6875252 0.62960696 0.5275844
0.6992899 0.64137167 0.5393491
0.6569214 0.610202 0.5357726
0.5925998 0.5541791 0.4769491
0.6875252 0.6282574 0.5345333
0.68518007 0.6189633 0.51974124
0.71263105 0.6464143 0.5471922
0.70086634 0.6346496 0.5354275
0.7102859 0.6371201 0.5324001
0.6985212 0.6253554 0.52063537
0.67891335 0.6057476 0.5010275
0.6828349 0.60966915 0.5049491
0.6867565 0.6149403 0.50192165
0.69067806 0.61886185 0.50584316
0.70636433 0.6345481 0.52152944
0.6985212 0.626705 0.5136863
0.70636433 0.6345481 0.52152944
0.7142075 0.64239126 0.5293726
0.71186227 0.6330972 0.51458037
0.7197054 0.6409403 0.5224235
0.7353917 0.6566266 0.5381098
0.72520345 0.6381398 0.5224235
0.7173603 0.6316462 0.50763136
0.70167404 0.61595994 0.4919451
0.6938309 0.6094663 0.477153
0.70325047 0.61058736 0.48107457
0.70717204 0.61450887 0.48499614
0.7150152 0.6237016 0.48589027
0.72051316 0.62090105 0.48589027
0.7048269 0.6052148 0.470204
0.69698375 0.59737164 0.46236086
0.7048269 0.6052148 0.470204
0.6930622 0.5947996 0.45149025
0.69856024 0.59199905 0.45149025
0.6907171 0.5841559 0.44364712
0.69856024 0.59199905 0.45149025
0.7181681 0.6116069 0.4710981
0.7024818 0.5959206 0.45541182
0.7119014 0.5983912 0.4523843
0.70013666 0.58662647 0.4406196
0.69621515 0.5827049 0.43669802
0.688372 0.57486176 0.42885488
0.68679553 0.5815839 0.43277645
0.7024818 0.5972702 0.44846272
0.6922935 0.57878333 0.43277645
0.688372 0.57486176 0.42885488
0.688372 0.5735122 0.43580398
0.68287396 0.5763128 0.43580398
0.68287396 0.5749633 0.44275302
0.68679553 0.57888484 0.4466746
0.6907171 0.5841559 0.44364712
0.68679553 0.58023435 0.43972555
0.7048269 0.6052148 0.470204
0.70167404 0.6146104 0.4988941
0.7173213 0.663653 0.5837256
0.7454629 0.7765322 0.75428236
0.5579963 0.6043131 0.5847608
0.5030943 0.5494111 0.5298588
0.5030943 0.5494111 0.5298588
0.51251394 0.55053216 0.5337804
0.51174515 0.534516 0.5150667
0.468647 0.452624 0.43058044
0.48198813 0.45901617 0.43147448
0.47964296 0.44972208 0.41668233
0.36430195 0.37472555 0.3829726
0.36430195 0.37472555 0.3829726
0.36272556 0.38009807 0.39384317
0.3705687 0.3865917 0.40863526
0.3650707 0.38804266 0.4155843
0.3768354 0.39710826 0.4412471
0.37291384 0.3931867 0.43732554
0.36741588 0.39463767 0.4442745
0.3517296 0.3789514 0.4285882
0.3282002 0.35407245 0.4120078
0.3007492 0.32662147 0.38455683
0.27329823 0.29782096 0.3640549
0.2772198 0.30174252 0.36797646
0.27329823 0.29782096 0.3640549
0.26153353 0.28605625 0.35229018
0.2654551 0.28997782 0.35621175
0.29448247 0.3107067 0.37974116
0.2905609 0.30678514 0.3758196
0.28506294 0.3082361 0.38276866
0.2905609 0.30408603 0.3897177
0.29448247 0.3080076 0.39363927
0.29290608 0.3147297 0.39756083
0.2889845 0.30945858 0.4005882
0.2889845 0.30945858 0.4005882
0.27329823 0.29242274 0.39185095
0.28114137 0.30026588 0.3996941
0.29290608 0.31338015 0.40450978
0.34546286 0.358988 0.44461966
0.3823334 0.38756 0.4759922
0.38863915 0.36606973 0.43250978
0.40436447 0.35109872 0.36515293
0.4420428 0.36098102 0.3530431
0.4302781 0.3492163 0.3412784
0.33923525 0.3164645 0.33591378
0.17052971 0.21994805 0.27778035
0.16895324 0.22532062 0.28865102
0.1712984 0.23461473 0.30344316
0.17364348 0.2439089 0.31823528
0.19325134 0.26351675 0.33784312
0.21285918 0.2831246 0.35745096
0.21912593 0.2963403 0.37616467
0.23089063 0.308105 0.38792938
0.24107885 0.32524228 0.41056475
0.25676513 0.3422781 0.41930193
0.26852983 0.3540428 0.43106663
0.2724514 0.35796437 0.4349882
0.27637297 0.36188594 0.43890977
0.28029454 0.36445796 0.44978043
0.27637297 0.3605364 0.44585887
0.28029454 0.36445796 0.44978043
0.27402788 0.35124224 0.43106663
0.26383957 0.33410498 0.40843135
0.23012194 0.2934383 0.36226672
0.20424737 0.26061475 0.32394513
0.20582382 0.25524217 0.31307447
0.19563553 0.23810491 0.2904392
0.21212953 0.23240237 0.2765412
0.22312549 0.22680132 0.2765412
0.24588628 0.23701356 0.2674588
0.3282782 0.29140833 0.25287062
0.6271252 0.5721074 0.5004785
0.6388899 0.58522165 0.5052942
0.6428115 0.5891432 0.5092157
0.6428115 0.5891432 0.5092157
0.6428115 0.5891432 0.5092157
0.65849775 0.60617906 0.5179529
0.64673305 0.59441435 0.5061882
0.6428115 0.5904928 0.50226665
0.6624193 0.6101006 0.5218745
0.6663409 0.6153717 0.51884705
0.6781056 0.6271364 0.53061175
0.69536835 0.63610053 0.54237646
0.6796821 0.62041426 0.5266902
0.6757605 0.6164927 0.5227686
0.6796821 0.6217638 0.51974124
0.6757605 0.61784226 0.51581967
0.6812585 0.61504173 0.51581967
0.68910164 0.62288487 0.5236628
0.68360364 0.6256854 0.5236628
0.69536835 0.6374501 0.5354275
0.6914468 0.63352853 0.53150594
0.69536835 0.6374501 0.5354275
0.70086634 0.6346496 0.5354275
0.68518007 0.6189633 0.51974124
0.68910164 0.6242344 0.5167138
0.6969448 0.630728 0.53150594
0.6875252 0.62960696 0.5275844
0.69536835 0.6374501 0.5354275
0.6875252 0.62960696 0.5275844
0.69536835 0.6374501 0.5354275
0.70713305 0.6492148 0.5471922
0.70713305 0.6492148 0.5471922
0.7149762 0.65705794 0.55503535
0.7149762 0.65705794 0.55503535
0.7110546 0.6531364 0.5511138
0.69536835 0.63610053 0.54237646
0.7032115 0.64529324 0.54327065
0.7133997 0.6624305 0.56590587
0.64750177 0.6077315 0.5388
0.5824116 0.5356922 0.46126282
0.6694938 0.60192746 0.5110039
0.6655722 0.5980059 0.50708234
0.6577291 0.5915123 0.49229026
0.66714865 0.59263337 0.49621183
0.6710702 0.59655493 0.5001334
0.6514624 0.5769471 0.48052555
0.6593055 0.58613974 0.48141968
0.6710702 0.59790444 0.4931844
0.6828349 0.60966915 0.5049491
0.6710702 0.59790444 0.4931844
0.6867565 0.6135907 0.50887066
0.6867565 0.6135907 0.50887066
0.66714865 0.59533244 0.48231378
0.6985212 0.626705 0.5136863
0.71186227 0.6317476 0.52152944
0.7040191 0.62390447 0.5136863
0.7079407 0.6291756 0.5106588
0.6938309 0.60676724 0.49105096
0.70167404 0.61595994 0.4919451
0.7055956 0.6198815 0.49586666
0.71893674 0.62492406 0.5037098
0.6993289 0.60666573 0.477153
0.70874846 0.6077868 0.48107457
0.7009053 0.59994364 0.47323143
0.7048269 0.6052148 0.470204
0.6930622 0.5921005 0.4653883
0.6812975 0.58168536 0.4466746
0.68521905 0.58560693 0.45059615
0.68287396 0.5763128 0.43580398
0.6907171 0.5841559 0.44364712
0.6907171 0.5841559 0.44364712
0.6789524 0.5737408 0.4249333
0.6844504 0.5709402 0.4249333
0.688372 0.57486176 0.42885488
0.6922935 0.57878333 0.43277645
0.6805289 0.5670186 0.42101175
0.688372 0.57486176 0.42885488
0.6922935 0.57878333 0.43277645
0.70013666 0.58662647 0.4406196
0.7119014 0.5983912 0.4523843
0.70013666 0.58662647 0.4406196
0.69621515 0.5827049 0.43669802
0.6922935 0.57878333 0.43277645
0.69621515 0.5827049 0.43669802
0.7064034 0.5998422 0.4593334
0.6907171 0.5841559 0.44364712
0.6789524 0.5723912 0.4318824
0.69463867 0.5880775 0.44756868
0.69463867 0.5880775 0.44756868
0.69463867 0.5880775 0.44756868
0.68521905 0.58695644 0.44364712
0.67814463 0.59378004 0.46146673
0.75803536 0.766908 0.7364628
0.6403492 0.68531644 0.6740627
0.51093745 0.5559047 0.544651
0.5070159 0.5533327 0.5337804
0.5070159 0.5533327 0.5337804
0.50859237 0.5493097 0.5159608
0.49136868 0.5002413 0.46979612
0.47022343 0.44860104 0.41276076
0.30705497 0.3051312 0.3410745
0.30705497 0.30378163 0.34802356
0.31881967 0.31554633 0.35978827
0.31724313 0.32226852 0.36370984
0.32900783 0.33268368 0.38242358
0.32350987 0.33413467 0.38937253
0.32743144 0.3367067 0.4002431
0.32350987 0.3314356 0.40327057
0.31566674 0.3222429 0.4023765
0.29998046 0.30250797 0.40753722
0.29371372 0.2865932 0.4027216
0.2913687 0.27459988 0.40182748
0.28352556 0.26675674 0.39398435
0.2811804 0.25611308 0.3861412
0.2811804 0.25476354 0.3930902
0.2811804 0.25611308 0.3861412
0.3219725 0.28860667 0.42143533
0.31412935 0.28076354 0.4135922
0.31255296 0.2861361 0.42446274
0.31255296 0.28478655 0.43141174
0.31805092 0.28198603 0.43141174
0.3086314 0.28086498 0.42749017
0.31255296 0.283437 0.43836075
0.30470982 0.27559388 0.4305176
0.30078825 0.27032274 0.43354505
0.30078825 0.27032274 0.43354505
0.31020778 0.27144378 0.43746662
0.32589406 0.28713006 0.4531529
0.3431568 0.29744378 0.4579686
0.34238806 0.2881753 0.40450978
0.38398796 0.31007642 0.3546275
0.43577605 0.3450662 0.3482275
0.42635652 0.34394518 0.34430593
0.3431568 0.32038608 0.33983535
0.18621598 0.23428476 0.30041572
0.17364348 0.24525844 0.3112863
0.19009846 0.27561143 0.35263526
0.21205147 0.3045134 0.38703534
0.23950244 0.33196437 0.41448632
0.2669534 0.35806578 0.4488863
0.265377 0.36478788 0.45280787
0.27714172 0.37655258 0.46457258
0.2810633 0.38047415 0.46849415
0.2794869 0.38719624 0.47241572
0.28733003 0.39503938 0.48025885
0.2912516 0.39896095 0.48418042
0.28733003 0.39503938 0.48025885
0.28733003 0.39503938 0.48025885
0.2810633 0.38047415 0.46849415
0.27322015 0.37398058 0.453702
0.24969074 0.3518007 0.4232235
0.2300829 0.33219287 0.40361565
0.2198946 0.31370607 0.38792938
0.21754944 0.3030624 0.38008624
0.21520436 0.2937683 0.3652941
0.22462389 0.29623884 0.36226672
0.22777678 0.28549373 0.34052548
0.2521139 0.28763434 0.33447057
0.28667837 0.27355582 0.28190586
0.633392 0.5866726 0.5122432
0.6271252 0.57345694 0.49352947
0.64673305 0.5930648 0.51313734
0.6545762 0.6009079 0.5209805
0.64673305 0.5930648 0.51313734
0.6506546 0.5983359 0.5101098
0.6663409 0.6140222 0.52579606
0.67026246 0.61794376 0.5297176
0.6663409 0.6140222 0.52579606
0.674184 0.62321484 0.5266902
0.6679174 0.60864955 0.5149255
0.6639958 0.604728 0.5110039
0.6639958 0.604728 0.5110039
0.6639958 0.604728 0.5110039
0.68518007 0.61761373 0.5266902
0.68910164 0.62288487 0.5236628
0.6930232 0.62680644 0.5275844
0.68910164 0.62288487 0.5236628
0.68518007 0.6189633 0.51974124
0.6694938 0.603277 0.50405496
0.6757605 0.61784226 0.51581967
0.68360364 0.6256854 0.5236628
0.6875252 0.62960696 0.5275844
0.6796821 0.6217638 0.51974124
0.6914468 0.63352853 0.53150594
0.6875252 0.62960696 0.5275844
0.6992899 0.64137167 0.5393491
0.69536835 0.63610053 0.54237646
0.5879095 0.53424126 0.45431378
0.68360364 0.6243358 0.53061175
0.69536835 0.63610053 0.54237646
0.7149762 0.6557084 0.5619843
0.7110546 0.6517868 0.55806273
0.6914468 0.63217896 0.5384549
0.68360364 0.6243358 0.53061175
0.68360364 0.6243358 0.53061175
0.6679174 0.60864955 0.5149255
0.66007423 0.6008064 0.50708234
0.65615267 0.59553534 0.5101098
0.61063117 0.5791595 0.50742745
0.58867824 0.548908 0.47997648
0.6522311 0.59161377 0.5061882
0.6694938 0.60192746 0.5110039
0.6655722 0.5980059 0.50708234
0.6694938 0.60192746 0.5110039
0.68910164 0.6215353 0.53061175
0.67733693 0.6097706 0.51884705
0.6577291 0.5915123 0.49229026
0.6577291 0.5915123 0.49229026
0.68518007 0.6189633 0.51974124
0.68910164 0.62288487 0.5236628
0.6969448 0.630728 0.53150594
0.70244277 0.629277 0.52455693
0.69067806 0.61886185 0.50584316
0.70009756 0.6199829 0.5097648
0.6922544 0.61213976 0.50192165
0.696176 0.61606133 0.50584316
0.696176 0.6174109 0.4988941
0.6820662 0.59500253 0.47928625
0.6663799 0.57931626 0.46359998
0.67422307 0.58850896 0.4644941
0.6718779 0.57786524 0.45665097
0.6585368 0.5728227 0.44880784
0.67972106 0.5857084 0.4644941
0.69540733 0.60139465 0.48018038
0.7165916 0.6156299 0.4889177
0.72443473 0.62347305 0.49676085
0.73227787 0.6313162 0.504604
0.7283563 0.6287442 0.4937334
0.73619944 0.6365873 0.50157654
0.7299328 0.6233716 0.4828628
0.7142465 0.6076853 0.46717653
0.69856024 0.5933486 0.44454116
0.68287396 0.57766235 0.42885488
0.6844504 0.5709402 0.4249333
0.6648426 0.5526819 0.39837646
0.6687641 0.5566035 0.40229803
0.67268574 0.56052506 0.4062196
0.67268574 0.5591755 0.4131686
0.6805289 0.5670186 0.42101175
0.67660725 0.56309706 0.41709018
0.6805289 0.5670186 0.42101175
0.6844504 0.57228976 0.4179843
0.6687641 0.5552539 0.40924704
0.6805289 0.5670186 0.42101175
0.6750308 0.5698192 0.42101175
0.68679553 0.5815839 0.43277645
0.6907171 0.5855055 0.43669802
0.68679553 0.5815839 0.43277645
0.68287396 0.57766235 0.42885488
0.68679553 0.5815839 0.43277645
0.69856024 0.5946982 0.43759215
0.69463867 0.5907766 0.43367058
0.68521905 0.58695644 0.44364712
0.6929841 0.6588133 0.60367846
0.7658394 0.80945706 0.806502
0.53446686 0.5794341 0.5681804
0.5030943 0.5494111 0.5298588
0.49917275 0.5468391 0.51898825
0.50074923 0.540117 0.5150667
0.4960589 0.5201792 0.49243143
0.39332947 0.3914057 0.427349
0.40901574 0.40709198 0.44303527
0.41528234 0.42030773 0.46174905
0.42704704 0.43207243 0.47351375
0.4466549 0.45033073 0.50007063
0.4333138 0.44528812 0.4922275
0.4450785 0.4557033 0.51094115
0.43565893 0.4532327 0.5139686
0.42547065 0.43339637 0.5052313
0.39175293 0.38868105 0.47991377
0.3439255 0.31750864 0.45583528
0.3313921 0.28567907 0.4462039
0.33296853 0.2776074 0.44923133
0.32904696 0.27368584 0.44530976
0.3267018 0.26304218 0.43746662
0.3267018 0.26304218 0.43746662
0.35965076 0.28769264 0.4649176
0.35415277 0.29049316 0.4649176
0.3557292 0.28242153 0.46794513
0.35415277 0.28914362 0.4718667
0.36357233 0.29026467 0.47578827
0.35807434 0.2930652 0.47578827
0.35257638 0.2958657 0.47578827
0.34707838 0.29866624 0.47578827
0.35257638 0.29451618 0.48273724
0.3368901 0.2788299 0.46705097
0.35415277 0.28644451 0.48576474
0.35415277 0.28644451 0.48576474
0.3557292 0.281072 0.4748941
0.35730565 0.28109756 0.43622744
0.3918311 0.31657004 0.36941957
0.43969762 0.34898776 0.35214907
0.43577605 0.34641576 0.3412784
0.36826265 0.3371934 0.3594432
0.21443567 0.277752 0.34658045
0.20578474 0.29264727 0.36137253
0.22616133 0.3282713 0.3996941
0.25595748 0.3650164 0.4419373
0.28575355 0.4017615 0.48418042
0.31320453 0.42921248 0.5116314
0.32496923 0.4409772 0.52339613
0.33123595 0.45554245 0.53516084
0.3351575 0.459464 0.5390824
0.3351575 0.459464 0.5390824
0.3218164 0.45577097 0.5242902
0.31789485 0.4518494 0.52036864
0.30613014 0.4400847 0.50860393
0.298287 0.43224156 0.5007608
0.2865223 0.42047685 0.48899612
0.29202026 0.41767633 0.48899612
0.28417712 0.4098332 0.48115298
0.28417712 0.4098332 0.48115298
0.2880987 0.41375476 0.48507455
0.28967512 0.40703264 0.48115298
0.29359668 0.41230375 0.47812545
0.29517317 0.40558162 0.47420388
0.29674956 0.4002091 0.4633333
0.3234709 0.3742388 0.4237725
0.48356453 0.45499316 0.41365492
0.62554884 0.57882947 0.5044001
0.6310468 0.5773785 0.49745104
0.63496834 0.5813001 0.5013726
0.6624193 0.60875106 0.5288236
0.6624193 0.6101006 0.5218745
0.6388899 0.5865712 0.4983451
0.6428115 0.5904928 0.50226665
0.6506546 0.5983359 0.5101098
0.6428115 0.5904928 0.50226665
0.6506546 0.5983359 0.5101098
0.66007423 0.6008064 0.50708234
0.67183894 0.6139207 0.5118981
0.6796821 0.6217638 0.51974124
0.6757605 0.61784226 0.51581967
0.6812585 0.61504173 0.51581967
0.67341536 0.6071986 0.50797653
0.66007423 0.602156 0.5001334
0.66007423 0.602156 0.5001334
0.6796821 0.6217638 0.51974124
0.68518007 0.6189633 0.51974124
0.68360364 0.6256854 0.5236628
0.6914468 0.63352853 0.53150594
0.68360364 0.6256854 0.5236628
0.6914468 0.63352853 0.53150594
0.6914468 0.63217896 0.5384549
0.6875252 0.6282574 0.5345333
0.6796821 0.62041426 0.5266902
0.6318155 0.5893461 0.5370118
0.29532924 0.26810744 0.21847063
0.6435802 0.6024604 0.54182744
0.6553449 0.61557466 0.54664314
0.6671096 0.62733936 0.55840784
0.6647645 0.61804515 0.54361576
0.674184 0.62051576 0.54058826
0.674184 0.62051576 0.54058826
0.6898703 0.63620204 0.55627453
0.6781056 0.62443733 0.5445099
0.6781056 0.62443733 0.5445099
0.6663409 0.6126726 0.5327451
0.619243 0.6003197 0.54788244
0.5611882 0.5561629 0.5147216
0.5761058 0.55718243 0.5047451
0.6200508 0.578931 0.51829803
0.63573706 0.59461725 0.5339843
0.63573706 0.59461725 0.5339843
0.6435802 0.6024604 0.54182744
0.65142334 0.6116531 0.54272157
0.6318155 0.59204525 0.5231137
0.6671096 0.62733936 0.55840784
0.6922155 0.64549613 0.57106674
0.6624193 0.6101006 0.5218745
0.6404664 0.5811986 0.4874745
0.6420428 0.57582605 0.47660398
0.66165066 0.5954339 0.49621183
0.66714865 0.5939829 0.48926282
0.68833286 0.6068686 0.5049491
0.6867565 0.6149403 0.50192165
0.7259722 0.65415597 0.54113734
0.7353917 0.655277 0.54505885
0.7353917 0.655277 0.54505885
0.7432348 0.66312015 0.552902
0.7353917 0.6566266 0.5381098
0.72520345 0.6381398 0.5224235
0.71893674 0.62492406 0.5037098
0.70325047 0.6092378 0.48802352
0.6812975 0.5803358 0.4536236
0.68521905 0.58425736 0.45754516
0.69698375 0.59602207 0.46930987
0.6812975 0.58168536 0.4466746
0.69698375 0.59737164 0.46236086
0.69698375 0.59737164 0.46236086
0.7009053 0.6026427 0.4593334
0.71032494 0.60376376 0.46325496
0.68679553 0.5815839 0.43277645
0.69856024 0.5933486 0.44454116
0.69856024 0.5933486 0.44454116
0.7079798 0.5944696 0.44846272
0.6922935 0.5801329 0.42582744
0.7040583 0.59054804 0.44454116
0.6922935 0.57878333 0.43277645
0.688372 0.57486176 0.42885488
0.6844504 0.5709402 0.4249333
0.6922935 0.57878333 0.43277645
0.688372 0.57486176 0.42885488
0.68287396 0.57766235 0.42885488
0.69463867 0.58942705 0.4406196
0.69463867 0.5880775 0.44756868
0.6891406 0.5922276 0.4406196
0.7181681 0.61295646 0.464149
0.7142465 0.6090349 0.46022743
0.71032494 0.6051133 0.45630586
0.69463867 0.58942705 0.4406196
0.69463867 0.58942705 0.4406196
0.68287396 0.57766235 0.42885488
0.68521905 0.58695644 0.44364712
0.6969448 0.630728 0.53150594
0.7689923 0.798712 0.7847608
0.5893688 0.6356856 0.61613333
0.5030943 0.5494111 0.5298588
0.49682766 0.53619546 0.5111451
0.49682766 0.53619546 0.5111451
0.5329294 0.54200345 0.55854905
0.55253726 0.5616113 0.57815695
0.558804 0.5761766 0.5899216
0.5666471 0.5840197 0.59776473
0.56507075 0.58939224 0.6086353
0.5689923 0.5933138 0.6125569
0.55957276 0.59084326 0.6155843
0.54780805 0.577729 0.6107687
0.53761977 0.5578926 0.6020314
0.48587057 0.48414823 0.5670824
0.41924304 0.3692801 0.50770986
0.3674939 0.29688534 0.46581173
0.3557292 0.28377107 0.46099603
0.34788606 0.27592793 0.4531529
0.3439645 0.27065682 0.45618042
0.35180762 0.27849996 0.46402356
0.3674939 0.29418623 0.47970983
0.41455272 0.34124506 0.5267687
0.36907035 0.28611454 0.48273724
0.38083506 0.2992288 0.48755297
0.38318017 0.3098725 0.4953961
0.37533703 0.3033789 0.48060387
0.3737606 0.310101 0.48452544
0.36118817 0.32242417 0.488447
0.35099995 0.30393735 0.47276074
0.34473324 0.28667304 0.4748941
0.35807434 0.29036608 0.4896863
0.36357233 0.28756556 0.4896863
0.37299192 0.28868654 0.49360788
0.37064683 0.2847906 0.4510196
0.39732912 0.31107035 0.38331768
0.4553839 0.36332452 0.37478435
0.43419966 0.35313788 0.34519997
0.3761058 0.34503654 0.36728632
0.24423173 0.31584668 0.38187456
0.2402712 0.35067967 0.41930193
0.28183198 0.40053904 0.46636075
0.32731438 0.45297045 0.5242902
0.36495367 0.49890822 0.56742746
0.38063994 0.5145945 0.58311373
0.38848308 0.52243763 0.59095687
0.39240465 0.5263592 0.59487844
0.38848308 0.52243763 0.59095687
0.3790634 0.52131665 0.5870353
0.3790634 0.52131665 0.5870353
0.37122026 0.5134735 0.57919216
0.37122026 0.5134735 0.57919216
0.3672987 0.50955194 0.5752706
0.37122026 0.5134735 0.57919216
0.37514183 0.5173951 0.58311373
0.37122026 0.5134735 0.57919216
0.37122026 0.5134735 0.57919216
0.36337712 0.5056304 0.571349
0.37122026 0.5134735 0.57919216
0.3727968 0.50675136 0.5752706
0.37671837 0.51202244 0.5722431
0.3798712 0.49992782 0.55745095
0.41916496 0.46703252 0.48617253
0.633392 0.5866726 0.5122432
0.63496834 0.5813001 0.5013726
0.6388899 0.58522165 0.5052942
0.6388899 0.5865712 0.4983451
0.6428115 0.5904928 0.50226665
0.6545762 0.6022575 0.51403135
0.6545762 0.6022575 0.51403135
0.6545762 0.6022575 0.51403135
0.6624193 0.6101006 0.5218745
0.6663409 0.6140222 0.52579606
0.6663409 0.6153717 0.51884705
0.67183894 0.6125711 0.51884705
0.6914468 0.63352853 0.53150594
0.6875252 0.62960696 0.5275844
0.6757605 0.61784226 0.51581967
0.67733693 0.61112016 0.5118981
0.6679174 0.6099991 0.50797653
0.6796821 0.6217638 0.51974124
0.68360364 0.6256854 0.5236628
0.6757605 0.61784226 0.51581967
0.6757605 0.61784226 0.51581967
0.6930232 0.62680644 0.5275844
0.69536835 0.6374501 0.5354275
0.6914468 0.63352853 0.53150594
0.6875252 0.6282574 0.5345333
0.6663409 0.6126726 0.5327451
0.6624193 0.60875106 0.5288236
0.6341606 0.5986402 0.55180395
0.12658466 0.19685008 0.27117646
0.51324356 0.59315705 0.65638435
0.51558864 0.6051502 0.6572785
0.503824 0.5933855 0.6455138
0.44031015 0.51462424 0.56405485
0.52270216 0.56362075 0.57726276
0.63804317 0.6386173 0.6109726
0.6757214 0.64849955 0.59886277
0.6655331 0.6313623 0.5762275
0.65769 0.6235192 0.56838435
0.66161156 0.62744075 0.5723059
0.652192 0.6263197 0.56838435
0.6066706 0.60724473 0.57960004
0.5078236 0.52924484 0.5180941
0.5078236 0.52924484 0.5180941
0.51174515 0.534516 0.5150667
0.5133216 0.5277938 0.5111451
0.4976353 0.51345706 0.48850986
0.48979214 0.5056139 0.4806667
0.47176084 0.48063344 0.45018828
0.45607457 0.46359763 0.441451
0.47802743 0.49384922 0.468902
0.5148981 0.52377075 0.49332556
0.54550195 0.5391271 0.5059843
0.55884314 0.54686874 0.4999295
0.58160377 0.5557315 0.49779615
0.6200508 0.58028054 0.511349
0.6412351 0.5958653 0.51313734
0.66007423 0.5994569 0.51403135
0.6679174 0.60864955 0.5149255
0.67733693 0.61112016 0.5118981
0.6828349 0.60966915 0.5049491
0.6749918 0.601826 0.49710596
0.6985212 0.626705 0.5136863
0.71186227 0.6317476 0.52152944
0.71578383 0.63701874 0.51850194
0.729125 0.6434109 0.51939607
0.7228583 0.6288457 0.50763136
0.7228583 0.63019514 0.5006824
0.71893674 0.62627363 0.49676085
0.7228583 0.63019514 0.5006824
0.71893674 0.62627363 0.49676085
0.71893674 0.62627363 0.49676085
0.6993289 0.6080153 0.470204
0.69540733 0.6040938 0.46628243
0.6812975 0.5830349 0.43972555
0.7048269 0.6065643 0.46325496
0.70874846 0.61048585 0.46717653
0.7142465 0.6090349 0.46022743
0.71032494 0.6051133 0.45630586
0.7142465 0.6090349 0.46022743
0.7377759 0.6325643 0.48375684
0.7181681 0.61295646 0.464149
0.7275877 0.61407745 0.46807057
0.7275877 0.61407745 0.46807057
0.7079798 0.5944696 0.44846272
0.7142465 0.6090349 0.46022743
0.7181681 0.61295646 0.464149
0.72208965 0.61552846 0.47501966
0.72443473 0.6261721 0.4828628
0.7283563 0.6300937 0.48678437
0.7299328 0.62472117 0.4759137
0.72443473 0.6275217 0.4759137
0.7181681 0.61295646 0.464149
0.7142465 0.6090349 0.46022743
0.7142465 0.6090349 0.46022743
0.7142465 0.6090349 0.46022743
0.7064034 0.60119176 0.4523843
0.69698375 0.59872115 0.45541182
0.68990934 0.60419524 0.48018038
0.71962744 0.70765305 0.6607138
0.66153353 0.7009013 0.675851
0.52977663 0.5608459 0.5385961
0.50074923 0.540117 0.5150667
0.59175295 0.60352606 0.6034745
0.6058628 0.6245849 0.6300314
0.61212957 0.63915014 0.6417961
0.6238943 0.65091485 0.6535608
0.62231785 0.65628743 0.66443145
0.62231785 0.65628743 0.66443145
0.6144747 0.6470947 0.66353726
0.5909453 0.6235653 0.64000785
0.5556512 0.5855721 0.6186118
0.51724315 0.5182199 0.5845569
0.4231646 0.37455124 0.50468236
0.36357233 0.2943133 0.45494115
0.3612272 0.28097048 0.46099603
0.36514878 0.28489205 0.4649176
0.36907035 0.28746408 0.47578827
0.3612272 0.27962095 0.46794513
0.3612272 0.27962095 0.46794513
0.39886644 0.32420924 0.51803136
0.35338408 0.27042827 0.46705097
0.37299192 0.29138565 0.47970983
0.38475662 0.30315036 0.49147454
0.38318017 0.31122205 0.488447
0.37218422 0.31817266 0.481498
0.34158033 0.3041659 0.46189016
0.32747054 0.2817575 0.44228232
0.3368901 0.28017944 0.460102
0.35965076 0.283644 0.48576474
0.3674939 0.29148713 0.49360788
0.37299192 0.28868654 0.49360788
0.3745684 0.28871217 0.45494115
0.39732912 0.30837128 0.39721566
0.44519562 0.3448377 0.35909808
0.43969762 0.34898776 0.35214907
0.38394892 0.35422924 0.36818036
0.27010632 0.35001975 0.4132471
0.2779104 0.39661747 0.46243918
0.34300065 0.47000623 0.5330274
0.38063994 0.5145945 0.58311373
0.41985565 0.5538102 0.6223295
0.43554193 0.56949645 0.63801575
0.44730663 0.5826107 0.6428314
0.4512282 0.5865323 0.64675295
0.44965166 0.5932545 0.6506745
0.44965166 0.5932545 0.6506745
0.44965166 0.5932545 0.6506745
0.44965166 0.5932545 0.6506745
0.45357323 0.5971761 0.6545961
0.4574948 0.5997481 0.6654667
0.45357323 0.5958265 0.66154516
0.4574948 0.5997481 0.6654667
0.46141636 0.60366964 0.6693883
0.45357323 0.5958265 0.66154516
0.44180852 0.5840618 0.64978045
0.43004382 0.5722971 0.63801575
0.43162036 0.5655749 0.6340942
0.43554193 0.56949645 0.63801575
0.45987904 0.5716371 0.63196075
0.57060784 0.55863345 0.5116942
0.62554884 0.57882947 0.5044001
0.6310468 0.5773785 0.49745104
0.6506546 0.59698635 0.51705885
0.64673305 0.59441435 0.5061882
0.6428115 0.5904928 0.50226665
0.6522311 0.59161377 0.5061882
0.6404664 0.5811986 0.4874745
0.65849775 0.60752857 0.5110039
0.6624193 0.61145014 0.5149255
0.6663409 0.6153717 0.51884705
0.6781056 0.6271364 0.53061175
0.6875252 0.6282574 0.5345333
0.68360364 0.6256854 0.5236628
0.6796821 0.6217638 0.51974124
0.68360364 0.6256854 0.5236628
0.67733693 0.61112016 0.5118981
0.6796821 0.6217638 0.51974124
0.6875252 0.62960696 0.5275844
0.7032115 0.64529324 0.54327065
0.69536835 0.6374501 0.5354275
0.6930232 0.62680644 0.5275844
0.67733693 0.61112016 0.5118981
0.6694938 0.603277 0.50405496
0.67183894 0.6112216 0.52579606
0.67260766 0.6258883 0.5514589
0.62078047 0.62560445 0.6200549
0.65049845 0.7263633 0.8144863
0.37360454 0.4759157 0.59432936
0.8128202 0.9218792 0.99880004
0.84419274 0.9559508 1.0
0.84419274 0.95730036 1.0
0.8402712 0.9533788 1.0
0.84419274 0.9559508 1.0
0.8010555 0.91281354 0.97313726
0.5438084 0.64726794 0.7103921
0.5391572 0.5926241 0.6255608
0.5791806 0.6131502 0.62129414
0.57683545 0.6052056 0.5995529
0.5823334 0.60375464 0.5926039
0.5705687 0.59198993 0.5808392
0.52977663 0.5581468 0.5524941
0.48506296 0.52038205 0.5202275
0.45761195 0.49293104 0.4927765
0.45369038 0.48900947 0.48885494
0.46937665 0.50604534 0.49759212
0.47721982 0.5138885 0.5054353
0.48506296 0.5230812 0.5063294
0.47721982 0.51523805 0.49848628
0.4631099 0.49282962 0.4788784
0.47095305 0.50067276 0.48672155
0.47095305 0.50067276 0.48672155
0.47487462 0.5045943 0.4906431
0.4944825 0.5255518 0.503302
0.5015569 0.5173786 0.49243143
0.51724315 0.5330649 0.5081177
0.53450596 0.5433786 0.5129334
0.578451 0.565127 0.5264863
0.63258415 0.60671186 0.5487765
0.64434886 0.61982614 0.55359215
0.6710312 0.63126093 0.5623294
0.67260766 0.62723786 0.5445099
0.69379187 0.6414732 0.55324703
0.7032115 0.64394367 0.5502196
0.72439575 0.6595285 0.5520079
0.72989374 0.6594271 0.5381098
0.723627 0.64621145 0.51939607
0.72520345 0.63948935 0.5154745
0.73696816 0.65260357 0.52029026
0.7330466 0.648682 0.5163687
0.7408897 0.65652514 0.5242118
0.734623 0.6419599 0.5124471
0.74246615 0.6511526 0.51334125
0.73070145 0.63938785 0.50157654
0.72443473 0.6248226 0.48981184
0.7440426 0.64577997 0.5024706
0.73227787 0.63401526 0.49070594
0.74561906 0.6390579 0.49854907
0.7299328 0.62472117 0.4759137
0.72208965 0.61687803 0.46807057
0.71032494 0.6051133 0.45630586
0.70013666 0.58797604 0.43367058
0.69621515 0.58405447 0.429749
0.6805289 0.5683682 0.41406274
0.69621515 0.5827049 0.43669802
0.68287396 0.57766235 0.42885488
0.7024818 0.5972702 0.44846272
0.7299328 0.62472117 0.4759137
0.72208965 0.61552846 0.47501966
0.7299328 0.62472117 0.4759137
0.72208965 0.61687803 0.46807057
0.6907171 0.5855055 0.43669802
0.68287396 0.57766235 0.42885488
0.7024818 0.5972702 0.44846272
0.7064034 0.60119176 0.4523843
0.71032494 0.6051133 0.45630586
0.7024818 0.59861976 0.44151372
0.68679553 0.5815839 0.43277645
0.68679553 0.5815839 0.43277645
0.6891406 0.590878 0.44756868
0.68910164 0.6215353 0.53061175
0.6976353 0.7148066 0.6815608
0.5431177 0.5658885 0.54643923
0.59175295 0.6021765 0.61042356
0.61370593 0.63242805 0.63787454
0.61212957 0.63915014 0.6417961
0.6238943 0.65091485 0.6535608
0.6262394 0.660209 0.66835296
0.62231785 0.65628743 0.66443145
0.6183963 0.6510163 0.66745883
0.58702374 0.61964375 0.6360863
0.55330604 0.57627803 0.6038196
0.52274126 0.5167689 0.57760787
0.4349293 0.38766548 0.509498
0.3674939 0.29823488 0.45886272
0.35730565 0.27839848 0.45012546
0.35338408 0.27312735 0.4531529
0.3494625 0.26920578 0.44923133
0.3494625 0.26785624 0.45618042
0.3494625 0.26785624 0.45618042
0.35730565 0.27434984 0.47097254
0.35338408 0.2717778 0.460102
0.3612272 0.27962095 0.46794513
0.3769135 0.29665676 0.4766823
0.37533703 0.30472848 0.47365487
0.35807434 0.2957643 0.46189016
0.32981563 0.2924012 0.45012546
0.32747054 0.2817575 0.44228232
0.34081167 0.28545055 0.45707446
0.35965076 0.283644 0.48576474
0.3557292 0.27972242 0.48184317
0.3557292 0.27972242 0.48184317
0.3628037 0.27694747 0.44317645
0.39498398 0.29907715 0.38242358
0.44127405 0.34091613 0.3551765
0.4318545 0.3424942 0.33735684
0.39179206 0.36207238 0.3760235
0.29363573 0.37354916 0.43677652
0.3116281 0.43863368 0.50165486
0.36887524 0.5041793 0.56439996
0.41985565 0.55515975 0.6153804
0.45514977 0.59045386 0.6506745
0.47867918 0.6139833 0.67420393
0.4904439 0.625748 0.68596864
0.49828702 0.6335911 0.6938118
0.49828702 0.6335911 0.6938118
0.4927889 0.63639176 0.6938118
0.4927889 0.63639176 0.6938118
0.4927889 0.63639176 0.6938118
0.4927889 0.63639176 0.6938118
0.50063205 0.6428853 0.708604
0.48729092 0.6378427 0.70076084
0.48729092 0.6378427 0.70076084
0.48336935 0.63392115 0.6968393
0.4755262 0.626078 0.68899614
0.46141636 0.60366964 0.6693883
0.4457301 0.58798337 0.653702
0.42612225 0.5683755 0.6340942
0.44730663 0.58126116 0.64978045
0.5054004 0.59071213 0.62074506
0.630239 0.5974178 0.5339843
0.63731354 0.5905942 0.5161648
0.6310468 0.5773785 0.49745104
0.63496834 0.5813001 0.5013726
0.6428115 0.5904928 0.50226665
0.6639958 0.6033785 0.5179529
0.6545762 0.6022575 0.51403135
0.6522311 0.5929633 0.4992392
0.65615267 0.59688485 0.5031608
0.6428115 0.5918423 0.49531764
0.64673305 0.59576386 0.4992392
0.6757605 0.6164927 0.5227686
0.6757605 0.6164927 0.5227686
0.66007423 0.6008064 0.50708234
0.6522311 0.59431285 0.49229026
0.67341536 0.6071986 0.50797653
0.67341536 0.6071986 0.50797653
0.67733693 0.61112016 0.5118981
0.67733693 0.61112016 0.5118981
0.67341536 0.6071986 0.50797653
0.6655722 0.59935546 0.5001334
0.6577291 0.5915123 0.49229026
0.6577291 0.59016275 0.4992392
0.64673305 0.5917152 0.52008635
0.6011726 0.60464704 0.60739607
0.7351965 0.8193599 0.9046824
0.83400446 0.9307163 1.0
0.71243584 0.8064486 0.92766273
0.6504594 0.76106924 0.87668234
0.8057458 0.92735314 1.0
0.80966735 0.9312747 1.0
0.8175105 0.9431665 1.0
0.82143205 0.94843763 1.0
0.82143205 0.94978714 1.0
0.8175105 0.94451606 1.0
0.8080909 0.94204545 1.0
0.77437323 0.90002924 0.97134906
0.421471 0.5096831 0.57010984
0.48425522 0.5377222 0.57065886
0.48975322 0.5376208 0.5567608
0.50543946 0.55465657 0.56549805
0.51720417 0.5664213 0.57726276
0.52112573 0.5716924 0.5742353
0.49759635 0.548163 0.5507059
0.4795649 0.52183306 0.5271765
0.47172177 0.5153395 0.51238436
0.46780017 0.51276743 0.5015137
0.48348647 0.5284537 0.5172
0.48506296 0.5217316 0.5132784
0.48898453 0.52700275 0.510251
0.48506296 0.5230812 0.5063294
0.48348647 0.5284537 0.5172
0.4913296 0.53629684 0.52504313
0.49682766 0.5334963 0.52504313
0.50074923 0.5374179 0.5289647
0.50074923 0.5374179 0.5289647
0.50859237 0.54391146 0.5437569
0.50859237 0.54391146 0.5437569
0.50232565 0.5306958 0.52504313
0.4944825 0.52285266 0.5172
0.50232565 0.5306958 0.52504313
0.51174515 0.5331664 0.5220157
0.53842753 0.5459506 0.52380395
0.619243 0.5989702 0.55483145
0.690639 0.6508688 0.58193725
0.7133997 0.6624305 0.56590587
0.7338153 0.6619991 0.5489805
0.71578383 0.63701874 0.51850194
0.7353917 0.6566266 0.5381098
0.74873286 0.66301876 0.5390039
0.7408897 0.6551756 0.5311608
0.7173603 0.6329957 0.5006824
0.7150152 0.622352 0.49283928
0.71267 0.6130579 0.47804713
0.7009053 0.6012932 0.46628243
0.6930622 0.59345007 0.4584393
0.69698375 0.59872115 0.45541182
0.70874846 0.61048585 0.46717653
0.7142465 0.6076853 0.46717653
0.7024818 0.5972702 0.44846272
0.68287396 0.57766235 0.42885488
0.67660725 0.5644466 0.41014117
0.6648426 0.5526819 0.39837646
0.660921 0.54876035 0.3944549
0.64915633 0.53699565 0.3826902
0.65699947 0.5434892 0.39748234
0.6452347 0.5317245 0.38571763
0.64757985 0.54236823 0.39356077
0.655423 0.55021137 0.4014039
0.655423 0.55021137 0.4014039
0.67110926 0.5672472 0.41014117
0.6671877 0.56332564 0.4062196
0.6515014 0.54763937 0.39053333
0.655423 0.55021137 0.4014039
0.67268574 0.5591755 0.4131686
0.67110926 0.5672472 0.41014117
0.67110926 0.5672472 0.41014117
0.6907171 0.58685505 0.429749
0.69463867 0.5907766 0.43367058
0.69856024 0.5933486 0.44454116
0.67345434 0.5765413 0.4249333
0.6804897 0.6030742 0.4762588
0.7117843 0.6998099 0.65287066
0.56822354 0.57999665 0.5799451
0.5823334 0.6010555 0.606502
0.58860016 0.61562073 0.6182667
0.60036486 0.62738544 0.6300314
0.61212957 0.63780063 0.6487452
0.61605114 0.6417222 0.6526667
0.61212957 0.63645107 0.6556941
0.5925217 0.6168432 0.6360863
0.57449025 0.5891638 0.6195059
0.5148981 0.50892574 0.56976473
0.4349293 0.38766548 0.509498
0.3557292 0.2878197 0.440149
0.3494625 0.2719049 0.4353333
0.34711742 0.2612612 0.42749017
0.34711742 0.25991166 0.43443918
0.34161937 0.2627122 0.43443918
0.34161937 0.26136264 0.4413882
0.34554094 0.2652842 0.44530976
0.34161937 0.26136264 0.4413882
0.35338408 0.27312735 0.4531529
0.36907035 0.28881362 0.46883917
0.36357233 0.29296377 0.46189016
0.35965076 0.2890422 0.4579686
0.35257638 0.29856482 0.46189016
0.33531368 0.28960064 0.45012546
0.33923525 0.2908231 0.46794513
0.3384665 0.2721078 0.4631294
0.34630963 0.27995095 0.47097254
0.34788606 0.27322885 0.46705097
0.3494625 0.27325442 0.4283843
0.37772128 0.28876343 0.37760782
0.42950934 0.32915142 0.3434118
0.4318545 0.3424942 0.33735684
0.4012116 0.36454296 0.37299606
0.309322 0.38923544 0.4524628
0.33123595 0.45824152 0.5212627
0.38063994 0.515944 0.57616466
0.4276988 0.5630029 0.62322354
0.46691447 0.60221857 0.6624392
0.48652232 0.6218264 0.68204707
0.50063205 0.6442349 0.7016549
0.5045536 0.64815646 0.7055765
0.5084752 0.65207803 0.70949805
0.5084752 0.65207803 0.70949805
0.5108203 0.6627217 0.7173412
0.51239675 0.6559996 0.7134196
0.5029772 0.653529 0.7164471
0.50689876 0.65745056 0.7203687
0.49905562 0.6496074 0.71252555
0.49513406 0.6443363 0.715553
0.4912125 0.6404147 0.7116314
0.48336935 0.6325716 0.7037883
0.46768308 0.6168853 0.688102
0.43631053 0.58551276 0.65672946
0.42220068 0.56445396 0.6301726
0.44338506 0.57868916 0.6389098
0.6043255 0.59795064 0.56480783
0.6435802 0.60380995 0.53487843
0.6451567 0.5997869 0.51705885
0.6388899 0.58522165 0.5052942
0.6545762 0.6009079 0.5209805
0.6639958 0.6033785 0.5179529
0.65615267 0.59553534 0.5101098
0.65615267 0.59553534 0.5101098
0.6639958 0.604728 0.5110039
0.67183894 0.6112216 0.52579606
0.6624193 0.6101006 0.5218745
0.674184 0.62186533 0.5336392
0.67026246 0.61794376 0.5297176
0.6781056 0.6257869 0.53756076
0.6757605 0.6164927 0.5227686
0.67183894 0.6125711 0.51884705
0.6796821 0.6217638 0.51974124
0.6796821 0.6217638 0.51974124
0.68518007 0.6189633 0.51974124
0.67733693 0.61112016 0.5118981
0.6694938 0.60192746 0.5110039
0.6577291 0.59016275 0.4992392
0.66007423 0.6008064 0.50708234
0.62708616 0.60546374 0.56962353
0.68110234 0.7430691 0.82019603
0.77049065 0.85195494 0.95387447
0.36814553 0.44131124 0.54603136
0.10228658 0.15595487 0.23588233
0.14230998 0.1751313 0.23856467
0.14307873 0.18709889 0.27812546
0.19717291 0.26338965 0.3626118
0.1571495 0.24556278 0.35298038
0.4904439 0.6163011 0.7346118
0.7672987 0.90280426 1.0
0.7908281 0.92903274 1.0
0.80416936 0.9367743 1.0
0.80416936 0.9381239 1.0
0.80416936 0.9381239 1.0
0.79240465 0.9250096 1.0
0.58144766 0.69050664 0.7674275
0.498365 0.5601306 0.5902667
0.4881768 0.5443429 0.56068236
0.49601993 0.552186 0.5685255
0.5038631 0.56002915 0.57636863
0.4999415 0.5574571 0.56549805
0.48425522 0.5431204 0.5428628
0.48583165 0.5363983 0.53894126
0.48348647 0.52575463 0.5310981
0.4913296 0.53359777 0.53894126
0.48348647 0.52710414 0.52414906
0.48740804 0.5310257 0.5280706
0.4779885 0.52855515 0.5310981
0.48191008 0.53112715 0.54196864
0.48425522 0.5404213 0.5567608
0.4764121 0.5325782 0.54891765
0.4764121 0.5312286 0.5558667
0.46933764 0.5380522 0.57368624
0.487369 0.56168306 0.6111137
0.47087502 0.56738555 0.6250118
0.5163574 0.61846745 0.6898902
0.5791025 0.679863 0.75958437
0.6026319 0.7033924 0.7831138
0.5767574 0.6705688 0.74479216
0.46618477 0.54609823 0.6093255
0.44896108 0.50377756 0.52841574
0.47487462 0.5045943 0.4906431
0.4976353 0.51345706 0.48850986
0.56826264 0.5493393 0.49690202
0.6545762 0.603607 0.50708234
0.71578383 0.6356692 0.52545106
0.7197054 0.6409403 0.5224235
0.72520345 0.63948935 0.5154745
0.7173603 0.6316462 0.50763136
0.71893674 0.62627363 0.49676085
0.7150152 0.6237016 0.48589027
0.7009053 0.6012932 0.46628243
0.6812975 0.58168536 0.4466746
0.6891406 0.5895285 0.45451772
0.68521905 0.58560693 0.45059615
0.6930622 0.5947996 0.45149025
0.68679553 0.58023435 0.43972555
0.69463867 0.58942705 0.4406196
0.69856024 0.5933486 0.44454116
0.69463867 0.5907766 0.43367058
0.7079798 0.5958192 0.44151372
0.7260112 0.62214917 0.46504313
0.7260112 0.62214917 0.46504313
0.72208965 0.6182276 0.46112156
0.72208965 0.6182276 0.46112156
0.7260112 0.62214917 0.46504313
0.73385435 0.6299923 0.47288626
0.7181681 0.61430603 0.4572
0.72208965 0.6182276 0.46112156
0.7142465 0.61038446 0.45327842
0.71032494 0.6064629 0.44935685
0.6907171 0.58685505 0.429749
0.68287396 0.5790119 0.42190588
0.69856024 0.5946982 0.43759215
0.69463867 0.5907766 0.43367058
0.6922935 0.5814824 0.4188785
0.6922935 0.5814824 0.4188785
0.6844504 0.5736393 0.41103536
0.6922935 0.5801329 0.42582744
0.68679553 0.58023435 0.43972555
0.51724315 0.5249676 0.5498118
0.5329294 0.5406539 0.56549805
0.53527457 0.5512976 0.5733412
0.5470393 0.5630623 0.5851059
0.5470393 0.5617128 0.5920549
0.55096084 0.56563437 0.5959765
0.5470393 0.5617128 0.5920549
0.5431177 0.55779123 0.58813334
0.5250863 0.53146124 0.5646039
0.48352554 0.47755313 0.5383921
0.40355676 0.35899204 0.4642275
0.3502312 0.29466888 0.41930193
0.33219978 0.2669894 0.4027216
0.32043508 0.25387514 0.39790592
0.30709395 0.24883252 0.39006278
0.31493708 0.25532612 0.4048549
0.31101552 0.25140455 0.40093333
0.31101552 0.25005502 0.40788233
0.30551755 0.25285554 0.40788233
0.3133607 0.2620482 0.40877646
0.3251254 0.27381292 0.42054117
0.33296853 0.28165606 0.4283843
0.3196274 0.2752639 0.42749017
0.3219725 0.2859076 0.4353333
0.30470982 0.27559388 0.4305176
0.30628622 0.26887178 0.42659605
0.28902355 0.25855803 0.42178035
0.2945215 0.2557575 0.42178035
0.2945215 0.25710708 0.41483134
0.30001956 0.2597047 0.38703534
0.3392743 0.2696126 0.33625886
0.42401135 0.33465105 0.3295137
0.43969762 0.35033733 0.34519997
0.41063115 0.365664 0.37691763
0.31324357 0.393157 0.45638436
0.32731438 0.45431995 0.51734114
0.38063994 0.5145945 0.58311373
0.43162036 0.5655749 0.6340942
0.46691447 0.600869 0.6693883
0.48886734 0.6311206 0.6968393
0.5045536 0.6468069 0.71252555
0.5045536 0.64815646 0.7055765
0.5084752 0.65072846 0.7164471
0.5084752 0.65072846 0.7164471
0.5029772 0.653529 0.7164471
0.5029772 0.653529 0.7164471
0.50689876 0.65745056 0.7203687
0.5029772 0.653529 0.7164471
0.49513406 0.6443363 0.715553
0.4912125 0.6404147 0.7116314
0.48179296 0.6392937 0.70770985
0.47002825 0.62617946 0.7028941
0.45826355 0.61441475 0.6911294
0.43631053 0.58416325 0.6636784
0.43004382 0.5709475 0.64496475
0.45987904 0.57298666 0.6250118
0.6278939 0.5881237 0.51919216
0.6412351 0.59451574 0.52008635
0.64673305 0.5930648 0.51313734
0.6428115 0.5891432 0.5092157
0.65615267 0.59418577 0.51705885
0.66007423 0.5994569 0.51403135
0.66007423 0.5994569 0.51403135
0.6639958 0.6033785 0.5179529
0.66007423 0.6008064 0.50708234
0.65615267 0.59688485 0.5031608
0.6522311 0.59161377 0.5061882
0.66007423 0.5994569 0.51403135
0.6663409 0.6140222 0.52579606
0.6757605 0.6151432 0.5297176
0.6796821 0.62041426 0.5266902
0.6679174 0.60864955 0.5149255
0.6694938 0.60192746 0.5110039
0.66007423 0.602156 0.5001334
0.6679174 0.6099991 0.50797653
0.6812585 0.61369216 0.5227686
0.68360364 0.6243358 0.53061175
0.68202716 0.6283589 0.5484314
0.5761058 0.55313385 0.52559215
0.2552668 0.2741901 0.32662743
0.16818455 0.20930438 0.26993722
0.16034141 0.20146124 0.26209408
0.18152566 0.21569654 0.27083135
0.15957274 0.18544501 0.24338037
0.10859235 0.13446462 0.19239998
0.18387082 0.22499065 0.2856235
0.21524338 0.25501367 0.32394513
0.16034141 0.20011169 0.26904318
0.26699245 0.32066077 0.4005882
0.22854546 0.29611176 0.38703534
0.28183198 0.39379132 0.50110584
0.7610321 0.8895884 0.99130195
0.78690654 0.9251112 1.0
0.7947497 0.9343039 1.0
0.8002478 0.93285275 1.0
0.7908281 0.9303823 1.0
0.69986343 0.8241699 0.90378827
0.5124749 0.58118945 0.61682355
0.5156278 0.5704443 0.5950824
0.51954937 0.57436585 0.599004
0.51170623 0.5665227 0.59116083
0.50778466 0.5639507 0.5802902
0.509361 0.5572286 0.57636863
0.49367478 0.54289186 0.55373335
0.49759635 0.548163 0.5507059
0.49601993 0.5535355 0.5615765
0.49052188 0.5549866 0.5685255
0.45284358 0.5424051 0.5945334
0.48967513 0.60703266 0.681153
0.6120125 0.74326795 0.8283843
0.6857535 0.8017615 0.8841804
0.7343888 0.8434478 0.9203687
0.7539967 0.86305565 0.9399765
0.7736045 0.8813139 0.96653336
0.7759496 0.8906081 0.98132545
0.77987117 0.89452964 0.985247
0.7782948 0.90125173 0.9891686
0.7877143 0.9023728 0.99309015
0.7916359 0.90629435 0.9970117
0.7916359 0.90764385 0.9900628
0.78144765 0.88915706 0.9743765
0.5571495 0.650961 0.7251843
0.43485123 0.4827188 0.5018588
0.4631099 0.49282962 0.4788784
0.48902354 0.4909472 0.4550039
0.5965214 0.55675113 0.4878196
0.723627 0.6435123 0.5332942
0.73931324 0.66054815 0.54203135
0.75265443 0.66694033 0.5429255
0.75265443 0.66828984 0.5359765
0.734623 0.6433095 0.5054981
0.7267799 0.63546634 0.49765497
0.73070145 0.63938785 0.50157654
0.74246615 0.6511526 0.51334125
0.7385446 0.647231 0.5094197
0.72051316 0.62090105 0.48589027
0.72208965 0.61552846 0.47501966
0.7142465 0.6090349 0.46022743
0.7064034 0.60119176 0.4523843
0.69463867 0.58942705 0.4406196
0.69621515 0.58405447 0.429749
0.70013666 0.58797604 0.43367058
0.6907171 0.58685505 0.429749
0.68287396 0.5790119 0.42190588
0.68287396 0.5790119 0.42190588
0.68679553 0.5829335 0.42582744
0.6922935 0.5801329 0.42582744
0.6844504 0.57228976 0.4179843
0.6844504 0.57228976 0.4179843
0.6805289 0.5683682 0.41406274
0.68679553 0.5829335 0.42582744
0.69621515 0.58405447 0.429749
0.69856024 0.5946982 0.43759215
0.7142465 0.61038446 0.45327842
0.7024818 0.59861976 0.44151372
0.6844504 0.5736393 0.41103536
0.688372 0.57756084 0.41495693
0.6922935 0.5814824 0.4188785
0.6922935 0.5814824 0.4188785
0.688372 0.57621133 0.42190588
0.37606665 0.38109204 0.42253336
0.37998822 0.3850136 0.42645493
0.3823334 0.39565727 0.43429807
0.38625497 0.39957884 0.43821964
0.39017653 0.4035004 0.4421412
0.38625497 0.39957884 0.43821964
0.3940981 0.40877154 0.4391137
0.3705687 0.38524213 0.4155843
0.36822352 0.3732489 0.41469023
0.35176864 0.33884725 0.39418828
0.3086314 0.29571 0.35105103
0.30236465 0.28114477 0.33928633
0.28510198 0.2694815 0.34141958
0.27491367 0.24964517 0.33268234
0.25999615 0.24862555 0.34265888
0.252153 0.23943287 0.3417647
0.24430987 0.23158972 0.33392155
0.25449803 0.2500766 0.34960783
0.22939222 0.23326927 0.32999998
0.23331378 0.2358413 0.34087056
0.24900007 0.2515276 0.35655683
0.25292164 0.25544918 0.3604784
0.24900007 0.2515276 0.35655683
0.2435021 0.25297856 0.36350593
0.23408255 0.2532071 0.35263526
0.22623941 0.24401438 0.35174122
0.21289821 0.23762225 0.3508471
0.21289821 0.23897178 0.34389806
0.21289821 0.23897178 0.34389806
0.24115694 0.24773309 0.3278667
0.2992508 0.257184 0.29883134
0.4216662 0.32265782 0.32861966
0.43735248 0.33969367 0.33735684
0.41612917 0.36286342 0.37691763
0.309322 0.38923544 0.4524628
0.32731438 0.45297045 0.5242902
0.37671837 0.5106729 0.57919216
0.42377722 0.55773175 0.62625104
0.45357323 0.5958265 0.66154516
0.47710264 0.61800635 0.6920236
0.4927889 0.6336926 0.70770985
0.4912125 0.6404147 0.7116314
0.4912125 0.6404147 0.7116314
0.49513406 0.6443363 0.715553
0.48571452 0.64321524 0.7116314
0.48571452 0.64321524 0.7116314
0.48179296 0.63794416 0.7146588
0.48179296 0.63794416 0.7146588
0.47394982 0.62875146 0.71376467
0.46610668 0.6209083 0.70592153
0.4621851 0.61698675 0.702
0.4504204 0.6038725 0.6971843
0.44257727 0.59602934 0.6893412
0.43081257 0.58426464 0.6775765
0.42454582 0.57239854 0.6519137
0.53527457 0.55534625 0.5524941
0.6435802 0.60380995 0.53487843
0.6545762 0.6009079 0.5209805
0.6388899 0.58522165 0.5052942
0.6522311 0.59161377 0.5061882
0.64438796 0.58377063 0.4983451
0.6483095 0.5876922 0.50226665
0.64438796 0.58377063 0.4983451
0.64438796 0.58512014 0.49139607
0.6522311 0.5929633 0.4992392
0.6679174 0.60864955 0.5149255
0.67026246 0.6192933 0.5227686
0.6781056 0.6257869 0.53756076
0.6992899 0.6386726 0.55324703
0.6914468 0.63217896 0.5384549
0.6875252 0.6269079 0.5414823
0.6914468 0.63217896 0.5384549
0.6796821 0.62041426 0.5266902
0.68518007 0.61761373 0.5266902
0.68518007 0.6189633 0.51974124
0.6796821 0.62041426 0.5266902
0.6686861 0.6219667 0.5475373
0.34627065 0.34839553 0.3594432
0.14938444 0.17100683 0.2068471
0.15957274 0.18814409 0.22948238
0.16191782 0.1960887 0.2512235
0.12112573 0.16359511 0.21592939
0.12820019 0.15407246 0.21200782
0.13604333 0.1619156 0.21985096
0.14623155 0.17905287 0.24248624
0.18387082 0.22499065 0.2856235
0.13446684 0.16728817 0.23072153
0.1776041 0.21042542 0.2738588
0.16191782 0.19473915 0.2581725
0.15407468 0.18554646 0.25727847
0.17210612 0.21052684 0.2877569
0.22777678 0.28009552 0.36832154
0.15403564 0.22025241 0.31947455
0.63711834 0.7560266 0.8688392
0.77122027 0.90537626 1.0
0.7884831 0.9156899 1.0
0.7790634 0.91456896 1.0
0.7539967 0.8617061 0.9469255
0.48425522 0.5377222 0.57065886
0.49601993 0.5494869 0.58242357
0.5156278 0.5704443 0.5950824
0.51170623 0.5665227 0.59116083
0.50778466 0.5639507 0.5802902
0.5132826 0.5624997 0.5733412
0.5038631 0.5586796 0.5833177
0.4575339 0.55964386 0.6310667
0.61435753 0.7512126 0.8501255
0.73042816 0.87288266 0.9855922
0.7366949 0.88879746 0.9904078
0.74061644 0.89136946 1.0
0.755534 0.89238906 0.99130195
0.8183182 0.9163796 1.0
0.82223976 0.9230002 1.0
0.8183182 0.9190786 0.99880004
0.8183182 0.9190786 0.99880004
0.7916359 0.90764385 0.9900628
0.7877143 0.9023728 0.99309015
0.7916359 0.90629435 0.9970117
0.79555744 0.9115654 0.99398434
0.79555744 0.9115654 0.99398434
0.80497706 0.91268647 0.9979059
0.8010555 0.9087649 0.99398434
0.7195102 0.8050232 0.88204706
0.34857672 0.3964443 0.4155843
0.36664712 0.38806832 0.37691763
0.3949059 0.39682955 0.36088625
0.48906252 0.4562413 0.3928078
0.65303874 0.57427365 0.45575684
0.6938309 0.6081168 0.48410195
0.7110936 0.6184305 0.4889177
0.70325047 0.61058736 0.48107457
0.7267799 0.63546634 0.49765497
0.7228583 0.6315447 0.4937334
0.734623 0.6433095 0.5054981
0.7267799 0.63546634 0.49765497
0.73227787 0.63266575 0.49765497
0.7181681 0.6116069 0.4710981
0.69856024 0.5933486 0.44454116
0.70013666 0.58662647 0.4406196
0.69621515 0.5827049 0.43669802
0.688372 0.57621133 0.42190588
0.67660725 0.5644466 0.41014117
0.68679553 0.5829335 0.42582744
0.6844504 0.57228976 0.4179843
0.6789524 0.57509035 0.4179843
0.69621515 0.585404 0.42280006
0.688372 0.57756084 0.41495693
0.6805289 0.5697177 0.4071138
0.67660725 0.5644466 0.41014117
0.67660725 0.56579614 0.40319222
0.67268574 0.56187457 0.39927065
0.6687641 0.5566035 0.40229803
0.660921 0.55010986 0.38750595
0.67660725 0.56579614 0.40319222
0.6805289 0.5697177 0.4071138
0.6922935 0.5814824 0.4188785
0.6860268 0.5669172 0.4071138
0.68210524 0.5629956 0.40319222
0.6781837 0.55907404 0.39927065
0.6805289 0.5683682 0.41406274
0.23723537 0.25055927 0.28920004
0.23173739 0.2533598 0.28920004
0.23565896 0.25728136 0.2931216
0.23565896 0.25728136 0.2931216
0.2552668 0.27688918 0.31272945
0.24742366 0.26904604 0.3048863
0.2552668 0.27823874 0.30578038
0.2842942 0.3016667 0.3154118
0.3094 0.32657132 0.29332554
0.31881967 0.3303914 0.283349
0.3203961 0.32501882 0.27247846
0.32431766 0.3289404 0.27640003
0.32823923 0.33016288 0.29421958
0.2976353 0.31345707 0.28850985
0.27487463 0.30054566 0.31149024
0.22074136 0.25896087 0.28920004
0.19563553 0.23945446 0.28349018
0.2113218 0.25379118 0.30612546
0.18621598 0.23698387 0.28651762
0.19405912 0.244827 0.29436076
0.19798069 0.24739903 0.30523133
0.19013755 0.2395559 0.2973882
0.19013755 0.2395559 0.2973882
0.18463951 0.2410069 0.3043373
0.19248265 0.24885003 0.31218043
0.17521997 0.23988585 0.30041572
0.1712984 0.23461473 0.30344316
0.16345526 0.2267716 0.29560003
0.17679638 0.2318142 0.30344316
0.20505507 0.23922595 0.29436076
0.27256858 0.24844828 0.27619612
0.4028271 0.32041577 0.32077652
0.42950934 0.3332001 0.3225647
0.4137841 0.35356927 0.36212546
0.30697682 0.3799413 0.43767062
0.3171261 0.43448362 0.50860393
0.36495367 0.49755865 0.5743765
0.41201252 0.5446175 0.62143534
0.44338506 0.57599 0.6528079
0.46533793 0.60624164 0.68025887
0.4810242 0.6205784 0.7028941
0.48729092 0.63514364 0.7146588
0.48729092 0.63514364 0.7146588
0.48729092 0.63514364 0.7146588
0.48336935 0.6298725 0.7176863
0.47394982 0.62875146 0.71376467
0.47394982 0.62875146 0.71376467
0.47394982 0.6274019 0.72071373
0.4621851 0.6156372 0.708949
0.45434198 0.60779405 0.7011059
0.43707928 0.59748036 0.6962902
0.4331577 0.5935588 0.6923686
0.42923614 0.5896372 0.68844706
0.43081257 0.5829151 0.6845255
0.43788695 0.5760916 0.66670585
0.61455274 0.58038193 0.5252471
0.62554884 0.57882947 0.5044001
0.62320364 0.5695354 0.4896079
0.63496834 0.5813001 0.5013726
0.65615267 0.59553534 0.5101098
0.66007423 0.5994569 0.51403135
0.66007423 0.5994569 0.51403135
0.6639958 0.604728 0.5110039
0.65615267 0.59688485 0.5031608
0.65615267 0.59688485 0.5031608
0.6679174 0.60864955 0.5149255
0.6679174 0.60864955 0.5149255
0.6796821 0.61906475 0.5336392
0.6679174 0.60730004 0.5218745
0.67183894 0.6125711 0.51884705
0.68910164 0.6215353 0.53061175
0.6812585 0.61369216 0.5227686
0.68518007 0.61761373 0.5266902
0.68910164 0.6215353 0.53061175
0.67183894 0.6125711 0.51884705
0.6184743 0.58295393 0.5361177
0.23254517 0.23332049 0.2526667
0.16899228 0.19061467 0.22645494
0.16899228 0.18926512 0.23340395
0.17291385 0.19318669 0.23732552
0.14388646 0.17110828 0.22074507
0.1776041 0.21177498 0.26690978
0.2011335 0.23530439 0.2904392
0.10701586 0.13983719 0.20327055
0.23092966 0.27069995 0.3396314
0.20740023 0.24717051 0.316102
0.15015312 0.184324 0.2394588
0.14623155 0.17905287 0.24248624
0.12896886 0.16738959 0.24461964
0.14307873 0.18979797 0.26422748
0.15484343 0.20021313 0.28294116
0.15092187 0.1976411 0.27207062
0.1352356 0.18195483 0.25638434
0.14150226 0.19382101 0.28204703
0.13834937 0.20456614 0.30378827
0.1344278 0.20064457 0.2998667
0.13050623 0.196723 0.29594514
0.13208272 0.19269997 0.27812546
0.13131402 0.1793828 0.24551377
0.12347089 0.17288923 0.23072153
0.11720416 0.1610231 0.2050588
0.12896886 0.17413732 0.20987454
0.32270214 0.3595721 0.39810985
0.37994927 0.42646727 0.4539059
0.41132182 0.45514074 0.49917644
0.54227096 0.61118686 0.6938118
0.36422396 0.43738967 0.5421098
0.37283576 0.4625986 0.5617176
0.4583026 0.5689124 0.6845255
0.6418085 0.77731407 0.8845255
0.72416145 0.85831743 0.9738275
0.78221637 0.90382373 1.0
0.82773775 0.92019963 1.0
0.8410789 0.9265918 1.0
0.8426553 0.9212192 0.99274504
0.8450004 0.9318629 1.0
0.8355809 0.92939234 1.0
0.8065535 0.9059644 0.99398434
0.79555744 0.9102159 1.0
0.80497706 0.91268647 0.9979059
0.80497706 0.91268647 0.9979059
0.80497706 0.91268647 0.9979059
0.7971339 0.90484333 0.9900628
0.7100907 0.80390215 0.8781255
0.3524983 0.40171543 0.41255683
0.3768354 0.40790465 0.38565487
0.4403883 0.45061046 0.41186664
0.54004294 0.5099208 0.42989028
0.71578383 0.63701874 0.51850194
0.74246615 0.64980304 0.52029026
0.74246615 0.6511526 0.51334125
0.73070145 0.63938785 0.50157654
0.7385446 0.647231 0.5094197
0.734623 0.6433095 0.5054981
0.7283563 0.6287442 0.4937334
0.73619944 0.63793683 0.4946275
0.7181681 0.61295646 0.464149
0.7142465 0.6090349 0.46022743
0.7119014 0.5983912 0.4523843
0.7040583 0.59054804 0.44454116
0.7079798 0.5958192 0.44151372
0.70013666 0.58797604 0.43367058
0.7040583 0.5918976 0.43759215
0.7079798 0.5958192 0.44151372
0.7040583 0.5932471 0.4306432
0.69621515 0.585404 0.42280006
0.70013666 0.58932555 0.42672163
0.6844504 0.5736393 0.41103536
0.6922935 0.5814824 0.4188785
0.69621515 0.585404 0.42280006
0.6844504 0.5736393 0.41103536
0.6922935 0.5814824 0.4188785
0.6922935 0.5814824 0.4188785
0.6899484 0.57083875 0.41103536
0.69386995 0.5747603 0.41495693
0.6899484 0.57083875 0.41103536
0.69386995 0.5761099 0.40800792
0.7017131 0.583953 0.41585106
0.6977915 0.5786819 0.4188785
0.69386995 0.5747603 0.41495693
0.17525901 0.20652947 0.23127055
0.18310215 0.2143726 0.23911369
0.18152566 0.22109473 0.24303526
0.19721194 0.236781 0.25872153
0.18779239 0.23700951 0.24785095
0.2011335 0.24205212 0.2556941
0.24584725 0.2825159 0.27406272
0.31566674 0.34383568 0.29119214
0.3949059 0.40897548 0.2983451
0.4317764 0.44159615 0.3088706
0.43961954 0.45078883 0.30976474
0.4435411 0.4547104 0.3136863
0.44746268 0.45728242 0.3245569
0.39959607 0.4275638 0.32792944
0.30701587 0.35603178 0.3198824
0.23327482 0.2894409 0.30578038
0.20582382 0.25929078 0.29222748
0.19405912 0.24617657 0.28741175
0.18856108 0.24897712 0.28741175
0.18463951 0.24505556 0.28349018
0.18463951 0.24505556 0.28349018
0.18463951 0.243706 0.2904392
0.18463951 0.243706 0.2904392
0.17521997 0.24258496 0.28651762
0.1830631 0.24907854 0.30130976
0.17914154 0.24380742 0.3043373
0.16737683 0.23069316 0.2995216
0.15561213 0.22027801 0.28080788
0.1712984 0.23596428 0.29649416
0.20897664 0.24179797 0.30523133
0.26157257 0.25404936 0.27619612
0.40048194 0.31112164 0.3059843
0.4216662 0.32535696 0.31472155
0.40909383 0.33363146 0.33949023
0.3085533 0.3732192 0.43374905
0.31085944 0.41991836 0.49683926
0.35868692 0.48299342 0.5626118
0.39240465 0.52500963 0.6018275
0.4182791 0.5591828 0.63320005
0.43788695 0.57744116 0.65975684
0.4574948 0.597049 0.6793647
0.46141636 0.60097057 0.68328625
0.4637615 0.61026466 0.6980784
0.46768308 0.6141862 0.702
0.47160465 0.6181078 0.70592153
0.4755262 0.62202936 0.70984316
0.4778714 0.632673 0.7176863
0.47394982 0.6274019 0.72071373
0.46610668 0.61955875 0.7128706
0.45826355 0.6117156 0.70502746
0.44100085 0.6014019 0.70021176
0.44492242 0.6053235 0.70413333
0.4504204 0.60252297 0.70413333
0.45434198 0.60644454 0.7080549
0.4999024 0.58811444 0.6485412
0.63573706 0.59461725 0.5339843
0.6506546 0.5956368 0.5240079
0.64673305 0.5930648 0.51313734
0.64673305 0.5930648 0.51313734
0.64438796 0.58377063 0.4983451
0.64438796 0.58377063 0.4983451
0.65615267 0.59688485 0.5031608
0.6522311 0.5929633 0.4992392
0.6639958 0.604728 0.5110039
0.67183894 0.6125711 0.51884705
0.67183894 0.6125711 0.51884705
0.68360364 0.6243358 0.53061175
0.6796821 0.62041426 0.5266902
0.68360364 0.6243358 0.53061175
0.68910164 0.6215353 0.53061175
0.68518007 0.61761373 0.5266902
0.67341536 0.605849 0.5149255
0.67733693 0.6097706 0.51884705
0.68518007 0.61761373 0.5266902
0.6694547 0.6352839 0.58014905
0.14861569 0.15768972 0.17423533
0.15722758 0.18019952 0.20774114
0.17841183 0.19173571 0.23037651
0.15880398 0.17212787 0.21076867
0.13919614 0.15252003 0.19116083
0.11643548 0.14500684 0.18634513
0.14623155 0.18175198 0.22858821
0.1634943 0.19071612 0.24035291
0.112513915 0.13838619 0.19632155
0.17994925 0.22106908 0.28170192
0.16741587 0.19328815 0.2512235
0.112513915 0.13973573 0.18937252
0.11093743 0.14510831 0.20024312
0.26776114 0.33397788 0.43320003
0.27637297 0.35648775 0.46670586
0.31558865 0.39570343 0.50592154
0.15795721 0.22552352 0.31644708
0.15169056 0.21230781 0.2977333
0.14776899 0.20703667 0.3007608
0.15011407 0.21633084 0.31555298
0.1344278 0.20064457 0.2998667
0.14069453 0.2152098 0.3116314
0.17206708 0.24658234 0.34300396
0.17206708 0.24793188 0.33605492
0.16580035 0.23336665 0.32429022
0.12739246 0.1768108 0.2346431
0.1250473 0.16751668 0.21985096
0.12896886 0.17143825 0.22377253
0.18387082 0.2263402 0.27867448
0.1893688 0.22488923 0.27172548
0.1776041 0.21312453 0.25996077
0.16426298 0.20673236 0.25906664
0.17052971 0.21859848 0.28472945
0.1611101 0.21612793 0.2877569
0.1830631 0.2450299 0.32215685
0.17598864 0.2505039 0.34692553
0.5022476 0.5906608 0.6980784
0.81754947 0.90171283 0.98703533
0.8410789 0.9265918 1.0
0.84657687 0.9251408 0.99666667
0.8583416 0.9382551 1.0
0.86226314 0.94217664 1.0
0.848922 0.93578446 1.0
0.81047505 0.91123545 0.9909569
0.8010555 0.9087649 0.99398434
0.81047505 0.9098859 0.9979059
0.81047505 0.9098859 0.9979059
0.81047505 0.9098859 0.9979059
0.7791025 0.87851334 0.96653336
0.5955965 0.6768595 0.7317883
0.3517296 0.38839826 0.37994507
0.3721451 0.38796687 0.36301965
0.43727446 0.42664966 0.3714118
0.5965604 0.5247442 0.41172555
0.67972106 0.5884075 0.45059615
0.6891406 0.5895285 0.45451772
0.69463867 0.5880775 0.44756868
0.69856024 0.59199905 0.45149025
0.69856024 0.59199905 0.45149025
0.69463867 0.5880775 0.44756868
0.69463867 0.58942705 0.4406196
0.6922935 0.57878333 0.43277645
0.6844504 0.57228976 0.4179843
0.688372 0.57621133 0.42190588
0.6805289 0.5683682 0.41406274
0.6860268 0.5655677 0.41406274
0.6860268 0.5669172 0.4071138
0.6805289 0.5697177 0.4071138
0.6844504 0.5736393 0.41103536
0.6844504 0.5736393 0.41103536
0.6805289 0.5697177 0.4071138
0.67660725 0.56579614 0.40319222
0.68210524 0.5629956 0.40319222
0.67034054 0.5512309 0.39142752
0.66641897 0.54730934 0.38750595
0.6624974 0.5433878 0.38358438
0.66641897 0.54730934 0.38750595
0.65857583 0.5394662 0.3796628
0.6507327 0.53162307 0.37181967
0.65857583 0.5394662 0.3796628
0.65465426 0.5368942 0.36879224
0.65465426 0.5368942 0.36879224
0.65465426 0.5368942 0.36879224
0.67034054 0.5525805 0.3844785
0.6507327 0.53162307 0.37181967
0.16741587 0.20003587 0.2164784
0.17133744 0.20395744 0.22039998
0.16583939 0.206758 0.22039998
0.17368253 0.21460114 0.22824311
0.16818455 0.21740167 0.22824311
0.18387082 0.23443748 0.23698042
0.23016098 0.26682964 0.25837645
0.3078236 0.33599254 0.283349
0.38156477 0.40123376 0.30440003
0.4129373 0.43530542 0.3218745
0.40901574 0.43138385 0.31795293
0.4011726 0.4235407 0.3101098
0.3839098 0.41322705 0.30529416
0.3383884 0.39415208 0.31650984
0.26856893 0.33013323 0.3132784
0.21758854 0.27375463 0.2900941
0.20190226 0.25536922 0.2883059
0.18463951 0.24640508 0.2765412
0.18463951 0.24640508 0.2765412
0.18071795 0.24113399 0.2795686
0.19640422 0.25682026 0.2952549
0.18463951 0.24505556 0.28349018
0.18071795 0.24113399 0.2795686
0.17914154 0.24650653 0.2904392
0.1830631 0.2504281 0.29436076
0.17364348 0.24795754 0.2973882
0.16580035 0.23876485 0.29649416
0.16580035 0.23876485 0.29649416
0.18148662 0.25445113 0.31218043
0.20582382 0.25524217 0.31307447
0.2694157 0.260543 0.2909882
0.39890555 0.3164942 0.31685495
0.4216662 0.32535696 0.31472155
0.4130154 0.33755302 0.3434118
0.30936104 0.35048088 0.4111137
0.29048282 0.3842943 0.4585176
0.34380838 0.4445688 0.5242902
0.36968297 0.47739232 0.5626118
0.3916359 0.5076439 0.5900628
0.40182418 0.5261307 0.6057491
0.42535362 0.5483106 0.6362274
0.43162036 0.5628758 0.64799213
0.44180852 0.5813627 0.6636784
0.4457301 0.5839347 0.674549
0.4574948 0.5956994 0.68631375
0.45983994 0.6063431 0.6941569
0.47160465 0.6167582 0.7128706
0.47710264 0.6139577 0.7128706
0.46768308 0.61283666 0.708949
0.46768308 0.61148715 0.71589804
0.45983994 0.603644 0.7080549
0.45983994 0.603644 0.7080549
0.46610668 0.61820924 0.7198196
0.4904439 0.62034976 0.71376467
0.60274905 0.6019736 0.58262753
0.633392 0.5853231 0.51919216
0.6271252 0.57345694 0.49352947
0.6271252 0.57345694 0.49352947
0.63262326 0.57065636 0.49352947
0.6404664 0.57984906 0.49442354
0.65615267 0.59553534 0.5101098
0.65615267 0.59688485 0.5031608
0.6522311 0.5929633 0.4992392
0.6522311 0.5929633 0.4992392
0.6483095 0.5890417 0.49531764
0.6639958 0.604728 0.5110039
0.6796821 0.62041426 0.5266902
0.6812585 0.61369216 0.5227686
0.6812585 0.61369216 0.5227686
0.6812585 0.61369216 0.5227686
0.68518007 0.61761373 0.5266902
0.67733693 0.6097706 0.51884705
0.67341536 0.605849 0.5149255
0.6639958 0.6033785 0.5179529
0.27883524 0.26706222 0.26711372
0.15096085 0.16698384 0.18902743
0.17449026 0.1891637 0.21950585
0.17449026 0.1891637 0.21950585
0.15096085 0.16698384 0.18902743
0.13685098 0.14457548 0.16941959
0.16272555 0.177399 0.20774114
0.13919614 0.15386958 0.18421173
0.13919614 0.15386958 0.18421173
0.10390201 0.11857547 0.14891762
0.15488242 0.1682063 0.2068471
0.13604333 0.16326514 0.21290193
0.17368253 0.2078534 0.2629882
0.12189442 0.17556271 0.25549018
0.19009846 0.27021325 0.38043135
0.23558088 0.32399416 0.43141174
0.22381617 0.31222945 0.41964704
0.4857926 0.56030786 0.65672946
0.5869847 0.64760196 0.73302746
0.7297376 0.7847554 0.85638434
0.76895326 0.8239711 0.8956
0.7666082 0.81602645 0.8738588
0.7626866 0.8121049 0.86993724
0.77052975 0.819948 0.8777804
0.7744513 0.8238696 0.88170195
0.7634553 0.8267716 0.8956
0.6128592 0.6817751 0.7644
0.13131402 0.1793828 0.24551377
0.1250473 0.16751668 0.21985096
0.1352356 0.18465394 0.24248624
0.18779239 0.22891222 0.28954506
0.18152566 0.21569654 0.27083135
0.16426298 0.20538281 0.26601565
0.16268657 0.21075535 0.2768863
0.27641207 0.32313132 0.39756083
0.15718853 0.21220636 0.28383532
0.1830631 0.24368036 0.32910585
0.1830631 0.24368036 0.32910585
0.19482781 0.2540955 0.34781963
0.76580036 0.83471626 0.9173412
0.85599643 0.92626184 1.0
0.85599643 0.9276114 0.99363923
0.86776114 0.9393761 1.0
0.8716827 0.9432977 1.0
0.86226314 0.9408271 1.0
0.81597304 0.9084349 0.9909569
0.81047505 0.9098859 0.9979059
0.8143966 0.9138075 1.0
0.81047505 0.9098859 0.9979059
0.79871035 0.89812124 0.9861412
0.7320437 0.8328041 0.91252553
0.33446684 0.376735 0.38207847
0.33761972 0.36868897 0.34643918
0.3776432 0.38921493 0.34217253
0.46710956 0.42868882 0.35145885
0.6640348 0.57272124 0.43490988
0.71032494 0.6051133 0.45630586
0.7142465 0.6090349 0.46022743
0.6907171 0.5855055 0.43669802
0.69621515 0.5827049 0.43669802
0.7079798 0.5944696 0.44846272
0.7040583 0.5918976 0.43759215
0.7040583 0.5918976 0.43759215
0.7040583 0.5918976 0.43759215
0.7040583 0.5918976 0.43759215
0.6844504 0.57228976 0.4179843
0.71582294 0.6036623 0.44935685
0.70013666 0.58932555 0.42672163
0.6844504 0.5736393 0.41103536
0.688372 0.57756084 0.41495693
0.70013666 0.58932555 0.42672163
0.70013666 0.58932555 0.42672163
0.688372 0.57756084 0.41495693
0.7040583 0.5918976 0.43759215
0.69621515 0.585404 0.42280006
0.6922935 0.5814824 0.4188785
0.7119014 0.60109025 0.43848634
0.7079798 0.5971687 0.43456477
0.7119014 0.60109025 0.43848634
0.71974456 0.6089334 0.44632947
0.71739936 0.5982897 0.43848634
0.7252425 0.60613286 0.44632947
0.73308563 0.61532557 0.4472236
0.73308563 0.61532557 0.4472236
0.72916406 0.611404 0.44330204
0.72916406 0.61005443 0.45025104
0.16741587 0.20138541 0.20952944
0.1634943 0.1961143 0.21255684
0.15799625 0.19891487 0.21255684
0.16191782 0.20283644 0.2164784
0.16426298 0.2134801 0.22432154
0.17210612 0.22267278 0.22521572
0.1893688 0.23298651 0.2300314
0.20897664 0.25529346 0.23574115
0.23800412 0.27737185 0.25232154
0.24192569 0.28129342 0.2562431
0.24976882 0.28913656 0.26408625
0.2403492 0.28801557 0.26016468
0.22700809 0.28162342 0.25927058
0.21758854 0.2764537 0.27619612
0.20582382 0.26333946 0.27138036
0.20190226 0.25806832 0.2744078
0.21366698 0.2684835 0.2931216
0.19798069 0.25279722 0.27743533
0.18856108 0.25032663 0.28046277
0.19248265 0.2542482 0.28438434
0.19640422 0.25816977 0.2883059
0.20424737 0.2646634 0.30309802
0.19640422 0.25682026 0.2952549
0.19482781 0.26354235 0.29917645
0.2105141 0.2778791 0.32181174
0.19717291 0.27148697 0.32091764
0.20893762 0.28325167 0.33268234
0.22070232 0.2936668 0.3513961
0.2716827 0.3446472 0.4023765
0.30228657 0.36000353 0.41503528
0.33685097 0.34322593 0.3763686
0.42085853 0.34539616 0.35125494
0.44519562 0.3475368 0.34519997
0.4247801 0.34931773 0.3551765
0.30859235 0.33581415 0.38545096
0.26383957 0.33410498 0.40843135
0.2959808 0.38149378 0.4585176
0.3234318 0.40894476 0.4859686
0.33204368 0.43415365 0.50557643
0.34615356 0.45521247 0.53213334
0.36418492 0.48019287 0.5626118
0.3743732 0.49733013 0.58524704
0.39240465 0.52366006 0.60877645
0.3947497 0.53430384 0.6166196
0.4159341 0.54718953 0.63230586
0.42220068 0.5604053 0.6510196
0.42612225 0.5643269 0.6549412
0.43554193 0.5654478 0.6588627
0.43554193 0.5654478 0.6588627
0.43162036 0.56152624 0.6549412
0.4182791 0.5551342 0.6540471
0.42220068 0.55905575 0.65796864
0.43004382 0.5668989 0.6658118
0.45595747 0.56501645 0.6419373
0.6420037 0.6078329 0.5526981
0.6529998 0.60493094 0.5388
0.6545762 0.6009079 0.5209805
0.6545762 0.6009079 0.5209805
0.65615267 0.59553534 0.5101098
0.66007423 0.5994569 0.51403135
0.6679174 0.60864955 0.5149255
0.6679174 0.60864955 0.5149255
0.6757605 0.6164927 0.5227686
0.6655722 0.59935546 0.5001334
0.6655722 0.59935546 0.5001334
0.66165066 0.5954339 0.49621183
0.6577291 0.5915123 0.49229026
0.6655722 0.59935546 0.5001334
0.6930232 0.62545687 0.5345333
0.68518007 0.6189633 0.51974124
0.68910164 0.6215353 0.53061175
0.6812585 0.61369216 0.5227686
0.6694938 0.60192746 0.5110039
0.6679174 0.60730004 0.5218745
0.12823923 0.1247647 0.12201566
0.16430196 0.17202646 0.19687057
0.16822353 0.17594802 0.20079213
0.16822353 0.17594802 0.20079213
0.14077255 0.14849705 0.17334116
0.11332156 0.12104606 0.14589016
0.16430196 0.173376 0.1899216
0.10705497 0.10783029 0.1271765
0.14861569 0.15768972 0.17423533
0.12274125 0.123516575 0.14286278
0.13685098 0.14322592 0.1763686
0.1266237 0.16079459 0.21592939
0.1611101 0.2147784 0.29470587
0.22462389 0.29353973 0.37616467
0.432467 0.5013829 0.5840078
0.67718077 0.7404971 0.8093255
0.7760277 0.81849706 0.8708314
0.75957274 0.79084325 0.8155843
0.7541138 0.75623864 0.7672863
0.72823924 0.7261143 0.7150667
0.7157059 0.69833326 0.6845883
0.7000196 0.68399656 0.661953
0.70786273 0.6918397 0.6697961
0.7141294 0.7050554 0.6885098
0.72823924 0.72341514 0.7289647
0.7266237 0.7648432 0.7950824
0.7406945 0.81790894 0.89773333
0.2120905 0.26710832 0.3387373
0.12896886 0.1700887 0.23072153
0.12189442 0.1782618 0.2415922
0.12423958 0.18620637 0.26333332
0.17756505 0.24783047 0.32215685
0.22070232 0.29096773 0.3652941
0.4497298 0.51304615 0.58187455
0.15326697 0.2082848 0.27991375
0.1611101 0.21612793 0.2877569
0.19482781 0.2567946 0.33392155
0.1712984 0.23191565 0.31734115
0.18698467 0.24760193 0.33302742
0.21285918 0.2804255 0.37134907
0.7108984 0.77846473 0.8693883
0.86383957 0.934105 1.0
0.859918 0.931533 0.9975608
0.87718076 0.9418466 1.0
0.87718076 0.9418466 1.0
0.86776114 0.93802655 1.0
0.821471 0.9056344 0.9909569
0.81597304 0.90708536 0.9979059
0.8198946 0.9110069 1.0
0.8065535 0.9059644 0.99398434
0.73596525 0.8367257 0.9164471
0.2779885 0.3245065 0.35194513
0.31801188 0.3477316 0.33378038
0.3297766 0.36219537 0.3316471
0.3690313 0.36535555 0.3156157
0.5259721 0.45550555 0.33418822
0.6420818 0.54516876 0.39356077
0.6671877 0.5619761 0.4131686
0.67110926 0.5672472 0.41014117
0.6844504 0.57228976 0.4179843
0.688372 0.57621133 0.42190588
0.6687641 0.5566035 0.40229803
0.65699947 0.5448388 0.39053333
0.6648426 0.5526819 0.39837646
0.67268574 0.56052506 0.4062196
0.65699947 0.5448388 0.39053333
0.65699947 0.5461883 0.38358438
0.6687641 0.557953 0.3953491
0.6687641 0.557953 0.3953491
0.65699947 0.5461883 0.38358438
0.6687641 0.557953 0.3953491
0.6844504 0.5736393 0.41103536
0.6750308 0.5725183 0.4071138
0.6844504 0.57228976 0.4179843
0.6922935 0.5801329 0.42582744
0.6648426 0.55403143 0.39142752
0.67660725 0.56579614 0.40319222
0.688372 0.57756084 0.41495693
0.69621515 0.585404 0.42280006
0.688372 0.57756084 0.41495693
0.68210524 0.5629956 0.40319222
0.67034054 0.5512309 0.39142752
0.65465426 0.5368942 0.36879224
0.65857583 0.5408158 0.3727138
0.6624974 0.5433878 0.38358438
0.66641897 0.54730934 0.38750595
0.15565117 0.18827116 0.2047137
0.1634943 0.1961143 0.21255684
0.15407468 0.1949933 0.20863527
0.16583939 0.206758 0.22039998
0.17210612 0.22132324 0.23216468
0.17210612 0.22267278 0.22521572
0.17994925 0.23051591 0.23305885
0.18779239 0.23700951 0.24785095
0.1995571 0.25012377 0.2526667
0.20347866 0.25404534 0.25658828
0.20347866 0.25404534 0.25658828
0.1995571 0.25012377 0.2526667
0.2097454 0.26861057 0.268353
0.21758854 0.2751042 0.28314507
0.22151011 0.27902576 0.28706664
0.23719639 0.29336247 0.30970195
0.28191006 0.32977763 0.34891763
0.25838065 0.30624822 0.32538822
0.25288266 0.30769917 0.3323373
0.24738462 0.31049973 0.3323373
0.25130618 0.31307176 0.3432079
0.2591493 0.3209149 0.35105103
0.27091402 0.3326796 0.36281574
0.26699245 0.32875803 0.35889417
0.2732592 0.34197372 0.37760782
0.2850239 0.3523889 0.39632154
0.27560428 0.35126787 0.39239997
0.31639645 0.38376144 0.42769408
0.41209048 0.47250652 0.51094115
0.44896108 0.50242805 0.53536475
0.44273332 0.44910827 0.48225096
0.44438794 0.36892557 0.37478435
0.44127405 0.34361523 0.3412784
0.40517226 0.3297099 0.33556867
0.2842942 0.29761806 0.33625886
0.22777678 0.28414416 0.34747455
0.24188665 0.305203 0.37403142
0.25599644 0.3276114 0.39363927
0.26852983 0.3540428 0.43106663
0.28656125 0.38037273 0.45459604
0.314781 0.42383993 0.5007608
0.3288908 0.44489875 0.5273177
0.33907908 0.462036 0.5499529
0.34300065 0.46595758 0.5538745
0.33907908 0.462036 0.5499529
0.33358112 0.46483657 0.5499529
0.34692222 0.46987915 0.55779606
0.34457707 0.4592355 0.5499529
0.33123595 0.45419288 0.5421098
0.33281237 0.44747078 0.5381882
0.33281237 0.44747078 0.5381882
0.33281237 0.44747078 0.5381882
0.3406555 0.45666346 0.5390824
0.40347868 0.45134625 0.47048625
0.63965863 0.5998884 0.53095686
0.6506546 0.5956368 0.5240079
0.63496834 0.5813001 0.5013726
0.6388899 0.58522165 0.5052942
0.6365448 0.5759275 0.49050197
0.6365448 0.5759275 0.49050197
0.6483095 0.5890417 0.49531764
0.65615267 0.59688485 0.5031608
0.6577291 0.59016275 0.4992392
0.64988595 0.5823196 0.49139607
0.66165066 0.5954339 0.49621183
0.67733693 0.61112016 0.5118981
0.67183894 0.6139207 0.5118981
0.6930232 0.62545687 0.5345333
0.6930232 0.62680644 0.5275844
0.6812585 0.61504173 0.51581967
0.6694938 0.603277 0.50405496
0.67341536 0.6071986 0.50797653
0.6694938 0.603277 0.50405496
0.6538075 0.5848917 0.50226665
0.14000393 0.13652942 0.13378038
0.15645882 0.16553286 0.18207847
0.14861569 0.15768972 0.17423533
0.12900785 0.13808188 0.15462749
0.13058439 0.13135971 0.15070592
0.097635284 0.106709324 0.12325493
0.1423491 0.14312442 0.16247062
0.07960399 0.080379315 0.09972552
0.15019223 0.1523171 0.16336474
0.095290266 0.097415134 0.10846277
0.23881176 0.24653625 0.27138036
0.68506294 0.7136343 0.7549726
0.7846786 0.80765057 0.83519214
0.7603804 0.7694544 0.786
0.7360824 0.73260784 0.7298588
0.6984431 0.68801963 0.67977256
0.6529608 0.63558817 0.6218432
0.5980588 0.5820358 0.5599922
0.5878705 0.56489855 0.53735685
0.56983906 0.5399181 0.50687844
0.5384665 0.5085456 0.4755059
0.4992508 0.46932992 0.43629017
0.5306234 0.50070244 0.46766275
0.5329685 0.508647 0.489404
0.5141294 0.5037059 0.4954588
0.59801966 0.6126932 0.6430353
0.7289298 0.80614424 0.8859686
0.38932976 0.45959517 0.53392154
0.14227094 0.21118681 0.29381174
0.19478878 0.29689875 0.36832154
0.22066335 0.3297223 0.40664318
0.20497708 0.31268644 0.39790592
0.24576917 0.34518003 0.43320003
0.39478877 0.4955492 0.5752706
0.38302407 0.48513404 0.5565568
0.16737683 0.22934362 0.30647057
0.1712984 0.23326519 0.31039214
0.17521997 0.23718676 0.3143137
0.18698467 0.24760193 0.33302742
0.19325134 0.26081765 0.35174122
0.22854546 0.2974613 0.38008624
0.78932977 0.8582457 0.9408706
0.8811023 0.94441867 1.0
0.8732592 0.93792504 0.9984549
0.8811023 0.9457682 1.0
0.8811023 0.9457682 1.0
0.85049844 0.92906237 1.0
0.8253926 0.909556 0.9948785
0.8253926 0.909556 0.9948785
0.81597304 0.9084349 0.9909569
0.7438084 0.84456885 0.92429024
0.3979807 0.45009813 0.4913333
0.37918058 0.41719878 0.40044704
0.375259 0.41462675 0.38957644
0.4074392 0.42461053 0.39136475
0.48514095 0.45501882 0.37498826
0.69540733 0.6040938 0.46628243
0.7260112 0.62214917 0.46504313
0.7181681 0.61430603 0.4572
0.71032494 0.6078124 0.4424079
0.7119014 0.59974074 0.4454353
0.71974456 0.6075839 0.45327842
0.7079798 0.5958192 0.44151372
0.69621515 0.58405447 0.429749
0.7119014 0.59974074 0.4454353
0.7040583 0.5918976 0.43759215
0.7040583 0.5932471 0.4306432
0.6922935 0.5814824 0.4188785
0.7040583 0.5932471 0.4306432
0.6922935 0.5814824 0.4188785
0.7040583 0.5918976 0.43759215
0.71974456 0.6075839 0.45327842
0.7024818 0.59861976 0.44151372
0.69856024 0.5946982 0.43759215
0.71582294 0.6036623 0.44935685
0.7119014 0.60109025 0.43848634
0.6922935 0.5801329 0.42582744
0.70013666 0.58797604 0.43367058
0.6844504 0.5736393 0.41103536
0.6844504 0.5736393 0.41103536
0.69386995 0.5747603 0.41495693
0.6899484 0.57083875 0.41103536
0.6860268 0.56826675 0.40016478
0.6860268 0.5669172 0.4071138
0.68210524 0.5629956 0.40319222
0.6781837 0.55907404 0.39927065
0.19094528 0.22491482 0.23305885
0.19486685 0.22883639 0.23698042
0.19721194 0.2394801 0.24482356
0.21289821 0.25381684 0.2674588
0.22466293 0.2669311 0.27227455
0.23642763 0.2786958 0.28403926
0.24427077 0.28653893 0.2918824
0.25603548 0.29830363 0.3036471
0.27564332 0.31791148 0.32325494
0.2795649 0.32183304 0.3271765
0.27014536 0.320712 0.32325494
0.2662238 0.31679043 0.31933337
0.27014536 0.320712 0.32325494
0.28033364 0.3391988 0.33894122
0.28817677 0.34704193 0.34678435
0.3015179 0.35208455 0.3546275
0.38152567 0.4224443 0.43608624
0.3266237 0.36754236 0.38118428
0.3132826 0.36115018 0.38029018
0.32112575 0.37034288 0.38118428
0.31720418 0.36507174 0.38421175
0.33289045 0.37940845 0.4068471
0.33131403 0.38613054 0.41076866
0.30620813 0.36932325 0.39116082
0.31797284 0.38108796 0.40292552
0.32973754 0.39150313 0.42163926
0.31797284 0.37973842 0.40987456
0.36268657 0.41615355 0.44909024
0.45838064 0.5048986 0.5323373
0.49917275 0.5387418 0.56068236
0.47176084 0.47253615 0.49188238
0.44673306 0.37956926 0.3826275
0.42950934 0.3332001 0.3225647
0.41459182 0.33353004 0.32559213
0.26783928 0.26726508 0.29490978
0.18387082 0.2263402 0.27867448
0.18621598 0.23563433 0.29346663
0.19640422 0.25277162 0.316102
0.21678075 0.2883957 0.35442358
0.25049847 0.3304119 0.39363927
0.2842161 0.37107864 0.4398039
0.2787181 0.3725296 0.4467529
0.27087498 0.36333692 0.44585887
0.28656125 0.3790232 0.46154514
0.30067113 0.40143156 0.48115298
0.29909474 0.40680408 0.49202356
0.2677222 0.37543154 0.460651
0.24969074 0.3491016 0.4371216
0.22773774 0.3188501 0.40967062
0.2198946 0.31100696 0.40182748
0.22696906 0.30418342 0.3840078
0.2348122 0.31202656 0.39185095
0.24031016 0.3119251 0.377953
0.4623803 0.4421074 0.39796865
0.64907825 0.60100937 0.53487843
0.6545762 0.59955835 0.5279295
0.65849775 0.6048295 0.524902
0.6624193 0.6101006 0.5218745
0.66007423 0.5994569 0.51403135
0.66007423 0.5994569 0.51403135
0.66007423 0.6008064 0.50708234
0.6679174 0.60864955 0.5149255
0.6639958 0.604728 0.5110039
0.6757605 0.61784226 0.51581967
0.67733693 0.61112016 0.5118981
0.67733693 0.61112016 0.5118981
0.6812585 0.61504173 0.51581967
0.6796821 0.6217638 0.51974124
0.6639958 0.604728 0.5110039
0.66007423 0.6008064 0.50708234
0.6577291 0.5915123 0.49229026
0.6577291 0.59016275 0.4992392
0.6538075 0.58759075 0.4883687
0.6404664 0.5811986 0.4874745
0.15099995 0.1336274 0.11988239
0.15569021 0.15086614 0.15641566
0.13450596 0.13663083 0.14767846
0.13058439 0.13270926 0.1437569
0.13842753 0.13920285 0.15854906
0.15803537 0.15881069 0.1781569
0.13450596 0.13528128 0.15462749
0.0913687 0.093493566 0.104541205
0.11881968 0.120944545 0.13199219
0.09294511 0.08812103 0.09367056
0.3706078 0.3518857 0.34643918
0.6098235 0.5924509 0.5787059
0.51962745 0.50225484 0.48850986
0.42550975 0.4081372 0.3943922
0.35099995 0.33227786 0.32683134
0.23961955 0.22919607 0.220949
0.16118819 0.1507647 0.14251763
0.10001956 0.08129747 0.075850956
0.111784264 0.09306218 0.08761566
0.12354897 0.10752597 0.08548239
0.13296852 0.10999657 0.082454875
0.47964296 0.44972208 0.41668233
0.28041172 0.26168963 0.2562431
0.11255295 0.10772887 0.113278404
0.11097654 0.11175186 0.13109806
0.11643548 0.1436573 0.1932941
0.7195102 0.8063727 0.875098
0.3030163 0.41072565 0.49594513
0.298287 0.42954245 0.5146588
0.38690653 0.5264607 0.60877645
0.4065144 0.54471904 0.6353333
0.3908281 0.5290327 0.619647
0.355534 0.49508813 0.5774039
0.33592615 0.4754803 0.55779606
0.6457301 0.7866338 0.860651
0.3171261 0.43313405 0.515553
0.17441218 0.25722605 0.3508471
0.18383178 0.2596966 0.34781963
0.18932976 0.25689605 0.34781963
0.19717291 0.26473922 0.3556628
0.20501605 0.27258235 0.36350593
0.21835724 0.27897447 0.36439997
0.85914934 0.91416717 0.9857961
0.8787572 0.9351245 0.9984549
0.8787572 0.9351245 0.9984549
0.8866003 0.94296765 1.0
0.8811023 0.94441867 1.0
0.83481216 0.9133761 0.9849019
0.821471 0.906984 0.98400784
0.81754947 0.9030624 0.98008627
0.75322795 0.84568983 0.9282118
0.39405912 0.44482702 0.49436074
0.30467078 0.34133944 0.33288625
0.3140903 0.34515956 0.32290977
0.3446941 0.36186543 0.32861966
0.4059019 0.39662665 0.33309025
0.5769526 0.50648594 0.3851686
0.65934455 0.5554825 0.39837646
0.67110926 0.5685967 0.40319222
0.67268574 0.56187457 0.39927065
0.6687641 0.557953 0.3953491
0.67660725 0.5644466 0.41014117
0.6805289 0.5683682 0.41406274
0.67660725 0.5644466 0.41014117
0.6844504 0.57228976 0.4179843
0.7040583 0.5918976 0.43759215
0.69621515 0.58405447 0.429749
0.69621515 0.58405447 0.429749
0.67660725 0.5644466 0.41014117
0.6687641 0.5566035 0.40229803
0.67660725 0.5644466 0.41014117
0.68287396 0.5790119 0.42190588
0.7024818 0.59861976 0.44151372
0.7024818 0.59861976 0.44151372
0.6844504 0.57228976 0.4179843
0.67268574 0.56052506 0.4062196
0.6687641 0.5566035 0.40229803
0.688372 0.57621133 0.42190588
0.7079798 0.5958192 0.44151372
0.7040583 0.5918976 0.43759215
0.6922935 0.5814824 0.4188785
0.67660725 0.56579614 0.40319222
0.67660725 0.56579614 0.40319222
0.68210524 0.5629956 0.40319222
0.6624974 0.5433878 0.38358438
0.6468111 0.5277015 0.3678981
0.25761196 0.29158148 0.29972553
0.28114137 0.31646046 0.31630594
0.3007492 0.3360683 0.33591378
0.31251392 0.347833 0.34767848
0.33604333 0.37136242 0.3712079
0.36741588 0.40273497 0.40258044
0.3909453 0.42626438 0.42610985
0.43016097 0.46548006 0.46532553
0.45369038 0.48900947 0.48885494
0.46153352 0.4968526 0.49669808
0.43250605 0.47612378 0.47316867
0.35015312 0.39377084 0.39081573
0.32270214 0.36631986 0.36336476
0.33212176 0.36744085 0.36728632
0.31878057 0.3623983 0.3594432
0.33212176 0.36744085 0.36728632
0.3909453 0.42626438 0.42610985
0.3399649 0.375284 0.37512946
0.3266237 0.36889187 0.37423533
0.3658394 0.40675804 0.42039996
0.33054528 0.37146392 0.38510585
0.33446684 0.3753855 0.38902742
0.35015312 0.39107177 0.4047137
0.31720418 0.36507174 0.38421175
0.32112575 0.36764374 0.39508238
0.32739246 0.38220897 0.4068471
0.31562775 0.37044427 0.39508238
0.364263 0.410781 0.43821964
0.46780017 0.5073692 0.52930975
0.5046708 0.5359413 0.56068236
0.48352554 0.48565042 0.49669808
0.44673306 0.37956926 0.3826275
0.4216662 0.32535696 0.31472155
0.41224664 0.32288635 0.317749
0.26549414 0.25662142 0.28706664
0.15641984 0.20023878 0.24427448
0.158765 0.20953289 0.25906664
0.16895324 0.22667018 0.28170192
0.19090624 0.25692168 0.3091529
0.22696906 0.3068825 0.37010986
0.2583416 0.33825505 0.4014824
0.23715729 0.32401982 0.39274508
0.24892199 0.33443496 0.4114588
0.28813767 0.37365064 0.45067447
0.32185537 0.4143173 0.49683926
0.33754164 0.43000358 0.5125255
0.3045927 0.40400356 0.49202356
0.21047506 0.30988592 0.39790592
0.17675735 0.2678697 0.35869023
0.17441218 0.25722605 0.3508471
0.18148662 0.25040248 0.33302742
0.19248265 0.24750048 0.31912944
0.21289821 0.24841864 0.2952549
0.6592665 0.6194962 0.5505647
0.64907825 0.6023589 0.5279295
0.6545762 0.6009079 0.5209805
0.6624193 0.60875106 0.5288236
0.6506546 0.5983359 0.5101098
0.66007423 0.5994569 0.51403135
0.6522311 0.5929633 0.4992392
0.6483095 0.5890417 0.49531764
0.6639958 0.604728 0.5110039
0.67183894 0.6125711 0.51884705
0.68360364 0.6256854 0.5236628
0.6679174 0.6099991 0.50797653
0.6679174 0.6099991 0.50797653
0.6757605 0.61784226 0.51581967
0.7032115 0.64529324 0.54327065
0.7149762 0.65705794 0.55503535
0.7110546 0.6517868 0.55806273
0.7110546 0.6517868 0.55806273
0.70713305 0.64786524 0.55414116
0.7267409 0.6674731 0.573749
0.73300755 0.68203837 0.5855137
0.48356453 0.45499316 0.41365492
0.15569021 0.15221569 0.14946665
0.15176864 0.14694457 0.15249409
0.14784707 0.143023 0.14857252
0.1439255 0.13910143 0.14465095
0.13608237 0.1312583 0.13680781
0.11255295 0.10637931 0.12022748
0.11647452 0.110300876 0.12414905
0.12431765 0.11814401 0.13199219
0.08510197 0.08027789 0.085827425
0.0827568 0.070983775 0.071035266
0.0827568 0.070983775 0.071035266
0.09059994 0.080176465 0.07192939
0.10628621 0.094513185 0.09456468
0.09059994 0.07882691 0.0788784
0.08667837 0.07490534 0.074956834
0.0827568 0.070983775 0.071035266
0.098443076 0.08667005 0.08672154
0.10628621 0.09586274 0.08761566
0.14081165 0.11649014 0.097247094
0.4129763 0.38305542 0.35001567
0.23335288 0.2146308 0.20918429
0.10470981 0.09988573 0.10543527
0.10863138 0.10245774 0.11630591
0.11097654 0.11175186 0.13109806
0.11093743 0.14510831 0.20024312
0.7446161 0.82318 0.8947059
0.48417714 0.6084836 0.688102
0.46141636 0.599621 0.69023526
0.5045536 0.64275825 0.73337257
0.47160465 0.6181078 0.70592153
0.48336935 0.6298725 0.7176863
0.45983994 0.6063431 0.6941569
0.55787915 0.7043823 0.79219604
0.6637615 0.8116142 0.8911294
0.7084752 0.8493789 0.9233961
0.28575355 0.4017615 0.48418042
0.24576917 0.34518003 0.43320003
0.20343965 0.27930444 0.3674275
0.17914154 0.23975879 0.3251843
0.18071795 0.23438624 0.3143137
0.19640422 0.2500725 0.32999998
0.6748356 0.72985345 0.8014824
0.8881768 0.9362455 1.0
0.88033366 0.92840236 0.99453336
0.88267875 0.9390461 1.0
0.8866003 0.94296765 1.0
0.8732592 0.93657553 1.0
0.82304746 0.9016114 0.97313726
0.82304746 0.9016114 0.97313726
0.766569 0.852082 0.9291059
0.3995571 0.4420265 0.49436074
0.3164355 0.35310414 0.34465095
0.34546286 0.37518257 0.36123136
0.36272556 0.38684583 0.35909808
0.38863915 0.3849634 0.33522356
0.4930232 0.42680642 0.32758436
0.655423 0.55156094 0.3944549
0.65699947 0.5461883 0.38358438
0.6687641 0.557953 0.3953491
0.67660725 0.56579614 0.40319222
0.7040583 0.5932471 0.4306432
0.70013666 0.58932555 0.42672163
0.6922935 0.5814824 0.4188785
0.688372 0.57621133 0.42190588
0.67660725 0.5644466 0.41014117
0.6805289 0.5683682 0.41406274
0.67660725 0.5644466 0.41014117
0.6844504 0.57228976 0.4179843
0.6805289 0.5683682 0.41406274
0.6789524 0.57509035 0.4179843
0.69463867 0.5907766 0.43367058
0.6907171 0.58685505 0.429749
0.7024818 0.59861976 0.44151372
0.6789524 0.57509035 0.4179843
0.6687641 0.5566035 0.40229803
0.6648426 0.5526819 0.39837646
0.67268574 0.56052506 0.4062196
0.67660725 0.5644466 0.41014117
0.6648426 0.5526819 0.39837646
0.660921 0.54876035 0.3944549
0.6648426 0.55403143 0.39142752
0.660921 0.55010986 0.38750595
0.6781837 0.55907404 0.39927065
0.6805289 0.5697177 0.4071138
0.68210524 0.5629956 0.40319222
0.42154908 0.44162074 0.4387686
0.4395805 0.46795067 0.462298
0.47487462 0.5032448 0.49759212
0.49840406 0.5267742 0.52112156
0.5219335 0.55030364 0.544651
0.54154134 0.5699115 0.5642588
0.5611492 0.5895193 0.58386666
0.580757 0.60912716 0.6034745
0.58860016 0.61562073 0.6182667
0.580757 0.6077776 0.61042356
0.5203571 0.55567616 0.5555216
0.4144747 0.4497938 0.44963926
0.3282002 0.36351928 0.36336476
0.3282002 0.36486885 0.35641566
0.33761972 0.3659899 0.36033723
0.3415413 0.36991146 0.3642588
0.3886001 0.41697028 0.41131762
0.34546286 0.37248346 0.37512946
0.33212176 0.36744085 0.36728632
0.37918058 0.4131501 0.42129415
0.36741588 0.4013854 0.40952945
0.3399649 0.37393442 0.38207847
0.34780803 0.38042805 0.39687055
0.314859 0.35442808 0.3763686
0.27564332 0.3152124 0.33715293
0.30936104 0.35587904 0.38331768
0.3132826 0.3598006 0.38723925
0.3524983 0.40036586 0.41950586
0.45603547 0.49560454 0.51754504
0.49682766 0.5294477 0.5458902
0.4756824 0.47780728 0.48885494
0.44673306 0.37956926 0.3826275
0.41774464 0.3227849 0.303851
0.4044035 0.3150432 0.30990586
0.27491367 0.25909197 0.28403926
0.16191782 0.19743825 0.24427448
0.15092187 0.20168975 0.2512235
0.1611101 0.21882704 0.2738588
0.1830631 0.24907854 0.30130976
0.2230475 0.3043105 0.35923925
0.25442004 0.33298397 0.40450978
0.23323572 0.31874868 0.39577252
0.24892199 0.33308542 0.4184079
0.2959808 0.38014424 0.4654667
0.35714948 0.44961143 0.53213334
0.4026319 0.5020428 0.5900628
0.35165152 0.45106238 0.5390824
0.2183182 0.31637952 0.41269803
0.2183182 0.31637952 0.41269803
0.21597303 0.30573586 0.4048549
0.21128279 0.285798 0.38221964
0.24192569 0.26509884 0.3396314
0.27256858 0.25114742 0.26229802
0.63731354 0.5905942 0.5161648
0.63731354 0.59194374 0.5092157
0.6428115 0.5891432 0.5092157
0.64438796 0.58377063 0.4983451
0.6365448 0.5759275 0.49050197
0.6404664 0.5811986 0.4874745
0.63262326 0.57335544 0.47963136
0.6483095 0.5890417 0.49531764
0.65615267 0.5982344 0.49621183
0.6639958 0.604728 0.5110039
0.6757605 0.61784226 0.51581967
0.6930232 0.62680644 0.5275844
0.7032115 0.64529324 0.54327065
0.7032115 0.64529324 0.54327065
0.6914468 0.63352853 0.53150594
0.69536835 0.6374501 0.5354275
0.71889776 0.6609795 0.5589569
0.7149762 0.6557084 0.5619843
0.7228193 0.6635515 0.56982744
0.7267409 0.6674731 0.573749
0.71889776 0.6609795 0.5589569
0.7486938 0.69637513 0.608149
0.16903132 0.15860784 0.15036076
0.16510975 0.15333673 0.15338822
0.14784707 0.14437255 0.14162351
0.13765877 0.12588575 0.12593724
0.10628621 0.09316364 0.1015137
0.11255295 0.10772887 0.113278404
0.120396085 0.115572006 0.12112154
0.10863138 0.1038073 0.109356835
0.09294511 0.08812103 0.09367056
0.0827568 0.06963423 0.07798429
0.09059994 0.07882691 0.0788784
0.11020778 0.09843475 0.098486245
0.102364644 0.09059162 0.09064311
0.08667837 0.07490534 0.074956834
0.08667837 0.0762549 0.06800782
0.08667837 0.07490534 0.074956834
0.102364644 0.09194117 0.08369409
0.111784264 0.09306218 0.08761566
0.14630963 0.11503918 0.09029801
0.5149371 0.48366663 0.45892546
0.102364644 0.08924207 0.09759213
0.10078824 0.0946146 0.10846277
0.11255295 0.10637931 0.12022748
0.11489811 0.11432389 0.1419686
0.09525116 0.12942204 0.18455684
0.8160121 0.873729 0.92876077
0.848922 0.937134 0.9975608
0.49594185 0.6188988 0.70681566
0.4810242 0.61922884 0.70984316
0.47944778 0.62595093 0.71376467
0.4912125 0.63636607 0.73247844
0.47002825 0.6248299 0.70984316
0.6598399 0.8063431 0.8941568
0.35787913 0.50438225 0.59219605
0.78690654 0.92781025 1.0
0.35868692 0.48299342 0.5626118
0.32262415 0.42898396 0.52250195
0.27402788 0.34989268 0.43801573
0.18621598 0.23293522 0.30736473
0.16583939 0.19866072 0.26209408
0.17918058 0.20370328 0.26993722
0.18152566 0.21299744 0.28472945
0.86622375 0.90734357 0.96797645
0.87798846 0.9191083 0.97974116
0.88975316 0.930873 0.99150586
0.8881768 0.93759507 0.9954274
0.88033366 0.92840236 0.99453336
0.84188664 0.905203 0.9740314
0.8207023 0.8923173 0.9583451
0.78932977 0.8595952 0.9339216
0.25838065 0.30085003 0.35318428
0.26153353 0.2982022 0.289749
0.3164355 0.35445368 0.33770195
0.3297766 0.36219537 0.3316471
0.37921962 0.38384235 0.331302
0.43888992 0.3879207 0.29139605
0.6420818 0.54516876 0.39356077
0.660921 0.55010986 0.38750595
0.6805289 0.5697177 0.4071138
0.67660725 0.56579614 0.40319222
0.6805289 0.5697177 0.4071138
0.6687641 0.557953 0.3953491
0.688372 0.57756084 0.41495693
0.6922935 0.5814824 0.4188785
0.67660725 0.56579614 0.40319222
0.6844504 0.5736393 0.41103536
0.7079798 0.5971687 0.43456477
0.6907171 0.58685505 0.429749
0.7142465 0.61038446 0.45327842
0.73385435 0.6299923 0.47288626
0.7142465 0.61038446 0.45327842
0.70874846 0.613185 0.45327842
0.7009053 0.60534185 0.4454353
0.7142465 0.61038446 0.45327842
0.69856024 0.5946982 0.43759215
0.68521905 0.5896556 0.429749
0.7181681 0.61430603 0.4572
0.71267 0.61710656 0.4572
0.71032494 0.6064629 0.44935685
0.72051316 0.6236001 0.47199214
0.7260112 0.62214917 0.46504313
0.7024818 0.59861976 0.44151372
0.69856024 0.5946982 0.43759215
0.7064034 0.6025413 0.4454353
0.7064034 0.6025413 0.4454353
0.5446941 0.55646724 0.5564157
0.56272554 0.5827972 0.5799451
0.5901765 0.6115978 0.60044706
0.6019412 0.6220129 0.6191608
0.60978436 0.62985605 0.6270039
0.6176275 0.6376992 0.63484704
0.62781584 0.656186 0.6505333
0.6317374 0.66010755 0.6544549
0.62781584 0.6548364 0.6574824
0.5925217 0.6195423 0.62218827
0.5336982 0.5607188 0.56336474
0.4395805 0.46795067 0.462298
0.3415413 0.36991146 0.3642588
0.33761972 0.3659899 0.36033723
0.33761972 0.3659899 0.36033723
0.33761972 0.3659899 0.36033723
0.37449026 0.39456192 0.39170977
0.35488242 0.37495407 0.37210193
0.34703928 0.36576137 0.3712079
0.38467854 0.41034958 0.42129415
0.38310215 0.41707167 0.42521572
0.34780803 0.38042805 0.39687055
0.34780803 0.38042805 0.39687055
0.33604333 0.36731377 0.3920549
0.28348646 0.32305554 0.34499606
0.32270214 0.36227122 0.38421175
0.31878057 0.35834965 0.38029018
0.3540747 0.39364377 0.4155843
0.44584724 0.4771177 0.5018588
0.4944825 0.518804 0.5380471
0.4811804 0.47500676 0.48885494
0.44438794 0.3702751 0.36783534
0.4232427 0.31998435 0.303851
0.4044035 0.31639278 0.30295685
0.28825486 0.26413456 0.2918824
0.16191782 0.19743825 0.24427448
0.15484343 0.20561132 0.25514507
0.16503167 0.2227486 0.27778035
0.18932976 0.2636438 0.31307447
0.2348122 0.3160752 0.37100396
0.2724514 0.35796437 0.4349882
0.27479655 0.36590892 0.45672944
0.28498486 0.38304618 0.4793647
0.33204368 0.430105 0.5264235
0.4010555 0.50741535 0.6009333
0.4285065 0.5362159 0.62143534
0.34615356 0.45251337 0.54603136
0.27714172 0.37520304 0.47152156
0.32027897 0.4183403 0.5146588
0.34772995 0.44444174 0.5490588
0.3328514 0.40601712 0.51073724
0.3415413 0.35506642 0.4406981
0.3769135 0.3303955 0.30295685
0.62554884 0.57882947 0.5044001
0.6506546 0.59698635 0.51705885
0.6388899 0.58522165 0.5052942
0.6310468 0.5787281 0.49050197
0.6365448 0.5759275 0.49050197
0.6287017 0.56943387 0.4757098
0.6459644 0.57839805 0.4874745
0.6538075 0.58759075 0.4883687
0.6639958 0.60607755 0.50405496
0.6694938 0.603277 0.50405496
0.6812585 0.61504173 0.51581967
0.68360364 0.6256854 0.5236628
0.6930232 0.62680644 0.5275844
0.68360364 0.6256854 0.5236628
0.6875252 0.62960696 0.5275844
0.6875252 0.62960696 0.5275844
0.6757605 0.61784226 0.51581967
0.69536835 0.6374501 0.5354275
0.7032115 0.64394367 0.5502196
0.71889776 0.6609795 0.5589569
0.7110546 0.6531364 0.5511138
0.70713305 0.64786524 0.55414116
0.3619959 0.33342454 0.2920863
0.15334505 0.14292157 0.13467449
0.15334505 0.14292157 0.13467449
0.16118819 0.14941517 0.14946665
0.11020778 0.09843475 0.098486245
0.1031334 0.103908725 0.12325493
0.095290266 0.097415134 0.10846277
0.10078824 0.09596416 0.1015137
0.098443076 0.0853205 0.09367056
0.08667837 0.0735558 0.08190586
0.078835234 0.06706221 0.0671137
0.0827568 0.070983775 0.071035266
0.08667837 0.0762549 0.06800782
0.12354897 0.10482688 0.09938037
0.20198034 0.18595734 0.16391376
0.111784264 0.09441171 0.0806667
0.13531367 0.11794112 0.10419611
0.11570583 0.09833328 0.08458827
0.18160374 0.15033329 0.12559214
0.39571363 0.3713921 0.35214907
0.102364644 0.08924207 0.09759213
0.096866675 0.090693034 0.104541205
0.10863138 0.10245774 0.11630591
0.11097654 0.11175186 0.13109806
0.10467078 0.13189259 0.18152939
0.85680425 0.90892166 0.9501568
0.980757 1.0 1.0
0.97133744 1.0 1.0
0.766569 0.8534315 0.9221568
0.41043597 0.5486406 0.6392549
0.4519968 0.5971504 0.69326276
0.40885955 0.5553627 0.64317644
0.32100862 0.47581023 0.5608235
0.56964386 0.7174966 0.79701173
0.74611443 0.89396715 0.9734823
0.67083603 0.803441 0.88025886
0.2810633 0.38047415 0.46849415
0.2857926 0.36300695 0.44283134
0.18387082 0.22499065 0.2856235
0.15722758 0.17750041 0.22163925
0.15488242 0.1682063 0.2068471
0.16899228 0.1879156 0.24035291
0.80663157 0.83250386 0.8904392
0.8756433 0.9098142 0.964949
0.8795649 0.9150853 0.9619216
0.8889845 0.91620636 0.9658431
0.8795649 0.91373575 0.9688706
0.8646474 0.91406566 0.971898
0.81443566 0.8791015 0.9396314
0.7885611 0.84357893 0.91520786
0.21055312 0.23912448 0.28046277
0.2536904 0.29035905 0.28190586
0.35957274 0.3962414 0.3877882
0.3634943 0.40286204 0.37781173
0.42470202 0.43627375 0.38923135
0.49456054 0.4588389 0.36501175
0.69698375 0.6000707 0.44846272
0.71267 0.61710656 0.4572
0.7064034 0.6025413 0.4454353
0.7181681 0.61430603 0.4572
0.7142465 0.611734 0.44632947
0.69463867 0.59212613 0.42672163
0.68287396 0.5803614 0.41495693
0.6907171 0.58685505 0.429749
0.6907171 0.58685505 0.429749
0.71032494 0.6064629 0.44935685
0.69856024 0.5946982 0.43759215
0.7181681 0.61430603 0.4572
0.72208965 0.6195771 0.4541726
0.72208965 0.6182276 0.46112156
0.72208965 0.6182276 0.46112156
0.7181681 0.61430603 0.4572
0.72208965 0.6182276 0.46112156
0.7299328 0.62607074 0.4689647
0.73385435 0.6299923 0.47288626
0.7181681 0.61430603 0.4572
0.72208965 0.6182276 0.46112156
0.72051316 0.6249497 0.46504313
0.72443473 0.62887126 0.4689647
0.7181681 0.61295646 0.464149
0.7165916 0.61967856 0.46807057
0.71032494 0.6064629 0.44935685
0.7048269 0.6092634 0.44935685
0.70874846 0.613185 0.45327842
0.70874846 0.613185 0.45327842
0.5658785 0.5707025 0.56515294
0.59175295 0.6048756 0.5965255
0.6113608 0.62448347 0.61613333
0.6231255 0.6362482 0.62789804
0.62704706 0.6388202 0.6387686
0.62547064 0.6468919 0.6357412
0.63723534 0.657307 0.6544549
0.63723534 0.657307 0.6544549
0.62781584 0.656186 0.6505333
0.59801966 0.61809134 0.6152392
0.55096084 0.5710325 0.5681804
0.47252947 0.49260113 0.48974898
0.35488242 0.37495407 0.37210193
0.33527458 0.35534623 0.3524941
0.34546286 0.37518257 0.36123136
0.39801967 0.41809133 0.41523919
0.38625497 0.40632662 0.40347448
0.36664712 0.38671878 0.38386664
0.35096085 0.36968294 0.37512946
0.36899227 0.39601287 0.39865887
0.39252168 0.4168432 0.43608624
0.38310215 0.41572216 0.43216467
0.3415413 0.36586282 0.38510585
0.3650707 0.3866931 0.42253336
0.33761972 0.3592421 0.39508238
0.33212176 0.36204264 0.39508238
0.31251392 0.3424348 0.37547454
0.3415413 0.36451325 0.3920549
0.42547065 0.4401441 0.47048625
0.47252947 0.48855248 0.51059604
0.45138425 0.43691212 0.45356083
0.42870167 0.35458884 0.35214907
0.41932112 0.31606278 0.29992944
0.4044035 0.31639278 0.30295685
0.27883524 0.2643631 0.28101182
0.15799625 0.19351669 0.24035291
0.15092187 0.20168975 0.2512235
0.16895324 0.22667018 0.28170192
0.19325134 0.26621583 0.32394513
0.24500042 0.33186296 0.4005882
0.31243584 0.41319627 0.4929177
0.35949466 0.45755598 0.5538745
0.38536924 0.4903795 0.59219605
0.4034006 0.5167095 0.61572546
0.44653788 0.55984676 0.6588627
0.44419277 0.55055267 0.64407057
0.33438885 0.44074866 0.53426665
0.38302407 0.4810854 0.5774039
0.4520359 0.5583958 0.6519137
0.49909472 0.60410506 0.70592153
0.4865613 0.5763241 0.6754431
0.4356199 0.4892882 0.56921566
0.5847567 0.5409377 0.49690202
0.6294704 0.58275104 0.50832164
0.6428115 0.5891432 0.5092157
0.64673305 0.5930648 0.51313734
0.6428115 0.5891432 0.5092157
0.6404664 0.57984906 0.49442354
0.6287017 0.56943387 0.4757098
0.6341997 0.5679829 0.46876085
0.6459644 0.5797476 0.48052555
0.6420428 0.57582605 0.47660398
0.6538075 0.58759075 0.4883687
0.66165066 0.5954339 0.49621183
0.6694938 0.603277 0.50405496
0.67733693 0.61112016 0.5118981
0.6679174 0.6099991 0.50797653
0.6757605 0.61784226 0.51581967
0.6757605 0.61784226 0.51581967
0.67183894 0.6139207 0.5118981
0.6812585 0.61504173 0.51581967
0.6796821 0.6217638 0.51974124
0.68360364 0.6256854 0.5236628
0.6914468 0.63352853 0.53150594
0.6875252 0.62960696 0.5275844
0.69771343 0.64674425 0.5502196
0.14865479 0.12433329 0.10509023
0.15099995 0.13227786 0.12683135
0.15884309 0.140121 0.13467449
0.12981562 0.118042596 0.11809409
0.13292941 0.14065391 0.16549802
0.13685098 0.14322592 0.1763686
0.096866675 0.090693034 0.104541205
0.08667837 0.0735558 0.08190586
0.098443076 0.08667005 0.08672154
0.102364644 0.09059162 0.09064311
0.102364644 0.09194117 0.08369409
0.12197249 0.11154901 0.103301935
0.11412935 0.103705876 0.0954588
0.22158818 0.20556518 0.1835216
0.35492152 0.3388985 0.31685495
0.1196274 0.102254845 0.088509835
0.12354897 0.10617641 0.0924314
0.224741 0.1948201 0.16178036
0.3878705 0.36354896 0.34430593
0.09452151 0.081398934 0.08974899
0.10078824 0.0946146 0.10846277
0.10470981 0.09853617 0.11238434
0.11489811 0.11567343 0.13501963
0.12035705 0.1489284 0.1902667
0.8371964 0.88796425 0.93749803
0.9784118 0.9971339 1.0
0.9917529 1.0 1.0
0.99725103 0.9993759 1.0
0.97133744 1.0 1.0
0.7484986 0.8645066 0.9469255
0.36964384 0.51614696 0.60396075
0.34219286 0.48869598 0.5765098
0.67944777 0.8259509 0.9137647
0.4637615 0.6116142 0.6911294
0.72416145 0.86506516 0.9390824
0.21362787 0.2977913 0.38311377
0.27560428 0.34452012 0.42714506
0.18779239 0.23026177 0.28259605
0.16272555 0.177399 0.20774114
0.14469412 0.15241861 0.17726272
0.15645882 0.16283377 0.19597644
0.3297766 0.3486999 0.40113723
0.8772198 0.90444165 0.95407844
0.8772198 0.90579116 0.9471294
0.88506293 0.9136343 0.95497257
0.88506293 0.9136343 0.95497257
0.87172174 0.9072422 0.95407844
0.81758857 0.86700684 0.9248392
0.6113218 0.6524416 0.7130745
0.19175294 0.20217653 0.21042356
0.1823334 0.20375459 0.1926039
0.26937667 0.30739486 0.29064313
0.32585502 0.3582738 0.32772553
0.36745492 0.37207764 0.31953728
0.47652918 0.43385848 0.3345333
0.68521905 0.588306 0.43669802
0.7024818 0.59861976 0.44151372
0.7024818 0.59861976 0.44151372
0.7064034 0.60389084 0.43848634
0.71032494 0.6078124 0.4424079
0.7064034 0.60389084 0.43848634
0.7181681 0.61565554 0.45025104
0.7299328 0.62607074 0.4689647
0.7299328 0.62607074 0.4689647
0.7299328 0.62742025 0.46201575
0.7416975 0.63918495 0.47378045
0.7377759 0.6352634 0.46985888
0.7299328 0.62742025 0.46201575
0.7181681 0.61565554 0.45025104
0.7181681 0.61565554 0.45025104
0.7377759 0.6339139 0.47680783
0.7299328 0.62607074 0.4689647
0.7260112 0.62214917 0.46504313
0.7181681 0.61430603 0.4572
0.71267 0.61710656 0.4572
0.7165916 0.6210281 0.46112156
0.72051316 0.6249497 0.46504313
0.71032494 0.6051133 0.45630586
0.7165916 0.61967856 0.46807057
0.7260112 0.6207996 0.47199214
0.7165916 0.61967856 0.46807057
0.7181681 0.61430603 0.4572
0.71267 0.61710656 0.4572
0.7009053 0.60534185 0.4454353
0.5556902 0.5522157 0.54946667
0.58548635 0.59031034 0.5847608
0.6050942 0.6099182 0.6043686
0.6168589 0.6216829 0.61613333
0.62470204 0.629526 0.62397647
0.6192039 0.6323266 0.62397647
0.6192039 0.6323266 0.62397647
0.6192039 0.63097703 0.6309255
0.60978436 0.62985605 0.6270039
0.5823334 0.6024051 0.5995529
0.5486157 0.5603888 0.56033725
0.46234116 0.47411433 0.4740627
0.35253724 0.3643104 0.3642588
0.33685097 0.34997368 0.3416235
0.3446941 0.35646728 0.35641566
0.41370595 0.4337776 0.43092546
0.37841183 0.39848348 0.39563134
0.36038038 0.37215355 0.37210193
0.34861568 0.3576897 0.37423533
0.3564588 0.36418334 0.38902742
0.36430195 0.36932734 0.41076866
0.37998822 0.3850136 0.42645493
0.36822352 0.37189937 0.42163926
0.36980006 0.36382765 0.42466664
0.35803536 0.35206294 0.41290194
0.31881967 0.31284726 0.37368625
0.31255296 0.29828203 0.36192155
0.31805092 0.29413196 0.36887056
0.36118817 0.33861876 0.4050588
0.3823725 0.352854 0.41379613
0.36983904 0.32912174 0.36247063
0.38714084 0.3047295 0.30509025
0.41539955 0.3121412 0.29600787
0.4099015 0.31359226 0.30295685
0.29217643 0.2694057 0.28885496
0.15799625 0.19351669 0.24035291
0.15484343 0.20561132 0.25514507
0.16895324 0.22667018 0.28170192
0.20501605 0.27798054 0.33570984
0.26303184 0.3581929 0.42411762
0.37518093 0.4745918 0.5626118
0.43634963 0.54270947 0.6362274
0.48733002 0.59234035 0.6941569
0.5053614 0.6186703 0.7176863
0.50928295 0.62259185 0.7216078
0.41516533 0.5298238 0.62054116
0.36968297 0.47604278 0.56956077
0.47164375 0.57800364 0.67152154
0.55791825 0.66427815 0.75779605
0.6010555 0.7074154 0.8009333
0.58694565 0.685007 0.78132546
0.553267 0.60693526 0.6868627
0.63573706 0.59461725 0.5339843
0.6451567 0.5984373 0.5240079
0.64673305 0.5917152 0.52008635
0.64673305 0.5930648 0.51313734
0.6428115 0.5891432 0.5092157
0.66007423 0.5994569 0.51403135
0.6679174 0.60864955 0.5149255
0.6639958 0.604728 0.5110039
0.6577291 0.59016275 0.4992392
0.66165066 0.5954339 0.49621183
0.6577291 0.5915123 0.49229026
0.6538075 0.58759075 0.4883687
0.6655722 0.59935546 0.5001334
0.6694938 0.603277 0.50405496
0.6757605 0.61784226 0.51581967
0.67183894 0.6139207 0.5118981
0.6757605 0.6164927 0.5227686
0.6875252 0.6282574 0.5345333
0.68360364 0.6243358 0.53061175
0.6875252 0.6282574 0.5345333
0.6796821 0.6217638 0.51974124
0.67183894 0.6139207 0.5118981
0.67183894 0.6139207 0.5118981
0.6757605 0.61784226 0.51581967
0.5996742 0.54735553 0.45912942
0.14865479 0.12568285 0.098141156
0.14707838 0.1283563 0.122909784
0.16276465 0.14404257 0.13859606
0.12508628 0.13281077 0.15765488
0.14861569 0.15499063 0.1881333
0.12274125 0.123516575 0.14286278
0.09059994 0.077477366 0.085827425
0.098443076 0.08667005 0.08672154
0.10628621 0.094513185 0.09456468
0.102364644 0.09059162 0.09064311
0.09059994 0.07882691 0.0788784
0.102364644 0.09059162 0.09064311
0.11020778 0.09978431 0.09153723
0.1337372 0.12331372 0.11506665
0.12981562 0.11939215 0.11114507
0.11020778 0.09978431 0.09153723
0.14473322 0.120411724 0.10116866
0.50551754 0.48119602 0.46195298
0.098443076 0.08667005 0.08672154
0.10078824 0.0946146 0.10846277
0.10470981 0.09853617 0.11238434
0.11097654 0.11175186 0.13109806
0.12193346 0.14355585 0.17939612
0.7391572 0.78992504 0.8394588
0.95957273 0.99219275 1.0
0.99725103 1.0 1.0
0.9917529 1.0 1.0
0.9917529 1.0 1.0
0.96976095 1.0 1.0
0.80732214 0.9246797 0.99880004
0.3163183 0.4545229 0.5451372
0.73046726 0.83952624 0.9164471
0.1916359 0.30764386 0.39006278
0.698287 0.83224154 0.9007608
0.22931415 0.31752622 0.377953
0.23561992 0.2919873 0.35531768
0.22231783 0.25088918 0.29222748
0.1603804 0.16945443 0.18600003
0.14627066 0.14704598 0.16639219
0.1541138 0.15488912 0.17423533
0.14077255 0.14579794 0.18723926
0.8882157 0.9015397 0.9401804
0.88429415 0.8976181 0.93625885
0.89605886 0.9107324 0.9410745
0.8882157 0.90288925 0.93323135
0.8787962 0.90041864 0.93625885
0.8380041 0.8665755 0.90791374
0.46076477 0.4754382 0.50578034
0.17137648 0.16790196 0.16515292
0.17372164 0.17989516 0.16604704
0.2670315 0.2967512 0.2828
0.3195883 0.34235904 0.32290977
0.38079602 0.37712026 0.32738042
0.48518005 0.42031285 0.31279218
0.68287396 0.57766235 0.42885488
0.69856024 0.5946982 0.43759215
0.7142465 0.611734 0.44632947
0.7181681 0.61565554 0.45025104
0.7260112 0.6234987 0.45809418
0.7142465 0.611734 0.44632947
0.69621515 0.585404 0.42280006
0.69621515 0.585404 0.42280006
0.69856024 0.5960477 0.4306432
0.69621515 0.585404 0.42280006
0.688372 0.57756084 0.41495693
0.6844504 0.5736393 0.41103536
0.67660725 0.5671457 0.3962432
0.6805289 0.5710673 0.40016478
0.6844504 0.57498884 0.40408635
0.69621515 0.585404 0.42280006
0.7040583 0.5932471 0.4306432
0.70013666 0.58932555 0.42672163
0.70013666 0.58932555 0.42672163
0.69856024 0.5960477 0.4306432
0.69856024 0.5946982 0.43759215
0.70013666 0.58932555 0.42672163
0.71582294 0.6050118 0.4424079
0.7079798 0.5971687 0.43456477
0.7064034 0.60389084 0.43848634
0.7064034 0.60389084 0.43848634
0.6907171 0.58820456 0.42280006
0.69856024 0.5960477 0.4306432
0.71032494 0.6064629 0.44935685
0.5478471 0.5457221 0.5346745
0.56353337 0.56005883 0.5573098
0.56745493 0.56532997 0.55428237
0.56353337 0.56005883 0.5573098
0.5580354 0.56285936 0.5573098
0.55019224 0.5550162 0.54946667
0.53450596 0.53932995 0.5337804
0.52274126 0.52756524 0.5220157
0.5015569 0.51467955 0.5063294
0.47802743 0.4898006 0.48974898
0.43646672 0.43994117 0.44269016
0.36195692 0.36543137 0.36818036
0.3203961 0.31422246 0.32807064
0.3086314 0.30245775 0.31630594
0.31255296 0.30637932 0.3202275
0.35334504 0.3388729 0.35552162
0.3219725 0.3061508 0.33109808
0.3313921 0.3059223 0.3419686
0.3196274 0.29280803 0.33715293
0.34081167 0.3043442 0.35978827
0.34473324 0.3055667 0.37760782
0.3431568 0.3095897 0.39542744
0.3572666 0.3319981 0.41503528
0.35492152 0.32000485 0.4141412
0.34707838 0.31081218 0.4132471
0.32120383 0.2766391 0.38187456
0.30709395 0.2528812 0.36921567
0.31259194 0.2514302 0.36226672
0.31259194 0.2514302 0.36226672
0.30082723 0.2423646 0.3366039
0.30398017 0.2343185 0.30096474
0.35184672 0.26808584 0.27674514
0.41147798 0.30821964 0.2920863
0.41382307 0.31751382 0.30687842
0.3133607 0.283641 0.29759213
0.16583939 0.20270935 0.24124709
0.15484343 0.20561132 0.25514507
0.17679638 0.23451331 0.28954506
0.20343965 0.2833531 0.34658045
0.27479655 0.36860803 0.44283134
0.41047505 0.5098859 0.59790593
0.49517316 0.60153306 0.69505095
0.54849863 0.66180754 0.7608235
0.5759496 0.6892585 0.7882745
0.5798712 0.6931801 0.79219604
0.35007513 0.45643494 0.5499529
0.40497708 0.5113369 0.6048549
0.51870257 0.62506247 0.71858037
0.5892908 0.6956507 0.7891686
0.62066334 0.72702324 0.82054114
0.61439663 0.71380746 0.8018275
0.5838708 0.6276898 0.6717255
0.63573706 0.59461725 0.5339843
0.63496834 0.5799505 0.50832164
0.6388899 0.58522165 0.5052942
0.6506546 0.59698635 0.51705885
0.64673305 0.59441435 0.5061882
0.6404664 0.5811986 0.4874745
0.6483095 0.5890417 0.49531764
0.66165066 0.5940843 0.5031608
0.66165066 0.5954339 0.49621183
0.6577291 0.5915123 0.49229026
0.6577291 0.5915123 0.49229026
0.6577291 0.5915123 0.49229026
0.6694938 0.603277 0.50405496
0.68518007 0.6189633 0.51974124
0.68360364 0.6256854 0.5236628
0.6914468 0.63352853 0.53150594
0.69536835 0.63610053 0.54237646
0.6914468 0.63217896 0.5384549
0.7032115 0.64394367 0.5502196
0.69536835 0.63610053 0.54237646
0.7032115 0.64529324 0.54327065
0.6992899 0.64137167 0.5393491
0.6875252 0.62960696 0.5275844
0.7032115 0.64529324 0.54327065
0.7032115 0.64529324 0.54327065
0.66084296 0.61547315 0.5327451
0.1502312 0.118960746 0.09421959
0.16276465 0.1453921 0.1316471
0.14627066 0.14839554 0.15944317
0.1603804 0.16810489 0.192949
0.12666282 0.12743814 0.14678435
0.098443076 0.08667005 0.08672154
0.11020778 0.09843475 0.098486245
0.12197249 0.11019946 0.11025095
0.11020778 0.09843475 0.098486245
0.11805092 0.10627789 0.10632938
0.10078824 0.09731371 0.09456468
0.0811804 0.07635632 0.08190586
0.102364644 0.09059162 0.09064311
0.098443076 0.08667005 0.08672154
0.102364644 0.09059162 0.09064311
0.13923524 0.121862695 0.108117685
0.56826264 0.54394114 0.5246981
0.24511759 0.22774504 0.21400003
0.096866675 0.092042595 0.09759213
0.10078824 0.0946146 0.10846277
0.10705497 0.10783029 0.1271765
0.111745164 0.12641862 0.15676075
0.40582383 0.4552422 0.51307446
0.936812 0.9846796 1.0
0.98233336 1.0 1.0
0.980757 1.0 1.0
0.9509219 1.0 1.0
0.92816114 0.99552613 1.0
0.9006711 1.0 1.0
0.698326 0.79348695 0.8594117
0.12820019 0.15677154 0.19810984
0.18463951 0.243706 0.2904392
0.55245924 0.6350718 0.68170196
0.36191782 0.3987878 0.43732554
0.16507071 0.1866931 0.22253338
0.17449026 0.19186279 0.20560788
0.13842753 0.14190196 0.14465095
0.1439255 0.13910143 0.14465095
0.15961178 0.15343815 0.1672863
0.17764321 0.17571944 0.21166271
0.88979214 0.8975166 0.9223608
0.8803726 0.8963956 0.9184392
0.90155685 0.9106309 0.9271765
0.8976353 0.9067093 0.92325497
0.8858706 0.89359504 0.9184392
0.8584196 0.86614406 0.89098823
0.39725104 0.39802635 0.41737258
0.16510975 0.15468627 0.1464392
0.1439255 0.14180052 0.13075292
0.22547065 0.24824138 0.22879213
0.29998046 0.3227512 0.30330193
0.36118817 0.3575124 0.30777258
0.47341534 0.40854815 0.30102748
0.655423 0.55021137 0.4014039
0.6687641 0.557953 0.3953491
0.65307784 0.5422667 0.3796628
0.6687641 0.557953 0.3953491
0.6805289 0.5697177 0.4071138
0.7040583 0.5932471 0.4306432
0.6844504 0.5736393 0.41103536
0.688372 0.57756084 0.41495693
0.69621515 0.585404 0.42280006
0.69621515 0.585404 0.42280006
0.688372 0.57756084 0.41495693
0.688372 0.57756084 0.41495693
0.6922935 0.582832 0.4119295
0.7119014 0.6024398 0.43153733
0.7040583 0.5932471 0.4306432
0.71582294 0.6050118 0.4424079
0.71582294 0.6050118 0.4424079
0.71974456 0.6089334 0.44632947
0.7119014 0.60109025 0.43848634
0.7040583 0.5932471 0.4306432
0.7079798 0.5971687 0.43456477
0.70013666 0.58932555 0.42672163
0.67660725 0.56579614 0.40319222
0.68210524 0.5629956 0.40319222
0.67660725 0.56579614 0.40319222
0.688372 0.57756084 0.41495693
0.688372 0.5789104 0.40800792
0.6805289 0.5710673 0.40016478
0.67660725 0.56579614 0.40319222
0.44196472 0.43983972 0.42879212
0.43804315 0.43591815 0.42487055
0.42627844 0.42415345 0.41310585
0.41609013 0.4043171 0.4043686
0.40040386 0.38863084 0.38868234
0.38079602 0.369023 0.3690745
0.36118817 0.34941515 0.34946665
0.3455019 0.33237934 0.3407294
0.32981563 0.31669307 0.3250431
0.31412935 0.3010068 0.30935684
0.31570584 0.29158553 0.31933337
0.28198814 0.24821982 0.28706664
0.27964297 0.23757616 0.2792235
0.2757214 0.23230502 0.28225097
0.29140767 0.24664173 0.3048863
0.3024037 0.24104063 0.3048863
0.30790174 0.23689052 0.31183535
0.29848212 0.23441999 0.31486273
0.3024037 0.23699202 0.3257333
0.3392743 0.26421446 0.3640549
0.35496056 0.27855116 0.38669023
0.32201153 0.25120166 0.37313724
0.3792586 0.31674734 0.43588233
0.3737606 0.31954786 0.43588233
0.37218422 0.3249204 0.4467529
0.36434108 0.31707725 0.43890977
0.3259331 0.25242412 0.3909569
0.32750958 0.24435243 0.39398435
0.33143115 0.248274 0.39790592
0.3118233 0.23136526 0.36439997
0.3173213 0.23531249 0.32965487
0.35184672 0.2667363 0.2836941
0.41697595 0.30541912 0.2920863
0.40363485 0.299027 0.29119214
0.3133607 0.283641 0.29759213
0.17133744 0.1999088 0.24124709
0.16268657 0.21345446 0.2629882
0.18071795 0.23843488 0.29346663
0.21912593 0.29768986 0.36921567
0.29832596 0.39213744 0.46636075
0.4285065 0.5362159 0.62143534
0.514781 0.6211409 0.7146588
0.5759496 0.6906081 0.78132546
0.60732216 0.72063106 0.8196471
0.5171261 0.63178456 0.72250193
0.31085944 0.41721925 0.51073724
0.43008292 0.52814424 0.6244627
0.5383104 0.6446703 0.7381882
0.59321237 0.69957227 0.79309016
0.62066334 0.72702324 0.82054114
0.61439663 0.71380746 0.8018275
0.6113608 0.6231339 0.62308234
0.6294704 0.5814015 0.5152706
0.63496834 0.5813001 0.5013726
0.6388899 0.5865712 0.4983451
0.6483095 0.5876922 0.50226665
0.64438796 0.58512014 0.49139607
0.64438796 0.58512014 0.49139607
0.64988595 0.5836692 0.48444712
0.6655722 0.59935546 0.5001334
0.6655722 0.59935546 0.5001334
0.67733693 0.61112016 0.5118981
0.67341536 0.6071986 0.50797653
0.6694938 0.603277 0.50405496
0.67341536 0.6071986 0.50797653
0.6694938 0.603277 0.50405496
0.68360364 0.6256854 0.5236628
0.68360364 0.6256854 0.5236628
0.6875252 0.62960696 0.5275844
0.6875252 0.62960696 0.5275844
0.6914468 0.63352853 0.53150594
0.6992899 0.64137167 0.5393491
0.7149762 0.65705794 0.55503535
0.7032115 0.64529324 0.54327065
0.7110546 0.6544859 0.5441648
0.70713305 0.6492148 0.5471922
0.70713305 0.6505643 0.5402432
0.69536835 0.6374501 0.5354275
0.60751736 0.55519867 0.46697256
0.16983904 0.13991815 0.10687841
0.15099995 0.1336274 0.11988239
0.17372164 0.17584652 0.18689415
0.16980007 0.1705754 0.1899216
0.09452151 0.081398934 0.08974899
0.102364644 0.09059162 0.09064311
0.11412935 0.103705876 0.0954588
0.10628621 0.09586274 0.08761566
0.1964823 0.18470928 0.18476076
0.24503952 0.29175878 0.3661883
0.041117948 0.087837175 0.1622667
0.07410587 0.08317991 0.09972552
0.08510197 0.08027789 0.085827425
0.08902354 0.08419946 0.08974899
0.12197249 0.11019946 0.11025095
0.12747054 0.11009798 0.09635297
0.5745294 0.5571568 0.54341185
0.26707053 0.25664705 0.24839999
0.10470981 0.09988573 0.10543527
0.10863138 0.10245774 0.11630591
0.11489811 0.11432389 0.1419686
0.09759632 0.1400657 0.19239998
0.90620816 0.9666242 1.0
0.9391572 0.9939737 1.0
0.93365914 0.99677426 1.0
0.8811023 0.9484673 0.9924
0.30386305 0.3559805 0.39721566
0.15880398 0.17482698 0.19687057
0.22078046 0.22425489 0.22700389
0.16353334 0.15870927 0.1642588
0.15019223 0.15366666 0.15641566
0.3556902 0.35086614 0.35641566
0.3219725 0.311549 0.30330193
0.15569021 0.15356523 0.14251763
0.15334505 0.14157203 0.14162351
0.1337372 0.12331372 0.11506665
0.13765877 0.1272353 0.118988216
0.15726662 0.1454936 0.14554508
0.17372164 0.17449696 0.19384317
0.8874471 0.88822246 0.9075687
0.88352555 0.8856504 0.89669806
0.9109765 0.9131014 0.92414904
0.90705496 0.9091798 0.92022747
0.8913687 0.89349353 0.9045412
0.8694157 0.8645916 0.87014115
0.37687445 0.36510143 0.36515293
0.15884309 0.140121 0.13467449
0.1337372 0.12331372 0.11506665
0.1940981 0.21686883 0.19741958
0.31724313 0.33171538 0.31506664
0.3572666 0.35224134 0.3108
0.523627 0.44486186 0.3263451
0.67110926 0.5672472 0.41014117
0.67660725 0.56579614 0.40319222
0.6648426 0.55403143 0.39142752
0.67268574 0.56187457 0.39927065
0.688372 0.57756084 0.41495693
0.6922935 0.5814824 0.4188785
0.7079798 0.5971687 0.43456477
0.71582294 0.6050118 0.4424079
0.70013666 0.58932555 0.42672163
0.6922935 0.5814824 0.4188785
0.69386995 0.5747603 0.41495693
0.70563465 0.586525 0.42672163
0.6977915 0.58003145 0.4119295
0.69386995 0.5761099 0.40800792
0.6781837 0.5604236 0.39232165
0.6860268 0.5669172 0.4071138
0.68210524 0.5629956 0.40319222
0.67660725 0.5671457 0.3962432
0.6860268 0.5669172 0.4071138
0.6624974 0.5433878 0.38358438
0.6805289 0.5697177 0.4071138
0.6977915 0.5786819 0.4188785
0.6742621 0.5551525 0.3953491
0.6742621 0.5551525 0.3953491
0.67268574 0.56187457 0.39927065
0.67268574 0.56322414 0.39232165
0.6844504 0.57498884 0.40408635
0.67660725 0.5671457 0.3962432
0.6805289 0.5710673 0.40016478
0.2843333 0.26426166 0.26711372
0.28825486 0.26818323 0.27103528
0.29217643 0.27345434 0.2680078
0.296098 0.2773759 0.27192938
0.30001956 0.28129748 0.27585095
0.30001956 0.28129748 0.27585095
0.30001956 0.27994794 0.2828
0.3078627 0.28779107 0.29064313
0.3133607 0.283641 0.29759213
0.30943912 0.27836987 0.30061966
0.31101552 0.2689487 0.31059605
0.3024037 0.24104063 0.3048863
0.29613703 0.22512582 0.30007064
0.29771346 0.21705419 0.30309802
0.32281932 0.23251192 0.32965487
0.33616045 0.236205 0.34444705
0.33616045 0.23485543 0.3513961
0.33223888 0.22958432 0.35442358
0.3267409 0.2310353 0.36137253
0.35261542 0.26385885 0.3996941
0.3918311 0.30307454 0.43890977
0.37064683 0.28883925 0.4301726
0.40436447 0.33220503 0.46243918
0.37768218 0.32211986 0.4467529
0.38394892 0.3366851 0.4585176
0.38394892 0.3366851 0.4585176
0.34788606 0.28267568 0.4184079
0.33377624 0.2589177 0.40574905
0.3376978 0.26283926 0.40967062
0.323588 0.24178043 0.38311377
0.3173213 0.23531249 0.32965487
0.35342312 0.25866467 0.28672156
0.40363485 0.3003765 0.28424317
0.3981368 0.30182755 0.29119214
0.31885865 0.2808405 0.29759213
0.17133744 0.1999088 0.24124709
0.16268657 0.21345446 0.2629882
0.1830631 0.24907854 0.30130976
0.2230475 0.30161142 0.37313724
0.3179338 0.41039574 0.4929177
0.45361233 0.55167365 0.64799213
0.5383104 0.6446703 0.7381882
0.59555745 0.7102159 0.8009333
0.62693 0.7415885 0.83230585
0.40497708 0.5113369 0.6048549
0.30851427 0.40792513 0.49594513
0.45361233 0.55167365 0.64799213
0.5500751 0.656435 0.7499529
0.59321237 0.69957227 0.79309016
0.62066334 0.72702324 0.82054114
0.6198946 0.71100694 0.8018275
0.62708616 0.60546374 0.56962353
0.6412351 0.59451574 0.52008635
0.6506546 0.5983359 0.5101098
0.6545762 0.6022575 0.51403135
0.6522311 0.59161377 0.5061882
0.6483095 0.5890417 0.49531764
0.6365448 0.577277 0.48355293
0.6420428 0.57582605 0.47660398
0.6538075 0.58759075 0.4883687
0.6577291 0.5915123 0.49229026
0.6655722 0.59935546 0.5001334
0.66165066 0.5954339 0.49621183
0.66165066 0.5954339 0.49621183
0.6655722 0.59935546 0.5001334
0.67341536 0.6071986 0.50797653
0.6757605 0.61784226 0.51581967
0.6812585 0.61504173 0.51581967
0.67183894 0.6139207 0.5118981
0.67733693 0.61112016 0.5118981
0.6812585 0.61504173 0.51581967
0.68518007 0.6189633 0.51974124
0.68910164 0.62288487 0.5236628
0.6930232 0.62815595 0.52063537
0.7047879 0.63992065 0.5324001
0.69536835 0.6387996 0.5284785
0.68360364 0.6270349 0.5167138
0.68360364 0.6270349 0.5167138
0.67733693 0.61381924 0.49800006
0.60282713 0.5379599 0.4304393
0.17141545 0.13454558 0.09600788
0.14550191 0.13372889 0.13378038
0.18940791 0.19153279 0.20258042
0.09294511 0.08812103 0.09367056
0.10628621 0.09586274 0.08761566
0.15492152 0.13619943 0.13075292
0.1313921 0.11267002 0.1072235
0.15569021 0.14951658 0.16336474
0.7179729 0.7729907 0.84461963
0.6512672 0.7396804 0.847098
0.31870258 0.42101374 0.5394274
0.041117948 0.087837175 0.1622667
0.07802744 0.0844024 0.11754507
0.08744713 0.08822245 0.10756866
0.120396085 0.115572006 0.12112154
0.12589405 0.11547058 0.1072235
0.5611882 0.55076474 0.54251766
0.31805092 0.3062779 0.3063294
0.120396085 0.114222445 0.12807062
0.11097654 0.11175186 0.13109806
0.11328259 0.15575197 0.20808625
0.84738463 0.9078007 0.9462353
0.9140513 0.97446734 1.0
0.90620816 0.9666242 1.0
0.84346306 0.9038791 0.9423137
0.28037262 0.29639563 0.3184392
0.2568823 0.23950975 0.22576474
0.48983127 0.46550974 0.4462667
0.15099995 0.1336274 0.11988239
0.13923524 0.121862695 0.108117685
0.25768995 0.22082008 0.18228239
0.3502312 0.32031032 0.28727058
0.14315681 0.12578426 0.11203925
0.13923524 0.121862695 0.108117685
0.1313921 0.11401955 0.10027454
0.1337372 0.12331372 0.11506665
0.15884309 0.140121 0.13467449
0.17529805 0.16912442 0.18297258
0.90078825 0.8946146 0.90846276
0.8811804 0.8763563 0.88190585
0.91255295 0.90772885 0.9132784
0.9047098 0.8998857 0.90543526
0.8929451 0.888121 0.89367056
0.8592274 0.84745437 0.84750587
0.36434108 0.33867002 0.32772553
0.15492152 0.13754897 0.12380396
0.13531367 0.11794112 0.10419611
0.1658785 0.17340156 0.15125494
0.279604 0.28712705 0.26498044
0.38629407 0.3743197 0.32738042
0.584027 0.49966237 0.3673491
0.6789524 0.5737408 0.4249333
0.7024818 0.59861976 0.44151372
0.7040583 0.5932471 0.4306432
0.7079798 0.5971687 0.43456477
0.7315092 0.6206981 0.45809418
0.7181681 0.61565554 0.45025104
0.7260112 0.6234987 0.45809418
0.7142465 0.611734 0.44632947
0.7079798 0.5971687 0.43456477
0.6922935 0.5814824 0.4188785
0.6781837 0.55907404 0.39927065
0.6742621 0.5551525 0.3953491
0.68210524 0.5629956 0.40319222
0.6742621 0.5551525 0.3953491
0.6742621 0.5551525 0.3953491
0.6742621 0.5551525 0.3953491
0.6742621 0.5551525 0.3953491
0.66641897 0.54730934 0.38750595
0.6781837 0.55907404 0.39927065
0.6860268 0.5669172 0.4071138
0.6860268 0.5669172 0.4071138
0.68210524 0.5629956 0.40319222
0.68210524 0.5629956 0.40319222
0.68210524 0.5629956 0.40319222
0.6977915 0.58003145 0.4119295
0.6899484 0.5721883 0.40408635
0.6860268 0.56826675 0.40016478
0.688372 0.5789104 0.40800792
0.6844504 0.57498884 0.40408635
0.25453714 0.22751655 0.22487056
0.274145 0.2471244 0.24447842
0.29375285 0.26673225 0.26408625
0.31728226 0.29026166 0.28761566
0.33531368 0.3165916 0.31114507
0.36668622 0.34796414 0.3425176
0.3823725 0.3636504 0.3582039
0.4059019 0.38717982 0.3817333
0.4176666 0.39624545 0.40739605
0.41532147 0.38425222 0.406502
0.38160375 0.33953694 0.38118428
0.35888213 0.28652138 0.3697647
0.33692914 0.2535708 0.35621175
0.3385056 0.24549909 0.35923925
0.35184672 0.24919216 0.37403142
0.35184672 0.24919216 0.37403142
0.34792516 0.24392106 0.3770588
0.3440036 0.23999949 0.37313724
0.34242716 0.24537201 0.3840078
0.36987814 0.272823 0.4114588
0.37848997 0.2966824 0.43801573
0.38241154 0.30060396 0.4419373
0.39886644 0.3350056 0.46243918
0.35649794 0.3092341 0.43106663
0.33923525 0.30026993 0.41930193
0.33531368 0.29634836 0.41538036
0.34788606 0.28132612 0.4253569
0.3494625 0.27460396 0.42143533
0.34161937 0.26676083 0.4135922
0.33143115 0.24962357 0.3909569
0.31966645 0.24595615 0.337498
0.3440036 0.25754362 0.2828
0.4075564 0.30294856 0.2951137
0.40597993 0.3096707 0.29903528
0.3267018 0.29003316 0.29848626
0.17133744 0.1999088 0.24124709
0.16660814 0.21737602 0.26690978
0.18698467 0.2530001 0.30523133
0.2348122 0.31337613 0.38490194
0.33754164 0.43000358 0.5125255
0.4638006 0.5701605 0.6636784
0.5539967 0.6603566 0.7538745
0.6151653 0.72982377 0.82054114
0.60732216 0.72198063 0.812698
0.28498486 0.38439572 0.47241572
0.3179338 0.40904617 0.4998667
0.4575339 0.5569447 0.64496475
0.5500751 0.656435 0.7499529
0.5892908 0.6956507 0.7891686
0.6128202 0.7191801 0.812698
0.6120515 0.7031638 0.79398435
0.63808215 0.6025618 0.5557256
0.64907825 0.6023589 0.5279295
0.6506546 0.5983359 0.5101098
0.6428115 0.5904928 0.50226665
0.64438796 0.58512014 0.49139607
0.6404664 0.5811986 0.4874745
0.6365448 0.5786266 0.47660398
0.64438796 0.5864697 0.48444712
0.6459644 0.5797476 0.48052555
0.64988595 0.5836692 0.48444712
0.6577291 0.5915123 0.49229026
0.6577291 0.5915123 0.49229026
0.66165066 0.5954339 0.49621183
0.66165066 0.5954339 0.49621183
0.6655722 0.59935546 0.5001334
0.67733693 0.61112016 0.5118981
0.67341536 0.6071986 0.50797653
0.6694938 0.603277 0.50405496
0.67733693 0.61112016 0.5118981
0.67733693 0.6124697 0.5049491
0.68910164 0.6242344 0.5167138
0.68910164 0.6242344 0.5167138
0.6930232 0.62815595 0.52063537
0.7087095 0.6438422 0.53632164
0.70086634 0.6359991 0.5284785
0.7047879 0.63992065 0.5324001
0.6930232 0.62815595 0.52063537
0.69067806 0.61886185 0.50584316
0.6820662 0.5990512 0.4584393
0.66168964 0.56612617 0.4062196
0.15888213 0.10946369 0.051631346
0.20274903 0.19792496 0.20347448
0.11647452 0.11165044 0.11719997
0.098443076 0.08667005 0.08672154
0.1313921 0.11267002 0.1072235
0.17845093 0.15972884 0.15428233
0.13923524 0.120513156 0.11506665
0.1423491 0.14312442 0.16247062
0.74623156 0.7804024 0.83553725
0.70774555 0.78920984 0.8911294
0.6034006 0.71266085 0.8365726
0.3861379 0.5023471 0.63175684
0.055188715 0.14225245 0.2579686
0.06937665 0.09389937 0.1601333
0.093713716 0.10008867 0.13323134
0.095290266 0.09471605 0.12236075
0.39725104 0.39667684 0.42432153
0.252153 0.2515788 0.2792235
0.12274125 0.122167036 0.14981174
0.099172726 0.1333436 0.18847841
0.84503955 0.89715695 0.93839216
0.8858316 0.9323496 0.95978826
0.8403492 0.8785687 0.9088079
0.7634943 0.7947648 0.8195059
0.26783928 0.26996416 0.28101182
0.21139988 0.18707839 0.16783533
0.4113999 0.38707837 0.36783534
0.15649793 0.13217643 0.11293337
0.13689008 0.11256857 0.093325526
0.25376838 0.21824805 0.1714118
0.3439645 0.3057451 0.27550587
0.14473322 0.11906217 0.108117685
0.1313921 0.11401955 0.10027454
0.13531367 0.11794112 0.10419611
0.13531367 0.11794112 0.10419611
0.15884309 0.14147054 0.12772553
0.15334505 0.14157203 0.14162351
0.90628624 0.8945132 0.8945647
0.8709921 0.86056864 0.85232157
0.9023647 0.8905916 0.8906431
0.89452153 0.8827485 0.8828
0.8866784 0.8762549 0.86800784
0.85061556 0.8249445 0.814
0.4113999 0.38707837 0.36783534
0.1604195 0.136098 0.116854936
0.14473322 0.120411724 0.10116866
0.15726662 0.14819267 0.1316471
0.29059994 0.28287554 0.25803143
0.39886644 0.36739478 0.29566273
0.6757995 0.5844859 0.4466746
0.69856024 0.5946982 0.43759215
0.71032494 0.6064629 0.44935685
0.73935235 0.62854123 0.46593732
0.71582294 0.6050118 0.4424079
0.71582294 0.6050118 0.4424079
0.7275877 0.6167765 0.4541726
0.7275877 0.615427 0.46112156
0.7236661 0.61285496 0.45025104
0.7079798 0.5971687 0.43456477
0.7079798 0.5971687 0.43456477
0.67034054 0.5512309 0.39142752
0.68210524 0.5629956 0.40319222
0.6860268 0.5669172 0.4071138
0.6899484 0.57083875 0.41103536
0.69386995 0.5747603 0.41495693
0.68210524 0.5629956 0.40319222
0.6742621 0.5551525 0.3953491
0.68210524 0.5629956 0.40319222
0.6781837 0.55907404 0.39927065
0.67034054 0.5512309 0.39142752
0.6781837 0.55907404 0.39927065
0.6624974 0.5433878 0.38358438
0.65857583 0.5408158 0.3727138
0.6781837 0.5604236 0.39232165
0.67034054 0.5512309 0.39142752
0.6742621 0.55650204 0.38840008
0.6781837 0.5604236 0.39232165
0.6687641 0.55930257 0.38840008
0.6805289 0.5697177 0.4071138
0.3251254 0.2981048 0.2954588
0.3761058 0.35043472 0.33949023
0.3996352 0.37396413 0.36301965
0.4349293 0.40925825 0.39831376
0.47649014 0.4591176 0.44537258
0.50001955 0.482647 0.468902
0.51962745 0.50225484 0.48850986
0.53139216 0.51401955 0.50027454
0.5392353 0.5205132 0.5150667
0.5078627 0.48644152 0.49759212
0.46787825 0.42581144 0.46745878
0.39417624 0.3218155 0.4050588
0.35261542 0.26925707 0.37189803
0.35811344 0.26510695 0.3788471
0.36361143 0.26230642 0.3788471
0.36126626 0.25031322 0.377953
0.3557683 0.2517642 0.38490194
0.3557683 0.2517642 0.38490194
0.35968986 0.2543362 0.39577252
0.37222326 0.28211716 0.42625102
0.4255488 0.3437412 0.48507455
0.38475662 0.31124765 0.44978043
0.41689786 0.36133555 0.4859686
0.36826265 0.3223484 0.43588233
0.36276466 0.3251489 0.43588233
0.3706078 0.33299205 0.44372547
0.35099995 0.3133842 0.42411762
0.35492152 0.31730577 0.4280392
0.3486548 0.30274054 0.4162745
0.31493708 0.26207387 0.37010986
0.3024037 0.2396911 0.31183535
0.34008202 0.2549716 0.27192938
0.40363485 0.3003765 0.28424317
0.3981368 0.30317706 0.28424317
0.3282782 0.2846606 0.28761566
0.17133744 0.1999088 0.24124709
0.16268657 0.21345446 0.2629882
0.1830631 0.24907854 0.30130976
0.23873377 0.3186472 0.38187456
0.35714948 0.44961143 0.53213334
0.48340845 0.58976835 0.68328625
0.5657614 0.6721213 0.7656392
0.6245849 0.7309448 0.8244627
0.5500751 0.656435 0.7499529
0.24734558 0.33845794 0.42927846
0.3179338 0.40904617 0.4998667
0.4630319 0.5541442 0.64496475
0.55165154 0.65106237 0.7390824
0.5908672 0.6889286 0.785247
0.60889864 0.71525854 0.80877644
0.61520433 0.69376826 0.7652941
0.62397236 0.581503 0.52916867
0.6388899 0.5838721 0.5122432
0.64673305 0.5930648 0.51313734
0.64673305 0.59441435 0.5061882
0.6522311 0.59161377 0.5061882
0.65615267 0.59553534 0.5101098
0.6522311 0.5929633 0.4992392
0.64438796 0.58512014 0.49139607
0.6365448 0.577277 0.48355293
0.6365448 0.577277 0.48355293
0.6538075 0.58759075 0.4883687
0.64988595 0.5836692 0.48444712
0.6577291 0.5915123 0.49229026
0.6655722 0.59935546 0.5001334
0.66007423 0.602156 0.5001334
0.6679174 0.6099991 0.50797653
0.6639958 0.60607755 0.50405496
0.6679174 0.6099991 0.50797653
0.6679174 0.6099991 0.50797653
0.67733693 0.61112016 0.5118981
0.67733693 0.6124697 0.5049491
0.67341536 0.6085481 0.5010275
0.6812585 0.61639124 0.50887066
0.68910164 0.6242344 0.5167138
0.67341536 0.6098977 0.4940785
0.6812585 0.6177408 0.50192165
0.6985212 0.626705 0.5136863
0.6945996 0.624133 0.50281566
0.6703015 0.588636 0.43972555
0.644466 0.5251551 0.31836087
0.595062 0.46880218 0.25650978
0.3000586 0.25198972 0.18585882
0.17137648 0.16655241 0.17210193
0.11412935 0.10235632 0.10240781
0.12197249 0.11154901 0.103301935
0.19021563 0.17149355 0.16604704
0.14942348 0.13765046 0.13770194
0.12981562 0.118042596 0.11809409
0.1321608 0.12733673 0.13288625
0.7195883 0.7342618 0.7646039
0.72816116 0.7914775 0.8603059
0.6865613 0.7763241 0.8754431
0.60966736 0.7258765 0.85528624
0.5375027 0.6606608 0.7955687
0.3610321 0.48284072 0.626047
0.11243583 0.20509896 0.33461177
0.06072579 0.10474593 0.19577251
0.15722758 0.17345178 0.24248624
0.21212953 0.22970329 0.2904392
0.1250473 0.16616713 0.22679996
0.76272553 0.7787486 0.80079216
0.81451374 0.8123888 0.8013412
0.73373723 0.72466326 0.7081177
0.66549414 0.6633692 0.6523216
0.2968667 0.29339215 0.29064313
0.16434106 0.14001957 0.120776504
0.4231646 0.39884308 0.37960005
0.16826263 0.14529069 0.117749
0.14630963 0.11503918 0.09029801
0.3259331 0.28211418 0.23807847
0.2874861 0.25756523 0.22452548
0.14865479 0.12433329 0.10509023
0.14473322 0.120411724 0.10116866
0.14473322 0.11906217 0.108117685
0.14865479 0.12298374 0.11203925
0.1604195 0.136098 0.116854936
0.14473322 0.120411724 0.10116866
0.8819881 0.8590162 0.8314745
0.86238027 0.83940834 0.81186664
0.89217645 0.8761534 0.8541098
0.8859097 0.8615882 0.8423451
0.87964296 0.8483725 0.82363135
0.83808213 0.80121225 0.76267457
0.5910233 0.55415344 0.51561576
0.17376061 0.14383972 0.110799976
0.12904695 0.104725435 0.08548239
0.13923524 0.1245618 0.09421959
0.25611356 0.22619265 0.1931529
0.45146233 0.3782966 0.2735765
0.65307784 0.5409172 0.38661176
0.6805289 0.5697177 0.4071138
0.6922935 0.5814824 0.4188785
0.6844504 0.5736393 0.41103536
0.7040583 0.5932471 0.4306432
0.69621515 0.585404 0.42280006
0.7040583 0.5932471 0.4306432
0.7119014 0.60109025 0.43848634
0.71582294 0.6050118 0.4424079
0.7315092 0.6206981 0.45809418
0.7040583 0.5945967 0.4236942
0.6922935 0.582832 0.4119295
0.70563465 0.586525 0.42672163
0.70013666 0.58932555 0.42672163
0.6922935 0.5814824 0.4188785
0.7040583 0.5932471 0.4306432
0.71974456 0.6089334 0.44632947
0.71582294 0.6050118 0.4424079
0.69621515 0.585404 0.42280006
0.7040583 0.5932471 0.4306432
0.6977915 0.5786819 0.4188785
0.6844504 0.5736393 0.41103536
0.66641897 0.54730934 0.38750595
0.65857583 0.5408158 0.3727138
0.65465426 0.5368942 0.36879224
0.65465426 0.5368942 0.36879224
0.6624974 0.5433878 0.38358438
0.65465426 0.5368942 0.36879224
0.64915633 0.5396947 0.36879224
0.6687641 0.557953 0.3953491
0.42866257 0.39604256 0.37960005
0.474145 0.44982347 0.43058044
0.5212038 0.49688235 0.4776393
0.5392353 0.52321225 0.50116867
0.5627647 0.54674166 0.5246981
0.5862941 0.5702711 0.5482275
0.5902157 0.57419264 0.55214906
0.6004039 0.59132993 0.5747844
0.57060784 0.5518857 0.54643923
0.523549 0.50347733 0.5063294
0.48121938 0.43220356 0.46835297
0.40986252 0.3388513 0.41379613
0.362035 0.27037808 0.3758196
0.35968986 0.25838485 0.37492552
0.35968986 0.25838485 0.37492552
0.35968986 0.25838485 0.37492552
0.3557683 0.25311375 0.377953
0.362035 0.26767898 0.3897177
0.36045855 0.2744011 0.39363927
0.3863331 0.30857417 0.4250118
0.3792586 0.31809688 0.42893338
0.4012116 0.34834838 0.45638436
0.44119602 0.40627936 0.50041574
0.42785484 0.40123677 0.49257258
0.4286236 0.42130163 0.49043918
0.44823143 0.442259 0.503098
0.4466549 0.4489812 0.5070196
0.46626273 0.46993858 0.5196785
0.4286236 0.4240007 0.47654122
0.3219725 0.3007526 0.35889417
0.27179983 0.22973299 0.27138036
0.31889775 0.24343537 0.24929416
0.39971328 0.29645494 0.2803216
0.3981368 0.30317706 0.28424317
0.3376978 0.2857816 0.29153723
0.17918058 0.20775193 0.24909022
0.16660814 0.21737602 0.26690978
0.18540819 0.2583727 0.316102
0.2465769 0.32514083 0.39666665
0.37675732 0.46921927 0.5517412
0.49517316 0.60153306 0.69505095
0.5853692 0.6917291 0.785247
0.6245849 0.7309448 0.8244627
0.45361233 0.5530232 0.6410432
0.24107885 0.32524228 0.41056475
0.32735336 0.4115168 0.49683926
0.4630319 0.5541442 0.64496475
0.55165154 0.65106237 0.7390824
0.58694565 0.685007 0.78132546
0.61047506 0.7085364 0.80485487
0.63327485 0.6840427 0.7335765
0.61220765 0.57108784 0.5104549
0.6271252 0.57345694 0.49352947
0.6271252 0.57345694 0.49352947
0.61928207 0.5669634 0.47873726
0.6287017 0.56808436 0.48265883
0.6483095 0.5876922 0.50226665
0.6404664 0.5811986 0.4874745
0.64438796 0.58512014 0.49139607
0.6522311 0.5929633 0.4992392
0.65615267 0.59688485 0.5031608
0.66007423 0.6008064 0.50708234
0.65615267 0.59688485 0.5031608
0.6639958 0.604728 0.5110039
0.65615267 0.5982344 0.49621183
0.6522311 0.59431285 0.49229026
0.66007423 0.602156 0.5001334
0.6639958 0.60607755 0.50405496
0.6679174 0.6099991 0.50797653
0.67183894 0.6139207 0.5118981
0.67183894 0.6139207 0.5118981
0.68518007 0.6189633 0.51974124
0.68518007 0.6189633 0.51974124
0.68910164 0.62288487 0.5236628
0.6969448 0.6320775 0.52455693
0.6969448 0.6320775 0.52455693
0.68518007 0.6203128 0.5127922
0.6828349 0.6110187 0.49800006
0.70244277 0.6319761 0.5106588
0.6875642 0.5976001 0.45149025
0.644466 0.5251551 0.31836087
0.60056 0.46735117 0.24956077
0.5754542 0.4464952 0.25080004
0.23885086 0.21452937 0.1952863
0.19729002 0.16601956 0.14127842
0.12747054 0.10874845 0.103301935
0.16510975 0.15333673 0.15338822
0.14550191 0.13372889 0.13378038
0.16668622 0.1466146 0.14946665
0.15492152 0.13484989 0.13770194
0.13765877 0.12588575 0.12593724
0.5596118 0.5547877 0.56033725
0.74938446 0.7710069 0.8068471
0.7320827 0.7940495 0.8711765
0.68498486 0.78304625 0.87936467
0.63711834 0.75467706 0.8757883
0.6002478 0.7234059 0.8583138
0.55711055 0.67891914 0.8221255
0.3375027 0.46066085 0.59556866
0.122663096 0.18753032 0.29505095
0.54465514 0.5844254 0.6533569
0.73373723 0.7260128 0.70116866
0.71024686 0.6704766 0.6015451
0.68671745 0.6469472 0.5780157
0.6639567 0.63538533 0.5940471
0.3078627 0.29049015 0.27674514
0.15649793 0.13217643 0.11293337
0.17610577 0.15178427 0.13254121
0.19729002 0.16601956 0.14127842
0.1619959 0.13072544 0.10598429
0.15807433 0.12680387 0.102062725
0.1619959 0.13072544 0.10598429
0.1502312 0.11761119 0.10116866
0.15807433 0.12545434 0.1090118
0.1502312 0.11761119 0.10116866
0.15807433 0.12680387 0.102062725
0.17925858 0.13968962 0.117749
0.59886646 0.5633461 0.5165099
0.86161155 0.82474166 0.786204
0.8694547 0.8325848 0.7940471
0.88356453 0.8536436 0.8206039
0.8694547 0.8325848 0.7940471
0.87103117 0.8272122 0.78317654
0.8271252 0.77345693 0.6935295
0.762035 0.7014177 0.6159921
0.23181546 0.18799652 0.14396082
0.13454492 0.10327447 0.07853331
0.1502312 0.1203103 0.087270565
0.3118233 0.26375443 0.19762352
0.6091328 0.51916873 0.3730589
0.70013666 0.58932555 0.42672163
0.71582294 0.6050118 0.4424079
0.71582294 0.6050118 0.4424079
0.7079798 0.59851825 0.42761576
0.688372 0.5789104 0.40800792
0.688372 0.5789104 0.40800792
0.69621515 0.585404 0.42280006
0.6648426 0.55403143 0.39142752
0.67268574 0.56187457 0.39927065
0.67268574 0.56322414 0.39232165
0.6687641 0.55930257 0.38840008
0.67660725 0.5671457 0.3962432
0.68210524 0.5643452 0.3962432
0.6742621 0.55650204 0.38840008
0.6860268 0.56826675 0.40016478
0.6977915 0.58003145 0.4119295
0.70013666 0.58932555 0.42672163
0.7095562 0.59179616 0.4236942
0.7213209 0.60356086 0.4354589
0.7095562 0.59179616 0.4236942
0.7079798 0.5971687 0.43456477
0.7119014 0.60109025 0.43848634
0.7079798 0.5971687 0.43456477
0.6922935 0.5814824 0.4188785
0.688372 0.57756084 0.41495693
0.70013666 0.58932555 0.42672163
0.7040583 0.5945967 0.4236942
0.7040583 0.5945967 0.4236942
0.6844504 0.57498884 0.40408635
0.6789524 0.57643986 0.41103536
0.47964296 0.4483725 0.42363134
0.5251254 0.50215346 0.47461176
0.55257636 0.52960443 0.50206274
0.5666863 0.5520128 0.5216706
0.5862941 0.5702711 0.5482275
0.59413725 0.5781142 0.5560706
0.59648234 0.58875793 0.56391376
0.59256077 0.58483636 0.5599922
0.5666863 0.54931366 0.5355687
0.5353137 0.5165916 0.5111451
0.48514095 0.4374747 0.46532553
0.4137841 0.34547198 0.4038196
0.362035 0.2744267 0.3549726
0.3557683 0.25851193 0.35015684
0.367533 0.27027664 0.36192155
0.37145457 0.2741982 0.36584312
0.37614483 0.2968351 0.37458044
0.38241154 0.31140032 0.38634515
0.39729002 0.35252407 0.41076866
0.43100774 0.39319074 0.45693338
0.46080387 0.43128538 0.4922275
0.48510197 0.47218058 0.5275216
0.5094 0.5144254 0.5558667
0.5156667 0.53034025 0.56068236
0.5336982 0.5580197 0.57726276
0.55096084 0.56833345 0.58207846
0.54154134 0.5685619 0.5712079
0.5470393 0.5657614 0.5712079
0.5015569 0.5119804 0.5202275
0.34234908 0.3431244 0.36247063
0.25296074 0.23019 0.24963924
0.30713305 0.23167066 0.23752946
0.39971328 0.2978045 0.2733726
0.40363485 0.30172607 0.27729416
0.3494625 0.2975463 0.30330193
0.17918058 0.20775193 0.24909022
0.16660814 0.21737602 0.26690978
0.19717291 0.2701374 0.3278667
0.25676513 0.34362766 0.41235292
0.39871034 0.49947077 0.57919216
0.52262414 0.63033354 0.715553
0.59713393 0.70349383 0.79701173
0.6167418 0.7231017 0.8166196
0.32735336 0.4115168 0.49683926
0.24107885 0.32659182 0.40361565
0.34303963 0.42720306 0.5125255
0.4630319 0.5554938 0.63801575
0.5571495 0.64826185 0.7390824
0.5830241 0.6824349 0.77045494
0.6026319 0.7020428 0.7900628
0.6450785 0.6624511 0.6761961
0.6294704 0.5814015 0.5152706
0.63496834 0.5813001 0.5013726
0.61928207 0.5669634 0.47873726
0.616937 0.55631965 0.47089413
0.63262326 0.5720059 0.4865804
0.6365448 0.577277 0.48355293
0.62085855 0.56159073 0.46786666
0.62085855 0.56159073 0.46786666
0.62635654 0.5587902 0.46786666
0.6302781 0.5627118 0.47178823
0.6365448 0.577277 0.48355293
0.6365448 0.577277 0.48355293
0.66007423 0.6008064 0.50708234
0.67183894 0.6125711 0.51884705
0.6796821 0.62041426 0.5266902
0.6757605 0.61784226 0.51581967
0.6679174 0.60864955 0.5149255
0.67183894 0.6125711 0.51884705
0.6757605 0.6164927 0.5227686
0.67183894 0.6139207 0.5118981
0.67341536 0.6071986 0.50797653
0.68910164 0.62288487 0.5236628
0.6875252 0.62960696 0.5275844
0.6796821 0.6217638 0.51974124
0.68518007 0.6203128 0.5127922
0.6930232 0.62815595 0.52063537
0.67891335 0.60709715 0.4940785
0.6632271 0.59276044 0.47144312
0.6640348 0.57542026 0.42101175
0.6327013 0.5133904 0.30659616
0.59663844 0.46477917 0.23869024
0.5927169 0.45950803 0.24171764
0.4758385 0.3511295 0.1775294
0.59114045 0.4608319 0.27343535
0.23969764 0.16383283 0.07570978
0.1313921 0.11267002 0.1072235
0.14315681 0.123085186 0.12593724
0.14550191 0.13372889 0.13378038
0.17060779 0.15053616 0.15338822
0.14081165 0.11379106 0.11114507
0.19571361 0.17004256 0.15909807
0.1823725 0.16499995 0.15125494
0.66707057 0.6552975 0.655349
0.7548824 0.76820636 0.8068471
0.7320827 0.79539907 0.8642275
0.70224756 0.79470944 0.8772314
0.6755653 0.78057563 0.88239217
0.62535363 0.74291235 0.86402357
0.57437325 0.69193196 0.8130432
0.6371964 0.68796426 0.73749804
0.7298547 0.6887349 0.62810194
0.7055566 0.6518883 0.5719608
0.6686861 0.6233163 0.54058826
0.63965863 0.5985388 0.5379059
0.41924304 0.3949215 0.37567848
0.1604195 0.136098 0.116854936
0.13689008 0.11256857 0.093325526
0.18552531 0.15425485 0.12951371
0.1619959 0.13072544 0.10598429
0.16591747 0.13464701 0.10990586
0.16983904 0.13856858 0.11382743
0.15415277 0.122882314 0.098141156
0.15807433 0.12680387 0.102062725
0.15807433 0.12680387 0.102062725
0.17141545 0.13319604 0.10295684
0.20201938 0.15260096 0.094768606
0.8388899 0.78522164 0.70529413
0.8506546 0.7956368 0.7240079
0.8765292 0.82711077 0.7692784
0.8647645 0.81534606 0.7575137
0.86084294 0.81277406 0.7466431
0.8506546 0.79698634 0.7170589
0.79890555 0.73538786 0.6195687
0.77460736 0.69584227 0.57732546
0.55576825 0.48685244 0.40422744
0.14554094 0.10037246 0.06463533
0.1745684 0.12245086 0.081215724
0.36834073 0.27992743 0.17250985
0.67268574 0.56052506 0.4062196
0.6922935 0.5814824 0.4188785
0.70013666 0.58932555 0.42672163
0.70013666 0.5906751 0.41977262
0.7079798 0.59851825 0.42761576
0.7079798 0.59851825 0.42761576
0.69856024 0.5960477 0.4306432
0.69856024 0.5960477 0.4306432
0.71032494 0.6078124 0.4424079
0.7142465 0.611734 0.44632947
0.7275877 0.6167765 0.4541726
0.71582294 0.6063614 0.4354589
0.71582294 0.6063614 0.4354589
0.7079798 0.59851825 0.42761576
0.6805289 0.5710673 0.40016478
0.688372 0.57756084 0.41495693
0.6860268 0.5669172 0.4071138
0.6742621 0.5551525 0.3953491
0.660921 0.55010986 0.38750595
0.64915633 0.53834516 0.37574124
0.65307784 0.5436163 0.3727138
0.64915633 0.5396947 0.36879224
0.6805289 0.5710673 0.40016478
0.6648426 0.55403143 0.39142752
0.7040583 0.5932471 0.4306432
0.688372 0.57756084 0.41495693
0.70013666 0.58932555 0.42672163
0.688372 0.5789104 0.40800792
0.70013666 0.5906751 0.41977262
0.7079798 0.59851825 0.42761576
0.7064034 0.6025413 0.4454353
0.4772978 0.43772885 0.4157882
0.5212038 0.49823192 0.4706902
0.5486548 0.52568287 0.49814117
0.5666863 0.5520128 0.5216706
0.578451 0.56242794 0.54038435
0.58237255 0.5663495 0.5443059
0.58237255 0.5663495 0.5443059
0.58237255 0.5663495 0.5443059
0.54707843 0.5297058 0.5159608
0.5133607 0.4876896 0.47674513
0.47337624 0.4284091 0.43966272
0.41928208 0.3467201 0.3829726
0.37772128 0.29686072 0.33591378
0.38556442 0.30470386 0.3437569
0.3918311 0.31926912 0.35552162
0.3980978 0.33518392 0.36033723
0.41612917 0.36151388 0.38386664
0.4365057 0.39848754 0.41523919
0.46472543 0.4446538 0.44750586
0.4945215 0.48274848 0.48279998
0.507055 0.5105294 0.5132784
0.5305844 0.5340588 0.53680784
0.5486157 0.5603888 0.56033725
0.55253726 0.5643104 0.5642588
0.5721451 0.5839182 0.58386666
0.5721451 0.5852678 0.57691765
0.54077256 0.55254567 0.5524941
0.51097655 0.51445097 0.5172
0.4403883 0.44251317 0.45356083
0.31097654 0.31175184 0.33109808
0.2568823 0.23411156 0.2535608
0.29221547 0.23335019 0.23360789
0.39029366 0.2966835 0.26945102
0.39971328 0.2978045 0.2733726
0.34711742 0.28825215 0.28850985
0.18310215 0.21302304 0.24606279
0.17445128 0.22521916 0.27475291
0.20501605 0.27798054 0.33570984
0.27637297 0.36188594 0.43890977
0.42223978 0.52300024 0.60272163
0.55165154 0.65106237 0.7390824
0.60889864 0.71660805 0.8018275
0.5657614 0.6734708 0.75869024
0.2348122 0.31202656 0.39185095
0.24265534 0.32121927 0.39274508
0.3351965 0.42070946 0.4977333
0.45911032 0.5515722 0.6340942
0.5438084 0.64321923 0.73123926
0.5791025 0.6785134 0.7665334
0.60420835 0.69667023 0.7791922
0.63177645 0.62405205 0.5992079
0.60986257 0.5617937 0.49566275
0.61928207 0.5656138 0.48568633
0.6153605 0.5630418 0.4748157
0.6153605 0.5630418 0.4748157
0.616937 0.55631965 0.47089413
0.63262326 0.57335544 0.47963136
0.6247801 0.5655123 0.47178823
0.62085855 0.56159073 0.46786666
0.62635654 0.5587902 0.46786666
0.6341997 0.56663334 0.4757098
0.6420428 0.5744765 0.48355293
0.64438796 0.58512014 0.49139607
0.6404664 0.5811986 0.4874745
0.64438796 0.58512014 0.49139607
0.64988595 0.5823196 0.49139607
0.66007423 0.6008064 0.50708234
0.6639958 0.604728 0.5110039
0.6639958 0.604728 0.5110039
0.6679174 0.60864955 0.5149255
0.68360364 0.6243358 0.53061175
0.68518007 0.6189633 0.51974124
0.6969448 0.630728 0.53150594
0.6969448 0.630728 0.53150594
0.70713305 0.6492148 0.5471922
0.71263105 0.6477638 0.5402432
0.6930232 0.62815595 0.52063537
0.6930232 0.62815595 0.52063537
0.70244277 0.63062656 0.5176079
0.6757995 0.587185 0.43277645
0.6562307 0.5355703 0.33707458
0.6162463 0.484387 0.2582981
0.6178227 0.4776649 0.25437653
0.6178227 0.4790144 0.2474275
0.606058 0.4672497 0.23566279
0.60213643 0.46332812 0.23174122
0.534662 0.4126521 0.22245495
0.16672526 0.11730684 0.05947449
0.18160374 0.14898375 0.13254121
0.18944688 0.15547732 0.14733337
0.15649793 0.13217643 0.11293337
0.20513315 0.17251316 0.15607062
0.23100773 0.20668623 0.18744317
0.26787826 0.23525825 0.21881571
0.32278022 0.2901602 0.2737177
0.6788353 0.6670622 0.6671137
0.75880396 0.7734775 0.8038196
0.75641984 0.79753965 0.85817254
0.7328514 0.8100658 0.8898902
0.7155887 0.79975206 0.88507456
0.6967886 0.76010495 0.82893336
0.6490392 0.6316666 0.6179216
0.2812194 0.24299999 0.21276078
0.18160374 0.15168285 0.11864311
0.14238806 0.11111761 0.08637644
0.14865479 0.12433329 0.10509023
0.13296852 0.108647004 0.08940396
0.12904695 0.104725435 0.08548239
0.18710172 0.14888231 0.11864311
0.17533702 0.13711761 0.10687841
0.18318015 0.14496075 0.114721544
0.16749388 0.12927447 0.09903527
0.16357231 0.12400335 0.102062725
0.17141545 0.13319604 0.10295684
0.17533702 0.13711761 0.10687841
0.20201938 0.15125139 0.10171768
0.48360363 0.42568538 0.3236628
0.8459644 0.7797476 0.68052554
0.8365448 0.777277 0.6835529
0.8639958 0.80337846 0.7179529
0.8522311 0.79296327 0.6992392
0.8404664 0.7825481 0.68052554
0.8318545 0.75868875 0.6539687
0.7981368 0.7180221 0.60780394
0.7722623 0.6851986 0.5694823
0.6099015 0.5257382 0.44041568
0.1526154 0.09489846 0.03986664
0.23735246 0.15318917 0.067866646
0.5487719 0.4323614 0.25596076
0.6860268 0.5696163 0.3932157
0.7040583 0.5945967 0.4236942
0.71582294 0.6063614 0.4354589
0.7119014 0.6024398 0.43153733
0.71974456 0.61028296 0.43938047
0.73543084 0.62596923 0.45506674
0.73385435 0.6313418 0.46593732
0.73385435 0.6313418 0.46593732
0.73385435 0.6313418 0.46593732
0.7377759 0.6352634 0.46985888
0.73385435 0.6313418 0.46593732
0.7315092 0.62204766 0.45114517
0.7119014 0.6024398 0.43153733
0.7079798 0.59851825 0.42761576
0.69621515 0.58675355 0.41585106
0.7119014 0.60109025 0.43848634
0.7040583 0.5932471 0.4306432
0.70013666 0.58932555 0.42672163
0.7040583 0.5932471 0.4306432
0.7236661 0.61285496 0.45025104
0.7119014 0.6024398 0.43153733
0.6977915 0.58003145 0.4119295
0.7040583 0.5945967 0.4236942
0.7119014 0.6024398 0.43153733
0.7079798 0.59851825 0.42761576
0.69621515 0.585404 0.42280006
0.7079798 0.5971687 0.43456477
0.6844504 0.5736393 0.41103536
0.67268574 0.56187457 0.39927065
0.6452347 0.5344236 0.37181967
0.655423 0.55291045 0.38750595
0.44984683 0.41027787 0.38833722
0.49140766 0.46013722 0.43539605
0.5133607 0.49038872 0.46284702
0.5212038 0.49823192 0.4706902
0.5251254 0.5008039 0.48156086
0.5212038 0.49688235 0.4776393
0.51728225 0.49296072 0.4737177
0.5031724 0.47055236 0.45410985
0.49140766 0.45878765 0.44234514
0.46395668 0.43133667 0.41489416
0.4239723 0.37340564 0.37086278
0.3980978 0.33923253 0.33949023
0.37848997 0.32097423 0.3129334
0.3980978 0.34058207 0.33254123
0.40436447 0.35514733 0.34430593
0.41455272 0.37228465 0.3669412
0.42708617 0.40276465 0.38352162
0.4568823 0.43950975 0.42576474
0.4945215 0.48544756 0.468902
0.5086314 0.50785595 0.48850986
0.5203961 0.51962066 0.50027454
0.512553 0.510428 0.49938038
0.50470984 0.5025849 0.49153724
0.4929451 0.4908201 0.4797725
0.47333726 0.46986273 0.4671137
0.47883523 0.4670622 0.4671137
0.4200117 0.40823868 0.40829018
0.40040386 0.3872813 0.39563134
0.37137648 0.3665524 0.37210193
0.3203961 0.31422246 0.32807064
0.26707053 0.2525984 0.2692471
0.3000586 0.24119332 0.24145103
0.39029366 0.2966835 0.26945102
0.39421523 0.2992555 0.2803216
0.34869385 0.28153005 0.28458828
0.18702371 0.2169446 0.24998435
0.17679638 0.23586287 0.28259605
0.21285918 0.28447413 0.350502
0.30382395 0.3893369 0.46636075
0.44969076 0.5491016 0.6371216
0.5657614 0.6734708 0.75869024
0.6128202 0.7205296 0.80574906
0.498326 0.5907879 0.67330986
0.21678075 0.28704616 0.36137253
0.24265534 0.32121927 0.39274508
0.33127493 0.4167879 0.49381173
0.45518875 0.54765064 0.6301726
0.5493064 0.6404187 0.73123926
0.5791025 0.6785134 0.7665334
0.5963652 0.6888271 0.7713491
0.6129763 0.58440495 0.54306674
0.605941 0.5592216 0.48479223
0.6153605 0.56169224 0.48176476
0.62085855 0.5602412 0.4748157
0.6130154 0.5523981 0.46697256
0.6012507 0.5406334 0.45520785
0.6051723 0.54455495 0.45912942
0.60909384 0.549826 0.45610195
0.61459184 0.5470255 0.45610195
0.622435 0.55486864 0.4639451
0.6302781 0.5627118 0.47178823
0.6302781 0.5627118 0.47178823
0.6302781 0.5627118 0.47178823
0.6341997 0.56663334 0.4757098
0.6341997 0.56663334 0.4757098
0.6341997 0.56663334 0.4757098
0.6538075 0.5862412 0.49531764
0.66165066 0.5940843 0.5031608
0.6639958 0.604728 0.5110039
0.6694938 0.60192746 0.5110039
0.66165066 0.5940843 0.5031608
0.6459644 0.5797476 0.48052555
0.66165066 0.5954339 0.49621183
0.6694938 0.603277 0.50405496
0.68518007 0.6189633 0.51974124
0.6930232 0.62815595 0.52063537
0.68910164 0.6242344 0.5167138
0.67733693 0.6124697 0.5049491
0.69067806 0.6202114 0.4988941
0.69148576 0.6028713 0.44846272
0.67034054 0.5579787 0.35668242
0.6436973 0.51183796 0.28574908
0.63743055 0.4986223 0.26703537
0.633509 0.49470073 0.2631138
0.6217443 0.48293597 0.25134906
0.62566584 0.48820716 0.24832165
0.62566584 0.48820716 0.24832165
0.6217443 0.48293597 0.25134906
0.5942543 0.48749185 0.29999214
0.31420743 0.23834263 0.15021959
0.15888213 0.10811414 0.058580425
0.20828605 0.16311757 0.12738043
0.19102329 0.15280388 0.12256468
0.19886643 0.16064702 0.13040781
0.18710172 0.14888231 0.11864311
0.19336845 0.16209799 0.13735685
0.18787047 0.16219942 0.15125494
0.5651098 0.55333674 0.55338824
0.7509608 0.76698387 0.78902745
0.7658394 0.80135983 0.848196
0.7626866 0.8121049 0.86993724
0.775259 0.80517995 0.83821964
0.3761058 0.35178426 0.33254123
0.14473322 0.120411724 0.10116866
0.13296852 0.108647004 0.08940396
0.12904695 0.104725435 0.08548239
0.13296852 0.108647004 0.08940396
0.15572917 0.11750977 0.087270565
0.20594095 0.1538234 0.11258827
0.25299978 0.20088223 0.15964709
0.1886782 0.14216019 0.114721544
0.17299193 0.12647392 0.09903527
0.18475664 0.13823862 0.110799976
0.1886782 0.14216019 0.114721544
0.20594095 0.15517296 0.10563925
0.2773369 0.21112014 0.11189808
0.83812124 0.773254 0.6657334
0.8302781 0.76541084 0.65789026
0.84988594 0.7850187 0.6774981
0.8365448 0.77997607 0.66965497
0.8420428 0.7785251 0.6627059
0.8357761 0.7639599 0.65094125
0.7965604 0.72609377 0.60477644
0.7981368 0.7193717 0.6008549
0.756576 0.6708619 0.54684705
0.5801054 0.4903426 0.3912236
0.19421521 0.110051915 0.024729393
0.4044816 0.2672241 0.074329466
0.6240895 0.48953107 0.28003922
0.67191696 0.549907 0.35970986
0.7017131 0.5853026 0.40890196
0.70013666 0.5920247 0.41282353
0.7119014 0.6024398 0.43153733
0.73543084 0.62596923 0.45506674
0.71974456 0.61028296 0.43938047
0.7236661 0.6142045 0.44330204
0.7236661 0.6142045 0.44330204
0.7236661 0.61285496 0.45025104
0.7181681 0.61565554 0.45025104
0.7260112 0.6234987 0.45809418
0.71582294 0.6050118 0.4424079
0.71974456 0.61028296 0.43938047
0.71582294 0.6063614 0.4354589
0.71974456 0.61028296 0.43938047
0.688372 0.57756084 0.41495693
0.7040583 0.5932471 0.4306432
0.7236661 0.61285496 0.45025104
0.7236661 0.61285496 0.45025104
0.7236661 0.61285496 0.45025104
0.71582294 0.6063614 0.4354589
0.70013666 0.5906751 0.41977262
0.7079798 0.59851825 0.42761576
0.7040583 0.5945967 0.4236942
0.69621515 0.58675355 0.41585106
0.688372 0.57756084 0.41495693
0.70013666 0.58932555 0.42672163
0.70013666 0.58932555 0.42672163
0.6844504 0.5736393 0.41103536
0.67660725 0.56579614 0.40319222
0.7024818 0.59996927 0.43456477
0.3737606 0.34249017 0.317749
0.40905473 0.3764347 0.3599922
0.41532147 0.39099994 0.3717569
0.41924304 0.3949215 0.37567848
0.4113999 0.38707837 0.36783534
0.40355676 0.37923524 0.3599922
0.3878705 0.36354896 0.34430593
0.37768218 0.34641173 0.32167056
0.3737606 0.34383973 0.3108
0.37141547 0.33319607 0.30295685
0.3674939 0.3292745 0.29903528
0.36357233 0.32535294 0.2951137
0.36907035 0.32255235 0.2951137
0.3792586 0.3410392 0.3108
0.38944688 0.35817644 0.33343527
0.41924304 0.3949215 0.37567848
0.4200117 0.4122873 0.38744318
0.4317764 0.424052 0.3992079
0.42393327 0.41485932 0.39831376
0.42627844 0.425503 0.4061569
0.39098433 0.39020887 0.37086278
0.37921962 0.37844416 0.35909808
0.37529805 0.37317306 0.36212546
0.38471758 0.3742941 0.36604702
0.3964823 0.3860588 0.37781173
0.4200117 0.40823868 0.40829018
0.38863915 0.37686613 0.37691763
0.37687445 0.36510143 0.36515293
0.35961178 0.35613725 0.35338822
0.32981563 0.31669307 0.3250431
0.30628622 0.29316366 0.3015137
0.33377624 0.2845591 0.2737177
0.39421523 0.2992555 0.2803216
0.3957917 0.29253337 0.27640003
0.351039 0.2921737 0.2924314
0.19486685 0.2234382 0.2647765
0.17679638 0.23451331 0.28954506
0.22462389 0.29623884 0.36226672
0.32577693 0.41958842 0.49381173
0.47714174 0.5765526 0.6645726
0.5791025 0.6785134 0.7665334
0.5947888 0.6941997 0.78221965
0.37598866 0.45320302 0.5330274
0.19325134 0.2648663 0.33089417
0.2481533 0.3184187 0.39274508
0.3351965 0.42070946 0.4977333
0.45284358 0.537007 0.6223295
0.5493064 0.6417683 0.72429025
0.5728358 0.6639481 0.75476867
0.60186315 0.68737614 0.7644
0.6067096 0.5725388 0.51740396
0.605941 0.5605712 0.4778432
0.6153605 0.56169224 0.48176476
0.6130154 0.5523981 0.46697256
0.6012507 0.5406334 0.45520785
0.6012507 0.5406334 0.45520785
0.6012507 0.5406334 0.45520785
0.6012507 0.5406334 0.45520785
0.6067487 0.53783286 0.45520785
0.61459184 0.5470255 0.45610195
0.61067027 0.54310393 0.4521804
0.6185134 0.55094707 0.46002352
0.622435 0.55486864 0.4639451
0.62635654 0.5587902 0.46786666
0.6341997 0.56663334 0.4757098
0.6341997 0.56663334 0.4757098
0.6420428 0.5744765 0.48355293
0.6420428 0.57582605 0.47660398
0.6459644 0.57839805 0.4874745
0.6420428 0.57582605 0.47660398
0.6420428 0.57582605 0.47660398
0.63812125 0.5719045 0.47268242
0.67341536 0.6071986 0.50797653
0.67733693 0.61112016 0.5118981
0.6930232 0.62680644 0.5275844
0.68518007 0.6203128 0.5127922
0.6812585 0.61639124 0.50887066
0.6867565 0.6149403 0.50192165
0.6710702 0.599254 0.48623535
0.6483485 0.55703497 0.4192236
0.6232817 0.5095703 0.3165726
0.60840315 0.4751943 0.2574039
0.60997957 0.47117126 0.23958436
0.60997957 0.47117126 0.23958436
0.61547756 0.46837074 0.23958436
0.61547756 0.4697203 0.23263535
0.63116384 0.48540664 0.24832165
0.639007 0.49324977 0.2561648
0.6507717 0.5050145 0.2679295
0.66645795 0.5193512 0.29056478
0.69702286 0.57076293 0.3584706
0.7511171 0.6416555 0.470753
0.6420818 0.54516876 0.39356077
0.59344655 0.50078344 0.37127066
0.58168185 0.4890187 0.35950595
0.5604976 0.4761329 0.34381965
0.22635652 0.15744066 0.07481567
0.18475664 0.13958816 0.10385102
0.16591747 0.13329747 0.116854936
0.35649794 0.33082688 0.3198824
0.696098 0.6773759 0.6719294
0.7604195 0.736098 0.71685493
0.5306234 0.49935296 0.47461176
0.15415277 0.12153276 0.10509023
0.14630963 0.11368961 0.097247094
0.14630963 0.11503918 0.09029801
0.15730564 0.11213717 0.076400034
0.23654482 0.17187881 0.111348994
0.32047418 0.24750967 0.18978038
0.24438795 0.17837241 0.12614116
0.19183108 0.13141504 0.09298043
0.20751736 0.14845087 0.10171768
0.21536049 0.156294 0.10956082
0.22870168 0.16403568 0.10350586
0.4671486 0.3939829 0.28926277
0.83969766 0.76788145 0.65486276
0.82635653 0.76283884 0.6470196
0.83419967 0.770682 0.65486276
0.83419967 0.770682 0.65486276
0.83419967 0.770682 0.65486276
0.8318545 0.7600383 0.6470196
0.8099015 0.7311364 0.6126196
0.79029363 0.7128781 0.5860627
0.78794855 0.70223445 0.5782196
0.73619944 0.63523775 0.50852555
0.47660726 0.3590484 0.2379373
0.37626186 0.22510646 0.021215662
0.6186305 0.45897514 0.21089417
0.6507717 0.5036649 0.2748785
0.68525815 0.55629915 0.360604
0.7134778 0.5970673 0.42066666
0.7252425 0.608832 0.43243137
0.71582294 0.60771096 0.4285098
0.73543084 0.6273188 0.44811764
0.7275877 0.6181261 0.4472236
0.71582294 0.6063614 0.4354589
0.71582294 0.6063614 0.4354589
0.7236661 0.6142045 0.44330204
0.7315092 0.6206981 0.45809418
0.71582294 0.6050118 0.4424079
0.7040583 0.5932471 0.4306432
0.70013666 0.58932555 0.42672163
0.7079798 0.59851825 0.42761576
0.69621515 0.58675355 0.41585106
0.70013666 0.5906751 0.41977262
0.7040583 0.5932471 0.4306432
0.7079798 0.5971687 0.43456477
0.7079798 0.5971687 0.43456477
0.7040583 0.5932471 0.4306432
0.688372 0.5789104 0.40800792
0.6844504 0.57498884 0.40408635
0.688372 0.5789104 0.40800792
0.6922935 0.582832 0.4119295
0.70013666 0.58932555 0.42672163
0.70013666 0.58932555 0.42672163
0.71582294 0.6050118 0.4424079
0.7079798 0.5971687 0.43456477
0.7119014 0.60109025 0.43848634
0.7040583 0.5932471 0.4306432
0.72208965 0.6182276 0.46112156
0.274145 0.24982348 0.23058043
0.29375285 0.26943132 0.2501883
0.29375285 0.26943132 0.2501883
0.2859097 0.2615882 0.24234514
0.28198814 0.25766662 0.23842357
0.29375285 0.26943132 0.2501883
0.301596 0.27862403 0.25108233
0.31885865 0.28893778 0.25589803
0.47179982 0.44322845 0.40189022
0.3384665 0.30989513 0.2685569
0.34238806 0.3138167 0.27247846
0.34473324 0.32311085 0.28727058
0.35257638 0.330954 0.2951137
0.35099995 0.33767608 0.29903528
0.36276466 0.3480912 0.317749
0.3572666 0.35089177 0.317749
0.3572666 0.3495422 0.3246981
0.36118817 0.35346377 0.32861966
0.36510974 0.35738534 0.33254123
0.3690313 0.3613069 0.3364628
0.36510974 0.35738534 0.33254123
0.37687445 0.36915004 0.34430593
0.37687445 0.3678005 0.35125494
0.38471758 0.37564364 0.35909808
0.3831412 0.3810162 0.3699686
0.4066706 0.4045456 0.393498
0.4066706 0.40319607 0.40044704
0.39098433 0.3875098 0.38476077
0.39882746 0.39535293 0.3926039
0.40432543 0.3925524 0.3926039
0.38471758 0.37294456 0.37299606
0.3886782 0.33946106 0.32861966
0.40205836 0.30709863 0.28816473
0.3957917 0.29253337 0.27640003
0.35653698 0.2893732 0.2924314
0.20036483 0.22198722 0.2578275
0.17679638 0.23451331 0.28954506
0.23246703 0.30408198 0.37010986
0.34538478 0.43919626 0.51341957
0.492828 0.5922389 0.68025887
0.5830241 0.6824349 0.77045494
0.56341624 0.66282713 0.7508471
0.24423173 0.31449714 0.3888235
0.19325134 0.2648663 0.33089417
0.25207487 0.32368982 0.3897177
0.3351965 0.42070946 0.4977333
0.45284358 0.53835654 0.6153804
0.5430397 0.62720305 0.71252555
0.5728358 0.6652977 0.74781966
0.59951806 0.678082 0.7496078
0.5965214 0.55540156 0.49476862
0.5918311 0.5381628 0.45823535
0.59575266 0.5420844 0.46215692
0.6035958 0.54992753 0.47000006
0.59732914 0.53536224 0.45823535
0.59732914 0.5367118 0.4512863
0.60909384 0.5484765 0.463051
0.6130154 0.5523981 0.46697256
0.6130154 0.5523981 0.46697256
0.60909384 0.5484765 0.463051
0.61067027 0.5417544 0.45912942
0.622435 0.55486864 0.4639451
0.61459184 0.5470255 0.45610195
0.61459184 0.5470255 0.45610195
0.622435 0.55486864 0.4639451
0.6302781 0.56406134 0.46483928
0.63812125 0.5719045 0.47268242
0.6459644 0.5797476 0.48052555
0.63812125 0.5719045 0.47268242
0.6420428 0.57582605 0.47660398
0.6420428 0.57582605 0.47660398
0.6459644 0.5797476 0.48052555
0.64988595 0.5836692 0.48444712
0.6593055 0.5847902 0.4883687
0.6593055 0.58613974 0.48141968
0.65538394 0.58221817 0.4774981
0.64361924 0.57045346 0.4657334
0.66714865 0.59533244 0.48231378
0.70009756 0.62133247 0.50281566
0.69148576 0.60017216 0.46236086
0.6687641 0.56200165 0.37450194
0.63977575 0.5065669 0.2887765
0.62566584 0.48550802 0.26221967
0.62566584 0.4868576 0.25527066
0.6233207 0.47621387 0.2474275
0.61939913 0.47364187 0.23655692
0.60371286 0.4579556 0.22087064
0.6131325 0.4590766 0.22479221
0.6209756 0.46691975 0.23263535
0.63274026 0.47868446 0.24440005
0.63274026 0.47868446 0.24440005
0.64058346 0.48787716 0.24529412
0.6562697 0.50356346 0.2609804
0.6743011 0.5298934 0.2845098
0.67822266 0.53381497 0.28843138
0.67822266 0.53381497 0.28843138
0.6703795 0.52867097 0.26669025
0.6625364 0.51947826 0.26579615
0.4154386 0.3003776 0.115678415
0.17537612 0.10780981 0.01688625
0.17299193 0.12782346 0.092086315
0.15338407 0.10686608 0.07942742
0.15572917 0.11750977 0.087270565
0.15572917 0.11750977 0.087270565
0.15572917 0.11750977 0.087270565
0.18398795 0.12627102 0.071239196
0.27422306 0.18446022 0.085341215
0.3055956 0.21448323 0.123662785
0.25303873 0.16887544 0.08355292
0.23577607 0.1585617 0.07873724
0.23812123 0.16920537 0.08658037
0.25146234 0.17559753 0.08747449
0.5079407 0.42647648 0.3245569
0.74558 0.6737638 0.5607451
0.8240114 0.7521952 0.6391765
0.8200898 0.7482736 0.635255
0.8318545 0.7600383 0.6470196
0.82793295 0.75611675 0.6430981
0.82793295 0.7574663 0.636149
0.8240114 0.75354475 0.6322274
0.7981368 0.7193717 0.6008549
0.7785289 0.7011134 0.574298
0.784027 0.6983129 0.574298
0.77776027 0.6850971 0.5555844
0.69386995 0.5747603 0.41495693
0.46411285 0.310057 0.07577261
0.62412846 0.45887375 0.19699612
0.64765793 0.48240316 0.22052556
0.66803443 0.51532817 0.2727451
0.6891797 0.5629198 0.35062745
0.7213209 0.60625994 0.42156076
0.74092877 0.6245183 0.44811764
0.71582294 0.60771096 0.4285098
0.71582294 0.60771096 0.4285098
0.73543084 0.6273188 0.44811764
0.71974456 0.61028296 0.43938047
0.7079798 0.59851825 0.42761576
0.71974456 0.6089334 0.44632947
0.71974456 0.6089334 0.44632947
0.7275877 0.6167765 0.4541726
0.7236661 0.61285496 0.45025104
0.7275877 0.6167765 0.4541726
0.7315092 0.62204766 0.45114517
0.7079798 0.59851825 0.42761576
0.688372 0.5789104 0.40800792
0.67660725 0.5671457 0.3962432
0.6922935 0.5814824 0.4188785
0.7119014 0.6024398 0.43153733
0.71582294 0.6063614 0.4354589
0.6922935 0.582832 0.4119295
0.6844504 0.57498884 0.40408635
0.70013666 0.5906751 0.41977262
0.7236661 0.6142045 0.44330204
0.7040583 0.5945967 0.4236942
0.7079798 0.5971687 0.43456477
0.7040583 0.5932471 0.4306432
0.71582294 0.6050118 0.4424079
0.7040583 0.5932471 0.4306432
0.69621515 0.585404 0.42280006
0.7024818 0.59861976 0.44151372
0.2059019 0.18852936 0.17478435
0.22158818 0.20421563 0.19047062
0.23727445 0.22125146 0.19920787
0.24511759 0.2290946 0.20705101
0.25296074 0.23693773 0.21489415
0.27256858 0.25789514 0.22755292
0.29767442 0.27605203 0.24021176
0.31728226 0.29700938 0.25287062
0.36983904 0.34126768 0.29992944
0.3384665 0.3112447 0.2616079
0.34630963 0.31773826 0.27640003
0.34473324 0.32446036 0.2803216
0.34473324 0.32446036 0.2803216
0.35649794 0.33487555 0.29903528
0.36276466 0.34944078 0.3108
0.36668622 0.35336235 0.31472155
0.37845093 0.3637775 0.33343527
0.37845093 0.3637775 0.33343527
0.3941372 0.37946376 0.34912154
0.4176666 0.40299317 0.37265095
0.40982348 0.39515004 0.3648078
0.41216856 0.40444416 0.37960005
0.42393327 0.41620886 0.39136475
0.4302 0.42942455 0.41007847
0.43804315 0.43591815 0.42487055
0.452153 0.45832652 0.4444784
0.45449802 0.46897027 0.45232153
0.4466549 0.4597776 0.45142743
0.45057645 0.46234962 0.462298
0.452153 0.45562744 0.45837644
0.42235687 0.41888234 0.4161333
0.402788 0.36186948 0.3482275
0.40205836 0.3084482 0.28121573
0.39187014 0.28996137 0.26552945
0.35653698 0.29072273 0.2854824
0.20820796 0.22983035 0.26567063
0.19405912 0.24347746 0.30130976
0.24265534 0.32121927 0.39274508
0.37675732 0.46921927 0.5517412
0.5163574 0.6157683 0.7037883
0.58694565 0.68635654 0.7743765
0.49048287 0.5815952 0.67241573
0.1987494 0.26206574 0.33089417
0.19717291 0.26878786 0.33481574
0.25207487 0.32368982 0.3897177
0.3469612 0.43247417 0.509498
0.448922 0.534435 0.61145884
0.53519654 0.6193599 0.7046824
0.57833374 0.66249716 0.74781966
0.6120905 0.66980743 0.7248392
0.58867824 0.548908 0.47997648
0.5996742 0.54600596 0.4660785
0.6012507 0.5392838 0.46215692
0.6051723 0.5432054 0.4660785
0.6012507 0.5392838 0.46215692
0.5918311 0.5381628 0.45823535
0.6035958 0.54992753 0.47000006
0.6035958 0.54857796 0.4769491
0.5894469 0.5568269 0.54038435
0.657651 0.65147734 0.6653255
0.616937 0.5549701 0.4778432
0.622435 0.55486864 0.4639451
0.61459184 0.5470255 0.45610195
0.61459184 0.5470255 0.45610195
0.62635654 0.5601398 0.4609177
0.6341997 0.5679829 0.46876085
0.63812125 0.5719045 0.47268242
0.62635654 0.5601398 0.4609177
0.6341997 0.5679829 0.46876085
0.6302781 0.56406134 0.46483928
0.63185453 0.55733925 0.4609177
0.6341997 0.5679829 0.46876085
0.6475408 0.5730255 0.47660398
0.6593055 0.5847902 0.4883687
0.6632271 0.5900613 0.48534125
0.65538394 0.58221817 0.4774981
0.6593055 0.58613974 0.48141968
0.66480345 0.5846888 0.47447065
0.66480345 0.58603835 0.46752155
0.65069366 0.56632906 0.43401575
0.6452347 0.53577316 0.36487067
0.60290515 0.47664532 0.26435292
0.606058 0.4645506 0.24956077
0.6178227 0.4790144 0.2474275
0.639007 0.4919002 0.2631138
0.639007 0.49324977 0.2561648
0.639007 0.49324977 0.2561648
0.62881875 0.47611246 0.23352939
0.63274026 0.47868446 0.24440005
0.6209756 0.46826932 0.22568625
0.6209756 0.46826932 0.22568625
0.62881875 0.47611246 0.23352939
0.644505 0.4931483 0.24226674
0.65392464 0.49561888 0.23923928
0.6617678 0.503462 0.24708241
0.6578462 0.50088996 0.23621184
0.65392464 0.4969684 0.23229027
0.66568935 0.5087331 0.24405497
0.6852972 0.52834094 0.26366282
0.6876423 0.53763515 0.27845496
0.6837207 0.532364 0.28148243
0.60528934 0.45258304 0.20999998
0.5488109 0.40170413 0.1729177
0.4381993 0.3092403 0.11354515
0.43193257 0.2973742 0.08788234
0.60528934 0.45393255 0.20305103
0.68921876 0.530913 0.2745334
0.70567364 0.55991644 0.32283145
0.7934856 0.67147565 0.48127848
0.80678767 0.70717555 0.5721648
0.8036348 0.7192702 0.5869569
0.8153995 0.7296854 0.6056706
0.8153995 0.7296854 0.6056706
0.8099015 0.73248595 0.6056706
0.8216662 0.7429011 0.6243843
0.8216662 0.7429011 0.6243843
0.8177446 0.7389795 0.6204627
0.8216662 0.74425066 0.6174353
0.8099015 0.73248595 0.6056706
0.77618384 0.69046974 0.5664549
0.76441914 0.67870504 0.5546902
0.76441914 0.68005455 0.54774123
0.76991713 0.67725396 0.54774123
0.7660346 0.6426751 0.46077645
0.6303952 0.47073984 0.22265887
0.66099906 0.4874457 0.2283687
0.65942264 0.49416786 0.23229027
0.68295205 0.51904684 0.24887061
0.67979914 0.52844244 0.27756086
0.710364 0.57580554 0.36631373
0.7134778 0.5984168 0.41371763
0.72916406 0.6141031 0.4294039
0.7119014 0.6037894 0.42458823
0.7040583 0.59594625 0.4167451
0.71582294 0.60771096 0.4285098
0.7236661 0.6142045 0.44330204
0.7236661 0.6142045 0.44330204
0.72208965 0.6195771 0.4541726
0.71582294 0.6050118 0.4424079
0.7119014 0.60109025 0.43848634
0.71582294 0.6050118 0.4424079
0.7315092 0.6206981 0.45809418
0.7236661 0.6142045 0.44330204
0.7079798 0.59851825 0.42761576
0.71582294 0.6063614 0.4354589
0.7119014 0.6024398 0.43153733
0.70013666 0.5906751 0.41977262
0.7119014 0.6024398 0.43153733
0.7040583 0.5945967 0.4236942
0.7079798 0.59851825 0.42761576
0.71582294 0.6063614 0.4354589
0.7119014 0.6024398 0.43153733
0.7064034 0.6052404 0.43153733
0.7024818 0.59996927 0.43456477
0.688372 0.57756084 0.41495693
0.70013666 0.58932555 0.42672163
0.6844504 0.5736393 0.41103536
0.6687641 0.557953 0.3953491
0.6922935 0.5814824 0.4188785
0.70013666 0.58797604 0.43367058
0.2059019 0.18987891 0.16783533
0.23727445 0.22395056 0.18530977
0.27022344 0.24995056 0.20581181
0.29375285 0.27347997 0.22934122
0.32278022 0.29555842 0.24592161
0.34238806 0.3165158 0.25858045
0.3674939 0.3346727 0.2712392
0.38318017 0.3517085 0.27997646
0.42631742 0.39484575 0.3231137
0.3910233 0.35955164 0.2878196
0.38552532 0.36100262 0.2947686
0.39729002 0.37141776 0.3134824
0.3878705 0.36894718 0.31650984
0.40747833 0.38855502 0.33611768
0.40982348 0.3978491 0.35090983
0.42943132 0.41745695 0.37051767
0.4451176 0.43179372 0.39315292
0.46472543 0.45140156 0.41276076
0.46314895 0.45812368 0.41668233
0.47649014 0.46316627 0.42452547
0.47491366 0.46853882 0.43539605
0.457651 0.45822507 0.43058044
0.452153 0.4610256 0.43058044
0.45057645 0.46639824 0.441451
0.4584196 0.47289184 0.4562431
0.47252947 0.4953002 0.47585094
0.46076477 0.48218596 0.47103527
0.43173736 0.46145707 0.44750586
0.43565893 0.46537864 0.45142743
0.42939222 0.44946387 0.44661173
0.39332947 0.39815345 0.3926039
0.38710174 0.3461832 0.33254123
0.40205836 0.3084482 0.28121573
0.38794857 0.2860398 0.2616079
0.362035 0.28927174 0.2785333
0.20820796 0.23117991 0.25872153
0.18856108 0.24627802 0.30130976
0.25284356 0.3397061 0.40843135
0.415973 0.50843495 0.59095687
0.5320437 0.6314546 0.71947455
0.57518095 0.6745918 0.7626118
0.38225532 0.46641874 0.5517412
0.1830631 0.24637944 0.31520787
0.20267096 0.2659873 0.33481574
0.259918 0.33153296 0.39756083
0.35245925 0.4296736 0.509498
0.44500044 0.5305134 0.60753727
0.5312749 0.61543834 0.70076084
0.55872595 0.6428893 0.7282118
0.62231785 0.65358835 0.6783294
0.58633316 0.5382643 0.47213334
0.5879095 0.5328917 0.46126282
0.5879095 0.53424126 0.45431378
0.6051723 0.5432054 0.4660785
0.60751736 0.55249953 0.48087066
0.6020194 0.552601 0.49476862
0.56903136 0.5572583 0.5573098
0.64584726 0.6730691 0.72270584
0.81916493 0.8616343 0.9139686
0.82074136 0.8549122 0.91004705
0.58867824 0.5448593 0.5008236
0.62635654 0.5574407 0.4748157
0.622435 0.55486864 0.4639451
0.62635654 0.5587902 0.46786666
0.62635654 0.5587902 0.46786666
0.63812125 0.5705549 0.47963136
0.6420428 0.5744765 0.48355293
0.6302781 0.56406134 0.46483928
0.6302781 0.56406134 0.46483928
0.6302781 0.56406134 0.46483928
0.62635654 0.5601398 0.4609177
0.6420428 0.57582605 0.47660398
0.6420428 0.57582605 0.47660398
0.65538394 0.58221817 0.4774981
0.6632271 0.5900613 0.48534125
0.65538394 0.58221817 0.4774981
0.6475408 0.57437503 0.46965498
0.65303874 0.5729241 0.46270594
0.6451956 0.5664305 0.4479137
0.63892895 0.55321485 0.4292
0.6436583 0.53979623 0.3826902
0.6232817 0.5082208 0.32352155
0.6162463 0.48168793 0.27219605
0.606058 0.46590018 0.24261181
0.61547756 0.46837074 0.23958436
0.60371286 0.45660603 0.22781965
0.60921085 0.45515504 0.22087064
0.6013677 0.4473119 0.2130275
0.5974462 0.44339034 0.20910594
0.60921085 0.4565046 0.21392155
0.6248971 0.4721909 0.22960782
0.644505 0.4931483 0.24226674
0.6617678 0.50211245 0.25403145
0.65392464 0.4942693 0.24618831
0.6578462 0.49954045 0.24316084
0.6578462 0.50088996 0.23621184
0.65942264 0.49416786 0.23229027
0.6672658 0.502011 0.2401334
0.6751089 0.50985414 0.24797654
0.65942264 0.49416786 0.23229027
0.6672658 0.502011 0.2401334
0.67118734 0.50593257 0.24405497
0.66568935 0.5087331 0.24405497
0.66568935 0.5087331 0.24405497
0.67118734 0.50593257 0.24405497
0.6907952 0.5255404 0.26366282
0.69471675 0.529462 0.26758438
0.6907952 0.52689 0.25671375
0.6868736 0.52161884 0.25974125
0.6852972 0.5269914 0.27061182
0.7229364 0.5702301 0.32764706
0.74800324 0.6217433 0.40945098
0.7777993 0.6557894 0.4655922
0.7934856 0.67147565 0.48127848
0.8013287 0.6793188 0.48912162
0.7934856 0.6728252 0.47432947
0.78564245 0.6636325 0.47343534
0.7526935 0.6376325 0.4529333
0.7526935 0.6349334 0.46683145
0.7511171 0.64030594 0.47770202
0.7511171 0.6416555 0.470753
0.7605366 0.64277655 0.47467458
0.75115603 0.6109982 0.38770986
0.6633442 0.499439 0.22926277
0.6531559 0.48095214 0.2135765
0.67668533 0.50448155 0.2371059
0.6688422 0.49663842 0.22926277
0.6727638 0.50190955 0.2262353
0.66568935 0.506034 0.25795302
0.67506987 0.541861 0.3240706
0.6899484 0.5748874 0.39018822
0.7079798 0.5998678 0.42066666
0.71974456 0.6116325 0.43243137
0.7275877 0.6181261 0.4472236
0.73935235 0.6298908 0.4589883
0.7377759 0.6352634 0.46985888
0.74561906 0.6431065 0.47770202
0.7416975 0.63918495 0.47378045
0.7299328 0.62742025 0.46201575
0.7275877 0.6167765 0.4541726
0.7236661 0.61285496 0.45025104
0.71974456 0.6089334 0.44632947
0.7040583 0.5932471 0.4306432
0.71032494 0.6078124 0.4424079
0.7119014 0.60109025 0.43848634
0.69856024 0.5960477 0.4306432
0.71032494 0.609162 0.4354589
0.7142465 0.611734 0.44632947
0.7142465 0.611734 0.44632947
0.7142465 0.611734 0.44632947
0.7142465 0.61308354 0.43938047
0.69856024 0.5960477 0.4306432
0.7260112 0.6234987 0.45809418
0.74561906 0.6431065 0.47770202
0.71032494 0.6078124 0.4424079
0.6922935 0.5814824 0.4188785
0.70013666 0.58932555 0.42672163
0.7119014 0.60109025 0.43848634
0.70013666 0.58932555 0.42672163
0.71974456 0.6089334 0.44632947
0.25061557 0.23034272 0.18620396
0.30709395 0.2812217 0.22328632
0.3557292 0.32290798 0.2594745
0.38083506 0.34106478 0.27213332
0.40436447 0.36594373 0.28871375
0.45299977 0.40762997 0.324902
0.4726076 0.4272378 0.34450984
0.5220115 0.48494032 0.3994118
0.5220115 0.4835908 0.4063608
0.47964296 0.4564698 0.38193724
0.46003512 0.43551242 0.3692784
0.46395668 0.43808442 0.38014907
0.45453715 0.43696338 0.3762275
0.45845872 0.4395354 0.38709807
0.46080387 0.4488295 0.40189022
0.45922738 0.45420212 0.41276076
0.44980785 0.45308107 0.4088392
0.457651 0.4609242 0.41668233
0.4811804 0.48445362 0.44021174
0.4694157 0.47133934 0.43539605
0.452153 0.46237516 0.42363134
0.43489018 0.4520615 0.41881573
0.4309686 0.44813994 0.41489416
0.42547065 0.45094046 0.41489416
0.4333138 0.45743406 0.4296863
0.4333138 0.45743406 0.4296863
0.40428638 0.43670517 0.4061569
0.3886001 0.4210189 0.39047062
0.37291384 0.4039831 0.3817333
0.3705687 0.39333943 0.37389016
0.3439255 0.34315005 0.32380396
0.34554094 0.29902294 0.2715843
0.3863721 0.29411146 0.25858045
0.384027 0.28346777 0.2507373
0.35419187 0.2814286 0.27069017
0.21997267 0.24159506 0.27743533
0.19640422 0.25412115 0.3091529
0.27637297 0.3632355 0.43196076
0.4473456 0.5398075 0.6223295
0.55322796 0.64568985 0.7282118
0.5438084 0.64321923 0.73123926
0.23873377 0.3172977 0.3888235
0.17914154 0.24245787 0.3112863
0.21835724 0.28167358 0.350502
0.26383957 0.33545452 0.4014824
0.34461612 0.42183048 0.50165486
0.4371573 0.52267027 0.59969413
0.51558864 0.60110164 0.6781255
0.5485377 0.6257521 0.7055765
0.61528236 0.6257059 0.633953
0.5879095 0.5315422 0.46821177
0.5879095 0.5328917 0.46126282
0.58398795 0.5289701 0.45734125
0.57299197 0.5305226 0.4781883
0.5596118 0.5547877 0.56033725
0.72270215 0.756873 0.81200784
0.8113218 0.8524416 0.9130745
0.80582386 0.85524213 0.9130745
0.80974543 0.85781413 0.9239451
0.81524336 0.8563632 0.91699606
0.6757214 0.64445096 0.6197098
0.60909384 0.5484765 0.463051
0.6067487 0.53783286 0.45520785
0.62635654 0.5587902 0.46786666
0.6302781 0.5627118 0.47178823
0.6341997 0.56663334 0.4757098
0.6341997 0.5679829 0.46876085
0.6341997 0.5679829 0.46876085
0.6341997 0.5679829 0.46876085
0.6341997 0.5679829 0.46876085
0.6420428 0.57582605 0.47660398
0.6341997 0.5679829 0.46876085
0.6420428 0.57582605 0.47660398
0.64988595 0.5850187 0.4774981
0.6632271 0.5900613 0.48534125
0.6632271 0.5900613 0.48534125
0.65538394 0.58221817 0.4774981
0.6632271 0.5900613 0.48534125
0.6569603 0.57684565 0.4666275
0.65303874 0.57427365 0.45575684
0.6405054 0.54919183 0.41138047
0.63739157 0.52793 0.35702753
0.6303562 0.5027467 0.29875302
0.6178227 0.47631532 0.26132548
0.61939913 0.4709428 0.25045496
0.6248971 0.46949175 0.24350592
0.62881875 0.4747629 0.24047849
0.62881875 0.4747629 0.24047849
0.62881875 0.47611246 0.23352939
0.63274026 0.48003402 0.23745096
0.6366619 0.4839556 0.24137256
0.6248971 0.4735404 0.22265887
0.6107874 0.451132 0.20305103
0.60294425 0.44463843 0.18825886
0.6382383 0.47993255 0.22355297
0.6578462 0.50088996 0.23621184
0.6696109 0.51265466 0.24797654
0.6790305 0.5137757 0.2518981
0.66568935 0.5087331 0.24405497
0.66568935 0.5087331 0.24405497
0.65392464 0.4969684 0.23229027
0.6617678 0.5048115 0.2401334
0.67118734 0.50593257 0.24405497
0.6672658 0.502011 0.2401334
0.65942264 0.49416786 0.23229027
0.65550107 0.4902463 0.2283687
0.6437363 0.47983116 0.2096549
0.64923435 0.475681 0.21660396
0.66099906 0.48879528 0.22141963
0.6633442 0.499439 0.22926277
0.6751089 0.5112037 0.24102747
0.6907952 0.52689 0.25671375
0.6907952 0.52689 0.25671375
0.6907952 0.52689 0.25671375
0.6868736 0.52161884 0.25974125
0.6813756 0.52576894 0.25279218
0.7025599 0.5386547 0.26847845
0.6986383 0.5347331 0.26455688
0.6907952 0.5255404 0.26366282
0.68921876 0.5322625 0.26758438
0.6813756 0.52441937 0.25974125
0.6852972 0.5296905 0.25671375
0.6751089 0.5112037 0.24102747
0.6868736 0.524318 0.24584314
0.6672658 0.50471014 0.2262353
0.6790305 0.51647484 0.238
0.6633442 0.50078857 0.22231373
0.6727638 0.50190955 0.2262353
0.6758776 0.52587044 0.26669025
0.67899144 0.54578257 0.32799217
0.7370072 0.6219462 0.43724704
0.73935235 0.63124037 0.4520392
0.7275877 0.61947566 0.4402745
0.7275877 0.6181261 0.4472236
0.7236661 0.6142045 0.44330204
0.7119014 0.60109025 0.43848634
0.7181681 0.61565554 0.45025104
0.7142465 0.611734 0.44632947
0.7119014 0.60109025 0.43848634
0.7079798 0.5971687 0.43456477
0.71582294 0.6050118 0.4424079
0.71582294 0.6050118 0.4424079
0.7275877 0.6167765 0.4541726
0.7299328 0.62742025 0.46201575
0.7377759 0.6352634 0.46985888
0.73385435 0.6313418 0.46593732
0.7064034 0.60389084 0.43848634
0.7181681 0.61565554 0.45025104
0.7299328 0.62742025 0.46201575
0.71032494 0.6078124 0.4424079
0.7260112 0.6234987 0.45809418
0.7142465 0.611734 0.44632947
0.7142465 0.611734 0.44632947
0.72208965 0.6195771 0.4541726
0.7299328 0.62742025 0.46201575
0.7142465 0.611734 0.44632947
0.71582294 0.6050118 0.4424079
0.7024818 0.59996927 0.43456477
0.69621515 0.585404 0.42280006
0.69463867 0.59212613 0.42672163
0.2992508 0.27472812 0.2084941
0.37141547 0.3399438 0.26821175
0.41612917 0.37770844 0.30047846
0.43965858 0.40123785 0.32400787
0.46476448 0.41939467 0.3366667
0.5259331 0.4888619 0.40333337
0.5024037 0.46533248 0.37980396
0.49690565 0.46678352 0.38675296
0.47964296 0.4564698 0.38193724
0.46630186 0.45007765 0.3810431
0.45296073 0.44368547 0.38014907
0.44903916 0.4397639 0.3762275
0.44746268 0.4451365 0.38709807
0.44196472 0.447937 0.38709807
0.43412158 0.4387443 0.38620394
0.42470202 0.43762326 0.38228238
0.4286236 0.44154483 0.38620394
0.41685888 0.42843062 0.38138822
0.42312548 0.44299594 0.39315292
0.4192039 0.43907437 0.38923135
0.3956745 0.41554496 0.36570194
0.37449026 0.4026592 0.35001567
0.358804 0.38697293 0.3343294
0.35488242 0.38305137 0.33040783
0.37841183 0.40658078 0.35393724
0.3431177 0.37128666 0.31864312
0.3195883 0.34910676 0.28816473
0.30155686 0.32277682 0.26463532
0.29529026 0.3082115 0.25287062
0.29059994 0.28692418 0.23718436
0.29375285 0.27347997 0.22934122
0.30947816 0.25041166 0.20367847
0.38010544 0.2795462 0.24681573
0.38952497 0.28066725 0.2507373
0.367533 0.2878208 0.2715843
0.21997267 0.24159506 0.27743533
0.20659253 0.2712584 0.33178827
0.31166708 0.39718005 0.47420388
0.46695346 0.55941534 0.6419373
0.5571495 0.6496114 0.7321334
0.48263973 0.5751016 0.6576236
0.19482781 0.25814414 0.32697257
0.1830631 0.24637944 0.31520787
0.22070232 0.29231727 0.35834515
0.26618475 0.34474868 0.4162745
0.34069455 0.41925848 0.4907843
0.42304748 0.5016114 0.5731372
0.49363574 0.57085013 0.6506745
0.50147885 0.5786933 0.65851766
0.58079606 0.5703726 0.5621255
0.60044295 0.556624 0.51258826
0.5910233 0.5528039 0.5225647
0.54077256 0.5471475 0.5802902
0.7877924 0.8289122 0.8895451
0.7995571 0.8406769 0.9013098
0.8019023 0.849971 0.916102
0.79405916 0.84212786 0.90825886
0.813667 0.8617357 0.9278667
0.80974543 0.85781413 0.9239451
0.81916493 0.86028475 0.92091763
0.8184353 0.8136112 0.81916076
0.616937 0.55631965 0.47089413
0.622435 0.55486864 0.4639451
0.62635654 0.5587902 0.46786666
0.6341997 0.56663334 0.4757098
0.62635654 0.5587902 0.46786666
0.62635654 0.5601398 0.4609177
0.622435 0.5562182 0.45699614
0.62635654 0.5601398 0.4609177
0.6302781 0.56406134 0.46483928
0.6341997 0.5679829 0.46876085
0.63812125 0.5719045 0.47268242
0.63812125 0.5719045 0.47268242
0.6341997 0.5693324 0.46181184
0.6514624 0.5782966 0.47357655
0.65538394 0.58221817 0.4774981
0.6593055 0.58613974 0.48141968
0.6632271 0.5900613 0.48534125
0.668725 0.58861035 0.4783922
0.6608819 0.5807672 0.47054908
0.66245836 0.57674426 0.4527294
0.6405054 0.5505413 0.40443143
0.63347006 0.525358 0.34615687
0.6287797 0.5067698 0.3165726
0.6162463 0.48168793 0.27219605
0.6076344 0.4591781 0.23869024
0.60371286 0.45660603 0.22781965
0.6209756 0.46691975 0.23263535
0.6248971 0.4721909 0.22960782
0.6248971 0.4721909 0.22960782
0.63274026 0.48138353 0.23050201
0.6366619 0.48530516 0.23442361
0.63274026 0.48138353 0.23050201
0.65392464 0.4942693 0.24618831
0.6617678 0.503462 0.24708241
0.65392464 0.4969684 0.23229027
0.64215994 0.48520368 0.22052556
0.6437363 0.47713202 0.22355297
0.6202069 0.4536026 0.20002356
0.62805 0.46144575 0.2078667
0.6515795 0.48632473 0.22444713
0.6790305 0.5137757 0.2518981
0.6868736 0.52161884 0.25974125
0.6751089 0.50985414 0.24797654
0.6790305 0.5137757 0.2518981
0.67118734 0.50593257 0.24405497
0.65550107 0.4902463 0.2283687
0.6672658 0.50336057 0.23318434
0.65550107 0.49159586 0.22141963
0.6515795 0.4876743 0.21749806
0.65942264 0.49551743 0.2253412
0.67118734 0.50728214 0.2371059
0.6515795 0.4876743 0.21749806
0.6751089 0.5112037 0.24102747
0.6884501 0.51624626 0.24887061
0.68452847 0.5123247 0.24494904
0.69471675 0.5321611 0.25368628
0.70021474 0.52936053 0.25368628
0.7080579 0.53720367 0.26152942
0.70021474 0.52936053 0.25368628
0.69629323 0.52543896 0.24976471
0.6751089 0.5125533 0.23407844
0.69471675 0.5321611 0.25368628
0.6868736 0.524318 0.24584314
0.6884501 0.51894534 0.23497263
0.6790305 0.51782435 0.23105106
0.68295205 0.5217459 0.23497263
0.6790305 0.51647484 0.238
0.67979914 0.529792 0.27061182
0.682913 0.55105364 0.32496476
0.70563465 0.59057367 0.4058745
0.7315092 0.62339723 0.44419608
0.7236661 0.6155541 0.43635294
0.7275877 0.6181261 0.4472236
0.71582294 0.6050118 0.4424079
0.7040583 0.5932471 0.4306432
0.71032494 0.6078124 0.4424079
0.72208965 0.6195771 0.4541726
0.72208965 0.6195771 0.4541726
0.7181681 0.61565554 0.45025104
0.73543084 0.62461966 0.46201575
0.7315092 0.6206981 0.45809418
0.72208965 0.6195771 0.4541726
0.71032494 0.6078124 0.4424079
0.71032494 0.6078124 0.4424079
0.69856024 0.5960477 0.4306432
0.6907171 0.58820456 0.42280006
0.71032494 0.6078124 0.4424079
0.7299328 0.62742025 0.46201575
0.7260112 0.6234987 0.45809418
0.7299328 0.6287698 0.45506674
0.74561906 0.6431065 0.47770202
0.7260112 0.6234987 0.45809418
0.71032494 0.6078124 0.4424079
0.7260112 0.6234987 0.45809418
0.72208965 0.6195771 0.4541726
0.7064034 0.60389084 0.43848634
0.7142465 0.611734 0.44632947
0.71032494 0.6078124 0.4424079
0.7024818 0.59996927 0.43456477
0.31885865 0.29433596 0.22810194
0.37768218 0.35450903 0.27997646
0.41063115 0.37915948 0.30742744
0.41689786 0.39507425 0.31224316
0.43258414 0.41076052 0.32792944
0.43258414 0.40941098 0.3348784
0.4231646 0.40828994 0.33095685
0.42158818 0.4136625 0.34182742
0.42550975 0.41758406 0.345749
0.41609013 0.41646305 0.34182742
0.408247 0.4086199 0.3339843
0.39882746 0.4061493 0.3370118
0.40274903 0.41007087 0.34093338
0.38548633 0.4011067 0.32916868
0.37372163 0.38799244 0.32435298
0.3721451 0.39471462 0.32827455
0.36430195 0.3868715 0.3204314
0.37998822 0.40255776 0.33611768
0.34861568 0.3711852 0.30474514
0.31724313 0.33981267 0.2733726
0.3031334 0.31875375 0.24681573
0.28352556 0.2991459 0.22720788
0.279604 0.2965739 0.21633723
0.27176085 0.2900803 0.20154509
0.30236465 0.3040871 0.22115293
0.30394113 0.29736498 0.21723136
0.29767442 0.2841493 0.1985177
0.32201153 0.28494033 0.19941181
0.33143115 0.28876045 0.18943527
0.3573447 0.2828294 0.1864079
0.38010544 0.28899303 0.1981726
0.38168183 0.27957186 0.20814902
0.3989445 0.28583694 0.23381181
0.3989445 0.28313786 0.24770978
0.36361143 0.28389922 0.26766273
0.23173739 0.2533598 0.28920004
0.23012194 0.2934383 0.36226672
0.3587259 0.44423887 0.5212627
0.49048287 0.58294475 0.6654667
0.55322796 0.64568985 0.7282118
0.36422396 0.44143832 0.5212627
0.17914154 0.24245787 0.3112863
0.1987494 0.26206574 0.33089417
0.23246703 0.30408198 0.37010986
0.2834474 0.35506237 0.42109025
0.3210867 0.39965063 0.47117645
0.3736435 0.4439089 0.51823527
0.41285917 0.48312458 0.55745095
0.41285917 0.48177502 0.56439996
0.5015179 0.5439873 0.5963216
0.564263 0.60673237 0.6590667
0.7979807 0.847399 0.90523136
0.79405916 0.84212786 0.90825886
0.7901376 0.8368568 0.9112863
0.8019023 0.849971 0.916102
0.79405916 0.84212786 0.90825886
0.79405916 0.84212786 0.90825886
0.80974543 0.85781413 0.9239451
0.80582386 0.85389256 0.92002356
0.81524336 0.8563632 0.91699606
0.83331376 0.8466377 0.88527846
0.59732914 0.53536224 0.45823535
0.59890556 0.5313392 0.44041568
0.59890556 0.5313392 0.44041568
0.6067487 0.54053193 0.44130987
0.61067027 0.5444535 0.44523144
0.6185134 0.55229664 0.45307457
0.6302781 0.56406134 0.46483928
0.63812125 0.5719045 0.47268242
0.63812125 0.5719045 0.47268242
0.63812125 0.5719045 0.47268242
0.63812125 0.5719045 0.47268242
0.63812125 0.5719045 0.47268242
0.6341997 0.5679829 0.46876085
0.6341997 0.5693324 0.46181184
0.6357761 0.5626103 0.45789027
0.6396977 0.5665319 0.46181184
0.6475408 0.57437503 0.46965498
0.65303874 0.5715745 0.46965498
0.6569603 0.57684565 0.4666275
0.6467721 0.561058 0.43704313
0.6405054 0.54784226 0.41832948
0.6318936 0.5280315 0.3709255
0.6232817 0.5068712 0.3304706
0.6264346 0.49747565 0.30178046
0.6217443 0.4802369 0.26524705
0.61939913 0.4709428 0.25045496
0.61547756 0.4697203 0.23263535
0.617054 0.46299818 0.22871378
0.62881875 0.47611246 0.23352939
0.62881875 0.47611246 0.23352939
0.63274026 0.48138353 0.23050201
0.6343168 0.4746614 0.22658044
0.6460815 0.48642617 0.23834518
0.64215994 0.48385417 0.22747457
0.6460815 0.48777574 0.23139614
0.64215994 0.48385417 0.22747457
0.6460815 0.48777574 0.23139614
0.6500031 0.49304682 0.2283687
0.65392464 0.4969684 0.23229027
0.6696109 0.51265466 0.24797654
0.6696109 0.51400423 0.24102747
0.6672658 0.50336057 0.23318434
0.64765793 0.48240316 0.22052556
0.65550107 0.4902463 0.2283687
0.6672658 0.502011 0.2401334
0.67118734 0.50728214 0.2371059
0.6868736 0.5229684 0.25279218
0.68295205 0.51904684 0.24887061
0.6633442 0.499439 0.22926277
0.6672658 0.50336057 0.23318434
0.67668533 0.50448155 0.2371059
0.67668533 0.50448155 0.2371059
0.65707755 0.4848737 0.21749806
0.6649207 0.49271685 0.2253412
0.66099906 0.48879528 0.22141963
0.6688422 0.49663842 0.22926277
0.6688422 0.497988 0.22231373
0.68452847 0.51367426 0.238
0.68452847 0.51367426 0.238
0.70021474 0.52936053 0.25368628
0.6923716 0.5215174 0.24584314
0.7041364 0.5332821 0.25760785
0.7080579 0.53720367 0.26152942
0.69629323 0.5267885 0.24281576
0.7080579 0.5385532 0.25458047
0.69471675 0.5335106 0.24673733
0.68295205 0.5203964 0.24192157
0.6758776 0.52721995 0.25974125
0.69075614 0.56024635 0.3258589
0.7017131 0.58800167 0.39500397
0.71974456 0.6129821 0.42548233
0.73935235 0.63124037 0.4520392
0.7315092 0.62204766 0.45114517
0.71974456 0.6089334 0.44632947
0.72208965 0.6195771 0.4541726
0.72208965 0.6195771 0.4541726
0.7299328 0.62742025 0.46201575
0.7181681 0.61565554 0.45025104
0.72208965 0.6195771 0.4541726
0.7024818 0.59996927 0.43456477
0.70013666 0.58932555 0.42672163
0.7040583 0.5932471 0.4306432
0.69856024 0.5960477 0.4306432
0.71582294 0.6050118 0.4424079
0.71582294 0.6050118 0.4424079
0.7079798 0.5971687 0.43456477
0.71974456 0.6089334 0.44632947
0.71582294 0.6050118 0.4424079
0.7260112 0.6234987 0.45809418
0.7260112 0.6234987 0.45809418
0.7040583 0.5932471 0.4306432
0.6922935 0.5814824 0.4188785
0.6844504 0.5736393 0.41103536
0.69621515 0.585404 0.42280006
0.69463867 0.59212613 0.42672163
0.7024818 0.59996927 0.43456477
0.7064034 0.60389084 0.43848634
0.71032494 0.6078124 0.4424079
0.71974456 0.6089334 0.44632947
0.30943912 0.29186535 0.23112945
0.35807434 0.33490118 0.26036862
0.37218422 0.35730955 0.27997646
0.3761058 0.36258066 0.27694905
0.37845093 0.37322432 0.28479218
0.3823725 0.3771459 0.28871375
0.37687445 0.3785969 0.29566273
0.36353335 0.3735543 0.2878196
0.36510974 0.3668322 0.28389803
0.35176864 0.36178958 0.2760549
0.3556902 0.36571115 0.27997646
0.34000394 0.34867534 0.2712392
0.32431766 0.33298907 0.25555292
0.3031334 0.32010332 0.23986664
0.28744712 0.30441704 0.22418037
0.31881967 0.33713913 0.24860391
0.28510198 0.29512292 0.20938823
0.27725884 0.28727978 0.20154509
0.31412935 0.3158518 0.23291764
0.29217643 0.2869498 0.1985177
0.2874861 0.26701203 0.1758824
0.30398017 0.26130947 0.1619843
0.32281932 0.26625064 0.15592946
0.35811344 0.3028943 0.18427455
0.3808741 0.31040752 0.18909018
0.40363485 0.3192702 0.18695691
0.46484256 0.3499828 0.21227455
0.48210526 0.3616461 0.21014117
0.5072111 0.38115248 0.21585102
0.5378149 0.39515924 0.23545887
0.56292075 0.41331613 0.24811763
0.5378149 0.38976106 0.26325494
0.44131315 0.315657 0.24433723
0.39502293 0.28056583 0.2368392
0.36361143 0.28389922 0.26766273
0.24900007 0.26232395 0.30096474
0.24972978 0.31304613 0.38187456
0.3806789 0.47314084 0.55566275
0.5100907 0.601203 0.6920236
0.51558864 0.59975207 0.68507457
0.2222788 0.28559515 0.35442358
0.1830631 0.24772899 0.30825886
0.20893762 0.28055257 0.34658045
0.24031016 0.3119251 0.377953
0.27952585 0.34979126 0.42411762
0.30071017 0.36402652 0.43285495
0.3117062 0.35977498 0.4259059
0.30386305 0.35193184 0.41806278
0.26618475 0.34204954 0.4301726
0.67164373 0.77665406 0.87847054
0.73281235 0.84612125 0.94513726
0.79402006 0.8781834 0.9635059
0.79640424 0.8514221 0.923051
0.786216 0.8329352 0.9073647
0.8019023 0.8486215 0.923051
0.7979807 0.8446999 0.91912943
0.7744513 0.82252 0.888651
0.77052975 0.81859845 0.88472944
0.8019023 0.849971 0.916102
0.80974543 0.85781413 0.9239451
0.8128982 0.84841865 0.89525485
0.589486 0.5275191 0.45039222
0.59890556 0.5313392 0.44041568
0.6067487 0.53918236 0.44825882
0.6185134 0.55229664 0.45307457
0.60282713 0.53661036 0.4373883
0.61067027 0.5444535 0.44523144
0.61459184 0.54837507 0.449153
0.622435 0.5562182 0.45699614
0.622435 0.5562182 0.45699614
0.6302781 0.56406134 0.46483928
0.6459644 0.5797476 0.48052555
0.64988595 0.5836692 0.48444712
0.6459644 0.5797476 0.48052555
0.6577291 0.59286183 0.48534125
0.66165066 0.5967834 0.48926282
0.6632271 0.5900613 0.48534125
0.65538394 0.58221817 0.4774981
0.65538394 0.58221817 0.4774981
0.6569603 0.5754961 0.47357655
0.6491172 0.5690025 0.45878437
0.63892895 0.55321485 0.4292
0.6405054 0.5505413 0.40443143
0.63581514 0.5319531 0.37484705
0.6272033 0.5107928 0.33439216
0.6185915 0.49098203 0.28698832
0.6162463 0.48168793 0.27219605
0.606058 0.46590018 0.24261181
0.60371286 0.45660603 0.22781965
0.6248971 0.47084132 0.23655692
0.62255204 0.4615472 0.22176468
0.63274026 0.48003402 0.23745096
0.6382383 0.47723347 0.23745096
0.6460815 0.48642617 0.23834518
0.6382383 0.47858298 0.23050201
0.64215994 0.48385417 0.22747457
0.6460815 0.48777574 0.23139614
0.65392464 0.49561888 0.23923928
0.6460815 0.48777574 0.23139614
0.64215994 0.48520368 0.22052556
0.6633442 0.49808943 0.23621184
0.6672658 0.50336057 0.23318434
0.6633442 0.499439 0.22926277
0.6790305 0.5151253 0.24494904
0.6672658 0.50336057 0.23318434
0.6633442 0.499439 0.22926277
0.6672658 0.50336057 0.23318434
0.65942264 0.49551743 0.2253412
0.6437363 0.47983116 0.2096549
0.6515795 0.4876743 0.21749806
0.6727638 0.50056 0.23318434
0.68295205 0.51904684 0.24887061
0.6868736 0.5229684 0.25279218
0.68452847 0.5123247 0.24494904
0.6649207 0.49271685 0.2253412
0.6649207 0.49271685 0.2253412
0.6688422 0.49663842 0.22926277
0.6688422 0.49663842 0.22926277
0.6649207 0.49271685 0.2253412
0.67668533 0.50448155 0.2371059
0.6586539 0.47815162 0.2135765
0.6649207 0.49271685 0.2253412
0.6688422 0.497988 0.22231373
0.6649207 0.49406642 0.21839216
0.64923435 0.47838008 0.20270586
0.6531559 0.4823017 0.20662746
0.6649207 0.49406642 0.21839216
0.6633442 0.50078857 0.22231373
0.6852972 0.52834094 0.26366282
0.6946777 0.5641679 0.32978046
0.7213209 0.6076095 0.41461182
0.73543084 0.6273188 0.44811764
0.73935235 0.63124037 0.4520392
0.7315092 0.62204766 0.45114517
0.7064034 0.60389084 0.43848634
0.7534622 0.65094966 0.48554516
0.7377759 0.6352634 0.46985888
0.7299328 0.62742025 0.46201575
0.7260112 0.6234987 0.45809418
0.7260112 0.6234987 0.45809418
0.7260112 0.62214917 0.46504313
0.7377759 0.6352634 0.46985888
0.73385435 0.6313418 0.46593732
0.72208965 0.6195771 0.4541726
0.7142465 0.611734 0.44632947
0.7260112 0.6234987 0.45809418
0.7119014 0.60109025 0.43848634
0.7079798 0.5971687 0.43456477
0.7040583 0.5932471 0.4306432
0.69856024 0.5960477 0.4306432
0.6922935 0.5814824 0.4188785
0.69621515 0.585404 0.42280006
0.69621515 0.585404 0.42280006
0.69621515 0.585404 0.42280006
0.7079798 0.5971687 0.43456477
0.7236661 0.61285496 0.45025104
0.7299328 0.62742025 0.46201575
0.7275877 0.6167765 0.4541726
0.7275877 0.6167765 0.4541726
0.7119014 0.60109025 0.43848634
0.28825486 0.2789796 0.21544318
0.3251254 0.3089012 0.23986664
0.31570584 0.3091297 0.22899607
0.31178427 0.30655766 0.21812554
0.30236465 0.30543664 0.21420397
0.29844308 0.30151507 0.2102824
0.29059994 0.29367194 0.20243926
0.27883524 0.28190723 0.19067456
0.257651 0.26902148 0.17498828
0.27491367 0.2793352 0.17980397
0.26472545 0.26084837 0.1641177
0.27256858 0.27004108 0.16501176
0.27022344 0.25939742 0.15716863
0.2757214 0.2565969 0.15716863
0.30632526 0.27060363 0.17677647
0.3494625 0.31509042 0.21296468
0.3683017 0.31733248 0.22080782
0.3737997 0.31453192 0.22080782
0.37460738 0.29584226 0.17732547
0.40521124 0.31389764 0.17608632
0.44131315 0.32780293 0.18179606
0.46799538 0.3419368 0.17663534
0.5009444 0.3679368 0.19713724
0.54565805 0.40705103 0.22245495
0.57468545 0.42912942 0.23903534
0.5958697 0.44336474 0.24777259
0.6366619 0.47720787 0.27611765
0.64215994 0.47575688 0.26916865
0.64215994 0.47575688 0.26916865
0.6500031 0.48360002 0.27701178
0.6460815 0.47697932 0.28698832
0.5997913 0.44053853 0.28643924
0.46641898 0.33381385 0.25699612
0.3871798 0.27137315 0.23594508
0.35968986 0.27862808 0.27069017
0.2552668 0.27553964 0.3196785
0.26776114 0.33802655 0.41235292
0.40812987 0.49924225 0.5900628
0.5100907 0.601203 0.6920236
0.42854545 0.4974613 0.58008623
0.18779239 0.23026177 0.28259605
0.18621598 0.23698387 0.28651762
0.22151011 0.27092844 0.32876077
0.23954149 0.29725844 0.35229018
0.2724905 0.3232584 0.37279212
0.2795649 0.31508532 0.36192155
0.26076478 0.2727391 0.3196785
0.25449803 0.25952342 0.30096474
0.2435021 0.25972632 0.32876077
0.53519654 0.61666083 0.71858037
0.6779104 0.7912193 0.8902353
0.7367339 0.8500428 0.9490588
0.8018632 0.88602656 0.97134906
0.79640424 0.8514221 0.923051
0.7650317 0.8200495 0.89167845
0.75718856 0.8122064 0.8838353
0.786216 0.8342847 0.9004157
0.7979807 0.8460494 0.9121804
0.8019023 0.849971 0.916102
0.80974543 0.85781413 0.9239451
0.8168198 0.85099065 0.9061255
0.57849 0.53042114 0.4642902
0.58714086 0.5195745 0.42865098
0.6067487 0.53918236 0.44825882
0.60282713 0.53661036 0.4373883
0.61067027 0.5444535 0.44523144
0.62635654 0.5601398 0.4609177
0.6302781 0.56406134 0.46483928
0.6341997 0.5679829 0.46876085
0.6302781 0.56406134 0.46483928
0.6302781 0.56406134 0.46483928
0.622435 0.5562182 0.45699614
0.6302781 0.56406134 0.46483928
0.62635654 0.5601398 0.4609177
0.64361924 0.57045346 0.4657334
0.6475408 0.57437503 0.46965498
0.6514624 0.5782966 0.47357655
0.65538394 0.58221817 0.4774981
0.6593055 0.58613974 0.48141968
0.6593055 0.58613974 0.48141968
0.6726466 0.5925319 0.48231378
0.6608819 0.5821168 0.46359998
0.66245836 0.57674426 0.4527294
0.65619165 0.5648781 0.42706674
0.6397367 0.5345251 0.38571763
0.6256269 0.5175149 0.33831373
0.6287797 0.50811934 0.3096236
0.6240895 0.48953107 0.28003922
0.61547756 0.46702123 0.24653338
0.617054 0.46299818 0.22871378
0.6248971 0.4721909 0.22960782
0.6209756 0.46826932 0.22568625
0.62255204 0.4615472 0.22176468
0.62255204 0.4628967 0.21481574
0.62647367 0.46681827 0.2187373
0.6382383 0.47993255 0.22355297
0.6460815 0.48777574 0.23139614
0.6578462 0.49954045 0.24316084
0.6578462 0.50088996 0.23621184
0.65550107 0.4902463 0.2283687
0.6515795 0.48632473 0.22444713
0.64765793 0.48375273 0.2135765
0.65942264 0.49551743 0.2253412
0.67118734 0.50728214 0.2371059
0.6790305 0.5151253 0.24494904
0.67118734 0.50728214 0.2371059
0.6672658 0.50336057 0.23318434
0.6751089 0.5112037 0.24102747
0.65550107 0.49159586 0.22141963
0.65942264 0.49551743 0.2253412
0.65550107 0.49159586 0.22141963
0.65550107 0.49159586 0.22141963
0.67668533 0.50448155 0.2371059
0.63746965 0.46526587 0.19789019
0.6531559 0.47960258 0.22052556
0.66099906 0.4874457 0.2283687
0.67668533 0.50448155 0.2371059
0.68060696 0.5084031 0.24102747
0.6923716 0.5201678 0.25279218
0.68060696 0.5084031 0.24102747
0.66099906 0.48879528 0.22141963
0.6649207 0.49271685 0.2253412
0.66099906 0.48879528 0.22141963
0.6531559 0.48095214 0.2135765
0.6453128 0.473109 0.20573333
0.66099906 0.49014485 0.2144706
0.6453128 0.47445852 0.19878429
0.6515795 0.4876743 0.21749806
0.6500031 0.49304682 0.2283687
0.6688031 0.52999485 0.2984079
0.6797601 0.55909973 0.360604
0.7213209 0.60625994 0.42156076
0.6805289 0.57241684 0.3932157
0.688372 0.58026 0.40105882
0.7040583 0.59594625 0.4167451
0.7315092 0.62204766 0.45114517
0.75738376 0.6548712 0.48946673
0.7534622 0.65094966 0.48554516
0.73385435 0.6299923 0.47288626
0.73385435 0.6299923 0.47288626
0.74561906 0.641757 0.48465097
0.71032494 0.6064629 0.44935685
0.71032494 0.6078124 0.4424079
0.72208965 0.6195771 0.4541726
0.7142465 0.611734 0.44632947
0.7181681 0.61565554 0.45025104
0.7181681 0.61565554 0.45025104
0.7181681 0.61565554 0.45025104
0.71032494 0.6078124 0.4424079
0.7064034 0.60389084 0.43848634
0.71032494 0.6078124 0.4424079
0.7064034 0.60389084 0.43848634
0.7142465 0.611734 0.44632947
0.71032494 0.6078124 0.4424079
0.70013666 0.58932555 0.42672163
0.7040583 0.5932471 0.4306432
0.67660725 0.56579614 0.40319222
0.6844504 0.5736393 0.41103536
0.67660725 0.56579614 0.40319222
0.67268574 0.56187457 0.39927065
0.24903916 0.2397639 0.17622748
0.25296074 0.24503502 0.17319998
0.25296074 0.24503502 0.17319998
0.23961955 0.24269155 0.15145886
0.23177642 0.23619795 0.1366667
0.24119602 0.23731896 0.14058827
0.24903916 0.24651167 0.14148232
0.25453714 0.24506068 0.13453332
0.26945466 0.24338119 0.13845488
0.29221547 0.25224388 0.13632162
0.30163503 0.25471446 0.13329417
0.32047418 0.25695652 0.1411373
0.35107797 0.27096328 0.16074514
0.37699157 0.2636827 0.16466671
0.39583075 0.26457518 0.17945887
0.44838753 0.30883348 0.22651769
0.45780715 0.3099545 0.23043926
0.49859923 0.34784627 0.2379373
0.5315482 0.38059402 0.22369416
0.5762619 0.4237569 0.22816475
0.60921085 0.4497569 0.24866664
0.62647367 0.46007055 0.25348234
0.64215994 0.4771064 0.26221967
0.65392464 0.4888711 0.27398437
0.6515795 0.479577 0.25919223
0.65550107 0.482149 0.2700628
0.66099906 0.480698 0.2631138
0.65942264 0.48742014 0.26703537
0.65942264 0.48607057 0.27398437
0.6500031 0.48225045 0.2839608
0.64215994 0.47170824 0.29001576
0.5958697 0.43391794 0.2964157
0.4624974 0.32854274 0.2600235
0.39344653 0.28593838 0.24770978
0.35419187 0.28007904 0.27763927
0.27252948 0.28450382 0.3314432
0.30147886 0.37869322 0.4585176
0.4340045 0.5334153 0.62143534
0.46695346 0.5580658 0.6488863
0.2387728 0.2812422 0.33357644
0.18075699 0.20237938 0.23821965
0.2058628 0.22053625 0.2508784
0.23096862 0.23734356 0.27048624
0.25449803 0.260873 0.29401568
0.27176085 0.26983708 0.30578038
0.27568242 0.27510822 0.3027529
0.28667837 0.26950717 0.3027529
0.30394113 0.27847132 0.31451762
0.28587058 0.28684735 0.35318428
0.5360043 0.59392244 0.69594514
0.5281221 0.62483394 0.72945094
0.6779104 0.7898697 0.8971843
0.7406555 0.8526148 0.9599294
0.766569 0.85073245 0.93605494
0.79640424 0.8514221 0.923051
0.8019023 0.8486215 0.923051
0.7979807 0.8460494 0.9121804
0.79405916 0.84212786 0.90825886
0.80582386 0.85389256 0.92002356
0.80974543 0.85781413 0.9239451
0.8074002 0.84852004 0.9091529
0.5714155 0.5358951 0.48905888
0.60282713 0.5339113 0.4512863
0.61067027 0.54310393 0.4521804
0.61067027 0.5444535 0.44523144
0.61067027 0.5444535 0.44523144
0.6067487 0.54053193 0.44130987
0.62635654 0.5601398 0.4609177
0.6302781 0.56406134 0.46483928
0.6302781 0.56406134 0.46483928
0.62635654 0.5601398 0.4609177
0.6341997 0.5679829 0.46876085
0.63812125 0.5719045 0.47268242
0.6420428 0.57582605 0.47660398
0.6420428 0.57582605 0.47660398
0.6475408 0.57437503 0.46965498
0.6475408 0.57437503 0.46965498
0.63185453 0.55868876 0.4539687
0.6357761 0.5626103 0.45789027
0.63185453 0.55868876 0.4539687
0.64127403 0.5611594 0.45094123
0.63735247 0.5572378 0.44701967
0.65303874 0.57427365 0.45575684
0.6546152 0.57025063 0.43793732
0.6538465 0.5555839 0.41227457
0.65934455 0.556832 0.39142752
0.6507327 0.5356717 0.35097253
0.6421209 0.5131619 0.31746674
0.6413521 0.4998448 0.28485492
0.61939913 0.4722923 0.24350592
0.6209756 0.46691975 0.23263535
0.6248971 0.4721909 0.22960782
0.6343168 0.4733119 0.23352939
0.6303952 0.47073984 0.22265887
0.6343168 0.4746614 0.22658044
0.6303952 0.47073984 0.22265887
0.62255204 0.46424627 0.2078667
0.6343168 0.47601098 0.2196314
0.6437363 0.47713202 0.22355297
0.6437363 0.4784816 0.21660396
0.65550107 0.4902463 0.2283687
0.6672658 0.50336057 0.23318434
0.65942264 0.49551743 0.2253412
0.67118734 0.50728214 0.2371059
0.67118734 0.50728214 0.2371059
0.6672658 0.50336057 0.23318434
0.6672658 0.50336057 0.23318434
0.6672658 0.50471014 0.2262353
0.6633442 0.499439 0.22926277
0.6633442 0.499439 0.22926277
0.6751089 0.5112037 0.24102747
0.6633442 0.499439 0.22926277
0.6672658 0.50336057 0.23318434
0.68060696 0.5084031 0.24102747
0.6688422 0.49663842 0.22926277
0.6727638 0.50056 0.23318434
0.66099906 0.48879528 0.22141963
0.66099906 0.48879528 0.22141963
0.6649207 0.49271685 0.2253412
0.6453128 0.473109 0.20573333
0.6649207 0.49271685 0.2253412
0.67668533 0.50448155 0.2371059
0.6923716 0.5201678 0.25279218
0.68452847 0.5123247 0.24494904
0.6649207 0.49271685 0.2253412
0.6688422 0.497988 0.22231373
0.68060696 0.5084031 0.24102747
0.6672658 0.50336057 0.23318434
0.66568935 0.5087331 0.24405497
0.67664623 0.53918755 0.29930204
0.7032895 0.58262914 0.3841334
0.6899484 0.5748874 0.39018822
0.7236661 0.6155541 0.43635294
0.69621515 0.5881031 0.40890196
0.688372 0.58026 0.40105882
0.69621515 0.5881031 0.40890196
0.7024818 0.59996927 0.43456477
0.74561906 0.6431065 0.47770202
0.69463867 0.59212613 0.42672163
0.71582294 0.6036623 0.44935685
0.7377759 0.6339139 0.47680783
0.75738376 0.6535217 0.49641567
0.73385435 0.6313418 0.46593732
0.7377759 0.6352634 0.46985888
0.7260112 0.6234987 0.45809418
0.7181681 0.61565554 0.45025104
0.7260112 0.6234987 0.45809418
0.7064034 0.60389084 0.43848634
0.7024818 0.59996927 0.43456477
0.7142465 0.611734 0.44632947
0.73385435 0.6313418 0.46593732
0.72208965 0.6195771 0.4541726
0.7181681 0.61565554 0.45025104
0.7142465 0.611734 0.44632947
0.7142465 0.611734 0.44632947
0.70013666 0.58932555 0.42672163
0.70013666 0.58932555 0.42672163
0.70013666 0.58932555 0.42672163
0.71974456 0.6089334 0.44632947
0.7024818 0.59996927 0.43456477
0.2349293 0.2187051 0.14967057
0.246694 0.23181935 0.15448624
0.25611356 0.23428991 0.15145886
0.25376838 0.22769491 0.1227686
0.2781056 0.22983548 0.11671376
0.31028587 0.23981924 0.11850193
0.33147013 0.25675362 0.11334123
0.37149352 0.273231 0.12992162
0.40759546 0.2871363 0.13563137
0.43427774 0.29857102 0.14436868
0.47664624 0.32704163 0.16184312
0.50567365 0.3504696 0.17147456
0.532356 0.36190426 0.18021181
0.52374417 0.32859808 0.20229803
0.50571275 0.29686993 0.20656475
0.51197946 0.31143516 0.21832946
0.5355089 0.33496457 0.24185887
0.5731481 0.3863006 0.2572
0.6202069 0.44280624 0.2556157
0.6515795 0.47822744 0.26614124
0.6515795 0.47822744 0.26614124
0.64765793 0.47430587 0.26221967
0.6578462 0.49279267 0.27790594
0.64215994 0.47575688 0.26916865
0.6460815 0.47832888 0.28003922
0.64058346 0.47977987 0.28698832
0.644505 0.48235193 0.2978589
0.63116384 0.47595978 0.29696476
0.60840315 0.467097 0.299098
0.58564246 0.45553523 0.3151294
0.5589602 0.44140133 0.32029024
0.5064033 0.39039534 0.3079765
0.4224739 0.30936635 0.2573412
0.3856034 0.27674568 0.24681573
0.37145457 0.2903928 0.28245488
0.28821576 0.30153963 0.34018043
0.31874153 0.38900694 0.4633333
0.42931414 0.5148271 0.59185094
0.32112575 0.3622456 0.4228784
0.20117262 0.2005984 0.22824311
0.22158818 0.19881745 0.2182667
0.24119602 0.21842529 0.23787454
0.26238027 0.23131104 0.2535608
0.27806658 0.24564776 0.27619612
0.28983128 0.25741246 0.28796083
0.27806658 0.24564776 0.27619612
0.27256858 0.24709877 0.28314507
0.27649015 0.25102034 0.28706664
0.2701843 0.27116108 0.337498
0.5987494 0.6580171 0.75174123
0.51951027 0.60097456 0.7028941
0.5281221 0.62483394 0.72945094
0.67006725 0.7820266 0.8893412
0.7288908 0.8408501 0.9481647
0.79794157 0.882105 0.9674275
0.8042474 0.8592652 0.93089414
0.80582386 0.85389256 0.92002356
0.79405916 0.84212786 0.90825886
0.8019023 0.849971 0.916102
0.80582386 0.85389256 0.92002356
0.8074002 0.84852004 0.9091529
0.6490392 0.6316666 0.6179216
0.56045854 0.5067903 0.4268628
0.58164287 0.52237505 0.42865098
0.58164287 0.52237505 0.42865098
0.60282713 0.5352608 0.44433725
0.6067487 0.54053193 0.44130987
0.61459184 0.54837507 0.449153
0.622435 0.5562182 0.45699614
0.62635654 0.5601398 0.4609177
0.622435 0.5562182 0.45699614
0.61459184 0.54837507 0.449153
0.61459184 0.54837507 0.449153
0.62793297 0.5534177 0.45699614
0.6475408 0.5730255 0.47660398
0.6475408 0.57437503 0.46965498
0.64361924 0.57045346 0.4657334
0.6514624 0.5782966 0.47357655
0.66714865 0.5939829 0.48926282
0.6514624 0.5782966 0.47357655
0.6357761 0.5626103 0.45789027
0.62793297 0.55611676 0.4430981
0.6451956 0.56508094 0.4548628
0.6467721 0.5597084 0.44399214
0.6483485 0.5556854 0.4261726
0.6397367 0.5345251 0.38571763
0.6413132 0.530502 0.3678981
0.6405444 0.5171849 0.33528626
0.6358542 0.50129575 0.29180393
0.63743055 0.49727273 0.27398437
0.63274026 0.47868446 0.24440005
0.62881875 0.47611246 0.23352939
0.6343168 0.4733119 0.23352939
0.64215994 0.4825046 0.23442361
0.6343168 0.4746614 0.22658044
0.6382383 0.47858298 0.23050201
0.6382383 0.47993255 0.22355297
0.6382383 0.47993255 0.22355297
0.6437363 0.47713202 0.22355297
0.6319716 0.46536732 0.21178827
0.6319716 0.4667169 0.20483926
0.63589317 0.47198802 0.20181176
0.64765793 0.48375273 0.2135765
0.6672658 0.50336057 0.23318434
0.6751089 0.5112037 0.24102747
0.6751089 0.5112037 0.24102747
0.68295205 0.51904684 0.24887061
0.67118734 0.50728214 0.2371059
0.6672658 0.50471014 0.2262353
0.6672658 0.50336057 0.23318434
0.67118734 0.50728214 0.2371059
0.68295205 0.51904684 0.24887061
0.6751089 0.5112037 0.24102747
0.68060696 0.5097527 0.23407844
0.66099906 0.48879528 0.22141963
0.65707755 0.4848737 0.21749806
0.6727638 0.50056 0.23318434
0.6727638 0.50056 0.23318434
0.6688422 0.49663842 0.22926277
0.6688422 0.49663842 0.22926277
0.6649207 0.49271685 0.2253412
0.65707755 0.4848737 0.21749806
0.6531559 0.48095214 0.2135765
0.6296265 0.45742273 0.19004706
0.6453128 0.473109 0.20573333
0.6453128 0.473109 0.20573333
0.65707755 0.4848737 0.21749806
0.6672658 0.50336057 0.23318434
0.6735325 0.5152267 0.25884712
0.6923325 0.55352426 0.32193732
0.7072111 0.5865507 0.38805497
0.72916406 0.6141031 0.4294039
0.72916406 0.6141031 0.4294039
0.7095562 0.5944953 0.40979606
0.6860268 0.5709659 0.38626665
0.6899484 0.5735379 0.39713725
0.7079798 0.59851825 0.42761576
0.688372 0.5789104 0.40800792
0.6844504 0.5736393 0.41103536
0.7040583 0.5932471 0.4306432
0.7119014 0.60109025 0.43848634
0.71974456 0.6089334 0.44632947
0.743274 0.6324628 0.46985888
0.7119014 0.6024398 0.43153733
0.70013666 0.58932555 0.42672163
0.70013666 0.58932555 0.42672163
0.71582294 0.6050118 0.4424079
0.73543084 0.62461966 0.46201575
0.72208965 0.6195771 0.4541726
0.7299328 0.62742025 0.46201575
0.73385435 0.6313418 0.46593732
0.7299328 0.62742025 0.46201575
0.7260112 0.6234987 0.45809418
0.7064034 0.60389084 0.43848634
0.69856024 0.5960477 0.4306432
0.7064034 0.60389084 0.43848634
0.71032494 0.6078124 0.4424079
0.7142465 0.611734 0.44632947
0.7064034 0.60389084 0.43848634
0.7181681 0.61565554 0.45025104
0.28594872 0.23228043 0.15235297
0.30163503 0.24931628 0.1610902
0.32047418 0.2542574 0.15503535
0.3604976 0.2747834 0.15076862
0.42093655 0.29487798 0.12957652
0.47822267 0.3257177 0.13012554
0.5111717 0.35171765 0.15062743
0.5480423 0.38028964 0.18199998
0.57706964 0.4023681 0.19858038
0.6060971 0.42579597 0.20821181
0.61943823 0.43083858 0.21605495
0.62728137 0.43868172 0.22389808
0.62728137 0.43868172 0.22389808
0.5959088 0.40056145 0.22727063
0.54885 0.3467549 0.21495691
0.5723794 0.37028432 0.23848632
0.5904108 0.39661425 0.26201573
0.6162853 0.43348646 0.27949017
0.6515795 0.4741788 0.28698832
0.64765793 0.4716068 0.27611765
0.6382383 0.47048575 0.27219605
0.6248971 0.4640936 0.27130198
0.61939913 0.4628455 0.292149
0.5927169 0.44871166 0.29730985
0.5832973 0.44624105 0.30033726
0.5644582 0.43995035 0.3133412
0.5440425 0.44038182 0.33026665
0.5330466 0.44328377 0.34416473
0.51578385 0.4316205 0.346298
0.50478786 0.43452248 0.3601961
0.48910162 0.41748667 0.35145885
0.45772907 0.38341504 0.3339843
0.40048194 0.3151703 0.2851373
0.37068582 0.27572608 0.2567922
0.35811344 0.2840006 0.28156084
0.30551755 0.27309874 0.3036471
0.3211647 0.32619008 0.3676314
0.3446941 0.3497195 0.39116082
0.25138426 0.23556256 0.26050985
0.26238027 0.22996148 0.26050985
0.26238027 0.23131104 0.2535608
0.26787826 0.2285105 0.2535608
0.26630184 0.2352326 0.25748238
0.27022344 0.23780464 0.268353
0.26630184 0.23388305 0.26443142
0.26472545 0.23925562 0.27530193
0.26707053 0.24854976 0.2900941
0.26707053 0.24720019 0.29704317
0.30390203 0.31047818 0.3906118
0.30778462 0.34640658 0.47062743
0.65599644 0.71951413 0.83533335
0.51951027 0.599625 0.70984316
0.53596526 0.6326771 0.7372941
0.6622241 0.77418345 0.88149804
0.7194713 0.8397291 0.94424313
0.8057847 0.88859856 0.98221964
0.80816895 0.8631868 0.9348157
0.8019023 0.849971 0.916102
0.7979807 0.8460494 0.9121804
0.8074002 0.8471705 0.916102
0.80347866 0.8445985 0.90523136
0.7415413 0.76316375 0.79900396
0.5839489 0.5596274 0.54038435
0.5933685 0.56344754 0.53040785
0.6184743 0.5816044 0.54306674
0.61220765 0.56973827 0.51740396
0.57456845 0.52649957 0.46036863
0.5800664 0.52369905 0.46036863
0.59575266 0.5407348 0.46910596
0.59732914 0.5367118 0.4512863
0.58164287 0.52102554 0.4356
0.6185134 0.54959756 0.46697256
0.622435 0.5535191 0.47089413
0.6302781 0.56136227 0.47873726
0.62635654 0.5587902 0.46786666
0.6185134 0.55094707 0.46002352
0.6240114 0.5494961 0.45307457
0.61616826 0.541653 0.44523144
0.62793297 0.5534177 0.45699614
0.6200898 0.54557455 0.449153
0.64361924 0.57045346 0.4657334
0.65538394 0.58221817 0.4774981
0.65538394 0.58221817 0.4774981
0.668725 0.58861035 0.4783922
0.6451956 0.5664305 0.4479137
0.6538465 0.5542344 0.4192236
0.6397367 0.53587466 0.37876862
0.638968 0.5225575 0.34615687
0.6381993 0.5092403 0.31354517
0.6295874 0.48808008 0.2730902
0.61939913 0.4722923 0.24350592
0.6248971 0.4721909 0.22960782
0.62881875 0.47611246 0.23352939
0.63274026 0.48138353 0.23050201
0.62647367 0.46681827 0.2187373
0.62647367 0.46816784 0.21178827
0.6382383 0.47993255 0.22355297
0.6382383 0.47993255 0.22355297
0.65942264 0.49281836 0.23923928
0.65942264 0.49281836 0.23923928
0.6437363 0.4784816 0.21660396
0.64765793 0.48375273 0.2135765
0.64765793 0.48375273 0.2135765
0.6515795 0.4876743 0.21749806
0.6437363 0.47983116 0.2096549
0.6515795 0.4876743 0.21749806
0.65942264 0.49551743 0.2253412
0.6790305 0.5151253 0.24494904
0.68295205 0.51904684 0.24887061
0.6751089 0.5112037 0.24102747
0.6672658 0.50336057 0.23318434
0.67118734 0.50728214 0.2371059
0.65942264 0.496867 0.21839216
0.6688422 0.497988 0.22231373
0.68452847 0.5123247 0.24494904
0.67668533 0.50448155 0.2371059
0.6727638 0.50056 0.23318434
0.66099906 0.48879528 0.22141963
0.6649207 0.49271685 0.2253412
0.6649207 0.49271685 0.2253412
0.66099906 0.48879528 0.22141963
0.65707755 0.4848737 0.21749806
0.6649207 0.49271685 0.2253412
0.6531559 0.48095214 0.2135765
0.64923435 0.47703058 0.2096549
0.6531559 0.48095214 0.2135765
0.68060696 0.5084031 0.24102747
0.6672658 0.502011 0.2401334
0.6382383 0.47993255 0.22355297
0.6648815 0.5247237 0.30143535
0.66015226 0.5381423 0.34794515
0.7017131 0.58665216 0.40195292
0.69386995 0.578809 0.3941098
0.7252425 0.61018157 0.42548233
0.72916406 0.6141031 0.4294039
0.71582294 0.60771096 0.4285098
0.73543084 0.62596923 0.45506674
0.7315092 0.62204766 0.45114517
0.7119014 0.60109025 0.43848634
0.7079798 0.5971687 0.43456477
0.70013666 0.58932555 0.42672163
0.70013666 0.5906751 0.41977262
0.7040583 0.5945967 0.4236942
0.67268574 0.56322414 0.39232165
0.6922935 0.582832 0.4119295
0.70013666 0.5906751 0.41977262
0.688372 0.57756084 0.41495693
0.688372 0.57756084 0.41495693
0.70013666 0.58932555 0.42672163
0.6687641 0.55930257 0.38840008
0.67660725 0.5671457 0.3962432
0.6922935 0.582832 0.4119295
0.71582294 0.6063614 0.4354589
0.7142465 0.611734 0.44632947
0.71582294 0.6050118 0.4424079
0.7181681 0.61565554 0.45025104
0.72208965 0.6182276 0.46112156
0.72208965 0.6182276 0.46112156
0.7142465 0.61038446 0.45327842
0.7024818 0.59996927 0.43456477
0.38321927 0.31835207 0.21083142
0.38398796 0.3343683 0.22954515
0.38321927 0.31835207 0.21083142
0.44838753 0.3182803 0.17787449
0.55588543 0.38813278 0.18984312
0.6115951 0.42434502 0.2012628
0.61943823 0.43218815 0.20910594
0.63670087 0.4425019 0.21392155
0.63120294 0.44395286 0.22087064
0.63120294 0.44395286 0.22087064
0.6351245 0.44652486 0.23174122
0.6390461 0.45044643 0.23566279
0.6406225 0.44372433 0.23174122
0.62728137 0.43598264 0.23779607
0.6060971 0.41769874 0.24990593
0.62647367 0.45332283 0.28822744
0.6233207 0.4654175 0.30301958
0.6233207 0.4654175 0.30301958
0.60371286 0.44446015 0.2903608
0.5754542 0.43839794 0.29249412
0.55661505 0.43345678 0.29854906
0.53935236 0.42314303 0.29373336
0.5205131 0.4168524 0.30673724
0.5055956 0.41448322 0.3236628
0.48675644 0.41089165 0.3227686
0.49852115 0.4213068 0.34148234
0.5008663 0.4306009 0.35627455
0.4930232 0.42140824 0.35538042
0.4757605 0.41109452 0.3505647
0.45615265 0.39013714 0.33790585
0.4153605 0.35494447 0.31650984
0.38164285 0.31022915 0.29119214
0.34634873 0.27493504 0.25589803
0.3267409 0.25262806 0.2501883
0.3173213 0.2501575 0.25321573
0.28514096 0.2401738 0.25142744
0.2757214 0.23770323 0.25445488
0.252192 0.21282423 0.23787454
0.252192 0.21282423 0.23787454
0.25061557 0.21954633 0.2417961
0.2584587 0.22603992 0.25658828
0.2568823 0.23276201 0.26050985
0.24980785 0.24093513 0.27138036
0.2403883 0.23711498 0.2813569
0.23331378 0.2439386 0.29917645
0.23173739 0.2479616 0.31699607
0.21681978 0.24829155 0.32002357
0.20659253 0.2672098 0.35263526
0.32739246 0.3714126 0.46243918
0.2842552 0.32152763 0.45404702
0.21993364 0.26550466 0.3952235
0.63246703 0.6973343 0.80485487
0.54069453 0.6138603 0.71858037
0.61047506 0.7071868 0.81180394
0.6645693 0.7834776 0.8962902
0.71789485 0.84510165 0.9551137
0.80028677 0.8913991 0.98221964
0.813667 0.8603862 0.9348157
0.79405916 0.84077835 0.91520786
0.8074002 0.8471705 0.916102
0.8074002 0.8471705 0.916102
0.82074136 0.8549122 0.91004705
0.830161 0.8600819 0.8931216
0.83565897 0.8572814 0.8931216
0.83958054 0.8625525 0.8900941
0.8435021 0.8664741 0.89401567
0.84900004 0.8650231 0.88706666
0.8529216 0.86759514 0.89793724
0.83565897 0.85998046 0.8792235
0.83723533 0.8532584 0.87530196
0.80978435 0.8258074 0.847851
0.7721451 0.78256863 0.7908157
0.7148981 0.71702296 0.7280706
0.61451375 0.60968965 0.6152392
0.5886392 0.57686615 0.57691765
0.5902157 0.57149357 0.5660471
0.5957136 0.5727417 0.5452
0.60905474 0.5791338 0.5460941
0.60278803 0.56591815 0.52738047
0.5824116 0.530294 0.48905888
0.60986257 0.5604441 0.50261176
0.6153605 0.55899316 0.49566275
0.60909384 0.5457774 0.4769491
0.6247801 0.5628132 0.48568633
0.66165066 0.5927348 0.5101098
0.67814463 0.5897314 0.48231378
0.66168964 0.5620775 0.42706674
0.655423 0.55156094 0.3944549
0.6507327 0.5356717 0.35097253
0.6476189 0.5117109 0.31051773
0.633509 0.49200165 0.27701178
0.6350854 0.48797864 0.25919223
0.6350854 0.4893282 0.25224322
0.64058346 0.48922673 0.23834518
0.6460815 0.48642617 0.23834518
0.6460815 0.48777574 0.23139614
0.62647367 0.46816784 0.21178827
0.63981473 0.47321045 0.2196314
0.6437363 0.47713202 0.22355297
0.6578462 0.49954045 0.24316084
0.6500031 0.49304682 0.2283687
0.65942264 0.49416786 0.23229027
0.6633442 0.499439 0.22926277
0.64765793 0.48375273 0.2135765
0.6437363 0.47983116 0.2096549
0.6515795 0.4876743 0.21749806
0.64765793 0.48375273 0.2135765
0.64765793 0.48375273 0.2135765
0.63981473 0.4759096 0.20573333
0.6515795 0.4876743 0.21749806
0.65942264 0.49551743 0.2253412
0.6633442 0.499439 0.22926277
0.6751089 0.5112037 0.24102747
0.6727638 0.50056 0.23318434
0.67668533 0.5058311 0.23015687
0.68060696 0.5084031 0.24102747
0.67668533 0.50448155 0.2371059
0.68452847 0.5123247 0.24494904
0.68452847 0.5123247 0.24494904
0.6727638 0.50056 0.23318434
0.67668533 0.50448155 0.2371059
0.6649207 0.49271685 0.2253412
0.6649207 0.49271685 0.2253412
0.65707755 0.4848737 0.21749806
0.66099906 0.48879528 0.22141963
0.65707755 0.4848737 0.21749806
0.6649207 0.49271685 0.2253412
0.6515795 0.48632473 0.22444713
0.6484266 0.49706987 0.24618831
0.6531168 0.512959 0.28967065
0.6797601 0.55909973 0.360604
0.69386995 0.58015853 0.38716084
0.71739936 0.60368794 0.41069025
0.6977915 0.58273053 0.39803135
0.6742621 0.5592011 0.37450194
0.6742621 0.5578516 0.38145098
0.67660725 0.5671457 0.3962432
0.70013666 0.5906751 0.41977262
0.7236661 0.61285496 0.45025104
0.73543084 0.62461966 0.46201575
0.7119014 0.6024398 0.43153733
0.71974456 0.61028296 0.43938047
0.71582294 0.6063614 0.4354589
0.69621515 0.58675355 0.41585106
0.7040583 0.5945967 0.4236942
0.6922935 0.582832 0.4119295
0.6844504 0.57498884 0.40408635
0.67660725 0.5671457 0.3962432
0.688372 0.57756084 0.41495693
0.6805289 0.5697177 0.4071138
0.67660725 0.5671457 0.3962432
0.6805289 0.5710673 0.40016478
0.6805289 0.5710673 0.40016478
0.6922935 0.582832 0.4119295
0.6687641 0.557953 0.3953491
0.660921 0.55010986 0.38750595
0.688372 0.57756084 0.41495693
0.69621515 0.58405447 0.429749
0.69463867 0.5907766 0.43367058
0.7064034 0.60389084 0.43848634
0.4538075 0.38759074 0.28836867
0.42320365 0.3708849 0.28265882
0.36595657 0.30533925 0.21991372
0.4264346 0.28802878 0.15042351
0.5668814 0.38523078 0.17594515
0.61551666 0.42826658 0.20518437
0.6233598 0.43610972 0.2130275
0.6233598 0.43610972 0.2130275
0.6233598 0.43610972 0.2130275
0.6217834 0.44013274 0.2308471
0.6178618 0.4348616 0.2338745
0.6045206 0.42846954 0.23298037
0.5951011 0.42464936 0.2429569
0.5762619 0.41970825 0.24901174
0.5613443 0.41733912 0.2659373
0.5723013 0.44914305 0.31423533
0.5589602 0.44275087 0.3133412
0.545619 0.43500924 0.31939608
0.5087484 0.40373814 0.3019216
0.49383092 0.40406808 0.30494905
0.49225444 0.40944064 0.31581965
0.49225444 0.4080911 0.3227686
0.48675644 0.40819252 0.3366667
0.4655722 0.39260772 0.3348784
0.44988593 0.37692145 0.31919214
0.4302781 0.35596406 0.3065333
0.39890555 0.32324195 0.28210986
0.37537614 0.298363 0.26552945
0.35419187 0.28412768 0.2567922
0.33692914 0.27381402 0.25197646
0.32516444 0.26069975 0.24716076
0.29771346 0.2318992 0.22665887
0.2882939 0.22942862 0.2296863
0.2765292 0.2176639 0.2179216
0.2749527 0.2230365 0.22879213
0.26945466 0.22448751 0.23574115
0.25611356 0.21809536 0.23484702
0.246694 0.21427521 0.24482356
0.23177642 0.21325564 0.25479996
0.22470203 0.2214287 0.26567063
0.22154908 0.23217389 0.28741175
0.1995571 0.23932737 0.30825886
0.18148662 0.25175202 0.32607841
0.19009846 0.27426186 0.35958436
0.23792604 0.3373369 0.4253569
0.32262415 0.42898396 0.52250195
0.4575339 0.5555953 0.6519137
0.5100907 0.601203 0.6920236
0.48267874 0.53364795 0.6301726
0.709361 0.74238354 0.8528079
0.2842552 0.32287717 0.44709802
0.38229442 0.42226592 0.5381882
0.6144357 0.6737034 0.7674275
0.57598865 0.65050393 0.74692553
0.6276988 0.753556 0.8718667
0.6739498 0.82065415 0.9554588
0.70689875 0.8480037 0.9690117
0.7908672 0.88757896 0.9921961
0.80582386 0.85254306 0.92697257
0.7995571 0.83932734 0.90825886
0.8074002 0.8471705 0.916102
0.8128982 0.8470691 0.9022039
0.830161 0.85873234 0.9000706
0.830161 0.85873234 0.9000706
0.83408254 0.8626539 0.9039922
0.830161 0.8600819 0.8931216
0.830161 0.8600819 0.8931216
0.83408254 0.8640035 0.89704317
0.8380041 0.86792505 0.90096474
0.8380041 0.86792505 0.90096474
0.8474237 0.8690461 0.9048863
0.8474237 0.8690461 0.9048863
0.8474237 0.87039566 0.89793724
0.8474237 0.87039566 0.89793724
0.8529216 0.86759514 0.89793724
0.8568432 0.8715167 0.9018588
0.8529216 0.86894464 0.89098823
0.8584196 0.86614406 0.89098823
0.86626273 0.8739872 0.89883137
0.86626273 0.8739872 0.89883137
0.86234117 0.8700656 0.8949098
0.88352555 0.8843009 0.90364707
0.879604 0.8803793 0.89972556
0.8560746 0.8581994 0.8692471
0.8168589 0.81898373 0.8300314
0.6318155 0.58799654 0.5439608
0.6405054 0.5451431 0.43222743
0.64757985 0.54101866 0.40050986
0.6624974 0.54473734 0.37663537
0.6640738 0.5407143 0.35881567
0.6538856 0.5262761 0.32228243
0.6531168 0.5116095 0.29661962
0.64292854 0.49582177 0.26703537
0.64058346 0.48787716 0.24529412
0.63274026 0.48138353 0.23050201
0.6186305 0.45897514 0.21089417
0.62647367 0.46816784 0.21178827
0.6382383 0.47993255 0.22355297
0.64215994 0.48385417 0.22747457
0.6460815 0.48912525 0.22444713
0.6382383 0.48128211 0.21660396
0.65550107 0.4902463 0.2283687
0.65942264 0.49551743 0.2253412
0.65550107 0.49159586 0.22141963
0.6633442 0.499439 0.22926277
0.6751089 0.5112037 0.24102747
0.6672658 0.50336057 0.23318434
0.6633442 0.499439 0.22926277
0.64765793 0.48375273 0.2135765
0.64765793 0.48375273 0.2135765
0.64765793 0.48375273 0.2135765
0.65550107 0.49159586 0.22141963
0.6515795 0.4876743 0.21749806
0.64923435 0.47703058 0.2096549
0.66099906 0.48879528 0.22141963
0.67668533 0.50448155 0.2371059
0.6688422 0.49663842 0.22926277
0.6649207 0.49271685 0.2253412
0.6751089 0.5112037 0.24102747
0.67668533 0.50448155 0.2371059
0.68060696 0.5084031 0.24102747
0.68060696 0.5084031 0.24102747
0.68060696 0.5084031 0.24102747
0.6751089 0.5125533 0.23407844
0.65942264 0.49551743 0.2253412
0.65707755 0.4848737 0.21749806
0.6515795 0.4876743 0.21749806
0.65942264 0.49416786 0.23229027
0.66645795 0.52205026 0.27666667
0.6868346 0.5536257 0.3358353
0.7017131 0.58800167 0.39500397
0.7095562 0.5958448 0.4028471
0.7095562 0.5958448 0.4028471
0.6860268 0.5723154 0.3793177
0.68210524 0.56704426 0.38234508
0.67034054 0.5552796 0.37058038
0.7095562 0.5931457 0.4167451
0.74092877 0.6231687 0.45506674
0.7236661 0.6142045 0.44330204
0.7236661 0.6142045 0.44330204
0.68210524 0.5643452 0.3962432
0.6648426 0.555381 0.3844785
0.6805289 0.5710673 0.40016478
0.6922935 0.582832 0.4119295
0.7079798 0.59851825 0.42761576
0.7315092 0.62204766 0.45114517
0.71974456 0.61028296 0.43938047
0.73543084 0.62461966 0.46201575
0.7119014 0.60109025 0.43848634
0.70013666 0.58932555 0.42672163
0.69621515 0.585404 0.42280006
0.6844504 0.5736393 0.41103536
0.6805289 0.5710673 0.40016478
0.6844504 0.57498884 0.40408635
0.688372 0.57756084 0.41495693
0.6805289 0.5697177 0.4071138
0.70013666 0.58932555 0.42672163
0.7040583 0.5932471 0.4306432
0.6789524 0.57643986 0.41103536
0.68679553 0.584283 0.4188785
0.4318545 0.3559897 0.26786664
0.3628037 0.31608436 0.24165495
0.32205057 0.24618576 0.15806273
0.40682676 0.2670714 0.13776475
0.54961866 0.372218 0.1850275
0.59825397 0.41525382 0.21426666
0.60059905 0.42589748 0.2221098
0.5927559 0.4140057 0.23511377
0.56607366 0.40122142 0.23332547
0.55115604 0.40155143 0.23635292
0.5417365 0.39638174 0.25327843
0.52289736 0.39144057 0.25933337
0.50955623 0.3850484 0.25843924
0.5001367 0.38122827 0.2684157
0.4969837 0.39197344 0.2901569
0.52520347 0.43544063 0.3363216
0.5212819 0.4301695 0.33934906
0.49383092 0.40136898 0.31884703
0.4703015 0.37649003 0.30226666
0.44911718 0.3636043 0.28658038
0.40832508 0.32976115 0.25823534
0.3808741 0.30096066 0.23773338
0.36126626 0.28000325 0.2250745
0.34950155 0.26553947 0.22720788
0.32439575 0.2473826 0.21454906
0.32047418 0.24346103 0.2106275
0.30478787 0.22642519 0.20189023
0.30321148 0.23179777 0.21276078
0.2875252 0.21476191 0.20402351
0.28202716 0.21621293 0.21097258
0.27260762 0.21374233 0.21400003
0.25926644 0.20735022 0.21310586
0.25768995 0.21272281 0.22397645
0.26003513 0.22201693 0.23876859
0.25453714 0.2234679 0.24571767
0.23020001 0.22132729 0.25177252
0.2042864 0.22455923 0.26869807
0.19405912 0.2421279 0.30825886
0.19717291 0.26743832 0.3417647
0.23089063 0.308105 0.38792938
0.33127493 0.41543835 0.5007608
0.46695346 0.55941534 0.6419373
0.503824 0.58798736 0.67330986
0.43323573 0.51739913 0.60272163
0.40655348 0.50596434 0.59398437
0.7155497 0.83850664 0.9264235
0.42931414 0.51347756 0.5988
0.432467 0.50273246 0.5770588
0.4748356 0.5285039 0.60843134
0.71720415 0.7556249 0.8328549
0.6646474 0.70731795 0.8066432
0.39405912 0.43538016 0.543004
0.57052976 0.6145499 0.7055765
0.5932904 0.62206304 0.7103921
0.6192039 0.61478245 0.71431375
0.56649107 0.7201444 0.860447
0.67787135 0.8245757 0.9593804
0.731236 0.8487947 0.9699059
0.813667 0.8603862 0.9348157
0.7956355 0.83540577 0.9043373
0.8050551 0.8378764 0.9013098
0.80897665 0.84179795 0.90523136
0.83408254 0.8613044 0.9109411
0.830161 0.85873234 0.9000706
0.830161 0.85873234 0.9000706
0.830161 0.85873234 0.9000706
0.830161 0.8600819 0.8931216
0.83408254 0.8640035 0.89704317
0.83408254 0.8640035 0.89704317
0.8380041 0.86792505 0.90096474
0.8435021 0.8651245 0.90096474
0.8474237 0.8690461 0.9048863
0.8474237 0.87039566 0.89793724
0.8474237 0.87039566 0.89793724
0.8568432 0.8715167 0.9018588
0.8568432 0.8715167 0.9018588
0.8568432 0.8715167 0.9018588
0.8568432 0.8715167 0.9018588
0.86076474 0.8754383 0.9057804
0.86076474 0.8754383 0.9057804
0.8584196 0.86479455 0.89793724
0.86626273 0.8739872 0.89883137
0.86626273 0.8739872 0.89883137
0.8701843 0.87790877 0.90275294
0.8701843 0.87790877 0.90275294
0.8859097 0.8588891 0.85624313
0.63892895 0.5505157 0.4430981
0.62405044 0.51748925 0.37698045
0.63347006 0.5226589 0.36005497
0.6232817 0.50552166 0.3374197
0.6146699 0.48571095 0.29001576
0.655462 0.5209036 0.31141177
0.6570384 0.5168806 0.2935922
0.6468501 0.5024424 0.25705883
0.6601913 0.5088346 0.25795302
0.6484266 0.49706987 0.24618831
0.6460815 0.48642617 0.23834518
0.6578462 0.49954045 0.24316084
0.6460815 0.48777574 0.23139614
0.6460815 0.48912525 0.22444713
0.6382383 0.48128211 0.21660396
0.6437363 0.4784816 0.21660396
0.65550107 0.4902463 0.2283687
0.6515795 0.48632473 0.22444713
0.65550107 0.49159586 0.22141963
0.65942264 0.49551743 0.2253412
0.67118734 0.50728214 0.2371059
0.6751089 0.5112037 0.24102747
0.6633442 0.499439 0.22926277
0.6633442 0.499439 0.22926277
0.6633442 0.499439 0.22926277
0.65942264 0.49551743 0.2253412
0.65707755 0.4848737 0.21749806
0.6335481 0.4613443 0.19396862
0.6453128 0.47175944 0.2126824
0.6453128 0.473109 0.20573333
0.66099906 0.4874457 0.2283687
0.6649207 0.49136728 0.23229027
0.6688422 0.49528885 0.23621184
0.6751089 0.50985414 0.24797654
0.6727638 0.50056 0.23318434
0.67668533 0.50448155 0.2371059
0.6649207 0.49271685 0.2253412
0.6727638 0.50056 0.23318434
0.6751089 0.5125533 0.23407844
0.65942264 0.49551743 0.2253412
0.6633442 0.499439 0.22926277
0.6696109 0.51130515 0.25492555
0.67664623 0.53918755 0.29930204
0.6915248 0.57221395 0.3654197
0.6977915 0.5840801 0.3910824
0.7017131 0.58665216 0.40195292
0.7017131 0.58665216 0.40195292
0.6899484 0.5748874 0.39018822
0.6899484 0.5748874 0.39018822
0.68760324 0.5628942 0.38929412
0.6899484 0.5735379 0.39713725
0.6781837 0.5604236 0.39232165
0.6860268 0.56826675 0.40016478
0.68210524 0.5643452 0.3962432
0.6648426 0.555381 0.3844785
0.69621515 0.58675355 0.41585106
0.7040583 0.5945967 0.4236942
0.71974456 0.61028296 0.43938047
0.7079798 0.59851825 0.42761576
0.6844504 0.57498884 0.40408635
0.6687641 0.55930257 0.38840008
0.6922935 0.5814824 0.4188785
0.69621515 0.585404 0.42280006
0.71582294 0.6050118 0.4424079
0.71582294 0.6050118 0.4424079
0.7236661 0.6142045 0.44330204
0.7040583 0.5932471 0.4306432
0.7079798 0.5971687 0.43456477
0.7236661 0.61285496 0.45025104
0.7024818 0.59996927 0.43456477
0.69463867 0.59212613 0.42672163
0.6750308 0.5725183 0.4071138
0.655423 0.55291045 0.38750595
0.6671877 0.56467515 0.39927065
0.41620725 0.30289838 0.2038824
0.3754151 0.26905528 0.1755373
0.36914843 0.25718912 0.1498745
0.4405444 0.30908763 0.17698044
0.5087875 0.37173128 0.22582744
0.5299718 0.38461703 0.24151371
0.51663065 0.37822485 0.24061958
0.50563467 0.3824764 0.24756867
0.4962151 0.38000578 0.2505961
0.48679549 0.37753525 0.25362357
0.48914057 0.3841303 0.28231376
0.47579947 0.37773815 0.28141963
0.4585368 0.3674244 0.27660397
0.45069367 0.35823172 0.27570978
0.42716426 0.33335277 0.2591294
0.4467721 0.35296062 0.27873725
0.41539955 0.3202385 0.25431377
0.36441916 0.26790857 0.2102824
0.3487329 0.25087276 0.20154509
0.33147013 0.24055909 0.19672939
0.3063643 0.2224022 0.18407062
0.29852116 0.21455905 0.17622748
0.29067802 0.20536636 0.17533337
0.2773369 0.1989742 0.17443925
0.2757605 0.20434676 0.18530977
0.2757605 0.20299721 0.1922588
0.28360364 0.21084034 0.20010194
0.2781056 0.21229136 0.20705101
0.2514233 0.20085663 0.19831376
0.24434884 0.2076802 0.21613331
0.23727445 0.21450372 0.23395297
0.22078046 0.21885669 0.25479996
0.21055312 0.23912448 0.28046277
0.20190226 0.25267014 0.3022039
0.2363886 0.30800354 0.37403142
0.3210867 0.40100014 0.4642275
0.4348122 0.5133761 0.5849019
0.5210867 0.5996506 0.67117643
0.42854545 0.49881086 0.5731372
0.41835722 0.48167357 0.550502
0.41285917 0.48447412 0.550502
0.43012193 0.49343827 0.5622667
0.44346303 0.4984809 0.57010984
0.43954146 0.49455932 0.5661883
0.4097063 0.49386972 0.57919216
0.69594187 0.8175492 0.9137647
0.08344741 0.15236327 0.23498821
0.0866003 0.1402686 0.22019605
0.25522774 0.30889606 0.3888235
0.7117062 0.7584254 0.8328549
0.7211257 0.75954646 0.8367765
0.5626866 0.60805625 0.69078434
0.6254317 0.67080134 0.7535294
0.5925217 0.60739636 0.68472946
0.6679174 0.58030903 0.66085494
0.6624193 0.58041054 0.67475295
0.61597306 0.6976385 0.84654903
0.63246703 0.69463515 0.81875294
0.83250606 0.8639778 0.93570983
0.7932904 0.8261117 0.8895451
0.79721195 0.83003324 0.89346665
0.8011335 0.8353044 0.8904392
0.8419257 0.86914754 0.91878426
0.830161 0.85873234 0.9000706
0.830161 0.85873234 0.9000706
0.830161 0.85873234 0.9000706
0.830161 0.85873234 0.9000706
0.8380041 0.86792505 0.90096474
0.83408254 0.8640035 0.89704317
0.8419257 0.8718466 0.9048863
0.8380041 0.86792505 0.90096474
0.8474237 0.8690461 0.9048863
0.8435021 0.8651245 0.90096474
0.85134524 0.87296766 0.9088079
0.8474237 0.87039566 0.89793724
0.85134524 0.8743172 0.9018588
0.8568432 0.8715167 0.9018588
0.8568432 0.8715167 0.9018588
0.86076474 0.8754383 0.9057804
0.86076474 0.8754383 0.9057804
0.8568432 0.8715167 0.9018588
0.86234117 0.8700656 0.8949098
0.86234117 0.8700656 0.8949098
0.86626273 0.8739872 0.89883137
0.8701843 0.87790877 0.90275294
0.89452153 0.8813989 0.889749
0.6608819 0.57806814 0.48444712
0.64600337 0.5450417 0.41832948
0.6397367 0.5331755 0.39266673
0.6232817 0.5041721 0.3443687
0.617015 0.4936555 0.31175685
0.62251306 0.4935541 0.2978589
0.6217443 0.4802369 0.26524705
0.611556 0.46579874 0.22871378
0.6366619 0.4839556 0.24137256
0.6366619 0.48530516 0.23442361
0.6484266 0.49706987 0.24618831
0.65392464 0.4942693 0.24618831
0.6500031 0.4916973 0.2353177
0.64215994 0.48520368 0.22052556
0.6382383 0.48128211 0.21660396
0.64215994 0.48520368 0.22052556
0.6633442 0.49808943 0.23621184
0.6437363 0.4784816 0.21660396
0.6437363 0.4784816 0.21660396
0.65942264 0.49551743 0.2253412
0.67118734 0.50728214 0.2371059
0.6672658 0.50336057 0.23318434
0.67118734 0.50728214 0.2371059
0.68295205 0.51904684 0.24887061
0.67118734 0.50728214 0.2371059
0.6672658 0.50336057 0.23318434
0.6633442 0.499439 0.22926277
0.6649207 0.49271685 0.2253412
0.66099906 0.48879528 0.22141963
0.6531559 0.47960258 0.22052556
0.6531559 0.47960258 0.22052556
0.6453128 0.47175944 0.2126824
0.65707755 0.48352414 0.22444713
0.66099906 0.4874457 0.2283687
0.6649207 0.49136728 0.23229027
0.65707755 0.4848737 0.21749806
0.66099906 0.48879528 0.22141963
0.67668533 0.50448155 0.2371059
0.6633442 0.499439 0.22926277
0.65942264 0.49551743 0.2253412
0.6617678 0.503462 0.24708241
0.6703795 0.5246223 0.28753734
0.68525815 0.5603478 0.33975688
0.7032895 0.58262914 0.3841334
0.7095562 0.5958448 0.4028471
0.7134778 0.5984168 0.41371763
0.71739936 0.60233843 0.4176392
0.7017131 0.58665216 0.40195292
0.7017131 0.5853026 0.40890196
0.7017131 0.5853026 0.40890196
0.7134778 0.5970673 0.42066666
0.70563465 0.5878746 0.41977262
0.7079798 0.59851825 0.42761576
0.71582294 0.6050118 0.4424079
0.69621515 0.58675355 0.41585106
0.69621515 0.58675355 0.41585106
0.71974456 0.61028296 0.43938047
0.7119014 0.6024398 0.43153733
0.69621515 0.58675355 0.41585106
0.71582294 0.6063614 0.4354589
0.6922935 0.582832 0.4119295
0.6922935 0.5814824 0.4188785
0.7119014 0.60109025 0.43848634
0.7040583 0.5932471 0.4306432
0.688372 0.57756084 0.41495693
0.6648426 0.555381 0.3844785
0.65699947 0.54753786 0.37663537
0.6805289 0.5697177 0.4071138
0.7064034 0.60389084 0.43848634
0.71032494 0.6078124 0.4424079
0.7142465 0.611734 0.44632947
0.7181681 0.61565554 0.45025104
0.7181681 0.61565554 0.45025104
0.7064034 0.60389084 0.43848634
0.38875628 0.27679697 0.16948234
0.4240504 0.31209108 0.20477645
0.4499249 0.34626418 0.236149
0.4616896 0.35937843 0.2409647
0.47737586 0.3750647 0.25665098
0.47737586 0.37371516 0.2636
0.4734543 0.3697936 0.25967842
0.46561116 0.35925135 0.26573336
0.4499249 0.34491462 0.24309808
0.42481908 0.3254082 0.23738828
0.39344653 0.29133657 0.21991372
0.36991712 0.2664576 0.20333338
0.34088975 0.2457287 0.17980397
0.33304662 0.23653603 0.17890985
0.32912505 0.23261446 0.17498828
0.36441916 0.26655903 0.21723136
0.35657603 0.25736636 0.21633723
0.296176 0.20391539 0.16838434
0.28833285 0.1947227 0.16749023
0.27891332 0.19225211 0.17051768
0.27341533 0.19505264 0.17051768
0.27968207 0.20961787 0.18228239
0.26634088 0.20187621 0.18833724
0.25692135 0.19940561 0.19136474
0.25926644 0.20869976 0.2061569
0.26161152 0.21934345 0.21400003
0.25453714 0.22616701 0.23181958
0.23254517 0.23332049 0.2526667
0.21055312 0.24047402 0.27351376
0.22543168 0.27754912 0.3187843
0.29444343 0.35350993 0.4002431
0.45522776 0.5129447 0.5679765
0.5399259 0.6059413 0.65817255
0.45914933 0.5168663 0.57189804
0.4238552 0.48157215 0.53660387
0.4238552 0.48157215 0.53660387
0.4332748 0.48269317 0.54052544
0.41366696 0.46308532 0.5209176
0.42308652 0.46420637 0.52483916
0.44661593 0.48773578 0.5483686
0.3760277 0.41714755 0.47778037
0.1485767 0.18969654 0.25032938
0.06072579 0.10879456 0.17492552
0.082678735 0.13904612 0.20237651
0.07794944 0.1551638 0.23498821
0.5939811 0.71558845 0.81180394
0.24653786 0.35984674 0.45886272
0.47794947 0.5538143 0.6419373
0.4756043 0.5458697 0.6201961
0.6748356 0.72985345 0.8014824
0.7234709 0.7715396 0.8376706
0.68191004 0.7203308 0.7975608
0.709361 0.74778175 0.8250118
0.580757 0.59563166 0.67296475
0.62793297 0.5223781 0.61682355
0.6593836 0.477591 0.55854905
0.75273246 0.55434287 0.64090204
0.7706858 0.65953153 0.74018043
0.854498 0.8541252 0.92876077
0.7987884 0.82331115 0.8895451
0.80271 0.8272327 0.89346665
0.8011335 0.8339548 0.8973882
0.830161 0.85738283 0.9070196
0.8262394 0.8548108 0.89614904
0.8262394 0.8548108 0.89614904
0.830161 0.85873234 0.9000706
0.830161 0.85873234 0.9000706
0.83408254 0.8640035 0.89704317
0.8380041 0.86792505 0.90096474
0.8380041 0.86792505 0.90096474
0.8419257 0.8718466 0.9048863
0.85134524 0.87296766 0.9088079
0.8474237 0.8690461 0.9048863
0.85134524 0.87296766 0.9088079
0.85134524 0.8743172 0.9018588
0.8568432 0.8715167 0.9018588
0.8568432 0.8715167 0.9018588
0.86076474 0.8754383 0.9057804
0.86076474 0.8754383 0.9057804
0.8568432 0.8715167 0.9018588
0.8568432 0.8715167 0.9018588
0.86234117 0.8700656 0.8949098
0.86626273 0.8739872 0.89883137
0.86626273 0.8739872 0.89883137
0.8701843 0.87790877 0.90275294
0.8811804 0.87500674 0.8888549
0.63735247 0.55318916 0.46786666
0.6522701 0.55825746 0.43704313
0.65934455 0.55278337 0.41227457
0.6413132 0.5291525 0.37484705
0.6272033 0.5107928 0.33439216
0.63427776 0.50531876 0.3096236
0.6217443 0.47888738 0.27219605
0.611556 0.46309966 0.24261181
0.6131325 0.45772704 0.23174122
0.6131325 0.4590766 0.22479221
0.6107874 0.4497825 0.20999998
0.62255204 0.4628967 0.21481574
0.6460815 0.48777574 0.23139614
0.64215994 0.48385417 0.22747457
0.6578462 0.49954045 0.24316084
0.67118734 0.50593257 0.24405497
0.65550107 0.4902463 0.2283687
0.6437363 0.4784816 0.21660396
0.6515795 0.48632473 0.22444713
0.65942264 0.49551743 0.2253412
0.65550107 0.49159586 0.22141963
0.65550107 0.49159586 0.22141963
0.65942264 0.49551743 0.2253412
0.65942264 0.49551743 0.2253412
0.6633442 0.499439 0.22926277
0.67118734 0.50728214 0.2371059
0.67118734 0.50728214 0.2371059
0.6633442 0.499439 0.22926277
0.6672658 0.50336057 0.23318434
0.6688422 0.49663842 0.22926277
0.6649207 0.49136728 0.23229027
0.65707755 0.48352414 0.22444713
0.64923435 0.475681 0.21660396
0.6413912 0.46918744 0.20181176
0.6508108 0.47030848 0.20573333
0.6468892 0.46503735 0.20876083
0.6413912 0.46783787 0.20876083
0.6531559 0.47960258 0.22052556
0.65550107 0.4902463 0.2283687
0.66568935 0.5073836 0.25100398
0.66803443 0.51532817 0.2727451
0.67664623 0.5364884 0.31320006
0.6954464 0.5761355 0.36934125
0.6977915 0.5840801 0.3910824
0.70563465 0.59057367 0.4058745
0.70563465 0.59057367 0.4058745
0.70563465 0.59057367 0.4058745
0.70563465 0.59057367 0.4058745
0.69386995 0.578809 0.3941098
0.69386995 0.57745945 0.40105882
0.7079798 0.5998678 0.42066666
0.7275877 0.6181261 0.4472236
0.7315092 0.6206981 0.45809418
0.71582294 0.6050118 0.4424079
0.7275877 0.6181261 0.4472236
0.7236661 0.6142045 0.44330204
0.7040583 0.5945967 0.4236942
0.69621515 0.58675355 0.41585106
0.7040583 0.5945967 0.4236942
0.6922935 0.582832 0.4119295
0.7134778 0.5957177 0.42761576
0.6977915 0.58003145 0.4119295
0.67268574 0.56322414 0.39232165
0.6648426 0.555381 0.3844785
0.6805289 0.5710673 0.40016478
0.67268574 0.56322414 0.39232165
0.6805289 0.5710673 0.40016478
0.69621515 0.58675355 0.41585106
0.69621515 0.58675355 0.41585106
0.69621515 0.58675355 0.41585106
0.68679553 0.58563256 0.4119295
0.6515014 0.55033845 0.37663537
0.64757985 0.5450673 0.3796628
0.6671877 0.56467515 0.39927065
0.32912505 0.2366631 0.15414116
0.4208975 0.3228362 0.22651769
0.43108582 0.341323 0.24220397
0.42481908 0.32675776 0.23043926
0.41305438 0.3136435 0.22562358
0.37776026 0.27834937 0.19032946
0.35815242 0.25604245 0.1846196
0.334623 0.23251304 0.1610902
0.32285827 0.21939877 0.15627454
0.3189367 0.2154772 0.15235297
0.31501514 0.20885654 0.16232938
0.31109357 0.20493497 0.1584078
0.30167404 0.20246439 0.16143528
0.2938309 0.19462125 0.15359214
0.2820662 0.18285654 0.14182743
0.323627 0.23136638 0.19583534
0.30009755 0.2064874 0.17925493
0.27107018 0.18440898 0.16267455
0.26949376 0.18978153 0.17354506
0.26791736 0.19515407 0.18441567
0.2647645 0.20724875 0.19920787
0.25061557 0.22359498 0.220949
0.23020001 0.22672549 0.22397645
0.21997267 0.2456437 0.25658828
0.24742366 0.2703956 0.29793724
0.3164355 0.34770593 0.37244704
0.39721194 0.43543145 0.46567062
0.5289689 0.57413733 0.60987455
0.47014537 0.5153138 0.551051
0.43092966 0.47609812 0.51183534
0.40740025 0.4525687 0.48830593
0.40740025 0.45391825 0.4813569
0.41681978 0.45368975 0.4922275
0.4278158 0.45078775 0.4783294
0.43881175 0.44653627 0.47138035
0.44273332 0.4477587 0.48920003
0.20820796 0.2284808 0.27261963
0.06703149 0.08730434 0.13144317
0.075643316 0.10981419 0.16494898
0.06072579 0.11014412 0.16797644
0.061494473 0.12616035 0.18669023
0.16345526 0.2267716 0.29560003
0.4207023 0.49096772 0.5652941
0.49129057 0.5602065 0.6428314
0.41520435 0.49106914 0.57919216
0.73515755 0.8581145 0.94603133
0.5877143 0.7023728 0.79309016
0.40501603 0.47528145 0.5496078
0.48894548 0.55091226 0.62803924
0.6552278 0.7102456 0.78187454
0.7234709 0.7715396 0.8376706
0.70543945 0.7438602 0.8210902
0.72896886 0.7673896 0.84461963
0.58625495 0.5914816 0.67991376
0.6200898 0.5131854 0.6159294
0.58645016 0.39365995 0.49401566
0.6821442 0.48240507 0.57726276
0.7408897 0.6214369 0.7048863
0.8427333 0.8423605 0.91699606
0.79486686 0.8193896 0.8856235
0.79486686 0.8193896 0.8856235
0.80663157 0.8311543 0.8973882
0.8183963 0.84426856 0.9022039
0.8262394 0.8548108 0.89614904
0.8262394 0.8548108 0.89614904
0.83408254 0.8626539 0.9039922
0.83408254 0.8626539 0.9039922
0.8380041 0.86792505 0.90096474
0.8380041 0.86792505 0.90096474
0.8474237 0.8690461 0.9048863
0.85134524 0.87296766 0.9088079
0.85134524 0.87296766 0.9088079
0.8474237 0.8690461 0.9048863
0.85134524 0.87296766 0.9088079
0.85134524 0.8743172 0.9018588
0.85134524 0.8743172 0.9018588
0.8568432 0.8715167 0.9018588
0.86076474 0.8754383 0.9057804
0.86076474 0.8754383 0.9057804
0.86076474 0.8754383 0.9057804
0.86234117 0.8687161 0.9018588
0.86234117 0.8700656 0.8949098
0.86234117 0.8700656 0.8949098
0.86626273 0.8739872 0.89883137
0.86626273 0.8739872 0.89883137
0.8756824 0.87645775 0.8958039
0.60282713 0.5339113 0.4512863
0.65619165 0.56352854 0.43401575
0.6420818 0.5438192 0.40050986
0.62954843 0.5173878 0.36308235
0.6468111 0.53040063 0.354
0.6523091 0.5302992 0.34010202
0.6436973 0.5077893 0.30659616
0.6233207 0.4735148 0.26132548
0.6233207 0.47621387 0.2474275
0.6248971 0.46949175 0.24350592
0.6186305 0.45627606 0.22479221
0.6147089 0.45370406 0.21392155
0.6343168 0.4746614 0.22658044
0.62805 0.46144575 0.2078667
0.6202069 0.4536026 0.20002356
0.6437363 0.47713202 0.22355297
0.65550107 0.4902463 0.2283687
0.6515795 0.48632473 0.22444713
0.67118734 0.50593257 0.24405497
0.68295205 0.5176973 0.25581968
0.6578462 0.50088996 0.23621184
0.65942264 0.49551743 0.2253412
0.6633442 0.499439 0.22926277
0.6751089 0.5112037 0.24102747
0.6515795 0.4876743 0.21749806
0.65942264 0.49551743 0.2253412
0.6672658 0.50336057 0.23318434
0.67118734 0.50728214 0.2371059
0.6633442 0.499439 0.22926277
0.68060696 0.5084031 0.24102747
0.6727638 0.50056 0.23318434
0.67668533 0.50448155 0.2371059
0.68060696 0.5084031 0.24102747
0.6649207 0.49271685 0.2253412
0.6625755 0.4820732 0.21749806
0.6468892 0.4663869 0.20181176
0.6296265 0.4547236 0.20394513
0.6413912 0.4664883 0.21570984
0.6413912 0.46513873 0.22265887
0.65392464 0.49157023 0.26008636
0.6586148 0.51150805 0.28272164
0.682913 0.54835457 0.33886275
0.68760324 0.5669429 0.36844712
0.69386995 0.578809 0.3941098
0.70563465 0.59057367 0.4058745
0.71739936 0.60098886 0.42458823
0.7213209 0.60491043 0.4285098
0.7017131 0.58665216 0.40195292
0.70563465 0.59057367 0.4058745
0.7040583 0.59594625 0.4167451
0.71582294 0.6063614 0.4354589
0.7079798 0.5971687 0.43456477
0.7119014 0.60109025 0.43848634
0.71582294 0.6050118 0.4424079
0.7064034 0.60389084 0.43848634
0.7040583 0.5932471 0.4306432
0.69621515 0.58675355 0.41585106
0.71582294 0.6063614 0.4354589
0.71974456 0.61028296 0.43938047
0.7040583 0.5945967 0.4236942
0.69621515 0.58675355 0.41585106
0.7040583 0.5945967 0.4236942
0.70013666 0.5906751 0.41977262
0.6922935 0.582832 0.4119295
0.7040583 0.5945967 0.4236942
0.6922935 0.582832 0.4119295
0.6844504 0.57498884 0.40408635
0.6805289 0.5710673 0.40016478
0.6687641 0.55930257 0.38840008
0.67268574 0.56322414 0.39232165
0.6805289 0.5710673 0.40016478
0.67110926 0.5699463 0.3962432
0.6671877 0.56467515 0.39927065
0.6789524 0.57643986 0.41103536
0.268725 0.18051305 0.12008631
0.3173603 0.22084975 0.16322356
0.3173603 0.22084975 0.16322356
0.31109357 0.20628451 0.15145886
0.307172 0.2037125 0.14058827
0.30325043 0.19844137 0.14361572
0.30325043 0.19844137 0.14361572
0.30325043 0.19709183 0.15056467
0.28756416 0.18140556 0.1348784
0.29148573 0.18397759 0.145749
0.2954073 0.18789916 0.14967057
0.28598776 0.18542854 0.15269807
0.27656814 0.18295799 0.15572552
0.27107018 0.18575852 0.15572552
0.27107018 0.18440898 0.16267455
0.3008663 0.22115408 0.20491761
0.25849774 0.19403307 0.1804941
0.2365057 0.2011866 0.20134115
0.23569798 0.22392496 0.22397645
0.24430987 0.24643475 0.25748238
0.28821576 0.30693784 0.31238437
0.40194124 0.41931376 0.43305886
0.52585506 0.55287564 0.5555216
0.4944825 0.5201536 0.5310981
0.4395805 0.4666011 0.4692471
0.43173736 0.45875797 0.46140397
0.42939222 0.4481143 0.45356083
0.43723536 0.45460787 0.46835297
0.42547065 0.44284317 0.45658827
0.43881175 0.44788578 0.4644314
0.41528234 0.42435637 0.440902
0.28744712 0.289572 0.30061966
0.1604195 0.13069981 0.14465095
0.19571361 0.16599393 0.17994507
0.13765877 0.12048755 0.15373331
0.08348645 0.11900687 0.1658431
0.11170618 0.16112453 0.21895683
0.2842552 0.332324 0.39845493
0.48267874 0.5390461 0.6023765
0.4473846 0.503752 0.5670824
0.4222788 0.48694468 0.54747456
0.4238552 0.48022258 0.543553
0.42777675 0.48414415 0.54747456
0.41993362 0.476301 0.5396314
0.4215101 0.4695789 0.53570986
0.6065535 0.7046149 0.8009333
0.7171261 0.830435 0.929451
0.18856108 0.24492846 0.30825886
0.525816 0.58218336 0.6455138
0.6905219 0.74688923 0.81021965
0.70778465 0.75585335 0.82198435
0.7117062 0.7584254 0.8328549
0.66072583 0.70609546 0.7888235
0.56272554 0.56660265 0.6633333
0.64988595 0.5485809 0.6651216
0.6303562 0.4501144 0.56976473
0.6162463 0.43040505 0.5362589
0.70009756 0.58759373 0.6765412
0.8348902 0.83451736 0.9091529
0.79486686 0.8193896 0.8856235
0.7909453 0.815468 0.88170195
0.80271 0.8272327 0.89346665
0.81055313 0.8364254 0.8943608
0.8262394 0.8548108 0.89614904
0.82231784 0.8508892 0.8922275
0.830161 0.85873234 0.9000706
0.83958054 0.86120296 0.89704317
0.83958054 0.86120296 0.89704317
0.8435021 0.8651245 0.90096474
0.8419257 0.8718466 0.9048863
0.8536904 0.88226175 0.9236
0.8615335 0.8901049 0.93144315
0.8552668 0.8768892 0.91272944
0.85134524 0.87296766 0.9088079
0.8568432 0.8715167 0.9018588
0.86076474 0.8754383 0.9057804
0.86076474 0.8754383 0.9057804
0.86076474 0.8754383 0.9057804
0.86076474 0.8754383 0.9057804
0.86076474 0.8754383 0.9057804
0.86234117 0.8687161 0.9018588
0.86234117 0.8687161 0.9018588
0.86626273 0.8739872 0.89883137
0.86234117 0.8700656 0.8949098
0.86626273 0.8739872 0.89883137
0.87176085 0.8725362 0.8918824
0.56987816 0.5052122 0.44468236
0.6585368 0.5728227 0.44880784
0.6656112 0.5673486 0.42403927
0.6436583 0.53979623 0.3826902
0.62954843 0.5200869 0.3491844
0.6232817 0.5082208 0.32352155
0.6107483 0.48178932 0.28609416
0.6295874 0.48673052 0.28003922
0.62724227 0.47878593 0.2582981
0.6233207 0.47621387 0.2474275
0.62881875 0.4747629 0.24047849
0.62647367 0.46546876 0.22568625
0.6343168 0.4746614 0.22658044
0.61236376 0.4444099 0.19912946
0.6162853 0.44968104 0.196102
0.63589317 0.4692889 0.21570984
0.63981473 0.47321045 0.2196314
0.62805 0.46144575 0.2078667
0.64765793 0.48105365 0.22747457
0.6790305 0.5124262 0.25884712
0.6617678 0.5048115 0.2401334
0.6672658 0.502011 0.2401334
0.6672658 0.50336057 0.23318434
0.6672658 0.50336057 0.23318434
0.65942264 0.49551743 0.2253412
0.65550107 0.49159586 0.22141963
0.6633442 0.499439 0.22926277
0.65707755 0.4848737 0.21749806
0.6633442 0.499439 0.22926277
0.6727638 0.50056 0.23318434
0.6688422 0.49663842 0.22926277
0.6688422 0.49663842 0.22926277
0.67668533 0.5058311 0.23015687
0.67668533 0.50448155 0.2371059
0.67668533 0.50448155 0.2371059
0.6727638 0.50056 0.23318434
0.65550107 0.4888968 0.2353177
0.6515795 0.48227608 0.24529412
0.6500031 0.48764867 0.2561648
0.6562697 0.4995148 0.2818275
0.6648815 0.52202463 0.31533334
0.6656503 0.5380408 0.33404714
0.6797601 0.55775017 0.367553
0.69386995 0.578809 0.3941098
0.70563465 0.59057367 0.4058745
0.6977915 0.581381 0.4049804
0.7095562 0.5931457 0.4167451
0.7017131 0.58665216 0.40195292
0.7134778 0.5970673 0.42066666
0.6922935 0.58418155 0.4049804
0.7236661 0.6142045 0.44330204
0.72208965 0.6195771 0.4541726
0.7260112 0.6234987 0.45809418
0.7142465 0.611734 0.44632947
0.71032494 0.6078124 0.4424079
0.7064034 0.60389084 0.43848634
0.7119014 0.60109025 0.43848634
0.7079798 0.5971687 0.43456477
0.7040583 0.5945967 0.4236942
0.6922935 0.582832 0.4119295
0.6844504 0.57498884 0.40408635
0.69621515 0.58675355 0.41585106
0.7040583 0.5945967 0.4236942
0.69621515 0.58675355 0.41585106
0.7079798 0.59851825 0.42761576
0.7119014 0.6024398 0.43153733
0.7119014 0.6024398 0.43153733
0.7064034 0.6052404 0.43153733
0.7064034 0.6052404 0.43153733
0.69856024 0.59739727 0.4236942
0.68679553 0.58563256 0.4119295
0.68679553 0.58563256 0.4119295
0.6789524 0.5777894 0.40408635
0.6632661 0.56210315 0.38840008
0.2703015 0.17244138 0.1231137
0.28598776 0.18812765 0.13879997
0.29148573 0.18532713 0.13879997
0.29148573 0.18532713 0.13879997
0.29148573 0.18532713 0.13879997
0.29148573 0.18532713 0.13879997
0.29148573 0.18397759 0.145749
0.28598776 0.18677811 0.145749
0.2804897 0.18822911 0.15269807
0.27264658 0.18038598 0.14485493
0.2655722 0.1872095 0.16267455
0.26007423 0.18866049 0.1696235
0.24750173 0.19963416 0.1804941
0.24042727 0.20780727 0.19136474
0.24511759 0.22774504 0.21400003
0.32589406 0.31547058 0.3072235
0.37921962 0.3757451 0.37299606
0.5266628 0.5314868 0.52593726
0.5266628 0.5314868 0.52593726
0.4403883 0.44521227 0.43966272
0.42470202 0.429526 0.42397645
0.4403883 0.4465618 0.4327137
0.44980785 0.44768286 0.43663526
0.45138425 0.44096076 0.4327137
0.44903916 0.4316666 0.4179216
0.44903916 0.4316666 0.4179216
0.39021564 0.37149355 0.36604702
0.22785485 0.21608183 0.21613331
0.08979215 0.10021573 0.10846277
0.08587058 0.09494462 0.11149023
0.111745164 0.12776816 0.14981174
0.1023256 0.12394801 0.15978827
0.17133744 0.1999088 0.24124709
0.40897664 0.44449708 0.4913333
0.49367478 0.53614414 0.58847845
0.42935324 0.48012114 0.52965486
0.41916496 0.46163434 0.5139686
0.4152434 0.45771277 0.510047
0.4152434 0.45771277 0.510047
0.41681978 0.45368975 0.4922275
0.44192567 0.47184655 0.5048863
0.35957274 0.39084318 0.4155843
0.16899228 0.19196422 0.21950585
0.16664712 0.18132056 0.21166271
0.1940981 0.20877154 0.23911369
0.25365135 0.31561816 0.39274508
0.6880987 0.81105566 0.8989725
0.22385521 0.27887306 0.350502
0.5344278 0.6060428 0.6720706
0.69836503 0.7547324 0.8180628
0.70543945 0.74655926 0.80719215
0.14073357 0.18050385 0.24943534
0.17837285 0.22509208 0.2995216
0.5046708 0.5224458 0.6301726
0.6608819 0.5416303 0.6720706
0.6640738 0.4894315 0.62287843
0.6350464 0.47005218 0.5924
0.6710702 0.56551534 0.65996075
0.8231255 0.82275265 0.8973882
0.77133745 0.7945106 0.8690432
0.7987884 0.82331115 0.8895451
0.79486686 0.8193896 0.8856235
0.80663157 0.83250386 0.8904392
0.8262394 0.8548108 0.89614904
0.82231784 0.8508892 0.8922275
0.8317374 0.8533598 0.88920003
0.82781583 0.84943825 0.88527846
0.83565897 0.8572814 0.8931216
0.83565897 0.8572814 0.8931216
0.8317374 0.8547094 0.88225096
0.7987884 0.83005893 0.8548
0.82231784 0.8522388 0.88527846
0.8654551 0.895376 0.9284157
0.8552668 0.8768892 0.91272944
0.8568432 0.8715167 0.9018588
0.86076474 0.8754383 0.9057804
0.8568432 0.8715167 0.9018588
0.86076474 0.8754383 0.9057804
0.86076474 0.8754383 0.9057804
0.8646863 0.87935984 0.90970194
0.86076474 0.8754383 0.9057804
0.8584196 0.86479455 0.89793724
0.86626273 0.8739872 0.89883137
0.8701843 0.87790877 0.90275294
0.86626273 0.8739872 0.89883137
0.8756824 0.87645775 0.8958039
0.7079018 0.6557842 0.61454904
0.65069366 0.56363 0.4479137
0.64992493 0.5516623 0.408353
0.655423 0.55021137 0.4014039
0.6805289 0.5697177 0.4071138
0.6624974 0.5460869 0.36968628
0.644466 0.52245605 0.33225888
0.62801105 0.49210307 0.2909099
0.6217443 0.4802369 0.26524705
0.6076344 0.4591781 0.23869024
0.6248971 0.47084132 0.23655692
0.6382383 0.47723347 0.23745096
0.6343168 0.4746614 0.22658044
0.63589317 0.46793932 0.22265887
0.63981473 0.4718609 0.22658044
0.62805 0.46144575 0.2078667
0.62805 0.46144575 0.2078667
0.62805 0.46144575 0.2078667
0.63981473 0.47321045 0.2196314
0.6515795 0.48497522 0.23139614
0.6515795 0.48632473 0.22444713
0.65942264 0.49416786 0.23229027
0.6672658 0.502011 0.2401334
0.67118734 0.50593257 0.24405497
0.6751089 0.50985414 0.24797654
0.65550107 0.49159586 0.22141963
0.6672658 0.50336057 0.23318434
0.6633442 0.499439 0.22926277
0.6649207 0.49271685 0.2253412
0.6688422 0.49663842 0.22926277
0.6649207 0.49271685 0.2253412
0.68060696 0.5084031 0.24102747
0.68060696 0.5084031 0.24102747
0.6649207 0.49271685 0.2253412
0.6649207 0.49271685 0.2253412
0.67118734 0.50593257 0.24405497
0.67745405 0.5177987 0.26971772
0.6813756 0.5203707 0.28058824
0.67979914 0.5243938 0.2984079
0.66330516 0.5287467 0.3192549
0.67506987 0.53916186 0.3379687
0.68525815 0.55629915 0.360604
0.67583853 0.5538286 0.36363143
0.6915248 0.56816536 0.38626665
0.6899484 0.5748874 0.39018822
0.6899484 0.5748874 0.39018822
0.6977915 0.58273053 0.39803135
0.6977915 0.58273053 0.39803135
0.7017131 0.5853026 0.40890196
0.6922935 0.58418155 0.4049804
0.71582294 0.6050118 0.4424079
0.7275877 0.6167765 0.4541726
0.7142465 0.611734 0.44632947
0.7299328 0.62742025 0.46201575
0.7142465 0.611734 0.44632947
0.7236661 0.61285496 0.45025104
0.71582294 0.6050118 0.4424079
0.7275877 0.6167765 0.4541726
0.71582294 0.6050118 0.4424079
0.70013666 0.5906751 0.41977262
0.70013666 0.5906751 0.41977262
0.6844504 0.57498884 0.40408635
0.6805289 0.5710673 0.40016478
0.688372 0.5789104 0.40800792
0.6922935 0.582832 0.4119295
0.688372 0.5789104 0.40800792
0.6805289 0.5710673 0.40016478
0.6789524 0.5777894 0.40408635
0.68287396 0.581711 0.40800792
0.69856024 0.59739727 0.4236942
0.7064034 0.6052404 0.43153733
0.69856024 0.59874684 0.4167451
0.68679553 0.58563256 0.4119295
0.6750308 0.57386786 0.40016478
0.2836426 0.17748399 0.13095683
0.2836426 0.17613445 0.13790587
0.2820662 0.18420608 0.1348784
0.2804897 0.18957868 0.145749
0.27107018 0.18710807 0.1487765
0.2655722 0.1872095 0.16267455
0.25849774 0.19673216 0.16659611
0.24750173 0.20098372 0.17354506
0.2349293 0.21195735 0.18441567
0.25453714 0.23156519 0.20402351
0.28825486 0.27223185 0.2501883
0.38079602 0.37172207 0.3551765
0.51020783 0.50113386 0.4845883
0.5157059 0.49968287 0.4776393
0.47256857 0.45654556 0.434502
0.45296073 0.43693772 0.41489416
0.44746268 0.43973827 0.41489416
0.44746268 0.43973827 0.41489416
0.4623803 0.43940833 0.41186664
0.44434884 0.41577747 0.37443924
0.43808213 0.40121225 0.36267453
0.40828604 0.3644671 0.3204314
0.29848212 0.2546632 0.2106275
0.24358016 0.19841169 0.16267455
0.24984682 0.21162741 0.1813882
0.20982347 0.19245093 0.17870592
0.08194901 0.092372596 0.10061964
0.13761973 0.16194123 0.18118429
0.23800412 0.267925 0.30096474
0.47721982 0.50714076 0.54018044
0.44584724 0.47576812 0.5088079
0.4011335 0.43800348 0.47654122
0.4011335 0.43800348 0.47654122
0.4011335 0.43935302 0.46959218
0.4262394 0.45616028 0.48920003
0.42312548 0.42950043 0.46264312
0.4192039 0.42692843 0.4517725
0.25449803 0.26222256 0.28706664
0.11881968 0.120944545 0.13199219
0.15803537 0.1615098 0.1642588
0.1658785 0.16935293 0.17210193
0.17764321 0.17976809 0.19081572
0.1721451 0.18256868 0.19081572
0.1839098 0.19298384 0.20952944
0.20194124 0.21796423 0.24000782
0.21681978 0.25099066 0.30612546
0.61908686 0.73374534 0.8244627
0.21912593 0.29768986 0.36921567
0.4348122 0.5133761 0.5849019
0.72816116 0.7914775 0.8603059
0.7211257 0.76089597 0.8298275
0.11093743 0.14375876 0.20719212
0.27329823 0.29782096 0.3640549
0.4521139 0.47683793 0.5900628
0.56514883 0.49029025 0.6371216
0.61386216 0.45176822 0.60450983
0.71032494 0.55922866 0.6925726
0.6639958 0.5736884 0.6708314
0.8137059 0.82163167 0.89346665
0.7517296 0.77490276 0.8494353
0.7909453 0.815468 0.88170195
0.79486686 0.8193896 0.8856235
0.80271 0.8285823 0.88651764
0.8262394 0.8548108 0.89614904
0.82389426 0.8441671 0.8883059
0.82389426 0.8455167 0.8813569
0.8317374 0.8533598 0.88920003
0.8317374 0.8533598 0.88920003
0.83565897 0.85863096 0.88617253
0.8403883 0.84251314 0.8535608
0.7800664 0.7412431 0.57003134
0.805941 0.7754162 0.6014039
0.8184743 0.80049807 0.64578044
0.84823143 0.8530554 0.84750587
0.8686079 0.8846309 0.9066745
0.86076474 0.8754383 0.9057804
0.86076474 0.8754383 0.9057804
0.8568432 0.8715167 0.9018588
0.86076474 0.8754383 0.9057804
0.86076474 0.8754383 0.9057804
0.86076474 0.8754383 0.9057804
0.86626273 0.8726377 0.9057804
0.86234117 0.8700656 0.8949098
0.8701843 0.87790877 0.90275294
0.8701843 0.87790877 0.90275294
0.8756824 0.87645775 0.8958039
0.8129763 0.78305537 0.7500157
0.65069366 0.56363 0.4479137
0.6420818 0.5438192 0.40050986
0.65934455 0.55413294 0.40532547
0.6452347 0.5344236 0.37181967
0.6468111 0.53040063 0.354
0.64838755 0.5263776 0.33618045
0.63427776 0.50666827 0.3026746
0.6531168 0.5116095 0.29661962
0.6350854 0.48527956 0.2730902
0.61547756 0.46837074 0.23958436
0.62647367 0.4641192 0.23263535
0.6303952 0.47073984 0.22265887
0.6319716 0.46401775 0.2187373
0.63589317 0.46793932 0.22265887
0.63981473 0.4718609 0.22658044
0.6437363 0.47713202 0.22355297
0.63981473 0.47321045 0.2196314
0.6319716 0.46536732 0.21178827
0.6319716 0.46536732 0.21178827
0.63981473 0.47456002 0.2126824
0.65550107 0.4902463 0.2283687
0.6672658 0.502011 0.2401334
0.6515795 0.48632473 0.22444713
0.63589317 0.47063845 0.20876083
0.64923435 0.475681 0.21660396
0.66099906 0.48879528 0.22141963
0.64923435 0.47703058 0.2096549
0.65707755 0.4848737 0.21749806
0.6688422 0.49663842 0.22926277
0.67668533 0.50448155 0.2371059
0.68060696 0.5084031 0.24102747
0.67668533 0.50448155 0.2371059
0.6649207 0.49271685 0.2253412
0.6727638 0.50056 0.23318434
0.67118734 0.50458306 0.25100398
0.67745405 0.51644915 0.27666667
0.671956 0.51655066 0.29056478
0.67664623 0.53378934 0.32709804
0.6931013 0.5641423 0.36844712
0.7032895 0.5812796 0.3910824
0.7095562 0.5958448 0.4028471
0.7095562 0.5944953 0.40979606
0.6899484 0.5748874 0.39018822
0.68210524 0.56704426 0.38234508
0.68210524 0.56704426 0.38234508
0.66641897 0.551358 0.3666588
0.66641897 0.551358 0.3666588
0.66641897 0.551358 0.3666588
0.6860268 0.5696163 0.3932157
0.71582294 0.6063614 0.4354589
0.71582294 0.6063614 0.4354589
0.71974456 0.6089334 0.44632947
0.7315092 0.6206981 0.45809418
0.71974456 0.6089334 0.44632947
0.7181681 0.61565554 0.45025104
0.71032494 0.6078124 0.4424079
0.71032494 0.6078124 0.4424079
0.7236661 0.61285496 0.45025104
0.71974456 0.61028296 0.43938047
0.7079798 0.59851825 0.42761576
0.7040583 0.5945967 0.4236942
0.688372 0.5789104 0.40800792
0.6922935 0.582832 0.4119295
0.67660725 0.5671457 0.3962432
0.6687641 0.55930257 0.38840008
0.6805289 0.5710673 0.40016478
0.68287396 0.581711 0.40800792
0.6907171 0.5909037 0.40890196
0.68679553 0.58698213 0.4049804
0.68287396 0.58306056 0.40105882
0.68679553 0.58698213 0.4049804
0.68287396 0.581711 0.40800792
0.68679553 0.58563256 0.4119295
0.26165062 0.18598703 0.14485493
0.24830952 0.17959486 0.14396082
0.2373135 0.18384641 0.15090984
0.24200368 0.20378427 0.17354506
0.25453714 0.23291475 0.19707447
0.30001956 0.28534612 0.2550039
0.37452936 0.35985592 0.3295137
0.5039411 0.48926768 0.45892546
0.523549 0.50887555 0.47853333
0.474145 0.45117304 0.42363134
0.4623803 0.43940833 0.41186664
0.45845872 0.43548676 0.40794507
0.4623803 0.43805876 0.41881573
0.4623803 0.43805876 0.41881573
0.44669402 0.42372206 0.39618036
0.43885088 0.41587892 0.38833722
0.4129763 0.38170585 0.35696468
0.25768995 0.21947055 0.18923134
0.15338407 0.10956515 0.06552944
0.2490782 0.19696066 0.15572552
0.24750173 0.20233326 0.16659611
0.22550975 0.20948675 0.18744317
0.15803537 0.16285935 0.15730979
0.16822353 0.17999667 0.17994507
0.3940981 0.41147062 0.42521572
0.47645104 0.49382356 0.50756866
0.41370595 0.43107846 0.44482356
0.40978438 0.4271569 0.440902
0.41370595 0.43107846 0.44482356
0.41370595 0.43107846 0.44482356
0.42470202 0.42547733 0.44482356
0.42235687 0.41618323 0.43003142
0.40747833 0.38045773 0.37781173
0.25849774 0.19403307 0.1804941
0.22635652 0.14664428 0.13040781
0.20201938 0.1431541 0.1434118
0.12589405 0.11277148 0.12112154
0.120396085 0.115572006 0.12112154
0.13608237 0.1312583 0.13680781
0.15019223 0.15366666 0.15641566
0.16980007 0.1732745 0.1760235
0.17606667 0.18649025 0.19473729
0.17998824 0.18906227 0.20560788
0.18625496 0.2036275 0.21737258
0.2058628 0.2218858 0.24392939
0.21839626 0.24561808 0.2952549
0.654381 0.76903945 0.8597568
0.53596526 0.6353761 0.7233961
0.3210867 0.3969515 0.48507455
0.70697683 0.7785918 0.84461963
0.6905219 0.74688923 0.81021965
0.5524983 0.5936181 0.654251
0.18152566 0.21434699 0.27778035
0.3015179 0.3331909 0.4519137
0.4944825 0.49721122 0.6492314
0.540082 0.4306797 0.59701174
0.5824505 0.46184942 0.6005882
0.65142334 0.5846621 0.68170196
0.7689923 0.78386694 0.86120003
0.7438865 0.7670596 0.8415922
0.7870237 0.81154644 0.8777804
0.79486686 0.8193896 0.8856235
0.80271 0.8285823 0.88651764
0.82231784 0.8495397 0.8991765
0.8199727 0.84024554 0.88438433
0.82781583 0.84943825 0.88527846
0.82781583 0.84943825 0.88527846
0.82781583 0.84943825 0.88527846
0.8317374 0.8547094 0.88225096
0.8348902 0.8439642 0.8605099
0.7839098 0.79433334 0.8025804
0.8293922 0.84541523 0.8674588
0.7745294 0.76660365 0.6947686
0.745541 0.7233148 0.54650193
0.7275096 0.6969848 0.5229725
0.8293922 0.8440657 0.8744078
0.86076474 0.8754383 0.9057804
0.8686079 0.8832814 0.9136235
0.86076474 0.8740887 0.91272944
0.86076474 0.8754383 0.9057804
0.8646863 0.87935984 0.90970194
0.8701843 0.87655926 0.90970194
0.85057646 0.8583009 0.8831451
0.854498 0.8622225 0.88706666
0.8701843 0.87790877 0.90275294
0.86626273 0.87533677 0.8918824
0.8843333 0.8656112 0.8601647
0.6546152 0.56755155 0.45183527
0.6420818 0.5438192 0.40050986
0.64757985 0.54236823 0.39356077
0.65307784 0.5422667 0.3796628
0.638968 0.5225575 0.34615687
0.644466 0.52245605 0.33225888
0.6381993 0.5092403 0.31354517
0.62801105 0.49210307 0.2909099
0.6178227 0.47631532 0.26132548
0.6233207 0.47486436 0.25437653
0.644505 0.49044922 0.2561648
0.65392464 0.49291974 0.25313726
0.62412846 0.4561746 0.21089417
0.6162853 0.44833148 0.20305103
0.63589317 0.4692889 0.21570984
0.63981473 0.47321045 0.2196314
0.64765793 0.48105365 0.22747457
0.6437363 0.47713202 0.22355297
0.6515795 0.48632473 0.22444713
0.65550107 0.4902463 0.2283687
0.6515795 0.48632473 0.22444713
0.6437363 0.4784816 0.21660396
0.6437363 0.4784816 0.21660396
0.63981473 0.47456002 0.2126824
0.6453128 0.47175944 0.2126824
0.6453128 0.47175944 0.2126824
0.6453128 0.473109 0.20573333
0.64923435 0.47703058 0.2096549
0.66099906 0.48879528 0.22141963
0.6531559 0.48095214 0.2135765
0.6688422 0.49663842 0.22926277
0.6727638 0.50056 0.23318434
0.6727638 0.50056 0.23318434
0.67668533 0.503132 0.24405497
0.6672658 0.49931192 0.25403145
0.6601913 0.5061355 0.27185106
0.6703795 0.5205737 0.30838433
0.67349344 0.54453444 0.34883928
0.7072111 0.58520114 0.39500397
0.7072111 0.58520114 0.39500397
0.7017131 0.58665216 0.40195292
0.70563465 0.59057367 0.4058745
0.7134778 0.5984168 0.41371763
0.73308563 0.6180247 0.43332547
0.72916406 0.6141031 0.4294039
0.70563465 0.59057367 0.4058745
0.6860268 0.5709659 0.38626665
0.67034054 0.55393004 0.3775294
0.6977915 0.581381 0.4049804
0.6844504 0.57498884 0.40408635
0.688372 0.5789104 0.40800792
0.7079798 0.5971687 0.43456477
0.71582294 0.6050118 0.4424079
0.69621515 0.585404 0.42280006
0.7119014 0.60109025 0.43848634
0.71974456 0.6089334 0.44632947
0.7236661 0.61285496 0.45025104
0.71974456 0.61028296 0.43938047
0.7119014 0.6024398 0.43153733
0.69621515 0.58675355 0.41585106
0.6922935 0.582832 0.4119295
0.7119014 0.6024398 0.43153733
0.7040583 0.5945967 0.4236942
0.7079798 0.59851825 0.42761576
0.7040583 0.5945967 0.4236942
0.69856024 0.59739727 0.4236942
0.69856024 0.59739727 0.4236942
0.6907171 0.58955413 0.41585106
0.6907171 0.58955413 0.41585106
0.6907171 0.5909037 0.40890196
0.67110926 0.57129586 0.38929412
0.6750308 0.57386786 0.40016478
0.6750308 0.57386786 0.40016478
0.27806658 0.2564442 0.22060391
0.36434108 0.3427187 0.30687842
0.48983127 0.46820888 0.4323686
0.51728225 0.49565986 0.45981959
0.4757214 0.44715002 0.4058118
0.46395668 0.43538532 0.39404708
0.45845872 0.43818584 0.39404708
0.46003512 0.43146375 0.3901255
0.45611355 0.42619267 0.39315292
0.45453715 0.43291476 0.3970745
0.44277245 0.4198005 0.3922588
0.41532147 0.3923495 0.3648078
0.29767442 0.2733529 0.25410986
0.12904695 0.104725435 0.08548239
0.12904695 0.104725435 0.08548239
0.15257636 0.12825486 0.1090118
0.15884309 0.14282009 0.120776504
0.1823725 0.1663495 0.14430591
0.14942348 0.14034954 0.12380396
0.2709921 0.26191816 0.2453726
0.48510197 0.48297697 0.47192937
0.457651 0.45417646 0.45142743
0.42078045 0.42560443 0.42005488
0.42470202 0.429526 0.42397645
0.4129373 0.4177613 0.41221175
0.42235687 0.41888234 0.4161333
0.40274903 0.40062404 0.38957644
0.41216856 0.40174508 0.393498
0.33531368 0.31794113 0.30419612
0.19729002 0.16332045 0.1551765
0.19494486 0.15402634 0.14038435
0.19652134 0.14730422 0.13646278
0.20751736 0.14440224 0.12256468
0.2451956 0.1502359 0.131302
0.2451956 0.15158544 0.12435298
0.20751736 0.14305268 0.12951371
0.12197249 0.10884991 0.11719997
0.120396085 0.114222445 0.12807062
0.13608237 0.1312583 0.13680781
0.15019223 0.15366666 0.15641566
0.17372164 0.17719607 0.17994507
0.18156478 0.18368965 0.19473729
0.18783137 0.19825496 0.20650199
0.20351765 0.21259168 0.22913729
0.22312549 0.23084998 0.2556941
0.22389424 0.24416707 0.2883059
0.73596525 0.8367257 0.9164471
0.75949466 0.85890555 0.9469255
0.3210867 0.3969515 0.48507455
0.67952585 0.74979126 0.82411766
0.66541606 0.72738284 0.80450976
0.4764121 0.5244808 0.5906118
0.2160511 0.23092575 0.30825886
0.22700809 0.2586811 0.37740391
0.38621598 0.4180902 0.58380395
0.49371374 0.47849593 0.64441574
0.4874861 0.42922467 0.57045496
0.60824704 0.5802794 0.67991376
0.80036485 0.8152395 0.8925726
0.7870237 0.8101969 0.88472944
0.79486686 0.8193896 0.8856235
0.7909453 0.815468 0.88170195
0.7987884 0.8246607 0.8825961
0.8144747 0.84169656 0.89133334
0.8199727 0.84024554 0.88438433
0.82389426 0.8455167 0.8813569
0.82389426 0.8455167 0.8813569
0.82781583 0.84943825 0.88527846
0.8317374 0.8533598 0.88920003
0.83723533 0.85190886 0.88225096
0.80978435 0.8244579 0.8548
0.80978435 0.82175875 0.86869806
0.76507074 0.7853436 0.8294824
0.8042864 0.82590884 0.86174905
0.81528234 0.8243564 0.840902
0.7823334 0.7970069 0.827349
0.78625494 0.8009285 0.8312706
0.8293922 0.8440657 0.8744078
0.8529216 0.86624557 0.9048863
0.876451 0.89112455 0.92146665
0.8686079 0.8832814 0.9136235
0.8686079 0.8832814 0.9136235
0.86626273 0.8739872 0.89883137
0.854498 0.8622225 0.88706666
0.85057646 0.8596505 0.87619615
0.87176085 0.8725362 0.8918824
0.89452153 0.8827485 0.8828
0.6601132 0.564751 0.45183527
0.6381602 0.5398976 0.3965883
0.63581514 0.5306035 0.38179606
0.64915633 0.53834516 0.37574124
0.64288956 0.52647907 0.35007843
0.6405444 0.5171849 0.33528626
0.63427776 0.5039692 0.3165726
0.6358542 0.4999462 0.29875302
0.6452737 0.5024168 0.2957255
0.6468501 0.49839377 0.27790594
0.6209756 0.46557018 0.23958436
0.62255204 0.46019763 0.22871378
0.62412846 0.4561746 0.21089417
0.6515795 0.48362565 0.23834518
0.64765793 0.48105365 0.22747457
0.6202069 0.4536026 0.20002356
0.61236376 0.44575948 0.19218042
0.63589317 0.47063845 0.20876083
0.6437363 0.4784816 0.21660396
0.6515795 0.48632473 0.22444713
0.65942264 0.49416786 0.23229027
0.6515795 0.48632473 0.22444713
0.63589317 0.47063845 0.20876083
0.64765793 0.48240316 0.22052556
0.6437363 0.4784816 0.21660396
0.63746965 0.4639163 0.20483926
0.63746965 0.46526587 0.19789019
0.64923435 0.47703058 0.2096549
0.6453128 0.473109 0.20573333
0.6453128 0.473109 0.20573333
0.6531559 0.48095214 0.2135765
0.6727638 0.50056 0.23318434
0.65707755 0.4848737 0.21749806
0.6688422 0.49528885 0.23621184
0.6852972 0.52564186 0.27756086
0.69156384 0.5361585 0.31017262
0.68448937 0.5416325 0.33494118
0.6891797 0.55887115 0.37147456
0.6954464 0.57343644 0.38323927
0.6977915 0.58273053 0.39803135
0.70563465 0.59057367 0.4058745
0.7134778 0.5984168 0.41371763
0.7213209 0.60625994 0.42156076
0.6977915 0.58273053 0.39803135
0.6899484 0.5748874 0.39018822
0.69386995 0.578809 0.3941098
0.6977915 0.58273053 0.39803135
0.69856024 0.59739727 0.4236942
0.7495406 0.6470281 0.4816236
0.71582294 0.6050118 0.4424079
0.7079798 0.5971687 0.43456477
0.7064034 0.60389084 0.43848634
0.6922935 0.5814824 0.4188785
0.7040583 0.5932471 0.4306432
0.70013666 0.58932555 0.42672163
0.69621515 0.58675355 0.41585106
0.69621515 0.58675355 0.41585106
0.69621515 0.58675355 0.41585106
0.7040583 0.5945967 0.4236942
0.7119014 0.6024398 0.43153733
0.70013666 0.5906751 0.41977262
0.688372 0.5789104 0.40800792
0.70013666 0.5906751 0.41977262
0.7040583 0.5945967 0.4236942
0.69856024 0.59739727 0.4236942
0.69463867 0.5934757 0.41977262
0.68287396 0.581711 0.40800792
0.6907171 0.58955413 0.41585106
0.68287396 0.581711 0.40800792
0.68679553 0.58698213 0.4049804
0.68679553 0.58698213 0.4049804
0.6789524 0.5777894 0.40408635
0.67110926 0.5699463 0.3962432
0.46003512 0.43281332 0.3831765
0.4655331 0.42866322 0.3901255
0.46945468 0.4325848 0.39404708
0.46945468 0.43393436 0.38709807
0.45926642 0.4154475 0.3714118
0.4537684 0.4182481 0.3714118
0.43416056 0.39864025 0.35180396
0.3619959 0.33342454 0.2920863
0.20355675 0.1805848 0.15304312
0.16353334 0.16140836 0.15036076
0.11805092 0.107627444 0.09938037
0.09452151 0.08409803 0.075850956
0.12197249 0.11154901 0.103301935
0.14707838 0.12970583 0.11596082
0.19805877 0.18068622 0.16694121
0.37845093 0.36107838 0.34733337
0.47649014 0.46046713 0.43842357
0.4200117 0.4122873 0.38744318
0.41374505 0.3990716 0.36872938
0.43727446 0.422601 0.3922588
0.43885088 0.41587892 0.38833722
0.43885088 0.4172285 0.38138822
0.4365057 0.40658483 0.37354508
0.41455272 0.37633333 0.3460941
0.3047488 0.26787892 0.22934122
0.263188 0.21801953 0.18228239
0.24750173 0.20098372 0.17354506
0.2396586 0.19314058 0.16570193
0.23181546 0.18529744 0.15785879
0.22005075 0.17218319 0.15304312
0.20986252 0.15369634 0.13735685
0.19417624 0.13801007 0.12167057
0.22243495 0.14272271 0.12648624
0.2585368 0.15662801 0.13219611
0.26245835 0.16054958 0.13611768
0.22085854 0.1494448 0.13040781
0.12354897 0.10212778 0.113278404
0.10863138 0.10245774 0.11630591
0.12823923 0.12341515 0.12896468
0.15569021 0.14951658 0.16336474
0.17764321 0.17976809 0.19081572
0.19175294 0.20217653 0.21042356
0.20743921 0.21651325 0.23305885
0.21920392 0.22692841 0.25177252
0.22704706 0.233422 0.26656467
0.22939222 0.24136655 0.2883059
0.32423958 0.38755593 0.45638436
0.7030163 0.8093762 0.9028941
0.28971416 0.36557895 0.453702
0.60501605 0.6725824 0.76350594
0.15326697 0.20558572 0.29381174
0.19017653 0.19810224 0.26993722
0.37145457 0.27149913 0.37974116
0.16187878 0.2213478 0.36206275
0.22147101 0.29213896 0.46044695
0.35326695 0.3907407 0.57025087
0.44350207 0.44488126 0.60520005
0.5180119 0.5301875 0.6241176
0.7870237 0.8101969 0.88472944
0.7870237 0.8101969 0.88472944
0.7791806 0.80235374 0.8768863
0.7909453 0.815468 0.88170195
0.79486686 0.82073915 0.8786745
0.80271 0.8285823 0.88651764
0.8199727 0.84024554 0.88438433
0.8199727 0.8415951 0.8774353
0.82781583 0.84943825 0.88527846
0.83723533 0.8505593 0.88920003
0.83723533 0.8505593 0.88920003
0.8411569 0.85583043 0.88617253
0.8293922 0.84271616 0.8813569
0.8058628 0.8178372 0.8647765
0.81212956 0.8324024 0.8765412
0.7572276 0.77615094 0.82858825
0.7219335 0.7435559 0.7793961
0.7784118 0.79308534 0.82342744
0.82154906 0.8362226 0.8665647
0.7682235 0.7745985 0.80774117
0.7446941 0.75106907 0.78421175
0.82704705 0.833422 0.8665647
0.84507847 0.859752 0.8900941
0.8803726 0.8950461 0.9253882
0.876451 0.89112455 0.92146665
0.86626273 0.8739872 0.89883137
0.854498 0.86357206 0.88011765
0.85999614 0.8607715 0.88011765
0.8709921 0.8592191 0.8592706
0.6608819 0.57941765 0.4774981
0.6538465 0.5555839 0.41227457
0.627972 0.5227604 0.37395293
0.63739157 0.52658045 0.36397654
0.64288956 0.5251295 0.35702753
0.63662285 0.51191384 0.33831373
0.6381993 0.50789076 0.32049417
0.6319326 0.49467513 0.30178046
0.6217443 0.47888738 0.27219605
0.6468501 0.49839377 0.27790594
0.63274026 0.4773349 0.25134906
0.65392464 0.49291974 0.25313726
0.63981473 0.4718609 0.22658044
0.62805 0.46144575 0.2078667
0.6319716 0.46536732 0.21178827
0.62805 0.46144575 0.2078667
0.63589317 0.4692889 0.21570984
0.6437363 0.4784816 0.21660396
0.62805 0.46279532 0.20091769
0.63589317 0.47063845 0.20876083
0.64765793 0.48375273 0.2135765
0.64765793 0.48375273 0.2135765
0.65942264 0.49551743 0.2253412
0.65550107 0.4902463 0.2283687
0.6515795 0.48632473 0.22444713
0.64923435 0.475681 0.21660396
0.64923435 0.47703058 0.2096549
0.64923435 0.47703058 0.2096549
0.63746965 0.46526587 0.19789019
0.65707755 0.4848737 0.21749806
0.6531559 0.48095214 0.2135765
0.65707755 0.4848737 0.21749806
0.64923435 0.47703058 0.2096549
0.64765793 0.48105365 0.22747457
0.6617678 0.5007629 0.2609804
0.6743011 0.52584475 0.30535692
0.6868346 0.55092657 0.3497334
0.6954464 0.57343644 0.38323927
0.71113265 0.58777314 0.4058745
0.6977915 0.58273053 0.39803135
0.6977915 0.58273053 0.39803135
0.71739936 0.60233843 0.4176392
0.70563465 0.59057367 0.4058745
0.70563465 0.59057367 0.4058745
0.7079798 0.5998678 0.42066666
0.7079798 0.5998678 0.42066666
0.6812975 0.5870835 0.4188785
0.71893674 0.6303222 0.4759137
0.74246615 0.6552012 0.4924941
0.73227787 0.6367144 0.47680783
0.73227787 0.6380639 0.46985888
0.7377759 0.6352634 0.46985888
0.7024818 0.59996927 0.43456477
0.7024818 0.59996927 0.43456477
0.67660725 0.5671457 0.3962432
0.6844504 0.57498884 0.40408635
0.70013666 0.5906751 0.41977262
0.6844504 0.57498884 0.40408635
0.6899484 0.5735379 0.39713725
0.6860268 0.5696163 0.3932157
0.68210524 0.56569475 0.38929412
0.6860268 0.5696163 0.3932157
0.6860268 0.5696163 0.3932157
0.69621515 0.5881031 0.40890196
0.688372 0.58026 0.40105882
0.688372 0.58026 0.40105882
0.6907171 0.5909037 0.40890196
0.69856024 0.59739727 0.4236942
0.69463867 0.5934757 0.41977262
0.6907171 0.58955413 0.41585106
0.69856024 0.59739727 0.4236942
0.68679553 0.58563256 0.4119295
0.68287396 0.581711 0.40800792
0.44592527 0.41040495 0.36356866
0.42866257 0.4000912 0.35875297
0.35807434 0.32815346 0.2951137
0.17533702 0.13711761 0.10687841
0.18318015 0.14496075 0.114721544
0.18552531 0.15560442 0.12256468
0.1839489 0.16097696 0.13343528
0.16276465 0.14674166 0.12469807
0.11647452 0.11434954 0.103301935
0.15569021 0.15356523 0.14251763
0.29844308 0.28936914 0.27282357
0.4709921 0.46326768 0.43842357
0.4451176 0.43044415 0.40010193
0.43885088 0.41587892 0.38833722
0.43100774 0.40938535 0.37354508
0.42866257 0.4000912 0.35875297
0.430239 0.39471868 0.3478824
0.42631742 0.3907971 0.34396082
0.42005074 0.37623182 0.33219612
0.3886782 0.34485927 0.30082357
0.2882939 0.23617634 0.19494121
0.28045076 0.2283332 0.18709807
0.2647645 0.21264693 0.1714118
0.26084292 0.20872536 0.16749023
0.26084292 0.20872536 0.16749023
0.26084292 0.20872536 0.16749023
0.2490782 0.19561112 0.16267455
0.24515663 0.19034001 0.16570193
0.23339193 0.1785753 0.15393722
0.21770565 0.16153948 0.14519998
0.20594095 0.14977477 0.13343528
0.19809781 0.14193164 0.12559214
0.21851338 0.14015068 0.115615726
0.26637992 0.1658207 0.13309023
0.26245835 0.16189913 0.12916866
0.22870168 0.15728794 0.13825095
0.12747054 0.10604935 0.11719997
0.10863138 0.10245774 0.11630591
0.12823923 0.12206559 0.13591376
0.15569021 0.14951658 0.16336474
0.17764321 0.17976809 0.19081572
0.19567451 0.20474854 0.22129415
0.19959608 0.20732057 0.23216468
0.20743921 0.21381415 0.24695683
0.20743921 0.2124646 0.25390592
0.19959608 0.20327191 0.2530118
0.20270999 0.22858226 0.28651762
0.2866003 0.34161815 0.4132471
0.3117062 0.35977498 0.4259059
0.17679638 0.22641602 0.33123925
0.2105141 0.2616845 0.40520003
0.21451373 0.18944643 0.31947455
0.40840316 0.21581419 0.36316082
0.13042817 0.2607367 0.4481333
0.17356542 0.30387396 0.49127054
0.19321238 0.28472716 0.4695295
0.32892984 0.38994962 0.5693568
0.4450395 0.48366147 0.6078823
0.77368253 0.80380476 0.8838353
0.7540747 0.7855464 0.85727847
0.7305453 0.762017 0.83374906
0.79486686 0.8193896 0.8856235
0.7909453 0.815468 0.88170195
0.7987884 0.8246607 0.8825961
0.8199727 0.84024554 0.88438433
0.82389426 0.8455167 0.8813569
0.82781583 0.84943825 0.88527846
0.82781583 0.84943825 0.88527846
0.83723533 0.8505593 0.88920003
0.84507847 0.85840243 0.89704317
0.8293922 0.84271616 0.8813569
0.8293922 0.8413666 0.8883059
0.81212956 0.8324024 0.8765412
0.82389426 0.8441671 0.8883059
0.8199727 0.8415951 0.8774353
0.7666471 0.78267014 0.8047137
0.736851 0.74322593 0.7763686
0.76430196 0.7706769 0.8038196
0.8309686 0.8373436 0.87048626
0.7894079 0.79018325 0.8095294
0.7392743 0.7047009 0.5555844
0.82162726 0.7884034 0.6309883
0.83881176 0.8478858 0.8644314
0.87252945 0.8885525 0.9105961
0.8741059 0.88183033 0.9066745
0.8560746 0.8568499 0.87619615
0.86707056 0.85394794 0.862298
0.5651879 0.48932302 0.4012
0.6538465 0.5542344 0.4192236
0.64600337 0.54774076 0.40443143
0.6632661 0.5594041 0.40229803
0.6413132 0.530502 0.3678981
0.6350464 0.5186359 0.3422353
0.62485814 0.5028482 0.31265104
0.6436973 0.5064398 0.31354517
0.6162463 0.48168793 0.27219605
0.6413521 0.4998448 0.28485492
0.64292854 0.49582177 0.26703537
0.64215994 0.48115504 0.24137256
0.63589317 0.46793932 0.22265887
0.63589317 0.4692889 0.21570984
0.6531559 0.47825307 0.22747457
0.6335481 0.45999473 0.20091769
0.63746965 0.4639163 0.20483926
0.6202069 0.45495218 0.19307455
0.62805 0.46279532 0.20091769
0.6515795 0.4876743 0.21749806
0.6515795 0.4876743 0.21749806
0.63589317 0.47198802 0.20181176
0.6202069 0.45630175 0.18612549
0.62805 0.4641449 0.19396862
0.64765793 0.48240316 0.22052556
0.65942264 0.49416786 0.23229027
0.6531559 0.48095214 0.2135765
0.64923435 0.47703058 0.2096549
0.63746965 0.46526587 0.19789019
0.64923435 0.47703058 0.2096549
0.66099906 0.48879528 0.22141963
0.66099906 0.48879528 0.22141963
0.6649207 0.49271685 0.2253412
0.6633442 0.49673992 0.24316084
0.6460815 0.4850766 0.24529412
0.6586148 0.5101585 0.28967065
0.682913 0.547005 0.34581184
0.68760324 0.5655933 0.37539613
0.7072111 0.58385164 0.40195292
0.7017131 0.58665216 0.40195292
0.70563465 0.59057367 0.4058745
0.6977915 0.58273053 0.39803135
0.6781837 0.56312275 0.3784235
0.6899484 0.5748874 0.39018822
0.7213209 0.60491043 0.4285098
0.7142465 0.61308354 0.43938047
0.7432348 0.6698679 0.5181569
0.78087413 0.71445614 0.5682432
0.7981368 0.72476983 0.57305884
0.75423086 0.6656164 0.5112078
0.71267 0.61710656 0.4572
0.7165916 0.6210281 0.46112156
0.7142465 0.611734 0.44632947
0.7299328 0.62742025 0.46201575
0.7181681 0.6170051 0.44330204
0.7142465 0.61308354 0.43938047
0.68679553 0.58563256 0.4119295
0.67660725 0.5671457 0.3962432
0.6687641 0.56065214 0.38145098
0.68210524 0.56569475 0.38929412
0.6860268 0.5696163 0.3932157
0.68210524 0.56569475 0.38929412
0.6742621 0.5578516 0.38145098
0.66641897 0.5500085 0.37360784
0.6781837 0.5617732 0.38537255
0.67660725 0.5684953 0.38929412
0.6844504 0.5763384 0.39713725
0.70013666 0.5906751 0.41977262
0.6907171 0.58955413 0.41585106
0.6789524 0.5777894 0.40408635
0.68679553 0.58698213 0.4049804
0.68679553 0.58563256 0.4119295
0.68287396 0.58306056 0.40105882
0.09059994 0.080176465 0.07192939
0.09217642 0.07480387 0.061058857
0.09217642 0.07480387 0.061058857
0.107862696 0.09049014 0.07674513
0.15099995 0.13497695 0.11293337
0.21924302 0.19627108 0.1687294
0.44277245 0.4198005 0.3922588
0.47179982 0.44187894 0.4088392
0.43258414 0.40401277 0.36267453
0.41532147 0.39639816 0.34396082
0.42631742 0.38944754 0.35090983
0.4420037 0.40648338 0.3596471
0.43808213 0.4025618 0.35572553
0.44515663 0.39438865 0.34485495
0.42320365 0.3654867 0.31045488
0.34869385 0.29232645 0.22899607
0.3173213 0.2609539 0.19762352
0.31889775 0.25423178 0.19370195
0.3055566 0.24783966 0.19280782
0.27418402 0.21511753 0.16838434
0.28202716 0.22296067 0.17622748
0.2765292 0.22441164 0.1831765
0.27418402 0.21376798 0.17533337
0.26634088 0.20592484 0.16749023
0.26084292 0.20872536 0.16749023
0.26634088 0.20592484 0.16749023
0.2506546 0.18888903 0.15875298
0.2506546 0.18888903 0.15875298
0.2388899 0.17577478 0.15393722
0.21770565 0.16288903 0.13825095
0.20594095 0.15112433 0.12648624
0.20201938 0.1458532 0.12951371
0.21851338 0.14015068 0.115615726
0.27579945 0.16694175 0.1370118
0.27187788 0.16302018 0.13309023
0.23419966 0.15448742 0.13825095
0.12747054 0.10604935 0.11719997
0.10863138 0.10245774 0.11630591
0.120396085 0.114222445 0.12807062
0.13842753 0.1405524 0.15160003
0.1658785 0.16530429 0.192949
0.1839098 0.1916343 0.2164784
0.1721451 0.17852004 0.21166271
0.1721451 0.17582093 0.22556081
0.16430196 0.16527872 0.23161566
0.16822353 0.17054984 0.22858821
0.14703928 0.16036317 0.19900396
0.21212953 0.23375192 0.2695922
0.17210612 0.21187639 0.28080788
0.15868694 0.2708475 0.42515284
0.21512628 0.35508284 0.5313804
0.16180071 0.2934588 0.4725569
0.26687533 0.4193804 0.61497253
0.40040386 0.3575912 0.54850984
0.21912593 0.29229164 0.39701176
0.21908689 0.33104622 0.43836075
0.2677222 0.36193606 0.5301411
0.20497708 0.30054054 0.46044695
0.64423174 0.709099 0.8166196
0.7266237 0.75674593 0.8367765
0.7383884 0.76986015 0.8415922
0.78310215 0.8076249 0.8738588
0.7909453 0.815468 0.88170195
0.79486686 0.82073915 0.8786745
0.8199727 0.84024554 0.88438433
0.8199727 0.84024554 0.88438433
0.82389426 0.8441671 0.8883059
0.83565897 0.8572814 0.8931216
0.8317374 0.8533598 0.88920003
0.84900004 0.862324 0.90096474
0.8293922 0.8413666 0.8883059
0.8293922 0.8413666 0.8883059
0.8293922 0.8413666 0.8883059
0.82154906 0.83352345 0.88046277
0.82389426 0.8441671 0.8883059
0.7423491 0.7539208 0.7068784
0.835698 0.83202225 0.7822824
0.7839098 0.79298383 0.8095294
0.7564588 0.76553285 0.7820785
0.7815648 0.7823401 0.8016863
0.8302 0.8253759 0.83092546
0.78475666 0.75173414 0.64130986
0.71889776 0.67987317 0.46167064
0.82162726 0.78435475 0.65183526
0.86234117 0.8714152 0.8879608
0.8678393 0.8686146 0.8879608
0.86157256 0.85674846 0.862298
0.62085855 0.55889165 0.48176476
0.6538465 0.5542344 0.4192236
0.6397367 0.5345251 0.38571763
0.64757985 0.54236823 0.39356077
0.64915633 0.53834516 0.37574124
0.65307784 0.5436163 0.3727138
0.63112485 0.5160639 0.3313647
0.63427776 0.5039692 0.3165726
0.6319326 0.49602464 0.29483145
0.63743055 0.49592322 0.28093335
0.6468501 0.49974334 0.27095693
0.62881875 0.4747629 0.24047849
0.6202069 0.45225304 0.2069726
0.6084422 0.4418379 0.18825886
0.62570494 0.45080203 0.20002356
0.6335481 0.45999473 0.20091769
0.64923435 0.475681 0.21660396
0.64923435 0.475681 0.21660396
0.6335481 0.45999473 0.20091769
0.6335481 0.45999473 0.20091769
0.6453128 0.47175944 0.2126824
0.63981473 0.4759096 0.20573333
0.65550107 0.49159586 0.22141963
0.64765793 0.48375273 0.2135765
0.63589317 0.47063845 0.20876083
0.63589317 0.47198802 0.20181176
0.6296265 0.45742273 0.19004706
0.6531559 0.48095214 0.2135765
0.6649207 0.49406642 0.21839216
0.65707755 0.48622328 0.21054903
0.6531559 0.4823017 0.20662746
0.6453128 0.473109 0.20573333
0.6453128 0.473109 0.20573333
0.6578462 0.49954045 0.24316084
0.6500031 0.48899817 0.24921569
0.6703795 0.5219232 0.30143535
0.68448937 0.5416325 0.33494118
0.66172874 0.53276974 0.33707458
0.68368167 0.56167173 0.37147456
0.71113265 0.58777314 0.4058745
0.6954464 0.5720869 0.39018822
0.69936794 0.577358 0.38716084
0.69386995 0.578809 0.3941098
0.69386995 0.578809 0.3941098
0.69386995 0.578809 0.3941098
0.6930622 0.5988482 0.4306432
0.8067487 0.7486292 0.59961575
0.8287017 0.77753115 0.63401574
0.82635653 0.7668875 0.6261726
0.7785289 0.705162 0.55345106
0.73696816 0.6566522 0.4994431
0.7267799 0.6395149 0.47680783
0.73619944 0.64063597 0.4807294
0.7181681 0.61565554 0.45025104
0.69463867 0.5934757 0.41977262
0.69463867 0.5934757 0.41977262
0.7142465 0.61308354 0.43938047
0.7064034 0.6052404 0.43153733
0.7064034 0.6052404 0.43153733
0.6922935 0.58418155 0.4049804
0.67034054 0.55393004 0.3775294
0.67034054 0.55393004 0.3775294
0.68210524 0.56569475 0.38929412
0.68210524 0.56569475 0.38929412
0.6844504 0.5763384 0.39713725
0.6844504 0.5763384 0.39713725
0.6687641 0.56065214 0.38145098
0.6844504 0.57498884 0.40408635
0.6805289 0.5710673 0.40016478
0.6805289 0.5710673 0.40016478
0.6750308 0.5752174 0.3932157
0.67110926 0.57129586 0.38929412
0.6789524 0.5777894 0.40408635
