depth-size
160 90
timestamp
1317873054697411
intrinsics
130.86836 130.80324 80.38718 45.643036
camera-pose
0.16086662
-0.7637681
0.6251242
0.0
0.96382976
-0.014797926
-0.26610756
0.0
0.21249503
0.64532113
0.7337619
0.0
0.089213535
-0.23417328
-0.24689476
1.0
depth
1244
1187
1190
1192
1195
1198
1199
1200
1199
1191
1174
1154
1140
1127
1120
1116
1123
1134
1142
1147
1152
1160
1167
1174
1173
1172
1182
1196
1218
964
959
961
948
857
868
1269
1302
1296
1293
1294
1292
1284
1283
1300
1308
1293
1277
1263
1253
1268
1314
1385
1386
1396
1412
1418
1413
1409
1418
1430
1436
1440
1439
1430
1423
1380
1364
1371
951
566
556
549
542
533
526
534
514
507
0
516
511
506
499
494
482
481
478
471
464
459
456
454
453
451
449
446
443
440
437
434
431
427
423
419
415
412
408
405
402
399
397
395
393
390
387
383
379
376
374
372
369
367
366
364
362
360
357
354
352
349
348
346
343
341
338
337
336
335
335
995
292
1047
1042
1040
1040
340
353
355
1011
288
286
285
283
281
279
277
802
799
0
0
1230
1187
1188
1187
1189
1191
1190
1190
1191
1187
1173
1155
1141
1132
1127
1122
1120
1123
1138
1149
1152
1147
1149
1160
1161
1152
1155
1169
1201
984
986
972
968
834
834
1282
1281
1267
1281
1294
1295
1290
1287
1295
1305
1297
1283
1275
1270
1268
1321
1359
1363
1379
1393
1397
1391
1387
1400
1414
1420
1432
1435
1426
1423
1322
837
568
563
558
553
546
540
528
538
532
526
521
517
515
510
504
499
493
482
481
477
471
465
460
456
455
454
452
450
448
444
440
438
435
431
428
423
419
415
412
409
405
402
399
397
395
392
390
386
383
379
376
374
372
369
367
365
363
361
359
356
353
351
349
347
345
342
340
338
336
336
332
331
297
295
293
291
290
288
286
339
355
422
422
283
282
280
867
841
824
811
0
0
0
1171
1180
1181
1183
1184
1185
1183
1183
1186
1187
1174
1154
1141
1137
1137
1132
1121
1113
1105
1150
1150
1140
1139
1146
1144
1139
1140
1158
1200
1222
985
975
960
834
1119
933
933
1278
1284
1294
1301
1301
1297
1300
1297
1288
1284
1268
1262
1279
1333
1351
1350
1362
1379
1382
1375
1370
1379
1395
1402
1413
1423
1419
792
580
578
568
562
558
550
544
537
543
537
531
525
521
516
514
509
504
497
483
483
478
475
471
466
460
456
456
455
453
451
448
444
441
438
434
431
427
423
419
415
412
409
406
402
400
397
395
392
389
386
383
379
376
374
371
369
367
365
363
361
358
355
352
350
348
346
344
342
339
337
336
335
338
335
332
298
296
294
293
291
289
328
1036
422
422
969
942
910
877
858
843
815
0
0
0
1171
1164
1167
1173
1179
1177
1173
1179
1185
1182
1170
1149
1139
1139
1141
1141
1130
1104
1109
1143
1147
1138
1140
1150
1156
1143
1129
1135
1207
1235
1220
1133
1241
1250
955
940
1070
1288
1285
1287
1300
1308
1302
1290
1281
1276
1271
1265
1258
1271
1262
1307
1340
1353
1373
1371
1365
1364
1369
1380
1387
1394
1402
1397
576
575
574
567
562
559
548
541
534
541
535
529
523
521
516
513
508
503
498
483
483
483
472
471
467
461
456
455
454
452
450
447
444
440
437
433
430
427
423
419
416
412
409
406
403
400
398
395
392
389
386
383
380
377
374
371
369
367
365
362
360
357
354
351
350
348
346
344
341
339
337
336
335
334
333
332
332
299
298
337
333
292
374
1017
986
977
959
935
776
776
866
853
0
0
0
0
1171
1141
1147
1158
1169
1175
1181
1180
1177
1168
1160
1153
1146
1143
1141
1143
1140
1098
1121
1138
1142
1140
1138
1148
1148
1134
1121
1125
1159
1186
1147
1148
1183
1229
1207
1197
1252
1285
1272
1274
1290
1302
1295
1277
1268
1277
1267
1250
1247
1246
1214
1254
1314
1336
1361
1362
1356
1358
1362
1362
1360
1358
1359
582
579
576
572
567
563
552
545
538
544
540
534
528
528
521
518
512
507
502
498
483
483
483
473
471
467
461
456
453
452
451
449
446
443
439
436
432
429
427
423
419
416
412
409
406
404
401
398
395
392
389
386
383
380
378
374
371
369
367
364
361
359
355
352
350
349
347
346
343
341
339
337
336
335
334
332
331
330
330
331
331
328
326
1024
1010
989
978
936
694
694
776
0
0
0
0
0
0
1171
1124
1134
1149
1159
1164
1161
1164
1166
1162
1159
1155
1154
1153
1147
1143
1147
1134
1142
1145
1144
1140
1134
1139
1140
1130
1121
1124
1145
1097
1150
1134
1158
1215
1206
1202
1247
1277
1262
1259
1273
1285
1286
1280
1270
1255
1258
1247
1234
1156
1157
1275
1300
1330
1352
1356
1348
1343
1332
1227
1201
611
588
583
580
576
572
568
564
561
556
510
509
508
506
504
503
502
518
511
506
505
497
493
488
474
474
469
466
461
456
453
451
449
447
445
441
439
435
432
429
426
423
419
416
412
409
406
404
401
399
396
393
390
386
383
380
378
375
372
369
366
364
361
358
354
351
349
348
346
345
343
341
339
337
336
335
334
332
331
330
330
329
328
327
326
1024
1010
989
979
307
307
308
308
0
0
0
0
0
0
1126
1126
1146
1159
1162
1160
1161
1165
1168
1174
1173
1168
1163
1159
1152
1144
1148
1155
1159
1157
1155
1148
1142
1144
1143
1143
1140
1135
1129
1096
1099
1095
1099
1130
1192
1176
1218
1262
1259
1254
1261
1265
1268
1266
1271
1261
1258
1261
1242
1184
1194
1278
1306
1321
590
589
588
1324
731
731
595
592
588
584
581
576
572
568
564
562
512
511
510
508
506
503
500
497
491
487
487
505
501
494
494
474
474
469
466
463
459
455
452
450
447
444
441
438
435
432
429
426
423
419
416
412
409
406
404
402
399
396
393
390
386
383
380
378
375
372
369
366
363
360
357
354
351
349
347
346
344
343
341
339
338
336
335
334
333
331
331
330
329
328
327
325
386
390
366
305
305
306
306
307
307
0
0
0
0
0
1126
1126
1168
1177
1181
1185
1186
1181
1180
1197
1194
1183
1172
1165
1158
1153
1151
1152
1159
1162
1162
1160
1156
1156
1156
1160
1161
1164
1170
1189
1192
1131
1106
1143
1191
1173
1200
1227
1234
1238
1250
1255
1261
1262
1248
1244
1246
1246
1244
1206
1241
1275
1292
1308
589
592
595
615
590
605
600
594
589
585
581
577
572
568
564
562
512
512
510
507
504
501
495
490
488
487
483
506
496
492
494
474
474
474
466
464
461
456
452
450
447
444
441
438
435
432
429
426
422
419
415
412
409
406
404
401
399
396
393
390
387
383
380
378
375
372
369
366
363
360
357
354
351
348
347
345
344
342
341
339
338
336
335
334
333
332
331
330
329
328
326
325
1023
314
313
312
304
304
305
305
306
307
319
0
0
0
1126
1126
1180
1185
1192
1194
1194
1200
1201
1211
1209
1200
1194
1185
1177
1176
1180
1166
1163
1166
1167
1168
1168
1170
1172
1175
1176
1181
1182
1197
1203
1186
1160
1170
1201
1196
1196
1204
1212
1164
1168
1223
1235
1237
1132
1151
1219
1212
1213
1234
1259
1276
1282
1294
1313
593
602
615
614
609
603
597
591
586
581
577
573
568
564
562
520
513
509
506
503
498
492
488
485
483
481
506
496
492
494
485
480
468
466
463
462
458
454
450
447
445
441
438
435
432
429
426
422
419
415
412
409
406
404
401
398
395
393
390
387
383
381
378
375
372
369
366
363
361
358
354
351
349
347
345
343
342
340
339
337
336
335
334
333
332
331
330
329
328
326
325
314
314
313
312
302
303
304
304
305
305
319
320
0
0
1126
1126
1176
1180
1192
1199
1205
1213
1214
1220
1221
1213
1208
1200
1193
1188
1185
1178
1175
1175
1173
1173
1173
1175
1181
1185
1182
1184
1181
1188
1185
1181
1179
1181
1210
1214
1187
1199
833
948
1000
1187
1220
1206
1109
1145
1140
1179
1198
1237
1267
1276
1280
1285
1301
601
637
619
615
611
605
600
594
587
581
576
572
568
566
562
520
515
508
505
502
496
490
486
484
482
481
503
496
492
494
483
479
468
466
463
461
458
454
450
447
444
441
438
435
432
429
426
422
418
415
412
409
406
403
401
398
395
393
390
387
384
381
379
376
373
370
367
365
363
359
356
353
350
348
346
343
341
340
338
337
336
335
334
333
332
331
330
329
328
326
325
1060
313
313
309
310
310
302
303
303
318
319
320
329
329
1172
1170
1168
1172
1185
1193
1199
1215
1223
1218
1221
1218
1209
1199
1191
1186
1184
1185
1183
1180
1177
1174
1175
1177
1183
1182
1176
1168
1173
1180
1169
1170
1181
1184
1212
1226
1210
1202
1085
952
1105
1224
1244
1249
1219
1163
1149
1157
1187
1245
1260
1265
1279
1288
613
609
631
622
616
611
605
600
594
587
580
575
573
571
569
562
514
512
508
504
501
498
488
486
484
482
480
503
497
492
494
484
479
468
463
461
460
458
454
450
447
444
441
438
435
432
429
425
422
419
415
412
409
406
403
400
397
395
393
390
388
385
382
379
376
374
371
368
366
364
361
357
354
351
348
346
344
341
339
338
337
336
335
334
332
331
331
330
329
328
326
324
319
318
1037
309
309
310
310
1004
0
318
319
321
330
330
1174
1093
1161
1167
1183
1200
1207
1214
1218
1211
1212
1207
1199
1188
1176
1174
1175
1181
1179
1177
1175
1171
1171
1169
1172
1158
1135
1117
1033
1036
1049
1165
1193
1208
1227
1231
1224
1203
1201
1269
1246
1252
1272
1296
1303
1296
1272
1222
1239
1253
1250
1249
761
769
643
626
634
626
617
610
603
598
594
588
581
577
576
575
573
572
511
509
506
502
497
494
491
488
485
479
479
475
503
451
451
451
451
451
463
462
460
458
455
451
447
444
441
437
435
432
429
426
423
419
415
412
409
406
403
400
397
395
393
391
389
386
383
380
377
375
372
369
366
363
361
359
356
352
349
347
344
341
339
338
336
335
334
334
332
331
330
330
329
328
326
323
319
318
317
308
309
309
309
316
317
319
320
331
331
331
1175
1095
1140
1150
1177
1204
1218
1221
1221
1213
1204
1191
1196
1183
1163
1170
1168
1160
1153
1164
1166
1158
1152
1092
1070
1076
1089
1065
1040
1056
1109
1170
1211
1229
1241
1241
1237
1225
1244
1282
1273
1281
1299
1309
1310
1310
1307
1297
1278
1264
1257
1255
645
656
639
623
636
629
620
611
603
599
595
590
585
582
580
577
575
574
508
506
503
500
497
494
492
490
478
476
474
473
498
451
451
451
451
451
463
460
459
458
455
451
448
445
441
438
435
432
429
426
423
419
416
413
410
407
404
401
398
395
393
391
389
387
384
381
378
376
373
370
367
364
362
360
357
354
350
347
344
342
339
337
336
335
334
333
331
330
330
330
330
329
327
324
318
316
315
314
308
308
316
316
317
319
321
332
332
0
1103
1096
1090
1091
1091
1110
1181
1212
1218
1215
1200
1164
1169
1163
1171
1178
1180
1156
1122
1145
1161
1161
1160
1129
1094
1100
1103
1064
1043
1057
1112
1183
1224
1238
1180
1262
1266
1269
1283
1294
1301
1308
1312
1313
1316
1318
1311
1303
1293
1280
1271
656
646
652
646
642
638
632
624
616
608
602
597
592
588
584
581
578
575
574
505
502
500
498
496
494
488
482
476
474
473
472
498
451
451
451
451
451
450
460
459
457
455
452
448
445
442
439
436
433
430
426
423
420
416
413
410
407
404
402
399
396
393
392
390
388
385
382
379
376
374
370
367
365
363
360
358
355
352
349
346
343
340
338
337
336
334
333
331
330
330
330
330
325
327
325
316
316
315
314
314
313
316
316
318
320
322
323
0
0
1272
1098
1091
1091
1097
1095
1092
1207
1216
1215
1205
1143
1155
1159
1164
1178
1185
1120
1108
1114
1150
1176
1180
1155
1137
1136
1120
1079
1064
1081
1123
1182
1226
1245
1264
1295
1301
1304
1310
1314
1318
1321
1318
1313
1313
1313
1308
1305
1299
1284
667
657
647
649
647
642
638
633
626
619
611
604
598
592
587
583
580
578
576
565
503
500
498
496
495
492
489
482
475
473
472
471
468
466
451
450
450
450
450
460
457
457
456
453
449
445
443
440
437
433
430
427
423
420
417
413
410
407
404
402
400
397
394
393
391
389
386
383
379
377
374
371
368
365
363
360
358
356
354
352
350
346
342
340
338
336
335
333
332
331
330
331
331
325
328
325
316
316
315
314
314
313
312
317
318
320
322
324
0
0
1238
1142
1127
1091
1093
1097
1116
1150
1154
1144
1138
1140
1148
1158
1167
1178
1184
1166
1121
1119
1147
1172
1182
1172
1170
1161
1131
1084
1082
1108
1141
1184
1224
1253
1282
1308
1324
1330
1331
1329
1327
1323
1317
1306
1305
1300
1294
1297
1291
820
668
658
649
655
649
642
638
633
627
619
612
605
598
591
586
582
578
576
574
565
501
498
496
494
493
489
485
475
473
471
470
469
467
466
450
450
450
449
449
461
457
457
456
453
449
446
443
440
437
433
430
427
424
421
417
413
410
407
405
403
400
398
395
393
392
389
387
384
380
377
375
372
369
365
362
360
357
356
354
354
352
349
345
341
338
336
335
333
332
331
331
331
332
325
329
318
316
316
315
314
314
313
0
317
319
320
322
324
0
0
1239
1173
1160
1133
1120
1125
1138
1152
1149
1138
1132
1066
1066
1158
1172
1179
1182
1162
1128
1134
1152
1161
1163
1169
1173
1157
1135
1106
1115
1140
1160
1069
1084
1293
1314
1323
1341
1355
1356
1346
1336
1328
1315
1301
1300
1288
1274
1278
827
787
670
675
664
658
650
643
636
632
625
617
611
605
599
591
586
581
575
572
570
565
500
498
494
492
488
483
480
475
471
470
469
468
467
466
449
449
448
447
446
463
457
456
455
453
449
446
444
441
437
433
430
427
424
421
418
414
410
408
406
403
401
399
396
394
392
390
387
384
381
378
375
373
370
366
362
360
357
356
355
355
353
349
345
341
338
336
335
333
332
331
331
331
327
325
324
317
317
316
315
314
314
310
312
317
319
321
322
0
0
0
1240
1226
1212
1182
1167
1167
1170
1165
1152
1139
1130
1123
1092
1077
1179
1179
1179
1157
1133
1143
1151
1157
1155
1165
1162
1142
1128
1114
1124
1146
1165
1077
1093
1327
1354
1364
1371
1374
1371
1356
1342
1332
1317
1304
1297
1279
1261
1255
710
678
681
674
667
660
651
643
636
630
625
617
611
605
598
592
587
581
575
570
567
565
499
496
493
491
484
480
477
472
471
470
468
467
466
464
448
447
446
445
445
459
456
455
454
452
449
446
444
441
437
433
430
427
424
421
418
414
411
409
406
403
401
399
396
394
392
390
387
384
381
378
375
373
370
366
362
359
357
356
356
355
352
347
343
340
338
336
334
333
331
331
330
324
322
321
324
317
317
309
309
309
309
311
312
314
319
320
322
324
0
0
1241
1243
1234
1219
1207
1208
1208
1194
1174
1157
1144
1137
1133
1135
1181
1178
1179
1163
1144
1142
1148
1160
1159
1162
1154
1140
1129
1109
1117
1146
1160
1085
1276
1332
1363
1376
1383
1384
1377
1356
1340
1331
1320
1309
1288
1265
1252
1244
710
688
678
675
669
662
652
645
638
632
625
619
611
604
597
592
587
582
576
571
566
564
498
496
493
489
482
479
474
470
469
468
467
465
463
461
447
445
444
444
444
444
454
454
453
452
449
446
444
441
437
433
430
427
424
421
418
414
411
408
406
404
401
399
396
393
391
389
387
383
380
377
375
373
370
366
361
358
357
356
356
355
351
346
342
339
338
336
334
332
331
331
330
324
323
312
311
309
309
309
310
310
309
311
313
314
0
321
323
325
0
0
1242
1244
1250
1237
1229
1231
1234
1224
1202
1181
1166
1162
1171
1173
1169
1172
1176
1169
1155
1140
1139
1156
1156
1149
1141
1138
1128
1108
1113
1146
1156
1107
1295
1334
1353
1362
1371
1379
1378
1359
1343
1334
1322
1305
1278
1256
1250
1244
715
689
682
677
671
664
654
647
641
635
626
616
610
603
597
592
587
582
577
573
569
567
497
496
490
485
482
478
473
469
468
467
465
463
393
394
448
443
443
443
443
443
454
453
453
451
449
446
444
441
437
434
430
427
425
422
419
415
411
408
406
404
401
398
394
392
390
388
386
382
378
376
373
371
369
364
359
357
357
356
355
353
349
345
342
340
338
337
335
333
333
333
330
329
314
313
311
310
310
310
306
306
310
312
313
315
320
322
324
326
0
0
1252
1250
1246
1237
1233
1232
1237
1239
1226
1207
1193
1184
1179
1173
1166
1168
1172
1169
1148
1126
1128
1148
1151
1142
1133
1132
1125
1114
1136
1148
1168
1221
1276
1316
1335
1347
1358
1369
1375
1364
1350
1340
1322
1295
1270
1258
1254
1246
700
690
684
676
670
665
658
650
642
635
627
617
610
600
595
592
589
584
579
575
571
490
494
491
485
483
482
478
472
468
466
465
464
462
392
393
394
441
440
440
438
438
453
453
452
451
449
446
444
441
437
434
431
428
426
423
420
417
412
408
405
403
400
396
393
390
388
387
384
381
377
374
372
370
367
362
359
358
354
352
354
351
348
345
343
341
339
337
336
335
335
332
330
329
314
313
311
308
307
306
307
307
311
304
306
308
320
323
325
327
0
0
1256
1251
1246
1234
1228
1223
1224
1232
1232
1225
1216
1202
1189
1176
1163
1161
1168
1166
1140
1121
1130
1148
1148
1140
1130
1119
1122
1138
1149
1152
1176
1215
927
925
918
1331
1347
1363
1372
1366
1354
1344
1324
1290
1267
1263
1257
701
700
694
686
678
672
668
662
654
644
636
630
621
609
600
596
593
590
585
580
575
571
487
488
485
483
483
482
477
472
467
465
390
391
396
392
393
394
439
438
438
438
438
452
452
451
450
449
447
444
441
437
434
431
429
426
424
422
419
414
408
404
401
398
395
391
389
387
385
384
380
377
374
372
363
360
358
359
358
357
356
354
351
348
346
344
342
340
338
337
337
337
332
331
316
315
313
309
309
308
307
306
307
317
306
308
310
321
324
326
328
0
0
1259
1259
1248
1234
1223
1215
1213
1218
1227
1233
1230
1215
1196
1178
1164
1157
1160
1163
1145
1125
1134
1148
1132
1137
1131
1106
1116
1143
1148
1151
1183
1215
1130
971
971
938
1330
1355
1367
1368
1359
1348
582
582
659
663
674
699
699
694
687
679
674
668
662
656
647
639
632
621
610
605
600
594
591
587
582
576
572
489
484
482
482
482
481
476
387
387
466
391
391
392
396
396
400
400
438
439
420
420
421
451
451
450
449
447
445
442
437
434
431
429
427
424
422
420
415
408
403
400
397
390
388
386
384
384
383
381
379
372
370
361
359
362
360
360
358
357
355
352
349
346
345
343
341
338
337
337
334
332
326
317
315
314
310
310
309
308
307
318
306
307
309
311
322
325
327
329
0
0
1277
1279
1276
1234
1220
1212
1206
1211
1224
1236
1235
1220
1198
1179
1167
1162
1162
1165
1153
1131
1139
1144
1125
1134
1110
1094
1097
1114
1096
1124
1132
1161
963
956
944
937
1048
1279
1349
1361
1040
583
580
580
622
622
693
700
696
686
681
680
676
668
660
654
648
640
632
622
615
610
602
596
592
589
584
579
572
495
485
481
481
481
480
388
388
386
386
386
392
392
393
393
400
400
438
417
418
419
419
420
450
450
449
447
446
444
438
435
431
428
426
424
364
362
359
357
355
353
351
349
385
383
384
382
379
376
374
371
371
368
367
365
362
360
358
356
349
347
346
344
343
343
341
338
336
336
334
332
327
318
316
315
314
311
310
309
319
320
307
309
311
331
337
326
328
0
0
0
1278
1280
1274
1236
1219
1204
1197
1212
1227
1235
1234
1219
1197
1179
1171
1169
1171
1175
1167
1149
1155
1160
1143
1140
1118
1112
1103
1091
1102
1108
1130
1161
914
912
913
932
1079
1198
1220
1261
1200
571
574
575
622
654
694
701
695
683
679
677
673
666
658
653
648
641
633
625
617
612
604
597
593
590
586
582
572
494
487
481
481
480
382
381
388
387
387
387
387
393
393
394
400
438
438
416
416
417
418
418
419
449
448
447
445
436
437
434
429
363
361
358
329
326
324
350
348
346
344
384
399
386
383
380
378
375
372
381
372
370
348
346
344
342
340
339
346
347
345
343
342
343
340
337
335
335
335
327
326
318
317
316
315
313
312
320
321
321
309
310
312
334
340
346
0
0
0
0
1280
1282
1284
1249
1224
1216
1208
1221
1231
1234
1231
1216
1196
1183
1178
1179
1183
1188
1184
1169
1170
1165
1157
1154
1148
1134
1132
1143
1143
1134
1140
1161
1223
1180
1172
1265
1266
1274
1274
1277
1242
571
572
617
661
689
698
701
698
691
685
680
676
669
660
653
647
642
634
626
618
612
606
599
594
591
588
585
567
491
488
393
392
387
382
382
381
387
387
387
393
393
393
400
400
392
392
393
393
415
416
417
417
437
435
434
433
432
438
430
331
328
326
323
321
319
316
343
341
339
364
362
361
384
382
379
376
374
391
389
348
346
344
342
340
339
337
335
343
346
335
334
333
332
331
337
335
334
328
327
326
325
318
317
316
314
331
331
0
0
325
0
330
336
343
393
0
0
0
0
1281
1283
1286
1268
1237
1236
1231
1232
1230
1228
1227
1216
1182
1179
1184
1192
1198
1201
1199
1186
1180
1168
1164
1162
1158
1151
1156
1165
1176
1178
1195
1260
1303
1312
1309
1321
1329
1310
1295
1282
1254
578
578
721
711
703
696
696
699
698
692
684
680
671
658
652
649
644
637
628
620
612
606
600
596
593
588
581
518
494
489
394
389
388
383
382
382
383
387
388
388
374
390
389
399
391
392
392
393
394
414
415
433
432
431
430
429
333
327
325
323
320
318
316
313
311
328
327
326
325
324
323
353
351
389
335
334
332
331
330
329
330
329
339
337
335
334
336
336
335
334
332
331
330
329
328
334
333
328
327
326
325
323
299
299
321
329
0
322
324
325
327
333
339
346
394
0
0
0
0
1270
1285
1313
1278
1244
1238
1239
1235
1226
1222
1213
1196
1178
1173
1182
1204
1208
1210
1207
1197
1186
1173
1170
1169
1169
1169
1174
1177
1191
1211
1240
1279
1303
1314
1318
1325
1331
1319
1301
1287
1263
720
720
712
705
707
705
703
702
696
688
684
681
674
665
655
648
644
638
630
622
612
605
601
598
594
589
580
510
493
490
395
390
389
388
384
384
384
388
388
370
376
372
376
390
391
391
392
393
393
394
429
430
428
427
332
329
326
320
317
315
313
311
311
309
316
313
323
322
321
320
319
318
317
393
331
328
328
327
326
327
326
326
325
334
335
334
334
333
333
332
331
330
329
328
329
336
336
328
327
325
324
296
297
299
327
325
0
323
324
326
327
336
342
388
395
0
0
0
0
1271
1272
1273
1285
1244
1237
1242
1238
1228
1222
1211
1193
1174
1155
1155
1207
1213
1214
1212
1203
1192
1183
1176
1172
1174
1181
1187
1188
1202
1226
1257
1279
1294
1303
1314
1321
1330
1323
1308
1295
1271
842
740
718
717
722
714
710
704
697
691
686
678
672
664
654
646
642
636
630
623
614
607
602
599
595
588
437
432
493
399
398
396
390
388
390
392
451
391
374
378
370
367
366
369
390
391
392
392
393
393
397
399
425
327
325
322
319
317
314
312
310
307
305
315
312
308
305
318
317
316
315
314
313
312
399
325
324
324
323
323
323
322
322
321
332
332
331
331
330
330
329
328
327
329
328
327
336
327
326
325
324
296
296
298
313
0
321
323
325
326
328
329
345
389
395
0
0
0
0
1272
1273
1274
1291
1243
1239
1243
1240
1232
1224
1213
1198
1183
1170
1169
1205
1217
1219
1219
1210
1196
1190
1182
1172
1168
1180
1188
1189
1202
1229
1256
1274
1283
1294
1312
1321
1331
1327
1315
1298
1267
740
749
729
728
727
710
700
702
700
699
691
681
673
662
651
645
641
637
631
623
615
610
605
600
597
592
438
434
429
400
399
397
347
339
390
390
391
391
382
373
367
366
365
367
366
391
391
392
392
396
333
329
323
320
318
315
313
310
308
306
321
318
314
311
307
304
315
314
313
312
311
310
309
308
316
316
321
320
320
320
319
319
318
338
330
329
329
328
328
327
327
331
329
328
327
326
337
335
326
325
324
302
303
303
310
312
322
323
325
327
328
330
444
390
396
457
0
0
0
1273
1274
1275
1305
1246
1241
1240
1235
1232
1224
1214
1207
1201
1195
1185
1202
1220
1222
1223
1214
1195
1191
1185
1173
1164
1174
1179
1181
1196
1223
1249
1264
1277
1291
1314
1326
1337
1334
1317
951
877
787
757
743
740
720
712
700
704
706
699
690
682
675
667
656
649
644
639
632
624
616
611
607
602
594
587
439
435
406
401
400
398
350
342
335
394
392
364
362
360
358
366
366
365
365
335
334
333
331
328
326
323
321
314
311
309
307
309
307
319
317
313
310
306
303
300
312
311
310
309
308
307
306
305
312
312
312
313
341
340
339
338
337
336
335
334
333
326
326
329
329
329
330
330
359
353
341
340
329
329
318
318
310
311
311
0
322
324
326
327
329
437
441
390
397
454
0
0
0
1273
1274
1276
1250
1251
1237
1233
1225
1224
1218
1208
1205
1206
1202
1199
1213
1220
1222
1222
1214
1195
1190
1186
1176
1168
1170
1169
1173
1192
1216
1233
1253
1271
1289
1313
1331
1342
1339
1316
951
810
784
765
753
748
731
727
718
706
700
700
690
681
675
668
658
651
646
639
633
624
616
612
607
602
593
559
427
423
408
405
401
399
353
345
338
331
394
364
362
360
358
365
364
331
331
330
330
328
325
323
320
318
316
313
311
309
306
326
319
315
312
309
305
302
299
309
308
307
306
305
304
303
302
307
307
308
308
308
309
338
337
336
335
332
332
331
330
329
336
327
328
328
328
329
329
423
412
355
350
323
322
317
316
316
318
325
323
324
326
328
329
0
438
391
447
451
455
0
0
1274
1275
1276
1235
1242
1227
1218
1207
1205
1200
1193
1188
1200
1199
1222
1221
1219
1218
1216
1211
1201
1194
1189
1180
1174
1169
1163
1165
1189
1211
1217
1241
1262
1282
1310
1334
1342
1330
1304
873
789
778
766
749
748
739
735
728
711
697
697
690
683
676
667
654
651
646
639
632
623
616
612
606
600
592
433
429
424
410
407
405
395
356
348
341
334
371
363
361
359
357
370
369
327
326
326
325
323
320
317
315
313
310
308
306
405
327
318
315
311
308
304
301
307
306
280
280
279
303
302
301
407
381
303
303
303
304
304
305
335
334
333
332
330
330
329
328
327
333
326
325
325
325
325
327
388
386
343
342
320
320
320
319
323
324
324
0
325
327
328
0
0
436
440
444
448
452
0
0
1254
1252
1101
1092
1205
1211
1197
1185
1187
1183
1181
1171
1174
1191
1221
1225
1221
1215
1209
1206
1204
1201
1197
1183
1176
1165
1157
1159
1176
1214
1218
1238
1246
1269
1305
1330
1331
1312
870
836
796
774
768
761
757
745
728
715
703
695
690
685
681
673
665
652
647
645
639
631
623
615
611
604
596
585
435
430
426
411
399
398
396
359
351
344
337
367
363
353
355
357
371
370
357
357
356
376
376
342
312
310
335
333
394
353
329
325
314
310
307
304
300
283
282
281
281
280
279
278
277
403
406
380
378
376
419
302
304
305
306
332
331
330
329
328
327
328
329
331
324
324
324
324
323
323
390
389
387
319
319
319
318
318
322
315
316
317
0
327
0
0
0
0
437
441
445
449
0
0
1256
1254
1101
1089
1119
1177
1175
1172
1174
1174
1178
1180
1189
1203
1216
1223
1225
1216
1204
1200
1200
1202
1203
1186
1176
1161
1146
1130
1159
1221
1240
1246
1239
1263
1298
1313
1313
1298
867
769
764
770
765
764
760
742
715
704
697
691
687
683
676
671
660
650
643
641
636
629
620
615
609
602
592
580
436
432
428
401
400
399
397
396
354
347
339
333
363
350
352
358
355
371
350
350
357
366
365
343
342
337
335
333
331
331
326
322
309
306
312
308
284
283
282
282
281
280
279
278
278
277
284
285
376
374
355
300
301
303
304
305
329
328
327
330
330
329
328
328
331
331
322
322
322
322
325
320
315
315
315
318
317
317
299
295
292
316
316
0
0
0
0
0
0
438
442
446
0
0
1258
1256
1112
1070
1122
1140
1158
1170
1173
1180
1188
1192
1196
1206
1209
1212
1227
1219
1200
1194
1196
1199
1202
1191
1184
1167
1140
1121
1149
1228
1251
1250
1248
1271
1291
1300
1298
1288
865
747
764
770
769
765
744
747
725
714
701
691
693
687
677
672
657
651
636
633
635
630
620
613
607
600
590
576
438
434
429
425
401
400
399
399
357
350
342
335
365
353
349
349
349
352
351
351
350
368
366
344
343
337
335
333
331
328
324
320
316
312
308
393
284
283
283
282
281
280
279
279
278
277
276
283
283
288
355
353
299
300
300
302
331
331
330
329
329
328
328
327
325
437
322
323
344
327
322
317
313
314
314
307
303
299
295
292
288
314
303
305
0
0
0
0
0
0
0
0
0
0
1260
1258
1220
1185
1140
1130
1149
1168
1176
1187
1195
1192
1195
1203
1206
1204
1220
1217
1190
1187
1191
1195
1199
1195
1190
1179
1169
1164
1191
1236
1243
1234
1253
1274
1279
1276
1256
867
806
797
778
777
774
769
756
744
724
725
707
699
697
693
685
676
659
649
643
640
635
630
616
609
605
599
587
570
440
435
431
427
415
403
402
400
360
352
345
338
361
353
351
350
361
359
353
352
351
355
368
345
344
342
335
333
357
355
321
340
312
332
340
285
284
284
282
282
281
280
280
279
278
277
277
280
281
281
289
353
345
343
299
301
331
330
329
329
328
327
327
324
324
324
321
322
323
325
320
315
310
314
307
303
299
296
292
289
285
302
303
304
306
0
0
0
0
0
0
0
0
0
1280
1280
1248
1246
1199
1146
1154
1170
1181
1193
1197
1188
1189
1197
1205
1206
1207
1209
1176
1175
1181
1187
1191
1191
1190
1182
1178
1188
1206
1232
1228
1211
1231
1264
1267
1253
1228
1023
807
792
783
780
774
765
755
732
724
713
709
701
701
699
693
682
665
651
648
640
631
622
614
610
605
597
584
567
511
437
433
419
417
415
403
401
382
356
348
341
334
356
356
354
363
369
366
357
356
356
369
367
365
352
351
350
358
355
353
340
336
344
340
285
285
284
282
282
281
281
280
279
278
278
277
278
279
287
288
352
344
343
299
301
303
329
328
328
327
327
326
324
324
324
320
321
327
322
317
309
308
307
303
300
296
292
289
286
282
301
302
304
305
0
0
0
0
0
0
0
0
0
1282
1281
1281
1248
1246
1191
1175
1181
1187
1195
1193
1181
1181
1192
1204
1203
1199
1197
1166
1163
1170
1177
1177
1181
1171
1176
1173
1195
1204
1216
1193
1178
1191
1240
1260
1252
1162
1024
810
784
780
778
772
756
751
732
721
709
707
705
710
705
696
685
670
656
651
638
632
629
611
601
591
582
582
568
508
439
434
421
419
417
404
403
394
373
351
344
337
381
379
376
374
371
359
358
357
356
371
368
355
354
353
352
358
356
353
351
348
346
344
286
285
284
283
282
282
281
280
279
276
277
277
299
285
286
287
346
344
342
298
300
302
328
328
327
326
326
325
324
323
321
322
323
325
320
315
309
306
304
300
296
293
289
286
283
279
309
302
303
304
0
0
0
289
291
0
0
0
0
1351
1350
1313
1287
1284
1241
1207
1199
1196
1197
1193
1173
1170
1191
1201
1196
1195
1188
1164
1157
1162
1167
1165
1161
1145
1154
1163
1191
1200
1191
1152
1138
1149
1195
1233
1122
837
837
774
776
774
776
773
759
739
734
727
716
713
717
717
707
693
683
668
657
644
638
634
625
609
601
592
583
553
542
532
501
436
432
421
419
417
404
398
390
354
347
339
384
381
378
376
356
355
359
381
380
379
355
354
354
353
352
358
356
354
351
349
346
344
286
285
284
283
283
282
281
280
280
276
277
277
280
375
285
353
352
341
340
339
300
337
406
327
326
326
325
326
326
325
321
322
319
319
317
312
308
304
300
297
293
290
286
283
280
276
303
301
301
304
0
0
286
289
291
293
0
0
0
1352
1351
1313
1352
1287
1271
1245
1219
1207
1203
1198
1192
1176
1197
1205
1200
1194
1182
1162
1153
1156
1159
1158
1150
1136
1133
1140
1150
1171
1166
1140
1126
1146
1166
1159
1139
781
774
768
776
779
777
768
758
744
736
731
726
730
729
720
707
693
680
665
659
649
642
636
628
609
601
593
580
553
542
532
500
481
435
422
420
418
412
404
402
370
362
407
386
384
381
378
357
356
354
369
367
365
355
354
353
352
352
359
356
354
352
349
347
344
286
285
284
283
279
282
281
281
280
276
277
278
280
374
373
280
282
341
340
339
338
337
336
398
398
385
327
326
324
323
321
322
319
319
312
308
304
301
297
293
290
286
283
280
277
304
303
302
302
294
294
294
286
289
291
293
0
0
0
1343
1316
1314
1362
1330
1289
1261
1236
1221
1214
1207
1201
1196
1199
1200
1198
1192
1177
1159
1151
1152
1154
1152
1143
1118
1104
1110
1136
1137
1141
1135
1131
1147
1168
1165
1125
791
769
790
790
785
774
763
756
746
737
733
731
732
729
718
707
694
680
668
662
655
653
643
628
609
601
589
581
573
542
538
499
503
475
445
422
420
413
412
410
411
365
410
409
389
383
381
359
357
355
370
368
366
355
354
353
352
351
359
357
354
352
350
347
345
286
286
285
284
280
282
282
281
280
276
277
278
279
381
279
281
284
342
291
293
339
337
336
335
385
329
328
327
324
324
323
322
319
312
309
305
301
297
294
290
287
283
280
277
312
310
296
294
292
290
289
294
287
289
291
294
0
0
0
1336
1334
1315
1377
1339
1301
1271
1248
1234
1225
1213
1202
1196
1194
1192
1190
1185
1170
1155
1150
1149
1149
1145
1128
1086
1074
1127
1144
1124
1125
1124
1123
1134
1192
1197
1208
864
792
794
792
785
776
767
761
750
742
736
729
725
722
711
699
689
682
675
672
667
655
645
623
610
604
590
582
574
543
503
503
500
479
470
461
466
414
413
411
414
417
416
414
391
389
387
385
0
372
370
369
367
365
353
352
351
396
360
357
355
352
350
348
345
300
286
285
284
281
283
282
281
276
278
279
382
382
380
280
283
285
287
293
295
339
338
337
336
380
375
328
324
324
324
325
324
313
309
305
301
298
294
290
287
284
280
277
313
312
310
296
294
292
290
289
0
287
289
291
294
0
0
0
1335
1333
1331
1389
1353
1313
1281
1257
1244
1231
1213
1196
1188
1184
1182
1181
1177
1164
1153
1151
1149
1138
1132
1115
1086
1112
1130
1137
1122
1117
1093
1108
1107
1201
1189
1189
854
798
796
791
785
777
768
758
750
743
735
727
721
714
705
695
688
681
675
670
663
652
642
623
619
600
591
583
575
567
503
503
503
482
473
464
470
415
414
412
415
418
417
416
393
391
389
387
0
373
371
369
367
365
363
362
347
346
345
346
345
353
351
348
349
301
296
285
284
282
282
280
281
278
279
280
379
379
377
282
284
288
290
294
297
339
338
337
336
375
329
328
325
324
322
325
313
309
305
302
298
294
291
287
284
281
277
315
313
312
310
296
294
292
290
288
0
287
289
291
294
0
0
0
1334
1332
1323
1384
1353
1318
1286
1262
1247
1230
1206
1185
1174
1171
1172
1174
829
829
1156
1158
1152
1136
1131
1124
1097
1114
1128
1119
1060
1103
1084
1090
1175
1200
1181
1174
845
804
801
790
783
775
767
756
750
743
735
727
721
712
700
689
685
678
671
665
659
651
641
629
623
601
592
584
576
568
517
517
505
498
477
468
471
466
418
417
415
414
418
419
417
393
391
389
411
374
372
370
368
366
365
363
346
345
344
344
343
343
340
351
348
345
292
290
285
284
283
282
281
280
279
372
374
271
273
275
288
290
293
296
313
340
339
338
373
358
329
329
328
323
323
323
314
306
302
298
295
291
288
284
281
278
310
315
313
312
310
296
294
292
290
288
0
287
289
291
0
0
0
0
1332
1330
1323
1366
1340
1309
1285
1261
1248
1226
1197
1175
1160
1158
1162
1167
829
1156
1163
1164
1151
1139
1134
1125
1108
1100
1114
1098
1071
1060
1075
1064
1174
1176
1159
1157
836
828
808
793
782
774
766
757
750
742
734
727
720
710
699
687
680
675
669
659
654
649
639
629
620
602
593
585
577
569
517
517
509
498
494
470
468
465
402
418
415
414
413
413
420
416
412
412
412
0
373
330
328
325
323
384
346
345
343
341
341
344
341
338
348
344
295
292
291
290
288
286
285
283
281
280
272
274
276
278
291
293
296
314
340
339
339
338
371
332
330
329
324
324
324
322
317
302
298
295
291
288
285
281
328
315
310
325
313
312
311
296
294
292
290
288
0
0
289
0
0
0
255
265
1331
1329
1338
1338
1322
1295
1279
1258
1249
1223
1192
1166
1146
1148
1156
1163
1156
1157
1163
1166
1148
1139
1132
1114
1102
1094
1088
1076
1055
1059
1078
1071
1136
1140
1120
848
912
822
814
797
783
773
765
756
749
742
734
726
717
708
699
689
679
671
665
658
652
646
638
629
617
603
594
586
578
570
517
517
515
500
492
474
468
405
404
402
401
415
414
413
421
420
418
409
383
382
381
334
331
329
326
324
339
365
363
342
341
345
342
339
347
344
298
296
295
293
291
289
274
274
274
273
275
275
279
291
289
291
343
342
341
340
339
338
337
333
332
330
325
325
324
319
309
299
295
292
288
285
314
327
320
315
311
315
313
320
318
296
294
292
290
288
0
0
0
0
0
259
255
265
1330
1328
1305
1305
1296
1276
1258
1241
1228
1223
1203
1165
1135
1143
1151
1160
1159
1150
1160
1169
1153
1143
1136
1115
1098
1086
1077
1071
1056
1065
1087
1079
1116
1110
1091
839
863
822
812
797
784
773
764
755
748
741
733
724
715
705
697
689
680
671
663
657
651
645
638
629
590
590
589
587
579
571
563
502
502
500
492
477
470
407
405
404
403
413
412
411
422
421
411
386
385
353
350
347
335
332
330
327
325
338
366
364
350
347
343
340
337
377
375
300
298
296
294
278
278
278
279
276
278
280
291
291
293
294
345
343
342
341
340
339
337
333
332
331
324
324
318
317
312
308
310
307
303
307
316
324
321
315
311
316
314
321
319
316
294
292
290
294
0
0
0
0
0
259
255
265
0
0
1278
1275
1267
1256
1247
1235
1224
1228
1226
1132
1137
1141
1148
1157
1155
1152
1161
1171
1149
1137
1137
1122
1098
1086
1080
1073
1076
1080
1079
1069
1093
1081
1072
830
837
820
808
795
785
774
764
755
748
740
732
725
713
702
693
684
676
669
663
658
653
646
639
628
590
590
590
588
580
572
564
502
502
501
484
472
468
464
407
406
404
415
414
413
412
422
389
388
387
386
355
352
338
336
333
331
328
326
368
366
338
335
344
341
338
378
375
375
301
299
298
282
283
283
283
279
284
286
292
294
296
305
346
345
343
342
341
340
338
331
330
326
325
325
319
315
303
304
304
304
308
308
324
324
322
316
311
317
315
322
316
315
312
300
297
295
292
0
0
0
0
259
255
265
0
1291
1261
1261
1260
1254
1248
1238
1232
1234
1236
1149
1151
1142
1147
1155
1158
1160
1166
1173
1154
1141
1138
1126
1100
1087
1080
1073
1083
1084
1053
1062
1067
1055
1057
870
825
818
807
795
785
775
765
757
748
741
734
724
712
700
689
681
674
668
665
662
648
651
641
601
590
590
590
589
581
573
563
502
502
502
502
533
465
464
460
449
419
417
416
415
405
404
391
390
389
388
387
358
354
351
337
334
332
329
371
369
341
338
334
339
335
379
375
375
375
303
301
299
297
295
294
286
287
289
296
298
307
355
347
346
345
344
342
341
333
332
331
327
326
326
321
305
305
305
306
306
310
371
323
323
323
322
311
318
316
322
317
314
312
301
298
296
293
0
0
0
0
259
255
265
1291
1292
1256
1257
1259
1254
1249
1243
1240
1242
1239
1224
1166
1151
1154
1160
1169
1177
1176
1181
1168
1156
1140
1122
1104
1094
1079
1072
1039
1081
1039
1051
1051
1033
1029
867
830
820
810
798
788
777
767
758
749
740
733
724
714
704
693
681
674
668
664
661
647
653
644
626
623
596
594
590
582
574
566
558
502
502
502
536
465
464
460
452
421
420
418
410
408
407
406
392
391
390
389
388
387
357
353
380
378
376
373
371
344
340
337
334
338
334
376
376
376
376
375
302
301
299
288
290
291
293
307
309
358
356
354
347
346
339
337
335
334
333
332
328
328
327
327
307
307
307
308
308
318
319
321
323
323
323
321
319
317
322
318
315
300
298
295
297
294
0
0
0
0
259
255
265
1292
1292
1257
1260
1266
1267
1258
1253
1249
1249
1243
1154
1189
1166
1168
1172
1186
1196
1192
1187
1172
1158
1136
1121
1102
1100
1086
1078
1085
1082
1013
1033
1032
1013
944
855
837
824
813
801
790
780
768
758
748
739
731
723
713
704
694
683
675
668
663
648
647
648
646
628
622
601
599
591
583
547
547
547
547
482
482
482
482
462
460
454
451
422
421
413
412
410
409
394
393
392
391
389
388
387
386
394
381
378
376
374
371
343
340
336
341
337
333
376
376
357
356
354
353
291
293
294
307
309
312
362
360
358
356
352
349
340
338
337
335
333
330
329
329
329
329
321
309
309
309
310
321
322
323
323
323
323
323
322
322
321
319
316
301
298
296
297
295
0
0
0
0
259
255
265
1293
1293
1261
1264
1271
1271
1264
1258
1255
1254
1252
1240
1218
1195
1200
1203
1201
1200
1193
1189
1170
1048
1059
1106
1102
1100
1094
1021
1087
1082
1009
1022
1012
990
909
847
838
826
814
804
793
782
771
760
748
738
730
723
715
706
695
685
675
667
662
649
647
646
636
628
616
607
602
592
584
556
552
547
547
483
482
482
482
467
456
456
455
456
456
417
415
414
412
411
410
394
392
391
390
389
398
397
410
340
336
331
374
372
0
347
343
340
336
332
374
361
360
324
325
326
326
345
347
367
366
364
362
359
357
347
341
340
337
334
331
335
332
332
333
333
332
330
311
312
312
313
324
323
323
323
323
323
322
322
321
321
320
317
302
299
296
306
306
306
266
274
0
259
255
265
1293
1293
1266
1269
1274
1274
1268
1263
1260
1258
1253
1248
1247
1237
1236
1229
1209
1196
1192
1191
1168
1021
1065
1097
1104
1096
1094
1026
1085
1008
1004
1014
997
826
855
837
833
820
813
805
796
785
774
761
749
739
730
724
717
709
697
685
675
666
659
649
647
645
632
623
618
618
613
593
585
577
548
548
547
483
483
483
483
482
456
455
455
454
453
420
419
417
416
415
413
412
411
409
426
426
426
426
404
403
344
339
334
329
400
350
346
342
339
335
373
370
364
328
329
330
347
349
359
357
355
365
363
361
359
357
344
342
341
340
339
337
335
335
336
331
332
333
314
314
315
330
331
323
323
323
323
322
322
321
320
320
320
322
302
299
297
305
305
269
266
273
271
259
255
265
1299
1294
1273
1275
1280
1279
1274
1270
1265
1262
1254
1252
1269
1277
1275
1253
1212
1193
1190
1184
1159
1063
1090
1097
1094
1091
1096
1103
1086
1030
1000
1010
923
847
865
856
835
818
815
807
799
789
776
763
753
742
732
724
717
709
698
686
675
665
658
652
647
643
634
623
620
618
598
591
586
577
570
554
551
483
483
483
483
483
455
454
454
454
453
451
422
421
419
418
417
415
414
413
426
426
426
426
405
403
377
347
342
337
332
328
349
345
327
325
323
321
366
363
369
370
370
364
362
360
358
356
365
363
361
347
346
345
344
342
341
340
338
337
333
335
336
337
339
330
331
333
334
325
324
323
323
322
321
321
320
320
320
323
303
300
297
300
300
269
266
272
271
0
0
0
1298
1300
1281
1282
1285
1285
1283
1277
1269
1265
1259
1259
1276
1291
1290
1277
1217
1194
1185
1172
1014
1014
1110
1047
1085
1101
1107
1110
1096
1043
1012
1013
923
881
865
851
837
827
819
810
803
794
780
766
756
745
730
720
714
707
700
688
676
667
658
651
646
641
633
622
620
614
593
592
591
581
575
571
558
484
484
483
483
483
481
454
454
453
453
451
448
445
423
422
420
419
417
426
426
426
426
426
406
369
377
390
350
345
340
335
327
324
321
331
329
327
325
323
372
373
373
313
313
313
313
313
313
313
313
335
335
334
346
345
343
337
335
334
332
331
340
342
339
333
335
363
363
327
332
328
326
324
322
322
321
320
320
324
321
301
298
299
299
269
266
271
271
0
0
0
1319
1300
1285
1286
1287
1289
1289
1283
1271
1267
1261
1258
1258
1255
1260
1243
1220
1195
1179
1166
1041
1059
1110
1101
1101
1114
1119
1120
1114
1068
1033
1027
910
871
859
850
840
831
822
813
806
798
781
765
745
735
725
714
712
706
701
690
679
669
660
652
646
641
631
625
620
603
595
593
590
585
575
573
562
484
484
484
484
483
481
454
453
453
452
450
448
446
443
442
440
460
426
426
426
426
426
426
418
370
376
387
393
397
349
343
335
331
328
325
322
367
364
361
376
317
317
317
317
317
317
317
317
317
317
316
337
337
343
347
339
338
336
335
333
332
331
339
339
341
341
365
365
349
341
342
340
335
330
325
323
319
316
314
0
0
299
299
299
269
266
271
272
0
0
0
1271
1272
1288
1288
1288
1289
1292
1284
1275
1277
1265
1261
1257
1252
1243
1233
1221
1198
1180
1170
1161
1113
1117
1110
1112
1127
1132
1133
1130
1105
1074
1051
883
885
865
861
851
836
824
815
808
781
760
754
741
731
723
713
710
707
702
692
681
671
661
653
646
639
631
627
618
599
596
593
589
584
581
574
564
484
487
492
494
488
482
455
452
451
451
450
448
446
444
442
417
417
426
426
426
426
425
423
419
372
374
380
387
393
397
398
347
342
396
333
330
327
363
360
321
321
321
321
321
321
321
320
320
320
320
320
332
331
346
338
337
339
337
336
335
333
332
341
341
367
368
368
368
348
347
346
345
343
336
334
330
319
316
314
0
0
0
299
299
269
265
270
272
0
0
0
1270
1272
1292
1291
1289
1290
1291
1285
1286
1287
1278
1271
1261
1254
1246
1236
1224
1202
1185
1171
1166
1124
1121
1114
1121
1142
1155
1157
1147
1144
1154
1102
881
887
875
863
848
835
805
793
792
778
763
752
741
733
727
715
709
707
702
695
686
676
667
655
645
638
632
627
612
600
597
594
594
589
583
581
565
563
533
535
534
536
533
453
452
451
450
449
448
447
444
442
417
420
424
425
425
425
423
422
421
374
374
376
383
389
394
397
397
396
395
372
369
366
363
360
325
325
325
325
324
324
324
324
324
324
324
324
335
334
341
339
338
337
339
337
336
334
333
355
370
370
370
370
371
347
346
346
346
345
344
335
333
319
316
303
301
300
298
296
295
268
265
270
272
0
0
0
1270
1271
1292
1292
1288
1285
1285
1281
1294
1288
1280
1278
1263
1256
1250
1237
1224
1206
1186
1168
1137
1118
1122
1114
1132
1148
1171
1190
1185
1181
1197
914
878
893
875
829
835
818
805
798
790
778
765
753
744
735
727
712
708
707
705
701
694
682
673
662
648
637
631
627
608
600
596
594
596
598
592
579
566
562
561
541
541
541
535
529
450
450
449
449
448
447
445
443
417
419
420
423
423
423
422
421
420
377
376
376
381
387
393
396
397
396
394
372
368
365
362
390
379
329
329
328
328
328
328
328
328
328
328
339
338
362
359
341
339
338
340
338
337
335
334
356
360
359
373
364
362
347
346
346
346
345
345
335
332
319
303
302
300
299
297
295
294
276
272
0
0
0
0
0
1272
1272
1284
1282
1275
1272
1270
1264
1269
1268
1255
1248
1244
1253
1225
1233
1222
1208
1187
1167
1121
1118
1124
1114
1138
1147
1194
1222
1214
1202
1128
930
876
853
839
829
814
806
800
797
790
780
767
755
745
736
726
712
708
709
709
714
705
692
681
671
656
641
630
624
611
602
599
599
600
602
603
592
570
553
550
539
542
542
542
461
454
449
448
448
447
446
446
444
417
417
418
418
463
419
421
420
420
378
376
378
381
387
393
396
396
396
395
394
391
387
384
386
382
379
333
332
332
332
332
332
341
339
337
351
357
356
331
328
326
375
341
335
333
332
330
329
360
359
353
351
361
347
346
346
345
341
338
335
339
332
302
301
299
297
296
294
293
0
0
0
0
0
0
0
1272
1272
1279
1278
1270
1265
1262
1258
1253
1249
1237
1231
1232
1250
1202
1225
1220
1213
1199
1113
1121
1125
1128
1131
1152
1173
1229
1233
1215
1139
1022
903
836
829
834
821
804
800
798
796
790
780
767
755
746
733
722
712
709
711
719
728
716
705
691
676
661
644
629
621
617
617
611
609
614
612
615
581
541
551
546
536
543
543
461
461
461
456
447
446
446
446
445
444
440
416
416
416
459
419
419
419
419
419
440
391
387
391
396
397
397
395
394
394
393
391
387
389
386
381
353
351
349
347
368
366
342
339
337
352
361
332
330
328
326
324
336
335
333
331
330
328
327
359
352
351
356
354
355
351
345
332
325
320
318
316
301
300
286
285
283
281
292
0
0
0
0
0
0
0
1272
1272
1278
1282
1275
1269
1267
1263
1250
1231
1209
1203
1210
1235
1201
1219
1218
1218
1212
1174
1143
1133
1133
1151
1176
1202
1155
1160
1180
1070
986
931
838
823
808
804
801
797
796
793
787
776
764
754
744
732
721
712
707
710
719
724
717
709
693
673
656
641
629
619
615
617
613
612
622
621
630
614
567
549
538
533
547
543
461
461
461
460
446
446
446
446
445
444
442
476
471
465
461
419
419
419
419
419
443
395
396
399
399
398
397
395
394
394
393
392
391
391
389
383
381
378
375
372
364
361
359
363
367
366
365
332
330
328
326
324
322
334
333
331
330
328
326
403
404
351
349
353
348
345
327
321
321
318
316
314
297
287
285
284
282
280
279
270
266
263
261
0
0
0
1291
1291
1279
1282
1276
1271
1270
1266
1247
1216
1186
1175
1189
1217
1238
1225
1219
1219
1213
1171
1155
1128
1150
1168
1195
1198
1190
1169
1159
1071
970
915
833
818
803
799
787
795
792
788
781
771
761
752
745
738
732
720
708
711
715
718
721
719
697
665
647
635
626
616
610
611
615
614
624
625
632
565
554
530
530
539
548
544
461
461
461
460
446
446
506
500
495
490
418
418
418
418
418
460
460
457
454
460
458
442
401
401
400
398
397
395
394
393
391
388
385
387
390
389
383
372
366
365
363
362
360
355
353
373
346
332
330
328
326
324
322
334
332
331
329
328
326
0
351
349
347
345
334
327
325
321
319
317
315
316
287
286
284
283
281
280
272
270
265
263
260
0
0
0
1297
1298
1282
1272
1269
1268
1270
1268
1249
1213
1179
1166
1186
1210
1243
1241
1231
1219
1211
1189
1153
1154
1163
1183
1201
1196
1196
1179
1166
1062
963
906
827
812
798
794
795
792
788
782
774
766
758
751
745
739
734
728
712
714
718
723
726
723
701
669
648
635
624
614
608
607
612
614
623
618
617
546
547
552
552
552
552
544
461
461
461
461
517
511
505
425
425
425
424
419
414
410
406
405
464
459
461
458
459
456
401
401
400
399
398
396
394
393
388
380
375
377
382
386
386
380
373
366
366
363
359
356
354
351
346
331
329
327
325
323
321
333
332
330
329
327
326
346
350
336
333
331
328
326
324
320
305
304
302
300
286
285
283
282
280
279
271
269
265
262
259
0
0
242
0
1304
1305
1264
1263
1265
1268
1269
1253
1230
1187
1182
1204
1225
1251
1256
1246
1231
1227
1215
1174
1178
1172
1190
1196
1197
1194
1183
1170
944
832
829
810
800
787
789
794
797
788
774
769
762
756
751
745
740
735
730
716
720
729
727
722
720
705
678
653
639
628
617
607
606
611
616
621
611
569
565
571
559
549
550
543
539
541
551
524
520
515
511
505
425
425
425
424
420
415
411
407
405
415
415
415
458
457
455
402
400
399
404
403
400
396
396
393
383
373
374
380
384
378
372
368
368
369
372
360
354
354
352
345
331
329
327
325
323
321
333
331
330
328
327
325
344
336
334
327
325
322
324
322
320
304
303
301
299
285
284
282
281
279
277
270
268
264
261
258
0
0
242
1361
1339
1339
1258
1258
1259
1257
1254
1250
1244
1222
1221
1223
1238
1255
1263
1257
1247
1245
1234
1202
1196
1189
1195
1207
1204
1193
1202
965
861
791
811
795
791
781
784
793
795
784
771
767
760
755
751
746
741
735
730
727
711
742
685
682
685
713
668
656
642
632
620
618
615
624
626
622
615
570
593
573
559
546
545
543
539
541
537
524
519
514
510
505
425
425
425
425
422
416
413
409
407
416
415
415
411
411
412
401
400
398
421
419
416
407
406
403
400
390
387
387
396
391
378
369
369
370
372
360
358
355
347
345
342
329
327
325
323
334
333
331
329
328
326
325
324
335
329
326
311
309
307
321
317
303
301
299
298
284
283
281
280
265
264
262
267
263
260
257
0
0
242
1364
1344
1263
1251
1251
1252
1250
1247
1246
1234
1230
1232
1233
1251
1269
1278
1272
1266
1260
1254
1233
1239
1251
1268
1269
1275
1206
1075
968
879
791
793
778
780
775
790
790
791
788
775
767
759
755
751
747
741
734
728
723
720
710
693
684
668
659
651
643
631
623
615
607
621
636
640
630
621
570
602
561
553
546
543
542
532
540
536
524
518
513
510
504
425
425
425
425
424
419
416
414
413
416
415
414
405
411
412
401
401
399
398
415
412
416
414
425
385
385
389
386
401
395
379
371
366
368
371
371
354
352
349
345
342
343
327
325
348
346
337
331
329
328
327
325
323
321
327
324
311
309
307
309
307
305
301
299
297
289
282
280
277
265
263
260
258
257
258
257
255
254
242
1368
1368
1264
1252
1252
1253
1252
1250
1246
1236
1245
1241
1251
1274
1292
1299
1302
1303
1308
1293
1273
1295
1349
1384
1387
1420
1438
1002
786
778
767
623
623
781
787
790
785
784
783
780
771
761
754
751
747
741
734
726
718
710
700
689
678
670
669
662
652
645
641
639
641
602
608
593
588
583
570
555
557
554
551
544
537
532
527
535
532
518
512
509
504
425
425
425
425
424
422
422
423
420
416
413
407
403
412
412
448
401
400
398
397
396
410
418
428
425
392
390
388
386
375
369
369
366
366
373
358
355
352
349
346
356
351
352
350
348
346
336
334
327
325
323
324
322
320
326
323
310
308
306
308
306
304
301
318
297
288
286
279
277
265
263
260
258
257
258
256
255
254
242
1372
1345
1265
1260
1258
1257
1256
1255
1252
1257
1288
1277
1286
1297
1317
1324
1325
1322
1323
1328
1281
1274
1404
1450
1477
796
787
785
787
782
618
622
684
775
794
794
784
780
778
775
770
768
754
749
746
740
733
726
717
709
699
688
677
669
662
656
651
646
642
640
641
643
603
613
595
584
574
555
555
554
548
542
537
532
527
522
530
525
511
503
500
425
425
425
425
423
424
431
436
435
415
411
404
401
412
412
433
431
400
398
397
396
395
419
464
463
393
391
389
387
376
367
370
366
364
374
358
355
352
349
347
357
354
353
351
348
346
344
333
327
325
323
321
322
320
324
321
309
307
305
308
306
304
300
298
296
295
299
297
277
265
263
260
258
256
257
256
254
253
242
1347
1347
1346
1263
1262
1260
1261
1263
1264
1261
1283
1290
1287
1316
1333
1338
1338
1344
1341
1295
1338
1353
1308
1363
954
796
788
785
788
669
621
621
782
769
799
799
785
779
775
769
764
762
753
747
745
739
732
726
718
710
701
690
680
672
664
658
653
648
644
641
639
634
622
606
593
584
575
555
555
554
548
542
537
532
527
522
529
497
497
497
497
425
425
425
424
422
425
433
437
417
414
411
400
399
450
448
433
431
428
398
396
395
394
393
392
394
431
393
391
388
376
367
367
368
365
373
358
356
353
350
347
358
356
353
351
349
346
344
343
327
324
322
320
335
331
325
323
320
318
320
313
305
309
300
317
296
294
299
297
277
275
270
260
258
256
257
255
254
253
242
1297
1290
1348
1259
1258
1261
1269
1270
1275
1299
1310
1309
1277
1279
1334
1338
1352
1318
1312
1330
1342
1312
1362
1394
954
797
732
732
713
678
630
644
750
766
804
804
788
777
773
766
762
762
758
746
744
739
732
726
718
709
702
693
684
676
668
661
655
650
645
642
638
630
619
606
595
585
576
570
562
557
549
542
537
532
527
522
518
497
497
497
497
425
425
424
423
421
421
425
432
434
415
411
410
452
450
451
433
430
428
397
396
394
393
392
391
395
393
411
410
409
410
367
369
369
366
378
374
356
353
350
347
358
356
354
351
349
347
344
342
340
324
322
324
335
330
325
323
320
318
323
313
311
308
306
315
302
304
298
296
283
281
271
264
262
261
258
256
254
0
0
1301
1294
1287
1256
1257
1260
1267
1271
1278
1287
1312
1300
1298
1311
1320
1310
1265
1268
1270
1357
1381
1404
1403
1403
1423
986
732
732
642
642
643
692
745
786
809
808
783
775
771
765
762
762
759
747
744
739
733
726
717
708
702
695
687
679
671
663
656
649
644
640
635
628
618
607
598
586
580
571
571
558
559
542
536
531
527
522
517
497
497
497
497
425
425
423
420
419
419
418
418
416
413
410
408
446
446
1014
449
447
462
396
396
393
392
391
391
396
394
413
412
422
363
363
371
370
367
393
376
351
348
345
348
376
356
354
352
349
347
345
342
339
329
326
324
321
330
326
322
320
321
323
321
310
308
306
304
302
300
298
296
283
281
279
265
263
261
259
257
255
0
0
1305
1298
1291
1257
1256
1259
1259
1268
1279
1280
1308
1323
1323
1324
1322
1305
1317
1306
1332
1352
1381
1423
1434
1426
700
1021
933
722
646
524
524
728
745
805
806
804
774
770
768
764
761
762
759
748
745
741
734
726
717
708
701
696
688
680
672
663
655
648
642
637
631
624
616
607
599
587
580
574
571
565
560
541
535
529
526
522
515
510
505
501
496
497
422
430
425
421
419
417
416
413
410
408
403
376
376
376
440
438
437
435
991
434
391
391
390
390
430
432
424
423
365
363
411
411
450
398
394
352
349
346
343
377
373
354
352
350
338
336
333
339
329
326
324
321
329
325
327
324
321
323
320
318
308
306
304
302
300
300
301
283
281
279
265
263
261
260
257
255
0
0
1310
1303
1296
1259
1258
1261
1247
1230
1279
1300
1318
1339
1332
1329
1211
1308
1307
1314
1191
1192
1212
1237
715
710
1233
1023
957
722
682
524
524
726
740
795
797
802
765
763
761
760
760
759
755
747
744
742
736
727
717
708
701
695
687
679
670
662
653
646
640
633
627
621
613
605
599
604
580
574
571
566
560
554
534
529
523
522
515
510
505
501
496
460
422
430
428
425
421
417
413
409
407
405
403
377
377
376
374
382
437
436
434
435
433
391
390
389
389
442
376
375
370
365
363
411
464
399
395
353
350
347
344
341
362
363
370
368
339
336
333
331
329
326
324
321
321
325
326
324
321
322
320
320
308
306
304
302
292
290
288
283
281
279
266
264
262
272
258
256
0
0
1314
1307
1300
1261
1260
1253
1244
1235
1286
1317
1342
1187
1183
1179
1187
1184
1185
1189
1178
1177
1204
1233
1243
1225
1199
704
968
902
708
658
658
726
775
804
808
765
764
761
759
758
758
756
749
741
742
740
735
727
717
708
700
693
685
676
667
659
651
645
638
631
624
617
609
602
596
592
586
580
572
566
560
555
534
528
523
521
515
510
437
436
435
461
422
429
427
426
422
417
411
407
405
404
402
377
380
377
375
385
387
387
435
436
434
432
390
389
389
387
384
380
376
369
364
362
361
361
368
354
351
348
345
342
356
362
371
369
340
337
334
331
328
326
324
324
322
329
326
316
321
319
317
307
305
303
304
302
292
290
288
283
281
279
277
275
262
272
0
0
0
0
1414
1311
1304
1257
1252
1247
1235
1230
1265
1209
1183
1212
1189
1165
1165
1167
1166
1165
1160
1161
1178
1192
1195
1186
1166
1036
970
898
703
658
669
721
801
822
822
813
777
761
759
758
757
755
748
741
739
738
734
726
717
708
700
692
684
674
664
655
648
642
634
625
618
611
604
597
592
590
585
579
573
566
561
555
534
528
523
523
515
510
437
436
435
463
459
426
421
421
419
415
410
407
405
404
402
392
382
377
376
385
387
387
416
437
435
433
431
389
388
387
386
384
381
374
367
363
362
360
356
356
353
349
346
343
355
362
365
365
340
337
334
332
329
0
326
324
322
320
319
316
314
320
318
308
306
303
296
294
292
290
288
283
281
279
277
276
274
272
0
0
0
0
1424
1311
1301
1253
1245
1234
1231
1235
1243
1261
1242
1205
1169
1147
1143
1141
1141
1143
1142
1149
1165
1171
1174
1168
1155
1034
959
875
818
723
723
723
797
825
773
772
772
764
758
759
758
756
749
744
742
739
733
725
716
706
699
691
681
671
660
651
642
634
626
614
607
602
597
592
589
587
567
577
572
609
564
558
534
528
529
523
518
441
438
436
434
480
460
420
416
415
414
411
409
406
405
403
400
393
382
378
378
385
387
386
381
381
422
434
432
416
412
387
386
385
383
379
372
365
362
358
354
353
354
351
348
345
354
363
365
353
341
338
335
332
329
475
320
317
315
320
319
316
314
314
319
308
306
304
296
294
292
290
286
283
281
279
277
275
274
272
0
0
0
0
1434
1317
1306
1256
1247
1235
1230
1233
1239
1242
1227
1189
1153
1133
1126
1124
1125
1126
1126
1140
1160
1167
1176
1176
1162
1112
946
840
826
724
724
724
826
777
770
783
767
756
757
759
758
756
750
746
744
740
733
724
714
704
696
688
678
667
656
646
637
629
620
612
604
596
590
583
577
572
567
576
570
611
563
558
555
544
529
523
518
442
438
436
433
428
428
416
415
412
410
408
406
404
402
400
397
392
384
381
381
385
386
383
381
381
414
397
395
392
390
401
399
385
382
380
372
364
359
355
351
351
353
355
349
346
353
374
362
355
352
338
336
333
330
322
320
317
315
313
325
316
314
310
307
305
299
297
295
293
290
288
286
283
281
279
277
275
273
267
265
264
0
0
0
1323
1312
1265
1255
1241
1233
1232
1237
1240
1221
1178
1142
1126
1117
1116
1120
1119
1118
1133
1156
1165
1169
1175
1169
1104
934
841
856
821
806
806
777
771
764
777
762
754
753
756
756
755
749
746
744
739
731
722
711
701
694
686
674
662
652
643
636
627
618
610
603
595
589
581
575
570
564
558
544
495
495
495
557
534
534
524
518
438
437
435
430
428
427
414
418
411
408
405
403
401
399
397
395
391
387
384
382
382
382
380
381
380
376
398
395
393
390
402
399
397
395
392
369
363
360
354
351
352
353
355
356
361
377
375
362
356
354
351
336
333
346
322
320
318
315
313
311
323
314
310
308
305
299
297
295
292
289
287
285
283
281
279
276
274
268
266
265
263
262
0
1408
1330
1318
1280
1269
1253
1242
1238
1237
1240
1222
1181
1145
1125
1116
1115
1118
1114
1111
1129
1152
1160
1162
1157
1145
1111
756
741
854
815
800
736
764
765
769
763
757
752
751
752
754
755
751
745
741
736
728
718
709
699
690
682
670
660
650
642
636
626
615
609
603
595
586
578
573
569
563
558
543
495
495
495
558
534
534
524
519
514
509
429
429
428
427
414
412
409
406
401
398
396
393
391
389
387
384
379
374
373
375
378
379
377
376
373
396
393
391
402
400
397
394
392
364
363
360
352
350
351
352
352
363
360
358
386
363
360
355
353
350
348
347
323
320
318
316
313
311
322
314
303
301
298
296
297
294
292
289
287
285
283
281
279
276
274
265
264
262
261
261
0
1415
1405
1324
1300
1289
1269
1252
1242
1232
1229
1216
1185
1150
1127
1119
1114
1113
1111
1109
1129
1148
1156
1157
1152
1139
1108
751
736
820
793
781
770
757
755
756
755
754
753
753
754
757
759
756
745
738
733
725
714
705
694
686
678
668
658
649
642
637
629
617
610
603
595
587
576
572
569
563
558
542
536
542
537
560
543
537
524
519
514
509
504
490
486
481
493
453
449
399
395
392
387
384
382
381
381
378
369
366
367
370
377
377
376
374
372
371
394
391
406
399
396
394
391
388
386
362
362
350
350
350
365
362
359
357
376
384
345
342
340
354
351
348
323
321
318
316
314
312
324
321
303
300
298
296
294
294
292
289
286
284
282
280
271
269
265
264
262
261
260
259
257
1422
1412
1402
1319
1308
1285
1261
1244
1233
1226
1210
1182
1149
1127
1115
1103
1107
1112
1110
1128
1147
1154
1155
1149
1136
1103
746
732
787
766
757
752
748
748
750
751
752
747
736
718
746
758
753
747
735
730
722
710
698
688
682
675
667
657
649
643
637
629
620
612
604
596
586
578
574
569
563
558
552
548
542
536
564
563
537
524
519
502
502
503
503
504
498
493
480
449
445
390
387
381
379
378
377
377
363
363
364
365
367
376
376
375
372
371
368
365
364
364
363
375
393
391
388
385
362
362
362
369
367
364
361
358
356
377
376
344
342
340
338
352
349
346
321
318
316
314
312
317
315
302
300
298
296
294
294
279
288
286
284
282
280
270
268
264
263
261
260
259
258
256
0
1418
1359
1331
1322
1304
1283
1263
1246
1230
1205
1174
1142
1124
1106
1096
1108
1117
1113
1124
1146
1151
1153
1147
1131
1089
741
792
778
758
748
744
744
746
748
749
696
701
709
716
726
741
750
744
737
725
720
705
691
683
678
674
666
655
648
643
637
630
622
613
605
595
586
579
574
571
563
557
552
548
542
465
465
465
534
529
524
502
502
503
503
476
462
475
474
450
446
451
447
376
376
375
461
421
362
362
363
364
366
375
375
373
372
371
367
365
364
363
363
374
393
390
387
385
362
362
362
368
366
363
360
357
355
378
389
344
342
340
337
335
350
347
321
319
316
314
312
318
316
302
300
298
296
283
281
278
276
286
284
273
271
269
266
263
262
260
259
258
257
255
0
0
1359
1333
1328
1318
1303
1281
1257
1233
1200
1164
1136
1120
1105
1099
1110
1119
1120
1129
1145
1149
1150
1143
1125
1070
737
788
773
754
745
741
741
743
720
717
711
708
707
709
713
724
738
748
740
722
710
695
684
678
675
671
663
653
648
643
637
630
622
613
603
593
585
580
576
572
568
566
556
548
542
510
507
505
504
528
523
502
502
502
483
476
462
458
474
474
461
441
436
444
441
438
460
421
361
361
363
364
367
374
374
373
371
370
367
365
365
363
363
374
392
390
387
382
379
377
370
367
365
362
359
357
344
342
339
344
342
328
327
325
352
350
348
347
317
314
312
318
317
302
300
298
296
282
280
277
275
285
283
272
270
268
266
262
261
259
258
256
256
254
0
0
1350
1330
1328
1325
1315
1293
1262
1232
1195
1155
1130
1119
1109
1105
1118
1122
1125
1136
1145
1149
1149
1140
1123
1073
732
787
773
753
744
739
739
715
713
710
711
709
706
704
706
716
728
740
722
713
695
684
677
674
671
666
659
651
647
642
636
629
621
612
603
595
589
585
580
574
569
566
556
542
537
510
509
508
508
528
523
503
503
503
483
466
462
457
453
474
470
459
448
445
442
438
458
421
418
416
365
365
370
374
374
372
371
371
368
365
379
377
375
403
368
366
363
361
379
376
369
366
348
346
358
356
343
341
339
336
342
328
326
325
352
350
348
347
377
375
374
319
317
302
300
298
296
281
279
276
274
285
283
272
270
268
266
261
260
258
257
256
254
253
0
0
1343
1328
1328
1330
1327
1305
1269
1230
1189
1149
1126
1118
1110
1114
1130
1127
1125
1138
1148
1152
1152
1142
1125
1087
861
789
776
754
744
738
737
695
691
711
709
707
703
701
699
703
696
693
691
709
687
676
672
669
662
657
654
649
645
640
634
628
621
611
602
597
593
588
583
576
572
568
547
542
537
532
543
531
515
527
522
501
501
487
483
478
461
457
453
473
471
467
465
445
442
429
426
421
418
416
446
444
374
374
373
372
371
371
370
382
379
377
374
372
367
365
363
360
378
365
363
350
347
345
343
355
343
340
338
335
341
339
326
324
383
312
310
0
377
375
373
356
302
302
300
298
286
280
274
276
273
284
282
271
269
267
265
260
259
257
256
255
254
252
0
1352
1337
1322
1329
1332
1331
1309
1268
1220
1175
1139
1121
1115
1111
1124
1139
1134
1132
1145
1155
1160
1160
1148
1130
1093
866
794
782
725
715
736
696
692
687
708
707
704
701
697
693
692
691
688
686
704
690
665
657
650
644
637
647
639
640
633
630
627
622
616
599
595
593
589
583
577
571
567
563
542
537
544
543
538
531
527
522
515
499
487
482
478
461
457
453
472
472
468
464
460
453
429
426
423
420
448
410
407
405
434
393
384
381
379
376
374
372
376
374
372
367
364
362
360
367
365
351
349
346
344
342
340
342
339
337
334
341
339
328
326
314
311
309
0
394
374
368
303
302
301
300
286
284
276
274
272
270
0
0
271
269
267
265
262
258
256
255
254
253
256
0
1345
1330
1316
1325
1321
1313
1288
1248
1202
1163
1130
1117
1116
1119
1136
1148
1145
1146
1157
1168
1174
1172
1157
1137
1095
865
802
795
720
710
699
692
688
684
698
703
701
697
692
688
687
686
683
681
690
668
662
652
645
639
642
637
632
628
626
617
611
623
610
594
592
591
587
582
576
570
566
562
555
548
545
542
511
531
526
521
515
509
505
482
478
474
457
463
459
455
467
464
461
455
428
425
422
420
413
410
407
404
433
392
390
381
378
376
374
372
376
373
371
369
364
361
357
366
364
350
348
346
343
341
339
341
333
331
334
344
329
327
325
313
311
309
0
0
393
369
302
301
300
299
284
282
276
273
271
269
0
0
270
268
266
264
261
260
258
256
255
253
256
0
1339
1324
1310
1313
1295
1276
1249
1218
1191
1162
1126
1118
1121
1131
1146
1156
1155
1158
1167
1178
1185
1180
1164
1138
1053
871
821
816
716
740
698
689
685
681
698
699
697
693
689
686
684
684
685
685
683
664
658
647
641
634
637
627
623
622
621
614
623
621
594
594
592
589
587
582
576
570
566
559
541
536
520
515
510
505
526
521
515
510
505
482
477
473
466
462
459
455
468
463
460
457
421
425
422
419
412
409
406
404
401
392
389
387
384
376
374
371
375
373
371
368
375
359
357
355
363
350
347
345
343
340
338
358
333
330
327
325
323
327
325
323
310
308
0
0
349
349
301
300
299
298
283
281
275
273
271
269
219
217
270
268
266
264
261
259
258
256
254
253
256
confidence
0.09803922
-0.32941177
-0.2
-0.14901961
-0.003921569
-0.003921569
-0.003921569
-0.003921569
-0.003921569
-0.003921569
-0.003921569
-0.003921569
-0.003921569
-0.003921569
-0.003921569
-0.003921569
-0.003921569
-0.003921569
-0.03529412
0.45490196
0.12156863
-0.003921569
-0.003921569
-0.003921569
-0.003921569
-0.003921569
-0.003921569
-0.003921569
-0.003921569
0.11764706
-0.4509804
0.49019608
0.42352942
0.1882353
0.05882353
0.043137256
-0.48235294
-0.05882353
-0.003921569
-0.003921569
-0.003921569
-0.003921569
-0.003921569
-0.003921569
-0.003921569
-0.003921569
-0.003921569
-0.003921569
-0.003921569
-0.09411765
0.003921569
-0.003921569
-0.003921569
-0.003921569
-0.003921569
-0.003921569
-0.003921569
-0.003921569
-0.003921569
-0.003921569
-0.003921569
-0.003921569
-0.003921569
-0.003921569
-0.050980393
0.13333334
0.21960784
0.3882353
0.0
0.09803922
0.03137255
0.09803922
0.09803922
0.09803922
0.09803922
0.09803922
0.09803922
0.09803922
0.0
0.09803922
0.09803922
0.09803922
-0.003921569
0.09803922
0.03137255
0.14509805
-0.003921569
-0.003921569
-0.003921569
-0.003921569
-0.003921569
-0.003921569
-0.003921569
-0.003921569
-0.003921569
-0.003921569
-0.003921569
-0.003921569
-0.003921569
-0.003921569
-0.003921569
-0.003921569
-0.003921569
-0.003921569
-0.003921569
-0.003921569
-0.003921569
-0.003921569
-0.003921569
-0.003921569
-0.003921569
-0.003921569
-0.003921569
-0.003921569
-0.003921569
-0.003921569
-0.003921569
-0.003921569
-0.003921569
-0.003921569
-0.003921569
-0.003921569
-0.003921569
-0.003921569
-0.003921569
-0.003921569
-0.003921569
-0.003921569
-0.003921569
-0.003921569
-0.003921569
-0.003921569
-0.25882354
-0.46666667
-0.003921569
-0.003921569
-0.003921569
0.09803922
0.09803922
-0.003921569
0.039215688
-0.015686275
-0.003921569
-0.003921569
-0.003921569
0.0
0.0
0.0
0.36862746
0.0627451
0.0627451
0.0627451
0.0627451
0.0627451
-0.36862746
-0.36862746
0.0
0.0
0.0
0.0
0.09803922
-0.33333334
-0.13333334
-0.0627451
-0.003921569
-0.003921569
-0.003921569
-0.003921569
-0.003921569
-0.003921569
-0.003921569
-0.003921569
-0.003921569
-0.003921569
-0.003921569
-0.003921569
-0.003921569
-0.003921569
-0.21960784
-0.2
-0.3254902
-0.003921569
-0.003921569
-0.003921569
-0.003921569
-0.003921569
-0.003921569
-0.003921569
-0.003921569
0.08627451
0.46666667
0.48235294
0.36078432
0.0
0.0
0.22352941
-0.16862746
-0.003921569
-0.003921569
-0.003921569
-0.003921569
-0.003921569
-0.003921569
-0.003921569
-0.003921569
-0.003921569
-0.003921569
-0.003921569
-0.003921569
-0.105882354
0.4509804
-0.003921569
-0.003921569
-0.003921569
-0.003921569
-0.003921569
-0.003921569
-0.003921569
-0.003921569
-0.003921569
-0.003921569
-0.003921569
-0.003921569
-0.007843138
-0.4392157
0.02745098
0.003921569
0.007843138
0.047058824
0.08235294
0.09803922
0.09803922
0.09803922
0.09803922
0.09803922
0.09803922
0.09803922
0.09803922
0.09803922
0.09803922
-0.003921569
0.09803922
0.09803922
-0.003921569
0.015686275
0.09803922
0.19215687
-0.003921569
-0.003921569
-0.003921569
-0.003921569
-0.003921569
-0.003921569
-0.003921569
-0.003921569
-0.003921569
-0.003921569
-0.003921569
-0.003921569
-0.003921569
-0.003921569
-0.003921569
-0.003921569
-0.003921569
-0.003921569
-0.003921569
-0.003921569
-0.003921569
-0.003921569
-0.003921569
-0.003921569
-0.003921569
-0.003921569
-0.003921569
-0.003921569
-0.003921569
-0.003921569
-0.003921569
-0.003921569
-0.003921569
-0.003921569
-0.003921569
-0.003921569
-0.003921569
-0.003921569
-0.003921569
-0.003921569
-0.003921569
-0.003921569
-0.003921569
-0.003921569
-0.003921569
-0.003921569
-0.003921569
-0.003921569
-0.003921569
-0.1882353
-0.003921569
-0.003921569
0.42745098
0.039215688
0.039215688
0.039215688
0.039215688
0.039215688
0.039215688
0.0
0.0
0.0
0.0
0.0627451
0.0627451
0.0627451
0.02745098
0.007843138
0.0
0.0
0.0
0.0
0.0
-0.003921569
-0.32941177
-0.08235294
-0.015686275
-0.003921569
-0.003921569
-0.003921569
-0.003921569
-0.003921569
-0.003921569
-0.003921569
-0.003921569
-0.003921569
-0.003921569
-0.003921569
-0.003921569
-0.003921569
-0.2
0.08627451
-0.33333334
-0.003921569
-0.003921569
-0.003921569
-0.003921569
-0.35686275
-0.003921569
-0.003921569
-0.003921569
-0.003921569
-0.42352942
0.08235294
0.28627452
0.11764706
0.023529412
0.003921569
0.007843138
0.003921569
-0.003921569
-0.003921569
-0.003921569
-0.003921569
-0.003921569
-0.003921569
-0.003921569
-0.003921569
-0.003921569
-0.003921569
-0.003921569
-0.003921569
-0.16078432
0.4392157
-0.003921569
-0.003921569
-0.003921569
-0.003921569
-0.003921569
-0.003921569
-0.003921569
-0.003921569
-0.003921569
-0.003921569
-0.003921569
-0.1764706
-0.44313726
0.0
0.09803922
0.039215688
0.08235294
-0.003921569
-0.003921569
0.09803922
0.09803922
0.09803922
0.09803922
0.09803922
0.09803922
0.09803922
0.09803922
0.09803922
0.09803922
0.09803922
0.09803922
0.09803922
0.0
0.0
0.015686275
0.09803922
-0.003921569
-0.003921569
-0.003921569
-0.003921569
-0.003921569
-0.003921569
-0.003921569
-0.003921569
-0.003921569
-0.003921569
-0.003921569
-0.003921569
-0.003921569
-0.003921569
-0.003921569
-0.003921569
-0.003921569
-0.003921569
-0.003921569
-0.003921569
-0.003921569
-0.003921569
-0.003921569
-0.003921569
-0.003921569
-0.003921569
-0.003921569
-0.003921569
-0.003921569
-0.003921569
-0.003921569
-0.003921569
-0.003921569
-0.003921569
-0.003921569
-0.003921569
-0.003921569
-0.003921569
-0.003921569
-0.003921569
-0.003921569
-0.003921569
-0.003921569
-0.003921569
-0.003921569
-0.003921569
-0.003921569
-0.003921569
-0.003921569
-0.003921569
-0.08627451
-0.003921569
-0.003921569
0.42745098
0.42745098
0.039215688
0.039215688
0.039215688
0.039215688
0.0
-0.43529412
0.0
0.0
0.21960784
0.13333334
0.08235294
0.02745098
0.007843138
0.0
0.0
0.0
0.0
0.0
-0.003921569
-0.34509805
-0.11372549
-0.105882354
-0.047058824
-0.003921569
-0.003921569
-0.003921569
-0.003921569
-0.003921569
-0.003921569
-0.003921569
-0.003921569
-0.003921569
-0.003921569
-0.003921569
-0.003921569
-0.13333334
0.49803922
-0.007843138
-0.003921569
-0.003921569
-0.003921569
-0.050980393
-0.14509805
-0.003921569
-0.003921569
-0.003921569
0.41568628
-0.19215687
0.27450982
0.09803922
0.28235295
0.36862746
0.20784314
0.41568628
0.19215687
-0.003921569
-0.003921569
-0.003921569
-0.003921569
-0.003921569
-0.003921569
-0.003921569
-0.003921569
-0.003921569
-0.003921569
-0.003921569
-0.003921569
-0.0627451
0.14509805
0.20784314
-0.003921569
-0.003921569
-0.003921569
-0.003921569
-0.003921569
-0.003921569
-0.003921569
-0.003921569
-0.12941177
-0.30980393
0.4862745
0.32156864
0.0
0.047058824
-0.003921569
-0.003921569
-0.003921569
-0.003921569
0.09803922
0.09803922
0.09803922
0.09803922
0.09803922
0.09803922
0.09803922
0.09803922
0.09803922
0.09803922
0.09803922
-0.003921569
0.09803922
0.0
0.0
0.0
0.03137255
0.09803922
-0.003921569
-0.003921569
-0.003921569
-0.003921569
-0.003921569
-0.003921569
-0.003921569
-0.003921569
-0.003921569
-0.003921569
-0.003921569
-0.003921569
-0.003921569
-0.003921569
-0.003921569
-0.003921569
-0.003921569
-0.003921569
-0.003921569
-0.003921569
-0.003921569
-0.003921569
-0.003921569
-0.003921569
-0.003921569
-0.003921569
-0.003921569
-0.003921569
-0.003921569
-0.003921569
-0.003921569
-0.003921569
-0.003921569
-0.003921569
-0.003921569
-0.003921569
-0.003921569
-0.003921569
-0.003921569
-0.003921569
-0.003921569
-0.003921569
-0.003921569
-0.003921569
-0.003921569
-0.003921569
-0.003921569
-0.003921569
-0.003921569
-0.003921569
-0.003921569
-0.003921569
-0.23137255
0.039215688
0.039215688
-0.29803923
-0.34509805
0.039215688
0.0
0.09411765
0.050980393
0.14901961
0.15294118
0.10980392
0.0
0.003921569
0.0
0.0
0.0
0.0
0.0
0.0
0.09803922
-0.44705883
-0.27058825
-0.3019608
-0.27450982
-0.1254902
-0.03137255
-0.003921569
-0.003921569
-0.003921569
-0.003921569
0.3372549
-0.3254902
-0.003921569
-0.003921569
-0.003921569
-0.003921569
-0.42745098
-0.003921569
-0.003921569
-0.003921569
-0.003921569
-0.039215688
-0.003921569
-0.003921569
-0.003921569
-0.003921569
-0.003921569
-0.20392157
0.38431373
0.03529412
-0.30980393
0.44705883
-0.22352941
-0.003921569
-0.15294118
-0.2627451
-0.003921569
-0.003921569
-0.003921569
-0.003921569
-0.003921569
-0.003921569
-0.003921569
-0.003921569
-0.003921569
-0.003921569
-0.003921569
-0.003921569
-0.023529412
0.13725491
0.25882354
-0.003921569
-0.003921569
-0.003921569
-0.003921569
-0.003921569
-0.003921569
-0.003921569
-0.20392157
-0.40784314
0.43529412
0.28627452
0.03137255
-0.17254902
-0.003921569
-0.003921569
-0.003921569
-0.003921569
0.09803922
0.09803922
0.09803922
0.09803922
0.09803922
0.09803922
0.09803922
0.09803922
0.09803922
0.09803922
0.09803922
0.09803922
0.09803922
0.09803922
0.0
0.0
0.0
0.007843138
0.07058824
0.09803922
-0.003921569
-0.003921569
-0.003921569
-0.003921569
-0.003921569
-0.003921569
-0.003921569
-0.003921569
-0.003921569
-0.003921569
-0.003921569
-0.003921569
-0.003921569
-0.003921569
-0.003921569
-0.003921569
-0.003921569
-0.003921569
-0.003921569
-0.003921569
-0.003921569
-0.003921569
-0.003921569
-0.003921569
-0.003921569
-0.003921569
-0.003921569
-0.003921569
-0.003921569
-0.003921569
-0.003921569
-0.003921569
-0.003921569
-0.003921569
-0.003921569
-0.003921569
-0.003921569
-0.003921569
-0.003921569
-0.003921569
-0.003921569
-0.003921569
-0.003921569
-0.003921569
-0.003921569
-0.003921569
-0.003921569
-0.003921569
-0.003921569
-0.003921569
-0.003921569
-0.003921569
-0.003921569
-0.023529412
-0.003921569
-0.25882354
-0.4
0.09411765
0.09803922
-0.003921569
-0.003921569
0.02745098
0.02745098
0.0
0.0
0.0
0.0
0.0
0.0
0.0
0.0
0.09803922
0.38039216
-0.4862745
-0.45882353
-0.3137255
-0.0627451
0.25490198
-0.003921569
-0.003921569
-0.003921569
-0.003921569
-0.003921569
-0.003921569
-0.003921569
-0.003921569
-0.003921569
-0.003921569
-0.29411766
0.09411765
-0.003921569
-0.003921569
-0.003921569
-0.003921569
-0.003921569
-0.003921569
-0.003921569
-0.003921569
-0.003921569
-0.26666668
0.25490198
0.29411766
-0.3372549
0.32156864
-0.3137255
-0.003921569
0.09803922
-0.09803922
-0.003921569
-0.003921569
-0.003921569
-0.003921569
-0.003921569
-0.003921569
-0.003921569
-0.003921569
-0.003921569
-0.003921569
-0.003921569
-0.003921569
0.08235294
0.11764706
0.14117648
-0.003921569
-0.003921569
-0.003921569
-0.003921569
-0.003921569
-0.003921569
-0.14509805
0.20392157
0.22352941
0.09803922
0.043137256
-0.003921569
-0.003921569
-0.003921569
-0.003921569
-0.003921569
-0.003921569
0.15686275
0.09803922
0.0
0.0
0.0
0.0
0.0
0.0
0.0
0.09803922
0.09803922
0.09803922
0.09803922
0.09803922
0.09803922
0.09803922
0.0
0.0
0.03529412
0.09803922
-0.003921569
-0.003921569
-0.003921569
-0.003921569
-0.003921569
-0.003921569
-0.003921569
-0.003921569
-0.003921569
-0.003921569
-0.003921569
-0.003921569
-0.003921569
-0.003921569
-0.003921569
-0.003921569
-0.003921569
-0.003921569
-0.003921569
-0.003921569
-0.003921569
-0.003921569
-0.003921569
-0.003921569
-0.003921569
-0.003921569
-0.003921569
-0.003921569
-0.003921569
-0.003921569
-0.003921569
-0.003921569
-0.003921569
-0.003921569
-0.003921569
-0.003921569
-0.003921569
-0.003921569
-0.003921569
-0.003921569
-0.003921569
-0.003921569
-0.003921569
-0.003921569
-0.003921569
-0.003921569
-0.003921569
-0.003921569
-0.003921569
-0.003921569
-0.003921569
-0.003921569
-0.003921569
-0.003921569
-0.10980392
-0.22352941
-0.22352941
0.09411765
0.09803922
0.09803922
0.09803922
0.09803922
0.09803922
0.09803922
0.09803922
0.0
0.0
0.0
0.0
0.0
0.0
0.36862746
0.36862746
0.38039216
0.4862745
-0.34117648
-0.11764706
-0.003921569
-0.003921569
-0.003921569
-0.003921569
-0.003921569
-0.003921569
-0.003921569
-0.003921569
-0.003921569
-0.003921569
-0.003921569
-0.4745098
0.07450981
-0.003921569
-0.003921569
-0.003921569
-0.003921569
-0.003921569
-0.003921569
-0.003921569
-0.003921569
-0.003921569
-0.4627451
0.24313726
0.21568628
-0.21568628
-0.05882353
0.38039216
-0.27450982
-0.047058824
-0.10980392
-0.003921569
-0.003921569
-0.003921569
-0.003921569
-0.003921569
-0.003921569
-0.003921569
-0.003921569
-0.003921569
-0.003921569
-0.003921569
-0.003921569
0.42352942
0.49019608
-0.28627452
-0.003921569
-0.003921569
0.0
0.047058824
0.06666667
-0.23137255
0.019607844
0.023529412
0.02745098
0.078431375
-0.003921569
-0.003921569
-0.003921569
-0.003921569
-0.003921569
-0.003921569
-0.003921569
0.08627451
0.0
0.0
0.0
0.0
0.0
0.0
0.0
0.0
0.0
0.0
0.0
0.09803922
0.09803922
0.09803922
0.09803922
0.0
0.0
0.003921569
0.09803922
0.09803922
-0.003921569
-0.003921569
-0.003921569
-0.003921569
-0.003921569
-0.003921569
-0.003921569
-0.003921569
-0.003921569
-0.003921569
-0.003921569
-0.003921569
-0.003921569
-0.003921569
-0.003921569
-0.003921569
-0.003921569
-0.003921569
-0.003921569
-0.003921569
-0.003921569
-0.003921569
-0.003921569
-0.003921569
-0.003921569
-0.003921569
-0.003921569
-0.003921569
-0.003921569
-0.003921569
-0.003921569
-0.003921569
-0.003921569
-0.003921569
-0.003921569
-0.003921569
-0.003921569
-0.003921569
-0.003921569
-0.003921569
-0.003921569
-0.003921569
-0.003921569
-0.003921569
-0.003921569
-0.003921569
-0.003921569
-0.003921569
-0.003921569
-0.003921569
-0.003921569
-0.003921569
-0.07450981
-0.23921569
-0.2901961
-0.23529412
0.047058824
0.047058824
0.05882353
-0.003921569
-0.003921569
0.09803922
0.09803922
0.09803922
0.09803922
0.0
0.0
0.0
0.0
0.0
0.36862746
0.36862746
0.34901962
0.43137255
-0.45490196
-0.27058825
-0.08627451
-0.003921569
-0.003921569
-0.003921569
-0.003921569
-0.003921569
-0.003921569
-0.003921569
-0.003921569
-0.003921569
0.49019608
-0.44705883
0.105882354
-0.003921569
-0.003921569
-0.003921569
-0.003921569
-0.003921569
-0.003921569
-0.003921569
-0.003921569
-0.003921569
-0.21176471
-0.4862745
0.4862745
-0.19215687
-0.003921569
-0.4392157
0.4392157
-0.48235294
-0.07450981
-0.003921569
-0.003921569
-0.003921569
-0.003921569
-0.003921569
-0.003921569
-0.003921569
-0.003921569
-0.003921569
-0.003921569
-0.003921569
-0.003921569
0.05490196
-0.003921569
-0.003921569
-0.003921569
-0.003921569
0.039215688
0.09019608
0.18431373
0.078431375
0.007843138
0.019607844
0.105882354
-0.003921569
-0.003921569
-0.003921569
-0.003921569
-0.003921569
-0.003921569
-0.003921569
-0.003921569
0.09803922
0.0
0.0
0.0
0.003921569
0.0
0.0
0.0
0.0
0.0
0.0
0.0
0.09803922
0.09803922
0.09803922
0.09803922
0.0
0.0
0.0
0.09803922
0.09803922
-0.003921569
-0.003921569
-0.003921569
-0.003921569
-0.003921569
-0.003921569
-0.003921569
-0.003921569
-0.003921569
-0.003921569
-0.003921569
-0.003921569
-0.003921569
-0.003921569
-0.003921569
-0.003921569
-0.003921569
-0.003921569
-0.003921569
-0.003921569
-0.003921569
-0.003921569
-0.003921569
-0.003921569
-0.003921569
-0.003921569
-0.003921569
-0.003921569
-0.003921569
-0.003921569
-0.003921569
-0.003921569
-0.003921569
-0.003921569
-0.003921569
-0.003921569
-0.003921569
-0.003921569
-0.003921569
-0.003921569
-0.003921569
-0.003921569
-0.003921569
-0.003921569
-0.003921569
-0.003921569
-0.003921569
-0.003921569
-0.003921569
-0.003921569
-0.003921569
-0.003921569
-0.15686275
-0.26666668
-0.24705882
-0.17254902
0.09803922
0.09803922
0.09803922
0.09803922
0.09803922
-0.003921569
-0.003921569
0.09803922
0.09803922
0.09803922
0.08235294
0.0
0.0
0.0
0.36862746
0.36862746
0.4117647
0.43529412
-0.49019608
-0.30980393
-0.23137255
-0.20784314
-0.09411765
-0.003921569
-0.003921569
-0.003921569
-0.003921569
-0.003921569
-0.003921569
-0.003921569
-0.32941177
-0.011764706
-0.003921569
-0.003921569
-0.003921569
-0.003921569
-0.003921569
-0.003921569
-0.003921569
-0.003921569
-0.003921569
-0.003921569
-0.003921569
-0.003921569
-0.007843138
-0.17254902
-0.1764706
0.41568628
0.09803922
0.23921569
0.03529412
-0.003921569
-0.44313726
0.015686275
0.08235294
-0.003921569
-0.003921569
-0.003921569
0.12156863
0.21176471
-0.003921569
-0.003921569
-0.003921569
-0.003921569
-0.003921569
-0.003921569
-0.003921569
-0.003921569
-0.003921569
0.039215688
0.16078432
0.19215687
-0.4509804
0.101960786
-0.003921569
-0.003921569
-0.003921569
-0.003921569
-0.003921569
-0.003921569
-0.003921569
-0.003921569
-0.003921569
0.09803922
0.0
0.0
0.003921569
0.003921569
0.0
0.0
0.0
0.0
0.0
0.0
0.0
0.09803922
0.09803922
-0.003921569
0.09803922
0.09803922
0.09803922
0.0
0.043137256
0.09803922
-0.003921569
-0.003921569
-0.003921569
-0.003921569
-0.003921569
-0.003921569
-0.003921569
-0.003921569
-0.003921569
-0.003921569
-0.003921569
-0.003921569
-0.003921569
-0.003921569
-0.003921569
-0.003921569
-0.003921569
-0.003921569
-0.003921569
-0.003921569
-0.003921569
-0.003921569
-0.003921569
-0.003921569
-0.003921569
-0.003921569
-0.003921569
-0.003921569
-0.003921569
-0.003921569
-0.003921569
-0.003921569
-0.003921569
-0.003921569
-0.003921569
-0.003921569
-0.003921569
-0.003921569
-0.003921569
-0.003921569
-0.003921569
-0.003921569
-0.003921569
-0.003921569
-0.003921569
-0.003921569
-0.003921569
-0.003921569
-0.003921569
-0.003921569
-0.043137256
-0.45490196
-0.3137255
-0.15686275
-0.078431375
-0.015686275
0.09803922
0.09803922
0.09803922
0.09803922
0.09803922
0.09803922
0.09803922
-0.003921569
-0.003921569
0.09803922
0.08235294
0.08235294
0.0
0.0
0.03529412
0.03529412
-0.49803922
0.4745098
-0.49803922
-0.36078432
-0.30588236
-0.28235295
-0.22745098
-0.101960786
-0.003921569
-0.003921569
-0.003921569
-0.003921569
-0.003921569
-0.003921569
-0.003921569
-0.003921569
-0.003921569
-0.003921569
-0.003921569
-0.003921569
-0.003921569
-0.003921569
-0.003921569
-0.003921569
-0.003921569
-0.003921569
-0.003921569
-0.003921569
-0.003921569
-0.003921569
-0.003921569
-0.40784314
0.34901962
0.4509804
0.4627451
-0.4
0.007843138
0.07450981
0.047058824
0.050980393
-0.42745098
-0.10980392
0.011764706
-0.34117648
0.23529412
-0.003921569
-0.003921569
-0.007843138
-0.003921569
-0.003921569
-0.003921569
-0.003921569
-0.003921569
0.039215688
0.078431375
0.06666667
0.16470589
-0.003921569
-0.003921569
-0.003921569
-0.003921569
-0.003921569
-0.003921569
-0.003921569
-0.003921569
-0.003921569
-0.003921569
0.09803922
0.0
0.003921569
0.003921569
0.003921569
0.0
0.0
0.0
0.0
0.0
0.0
0.0
0.09803922
0.09803922
0.09803922
0.09803922
0.09803922
0.09803922
0.0
0.09803922
0.05490196
0.09803922
-0.003921569
-0.003921569
-0.003921569
-0.003921569
-0.003921569
-0.003921569
-0.003921569
-0.003921569
-0.003921569
-0.003921569
-0.003921569
-0.003921569
-0.003921569
-0.003921569
-0.003921569
-0.003921569
-0.003921569
-0.003921569
-0.003921569
-0.003921569
-0.003921569
-0.003921569
-0.003921569
-0.003921569
-0.003921569
-0.003921569
-0.003921569
-0.003921569
-0.003921569
-0.003921569
-0.003921569
-0.003921569
-0.003921569
-0.003921569
-0.003921569
-0.003921569
-0.003921569
-0.003921569
-0.003921569
-0.003921569
-0.003921569
-0.003921569
-0.003921569
-0.003921569
-0.003921569
-0.003921569
-0.003921569
-0.003921569
-0.003921569
-0.050980393
-0.38431373
-0.23921569
-0.09019608
-0.011764706
-0.003921569
0.07058824
0.09803922
0.09803922
0.09803922
0.09803922
0.09803922
0.09803922
0.09803922
0.09803922
-0.15294118
-0.15294118
-0.15294118
0.02745098
0.02745098
-0.40392157
0.30980393
-0.4627451
0.46666667
0.42745098
0.49803922
-0.4117647
-0.31764707
-0.20784314
-0.06666667
-0.003921569
-0.003921569
-0.003921569
-0.003921569
-0.003921569
-0.003921569
-0.003921569
-0.003921569
-0.003921569
-0.003921569
-0.003921569
-0.003921569
-0.003921569
-0.003921569
-0.003921569
-0.003921569
-0.003921569
-0.003921569
-0.011764706
-0.003921569
-0.003921569
-0.003921569
-0.12941177
-0.37254903
0.49019608
-0.41960785
0.38039216
0.23921569
0.03529412
0.011764706
0.015686275
0.47843137
-0.3529412
0.019607844
0.023529412
0.02745098
0.49803922
0.06666667
-0.36862746
-0.05882353
-0.003921569
-0.003921569
-0.003921569
-0.003921569
0.039215688
0.039215688
0.039215688
0.17254902
-0.003921569
-0.003921569
-0.003921569
-0.003921569
-0.003921569
-0.003921569
-0.003921569
-0.003921569
-0.003921569
-0.003921569
-0.003921569
0.09803922
0.0
0.0
0.0
0.0
0.0
0.0
0.0
0.0
0.0
0.0
0.0
0.09803922
0.09803922
0.09803922
0.09803922
0.09803922
0.09803922
0.09803922
0.0
0.09019608
0.09019608
-0.003921569
-0.003921569
-0.003921569
-0.003921569
-0.003921569
-0.003921569
-0.003921569
-0.003921569
-0.003921569
-0.003921569
-0.003921569
-0.003921569
-0.003921569
-0.003921569
-0.003921569
-0.003921569
-0.003921569
-0.003921569
-0.003921569
-0.003921569
-0.003921569
-0.003921569
-0.003921569
-0.003921569
-0.003921569
-0.003921569
-0.003921569
-0.003921569
-0.003921569
-0.003921569
-0.003921569
-0.003921569
-0.003921569
-0.003921569
-0.003921569
-0.003921569
-0.003921569
-0.003921569
-0.003921569
-0.003921569
-0.003921569
-0.003921569
-0.003921569
-0.003921569
-0.003921569
-0.003921569
-0.003921569
-0.003921569
-0.003921569
-0.11764706
-0.2627451
-0.31764707
-0.32156864
-0.23137255
-0.21960784
0.09803922
0.09803922
0.07058824
-0.003921569
-0.003921569
0.09803922
0.09803922
0.07058824
0.0
0.08235294
0.08235294
-0.15294118
0.30588236
0.02745098
-0.40392157
0.03529412
0.49803922
0.41568628
0.34509805
0.36862746
0.47058824
-0.39607844
-0.22352941
-0.039215688
-0.003921569
-0.003921569
-0.003921569
-0.003921569
-0.003921569
-0.003921569
-0.003921569
-0.003921569
-0.003921569
-0.003921569
-0.003921569
-0.003921569
-0.003921569
-0.003921569
-0.2
-0.24705882
-0.16470589
-0.09019608
0.015686275
0.4392157
0.4392157
-0.17254902
-0.45882353
0.42352942
0.45490196
-0.36862746
-0.3529412
-0.28235295
0.27058825
0.050980393
0.32156864
-0.08627451
-0.003921569
-0.16078432
-0.26666668
-0.4862745
0.015686275
0.23921569
0.43529412
-0.003921569
-0.003921569
-0.003921569
0.06666667
0.0
0.09803922
0.09803922
-0.003921569
-0.003921569
-0.003921569
-0.003921569
-0.003921569
-0.003921569
-0.003921569
-0.003921569
-0.003921569
-0.003921569
-0.003921569
-0.003921569
-0.003921569
0.02745098
0.0
0.003921569
0.0
0.0
0.0
0.0
0.0
0.0
0.0
0.0
0.0
0.0
0.09803922
0.0
0.0
0.0
0.0
0.0
0.003921569
0.14509805
0.078431375
-0.003921569
-0.003921569
-0.003921569
-0.003921569
-0.003921569
-0.003921569
-0.003921569
-0.003921569
-0.003921569
-0.003921569
-0.003921569
-0.003921569
-0.003921569
-0.003921569
-0.003921569
-0.003921569
-0.003921569
-0.003921569
-0.003921569
-0.003921569
-0.003921569
-0.003921569
-0.003921569
-0.003921569
-0.003921569
-0.003921569
-0.003921569
-0.003921569
-0.003921569
-0.003921569
-0.003921569
-0.003921569
-0.003921569
-0.003921569
-0.003921569
-0.003921569
-0.003921569
-0.003921569
-0.003921569
-0.003921569
-0.003921569
-0.003921569
-0.003921569
-0.003921569
-0.003921569
-0.003921569
-0.003921569
-0.13333334
-0.3882353
-0.5019608
0.42352942
0.36078432
0.32941177
0.37254903
0.42352942
-0.003921569
0.09803922
0.09803922
0.09803922
0.09803922
0.09803922
0.09803922
0.09803922
0.09803922
0.08235294
0.08235294
0.02745098
0.02745098
0.30588236
-0.40392157
0.3529412
0.39607844
0.3372549
0.29411766
0.3019608
0.39607844
-0.44705883
-0.29803923
-0.18431373
-0.078431375
-0.0627451
-0.24705882
-0.47058824
-0.4627451
-0.003921569
-0.003921569
-0.003921569
-0.003921569
-0.003921569
-0.003921569
-0.003921569
-0.1254902
0.3529412
-0.41568628
0.34117648
-0.46666667
-0.16470589
-0.09803922
-0.38431373
0.45882353
0.41960785
0.42352942
0.39215687
0.3882353
-0.4862745
-0.3137255
-0.22745098
-0.48235294
0.43137255
-0.36862746
-0.043137256
-0.003921569
-0.003921569
-0.003921569
-0.003921569
-0.28627452
-0.43137255
-0.28235295
-0.003921569
-0.003921569
-0.13333334
0.09803922
0.09803922
0.09803922
0.09803922
-0.003921569
-0.003921569
-0.003921569
-0.003921569
-0.003921569
-0.003921569
-0.003921569
-0.003921569
-0.003921569
-0.003921569
-0.003921569
-0.003921569
-0.003921569
0.023529412
0.0
0.003921569
0.003921569
0.0
0.0
0.0
0.0
0.0
0.0
0.0
0.0
0.0
0.09803922
0.0
0.0
0.0
0.0
0.0
0.0
0.0
0.0627451
0.16862746
-0.003921569
-0.003921569
-0.003921569
-0.003921569
-0.003921569
-0.003921569
-0.003921569
-0.003921569
-0.003921569
-0.003921569
-0.003921569
-0.003921569
-0.003921569
-0.003921569
-0.003921569
-0.003921569
-0.003921569
-0.003921569
-0.003921569
-0.003921569
-0.003921569
-0.003921569
-0.003921569
-0.003921569
-0.003921569
-0.003921569
-0.003921569
-0.003921569
-0.003921569
-0.003921569
-0.003921569
-0.003921569
-0.003921569
-0.003921569
-0.003921569
-0.003921569
-0.003921569
-0.003921569
-0.003921569
-0.003921569
-0.003921569
-0.003921569
-0.003921569
-0.003921569
-0.003921569
-0.02745098
-0.14901961
-0.34901962
-0.42352942
0.47843137
0.36078432
0.30980393
0.38039216
0.47058824
0.09803922
0.09803922
0.09803922
0.09803922
0.09803922
0.09803922
0.09803922
0.09803922
0.09803922
0.09803922
0.09803922
0.02745098
0.02745098
0.0
0.3529412
0.3529412
0.3529412
0.02745098
0.02745098
0.0
0.45490196
0.42352942
0.4862745
0.44313726
0.39215687
0.33333334
-0.3254902
-0.30980393
0.1882353
-0.003921569
-0.003921569
-0.17254902
-0.29411766
-0.0627451
-0.003921569
-0.13333334
-0.43137255
-0.35686275
-0.3254902
0.46666667
-0.47058824
-0.22745098
-0.35686275
0.47058824
0.3254902
0.3019608
0.42745098
0.4392157
-0.12156863
0.36862746
-0.41960785
-0.39607844
-0.35686275
-0.27450982
-0.34117648
-0.23137255
-0.003921569
-0.003921569
-0.003921569
-0.003921569
-0.003921569
-0.003921569
-0.003921569
-0.003921569
-0.18039216
0.09803922
0.09803922
0.03137255
-0.003921569
-0.003921569
-0.003921569
-0.003921569
-0.003921569
-0.003921569
-0.003921569
-0.003921569
-0.003921569
-0.003921569
-0.003921569
-0.003921569
-0.003921569
-0.003921569
-0.07058824
0.019607844
0.003921569
0.003921569
0.003921569
0.003921569
0.0
0.0
0.0
0.0
0.0
0.0
0.0
0.0
0.09803922
0.0
0.0
0.0
0.0
0.0
0.0
0.0
0.3764706
0.09803922
-0.003921569
-0.003921569
-0.003921569
-0.003921569
-0.003921569
-0.003921569
-0.003921569
-0.003921569
-0.003921569
-0.003921569
-0.003921569
-0.003921569
-0.003921569
-0.003921569
-0.003921569
-0.003921569
-0.003921569
-0.003921569
-0.003921569
-0.003921569
-0.003921569
-0.003921569
-0.003921569
-0.003921569
-0.003921569
-0.003921569
-0.003921569
-0.003921569
-0.003921569
-0.003921569
-0.003921569
-0.003921569
-0.003921569
-0.003921569
-0.003921569
-0.003921569
-0.003921569
-0.23529412
-0.14117648
-0.003921569
-0.003921569
-0.003921569
-0.003921569
-0.003921569
-0.003921569
-0.003921569
-0.003921569
-0.05882353
-0.20392157
-0.38431373
0.36862746
0.09803922
0.39607844
0.44705883
-0.003921569
-0.003921569
-0.003921569
-0.003921569
-0.003921569
-0.003921569
-0.003921569
-0.003921569
0.09803922
-0.003921569
-0.003921569
-0.003921569
0.0
0.0
-0.13333334
0.3529412
0.2784314
0.02745098
0.32941177
0.023529412
0.047058824
0.10980392
0.13333334
0.10980392
0.043137256
-0.34509805
-0.003921569
-0.003921569
-0.047058824
-0.003921569
-0.003921569
0.105882354
-0.36078432
-0.22745098
-0.019607844
-0.16470589
-0.2627451
-0.2509804
-0.34509805
-0.43137255
-0.27450982
-0.16078432
-0.3529412
-0.44313726
0.44705883
0.40392157
0.48235294
0.4745098
0.3529412
0.48235294
-0.34117648
-0.30980393
-0.22352941
-0.16470589
-0.18431373
-0.101960786
-0.003921569
-0.003921569
-0.003921569
-0.003921569
-0.003921569
-0.003921569
-0.003921569
-0.019607844
0.09803922
0.09803922
0.09803922
0.09803922
-0.003921569
-0.003921569
-0.003921569
-0.003921569
-0.003921569
-0.003921569
-0.003921569
-0.003921569
-0.003921569
-0.003921569
-0.003921569
-0.003921569
-0.003921569
-0.003921569
-0.14901961
0.09803922
0.003921569
0.007843138
0.007843138
0.003921569
0.0
0.0
0.0
0.0
0.0
0.0
0.0
0.0
0.0
0.0
0.0
0.0
0.0
0.0
0.0
0.0
-0.003921569
0.078431375
-0.003921569
-0.003921569
-0.003921569
-0.003921569
-0.003921569
-0.003921569
-0.003921569
-0.003921569
-0.003921569
-0.003921569
-0.003921569
-0.003921569
-0.003921569
-0.003921569
-0.003921569
-0.003921569
-0.003921569
-0.003921569
-0.003921569
-0.003921569
-0.003921569
-0.003921569
-0.003921569
-0.003921569
-0.003921569
-0.003921569
-0.003921569
-0.003921569
-0.003921569
-0.003921569
-0.003921569
-0.003921569
-0.003921569
-0.003921569
-0.003921569
-0.003921569
-0.003921569
-0.22745098
-0.3019608
-0.26666668
-0.11764706
-0.015686275
-0.003921569
-0.003921569
-0.003921569
-0.003921569
-0.003921569
-0.019607844
-0.21960784
-0.41568628
0.36078432
-0.003921569
0.2901961
0.30588236
-0.003921569
-0.003921569
-0.003921569
-0.003921569
0.09803922
0.09803922
0.09803922
0.09803922
0.09803922
0.09803922
0.09803922
0.09803922
0.0
0.0
-0.06666667
0.09411765
0.22352941
0.2784314
0.39607844
0.45490196
0.29803923
0.27450982
0.46666667
-0.32941177
-0.21176471
-0.003921569
-0.003921569
-0.003921569
-0.003921569
-0.003921569
-0.003921569
-0.21568628
-0.11764706
-0.007843138
-0.003921569
-0.003921569
-0.15294118
-0.29803923
-0.36078432
-0.29803923
-0.13725491
-0.0627451
-0.4
0.47058824
0.4
0.35686275
0.38431373
0.41568628
0.42745098
-0.46666667
-0.32941177
-0.23137255
-0.12156863
-0.003921569
-0.003921569
-0.003921569
-0.003921569
-0.003921569
-0.003921569
-0.003921569
-0.003921569
-0.003921569
-0.003921569
0.0627451
0.09803922
0.09803922
0.09803922
-0.003921569
-0.003921569
-0.003921569
-0.003921569
-0.003921569
-0.003921569
-0.003921569
-0.003921569
-0.003921569
-0.003921569
-0.003921569
-0.003921569
-0.003921569
-0.003921569
-0.003921569
-0.19607843
0.09803922
0.003921569
0.007843138
0.007843138
0.003921569
0.0
0.0
0.0
0.0
0.0
0.0
0.0
0.0
0.0
0.0
0.0
0.0
0.0
0.0
0.0
0.0
0.09803922
0.06666667
-0.003921569
-0.003921569
-0.003921569
-0.003921569
-0.003921569
-0.003921569
-0.003921569
-0.003921569
-0.003921569
-0.003921569
-0.003921569
-0.003921569
-0.003921569
-0.003921569
-0.003921569
-0.003921569
-0.003921569
-0.003921569
-0.003921569
-0.003921569
-0.003921569
-0.003921569
-0.003921569
-0.003921569
-0.003921569
-0.003921569
-0.003921569
-0.003921569
-0.003921569
-0.003921569
-0.003921569
-0.003921569
-0.003921569
-0.003921569
-0.003921569
-0.003921569
-0.003921569
-0.12941177
-0.31764707
-0.36862746
-0.34117648
-0.13725491
-0.043137256
-0.003921569
-0.003921569
-0.003921569
-0.003921569
-0.09019608
-0.3372549
0.47058824
0.3137255
-0.019607844
0.18039216
-0.003921569
-0.003921569
0.09803922
0.09803922
0.09803922
0.09803922
0.09803922
0.0
-0.003921569
-0.003921569
-0.003921569
0.09803922
0.09803922
0.0
0.0
-0.06666667
0.07058824
0.20392157
0.26666668
0.3764706
0.4627451
-0.4392157
-0.21176471
-0.003921569
-0.003921569
-0.003921569
0.0
0.18431373
-0.39215687
-0.003921569
-0.003921569
-0.003921569
-0.003921569
-0.10980392
-0.36862746
-0.003921569
-0.003921569
-0.003921569
-0.13725491
-0.16862746
-0.08627451
-0.10980392
-0.24705882
-0.4862745
0.45490196
0.3647059
0.36862746
-0.18039216
0.30980393
0.38039216
0.43137255
-0.44313726
-0.2509804
-0.02745098
-0.003921569
-0.003921569
-0.003921569
-0.003921569
-0.003921569
-0.003921569
-0.003921569
-0.003921569
-0.003921569
0.0
0.03137255
0.09803922
-0.25490198
-0.003921569
-0.003921569
-0.003921569
-0.003921569
-0.003921569
-0.003921569
-0.003921569
-0.003921569
-0.003921569
-0.003921569
-0.003921569
-0.003921569
-0.003921569
-0.003921569
-0.003921569
-0.003921569
-0.26666668
0.09803922
0.003921569
0.003921569
0.003921569
0.003921569
0.0
0.0
0.0
0.0
0.0
0.0
0.0
0.0
0.0
0.0
0.0
0.0
0.0
0.0
0.0
0.0
0.047058824
0.05490196
-0.003921569
-0.003921569
-0.003921569
-0.003921569
-0.003921569
-0.003921569
-0.003921569
-0.003921569
-0.003921569
-0.003921569
-0.003921569
-0.003921569
-0.003921569
-0.003921569
-0.003921569
-0.003921569
-0.003921569
-0.003921569
-0.003921569
-0.003921569
-0.003921569
-0.003921569
-0.003921569
-0.003921569
-0.003921569
-0.003921569
-0.003921569
-0.003921569
-0.003921569
-0.003921569
-0.003921569
-0.003921569
-0.003921569
-0.003921569
-0.003921569
-0.003921569
-0.003921569
-0.13725491
-0.33333334
-0.35686275
-0.30980393
-0.06666667
-0.08627451
-0.007843138
-0.003921569
-0.003921569
-0.03529412
-0.23137255
-0.49411765
0.32941177
-0.019607844
-0.019607844
-0.019607844
-0.003921569
-0.003921569
0.09803922
0.09803922
0.09803922
0.09803922
-0.003921569
-0.003921569
-0.003921569
-0.003921569
0.09803922
0.09803922
0.0
0.0
0.0
-0.06666667
0.0627451
0.21960784
0.2784314
0.3647059
0.47058824
-0.3764706
-0.0627451
-0.003921569
-0.003921569
-0.003921569
-0.1764706
0.16862746
0.0
-0.003921569
-0.003921569
-0.003921569
-0.003921569
-0.003921569
-0.003921569
-0.003921569
-0.003921569
-0.003921569
-0.003921569
-0.003921569
-0.003921569
-0.003921569
-0.13725491
-0.34901962
-0.46666667
0.38039216
0.36862746
0.36862746
0.36078432
0.47843137
-0.48235294
-0.35686275
-0.13333334
-0.003921569
-0.003921569
-0.003921569
-0.003921569
-0.003921569
-0.003921569
-0.003921569
-0.003921569
-0.003921569
-0.003921569
0.0
0.0
0.050980393
-0.003921569
-0.003921569
-0.003921569
-0.003921569
-0.003921569
-0.003921569
-0.003921569
-0.003921569
-0.003921569
-0.003921569
-0.003921569
-0.003921569
-0.003921569
-0.003921569
-0.003921569
-0.003921569
-0.003921569
-0.3372549
0.09803922
0.003921569
0.003921569
0.003921569
0.0
0.0
0.0
0.0
0.0
0.0
0.0
0.0
0.0
0.0
0.0
0.0
0.0
0.0
0.0
0.0
0.0
0.0
0.047058824
-0.003921569
-0.003921569
-0.003921569
-0.003921569
-0.003921569
-0.003921569
-0.003921569
-0.003921569
-0.003921569
-0.003921569
-0.003921569
-0.003921569
-0.003921569
-0.003921569
-0.003921569
-0.003921569
-0.003921569
-0.003921569
-0.003921569
-0.003921569
-0.003921569
-0.003921569
-0.003921569
-0.003921569
-0.003921569
-0.003921569
-0.003921569
-0.003921569
-0.003921569
-0.003921569
-0.003921569
-0.003921569
-0.003921569
-0.003921569
-0.003921569
-0.003921569
-0.09411765
-0.21176471
-0.30588236
-0.22745098
-0.078431375
-0.03137255
-0.13725491
-0.08235294
-0.05490196
-0.09803922
-0.20392157
-0.40784314
0.35686275
-0.003921569
-0.003921569
-0.003921569
-0.019607844
-0.003921569
-0.003921569
-0.003921569
-0.003921569
-0.003921569
-0.003921569
-0.003921569
-0.003921569
-0.003921569
-0.003921569
-0.16470589
-0.16470589
-0.16470589
0.0
0.0
0.09019608
0.09019608
-0.019607844
0.3529412
0.42745098
-0.4627451
-0.2784314
-0.007843138
-0.003921569
-0.003921569
-0.003921569
-0.3254902
0.09411765
0.0
-0.43137255
-0.003921569
-0.003921569
-0.003921569
-0.003921569
-0.003921569
-0.003921569
-0.003921569
-0.003921569
-0.003921569
-0.003921569
-0.003921569
-0.003921569
-0.003921569
-0.22745098
-0.3764706
0.35686275
0.36862746
0.3254902
0.48235294
-0.3254902
-0.21176471
-0.050980393
-0.003921569
-0.003921569
-0.003921569
-0.003921569
-0.003921569
-0.003921569
-0.003921569
-0.003921569
-0.003921569
-0.003921569
-0.003921569
0.007843138
0.03137255
0.15686275
-0.003921569
-0.003921569
-0.003921569
-0.003921569
-0.003921569
-0.003921569
-0.003921569
-0.003921569
-0.003921569
-0.003921569
-0.003921569
-0.003921569
-0.003921569
-0.003921569
-0.003921569
-0.003921569
-0.003921569
-0.34117648
0.011764706
0.003921569
0.003921569
0.003921569
0.0
0.0
0.0
0.0
0.0
0.0
0.0
0.0
0.0
0.0
0.0
0.0
0.0
0.0
0.0
0.0
0.0
0.02745098
0.039215688
-0.003921569
-0.003921569
-0.003921569
-0.003921569
-0.003921569
-0.003921569
-0.003921569
-0.003921569
-0.003921569
-0.003921569
-0.003921569
-0.003921569
-0.003921569
-0.003921569
-0.003921569
-0.003921569
-0.003921569
-0.003921569
-0.003921569
-0.003921569
-0.003921569
-0.003921569
-0.003921569
-0.003921569
-0.003921569
-0.003921569
-0.003921569
-0.003921569
-0.003921569
-0.003921569
-0.003921569
-0.003921569
-0.078431375
-0.10980392
-0.18039216
-0.25490198
-0.3254902
-0.28235295
-0.26666668
-0.2
-0.11764706
-0.1254902
-0.19607843
-0.1882353
-0.18431373
-0.23137255
-0.3764706
0.44313726
-0.019607844
-0.003921569
0.09803922
0.09803922
-0.003921569
-0.003921569
-0.003921569
-0.003921569
0.09803922
0.09803922
0.09803922
0.09803922
0.09803922
0.09803922
0.0
-0.16470589
-0.16470589
-0.16470589
0.0
0.0
0.09019608
0.09019608
0.35686275
0.44705883
-0.44313726
-0.26666668
-0.07058824
-0.003921569
-0.003921569
-0.003921569
-0.003921569
-0.14117648
-0.37254903
0.13725491
-0.101960786
-0.003921569
-0.003921569
-0.003921569
-0.003921569
-0.003921569
-0.003921569
-0.003921569
-0.003921569
-0.003921569
-0.003921569
-0.003921569
-0.003921569
-0.09803922
0.4862745
-0.46666667
0.4117647
0.047058824
-0.49803922
-0.27450982
-0.09019608
-0.003921569
-0.003921569
-0.003921569
-0.003921569
-0.003921569
-0.003921569
-0.003921569
-0.003921569
-0.003921569
-0.003921569
-0.003921569
-0.003921569
-0.003921569
0.105882354
0.12156863
-0.003921569
-0.003921569
-0.003921569
-0.003921569
-0.003921569
-0.003921569
-0.003921569
-0.003921569
-0.003921569
-0.003921569
-0.003921569
-0.003921569
-0.003921569
-0.003921569
-0.003921569
-0.003921569
-0.003921569
-0.003921569
0.06666667
0.011764706
0.003921569
0.0
0.0
0.0
0.0
0.003921569
0.003921569
0.003921569
0.003921569
0.003921569
0.0
0.0
-0.47843137
-0.47843137
0.0
0.0
0.0
0.0
0.0
0.0
0.023529412
0.03529412
-0.003921569
-0.003921569
-0.003921569
-0.003921569
-0.003921569
-0.003921569
-0.003921569
-0.003921569
-0.003921569
-0.003921569
-0.003921569
-0.003921569
-0.003921569
-0.003921569
-0.003921569
-0.003921569
-0.003921569
-0.003921569
-0.003921569
-0.003921569
-0.003921569
-0.003921569
-0.003921569
-0.003921569
-0.003921569
-0.003921569
-0.003921569
-0.003921569
-0.003921569
-0.003921569
-0.1254902
-0.25490198
-0.38431373
-0.4392157
0.47058824
0.43137255
0.4509804
-0.37254903
-0.3019608
-0.2901961
-0.27450982
-0.20784314
-0.2
-0.21176471
-0.27450982
-0.37254903
0.47843137
0.33333334
0.09803922
0.09803922
0.09803922
0.09803922
0.09803922
0.09803922
-0.003921569
0.09803922
0.09803922
0.09803922
0.09803922
0.09803922
0.09803922
0.09803922
-0.16470589
-0.16470589
-0.16470589
-0.16470589
0.0
0.0
-0.22745098
0.08235294
0.39607844
-0.48235294
-0.32156864
-0.07058824
-0.003921569
-0.003921569
-0.003921569
-0.003921569
-0.003921569
-0.003921569
-0.003921569
-0.003921569
-0.003921569
-0.003921569
-0.003921569
-0.003921569
-0.003921569
-0.003921569
-0.003921569
-0.003921569
-0.003921569
-0.003921569
-0.003921569
-0.003921569
-0.003921569
0.4627451
0.49411765
-0.23921569
-0.3529412
-0.45490196
-0.34117648
-0.17254902
-0.078431375
-0.003921569
-0.003921569
-0.003921569
-0.003921569
-0.003921569
-0.003921569
-0.003921569
-0.003921569
-0.003921569
-0.003921569
-0.003921569
-0.003921569
-0.003921569
0.015686275
-0.003921569
-0.003921569
-0.003921569
-0.003921569
-0.003921569
-0.003921569
-0.003921569
-0.003921569
-0.003921569
-0.003921569
-0.003921569
-0.003921569
-0.003921569
-0.003921569
-0.003921569
-0.003921569
-0.003921569
-0.003921569
-0.003921569
0.09803922
0.0
0.003921569
0.003921569
0.0
0.003921569
0.003921569
0.003921569
0.003921569
0.003921569
0.003921569
0.003921569
0.0
0.0
-0.47843137
0.050980393
-0.47843137
0.0
0.0
0.0
0.0
0.0
0.019607844
0.03137255
-0.011764706
-0.003921569
-0.003921569
-0.003921569
-0.003921569
-0.003921569
-0.003921569
-0.003921569
-0.003921569
-0.003921569
-0.003921569
-0.003921569
-0.003921569
-0.003921569
-0.101960786
-0.08235294
-0.003921569
-0.003921569
-0.003921569
-0.003921569
-0.003921569
-0.003921569
-0.003921569
-0.003921569
-0.003921569
-0.003921569
-0.003921569
-0.003921569
-0.101960786
-0.30980393
-0.4745098
0.39215687
0.34117648
0.3137255
0.09803922
0.09803922
0.3254902
0.4862745
-0.3764706
-0.3372549
-0.38431373
-0.29411766
-0.18431373
-0.2509804
-0.3647059
0.49803922
0.36862746
0.09803922
0.09803922
0.09803922
0.09803922
0.09803922
0.09803922
0.09803922
0.09803922
0.09803922
0.09803922
0.09803922
0.09803922
0.09803922
0.09803922
0.09803922
-0.16470589
-0.16470589
-0.16470589
-0.16470589
0.0
0.0
-0.22745098
0.06666667
0.36862746
-0.48235294
-0.2901961
-0.039215688
-0.003921569
-0.003921569
-0.003921569
-0.003921569
-0.03529412
-0.003921569
-0.003921569
-0.003921569
-0.003921569
-0.003921569
-0.003921569
-0.003921569
-0.003921569
-0.003921569
-0.003921569
-0.003921569
-0.003921569
-0.003921569
-0.003921569
-0.003921569
-0.23137255
0.43137255
-0.4
-0.20784314
-0.34117648
-0.40392157
0.003921569
0.043137256
0.047058824
-0.4117647
-0.07450981
-0.003921569
-0.003921569
-0.003921569
-0.003921569
-0.003921569
-0.003921569
-0.003921569
-0.003921569
-0.003921569
-0.003921569
0.015686275
0.10980392
-0.003921569
-0.003921569
-0.003921569
-0.003921569
-0.003921569
-0.003921569
-0.003921569
-0.003921569
-0.003921569
-0.003921569
-0.003921569
-0.003921569
-0.003921569
-0.003921569
-0.003921569
-0.003921569
-0.003921569
-0.003921569
0.13725491
0.09803922
0.0
0.003921569
0.003921569
0.003921569
0.003921569
0.0
0.003921569
0.003921569
0.003921569
0.003921569
-0.3647059
-0.3647059
0.4745098
-0.47843137
-0.47843137
-0.47843137
0.0
0.003921569
0.003921569
0.003921569
0.0
0.011764706
0.019607844
-0.3019608
-0.003921569
-0.003921569
-0.003921569
-0.003921569
-0.003921569
-0.003921569
-0.003921569
-0.003921569
-0.003921569
-0.007843138
-0.101960786
-0.24313726
-0.38039216
-0.43529412
-0.4627451
-0.3372549
-0.2
-0.17254902
-0.1882353
-0.34117648
-0.38431373
-0.41568628
-0.30588236
-0.2901961
-0.26666668
-0.34117648
-0.40784314
0.45882353
0.09803922
0.09803922
0.09803922
0.20784314
0.26666668
0.34117648
0.41568628
0.49411765
-0.4117647
-0.40392157
-0.43529412
-0.47058824
-0.40784314
-0.27058825
-0.3647059
-0.47058824
0.4117647
0.3137255
0.09803922
0.09803922
0.09803922
0.09803922
0.09803922
0.09803922
0.09803922
0.09803922
0.09803922
0.09803922
0.09803922
0.09803922
0.09803922
0.09803922
0.09803922
-0.16470589
-0.16470589
-0.16470589
-0.16470589
0.0
0.0
-0.22745098
-0.22745098
-0.011764706
0.44705883
-0.38039216
-0.18431373
-0.003921569
-0.003921569
-0.003921569
-0.043137256
-0.05490196
-0.003921569
-0.003921569
-0.003921569
-0.003921569
-0.003921569
-0.003921569
-0.003921569
-0.003921569
-0.003921569
-0.003921569
-0.003921569
-0.003921569
-0.003921569
-0.15686275
-0.41960785
0.43529412
0.37254903
-0.49019608
-0.46666667
0.42352942
0.41568628
0.03529412
0.003921569
0.19215687
0.1254902
-0.5019608
-0.003921569
-0.003921569
-0.003921569
-0.003921569
-0.003921569
0.0
0.0
0.101960786
0.13333334
0.03137255
0.101960786
-0.003921569
-0.003921569
-0.003921569
-0.003921569
-0.003921569
-0.003921569
-0.003921569
-0.003921569
-0.003921569
-0.003921569
-0.003921569
-0.003921569
-0.003921569
-0.003921569
-0.003921569
-0.003921569
-0.003921569
-0.003921569
-0.003921569
0.14509805
0.09803922
0.0
0.003921569
0.003921569
0.003921569
0.003921569
0.0
0.0
-0.20784314
-0.20784314
0.003921569
-0.3647059
-0.3647059
-0.3647059
0.4745098
0.4745098
0.39215687
0.039215688
0.003921569
0.011764706
-0.003921569
-0.003921569
0.09803922
0.011764706
-0.49411765
-0.06666667
-0.003921569
-0.003921569
-0.11372549
-0.3882353
-0.4627451
-0.41960785
-0.4745098
-0.44705883
-0.39607844
-0.4117647
0.47843137
0.3529412
0.30980393
0.27058825
0.3137255
0.32156864
0.30588236
-0.003921569
-0.003921569
-0.003921569
-0.003921569
0.30588236
0.38431373
0.36078432
0.34901962
-0.003921569
0.047058824
0.09803922
0.09803922
0.019607844
0.03137255
0.047058824
0.1764706
0.3372549
0.4117647
0.49803922
0.44705883
0.41960785
0.42745098
0.4745098
-0.41960785
-0.49019608
0.4509804
0.36078432
-0.019607844
-0.019607844
0.09803922
0.09803922
0.09803922
0.09803922
0.09803922
0.09803922
0.09803922
0.09803922
0.09803922
0.09803922
0.09803922
0.09803922
0.09803922
0.09803922
-0.16470589
-0.16470589
-0.16470589
-0.16470589
0.0
0.0
-0.050980393
-0.050980393
0.23529412
0.36862746
-0.5019608
-0.32156864
-0.09411765
-0.019607844
-0.0627451
-0.078431375
-0.02745098
-0.003921569
-0.003921569
-0.003921569
-0.003921569
-0.003921569
-0.003921569
-0.003921569
-0.003921569
-0.003921569
-0.003921569
-0.05882353
-0.003921569
-0.1764706
-0.003921569
0.2
0.26666668
0.20392157
0.14901961
0.31764707
0.007843138
0.07058824
0.050980393
0.18039216
0.24705882
0.24705882
0.011764706
0.14509805
-0.003921569
-0.003921569
0.4117647
0.0
0.039215688
0.20784314
0.0
0.019607844
0.09019608
-0.003921569
-0.003921569
-0.003921569
-0.003921569
-0.003921569
-0.003921569
-0.003921569
-0.003921569
-0.003921569
-0.003921569
-0.003921569
-0.003921569
-0.003921569
-0.003921569
-0.003921569
-0.003921569
-0.003921569
-0.003921569
-0.003921569
-0.003921569
-0.003921569
0.09803922
0.0
0.007843138
0.007843138
0.003921569
0.003921569
0.0
0.078431375
-0.20784314
-0.08627451
-0.08627451
0.09019608
-0.3647059
-0.3647059
-0.40784314
-0.40784314
0.39215687
0.039215688
0.011764706
-0.003921569
-0.003921569
0.09803922
0.09803922
0.09803922
0.3372549
-0.3882353
-0.21960784
-0.24313726
-0.41960785
0.34901962
-0.003921569
0.1254902
0.14901961
0.24705882
0.33333334
0.3372549
0.023529412
0.023529412
0.023529412
0.023529412
0.023529412
0.023529412
0.023529412
0.023529412
-0.003921569
-0.003921569
0.09803922
0.09803922
-0.003921569
-0.003921569
-0.003921569
-0.003921569
0.047058824
0.047058824
0.047058824
0.05490196
0.08235294
0.1254902
0.09803922
0.09803922
-0.003921569
0.09803922
0.09803922
0.09803922
0.09803922
0.3254902
0.39607844
0.38039216
0.3529412
0.2901961
0.09803922
0.09803922
0.09803922
0.09803922
0.09803922
0.09803922
0.09803922
0.09803922
0.09803922
0.09803922
0.09803922
0.09803922
0.09803922
0.09803922
0.09803922
-0.003921569
0.09803922
-0.16470589
-0.16470589
0.0
0.0
0.0
-0.050980393
-0.050980393
0.14117648
0.34117648
0.4392157
-0.36862746
-0.1254902
-0.08627451
-0.050980393
-0.003921569
-0.003921569
-0.003921569
-0.003921569
-0.003921569
-0.003921569
-0.003921569
-0.003921569
-0.003921569
-0.003921569
-0.003921569
-0.003921569
-0.003921569
-0.003921569
-0.2901961
0.09803922
0.38431373
-0.42745098
0.27450982
0.4392157
-0.39607844
0.39215687
-0.2901961
0.0
0.007843138
0.015686275
0.11372549
0.16862746
0.007843138
0.007843138
0.003921569
0.14117648
0.0
0.007843138
0.03137255
0.0
0.050980393
0.09411765
-0.003921569
-0.003921569
-0.003921569
-0.003921569
-0.003921569
-0.003921569
-0.003921569
-0.003921569
-0.003921569
-0.003921569
-0.003921569
-0.003921569
-0.003921569
-0.003921569
-0.003921569
-0.003921569
-0.003921569
-0.003921569
-0.003921569
-0.003921569
-0.003921569
0.09803922
0.003921569
0.003921569
0.003921569
0.007843138
0.003921569
-0.003921569
0.09803922
-0.20784314
-0.08627451
-0.08627451
-0.08627451
-0.08627451
-0.40784314
-0.40784314
-0.40784314
-0.47843137
0.0
0.015686275
-0.003921569
-0.003921569
0.09803922
0.09803922
0.09803922
0.09803922
0.34509805
0.45490196
0.47058824
0.3882353
0.09411765
-0.003921569
0.0627451
0.10980392
0.023529412
0.023529412
0.023529412
0.03137255
0.03137255
0.03137255
0.023529412
0.023529412
0.023529412
0.023529412
-0.003921569
0.007843138
-0.003921569
-0.003921569
-0.003921569
-0.003921569
-0.003921569
-0.003921569
0.05882353
0.09803922
0.09803922
-0.4627451
-0.4627451
-0.4627451
-0.4627451
-0.4627451
-0.4627451
-0.003921569
0.09803922
0.09803922
0.09803922
0.09803922
0.17254902
0.23137255
0.23137255
0.21568628
0.18431373
0.14901961
0.09803922
0.09803922
0.09803922
0.09803922
0.09803922
0.09803922
0.09803922
0.09803922
0.09803922
0.09803922
0.09803922
0.09803922
0.09803922
-0.003921569
-0.003921569
-0.003921569
-0.003921569
0.0
0.0
0.0
0.0
-0.050980393
-0.050980393
-0.050980393
0.31764707
0.2784314
-0.40784314
-0.19215687
-0.05882353
-0.003921569
-0.003921569
-0.003921569
-0.003921569
-0.003921569
-0.003921569
-0.003921569
-0.003921569
-0.003921569
-0.003921569
-0.003921569
-0.003921569
-0.003921569
-0.003921569
-0.003921569
-0.003921569
-0.39607844
-0.003921569
-0.003921569
0.4627451
-0.47058824
-0.19607843
-0.49803922
-0.2901961
0.0627451
0.08627451
0.09803922
0.101960786
0.21960784
0.40784314
0.047058824
0.48235294
0.47843137
0.015686275
0.011764706
0.16862746
0.03137255
0.10980392
-0.003921569
-0.003921569
-0.003921569
-0.003921569
-0.003921569
-0.003921569
-0.003921569
-0.003921569
-0.003921569
-0.003921569
-0.003921569
-0.003921569
-0.003921569
-0.003921569
-0.003921569
-0.003921569
-0.003921569
-0.003921569
-0.003921569
-0.003921569
-0.003921569
-0.003921569
0.09803922
0.003921569
0.0
-0.003921569
-0.003921569
-0.003921569
-0.003921569
0.09803922
-0.003921569
0.09019608
-0.08627451
-0.08627451
-0.40784314
-0.40784314
-0.40784314
-0.47843137
-0.47843137
0.08235294
0.08235294
0.08235294
0.08235294
0.09803922
0.09803922
0.09803922
0.09803922
0.09411765
0.09411765
0.09411765
0.09411765
0.09411765
0.07450981
0.07058824
0.03137255
0.03137255
0.03137255
0.03137255
0.03137255
0.03137255
0.03137255
0.023529412
0.023529412
0.023529412
0.023529412
0.023529412
0.023529412
-0.07058824
-0.003921569
-0.003921569
-0.003921569
-0.003921569
0.015686275
0.019607844
-0.4627451
-0.4627451
-0.4627451
-0.4627451
-0.4627451
-0.4627451
-0.4627451
-0.4627451
-0.003921569
-0.003921569
-0.003921569
-0.003921569
-0.003921569
-0.003921569
-0.003921569
0.09803922
0.105882354
0.09803922
0.09803922
0.09803922
0.09803922
0.09803922
-0.003921569
0.09803922
0.09803922
-0.003921569
0.09803922
0.09803922
0.0
0.0
-0.003921569
0.0
-0.003921569
-0.003921569
-0.003921569
-0.43137255
0.0
0.0
0.0
0.0
-0.050980393
-0.050980393
-0.050980393
0.3529412
0.16078432
-0.29411766
-0.09411765
-0.003921569
-0.003921569
-0.003921569
-0.003921569
-0.39215687
-0.003921569
-0.003921569
-0.21176471
-0.023529412
-0.003921569
-0.003921569
-0.003921569
-0.003921569
-0.003921569
-0.003921569
-0.003921569
-0.003921569
-0.003921569
-0.003921569
-0.003921569
-0.003921569
-0.003921569
-0.07450981
-0.38431373
0.40392157
0.33333334
0.3372549
0.3647059
0.47058824
-0.25882354
-0.003921569
-0.003921569
-0.003921569
-0.003921569
0.0
0.023529412
0.011764706
-0.23137255
-0.003921569
-0.003921569
-0.003921569
-0.003921569
-0.003921569
-0.003921569
-0.003921569
-0.003921569
-0.003921569
-0.003921569
-0.003921569
-0.003921569
-0.003921569
-0.003921569
-0.003921569
-0.003921569
-0.003921569
-0.003921569
-0.003921569
-0.003921569
-0.003921569
0.09803922
0.09803922
0.0
0.011764706
0.011764706
-0.003921569
-0.003921569
-0.003921569
-0.003921569
-0.003921569
-0.003921569
-0.007843138
-0.2509804
-0.2509804
-0.2509804
0.0
0.023529412
0.003921569
-0.47843137
0.08235294
0.08235294
0.08235294
0.08235294
0.08235294
0.09803922
0.09803922
0.09803922
0.09411765
0.09411765
0.09411765
0.09411765
0.0627451
0.03137255
0.03137255
0.03137255
0.03137255
0.03137255
0.03137255
0.03137255
0.03137255
0.09803922
0.09803922
0.09803922
0.09803922
0.09803922
0.09803922
0.023529412
0.023529412
-0.07058824
0.06666667
0.06666667
0.08627451
0.08627451
0.06666667
0.06666667
0.08627451
0.08627451
-0.4627451
-0.4627451
-0.4627451
-0.4627451
0.09803922
0.09803922
0.09803922
0.09803922
0.09803922
0.09803922
-0.003921569
-0.003921569
0.09803922
-0.003921569
-0.003921569
0.09803922
0.09803922
0.09803922
0.09803922
0.09803922
0.0
0.0
0.09803922
0.0
0.0
-0.003921569
-0.003921569
-0.003921569
-0.003921569
-0.003921569
0.09803922
0.09803922
-0.43137255
0.0
0.0
0.0
0.0
0.09411765
-0.050980393
0.3019608
0.49411765
0.4745098
-0.08235294
-0.003921569
-0.003921569
-0.003921569
-0.003921569
-0.003921569
-0.003921569
-0.003921569
-0.25882354
0.3137255
-0.32941177
-0.003921569
-0.003921569
-0.003921569
-0.003921569
-0.003921569
-0.003921569
-0.003921569
-0.003921569
-0.003921569
-0.003921569
-0.003921569
-0.003921569
-0.003921569
-0.003921569
-0.1882353
-0.26666668
-0.30588236
-0.23137255
-0.14117648
-0.003921569
-0.003921569
-0.003921569
-0.003921569
-0.003921569
-0.003921569
0.003921569
0.12941177
-0.10980392
-0.003921569
-0.003921569
-0.003921569
-0.003921569
-0.003921569
-0.003921569
-0.003921569
-0.003921569
-0.003921569
-0.003921569
-0.003921569
-0.003921569
-0.003921569
-0.003921569
-0.003921569
-0.003921569
-0.003921569
-0.003921569
-0.003921569
-0.003921569
-0.003921569
-0.003921569
0.09803922
0.09803922
0.0
0.019607844
0.03137255
-0.003921569
-0.003921569
-0.003921569
0.09803922
0.09803922
-0.007843138
-0.007843138
-0.2509804
-0.2509804
0.0
0.05882353
0.03529412
0.003921569
-0.15686275
0.08235294
0.08235294
0.08235294
0.08235294
0.08235294
0.08235294
0.09803922
0.09411765
0.09411765
0.09411765
0.0627451
0.0627451
0.0627451
0.03137255
0.03137255
0.03137255
0.03137255
0.03137255
0.0627451
0.0627451
0.09803922
0.09803922
0.09803922
0.09803922
0.09803922
0.09803922
0.09803922
0.09803922
0.09803922
-0.07058824
0.06666667
0.08627451
0.08627451
0.06666667
0.06666667
0.08627451
0.08627451
0.08627451
0.08627451
-0.4627451
0.09803922
0.09803922
0.09803922
0.09803922
0.09803922
0.09803922
0.09803922
0.09803922
-0.003921569
-0.003921569
0.09803922
0.007843138
0.007843138
0.09803922
0.09803922
0.09803922
0.09803922
0.0
0.0
0.0
0.0
0.0
0.0
-0.003921569
-0.003921569
0.09803922
0.09803922
0.09803922
0.09803922
0.05490196
0.05490196
0.0
0.0
0.0
0.0
0.09411765
0.09411765
0.09411765
-0.40392157
-0.2509804
-0.003921569
-0.003921569
-0.003921569
-0.003921569
-0.003921569
-0.003921569
-0.003921569
-0.003921569
-0.003921569
0.4509804
-0.39215687
-0.003921569
-0.003921569
-0.003921569
-0.003921569
-0.003921569
-0.003921569
-0.003921569
-0.003921569
-0.003921569
-0.003921569
-0.003921569
-0.003921569
-0.003921569
-0.003921569
-0.003921569
-0.003921569
-0.003921569
-0.003921569
-0.003921569
-0.003921569
-0.003921569
-0.003921569
-0.003921569
-0.003921569
-0.003921569
0.019607844
0.47058824
-0.003921569
-0.003921569
-0.003921569
-0.003921569
-0.003921569
-0.003921569
-0.003921569
-0.003921569
-0.003921569
-0.003921569
-0.003921569
-0.003921569
-0.003921569
-0.003921569
-0.003921569
-0.003921569
-0.003921569
-0.003921569
-0.003921569
-0.003921569
-0.003921569
-0.003921569
-0.003921569
0.09803922
0.09019608
0.09019608
0.015686275
-0.23529412
-0.23529412
-0.23529412
-0.003921569
0.09803922
0.09411765
-0.07450981
0.0
-0.32156864
0.0
0.0627451
0.0627451
0.02745098
0.0
-0.27450982
0.08235294
0.08235294
0.08235294
0.08235294
0.08235294
0.08235294
0.09411765
0.09411765
0.09411765
0.0627451
0.0627451
0.0627451
0.0627451
0.0627451
0.0627451
0.0627451
0.0627451
0.0627451
0.0627451
0.09803922
0.09803922
0.09803922
0.09803922
0.09803922
0.09803922
0.09803922
0.09803922
0.09803922
0.09803922
0.09803922
-0.07058824
0.08627451
0.08627451
0.08627451
0.08627451
0.08627451
0.08627451
0.08627451
0.08627451
0.08627451
0.09803922
0.09803922
0.09803922
0.09803922
0.09803922
0.09803922
0.09803922
-0.003921569
-0.003921569
0.09803922
0.09803922
0.09803922
0.0
0.09803922
0.09803922
0.09803922
0.09803922
0.0
0.0
0.0
0.09803922
0.0
-0.003921569
-0.003921569
-0.003921569
0.09803922
0.09803922
0.09803922
0.09803922
-0.43137255
-0.43137255
0.0
0.0
0.0
0.0
0.09411765
0.09411765
0.09411765
-0.44705883
-0.29411766
-0.050980393
-0.003921569
-0.003921569
-0.003921569
-0.003921569
-0.003921569
-0.003921569
-0.003921569
-0.003921569
-0.34117648
-0.42352942
-0.003921569
-0.003921569
-0.003921569
-0.003921569
-0.003921569
-0.003921569
-0.003921569
-0.003921569
-0.003921569
-0.003921569
-0.003921569
-0.003921569
-0.003921569
-0.003921569
-0.003921569
-0.003921569
-0.003921569
-0.003921569
-0.003921569
-0.003921569
-0.003921569
-0.003921569
-0.003921569
-0.003921569
-0.003921569
0.0
-0.35686275
-0.003921569
-0.003921569
-0.003921569
-0.003921569
-0.003921569
-0.003921569
-0.003921569
-0.003921569
-0.003921569
-0.003921569
-0.003921569
-0.003921569
-0.003921569
-0.003921569
-0.003921569
-0.003921569
-0.003921569
-0.003921569
-0.003921569
-0.003921569
-0.003921569
-0.003921569
-0.003921569
-0.18431373
0.09019608
0.09019608
0.09019608
-0.23529412
-0.23529412
-0.23529412
-0.26666668
0.07058824
0.09411765
-0.02745098
-0.32156864
-0.32156864
0.039215688
0.047058824
0.03529412
0.011764706
0.0
-0.27450982
0.07058824
0.08235294
0.08235294
0.08235294
0.08235294
0.09411765
0.09803922
0.09803922
0.0627451
0.0627451
0.0627451
0.0627451
0.0627451
0.0627451
0.0627451
0.0627451
0.09803922
0.09803922
0.09803922
0.09803922
0.09803922
0.09803922
0.09803922
0.09803922
0.09803922
0.09803922
0.09803922
0.09803922
0.09803922
0.09803922
0.0627451
0.0627451
0.08627451
0.08627451
0.08627451
0.08627451
0.08627451
0.08627451
0.08627451
0.09803922
0.09803922
0.09803922
0.09803922
0.09803922
0.09803922
0.09803922
0.09803922
0.09803922
0.09803922
0.09803922
0.09803922
0.09803922
0.0
0.09803922
0.09803922
0.09803922
0.09803922
0.0
0.0
0.0
0.0
0.09803922
-0.003921569
-0.003921569
-0.003921569
-0.003921569
-0.003921569
-0.003921569
0.2509804
-0.43137255
-0.43137255
0.2509804
0.0
0.0
0.0
0.09411765
0.09411765
0.09411765
0.40392157
-0.45490196
-0.1764706
-0.003921569
-0.003921569
-0.003921569
-0.003921569
-0.003921569
-0.003921569
-0.003921569
-0.003921569
-0.08235294
-0.23921569
-0.003921569
-0.003921569
-0.003921569
-0.003921569
-0.003921569
-0.003921569
-0.003921569
-0.003921569
-0.003921569
-0.003921569
-0.003921569
-0.003921569
-0.003921569
-0.003921569
-0.003921569
-0.003921569
-0.003921569
-0.003921569
-0.003921569
-0.003921569
-0.003921569
-0.003921569
-0.003921569
0.003921569
0.08235294
0.30980393
-0.007843138
-0.003921569
-0.003921569
-0.003921569
-0.003921569
-0.003921569
-0.003921569
-0.003921569
-0.003921569
-0.003921569
-0.003921569
-0.003921569
-0.003921569
-0.003921569
-0.003921569
-0.003921569
-0.003921569
-0.003921569
-0.003921569
-0.003921569
-0.003921569
-0.003921569
-0.003921569
0.09803922
0.09803922
0.09019608
0.09019608
-0.10980392
-0.23529412
-0.23529412
-0.23529412
-0.26666668
-0.26666668
0.07058824
0.09019608
-0.32156864
-0.003921569
-0.003921569
-0.003921569
-0.003921569
-0.27450982
-0.27450982
-0.27450982
0.07058824
-0.20784314
0.078431375
-0.003921569
0.09803922
0.09803922
0.09803922
0.09803922
0.09803922
0.0627451
0.0627451
0.0627451
0.0627451
0.09803922
0.09803922
0.09803922
0.09803922
0.09803922
0.09803922
0.09803922
0.09803922
0.09803922
0.09803922
0.09803922
0.09803922
0.09803922
0.09803922
0.09803922
0.09803922
0.09803922
0.0627451
0.0627451
0.0627451
0.0627451
0.09803922
0.09803922
0.09803922
0.09803922
0.09803922
0.09803922
0.09803922
0.09803922
0.09803922
0.09803922
0.09803922
0.09803922
0.09803922
0.09803922
0.09803922
0.09803922
0.0
0.0
0.0
0.0
0.09803922
0.09803922
0.09803922
0.09803922
0.0
0.0
0.09803922
0.0
-0.003921569
-0.003921569
-0.003921569
0.09803922
0.09803922
0.2509804
0.2509804
-0.43137255
-0.43137255
0.2509804
0.0
0.0
0.0
0.09411765
0.09411765
0.09411765
0.003921569
0.4117647
-0.3019608
-0.003921569
-0.003921569
-0.003921569
-0.003921569
-0.003921569
-0.003921569
-0.003921569
-0.003921569
-0.43529412
-0.14117648
-0.003921569
-0.003921569
-0.003921569
-0.003921569
-0.003921569
-0.003921569
-0.003921569
-0.003921569
-0.003921569
-0.003921569
-0.003921569
-0.003921569
-0.003921569
-0.003921569
-0.003921569
-0.003921569
-0.003921569
-0.003921569
-0.003921569
-0.003921569
-0.003921569
-0.003921569
-0.003921569
0.03137255
0.30980393
-0.003921569
-0.003921569
-0.003921569
-0.003921569
-0.003921569
-0.003921569
-0.003921569
-0.003921569
-0.003921569
-0.003921569
-0.003921569
-0.003921569
-0.003921569
-0.003921569
-0.003921569
-0.003921569
-0.003921569
-0.003921569
-0.003921569
-0.003921569
-0.003921569
-0.003921569
-0.003921569
-0.003921569
0.09803922
0.0
-0.03529412
-0.03529412
-0.10980392
-0.10980392
-0.23529412
-0.23529412
-0.26666668
-0.26666668
-0.26666668
0.07058824
0.019607844
-0.003921569
-0.003921569
-0.003921569
-0.003921569
-0.27450982
-0.27450982
0.078431375
0.078431375
-0.20784314
0.078431375
-0.003921569
0.09803922
0.09803922
0.09803922
0.09803922
0.09803922
0.09803922
0.09803922
0.09803922
0.09803922
0.043137256
0.09803922
0.09803922
0.09803922
0.09803922
0.09803922
0.09803922
0.09803922
0.09803922
0.09803922
0.09803922
0.09803922
0.09803922
0.09803922
0.09803922
0.09803922
0.0627451
0.0627451
0.0627451
0.0627451
0.0627451
0.0627451
0.09803922
0.09803922
0.09803922
0.09803922
0.09803922
0.09803922
0.09803922
0.09803922
0.09803922
0.09803922
0.09803922
0.09803922
0.09803922
0.09803922
0.09803922
0.09803922
0.0
0.0
0.0
0.0
-0.003921569
-0.003921569
-0.003921569
-0.003921569
-0.003921569
0.0
0.0
-0.003921569
-0.003921569
-0.003921569
-0.003921569
-0.003921569
0.0
0.2509804
-0.43137255
0.2509804
0.2509804
0.023529412
0.0
0.0
0.09411765
0.09411765
-0.0627451
0.0
0.33333334
-0.42745098
-0.003921569
-0.003921569
-0.003921569
-0.003921569
-0.003921569
-0.003921569
-0.39215687
0.36078432
-0.4627451
-0.003921569
-0.003921569
-0.003921569
-0.003921569
-0.003921569
-0.003921569
-0.050980393
-0.003921569
-0.003921569
-0.003921569
-0.003921569
-0.003921569
-0.003921569
-0.003921569
-0.015686275
-0.003921569
-0.003921569
-0.003921569
-0.003921569
-0.003921569
-0.003921569
-0.003921569
-0.003921569
-0.003921569
0.09803922
0.47843137
-0.003921569
-0.003921569
-0.003921569
-0.003921569
-0.003921569
-0.003921569
-0.003921569
-0.003921569
-0.003921569
-0.003921569
-0.003921569
-0.003921569
-0.003921569
-0.003921569
-0.003921569
-0.003921569
-0.003921569
-0.003921569
-0.003921569
-0.003921569
-0.003921569
-0.003921569
-0.003921569
-0.2
0.3882353
0.09411765
0.09411765
0.09411765
-0.10980392
-0.10980392
-0.10980392
-0.003921569
-0.26666668
-0.26666668
-0.26666668
0.07058824
0.0
-0.003921569
-0.003921569
-0.003921569
-0.003921569
-0.29411766
-0.29411766
0.078431375
0.078431375
-0.20784314
0.078431375
0.09803922
0.09803922
0.09803922
0.09803922
0.09803922
0.09803922
0.09803922
0.09803922
-0.38431373
0.043137256
0.09803922
0.09803922
0.09803922
0.09803922
0.09803922
0.09803922
0.09803922
0.09803922
0.09411765
0.09411765
0.09411765
0.09803922
0.09803922
0.09803922
0.003921569
0.09803922
0.0627451
0.0627451
0.09803922
0.0627451
0.0627451
0.0627451
0.09803922
0.09803922
0.09803922
0.09803922
0.09803922
0.09803922
0.09803922
0.09803922
0.09803922
0.09803922
0.09803922
0.09803922
0.09803922
0.09803922
0.09803922
0.09803922
0.4117647
0.4117647
0.0
0.0
-0.003921569
-0.003921569
-0.003921569
-0.003921569
-0.003921569
-0.003921569
-0.003921569
0.0
-0.003921569
-0.003921569
-0.003921569
0.0
0.0
0.2509804
0.2509804
0.2509804
0.2509804
0.2509804
0.0
0.0
0.09803922
0.09803922
0.003921569
0.007843138
0.26666668
0.46666667
-0.1254902
-0.003921569
-0.003921569
-0.02745098
-0.02745098
-0.19215687
-0.3647059
-0.44313726
0.4
-0.003921569
-0.003921569
-0.003921569
-0.003921569
-0.003921569
-0.003921569
-0.34901962
-0.003921569
-0.003921569
-0.003921569
-0.003921569
-0.003921569
-0.003921569
-0.13725491
-0.3137255
-0.003921569
-0.003921569
-0.003921569
-0.003921569
-0.003921569
-0.003921569
-0.003921569
-0.003921569
0.03529412
0.13725491
-0.003921569
-0.003921569
-0.003921569
-0.003921569
-0.003921569
-0.003921569
-0.003921569
-0.003921569
-0.003921569
-0.003921569
-0.003921569
-0.003921569
-0.003921569
-0.003921569
-0.003921569
-0.003921569
-0.003921569
-0.003921569
-0.003921569
-0.003921569
-0.003921569
-0.003921569
-0.003921569
-0.003921569
-0.29411766
0.3529412
0.09411765
0.09411765
0.09411765
-0.10980392
-0.1764706
-0.1764706
-0.003921569
-0.26666668
-0.26666668
-0.26666668
-0.26666668
0.0
-0.003921569
0.03137255
0.023529412
-0.003921569
-0.29411766
-0.29411766
0.09803922
0.09803922
0.09803922
0.08235294
0.08235294
0.09803922
0.09803922
0.09803922
0.09803922
0.09803922
0.08235294
0.09411765
0.043137256
0.043137256
0.09803922
0.09803922
0.09803922
0.09803922
0.09803922
0.09411765
0.09411765
0.09411765
0.09411765
0.09411765
0.09411765
0.09411765
0.09411765
0.003921569
0.003921569
0.09803922
0.09803922
0.09803922
0.007843138
0.09803922
0.09803922
0.09803922
0.09803922
0.09803922
0.09803922
0.09803922
0.09803922
0.09803922
0.09803922
0.09803922
0.09803922
0.09803922
0.09803922
0.09803922
0.09803922
0.09803922
0.09803922
0.09803922
0.4117647
0.4117647
0.4117647
-0.003921569
-0.003921569
-0.003921569
-0.003921569
-0.003921569
0.09803922
-0.003921569
-0.003921569
0.09803922
0.0
0.09803922
0.0
0.0
0.0
0.0
0.023529412
0.023529412
0.023529412
0.023529412
0.0
0.0
0.09803922
0.09803922
0.19607843
0.14901961
0.007843138
0.42352942
-0.23921569
-0.12941177
-0.31764707
0.43529412
0.03137255
0.42352942
-0.09411765
-0.003921569
-0.003921569
-0.003921569
-0.003921569
-0.003921569
-0.003921569
-0.003921569
-0.1764706
-0.5019608
-0.13333334
-0.003921569
-0.003921569
-0.003921569
-0.003921569
-0.043137256
-0.003921569
-0.003921569
-0.003921569
-0.003921569
-0.003921569
-0.039215688
-0.003921569
-0.003921569
-0.003921569
-0.047058824
0.03529412
0.2784314
-0.003921569
-0.003921569
-0.003921569
-0.003921569
-0.003921569
-0.003921569
-0.003921569
-0.003921569
-0.003921569
-0.003921569
-0.003921569
-0.003921569
-0.003921569
-0.003921569
-0.003921569
-0.003921569
-0.003921569
-0.003921569
-0.003921569
-0.003921569
-0.003921569
-0.003921569
-0.003921569
-0.003921569
-0.28235295
0.36078432
0.09411765
0.09411765
0.09411765
0.08235294
-0.1764706
-0.1764706
-0.003921569
-0.003921569
-0.26666668
-0.26666668
-0.26666668
0.07058824
-0.003921569
0.050980393
0.09411765
0.0627451
0.0
-0.29411766
0.09803922
0.09803922
0.09803922
0.09803922
0.09803922
0.09803922
0.09803922
0.09803922
0.09803922
0.09803922
0.09803922
0.043137256
0.043137256
0.043137256
0.09803922
0.09803922
0.043137256
0.043137256
0.09411765
0.09411765
0.09411765
0.09411765
0.09411765
0.09411765
0.09411765
0.09411765
0.09411765
0.09411765
-0.3764706
-0.3764706
0.09803922
0.09803922
0.09803922
0.09803922
0.09803922
0.09803922
0.09803922
0.09803922
0.09803922
0.09803922
0.09803922
0.09803922
0.09803922
0.09803922
0.09803922
0.09803922
0.09803922
0.09803922
0.09803922
0.09803922
0.09803922
0.09803922
0.4862745
0.4862745
0.09803922
0.09803922
0.09803922
-0.003921569
-0.003921569
-0.003921569
0.050980393
0.050980393
0.050980393
0.09803922
0.09803922
0.0
0.0
0.0
0.0
0.0
0.0
0.2509804
0.2509804
0.023529412
0.0
0.0
-0.003921569
-0.003921569
0.14117648
0.101960786
0.12941177
0.4
-0.23529412
-0.023529412
-0.105882354
-0.40392157
0.35686275
-0.29803923
-0.003921569
-0.003921569
-0.003921569
-0.003921569
-0.003921569
-0.003921569
-0.003921569
-0.003921569
-0.003921569
-0.003921569
-0.023529412
-0.003921569
-0.10980392
-0.003921569
-0.003921569
-0.011764706
-0.05882353
-0.003921569
-0.003921569
-0.015686275
-0.003921569
-0.02745098
-0.003921569
-0.27450982
-0.48235294
0.44313726
0.03529412
0.3372549
-0.003921569
-0.003921569
-0.003921569
-0.003921569
-0.003921569
-0.003921569
-0.003921569
-0.003921569
-0.003921569
-0.003921569
-0.003921569
-0.003921569
-0.003921569
-0.003921569
-0.003921569
-0.003921569
-0.003921569
-0.003921569
-0.003921569
-0.003921569
-0.003921569
-0.003921569
-0.003921569
-0.003921569
-0.25882354
0.3764706
0.09411765
0.09411765
0.09411765
0.09411765
0.08235294
0.08235294
0.08235294
-0.015686275
-0.26666668
-0.26666668
-0.26666668
0.07058824
0.07058824
0.08627451
0.05882353
0.011764706
0.0
-0.003921569
0.09803922
0.09803922
0.09803922
0.09803922
0.09803922
0.09803922
0.09803922
0.09803922
0.09803922
0.09803922
0.09803922
0.043137256
0.043137256
0.043137256
0.043137256
0.043137256
0.043137256
0.003921569
0.09411765
0.09411765
0.09411765
0.09411765
0.09411765
0.09411765
0.09411765
0.09411765
0.09411765
0.09411765
0.09411765
-0.3764706
-0.3764706
0.06666667
0.09803922
0.09803922
0.09803922
0.09803922
0.09803922
0.09803922
0.09803922
0.09803922
0.09803922
0.09803922
0.09803922
0.09803922
0.09803922
0.09803922
0.09803922
0.44313726
0.09803922
0.09803922
0.05882353
0.4862745
0.4862745
0.4862745
0.4862745
0.09803922
0.09803922
-0.47843137
-0.47843137
-0.47843137
0.050980393
0.050980393
0.050980393
0.09803922
0.09803922
0.09803922
0.0
0.0
0.0
0.0
0.0
0.0
0.0
0.0
0.0
0.0
-0.003921569
-0.003921569
0.08235294
0.105882354
0.16078432
0.42352942
-0.2
-0.003921569
-0.003921569
-0.12941177
-0.3647059
-0.003921569
-0.003921569
-0.003921569
-0.003921569
-0.003921569
-0.18039216
-0.078431375
-0.003921569
-0.003921569
-0.003921569
-0.003921569
-0.003921569
-0.003921569
-0.003921569
-0.003921569
-0.09019608
-0.003921569
-0.1882353
-0.15686275
-0.1254902
-0.16862746
-0.003921569
-0.003921569
-0.0627451
0.4392157
0.2627451
0.03529412
0.015686275
0.3372549
-0.003921569
-0.003921569
-0.003921569
-0.003921569
-0.003921569
-0.003921569
-0.003921569
-0.003921569
-0.003921569
-0.003921569
-0.003921569
-0.003921569
-0.003921569
-0.003921569
-0.003921569
-0.003921569
-0.003921569
-0.003921569
-0.003921569
-0.003921569
-0.003921569
-0.003921569
-0.003921569
-0.003921569
-0.18431373
0.40784314
0.09411765
0.09411765
0.09411765
0.09411765
0.09411765
0.09803922
0.09803922
0.09803922
-0.26666668
-0.26666668
-0.26666668
-0.26666668
0.0627451
0.03529412
0.015686275
0.0
-0.003921569
-0.003921569
0.09803922
0.09803922
0.09803922
0.09803922
0.09803922
0.09803922
0.09803922
0.09803922
0.09803922
0.09803922
0.09411765
0.09411765
0.043137256
0.09019608
0.043137256
0.09019608
0.0627451
0.09411765
0.09411765
0.09411765
-0.3647059
0.09411765
0.09411765
0.09411765
0.09411765
0.09411765
0.09411765
0.09411765
0.09411765
-0.3764706
-0.3764706
-0.3764706
0.06666667
0.09803922
0.09803922
0.09803922
0.09803922
0.09803922
0.09803922
0.09803922
0.09803922
0.09803922
0.09803922
0.09803922
0.09803922
0.09803922
0.09803922
0.09803922
0.09803922
0.09803922
0.09803922
0.4862745
0.4862745
0.4862745
0.4862745
0.09803922
-0.47843137
-0.47843137
-0.47843137
-0.47843137
-0.47843137
-0.47843137
-0.47843137
-0.003921569
0.09803922
0.09803922
0.09803922
0.0
0.0
0.0
0.0
0.0
0.0
0.0
0.0
0.0
-0.29803923
-0.29803923
-0.003921569
-0.003921569
0.17254902
0.3882353
-0.21176471
-0.003921569
-0.003921569
-0.003921569
-0.003921569
-0.003921569
-0.003921569
-0.003921569
-0.003921569
-0.08235294
-0.003921569
-0.16470589
-0.003921569
-0.003921569
-0.003921569
-0.003921569
-0.003921569
-0.003921569
-0.003921569
-0.003921569
-0.003921569
-0.003921569
-0.003921569
-0.003921569
-0.003921569
-0.003921569
-0.003921569
-0.003921569
-0.050980393
-0.3529412
-0.42352942
0.05882353
0.16078432
-0.15294118
-0.003921569
-0.003921569
-0.003921569
-0.003921569
-0.003921569
-0.003921569
-0.003921569
-0.003921569
-0.003921569
-0.003921569
-0.003921569
-0.003921569
-0.003921569
-0.003921569
-0.003921569
-0.003921569
-0.003921569
-0.003921569
-0.003921569
-0.003921569
-0.003921569
-0.003921569
-0.003921569
-0.003921569
-0.11372549
0.45882353
0.08235294
0.09411765
0.09411765
0.09411765
0.09411765
0.09411765
0.09803922
0.09803922
0.0
-0.26666668
-0.26666668
0.07058824
0.07058824
0.0
0.0
0.0
-0.003921569
-0.003921569
0.09803922
0.09803922
0.09803922
0.09803922
0.09803922
0.09803922
0.09803922
0.09803922
0.09803922
0.09803922
0.09411765
0.09411765
0.09411765
0.09019608
0.09019608
0.0627451
0.0627451
0.09411765
0.09411765
0.09411765
-0.3647059
0.09411765
0.09411765
0.09411765
0.09411765
0.09411765
0.09411765
-0.3764706
0.09411765
-0.3764706
-0.3764706
-0.33333334
-0.33333334
0.09803922
0.09803922
0.09803922
0.09803922
0.09803922
0.09803922
0.09803922
0.09803922
0.09803922
0.09803922
0.09803922
0.09803922
0.09803922
0.09803922
0.09803922
0.09803922
0.09803922
0.4862745
0.4862745
0.4862745
0.09803922
0.4862745
-0.47843137
-0.47843137
-0.47843137
-0.47843137
-0.47843137
-0.47843137
-0.47843137
-0.47843137
-0.003921569
-0.003921569
-0.003921569
-0.003921569
0.0
0.0
0.0
0.0
0.0
0.0
0.0
0.0
0.0
-0.29803923
-0.29803923
-0.29803923
-0.003921569
-0.003921569
0.32156864
-0.26666668
-0.003921569
-0.003921569
-0.003921569
-0.003921569
-0.003921569
-0.003921569
-0.003921569
-0.14509805
-0.1254902
-0.003921569
-0.003921569
-0.003921569
-0.003921569
-0.003921569
-0.003921569
-0.003921569
-0.003921569
-0.003921569
-0.003921569
-0.003921569
-0.003921569
-0.003921569
-0.003921569
-0.003921569
-0.003921569
-0.003921569
-0.003921569
-0.08627451
-0.14901961
0.19215687
0.36862746
0.015686275
-0.047058824
-0.003921569
-0.003921569
-0.003921569
-0.003921569
-0.003921569
-0.003921569
-0.003921569
-0.003921569
-0.003921569
-0.003921569
-0.003921569
-0.003921569
-0.003921569
-0.003921569
-0.003921569
-0.003921569
-0.003921569
-0.003921569
-0.003921569
-0.003921569
0.09803922
0.09803922
0.09803922
0.09803922
-0.16470589
0.49019608
0.08235294
0.09411765
0.09411765
-0.05490196
-0.05490196
0.09411765
0.09803922
0.09803922
0.003921569
0.078431375
0.07058824
0.07058824
0.07058824
-0.003921569
-0.003921569
-0.003921569
-0.003921569
-0.003921569
0.09803922
0.09803922
0.09803922
0.09803922
0.09803922
0.09803922
0.09803922
0.09803922
0.09803922
0.09803922
0.09411765
0.09411765
0.09411765
0.09411765
0.09411765
0.09411765
0.09411765
0.09411765
0.09411765
0.09411765
-0.03137255
0.09411765
0.09411765
0.09411765
0.09411765
0.09411765
0.08627451
0.08627451
0.09411765
0.45882353
-0.33333334
-0.33333334
-0.33333334
0.09803922
0.09803922
0.09803922
0.09803922
0.09803922
0.09803922
0.09803922
0.09803922
0.09803922
0.09803922
0.09803922
0.09803922
0.09803922
0.09803922
0.09803922
0.09803922
0.09803922
0.4862745
0.4862745
0.4862745
0.09803922
0.4862745
-0.47843137
-0.47843137
-0.47843137
-0.47843137
-0.47843137
-0.47843137
0.050980393
0.050980393
0.09803922
0.09803922
0.09803922
0.09803922
0.0
0.0
0.0
0.05882353
-0.40784314
0.0
0.0
0.0
0.0
-0.4862745
-0.4862745
-0.105882354
0.48235294
0.48235294
0.32941177
-0.40784314
-0.003921569
-0.003921569
-0.003921569
-0.003921569
-0.44705883
-0.003921569
-0.16470589
0.09803922
-0.28627452
-0.003921569
-0.003921569
-0.003921569
-0.003921569
-0.003921569
-0.003921569
-0.003921569
-0.003921569
-0.003921569
-0.003921569
-0.003921569
-0.003921569
-0.003921569
-0.003921569
-0.003921569
-0.003921569
-0.05882353
-0.101960786
-0.3137255
0.0
0.003921569
0.043137256
0.0
-0.003921569
-0.003921569
-0.003921569
-0.003921569
-0.003921569
-0.003921569
-0.003921569
-0.003921569
-0.003921569
-0.003921569
-0.003921569
-0.003921569
-0.003921569
-0.003921569
-0.003921569
-0.003921569
-0.003921569
-0.003921569
-0.003921569
-0.003921569
-0.003921569
0.09803922
0.09803922
0.09803922
0.09803922
0.07450981
0.07450981
0.07450981
0.07058824
0.09411765
-0.03529412
-0.05490196
-0.05490196
-0.05490196
0.09803922
0.003921569
0.003921569
-0.26666668
-0.26666668
0.07058824
-0.003921569
-0.003921569
-0.003921569
-0.003921569
-0.003921569
0.09803922
0.09803922
0.09803922
0.09803922
0.09803922
0.09803922
0.09803922
0.09803922
0.09803922
0.09803922
0.09411765
0.09411765
0.09411765
0.09411765
0.09411765
0.09411765
0.09411765
0.09411765
0.09411765
0.09411765
-0.38039216
0.09411765
0.09411765
0.09411765
0.09411765
0.09411765
0.08627451
0.08627451
0.09411765
0.08627451
0.03529412
-0.33333334
0.09803922
0.09803922
0.09803922
0.09803922
0.09803922
0.09803922
0.09803922
0.007843138
0.09803922
0.09803922
0.09803922
0.09803922
0.09803922
0.09803922
0.09803922
0.09803922
0.09803922
0.09803922
0.09803922
0.4862745
-0.47843137
-0.47843137
0.4862745
-0.47843137
-0.47843137
-0.47843137
-0.47843137
-0.47843137
-0.47843137
-0.47843137
-0.47843137
-0.003921569
-0.003921569
-0.003921569
-0.003921569
0.0
0.0
-0.40784314
-0.40784314
-0.40784314
-0.40784314
0.0
0.0
0.0
-0.4862745
-0.4862745
-0.105882354
0.43529412
0.48235294
0.41960785
-0.27058825
-0.003921569
-0.003921569
-0.003921569
-0.003921569
0.48235294
-0.40784314
-0.4627451
-0.45882353
-0.019607844
-0.003921569
-0.003921569
-0.003921569
-0.003921569
-0.003921569
-0.003921569
-0.003921569
-0.003921569
-0.003921569
-0.003921569
-0.003921569
-0.003921569
-0.003921569
-0.003921569
-0.003921569
-0.003921569
-0.078431375
-0.18431373
0.043137256
0.14901961
0.101960786
-0.47058824
0.07450981
-0.003921569
-0.003921569
-0.003921569
-0.003921569
-0.003921569
-0.003921569
-0.003921569
-0.003921569
-0.003921569
-0.003921569
-0.003921569
-0.003921569
-0.003921569
-0.003921569
-0.003921569
-0.003921569
-0.003921569
-0.003921569
-0.003921569
-0.003921569
-0.003921569
0.09803922
0.09803922
0.09803922
0.09803922
0.07450981
0.07450981
0.07450981
-0.29411766
-0.4117647
0.31764707
-0.05490196
-0.05490196
0.09411765
0.09803922
0.09803922
0.09803922
0.078431375
-0.21176471
-0.05490196
-0.003921569
-0.003921569
-0.003921569
-0.003921569
-0.003921569
0.09803922
0.09803922
0.09803922
0.09803922
0.09803922
0.09803922
0.09803922
0.09803922
0.09803922
0.09803922
0.09411765
0.09411765
0.09411765
0.09411765
0.09411765
0.09411765
0.09411765
0.09411765
0.09411765
0.09411765
-0.15294118
-0.03137255
0.09411765
0.09411765
0.09411765
0.09411765
0.08627451
0.08627451
0.09411765
0.08627451
0.03529412
0.03529412
0.05490196
0.05490196
0.09803922
0.09803922
0.09803922
0.09803922
0.09803922
0.09803922
0.007843138
0.003921569
0.37254903
0.09803922
0.09803922
0.09803922
0.09803922
0.09803922
0.09803922
0.09803922
0.09803922
-0.47843137
-0.47843137
-0.47843137
-0.47843137
-0.47843137
0.050980393
0.050980393
0.050980393
0.050980393
0.050980393
0.050980393
0.09803922
0.09803922
0.09803922
0.09803922
0.078431375
0.078431375
0.078431375
0.05882353
0.05882353
0.05882353
0.05882353
0.0
0.0
0.0
0.023529412
-0.105882354
-0.105882354
-0.4509804
0.49019608
-0.3019608
-0.003921569
-0.003921569
-0.003921569
-0.003921569
-0.003921569
-0.003921569
-0.003921569
-0.003921569
-0.003921569
-0.003921569
-0.003921569
-0.003921569
-0.003921569
-0.003921569
-0.003921569
-0.003921569
-0.003921569
-0.003921569
-0.039215688
-0.49411765
0.41960785
-0.26666668
-0.003921569
-0.003921569
-0.003921569
-0.003921569
-0.09803922
-0.49019608
0.42745098
0.0
0.007843138
0.015686275
0.43529412
-0.003921569
-0.003921569
-0.003921569
-0.003921569
-0.003921569
-0.003921569
-0.003921569
-0.003921569
-0.003921569
-0.003921569
-0.003921569
-0.003921569
-0.003921569
-0.003921569
-0.003921569
-0.003921569
-0.003921569
-0.003921569
-0.003921569
-0.003921569
-0.003921569
0.09803922
0.09803922
0.09803922
0.09803922
0.09803922
0.07450981
0.05882353
-0.29411766
0.06666667
-0.4117647
0.31764707
0.09411765
0.09411765
0.09803922
0.09803922
-0.003921569
-0.05490196
-0.21176471
0.0
0.0
-0.5019608
-0.003921569
-0.003921569
-0.003921569
0.09803922
0.09803922
0.09803922
0.09803922
0.09803922
0.09803922
0.09803922
0.09803922
0.09803922
0.09803922
0.09411765
0.09411765
0.09411765
0.09411765
0.09411765
0.09411765
0.09411765
0.09411765
0.09411765
0.09411765
0.09411765
-0.03137255
0.09411765
0.09411765
0.09411765
0.09411765
0.08627451
0.08627451
0.09411765
0.08627451
0.003921569
0.05490196
0.05490196
0.05490196
0.09803922
0.078431375
0.078431375
0.09803922
0.09803922
0.09803922
0.09803922
0.37254903
0.09803922
0.09803922
0.09803922
0.09803922
0.09803922
0.09803922
0.09803922
0.09803922
-0.47843137
-0.47843137
-0.47843137
-0.47843137
-0.47843137
-0.47843137
-0.47843137
-0.47843137
-0.47843137
0.050980393
0.050980393
0.09803922
0.09803922
0.09803922
0.09803922
0.09803922
0.09803922
0.09803922
0.078431375
0.05882353
0.05882353
0.05882353
-0.40784314
0.0
0.0
0.0
0.078431375
0.078431375
0.08627451
-0.43529412
-0.3254902
-0.12941177
-0.003921569
-0.003921569
-0.003921569
-0.003921569
-0.003921569
-0.003921569
-0.003921569
-0.003921569
-0.003921569
-0.003921569
-0.003921569
-0.003921569
-0.003921569
-0.003921569
-0.003921569
-0.003921569
-0.003921569
-0.003921569
-0.34509805
0.22352941
0.42352942
-0.4862745
-0.003921569
-0.003921569
-0.043137256
-0.003921569
-0.46666667
0.050980393
-0.46666667
0.49411765
0.043137256
0.007843138
-0.21960784
-0.003921569
-0.003921569
-0.003921569
-0.003921569
-0.003921569
-0.003921569
-0.003921569
-0.003921569
-0.003921569
-0.003921569
-0.003921569
-0.003921569
-0.003921569
-0.003921569
-0.003921569
-0.003921569
-0.003921569
-0.003921569
-0.003921569
-0.003921569
0.09803922
0.09803922
0.09803922
0.09803922
0.09803922
0.09803922
0.07450981
0.0
0.0
0.0
-0.4117647
-0.4117647
-0.4117647
0.039215688
0.09803922
0.09803922
-0.003921569
-0.1254902
-0.13725491
-0.13725491
0.003921569
-0.5019608
-0.5019608
-0.5019608
-0.5019608
0.0
0.09803922
0.09803922
0.09803922
0.09803922
0.09803922
0.09803922
0.09803922
0.09803922
0.015686275
0.09411765
0.09411765
0.09411765
0.09411765
0.09411765
0.09411765
0.09411765
-0.38039216
0.09411765
0.09411765
0.09411765
0.08235294
0.09411765
0.09411765
0.09411765
0.07450981
0.07450981
0.09411765
0.003921569
0.003921569
0.003921569
0.05490196
0.05490196
0.05882353
0.05882353
0.078431375
0.078431375
0.09803922
0.09803922
0.09803922
0.09803922
0.37254903
0.37254903
0.09803922
0.09803922
0.09803922
0.09803922
0.09803922
0.09803922
0.09803922
-0.47843137
-0.47843137
-0.47843137
-0.47843137
-0.47843137
-0.47843137
-0.47843137
-0.47843137
-0.47843137
-0.47843137
-0.003921569
-0.003921569
-0.003921569
-0.003921569
-0.003921569
-0.003921569
-0.003921569
-0.003921569
0.0
-0.40784314
-0.40784314
-0.40784314
-0.40784314
0.0
0.0
0.0
0.078431375
0.078431375
0.078431375
-0.44313726
-0.2901961
-0.09019608
-0.003921569
-0.003921569
-0.003921569
-0.003921569
-0.003921569
-0.003921569
-0.003921569
-0.003921569
-0.003921569
-0.003921569
-0.003921569
-0.003921569
-0.003921569
-0.003921569
-0.003921569
-0.003921569
-0.003921569
-0.003921569
-0.4862745
-0.44313726
-0.003921569
-0.003921569
-0.003921569
-0.003921569
-0.1254902
-0.05490196
0.09803922
-0.003921569
-0.003921569
-0.003921569
0.43137255
0.12941177
-0.011764706
-0.003921569
-0.003921569
-0.003921569
-0.003921569
-0.003921569
-0.003921569
-0.003921569
-0.003921569
-0.003921569
-0.003921569
-0.003921569
-0.003921569
-0.003921569
-0.003921569
-0.003921569
-0.003921569
-0.003921569
-0.003921569
-0.003921569
-0.003921569
0.09803922
0.19607843
0.09803922
0.09803922
0.09803922
0.09803922
0.09803922
0.0
0.0
0.0
-0.4117647
-0.4117647
-0.4117647
0.039215688
0.09803922
0.09803922
-0.003921569
-0.1254902
-0.13725491
-0.13725491
-0.13725491
-0.5019608
-0.5019608
-0.5019608
-0.5019608
0.0
0.09803922
0.09803922
0.09803922
0.09803922
0.09803922
0.09803922
0.09803922
0.09803922
0.09803922
0.09803922
0.07058824
0.07058824
0.09411765
0.09411765
0.09411765
0.09019608
-0.38039216
-0.38039216
0.09411765
0.09411765
0.08235294
0.08235294
0.08235294
0.09411765
0.07450981
0.07450981
0.07450981
0.003921569
0.003921569
0.003921569
0.05490196
0.05490196
0.05882353
0.05882353
0.078431375
0.078431375
0.09803922
0.09803922
0.09803922
0.09803922
0.37254903
0.09803922
0.09803922
0.09803922
0.09803922
0.09803922
0.09803922
0.09803922
-0.47843137
-0.47843137
-0.47843137
-0.47843137
-0.47843137
-0.47843137
-0.47843137
-0.47843137
-0.47843137
-0.47843137
-0.003921569
-0.003921569
-0.003921569
-0.003921569
-0.003921569
-0.003921569
-0.003921569
-0.003921569
-0.003921569
0.0
-0.40784314
-0.40784314
-0.40784314
-0.40784314
0.0
0.0
0.0
0.078431375
0.078431375
0.09803922
-0.3882353
-0.20784314
-0.011764706
-0.003921569
-0.003921569
-0.003921569
-0.003921569
-0.003921569
-0.003921569
-0.003921569
-0.003921569
-0.003921569
-0.003921569
0.02745098
0.003921569
-0.003921569
-0.003921569
-0.003921569
-0.003921569
-0.003921569
-0.3254902
0.47058824
-0.40392157
-0.003921569
-0.003921569
0.0
-0.078431375
-0.003921569
-0.24705882
0.39607844
-0.003921569
-0.003921569
-0.003921569
0.43137255
0.12941177
-0.003921569
-0.003921569
-0.003921569
-0.003921569
-0.003921569
-0.003921569
-0.003921569
-0.003921569
-0.003921569
-0.003921569
-0.003921569
-0.003921569
-0.003921569
-0.003921569
-0.003921569
-0.003921569
-0.003921569
-0.003921569
-0.003921569
-0.003921569
0.27058825
0.24313726
0.14509805
0.09803922
0.09803922
0.09803922
0.09803922
0.09803922
0.0
0.0
0.0
0.06666667
-0.4117647
-0.4117647
0.0
0.039215688
-0.1254902
-0.1254902
-0.1254902
-0.1254902
-0.13725491
-0.3529412
0.02745098
-0.5019608
-0.5019608
-0.5019608
0.0
0.09803922
0.09803922
0.09803922
0.09803922
0.09803922
0.09803922
0.09803922
0.09803922
0.09803922
0.09803922
0.07058824
0.07058824
0.043137256
0.043137256
0.09019608
0.09019608
0.09019608
0.08235294
0.08235294
0.09411765
0.09411765
0.09411765
0.09411765
0.09411765
0.08235294
0.08235294
0.003921569
0.003921569
0.05490196
0.05490196
0.05490196
0.05882353
0.05882353
0.05882353
0.078431375
0.039215688
0.09803922
0.09803922
0.09803922
0.003921569
-0.4862745
0.09803922
0.09803922
0.09803922
0.09803922
0.09803922
0.09803922
0.09803922
-0.47843137
-0.47843137
-0.47843137
-0.47843137
-0.47843137
-0.47843137
-0.47843137
-0.47843137
-0.47843137
-0.003921569
-0.003921569
-0.003921569
-0.003921569
-0.003921569
-0.003921569
-0.003921569
-0.003921569
-0.003921569
-0.003921569
0.0
-0.40784314
-0.40784314
-0.40784314
0.0
0.0
0.0
0.0
0.078431375
-0.21960784
-0.003921569
-0.40784314
-0.22352941
-0.003921569
-0.003921569
-0.003921569
-0.003921569
-0.003921569
-0.003921569
-0.003921569
-0.003921569
-0.003921569
-0.003921569
-0.003921569
0.02745098
0.25882354
-0.003921569
-0.003921569
-0.003921569
-0.003921569
-0.003921569
-0.23137255
-0.41960785
-0.003921569
-0.003921569
-0.003921569
-0.047058824
-0.08627451
-0.003921569
-0.41568628
-0.003921569
-0.003921569
-0.003921569
-0.003921569
0.43137255
-0.49019608
-0.003921569
-0.003921569
-0.003921569
-0.003921569
-0.003921569
-0.003921569
-0.003921569
-0.003921569
-0.003921569
-0.003921569
-0.003921569
-0.003921569
-0.003921569
-0.003921569
-0.003921569
-0.003921569
-0.003921569
-0.003921569
-0.003921569
-0.003921569
0.25490198
0.09803922
0.09803922
0.09803922
0.09803922
0.09803922
0.09803922
0.09803922
0.0
0.0
0.06666667
0.0
0.0
0.003921569
0.003921569
0.003921569
-0.003921569
-0.1254902
-0.14901961
-0.14901961
-0.14901961
-0.14901961
-0.3529412
0.043137256
0.03529412
0.003921569
0.0
0.0
0.09803922
0.09411765
-0.03529412
0.09411765
0.09411765
0.09803922
0.09803922
0.09803922
0.09803922
0.07450981
0.07450981
0.043137256
0.043137256
0.043137256
0.09019608
0.09019608
0.08235294
-0.38039216
0.08235294
0.08235294
0.08235294
0.08235294
0.08235294
0.08235294
0.08235294
0.08235294
0.05490196
0.05490196
0.05490196
0.05490196
0.05882353
0.05882353
0.078431375
0.039215688
0.09803922
0.09803922
0.09803922
0.09803922
0.37254903
0.09803922
0.09803922
0.09803922
0.09803922
0.09803922
0.09803922
0.4862745
0.4862745
-0.47843137
-0.47843137
-0.47843137
-0.47843137
-0.47843137
-0.47843137
-0.47843137
0.0
-0.003921569
-0.003921569
0.003921569
-0.003921569
-0.003921569
-0.003921569
-0.003921569
-0.003921569
-0.003921569
-0.003921569
-0.003921569
0.0
0.0
-0.40784314
0.0
0.0
0.0
0.09803922
-0.078431375
0.078431375
-0.21960784
0.3137255
-0.43137255
-0.39607844
-0.08627451
-0.3137255
-0.32156864
-0.19215687
-0.08627451
-0.03137255
-0.003921569
-0.003921569
-0.003921569
-0.003921569
-0.003921569
0.3764706
0.27450982
-0.03137255
-0.003921569
-0.003921569
-0.003921569
-0.003921569
-0.011764706
-0.02745098
-0.003921569
-0.003921569
-0.003921569
-0.15686275
-0.003921569
-0.003921569
-0.21568628
-0.003921569
-0.003921569
-0.003921569
0.043137256
0.23529412
-0.14901961
-0.003921569
-0.003921569
-0.003921569
-0.003921569
-0.003921569
-0.003921569
-0.003921569
-0.003921569
-0.003921569
-0.003921569
-0.003921569
-0.003921569
-0.003921569
-0.003921569
-0.003921569
-0.003921569
-0.003921569
-0.003921569
-0.003921569
0.23921569
0.22745098
0.09803922
0.09803922
-0.003921569
-0.003921569
0.09803922
0.09803922
-0.003921569
0.0
0.0
0.0
0.0
0.0
0.003921569
0.003921569
-0.003921569
-0.003921569
-0.003921569
-0.003921569
-0.14901961
-0.14901961
-0.14901961
-0.3529412
-0.3529412
0.03529412
0.08235294
0.0627451
0.0627451
0.0627451
0.09411765
-0.03529412
-0.03529412
0.09411765
0.09411765
0.09803922
0.09803922
0.09803922
0.07450981
0.07450981
0.043137256
0.043137256
0.043137256
0.09019608
0.09019608
-0.17254902
0.08235294
0.08235294
0.08235294
0.08235294
0.08235294
0.047058824
0.047058824
0.047058824
0.05490196
0.047058824
0.047058824
0.05490196
0.05882353
0.078431375
0.078431375
0.09803922
0.09803922
0.09803922
0.09803922
0.09803922
0.09803922
0.09803922
0.09803922
0.09803922
0.09803922
0.09803922
0.09803922
0.4862745
0.4862745
0.09803922
-0.47843137
-0.47843137
-0.47843137
-0.47843137
-0.47843137
0.09803922
0.0
-0.003921569
-0.003921569
-0.003921569
-0.003921569
-0.003921569
-0.003921569
-0.003921569
-0.003921569
-0.003921569
-0.003921569
-0.003921569
-0.003921569
0.0
0.0
0.0
0.0
0.0
0.09803922
0.09803922
-0.078431375
-0.21960784
-0.21960784
0.03137255
-0.39215687
0.48235294
-0.38431373
-0.4745098
-0.5019608
-0.42352942
-0.4745098
0.45882353
0.4509804
-0.19607843
-0.003921569
-0.003921569
-0.003921569
0.3529412
0.41960785
-0.09411765
-0.003921569
-0.003921569
-0.003921569
-0.003921569
-0.07450981
-0.003921569
-0.003921569
-0.003921569
-0.003921569
0.039215688
-0.2
-0.05882353
-0.003921569
-0.003921569
-0.003921569
-0.003921569
0.43137255
-0.44313726
-0.003921569
-0.003921569
-0.003921569
-0.003921569
-0.003921569
-0.003921569
-0.003921569
-0.003921569
-0.003921569
-0.003921569
-0.003921569
-0.003921569
-0.003921569
-0.003921569
-0.003921569
-0.003921569
-0.003921569
-0.003921569
-0.003921569
-0.003921569
0.23137255
0.21176471
0.09803922
0.0
0.0
0.0
-0.003921569
-0.003921569
-0.003921569
0.09803922
0.0
0.0
0.0
0.0
0.0
0.0
-0.003921569
-0.003921569
-0.003921569
-0.003921569
-0.13333334
-0.13333334
-0.13333334
-0.3529412
-0.3529412
0.08235294
-0.37254903
0.0627451
0.0627451
0.0627451
0.0627451
0.09411765
-0.03529412
0.09411765
0.09411765
0.09411765
0.09803922
0.09803922
0.09803922
0.043137256
0.043137256
0.043137256
0.043137256
0.043137256
0.003921569
0.003921569
-0.17254902
-0.17254902
0.08235294
0.08235294
-0.5019608
0.047058824
0.047058824
0.047058824
0.05490196
0.05490196
0.047058824
0.05882353
0.078431375
0.078431375
0.078431375
0.09803922
0.09803922
0.09803922
0.09803922
0.09803922
0.09803922
0.09803922
0.09803922
0.09803922
0.09803922
0.09803922
0.09803922
0.09803922
0.4862745
0.4862745
0.4862745
0.09803922
0.34901962
0.34901962
0.09803922
0.09803922
0.0
-0.003921569
-0.003921569
-0.003921569
-0.003921569
-0.003921569
-0.003921569
-0.003921569
-0.003921569
-0.003921569
-0.003921569
-0.003921569
-0.18431373
0.0
0.0
0.0
0.0
0.0
0.09803922
0.09803922
0.09019608
0.0
0.0
0.37254903
-0.21960784
-0.30980393
-0.08627451
-0.003921569
-0.003921569
-0.003921569
-0.043137256
-0.30588236
0.0
0.32941177
-0.003921569
-0.003921569
-0.003921569
-0.43529412
-0.29411766
-0.003921569
-0.003921569
-0.003921569
-0.003921569
-0.003921569
-0.3647059
-0.08627451
-0.003921569
-0.003921569
-0.003921569
0.039215688
-0.0627451
-0.34901962
-0.003921569
-0.003921569
-0.003921569
-0.003921569
0.43137255
-0.050980393
-0.003921569
-0.003921569
-0.003921569
-0.003921569
-0.003921569
-0.003921569
-0.003921569
-0.003921569
-0.003921569
-0.003921569
-0.003921569
-0.003921569
-0.003921569
-0.003921569
-0.003921569
-0.003921569
-0.003921569
-0.003921569
-0.003921569
-0.003921569
0.21568628
0.21176471
0.09803922
0.0
0.0
0.0
-0.003921569
-0.003921569
-0.003921569
0.09803922
0.0
0.0
0.0
0.0
0.0
0.0
0.0
-0.003921569
-0.003921569
-0.003921569
-0.13333334
-0.13333334
-0.13333334
-0.13333334
-0.3529412
-0.37254903
-0.37254903
0.0627451
0.0627451
0.0627451
0.0627451
0.09411765
0.09411765
-0.03529412
0.09411765
0.09411765
-0.03529412
0.09803922
0.09803922
0.09803922
0.09803922
0.043137256
0.043137256
0.043137256
0.003921569
0.003921569
0.003921569
0.08235294
0.08235294
0.08235294
-0.5019608
-0.5019608
-0.5019608
-0.5019608
0.05490196
-0.5019608
0.08235294
0.078431375
0.078431375
0.078431375
0.07058824
0.09803922
0.09803922
0.09803922
0.09803922
0.09803922
0.09803922
0.09803922
0.09803922
0.09803922
0.09803922
0.09803922
0.09803922
0.4862745
0.4862745
0.09803922
0.09803922
0.09803922
0.09803922
0.09803922
0.09803922
0.0
0.0
-0.003921569
-0.003921569
-0.003921569
-0.003921569
-0.003921569
-0.003921569
-0.003921569
-0.003921569
-0.003921569
-0.18431373
-0.18431373
-0.18431373
-0.18431373
0.0
0.0
0.0
0.0
0.09803922
0.09803922
0.09019608
0.0
0.09803922
0.36862746
-0.13333334
-0.1882353
-0.011764706
-0.003921569
-0.003921569
-0.003921569
-0.003921569
-0.3254902
-0.003921569
0.3372549
-0.003921569
-0.003921569
-0.003921569
-0.015686275
-0.20784314
-0.047058824
-0.003921569
-0.003921569
-0.003921569
-0.003921569
-0.47058824
-0.003921569
-0.003921569
-0.003921569
0.06666667
-0.08235294
-0.003921569
-0.45882353
-0.003921569
-0.003921569
-0.003921569
-0.003921569
0.007843138
-0.08627451
-0.003921569
-0.003921569
-0.003921569
-0.003921569
-0.003921569
-0.003921569
-0.003921569
-0.003921569
-0.003921569
-0.003921569
-0.003921569
-0.003921569
-0.003921569
-0.003921569
-0.003921569
-0.003921569
-0.003921569
-0.003921569
-0.003921569
0.09803922
0.22352941
-0.003921569
0.0
0.0
0.0
0.019607844
-0.003921569
-0.003921569
-0.003921569
0.09803922
0.0
0.0
0.0
0.0
-0.003921569
0.0
0.0
0.003921569
0.003921569
-0.13333334
-0.13333334
-0.13333334
-0.13333334
0.42352942
0.42352942
-0.37254903
-0.37254903
0.0627451
0.0627451
0.0627451
0.0627451
0.0627451
0.0627451
-0.03529412
0.09411765
0.09411765
0.09411765
0.09803922
0.09803922
0.09803922
0.09803922
0.09803922
0.09803922
0.09803922
0.003921569
0.003921569
0.003921569
0.003921569
0.08235294
0.08235294
0.08235294
0.08235294
0.08235294
0.08235294
0.0627451
0.0627451
0.08235294
0.078431375
0.078431375
0.07058824
0.09803922
0.09803922
0.09803922
0.09803922
0.09803922
0.09803922
0.09803922
0.09803922
0.09803922
0.09803922
0.09803922
0.09803922
0.09803922
0.09803922
0.09803922
0.09803922
0.09803922
0.09803922
0.09803922
0.09803922
-0.13725491
0.0
0.0
0.003921569
-0.003921569
-0.003921569
-0.003921569
-0.003921569
0.21960784
-0.003921569
-0.003921569
-0.003921569
-0.18431373
-0.18431373
-0.18431373
-0.18431373
0.0
0.0
0.0
0.0
0.09803922
0.09803922
0.09019608
-0.003921569
-0.003921569
0.3372549
-0.22745098
-0.4627451
0.4862745
-0.4117647
-0.33333334
-0.003921569
-0.02745098
-0.34901962
0.4627451
-0.14117648
-0.003921569
-0.003921569
-0.003921569
-0.003921569
-0.3019608
-0.43137255
-0.003921569
-0.003921569
-0.003921569
-0.003921569
-0.039215688
-0.003921569
-0.003921569
-0.003921569
0.05882353
0.09803922
-0.003921569
-0.36078432
-0.003921569
-0.003921569
-0.003921569
-0.003921569
0.38039216
-0.050980393
-0.003921569
-0.003921569
-0.003921569
-0.003921569
-0.003921569
-0.003921569
-0.003921569
-0.003921569
-0.003921569
-0.003921569
-0.003921569
-0.003921569
-0.003921569
-0.003921569
-0.003921569
-0.003921569
-0.003921569
-0.003921569
-0.003921569
0.09803922
0.24705882
-0.003921569
0.02745098
0.11764706
0.0
0.003921569
-0.003921569
-0.003921569
-0.003921569
0.09803922
0.09803922
0.0
0.0
0.0
0.09803922
0.0
0.0
0.0
0.0
-0.13333334
-0.13333334
-0.13333334
0.42352942
0.42352942
0.42352942
0.42352942
-0.37254903
0.0627451
0.0627451
0.0627451
0.0627451
0.0627451
0.0627451
0.0627451
0.09803922
0.09803922
0.09803922
0.09803922
0.09803922
0.09803922
0.09803922
0.09803922
0.09803922
0.09803922
0.09803922
0.003921569
0.003921569
0.003921569
0.003921569
0.003921569
0.08235294
0.08235294
0.08235294
0.0627451
0.0627451
0.0627451
0.0627451
0.07058824
0.07058824
0.09803922
0.09803922
0.09803922
0.09803922
0.09803922
0.09803922
0.09803922
0.09803922
0.09803922
0.09803922
0.09803922
0.09803922
0.09803922
0.09803922
0.09803922
0.09803922
0.09803922
0.09803922
0.09803922
0.09803922
0.08627451
0.08627451
0.08627451
0.0
0.003921569
-0.003921569
-0.003921569
-0.003921569
-0.003921569
0.27450982
-0.003921569
-0.003921569
-0.003921569
-0.003921569
-0.003921569
-0.18431373
-0.18431373
0.0
0.0
0.0
0.0
0.09803922
0.09803922
-0.078431375
-0.003921569
-0.003921569
0.3019608
-0.21568628
-0.46666667
0.40784314
-0.3137255
-0.24705882
-0.003921569
-0.003921569
-0.003921569
-0.003921569
-0.003921569
-0.003921569
-0.003921569
-0.003921569
-0.003921569
-0.11372549
-0.41960785
-0.003921569
-0.003921569
-0.003921569
-0.33333334
-0.14117648
-0.003921569
-0.003921569
-0.003921569
0.10980392
-0.003921569
-0.2509804
-0.1254902
-0.003921569
-0.003921569
-0.003921569
0.3764706
-0.38431373
-0.003921569
-0.003921569
-0.003921569
-0.003921569
-0.003921569
-0.003921569
-0.003921569
-0.003921569
-0.003921569
-0.003921569
-0.003921569
-0.003921569
-0.003921569
-0.003921569
-0.003921569
-0.003921569
-0.003921569
-0.003921569
-0.003921569
0.09803922
0.09803922
-0.003921569
0.41960785
0.011764706
0.043137256
0.023529412
-0.003921569
-0.003921569
-0.003921569
0.0
0.0
0.0
0.0
0.0
0.0
0.0
0.0
0.0
0.0
0.0
0.0
-0.13333334
-0.13333334
0.42352942
0.42352942
0.42352942
0.42352942
-0.37254903
-0.37254903
0.0627451
0.0627451
0.0627451
0.0627451
0.0627451
0.0627451
0.05882353
0.09803922
0.09803922
0.09803922
0.09803922
0.09803922
0.09803922
0.09803922
0.09803922
0.09803922
0.09803922
0.09803922
0.003921569
0.003921569
0.05882353
0.05882353
0.05882353
0.05882353
0.0627451
0.0627451
0.0627451
0.07058824
0.07058824
0.07058824
0.09803922
0.09803922
0.09803922
0.09803922
0.30980393
0.30980393
0.09803922
0.09803922
0.09803922
0.09803922
0.30980393
0.30980393
0.09803922
0.09803922
0.09803922
0.09803922
0.09803922
0.09803922
0.050980393
0.050980393
0.050980393
0.08627451
0.08627451
0.0
0.0
0.003921569
0.023529412
0.078431375
0.17254902
0.2901961
0.27058825
-0.003921569
-0.003921569
-0.003921569
-0.003921569
-0.003921569
-0.18431373
-0.18431373
0.0
0.0
0.0
0.0
-0.003921569
-0.003921569
-0.078431375
0.09803922
0.09803922
0.27450982
-0.14117648
-0.14509805
-0.07058824
-0.003921569
-0.003921569
-0.003921569
-0.003921569
-0.003921569
-0.003921569
-0.003921569
-0.003921569
-0.003921569
-0.07058824
-0.003921569
-0.003921569
-0.003921569
-0.003921569
-0.003921569
0.08235294
0.21568628
-0.21176471
-0.003921569
-0.003921569
0.09411765
0.09803922
-0.003921569
0.49803922
-0.003921569
-0.003921569
-0.003921569
-0.003921569
-0.45490196
-0.007843138
-0.003921569
-0.003921569
-0.003921569
-0.003921569
-0.003921569
-0.003921569
-0.003921569
-0.003921569
-0.003921569
-0.003921569
-0.003921569
-0.003921569
-0.003921569
-0.003921569
-0.003921569
-0.003921569
-0.003921569
-0.003921569
-0.003921569
0.09803922
0.09803922
-0.003921569
-0.003921569
-0.003921569
0.003921569
0.007843138
0.011764706
-0.003921569
-0.003921569
0.0
0.0
0.0
0.0
0.0
0.0
0.0
0.0
0.0
0.0
0.0
0.0
0.0
0.0
0.42352942
0.42352942
0.42352942
0.42352942
0.42352942
0.42352942
0.0627451
0.0627451
0.0627451
0.0627451
0.0627451
0.05882353
0.05882353
0.0
0.08235294
0.08235294
0.08235294
0.09803922
0.09803922
0.0
0.09803922
0.09803922
0.09803922
0.09803922
0.09803922
0.003921569
0.05882353
0.05882353
0.039215688
0.039215688
0.039215688
0.039215688
0.043137256
0.043137256
0.003921569
0.09803922
0.09803922
0.09803922
0.09803922
0.09803922
0.30980393
0.09803922
0.09803922
0.30980393
0.30980393
0.30980393
0.09803922
0.09803922
0.09803922
0.09803922
0.09803922
0.09803922
0.09803922
0.050980393
0.050980393
0.050980393
0.050980393
0.08627451
0.0
0.0
0.0
0.0
0.015686275
0.05490196
0.13333334
0.23921569
0.22352941
0.0627451
-0.003921569
-0.003921569
0.09803922
0.09803922
-0.09019608
-0.09019608
0.09019608
0.08627451
-0.2509804
0.0
0.09803922
0.09803922
-0.078431375
0.09803922
0.09803922
0.23921569
-0.13725491
-0.003921569
-0.003921569
-0.003921569
-0.003921569
-0.003921569
-0.003921569
-0.003921569
-0.003921569
-0.003921569
-0.09803922
-0.003921569
-0.20392157
-0.37254903
-0.003921569
-0.003921569
-0.003921569
-0.003921569
0.047058824
-0.34117648
-0.003921569
-0.003921569
-0.003921569
0.09019608
0.09803922
-0.003921569
0.38039216
-0.003921569
-0.003921569
-0.003921569
0.09411765
0.18039216
-0.003921569
-0.003921569
-0.003921569
-0.003921569
-0.003921569
-0.003921569
-0.003921569
-0.003921569
-0.003921569
-0.003921569
-0.003921569
-0.003921569
-0.003921569
-0.003921569
-0.003921569
-0.003921569
-0.003921569
-0.003921569
-0.003921569
-0.003921569
0.09803922
-0.003921569
-0.49411765
0.011764706
0.13333334
0.3019608
0.33333334
-0.003921569
-0.003921569
-0.003921569
-0.003921569
0.0
0.0
0.003921569
0.0
0.0
0.0
0.0
0.0
0.0
0.0
0.0
0.0
0.0
0.42352942
0.42352942
0.42352942
0.42352942
0.42352942
0.42352942
0.039215688
0.039215688
0.039215688
0.0
0.0
0.0
0.0
0.09803922
0.07058824
0.08235294
0.08235294
0.08235294
0.08235294
0.09803922
0.09803922
0.09803922
0.09803922
0.09803922
0.09803922
0.0
-0.4862745
0.05882353
0.039215688
0.039215688
0.039215688
0.043137256
0.043137256
0.043137256
0.043137256
0.043137256
0.09803922
0.09803922
0.09803922
0.09803922
0.09803922
0.09803922
0.09803922
0.09803922
0.09803922
0.09803922
0.09803922
0.09803922
0.09803922
0.09803922
0.09803922
0.09803922
0.09803922
0.050980393
0.050980393
0.050980393
0.08235294
0.08235294
0.0
0.0
0.0
0.0
0.007843138
0.03137255
0.078431375
0.13725491
0.1254902
0.03529412
-0.39215687
-0.003921569
-0.003921569
-0.003921569
-0.09019608
-0.09019608
-0.12156863
-0.12156863
-0.36078432
0.07450981
0.09803922
0.09803922
0.09019608
-0.02745098
-0.003921569
0.20784314
-0.16078432
-0.02745098
-0.003921569
-0.003921569
-0.003921569
-0.003921569
-0.003921569
-0.003921569
-0.003921569
-0.003921569
-0.2901961
-0.15294118
-0.4117647
-0.26666668
-0.003921569
-0.003921569
-0.003921569
-0.003921569
0.105882354
-0.39215687
-0.003921569
-0.003921569
-0.003921569
0.12156863
-0.003921569
-0.003921569
-0.03137255
-0.003921569
-0.003921569
-0.003921569
0.31764707
-0.003921569
-0.003921569
-0.003921569
-0.003921569
-0.003921569
-0.003921569
-0.003921569
-0.003921569
-0.003921569
-0.003921569
-0.003921569
-0.003921569
-0.003921569
-0.003921569
-0.003921569
-0.003921569
-0.003921569
-0.003921569
-0.003921569
-0.003921569
-0.003921569
-0.003921569
-0.003921569
0.1764706
-0.34901962
-0.37254903
-0.1254902
0.36862746
0.03529412
0.0627451
-0.003921569
-0.003921569
0.09803922
0.003921569
0.011764706
0.0
0.0
0.0
0.0
0.0
0.0
0.0
0.0
0.0
0.0
0.0
0.42352942
0.42352942
0.42352942
0.42352942
0.42352942
0.039215688
0.039215688
0.039215688
0.0
0.0
0.0
0.0
-0.003921569
0.07058824
0.0
0.08235294
0.08235294
0.08235294
0.08235294
0.08235294
0.09803922
0.09803922
0.07450981
0.07450981
0.07450981
0.07450981
-0.4862745
-0.4862745
0.003921569
0.003921569
0.003921569
0.043137256
0.043137256
0.043137256
0.043137256
0.043137256
0.09803922
0.09803922
0.09803922
0.09803922
0.09803922
0.09803922
0.09803922
0.09803922
0.09803922
0.09803922
0.09803922
0.09803922
0.09803922
0.09803922
0.09803922
0.09803922
0.09803922
0.08235294
0.08235294
0.08235294
0.08235294
0.0
0.0
0.0
0.0
0.003921569
0.011764706
0.03529412
0.07058824
0.06666667
0.019607844
-0.39215687
-0.003921569
-0.003921569
-0.003921569
0.36862746
0.36862746
-0.12156863
-0.12156863
-0.36078432
-0.2509804
0.0
0.0
0.0
-0.02745098
-0.02745098
0.18039216
-0.16862746
-0.07450981
-0.047058824
-0.003921569
-0.003921569
-0.003921569
-0.003921569
-0.003921569
-0.003921569
-0.13725491
0.4627451
-0.07450981
0.49803922
-0.003921569
-0.003921569
-0.003921569
-0.003921569
0.050980393
0.078431375
0.05490196
0.06666667
-0.1764706
-0.06666667
-0.003921569
-0.003921569
-0.003921569
-0.023529412
-0.13333334
-0.003921569
0.34117648
-0.23529412
-0.003921569
-0.003921569
-0.003921569
-0.003921569
-0.003921569
-0.003921569
-0.003921569
-0.003921569
-0.003921569
-0.003921569
-0.003921569
-0.003921569
-0.12941177
-0.003921569
-0.003921569
-0.003921569
-0.003921569
-0.003921569
-0.003921569
-0.003921569
-0.003921569
-0.003921569
-0.003921569
-0.16862746
-0.43529412
-0.22352941
-0.019607844
0.3529412
0.1882353
0.36078432
0.34117648
-0.003921569
0.09803922
0.011764706
0.03137255
0.0
0.0
0.0
0.0
0.0
0.0
0.0
0.0
0.0
0.0
0.0
0.0
0.0
0.42352942
0.42352942
0.42352942
0.039215688
0.039215688
0.0
0.0
0.0
0.0
0.0
-0.003921569
0.0
0.0
0.0
0.08235294
0.08235294
0.08235294
0.08235294
0.08235294
0.08235294
0.08235294
0.07450981
0.07450981
0.07450981
0.07450981
0.07450981
0.0
0.003921569
0.003921569
-0.21568628
-0.21568628
-0.21568628
-0.21568628
-0.21568628
-0.21568628
-0.21568628
-0.21568628
0.09019608
0.09019608
0.09019608
0.09803922
0.09803922
0.09803922
0.09803922
0.09803922
0.09803922
0.09803922
0.09803922
0.09803922
0.09803922
0.05490196
0.08235294
0.08235294
-0.003921569
-0.003921569
0.0
0.0
0.0
0.0
0.0
0.003921569
0.015686275
0.03137255
0.03137255
0.007843138
-0.39215687
-0.39215687
-0.003921569
-0.003921569
0.36862746
0.36862746
-0.12156863
-0.12156863
-0.36078432
-0.2509804
0.0
0.0
0.0
-0.22352941
-0.02745098
0.16078432
-0.16470589
-0.18039216
-0.44313726
-0.41960785
-0.19607843
-0.007843138
-0.003921569
-0.003921569
-0.003921569
-0.003921569
-0.011764706
-0.003921569
-0.003921569
-0.003921569
-0.003921569
-0.003921569
-0.003921569
0.019607844
0.015686275
-0.20392157
-0.31764707
-0.3372549
0.11372549
-0.003921569
-0.003921569
-0.003921569
-0.23921569
-0.47843137
-0.003921569
0.39215687
-0.007843138
-0.003921569
-0.003921569
-0.003921569
-0.003921569
-0.003921569
-0.003921569
-0.003921569
-0.003921569
-0.003921569
-0.06666667
-0.12941177
-0.003921569
-0.40392157
-0.003921569
-0.003921569
-0.003921569
-0.003921569
-0.003921569
-0.003921569
-0.003921569
-0.003921569
-0.003921569
-0.003921569
-0.003921569
-0.30588236
-0.015686275
-0.34509805
0.32941177
-0.44313726
-0.16078432
-0.28235295
0.4
0.09803922
-0.003921569
0.07058824
0.0
0.0
0.0
0.0
0.0
0.0
0.0
0.0
0.0
0.0
0.0
0.0
0.003921569
0.0
0.0
0.0
-0.003921569
0.0
0.0
0.0
0.0
0.0
0.0
-0.047058824
0.0
0.0
0.0
0.0
0.0
0.08235294
0.08235294
0.08235294
0.08235294
0.08235294
0.08235294
0.08235294
-0.4862745
-0.4862745
-0.4862745
0.0
-0.21568628
-0.21568628
-0.21568628
-0.21568628
-0.21568628
-0.21568628
-0.21568628
-0.21568628
-0.21568628
-0.21568628
-0.21568628
0.09019608
0.09019608
0.078431375
0.09803922
0.09803922
0.09803922
0.09803922
0.09803922
0.09803922
0.09803922
0.09803922
0.09411765
0.09411765
0.05490196
0.05490196
-0.003921569
-0.003921569
0.0
0.0
0.0
0.0
0.0
0.0
0.003921569
0.011764706
0.39215687
0.39215687
0.39215687
0.0
0.0
0.36862746
0.36862746
0.36862746
-0.12156863
-0.12156863
-0.36078432
-0.2509804
0.0
0.0
0.0
-0.003921569
-0.003921569
0.13725491
-0.18039216
-0.21176471
0.4627451
0.42352942
-0.47058824
-0.30980393
-0.23529412
-0.003921569
-0.003921569
-0.003921569
-0.003921569
-0.003921569
-0.003921569
-0.003921569
-0.003921569
-0.003921569
-0.003921569
0.2
0.03137255
-0.003921569
-0.003921569
-0.003921569
0.12156863
-0.003921569
-0.003921569
-0.003921569
-0.22745098
0.44705883
-0.043137256
-0.043137256
-0.003921569
-0.003921569
-0.003921569
-0.003921569
-0.003921569
-0.003921569
-0.003921569
-0.15686275
0.09803922
0.09803922
-0.003921569
-0.003921569
-0.003921569
-0.003921569
-0.003921569
-0.003921569
-0.003921569
-0.003921569
-0.003921569
-0.003921569
-0.003921569
-0.003921569
-0.003921569
-0.003921569
-0.003921569
-0.003921569
-0.011764706
-0.49803922
0.4627451
-0.08627451
-0.003921569
-0.003921569
-0.21568628
0.49019608
-0.003921569
0.08235294
0.0
0.0
0.0
0.0
0.0
0.0
0.0
0.0
0.0
0.0
0.0
0.0
0.003921569
0.0
0.0
0.0
0.0
0.0
0.0
0.0
0.0
0.0
0.0
-0.047058824
0.0
0.0
0.0
0.0
0.0
0.0
0.0
0.08235294
0.08235294
0.0
0.08235294
0.08235294
0.08235294
-0.4862745
-0.4862745
-0.21568628
-0.21568628
-0.21568628
-0.21568628
-0.21568628
-0.21568628
-0.21568628
-0.21568628
-0.21568628
-0.21568628
-0.21568628
-0.21568628
0.039215688
0.039215688
0.078431375
-0.105882354
-0.105882354
0.09803922
0.09803922
0.09803922
0.09803922
0.09803922
0.09803922
0.09411765
0.09411765
-0.003921569
-0.003921569
-0.003921569
-0.003921569
0.0
0.0
0.0
0.0
0.0
0.0
0.0
0.003921569
0.39215687
0.39215687
0.39215687
0.0
0.0
0.0
0.36862746
0.36862746
-0.12156863
-0.12156863
-0.36078432
-0.2509804
0.0
0.0
0.0
-0.003921569
-0.003921569
0.09803922
-0.26666668
-0.16470589
-0.14509805
-0.23137255
-0.35686275
-0.12156863
-0.003921569
-0.003921569
-0.003921569
-0.003921569
-0.003921569
-0.003921569
-0.003921569
-0.003921569
-0.003921569
-0.003921569
-0.003921569
-0.13333334
-0.35686275
-0.003921569
-0.003921569
0.11764706
-0.003921569
-0.003921569
-0.003921569
-0.003921569
-0.003921569
-0.39215687
-0.40392157
-0.043137256
-0.38039216
-0.003921569
-0.003921569
-0.003921569
-0.003921569
0.09803922
0.09803922
-0.003921569
-0.003921569
-0.003921569
-0.003921569
-0.003921569
-0.003921569
-0.003921569
-0.003921569
-0.003921569
-0.003921569
-0.003921569
-0.003921569
-0.003921569
-0.003921569
-0.003921569
-0.003921569
-0.003921569
-0.003921569
-0.003921569
-0.34901962
0.3372549
-0.4862745
-0.05882353
-0.003921569
-0.003921569
-0.003921569
-0.25490198
0.35686275
0.40784314
-0.40392157
0.0
0.0
0.0
0.0
0.09803922
0.0
0.0
0.0
0.0
0.0
0.0
0.0
0.0
0.0
0.0
0.0
0.0
0.0
0.0
0.0
0.0
0.0
0.0
0.0
0.0
0.0
0.0
0.0
0.0
0.0
0.0
0.0
0.0
-0.4862745
-0.4862745
-0.4862745
-0.4862745
-0.4862745
-0.21568628
-0.21568628
-0.21568628
-0.21568628
-0.21568628
-0.21568628
-0.21568628
-0.21568628
-0.21568628
-0.21568628
-0.21568628
-0.21568628
0.039215688
0.039215688
-0.105882354
-0.105882354
-0.105882354
-0.105882354
0.09803922
0.09803922
0.09803922
0.09803922
0.09803922
0.07058824
-0.003921569
-0.003921569
-0.003921569
-0.003921569
-0.003921569
0.0
0.0
0.0
0.0
0.0
0.0
0.30980393
0.30980393
0.39215687
0.39215687
0.37254903
0.37254903
0.37254903
0.37254903
0.37254903
0.37254903
-0.12156863
-0.12156863
-0.36078432
-0.2509804
0.0
0.0
0.0
0.09803922
0.09803922
0.06666667
-0.41960785
-0.3137255
-0.003921569
-0.003921569
-0.2901961
-0.31764707
-0.003921569
-0.003921569
-0.07058824
-0.1254902
-0.16470589
-0.003921569
-0.003921569
-0.003921569
-0.003921569
-0.003921569
-0.003921569
-0.07450981
-0.003921569
-0.003921569
-0.003921569
0.08627451
-0.003921569
-0.003921569
-0.003921569
-0.003921569
-0.003921569
-0.019607844
0.0
0.09411765
0.34901962
0.4
0.09803922
0.16862746
-0.003921569
-0.003921569
-0.003921569
-0.003921569
-0.003921569
-0.003921569
-0.003921569
-0.003921569
-0.003921569
-0.003921569
-0.08627451
-0.003921569
-0.003921569
-0.003921569
-0.003921569
-0.003921569
-0.003921569
-0.003921569
-0.003921569
-0.003921569
-0.003921569
-0.023529412
0.44313726
0.1764706
0.36078432
-0.2901961
-0.003921569
-0.003921569
-0.003921569
-0.003921569
-0.22352941
-0.37254903
0.38039216
0.3372549
0.0
0.003921569
0.011764706
0.09803922
0.09803922
0.0
0.0
0.0
0.0
0.0
0.0
0.0
0.0
0.0
0.0
0.0
0.0
0.0
0.0
0.0
0.0
0.0
0.0
0.0
0.0
0.0
0.0
0.0
0.0
0.0
0.0
0.09803922
-0.4862745
-0.4862745
-0.4862745
-0.4862745
0.09803922
0.09803922
-0.21568628
-0.21568628
-0.21568628
-0.21568628
-0.21568628
-0.21568628
-0.21568628
-0.21568628
-0.21568628
-0.21568628
0.039215688
0.039215688
0.003921569
0.003921569
0.08627451
0.08627451
-0.105882354
0.09803922
0.09803922
0.09803922
0.09803922
0.09803922
0.07058824
0.09803922
0.09803922
0.09803922
-0.003921569
-0.003921569
0.0
0.0
0.0
0.0
0.0
0.0
0.30980393
0.30980393
0.39215687
0.37254903
0.37254903
0.37254903
0.37254903
0.37254903
0.37254903
0.37254903
-0.36078432
-0.36078432
0.0
0.0
0.0
0.0
0.0
0.06666667
0.06666667
0.047058824
-0.4627451
-0.3764706
-0.003921569
-0.003921569
-0.22745098
-0.39607844
-0.047058824
-0.18039216
-0.45882353
0.40392157
-0.003921569
-0.003921569
-0.003921569
-0.003921569
-0.003921569
-0.003921569
-0.003921569
-0.08235294
-0.003921569
-0.003921569
0.08627451
0.078431375
-0.003921569
-0.003921569
-0.003921569
-0.003921569
-0.003921569
0.3882353
0.09803922
0.09411765
0.09411765
0.09803922
-0.30980393
-0.003921569
-0.003921569
-0.003921569
-0.003921569
-0.003921569
-0.003921569
-0.003921569
-0.003921569
-0.003921569
-0.003921569
-0.003921569
-0.1254902
-0.003921569
-0.003921569
-0.003921569
-0.003921569
-0.003921569
-0.003921569
-0.003921569
-0.003921569
-0.003921569
-0.003921569
-0.003921569
-0.4745098
0.23921569
0.28627452
-0.48235294
-0.011764706
-0.003921569
-0.003921569
-0.003921569
-0.003921569
-0.003921569
-0.019607844
0.09803922
0.007843138
0.02745098
0.003921569
0.0
0.0
0.0
0.0
0.0
0.0
0.0
0.0
0.0
0.0
0.0
0.0
0.0
0.0
0.09803922
0.0
0.0
0.0
0.0
0.0
0.0
0.0
0.0
0.0
0.0
0.0
0.0
0.0
0.0
0.0
0.09803922
-0.003921569
0.09803922
0.09803922
-0.003921569
0.09803922
-0.21568628
-0.21568628
-0.21568628
-0.21568628
-0.21568628
-0.21568628
-0.28627452
-0.28627452
-0.28627452
-0.38431373
0.05882353
0.05882353
-0.22745098
-0.22745098
-0.22745098
0.0
0.09803922
-0.003921569
-0.003921569
-0.003921569
-0.003921569
-0.003921569
0.09803922
0.09803922
-0.003921569
-0.003921569
-0.003921569
0.0
0.0
0.0
0.0
-0.3647059
-0.3647059
-0.3647059
0.003921569
0.007843138
0.37254903
0.37254903
0.37254903
0.37254903
0.37254903
0.37254903
0.37254903
0.0
0.0
0.0
0.0
0.0
0.0
0.0
-0.33333334
-0.33333334
0.039215688
-0.37254903
-0.23137255
-0.003921569
-0.003921569
-0.039215688
-0.105882354
-0.003921569
-0.003921569
-0.003921569
-0.1882353
-0.47058824
0.09803922
-0.003921569
-0.003921569
-0.003921569
-0.003921569
0.007843138
0.07058824
-0.003921569
-0.003921569
-0.19215687
-0.003921569
-0.003921569
-0.003921569
-0.003921569
-0.003921569
0.34509805
-0.3647059
0.003921569
0.0
0.09803922
0.09803922
0.36078432
-0.13333334
-0.003921569
-0.003921569
-0.003921569
-0.003921569
-0.003921569
-0.003921569
-0.003921569
-0.003921569
-0.003921569
-0.003921569
-0.12156863
-0.003921569
-0.003921569
-0.003921569
-0.003921569
-0.003921569
-0.003921569
-0.003921569
-0.003921569
-0.003921569
-0.003921569
-0.003921569
-0.039215688
-0.3529412
-0.47058824
-0.29803923
-0.003921569
-0.003921569
-0.003921569
-0.003921569
-0.19215687
0.003921569
0.32156864
0.06666667
0.007843138
0.03137255
0.003921569
0.0
0.0
0.0
0.0
0.0
0.0
0.0
0.0
0.0
0.0
0.0
0.0
0.0
0.0
0.09803922
0.0
0.0
0.0
0.0
0.0
0.09803922
0.0
0.0
0.0
0.0
0.0
0.0
0.0
0.0
0.0
0.0
-0.003921569
-0.003921569
-0.003921569
-0.003921569
-0.003921569
-0.07450981
-0.07450981
-0.07450981
-0.07450981
0.09803922
0.09803922
-0.28627452
-0.28627452
-0.28627452
-0.38431373
0.05882353
-0.22745098
-0.22745098
-0.22745098
-0.22745098
-0.22745098
-0.003921569
-0.003921569
-0.003921569
-0.003921569
-0.003921569
-0.003921569
-0.003921569
-0.003921569
-0.003921569
-0.003921569
-0.003921569
-0.003921569
-0.09019608
-0.003921569
-0.003921569
-0.4745098
-0.17254902
-0.2901961
-0.2901961
-0.2901961
0.37254903
0.37254903
-0.25490198
-0.25490198
-0.25490198
-0.25490198
0.37254903
0.0
0.0
0.0
0.0
0.0
0.0
0.0
0.06666667
0.06666667
-0.003921569
-0.30980393
-0.14901961
-0.0627451
-0.003921569
-0.003921569
-0.003921569
-0.003921569
-0.003921569
-0.003921569
-0.050980393
-0.33333334
0.09803922
-0.003921569
-0.003921569
-0.003921569
-0.003921569
-0.41568628
-0.41568628
-0.003921569
0.09019608
-0.003921569
-0.003921569
-0.003921569
0.23137255
-0.13333334
-0.003921569
-0.49803922
-0.29411766
-0.15686275
0.09803922
-0.003921569
0.09803922
0.043137256
-0.43529412
-0.003921569
-0.003921569
-0.003921569
-0.003921569
-0.003921569
-0.003921569
-0.003921569
-0.003921569
-0.003921569
-0.003921569
-0.23529412
-0.003921569
-0.003921569
-0.003921569
-0.003921569
-0.003921569
-0.003921569
-0.003921569
-0.003921569
-0.003921569
-0.003921569
-0.003921569
-0.003921569
-0.003921569
-0.003921569
-0.003921569
-0.003921569
-0.003921569
-0.003921569
-0.003921569
-0.003921569
-0.047058824
0.3137255
0.05490196
0.023529412
0.0
0.0
0.0
0.0
0.0
0.0
0.0
0.0
0.0
0.0
0.0
0.0
0.0
0.09803922
0.09803922
0.09803922
0.09803922
0.0
0.0
0.0
0.0
0.0
0.09803922
0.0
0.0
0.0
0.0
0.0
0.0
0.0
0.0
0.0
0.0
0.0
0.09803922
-0.003921569
-0.003921569
-0.003921569
-0.003921569
-0.003921569
-0.003921569
0.0
0.0
0.0
-0.003921569
-0.003921569
0.05882353
0.05882353
0.05882353
-0.22745098
-0.22745098
-0.22745098
-0.22745098
-0.22745098
-0.22745098
-0.003921569
-0.003921569
-0.003921569
-0.003921569
-0.003921569
-0.003921569
-0.003921569
-0.003921569
0.09803922
0.09803922
-0.003921569
-0.003921569
-0.003921569
-0.17254902
0.0
-0.2901961
-0.2901961
-0.2901961
-0.2901961
-0.49411765
-0.25490198
-0.25490198
-0.25490198
-0.25490198
-0.25490198
-0.25490198
-0.28627452
0.43137255
0.43137255
0.43137255
0.0
0.0
0.0
-0.14509805
-0.14509805
-0.003921569
-0.27058825
-0.12941177
-0.09019608
-0.007843138
-0.003921569
-0.003921569
-0.003921569
-0.003921569
-0.003921569
-0.043137256
-0.34901962
-0.24705882
-0.003921569
-0.003921569
-0.003921569
-0.003921569
-0.003921569
-0.003921569
0.078431375
0.07058824
-0.003921569
-0.003921569
-0.003921569
-0.003921569
-0.003921569
-0.003921569
0.41960785
-0.4
-0.41960785
0.0
-0.003921569
-0.003921569
0.043137256
0.043137256
-0.20392157
-0.003921569
-0.003921569
-0.003921569
-0.003921569
-0.003921569
-0.003921569
-0.003921569
-0.003921569
-0.003921569
-0.4117647
-0.16862746
-0.003921569
-0.003921569
-0.003921569
-0.003921569
-0.003921569
-0.003921569
-0.003921569
-0.003921569
-0.003921569
-0.003921569
-0.003921569
-0.003921569
-0.003921569
-0.003921569
-0.003921569
-0.003921569
-0.003921569
-0.003921569
0.09803922
0.09803922
0.007843138
0.105882354
0.16078432
0.09803922
-0.003921569
0.0
0.0
0.0
0.0
0.0
0.0
0.09803922
0.09803922
0.09803922
0.09803922
0.0
0.0
0.0
0.0
0.0
0.09803922
0.09803922
0.09803922
0.09803922
0.09803922
0.09803922
0.09803922
0.0
0.0
0.0
0.0
0.0
0.0
0.0
0.0
0.0
0.0
0.0
0.0
0.0
-0.003921569
-0.003921569
0.0
0.0
0.0
0.0
-0.003921569
-0.003921569
-0.3137255
-0.3137255
0.05490196
-0.16078432
-0.22745098
-0.22745098
-0.22745098
-0.22745098
-0.22745098
-0.22745098
-0.003921569
-0.003921569
-0.003921569
-0.003921569
-0.003921569
-0.003921569
0.0
0.09803922
0.09803922
0.09803922
0.09803922
-0.003921569
-0.17254902
-0.17254902
0.0
-0.2901961
-0.2901961
-0.2901961
-0.17254902
-0.25490198
-0.25490198
-0.25490198
-0.25490198
-0.25490198
-0.25490198
-0.28627452
-0.28627452
0.43137255
0.43137255
0.43137255
0.0
0.0
0.0
-0.14509805
-0.14509805
0.0
-0.25882354
-0.101960786
-0.08235294
-0.05882353
-0.03529412
-0.023529412
-0.105882354
-0.2
-0.21960784
-0.105882354
-0.37254903
-0.003921569
-0.003921569
-0.003921569
-0.003921569
-0.003921569
-0.003921569
-0.003921569
0.05490196
-0.003921569
-0.003921569
-0.003921569
-0.003921569
-0.003921569
-0.003921569
-0.003921569
0.34901962
0.42745098
0.36862746
0.09803922
-0.003921569
-0.003921569
0.4392157
0.16078432
0.21960784
-0.15686275
-0.003921569
-0.003921569
-0.003921569
-0.003921569
-0.003921569
-0.003921569
-0.003921569
-0.003921569
-0.41960785
-0.41568628
-0.003921569
-0.003921569
-0.003921569
-0.003921569
-0.003921569
-0.003921569
-0.003921569
-0.003921569
-0.003921569
-0.003921569
-0.003921569
-0.003921569
-0.003921569
-0.003921569
-0.003921569
-0.003921569
-0.003921569
-0.003921569
0.0
0.0
0.0
0.08235294
0.043137256
-0.49411765
0.09803922
0.0
0.0
0.0
0.0
0.09803922
0.09803922
0.09803922
0.0
0.0
0.0
0.0
0.0
0.0
0.0
0.0
0.0
0.09803922
0.09803922
0.09803922
0.09803922
-0.003921569
0.09803922
0.0
0.0
0.0
0.0
0.0
0.0
0.0
0.0
0.0
0.0
0.0
0.0
0.0
0.0
0.0
0.0
0.0
0.0
0.0
-0.003921569
-0.3137255
-0.3137255
-0.3137255
-0.3137255
-0.16078432
-0.22745098
-0.22745098
-0.22745098
-0.22745098
-0.22745098
-0.22745098
-0.003921569
-0.003921569
-0.003921569
-0.003921569
-0.003921569
-0.003921569
0.09803922
0.09803922
0.09803922
-0.11372549
-0.11372549
-0.17254902
-0.17254902
-0.17254902
0.0
-0.007843138
-0.007843138
-0.007843138
-0.007843138
-0.25490198
-0.25490198
-0.25490198
-0.25490198
-0.25490198
-0.25490198
-0.28627452
-0.28627452
0.43137255
0.43137255
0.43137255
0.0
0.0
-0.2509804
0.0
-0.14509805
-0.14509805
-0.31764707
-0.101960786
-0.11372549
-0.18039216
-0.33333334
0.45882353
-0.44313726
0.32941177
0.41960785
-0.09803922
-0.003921569
-0.003921569
-0.003921569
-0.003921569
-0.003921569
-0.003921569
-0.003921569
-0.003921569
-0.003921569
-0.003921569
-0.003921569
-0.003921569
-0.003921569
-0.003921569
-0.003921569
-0.08627451
0.03137255
0.0
0.011764706
0.003921569
0.0627451
0.0627451
0.4392157
0.3019608
0.32941177
0.34901962
-0.10980392
-0.003921569
-0.003921569
-0.003921569
-0.003921569
-0.003921569
-0.003921569
-0.003921569
-0.29803923
0.29803923
-0.44705883
-0.2901961
-0.003921569
-0.003921569
-0.003921569
-0.003921569
-0.003921569
-0.003921569
-0.003921569
-0.003921569
-0.003921569
-0.003921569
-0.003921569
-0.003921569
-0.003921569
-0.003921569
-0.003921569
0.09803922
-0.003921569
-0.003921569
0.09803922
0.023529412
-0.21960784
0.09803922
0.09803922
0.0
0.09803922
0.0
0.09803922
0.09803922
0.09803922
0.09803922
0.0
0.0
0.0
0.0
0.0
0.0
0.0
0.0
0.0
0.0
0.0
0.0
0.09803922
0.09803922
0.09803922
0.0
0.0
0.0
0.0
0.0
0.0
0.0
0.0
0.0
0.0
0.0
0.0
0.0
0.0
0.0
0.0
0.0
0.0
0.0
0.0
-0.3137255
0.0
-0.3137255
-0.3137255
-0.37254903
-0.22745098
-0.22745098
-0.22745098
-0.22745098
-0.22745098
-0.22745098
-0.003921569
-0.003921569
-0.003921569
-0.003921569
-0.003921569
-0.003921569
0.09803922
0.09803922
-0.11372549
0.08235294
0.08235294
0.08235294
-0.17254902
-0.09019608
-0.09019608
-0.007843138
-0.007843138
-0.007843138
-0.007843138
-0.25490198
-0.25490198
-0.25490198
-0.25490198
-0.25490198
0.3882353
-0.28627452
-0.28627452
0.43137255
0.43137255
0.43137255
0.0
0.0
-0.2509804
0.02745098
-0.4
-0.4
-0.40784314
-0.13725491
-0.09411765
-0.17254902
-0.43137255
-0.003921569
0.3529412
0.2627451
-0.4509804
-0.003921569
-0.003921569
-0.003921569
-0.003921569
-0.003921569
-0.003921569
-0.003921569
-0.003921569
-0.003921569
-0.003921569
-0.047058824
-0.1254902
-0.1254902
-0.07058824
-0.26666668
-0.3647059
0.0
0.0
0.0
0.007843138
0.0
0.0
0.0627451
0.4392157
0.3137255
0.45490196
0.09803922
-0.47058824
-0.003921569
-0.003921569
-0.003921569
-0.003921569
-0.003921569
-0.003921569
-0.003921569
-0.003921569
-0.003921569
-0.003921569
0.40784314
0.09803922
0.003921569
-0.003921569
-0.18039216
0.19607843
-0.3137255
-0.2901961
-0.2627451
-0.25490198
-0.27058825
-0.007843138
-0.003921569
-0.003921569
-0.003921569
0.21176471
0.09803922
-0.20392157
0.41960785
0.019607844
0.30980393
0.043137256
0.09803922
0.09803922
0.0
0.09803922
0.0
0.09803922
0.09803922
0.09803922
0.09803922
0.0
0.0
0.0
0.0
0.0
0.0
0.0
0.0
0.0
0.0
0.0
0.0
0.0
0.0
0.0
0.0
0.0
0.0
0.0
0.0
0.0
0.0
0.0
0.0
0.0
0.0
0.0
0.0
0.0
0.0
0.0
0.0
0.0
0.0
0.0
-0.3137255
-0.3137255
-0.3137255
-0.37254903
-0.37254903
-0.37254903
-0.22745098
-0.22745098
-0.22745098
-0.22745098
-0.28235295
-0.003921569
-0.003921569
-0.003921569
-0.003921569
-0.003921569
-0.003921569
-0.003921569
-0.003921569
-0.15294118
-0.15294118
-0.003921569
-0.003921569
-0.003921569
-0.17254902
-0.09019608
-0.007843138
-0.003921569
-0.003921569
-0.003921569
-0.25490198
-0.25490198
-0.25490198
-0.25490198
-0.2627451
-0.2627451
-0.2627451
-0.28627452
0.43137255
0.43137255
-0.29803923
0.0
0.0
-0.2509804
0.29411766
0.05882353
-0.003921569
-0.35686275
-0.09019608
-0.011764706
-0.05490196
-0.19215687
-0.34117648
-0.2
-0.078431375
-0.003921569
-0.003921569
-0.003921569
-0.003921569
-0.003921569
-0.003921569
-0.003921569
-0.003921569
-0.003921569
-0.003921569
-0.13725491
-0.42352942
0.41568628
0.43529412
0.41568628
-0.003921569
0.0
0.0
0.0
0.0
0.007843138
0.007843138
0.003921569
0.0627451
0.0
0.1764706
0.40392157
0.3529412
0.37254903
-0.13333334
-0.003921569
-0.003921569
-0.003921569
-0.003921569
-0.003921569
-0.003921569
-0.003921569
-0.003921569
-0.003921569
-0.13333334
-0.30588236
-0.39215687
0.09803922
0.09803922
0.09803922
0.09803922
-0.003921569
-0.003921569
-0.003921569
-0.003921569
0.36078432
-0.5019608
-0.07450981
-0.003921569
0.1254902
0.09803922
-0.1764706
0.09803922
0.09411765
0.011764706
0.003921569
0.09803922
0.09803922
0.09803922
0.09803922
0.0
0.09803922
0.09803922
0.09803922
0.09803922
0.0
0.0
0.0
0.0
0.0
0.0
0.0
0.0
0.0
0.0
0.0
0.0
0.0
0.0
0.0
0.0
0.0
0.0
0.0
0.09803922
0.09803922
0.0
0.0
0.0
0.0
0.0
-0.003921569
-0.003921569
0.0
0.0
0.0
0.0
0.0
0.0
0.0
0.0
-0.15686275
-0.15686275
-0.15686275
-0.37254903
-0.37254903
-0.16078432
-0.22745098
-0.22745098
-0.003921569
-0.003921569
-0.23529412
-0.003921569
-0.003921569
-0.003921569
-0.003921569
-0.003921569
-0.003921569
-0.003921569
-0.15294118
-0.15294118
-0.003921569
-0.003921569
-0.003921569
-0.003921569
-0.003921569
-0.003921569
-0.007843138
-0.003921569
-0.003921569
-0.13725491
-0.25490198
-0.25490198
-0.17254902
-0.2627451
-0.2627451
-0.08235294
-0.08235294
-0.08235294
-0.29803923
-0.29803923
-0.29803923
-0.29803923
-0.2509804
0.29411766
0.29411766
-0.003921569
-0.3019608
-0.05490196
-0.003921569
-0.003921569
-0.043137256
-0.05490196
-0.003921569
-0.003921569
-0.003921569
-0.003921569
-0.003921569
-0.003921569
-0.003921569
-0.003921569
-0.003921569
-0.1882353
-0.2901961
-0.21960784
-0.23529412
-0.37254903
0.47843137
0.33333334
0.039215688
0.18431373
0.0
0.0
0.0
0.011764706
0.015686275
0.0
0.0627451
0.015686275
0.003921569
0.16470589
-0.4745098
-0.18039216
-0.39607844
0.43529412
-0.33333334
-0.003921569
-0.003921569
-0.003921569
-0.003921569
-0.003921569
-0.003921569
-0.003921569
-0.003921569
-0.003921569
-0.003921569
-0.003921569
-0.050980393
-0.011764706
-0.10980392
-0.27450982
-0.4
0.4627451
0.34901962
0.32941177
0.09803922
0.0
0.09803922
0.09803922
0.09803922
0.09803922
0.0
0.0
0.02745098
0.09803922
0.09803922
0.09803922
0.09803922
0.09803922
0.09803922
0.09803922
0.09803922
0.09803922
0.09803922
0.09803922
0.0
0.0
0.0
0.0
0.0
0.0
0.0
0.0
0.0
0.0
0.0
0.0
0.0
0.0
0.0
-0.003921569
0.0
0.0
0.0
0.0
0.0
-0.003921569
0.0
0.09803922
0.09803922
-0.003921569
-0.003921569
-0.003921569
-0.003921569
-0.003921569
0.0
-0.003921569
0.0
0.0
0.0
-0.15686275
-0.15686275
-0.15686275
-0.15686275
-0.15686275
0.0
0.0
0.0
-0.003921569
-0.003921569
-0.003921569
-0.23529412
-0.23529412
-0.1882353
-0.1882353
-0.1882353
-0.003921569
-0.003921569
-0.003921569
-0.15294118
-0.15294118
-0.003921569
-0.003921569
-0.003921569
-0.003921569
-0.003921569
-0.003921569
-0.003921569
0.29803923
-0.003921569
-0.13725491
-0.13725491
-0.25490198
-0.17254902
-0.2627451
-0.2627451
-0.08235294
-0.08235294
-0.08235294
-0.29803923
-0.29803923
-0.29803923
-0.29803923
-0.2509804
0.29411766
0.039215688
-0.003921569
-0.34509805
-0.15294118
-0.21568628
-0.21568628
-0.17254902
-0.4117647
-0.37254903
-0.27450982
-0.22745098
-0.16470589
-0.15686275
-0.23137255
-0.30588236
-0.21176471
-0.050980393
-0.3254902
0.4117647
0.07450981
0.07450981
-0.23529412
-0.40392157
-0.4745098
0.003921569
0.011764706
0.0
0.007843138
0.003921569
0.03137255
0.05490196
0.011764706
-0.36078432
0.39607844
0.015686275
0.20784314
-0.21176471
-0.003921569
-0.003921569
-0.34117648
0.28627452
-0.45882353
-0.003921569
-0.003921569
-0.003921569
-0.003921569
-0.003921569
-0.003921569
-0.003921569
-0.003921569
-0.003921569
-0.003921569
-0.003921569
-0.003921569
-0.003921569
-0.003921569
-0.003921569
-0.10980392
-0.21960784
-0.32156864
-0.38431373
-0.007843138
-0.4392157
0.38039216
0.09803922
0.09803922
0.0
0.003921569
0.015686275
0.09803922
0.09803922
0.09803922
0.09803922
0.09803922
0.09803922
0.09803922
0.09803922
0.0
0.0
0.0
0.0
0.0
0.0
0.0
0.0
0.0
0.0
0.007843138
0.011764706
0.0
0.0
0.0
0.0
0.0
0.0
-0.003921569
-0.003921569
0.0
0.0
0.0
0.0
0.0
0.0
0.09803922
0.09803922
-0.003921569
-0.003921569
-0.003921569
-0.003921569
-0.003921569
0.0
0.0
0.0
0.0
0.09803922
-0.15686275
-0.15686275
-0.15686275
-0.15686275
-0.15686275
0.0
0.0
-0.003921569
-0.003921569
-0.003921569
-0.003921569
-0.003921569
-0.23529412
-0.1882353
-0.1882353
-0.1882353
-0.1882353
-0.003921569
-0.003921569
-0.15294118
-0.15294118
-0.003921569
-0.003921569
-0.003921569
-0.003921569
-0.003921569
-0.003921569
-0.003921569
-0.003921569
-0.003921569
-0.003921569
-0.17254902
-0.17254902
-0.17254902
-0.2627451
-0.2627451
-0.08235294
-0.08235294
-0.08235294
-0.29803923
-0.29803923
-0.29803923
-0.29803923
-0.2509804
0.039215688
0.039215688
0.039215688
-0.4392157
-0.44313726
0.37254903
0.36862746
-0.24705882
0.48235294
0.047058824
-0.38431373
-0.23921569
-0.35686275
-0.39607844
-0.45490196
-0.49411765
-0.28235295
-0.09411765
-0.03529412
-0.003921569
-0.36862746
-0.27450982
-0.28235295
0.007843138
0.0
0.003921569
0.007843138
0.011764706
0.007843138
0.05882353
0.007843138
0.023529412
0.0627451
-0.36078432
-0.36862746
0.03529412
0.03529412
-0.011764706
-0.003921569
-0.003921569
-0.003921569
-0.5019608
0.24313726
-0.003921569
-0.003921569
-0.003921569
-0.003921569
-0.003921569
-0.003921569
-0.003921569
-0.003921569
-0.003921569
-0.003921569
-0.003921569
-0.003921569
-0.003921569
-0.003921569
-0.003921569
-0.003921569
-0.003921569
-0.047058824
-0.11372549
-0.16078432
-0.2509804
-0.4392157
-0.007843138
0.09803922
0.0
0.0
0.0
0.09803922
0.09803922
0.09803922
0.09803922
0.09803922
0.09803922
0.09803922
0.0
0.0
0.0
0.0
0.0
0.0
0.0
0.0
0.0
0.0
0.003921569
0.02745098
0.0
0.0
0.0
0.0
0.0
-0.003921569
-0.003921569
-0.003921569
-0.003921569
0.09803922
0.0
0.0
0.0
0.0
0.0
0.0
-0.003921569
0.0
-0.003921569
-0.003921569
-0.003921569
-0.003921569
0.0
0.0
-0.003921569
-0.003921569
0.0
-0.15686275
-0.15686275
-0.15686275
-0.15686275
-0.15686275
-0.003921569
-0.003921569
-0.003921569
-0.003921569
-0.003921569
-0.003921569
-0.003921569
-0.003921569
-0.1882353
-0.1882353
-0.1882353
-0.1882353
-0.28235295
-0.078431375
-0.003921569
-0.003921569
-0.003921569
-0.003921569
-0.003921569
-0.003921569
-0.003921569
-0.003921569
-0.003921569
0.31764707
-0.003921569
-0.003921569
-0.17254902
-0.17254902
-0.17254902
-0.17254902
-0.16470589
-0.08235294
-0.08235294
-0.08235294
-0.29803923
-0.29803923
-0.29803923
-0.29803923
-0.2509804
-0.14509805
-0.14509805
0.039215688
0.4862745
-0.48235294
0.42352942
0.49411765
-0.28627452
-0.46666667
-0.5019608
-0.21960784
-0.011764706
0.02745098
-0.047058824
-0.38039216
-0.47843137
-0.34901962
0.49803922
-0.28627452
0.47058824
-0.49019608
0.078431375
0.47058824
0.3254902
0.0
0.0
0.0
0.007843138
0.011764706
0.0
0.003921569
0.0
0.15294118
0.28235295
-0.21176471
0.4509804
0.2509804
-0.20392157
-0.003921569
-0.003921569
-0.003921569
-0.03529412
-0.47843137
-0.003921569
-0.003921569
-0.003921569
-0.003921569
-0.003921569
-0.003921569
-0.003921569
-0.003921569
-0.003921569
-0.003921569
-0.003921569
-0.003921569
-0.003921569
-0.003921569
-0.003921569
-0.003921569
-0.003921569
-0.003921569
-0.003921569
-0.101960786
-0.101960786
-0.3647059
-0.007843138
0.09803922
0.09803922
0.09803922
0.09803922
0.09803922
0.09803922
0.09803922
0.09803922
0.09803922
0.09803922
0.09803922
0.0
0.0
0.0
0.0
0.0
0.0
0.0
0.0
0.0
0.0
0.0
0.007843138
0.007843138
0.0
0.0
0.0
0.09803922
-0.003921569
-0.003921569
-0.003921569
-0.003921569
0.09803922
0.0
0.0
0.0
0.0
0.0
0.0
-0.003921569
-0.003921569
0.09803922
0.09803922
0.09803922
0.09803922
0.0
0.0
-0.003921569
-0.003921569
0.09803922
0.09803922
-0.15686275
-0.15686275
-0.15686275
-0.15686275
-0.003921569
-0.003921569
-0.003921569
-0.003921569
-0.003921569
-0.003921569
-0.003921569
-0.003921569
-0.003921569
-0.1882353
-0.1882353
-0.003921569
-0.2509804
-0.078431375
-0.003921569
-0.003921569
-0.003921569
-0.003921569
-0.29411766
-0.003921569
-0.003921569
-0.011764706
-0.011764706
0.3372549
-0.011764706
-0.19215687
-0.17254902
-0.17254902
-0.39215687
-0.39215687
-0.16470589
-0.39215687
-0.39215687
-0.44705883
-0.44705883
-0.44705883
-0.44705883
0.0
0.0
0.08235294
0.08235294
0.08235294
0.4392157
-0.3882353
-0.41960785
-0.38039216
-0.49019608
0.40784314
0.36862746
0.4862745
-0.45882353
-0.2509804
-0.34509805
-0.34901962
-0.3137255
-0.003921569
0.09803922
0.09803922
0.36078432
0.32941177
0.30980393
0.44705883
-0.5019608
0.46666667
0.0
0.0
0.007843138
0.007843138
0.03137255
0.0627451
0.0627451
0.21568628
0.47843137
-0.20392157
0.3647059
0.105882354
-0.4509804
-0.003921569
-0.10980392
-0.003921569
-0.003921569
-0.2
-0.003921569
-0.003921569
-0.003921569
-0.003921569
-0.003921569
-0.003921569
-0.003921569
-0.003921569
-0.003921569
-0.003921569
-0.003921569
-0.003921569
-0.003921569
-0.003921569
-0.003921569
-0.003921569
-0.003921569
-0.003921569
-0.003921569
-0.003921569
-0.015686275
-0.37254903
-0.007843138
0.09803922
0.09803922
0.09803922
0.09803922
0.09803922
0.09803922
0.09803922
0.09803922
0.09803922
0.09803922
-0.003921569
0.0
0.0
0.0
0.0
0.0
0.0
0.0
0.0
0.0
0.0
0.0
0.0
0.0
0.0
0.0
0.0
-0.003921569
-0.003921569
0.105882354
-0.003921569
-0.003921569
0.09803922
0.0
0.0
0.0
0.0
0.0
0.0
-0.003921569
-0.003921569
0.09803922
0.09803922
0.09803922
0.0
0.0
0.0
-0.003921569
-0.003921569
0.0
0.09803922
-0.003921569
-0.003921569
-0.003921569
-0.15686275
0.09803922
-0.003921569
-0.003921569
-0.003921569
-0.003921569
-0.003921569
-0.003921569
-0.003921569
-0.003921569
-0.003921569
-0.003921569
-0.003921569
-0.003921569
-0.078431375
-0.078431375
-0.003921569
-0.003921569
-0.43137255
-0.29411766
-0.2
-0.003921569
-0.011764706
-0.011764706
-0.011764706
-0.011764706
-0.011764706
-0.17254902
-0.17254902
-0.39215687
-0.39215687
-0.39215687
-0.39215687
-0.39215687
-0.39215687
-0.44705883
-0.44705883
-0.44705883
0.0
0.0
-0.14509805
-0.14509805
-0.14509805
0.40392157
-0.42352942
0.37254903
0.09411765
0.34509805
0.47843137
0.39607844
0.03529412
0.27450982
-0.19215687
-0.29803923
-0.3647059
-0.02745098
-0.40784314
0.30980393
0.40392157
-0.3647059
-0.47058824
0.42352942
0.41568628
0.45490196
0.050980393
0.007843138
0.007843138
0.0
0.0
0.03529412
0.007843138
0.003921569
0.1764706
-0.33333334
-0.19215687
-0.003921569
0.05490196
0.35686275
-0.33333334
0.4627451
-0.078431375
-0.003921569
-0.1764706
-0.003921569
-0.003921569
-0.003921569
-0.003921569
-0.003921569
-0.003921569
-0.003921569
-0.003921569
-0.003921569
-0.003921569
-0.003921569
-0.003921569
-0.003921569
-0.003921569
-0.003921569
-0.003921569
-0.003921569
-0.003921569
-0.003921569
-0.003921569
-0.003921569
-0.3372549
0.09803922
0.09803922
0.09803922
0.09803922
0.09803922
0.09803922
0.09803922
-0.003921569
-0.003921569
0.09803922
0.09803922
0.09803922
0.09803922
0.09803922
0.09803922
0.09803922
0.09803922
0.0
0.0
0.0
0.0
0.0
0.0
0.0
0.0
0.0
0.0
0.0
0.0
0.0
0.0
0.09803922
0.09803922
0.09803922
0.09803922
0.105882354
0.09803922
0.0
0.0
0.0
0.0
0.0
0.08235294
0.09803922
0.09803922
0.0
0.0
0.0
0.0
0.07058824
-0.27450982
-0.27450982
-0.003921569
-0.003921569
-0.003921569
-0.003921569
0.09803922
0.0
-0.003921569
-0.003921569
-0.003921569
-0.003921569
-0.003921569
-0.003921569
-0.003921569
-0.003921569
-0.003921569
-0.003921569
-0.003921569
-0.078431375
-0.078431375
-0.43137255
-0.43137255
-0.43137255
-0.2
-0.2
-0.2
-0.011764706
-0.011764706
-0.011764706
-0.011764706
-0.011764706
-0.11372549
-0.23921569
-0.39215687
-0.39215687
-0.39215687
-0.39215687
-0.39215687
-0.39215687
-0.44705883
-0.44705883
-0.44705883
0.0
0.0
0.08235294
0.08235294
0.08235294
0.36862746
-0.49803922
0.019607844
0.09803922
-0.16862746
-0.4117647
-0.4862745
0.49019608
0.32941177
0.44705883
0.31764707
0.09803922
-0.34509805
-0.44313726
0.47843137
0.015686275
0.03529412
0.043137256
0.043137256
0.050980393
0.050980393
-0.47058824
0.03137255
0.09803922
0.0
0.0
0.023529412
0.003921569
0.003921569
0.023529412
-0.32156864
-0.33333334
0.09803922
0.03529412
0.2901961
-0.31764707
-0.22352941
-0.003921569
-0.003921569
-0.2901961
-0.36078432
-0.003921569
-0.003921569
-0.003921569
-0.003921569
-0.003921569
-0.003921569
-0.003921569
-0.003921569
-0.003921569
-0.003921569
-0.003921569
-0.003921569
-0.003921569
-0.003921569
-0.003921569
-0.003921569
-0.003921569
-0.003921569
-0.003921569
-0.023529412
-0.3529412
-0.015686275
0.09803922
0.09803922
0.09803922
0.09803922
-0.003921569
-0.003921569
-0.003921569
-0.003921569
0.09803922
0.09803922
0.09803922
-0.003921569
-0.003921569
0.09803922
0.09803922
0.09803922
0.0
0.0
0.0
0.0
0.0
0.0
0.0
0.0
0.0
0.0
0.0
0.0
0.0
0.0
0.0
0.0
0.09803922
0.09803922
0.09803922
0.09803922
0.09803922
0.0
0.0
0.0
0.0
0.050980393
0.0
0.0
0.0
0.0
0.0
0.0
0.0
-0.27450982
-0.27450982
-0.003921569
-0.003921569
-0.003921569
-0.003921569
-0.003921569
0.0
0.0
0.09803922
0.09803922
-0.003921569
-0.003921569
-0.003921569
-0.003921569
-0.003921569
-0.003921569
-0.003921569
-0.003921569
-0.003921569
-0.078431375
-0.43137255
-0.43137255
-0.43137255
-0.2
-0.2
-0.34509805
-0.011764706
-0.011764706
-0.011764706
-0.011764706
-0.4745098
-0.4745098
-0.4745098
-0.39215687
-0.39215687
-0.39215687
-0.39215687
-0.39215687
-0.39215687
-0.39215687
-0.44705883
-0.44705883
0.0
0.0
0.08235294
0.08235294
-0.14509805
0.3019608
0.3764706
-0.003921569
-0.003921569
-0.003921569
0.41960785
0.34509805
-0.42745098
0.09803922
0.09803922
0.09803922
0.047058824
0.043137256
-0.4627451
-0.37254903
-0.11764706
-0.003921569
-0.003921569
-0.003921569
-0.003921569
-0.003921569
-0.003921569
0.050980393
0.101960786
0.15294118
0.0
0.007843138
0.0
0.007843138
0.003921569
0.4862745
0.050980393
0.003921569
0.043137256
0.19215687
-0.41960785
-0.09803922
-0.03529412
-0.043137256
-0.2
-0.003921569
-0.003921569
-0.003921569
-0.003921569
-0.003921569
-0.003921569
-0.003921569
-0.003921569
-0.003921569
-0.003921569
-0.003921569
-0.003921569
-0.003921569
-0.003921569
-0.003921569
-0.02745098
-0.23529412
-0.28235295
-0.23921569
-0.16862746
-0.11764706
-0.36078432
0.105882354
-0.003921569
-0.003921569
-0.003921569
-0.003921569
-0.003921569
-0.003921569
-0.003921569
-0.003921569
0.09803922
0.09803922
0.09803922
0.09803922
0.0
0.0
0.0
0.09803922
0.0
0.0
0.0
0.0
0.0
0.0
0.0
0.0
0.0
0.0
0.0
0.0
0.0
0.0
0.0
0.0
0.0
0.0
0.09803922
0.09803922
0.09803922
0.09803922
0.0
0.0
0.0
0.0
0.0
0.0
0.0
0.0
0.0
0.0
0.0
0.0
0.0
-0.003921569
-0.003921569
-0.003921569
-0.003921569
-0.003921569
0.0
0.0
0.0
-0.003921569
-0.003921569
-0.003921569
-0.003921569
-0.003921569
-0.003921569
-0.003921569
-0.003921569
-0.003921569
-0.003921569
-0.43137255
-0.43137255
-0.003921569
-0.43137255
-0.3137255
-0.3137255
-0.3882353
-0.3882353
-0.3882353
-0.011764706
-0.011764706
-0.4745098
-0.4745098
-0.4745098
-0.39215687
-0.39215687
-0.39215687
-0.39215687
-0.39215687
-0.39215687
-0.39215687
0.0
0.0
0.0
0.0
0.07058824
-0.14509805
-0.14509805
0.2509804
0.34509805
0.25882354
0.015686275
0.09803922
0.4117647
0.09803922
0.09803922
-0.4509804
-0.003921569
-0.003921569
-0.003921569
-0.003921569
-0.003921569
-0.003921569
-0.003921569
-0.003921569
-0.003921569
-0.003921569
-0.003921569
-0.003921569
-0.003921569
0.011764706
0.09803922
0.21176471
0.0
0.015686275
0.0
0.0
0.09803922
0.3529412
0.043137256
0.0
0.039215688
0.101960786
0.3254902
-0.4117647
-0.28235295
-0.26666668
0.49411765
-0.003921569
-0.003921569
-0.003921569
-0.003921569
-0.003921569
-0.003921569
-0.003921569
-0.003921569
-0.003921569
-0.003921569
-0.003921569
-0.003921569
-0.003921569
-0.003921569
-0.003921569
-0.4392157
0.35686275
0.35686275
0.43529412
-0.4392157
-0.3019608
-0.42352942
0.18431373
-0.003921569
-0.003921569
-0.003921569
-0.003921569
-0.003921569
-0.003921569
-0.003921569
-0.003921569
0.09803922
0.09411765
0.09803922
0.09803922
0.0
0.0
0.0
-0.003921569
0.09803922
0.0
0.0
0.0
0.0
0.0
0.0
0.0
0.0
0.0
0.0
0.0
0.0
0.0
0.0
0.0
0.0
0.0
0.09803922
0.09803922
0.09803922
0.09803922
0.09803922
0.0
0.0
0.0
0.0
0.0
0.0
0.0
0.0
0.0
0.0
0.0
0.0
-0.003921569
-0.003921569
-0.003921569
-0.003921569
-0.003921569
0.0
0.0
0.0
0.0
-0.003921569
-0.003921569
-0.003921569
-0.003921569
-0.003921569
0.0
-0.003921569
-0.003921569
-0.003921569
-0.003921569
-0.003921569
-0.003921569
-0.003921569
-0.3137255
-0.3137255
-0.3882353
-0.3882353
-0.3882353
-0.3529412
-0.3529412
-0.3529412
-0.4745098
-0.4745098
-0.39215687
-0.39215687
-0.39215687
-0.39215687
-0.39215687
-0.39215687
-0.39215687
0.0
0.0
0.0
0.0
0.07058824
0.07450981
0.07450981
0.30588236
-0.44705883
-0.44705883
-0.44313726
-0.34509805
-0.21176471
-0.043137256
-0.003921569
-0.003921569
-0.003921569
-0.003921569
-0.003921569
-0.003921569
-0.003921569
-0.003921569
-0.003921569
-0.003921569
-0.003921569
-0.003921569
-0.003921569
-0.003921569
-0.011764706
0.003921569
0.12156863
0.29803923
0.30980393
0.0
0.0
0.0
0.09803922
-0.003921569
0.0
0.0
0.105882354
0.09411765
0.09803922
0.41568628
-0.40392157
-0.47843137
0.29803923
-0.019607844
-0.003921569
-0.003921569
-0.003921569
-0.003921569
-0.003921569
-0.003921569
-0.003921569
-0.003921569
-0.003921569
-0.003921569
-0.003921569
-0.003921569
-0.003921569
-0.003921569
-0.39215687
0.3764706
0.3529412
0.30588236
0.33333334
0.45882353
0.4117647
0.14117648
0.0
-0.003921569
-0.003921569
-0.4392157
0.0
0.0
-0.003921569
-0.003921569
0.09411765
0.09411765
0.09411765
0.0
0.0
0.0
0.0
0.09803922
-0.003921569
0.0
0.0
0.0
0.0
0.0
0.0
0.0
0.0
0.0
0.0
0.0
0.0
0.0
0.0
0.0
0.0
0.0
0.0
0.0
0.09803922
0.09803922
0.09803922
0.06666667
0.06666667
0.0
0.0
0.0
0.0
0.0
0.0
0.0
0.0
0.0
0.0
0.0
-0.003921569
-0.003921569
-0.003921569
-0.003921569
0.0
0.0
0.0
-0.003921569
-0.003921569
-0.003921569
-0.003921569
-0.003921569
-0.003921569
0.32941177
-0.003921569
-0.003921569
-0.003921569
-0.003921569
-0.003921569
-0.003921569
-0.14117648
-0.14117648
-0.3137255
-0.3882353
-0.3882353
-0.3882353
-0.3529412
-0.3529412
-0.3529412
-0.4745098
-0.15686275
-0.39215687
-0.39215687
-0.39215687
-0.39215687
-0.47058824
-0.39215687
-0.39215687
0.0
0.0
0.0
0.0
-0.28627452
-0.24705882
-0.24705882
0.3529412
-0.3019608
-0.27058825
-0.23529412
-0.105882354
-0.003921569
-0.003921569
-0.003921569
-0.003921569
-0.003921569
-0.003921569
-0.003921569
-0.003921569
-0.003921569
-0.003921569
-0.003921569
-0.003921569
-0.003921569
-0.003921569
-0.003921569
-0.003921569
-0.003921569
0.25882354
0.14117648
0.3019608
0.3019608
0.0
0.0
0.0
0.007843138
0.09803922
0.09803922
0.27450982
0.3764706
0.4117647
0.4745098
-0.44705883
-0.45490196
0.38431373
0.27058825
-0.003921569
-0.003921569
-0.003921569
-0.003921569
-0.003921569
-0.003921569
-0.003921569
-0.003921569
-0.003921569
-0.003921569
-0.003921569
-0.003921569
-0.003921569
-0.003921569
-0.003921569
-0.003921569
-0.21960784
-0.41568628
0.42352942
0.31764707
0.43137255
0.43137255
-0.0627451
0.0
-0.003921569
-0.003921569
-0.4392157
-0.003921569
0.0
0.09803922
0.09803922
0.09411765
0.09411765
0.09411765
0.0
0.0
0.0
0.0
0.0
0.0
0.0
0.0
0.0
0.0
0.0
0.0
0.0
0.0
0.0
0.0
0.0
0.0
0.0
0.0
0.0
0.0
0.0
0.0
0.0
-0.003921569
-0.003921569
0.09803922
0.09803922
0.09803922
0.09803922
0.09803922
0.0
0.0
0.0
0.0
0.0
0.0
0.0
0.0
0.0
0.0
0.0
-0.003921569
-0.003921569
0.0
-0.003921569
-0.07058824
-0.003921569
-0.003921569
-0.003921569
-0.003921569
-0.003921569
-0.003921569
-0.003921569
-0.003921569
-0.003921569
-0.003921569
-0.003921569
-0.003921569
-0.003921569
-0.14117648
-0.003921569
-0.003921569
-0.003921569
-0.29411766
-0.29411766
-0.29411766
-0.29411766
-0.15686275
-0.15686275
-0.15686275
-0.39215687
-0.39215687
-0.39215687
-0.47058824
-0.47058824
-0.47058824
-0.26666668
-0.26666668
-0.26666668
0.0
0.0
0.0
-0.24705882
-0.24705882
0.3254902
-0.32941177
-0.28235295
-0.22745098
-0.09803922
-0.003921569
-0.003921569
-0.003921569
-0.003921569
-0.003921569
-0.003921569
-0.003921569
-0.003921569
-0.003921569
-0.003921569
-0.003921569
-0.003921569
-0.003921569
-0.003921569
-0.003921569
-0.003921569
-0.003921569
-0.32156864
0.15686275
0.3019608
-0.45882353
0.023529412
0.003921569
-0.15686275
0.09803922
0.09803922
-0.003921569
0.2509804
0.4509804
-0.4862745
-0.49411765
0.47843137
0.38039216
0.023529412
0.24313726
-0.003921569
-0.003921569
-0.003921569
-0.003921569
-0.003921569
-0.003921569
-0.003921569
-0.003921569
-0.003921569
-0.003921569
-0.003921569
-0.003921569
-0.003921569
-0.003921569
-0.003921569
-0.003921569
-0.003921569
-0.18431373
-0.39215687
0.40392157
0.043137256
0.14509805
0.078431375
0.09803922
0.09803922
-0.003921569
0.0
0.0
0.0
0.09803922
0.0
0.007843138
0.09411765
0.09411765
0.0
0.0
0.0
0.0
0.0
0.0
0.0
0.0
0.0
0.0
0.0
0.0
0.0
0.0
0.0
0.0
0.0
0.0
0.0
0.0
0.0
0.0
0.0
0.0
0.0
0.0
-0.003921569
-0.003921569
-0.003921569
-0.003921569
0.09803922
0.09803922
-0.003921569
-0.003921569
-0.003921569
0.0
0.0
0.0
0.0
0.0
0.0
0.0
0.0
0.0
-0.011764706
-0.003921569
-0.003921569
-0.07058824
-0.003921569
-0.003921569
-0.003921569
-0.003921569
-0.003921569
-0.29803923
-0.003921569
-0.003921569
-0.003921569
-0.003921569
-0.003921569
-0.003921569
-0.05490196
-0.14117648
-0.003921569
-0.003921569
-0.003921569
-0.29411766
-0.29411766
-0.29411766
-0.29411766
-0.15686275
-0.15686275
-0.15686275
-0.39215687
-0.39215687
-0.39215687
-0.47058824
-0.47058824
-0.26666668
-0.26666668
-0.26666668
-0.26666668
-0.26666668
0.0
-0.36862746
-0.24705882
-0.24705882
0.27450982
-0.3764706
-0.29411766
-0.22352941
-0.09803922
-0.003921569
-0.003921569
-0.003921569
-0.003921569
-0.003921569
-0.003921569
-0.003921569
-0.003921569
-0.003921569
-0.003921569
-0.003921569
-0.003921569
-0.003921569
-0.003921569
-0.003921569
-0.003921569
-0.0627451
-0.15686275
0.18431373
0.18431373
-0.4
0.41960785
0.023529412
0.09803922
0.4117647
-0.4862745
-0.3372549
-0.35686275
-0.39215687
0.4862745
0.36862746
0.29411766
0.25882354
0.019607844
0.019607844
-0.2509804
-0.003921569
-0.003921569
-0.003921569
-0.003921569
-0.003921569
-0.003921569
-0.003921569
-0.003921569
-0.003921569
-0.003921569
-0.003921569
-0.003921569
-0.003921569
-0.25882354
-0.16862746
-0.003921569
-0.043137256
-0.22352941
-0.3647059
-0.43137255
0.37254903
0.12941177
-0.003921569
-0.003921569
-0.003921569
0.0
0.0
0.0
-0.003921569
0.0
0.0
0.09803922
0.09803922
0.09803922
0.09803922
0.0
0.0
0.0
0.0
0.0
0.0
0.0
0.0
0.0
0.0
0.0
0.0
0.0
0.0
0.0
0.0
0.0
0.0
0.003921569
0.0
0.0
0.0
0.0
0.0
0.0
-0.003921569
-0.003921569
-0.003921569
0.09803922
-0.003921569
-0.003921569
-0.003921569
-0.003921569
0.0
0.0
0.0
0.0
0.0
0.0
0.0
0.0
-0.011764706
-0.011764706
-0.011764706
-0.050980393
-0.07058824
-0.07058824
-0.003921569
-0.003921569
-0.003921569
-0.003921569
-0.29803923
-0.003921569
-0.003921569
-0.003921569
-0.003921569
-0.003921569
-0.003921569
-0.33333334
-0.14117648
-0.003921569
-0.003921569
-0.003921569
-0.003921569
-0.29411766
-0.29411766
-0.29411766
-0.15686275
-0.15686275
-0.15686275
-0.15686275
-0.15686275
-0.39215687
-0.47058824
-0.47058824
-0.19215687
-0.19215687
-0.19215687
-0.19215687
-0.26666668
0.0
-0.36862746
-0.36862746
-0.24705882
0.24313726
-0.38039216
-0.24705882
-0.14509805
-0.015686275
-0.003921569
-0.003921569
-0.003921569
-0.003921569
-0.003921569
-0.003921569
-0.003921569
-0.003921569
-0.003921569
-0.003921569
-0.003921569
-0.12941177
-0.06666667
-0.003921569
-0.003921569
-0.023529412
-0.14509805
-0.22745098
0.18431373
0.18431373
0.4509804
-0.37254903
-0.27058825
-0.24313726
-0.20784314
-0.2
-0.15686275
-0.25490198
-0.47058824
0.34117648
0.23137255
0.12941177
0.13725491
0.25882354
0.09803922
0.03529412
-0.003921569
-0.003921569
-0.003921569
-0.003921569
-0.003921569
-0.003921569
-0.003921569
-0.003921569
-0.003921569
-0.003921569
-0.003921569
-0.003921569
-0.003921569
-0.20392157
-0.14901961
-0.003921569
-0.003921569
-0.105882354
-0.30980393
0.42352942
-0.34117648
0.39215687
-0.0627451
-0.003921569
0.09803922
0.09803922
-0.003921569
-0.003921569
-0.003921569
0.09803922
0.09803922
0.09803922
0.09803922
0.09803922
0.09803922
0.09803922
0.09803922
0.09803922
0.09803922
0.09803922
-0.003921569
-0.003921569
0.0
0.0
0.0
0.0
0.0
0.0
0.0
0.0
0.0
0.0
0.0
0.003921569
0.0
0.0
0.0
0.0
0.0
0.0
0.0
-0.003921569
-0.003921569
0.09803922
-0.003921569
-0.003921569
-0.003921569
-0.003921569
-0.003921569
-0.003921569
0.0
0.0
0.0
0.0
0.0
-0.011764706
-0.011764706
-0.011764706
-0.011764706
0.05882353
-0.050980393
-0.003921569
-0.003921569
-0.003921569
-0.29803923
-0.29803923
-0.29803923
-0.003921569
-0.003921569
-0.003921569
-0.003921569
-0.003921569
-0.003921569
-0.33333334
-0.33333334
0.09803922
-0.003921569
-0.003921569
-0.003921569
-0.003921569
-0.29411766
-0.29411766
-0.15686275
-0.15686275
-0.15686275
-0.15686275
-0.15686275
-0.12156863
-0.12156863
-0.19215687
-0.19215687
-0.19215687
-0.19215687
-0.19215687
-0.19215687
-0.19215687
-0.36862746
-0.36862746
-0.36862746
-0.24705882
-0.34509805
-0.1882353
-0.09803922
-0.003921569
-0.003921569
-0.003921569
-0.003921569
-0.003921569
-0.003921569
-0.003921569
-0.003921569
-0.003921569
-0.003921569
-0.003921569
-0.039215688
-0.2
-0.18039216
-0.043137256
-0.003921569
-0.05882353
-0.1764706
-0.24313726
0.18431373
0.18431373
-0.26666668
-0.078431375
-0.003921569
-0.03137255
-0.18039216
-0.25882354
-0.35686275
0.43137255
0.18431373
0.08235294
0.14901961
0.043137256
0.15686275
0.2627451
0.09803922
0.09803922
-0.3882353
-0.003921569
-0.003921569
-0.003921569
-0.003921569
-0.003921569
-0.003921569
-0.003921569
-0.003921569
-0.003921569
-0.003921569
-0.003921569
-0.003921569
-0.003921569
-0.003921569
-0.003921569
-0.003921569
-0.003921569
-0.078431375
-0.0627451
-0.29803923
0.32156864
-0.003921569
-0.003921569
-0.003921569
-0.003921569
0.09803922
-0.003921569
-0.003921569
-0.003921569
0.09803922
0.09803922
0.09803922
0.0
0.0
0.0
0.0
0.09803922
0.09803922
0.09803922
0.09803922
-0.003921569
0.09803922
0.0
0.0
0.0
0.0
0.0
0.0
0.0
0.0
0.0
0.003921569
0.0
0.0
0.0
0.0
0.0
0.0
0.0
0.0
0.0
0.0
0.0
0.0
-0.003921569
-0.003921569
-0.003921569
-0.003921569
-0.003921569
0.0
0.0
0.0
-0.011764706
-0.011764706
-0.011764706
-0.011764706
-0.011764706
-0.011764706
-0.41568628
-0.41568628
-0.003921569
-0.003921569
-0.003921569
-0.003921569
-0.29803923
-0.29803923
-0.29803923
-0.003921569
-0.003921569
-0.003921569
-0.003921569
-0.003921569
0.09803922
0.09803922
0.09803922
0.09803922
0.09803922
0.09803922
0.09803922
-0.29411766
-0.003921569
-0.15686275
-0.15686275
-0.15686275
-0.15686275
-0.15686275
-0.12156863
-0.12156863
-0.19215687
-0.19215687
-0.19215687
-0.19215687
-0.19215687
-0.19215687
-0.19215687
0.0
-0.36862746
-0.14901961
0.23921569
-0.30588236
-0.15686275
-0.10980392
-0.05490196
-0.003921569
-0.003921569
-0.003921569
-0.003921569
-0.003921569
-0.003921569
-0.003921569
-0.003921569
-0.003921569
-0.003921569
-0.019607844
-0.19607843
-0.25490198
-0.09411765
-0.019607844
-0.078431375
-0.18431373
-0.2
0.18431373
0.39215687
-0.003921569
-0.003921569
-0.08627451
-0.16862746
-0.3137255
-0.49411765
0.32156864
0.12941177
0.0
0.011764706
0.28627452
0.3529412
0.3372549
0.31764707
0.09803922
0.09803922
0.09803922
-0.16078432
-0.003921569
-0.003921569
-0.003921569
-0.003921569
-0.003921569
-0.003921569
-0.003921569
-0.003921569
-0.003921569
-0.003921569
-0.003921569
-0.003921569
-0.003921569
-0.003921569
-0.003921569
-0.003921569
-0.003921569
-0.003921569
-0.003921569
-0.30588236
-0.003921569
-0.003921569
-0.003921569
-0.003921569
0.09803922
0.0
0.0
0.0
0.09803922
0.09803922
0.09803922
0.0
0.0
0.0
0.0
0.0
-0.003921569
0.0
0.0
0.09803922
0.09803922
0.09803922
0.09803922
0.0
0.0
0.0
0.09019608
-0.003921569
0.0
0.0
0.0
0.0
0.0
0.0
0.0
0.0
0.0
0.0
0.0
0.0
0.0
0.0
0.0
-0.003921569
-0.003921569
-0.003921569
-0.003921569
-0.003921569
0.0
0.0
0.0
-0.011764706
-0.011764706
-0.011764706
-0.011764706
-0.011764706
-0.011764706
0.05882353
0.3647059
-0.003921569
-0.003921569
-0.003921569
-0.003921569
-0.003921569
-0.29803923
-0.29803923
-0.003921569
-0.003921569
-0.003921569
-0.003921569
-0.003921569
0.09803922
0.09803922
-0.003921569
-0.003921569
-0.003921569
0.09803922
-0.003921569
-0.003921569
-0.003921569
-0.003921569
-0.15686275
-0.15686275
0.47843137
0.47843137
0.47843137
0.47843137
-0.19215687
-0.19215687
-0.19215687
-0.19215687
-0.19215687
-0.19215687
-0.19215687
0.0
0.0
-0.14901961
0.22745098
-0.29803923
-0.16862746
-0.12941177
-0.08235294
-0.003921569
-0.003921569
-0.003921569
-0.003921569
-0.003921569
-0.003921569
-0.003921569
-0.003921569
-0.003921569
-0.003921569
-0.019607844
-0.14901961
-0.18431373
-0.05490196
-0.039215688
-0.11372549
-0.21176471
-0.32156864
0.18431373
0.4509804
-0.003921569
-0.003921569
-0.16470589
-0.3019608
0.49803922
0.25490198
0.043137256
0.043137256
0.011764706
0.3529412
0.42352942
0.40784314
0.38431373
0.36862746
0.02745098
0.29803923
0.03529412
-0.49803922
-0.003921569
-0.003921569
-0.003921569
-0.003921569
-0.003921569
-0.06666667
-0.18039216
-0.078431375
-0.003921569
-0.003921569
-0.003921569
-0.003921569
-0.003921569
-0.003921569
-0.003921569
-0.003921569
-0.003921569
-0.003921569
-0.003921569
-0.09803922
-0.30588236
0.33333334
-0.003921569
0.09803922
0.09803922
0.0
0.0
0.0
0.0
0.09803922
0.09803922
0.0
0.0
0.0
-0.003921569
0.0
0.09803922
-0.003921569
0.0
0.0
0.0
0.0
0.0
0.09803922
-0.003921569
-0.003921569
-0.07450981
-0.003921569
0.0
0.0
0.0
0.0
0.0
0.0
0.0
0.0
0.0
0.0
0.0
0.0
0.0
0.0
0.0
-0.003921569
-0.003921569
-0.003921569
-0.003921569
0.09803922
0.09803922
0.09803922
-0.011764706
-0.011764706
-0.011764706
-0.011764706
-0.011764706
-0.011764706
-0.12156863
-0.12156863
-0.12156863
-0.003921569
-0.003921569
0.48235294
0.48235294
0.48235294
-0.3647059
-0.3647059
-0.3647059
-0.3647059
-0.003921569
-0.003921569
-0.003921569
0.09803922
0.09803922
-0.003921569
-0.003921569
-0.003921569
-0.003921569
-0.003921569
-0.003921569
-0.003921569
-0.003921569
-0.15686275
-0.15686275
0.47843137
0.47843137
0.47843137
0.47843137
-0.19215687
-0.19215687
-0.19215687
-0.2
-0.2
-0.19215687
-0.19215687
0.0
0.0
-0.43529412
0.20392157
-0.34901962
-0.23529412
-0.19607843
-0.13333334
-0.043137256
-0.003921569
-0.003921569
-0.003921569
-0.003921569
-0.003921569
-0.003921569
-0.003921569
-0.003921569
-0.015686275
-0.08627451
-0.09803922
-0.039215688
-0.019607844
-0.06666667
-0.15686275
-0.25490198
-0.3764706
0.18431373
0.46666667
-0.003921569
-0.1254902
-0.35686275
-0.46666667
0.36862746
0.043137256
0.043137256
0.043137256
0.46666667
-0.34117648
-0.33333334
-0.45490196
0.3019608
0.28235295
0.29411766
0.28235295
0.09803922
0.23529412
-0.21176471
-0.003921569
-0.03529412
-0.15686275
-0.27058825
-0.2901961
-0.23921569
-0.09803922
-0.003921569
-0.003921569
-0.003921569
-0.003921569
-0.003921569
-0.003921569
-0.003921569
-0.003921569
-0.003921569
-0.003921569
-0.003921569
-0.09803922
-0.2784314
0.3882353
-0.003921569
-0.003921569
-0.003921569
0.0
0.0
0.0
0.0
0.09803922
0.09803922
0.0
0.003921569
0.0
-0.003921569
-0.003921569
-0.003921569
0.09803922
-0.003921569
0.003921569
0.0
0.003921569
-0.003921569
-0.003921569
-0.003921569
-0.003921569
0.09019608
-0.003921569
-0.003921569
-0.003921569
0.0
0.0
0.0
0.0
0.0
0.0
0.0
0.0
0.0
0.0
-0.14117648
-0.14117648
-0.003921569
-0.003921569
-0.003921569
-0.003921569
-0.003921569
-0.003921569
0.09803922
0.09803922
-0.011764706
-0.011764706
-0.003921569
-0.003921569
-0.011764706
-0.011764706
-0.12156863
-0.12156863
-0.12156863
-0.12156863
-0.003921569
0.48235294
0.48235294
0.48235294
-0.3647059
-0.3647059
-0.3647059
-0.3647059
0.08235294
0.08235294
0.08235294
0.09803922
0.09803922
-0.003921569
-0.003921569
-0.003921569
-0.003921569
-0.003921569
-0.003921569
-0.003921569
-0.003921569
-0.15686275
-0.15686275
0.47843137
0.47843137
0.047058824
0.47843137
-0.19215687
-0.19215687
-0.19215687
-0.19215687
-0.2
-0.2
-0.19215687
0.0
0.0
-0.43529412
0.16470589
-0.43529412
-0.3137255
-0.23529412
-0.12941177
-0.039215688
-0.003921569
-0.003921569
-0.003921569
-0.003921569
-0.003921569
-0.003921569
-0.003921569
-0.05882353
-0.039215688
-0.07450981
-0.11372549
-0.039215688
-0.08235294
-0.12941177
-0.19215687
-0.2784314
-0.30588236
0.09411765
0.3647059
-0.14117648
-0.41568628
0.36862746
0.30980393
0.21176471
0.03529412
0.03529412
0.3019608
-0.33333334
-0.14509805
-0.13725491
-0.28235295
0.43137255
0.22745098
-0.42745098
0.05490196
0.05490196
0.015686275
0.35686275
-0.4627451
-0.38039216
0.45490196
0.35686275
0.3882353
0.43529412
-0.41568628
-0.27058825
-0.1882353
-0.003921569
-0.003921569
-0.23921569
-0.39215687
-0.29803923
-0.03529412
-0.003921569
-0.003921569
-0.003921569
-0.003921569
-0.2901961
0.3372549
-0.003921569
-0.003921569
-0.003921569
-0.003921569
0.007843138
0.0
0.0
0.09803922
0.09803922
0.0
0.0
-0.003921569
0.09803922
0.09803922
-0.003921569
-0.003921569
-0.003921569
0.011764706
0.09803922
0.09803922
0.015686275
-0.003921569
-0.003921569
-0.003921569
-0.003921569
-0.003921569
-0.003921569
-0.003921569
0.09803922
0.09803922
0.0
0.0
0.0
0.0
0.0
0.0
0.0
-0.003921569
-0.14117648
-0.14117648
-0.003921569
-0.003921569
-0.003921569
-0.003921569
-0.003921569
-0.003921569
0.09803922
0.09803922
0.09803922
-0.003921569
-0.003921569
-0.003921569
-0.003921569
-0.011764706
-0.12156863
-0.12156863
-0.12156863
-0.12156863
-0.003921569
-0.003921569
0.48235294
0.48235294
-0.21568628
-0.39607844
-0.39607844
0.0
0.08235294
0.08235294
0.08235294
0.09803922
0.09411765
0.09411765
-0.003921569
-0.003921569
0.07450981
-0.003921569
0.09803922
-0.003921569
-0.003921569
-0.15686275
-0.15686275
0.47843137
0.47843137
0.047058824
0.047058824
-0.19215687
-0.19215687
-0.19215687
-0.19215687
-0.19215687
-0.19215687
-0.19215687
0.0
-0.43529412
-0.43529412
-0.43529412
0.47843137
-0.38039216
-0.2509804
-0.11764706
-0.06666667
-0.05490196
-0.015686275
-0.011764706
-0.011764706
-0.003921569
-0.003921569
-0.09411765
-0.09411765
-0.043137256
-0.11764706
-0.1882353
-0.19215687
-0.24705882
-0.24705882
-0.27450982
-0.3254902
-0.34901962
0.05882353
0.21568628
-0.49019608
-0.023529412
-0.023529412
0.12156863
0.03529412
0.03529412
0.03529412
-0.011764706
-0.33333334
-0.07450981
-0.05882353
-0.20784314
-0.40392157
0.40784314
-0.42745098
0.05490196
0.05490196
0.1254902
0.011764706
0.09803922
0.047058824
0.4862745
0.4862745
0.4862745
0.16078432
-0.050980393
0.3764706
-0.4862745
-0.37254903
-0.5019608
0.29803923
0.1254902
0.13725491
-0.4862745
-0.003921569
-0.003921569
-0.003921569
-0.003921569
-0.12156863
-0.44313726
0.30588236
-0.003921569
-0.003921569
0.34509805
0.1882353
0.050980393
0.09803922
0.09803922
0.09803922
0.09803922
0.0
-0.003921569
0.09803922
0.09803922
0.09803922
0.09803922
-0.003921569
0.007843138
0.09803922
0.09803922
-0.003921569
0.003921569
0.0
-0.003921569
-0.003921569
-0.003921569
-0.003921569
0.09803922
-0.011764706
-0.011764706
-0.011764706
0.09803922
-0.003921569
-0.023529412
-0.023529412
-0.023529412
-0.023529412
-0.003921569
-0.003921569
-0.14117648
-0.003921569
-0.003921569
-0.003921569
-0.003921569
-0.003921569
-0.003921569
-0.003921569
-0.003921569
-0.003921569
-0.003921569
-0.003921569
-0.003921569
-0.003921569
-0.003921569
-0.12156863
-0.12156863
-0.12156863
-0.12156863
-0.003921569
-0.003921569
-0.1254902
-0.1254902
-0.39607844
-0.39607844
-0.39607844
0.0
0.07058824
0.08235294
0.09411765
0.09411765
0.09411765
0.09411765
0.09411765
-0.25882354
0.07450981
0.09803922
0.09803922
0.09803922
0.09803922
0.0
0.0
0.47843137
0.47843137
0.47843137
0.47843137
-0.2
-0.19215687
-0.19215687
-0.19215687
-0.19215687
0.078431375
-0.4392157
0.0
-0.43529412
-0.43529412
-0.43529412
0.38431373
-0.4745098
-0.34117648
-0.21176471
-0.22745098
-0.30588236
-0.3372549
-0.23921569
-0.16862746
-0.16862746
-0.19607843
-0.21568628
-0.18039216
-0.20392157
-0.24705882
-0.30588236
-0.36078432
-0.41568628
-0.39215687
-0.4117647
-0.43137255
-0.43529412
0.03137255
0.09803922
0.2509804
0.09803922
-0.023529412
0.03529412
0.03529412
0.35686275
0.03529412
-0.08235294
0.49411765
-0.06666667
-0.003921569
-0.07058824
-0.25882354
0.050980393
-0.42745098
-0.42745098
0.05490196
0.05490196
0.09803922
0.08235294
0.4862745
0.4862745
0.4862745
0.09411765
0.078431375
0.1882353
0.27058825
0.36078432
-0.050980393
0.09411765
0.05490196
0.019607844
0.0
0.21176471
-0.21176471
-0.003921569
-0.003921569
-0.003921569
-0.003921569
-0.2
-0.40392157
-0.5019608
-0.4392157
-0.4509804
0.36078432
0.09803922
0.09803922
0.09803922
0.09803922
0.09803922
0.09803922
0.09803922
0.09803922
0.09803922
0.09803922
0.09803922
0.09803922
0.09803922
0.09803922
-0.003921569
-0.003921569
0.0
0.0
-0.003921569
-0.003921569
-0.003921569
-0.003921569
-0.011764706
-0.011764706
-0.011764706
-0.011764706
0.09803922
-0.003921569
-0.003921569
-0.023529412
-0.023529412
-0.023529412
-0.003921569
-0.003921569
-0.003921569
-0.003921569
-0.003921569
-0.003921569
-0.003921569
-0.003921569
-0.003921569
-0.003921569
-0.003921569
-0.003921569
-0.003921569
-0.003921569
-0.003921569
-0.003921569
-0.003921569
-0.12156863
-0.003921569
-0.003921569
-0.12156863
-0.34509805
-0.1254902
-0.1254902
-0.1254902
0.05882353
-0.39607844
-0.39607844
0.0
0.0
0.07058824
0.09411765
0.09411765
0.09411765
0.09411765
0.09411765
-0.25882354
-0.25882354
0.09803922
0.09803922
0.09803922
0.09803922
0.0
0.0
0.47843137
0.47843137
0.47843137
0.47843137
-0.2
-0.2
-0.2
-0.2
-0.2
0.078431375
0.05490196
0.0
-0.43529412
-0.43529412
-0.43529412
0.29803923
0.42352942
0.49411765
-0.49411765
0.49803922
0.42352942
0.3019608
0.40392157
-0.4117647
-0.36862746
-0.39215687
-0.36078432
-0.3372549
-0.4627451
-0.38431373
-0.43529412
-0.4862745
0.48235294
0.4862745
0.47058824
0.45882353
0.24313726
0.015686275
0.05490196
0.015686275
0.09803922
0.019607844
0.03529412
0.03529412
0.35686275
0.35686275
-0.20392157
0.40392157
-0.16078432
-0.11372549
-0.16470589
-0.27450982
-0.43529412
0.42745098
0.35686275
0.23921569
0.007843138
0.09803922
-0.003921569
0.4862745
0.047058824
0.4862745
0.11372549
0.12941177
0.2901961
0.40392157
0.34117648
-0.050980393
0.003921569
0.0
0.0
0.003921569
0.13333334
0.40392157
-0.36078432
-0.32156864
-0.38039216
0.45882353
0.3254902
-0.003921569
-0.003921569
-0.003921569
-0.003921569
0.09803922
0.09803922
0.09803922
0.09803922
0.09803922
0.09803922
0.09803922
0.09803922
0.09803922
0.09803922
0.09803922
0.09803922
0.09803922
0.09803922
0.09803922
0.09803922
-0.003921569
-0.003921569
-0.003921569
-0.003921569
-0.003921569
-0.003921569
-0.003921569
-0.011764706
-0.011764706
-0.011764706
-0.011764706
-0.011764706
-0.003921569
-0.003921569
-0.003921569
-0.003921569
-0.003921569
-0.003921569
-0.003921569
-0.003921569
-0.003921569
-0.003921569
-0.003921569
-0.003921569
-0.003921569
-0.003921569
-0.003921569
0.09803922
-0.003921569
-0.003921569
-0.003921569
-0.003921569
-0.003921569
-0.003921569
-0.18431373
-0.003921569
-0.003921569
-0.015686275
-0.015686275
-0.015686275
-0.1254902
-0.1254902
-0.1254902
0.05882353
0.05882353
0.0
0.0
0.078431375
0.078431375
0.09411765
0.09411765
0.09411765
0.09411765
-0.25882354
-0.25882354
0.09803922
0.09803922
0.09803922
0.09803922
0.050980393
0.050980393
0.47843137
0.47843137
0.47843137
0.47843137
-0.2
-0.2
-0.2
-0.2
-0.2
-0.2
0.05490196
colors
0.2747576 0.39926532 0.5258745
0.2865223 0.41103002 0.5376392
0.2865223 0.41103002 0.5376392
0.29044387 0.4149516 0.54156077
0.29044387 0.4149516 0.54156077
0.29202026 0.40822947 0.5376392
0.28260073 0.40710846 0.53371763
0.28260073 0.40710846 0.53371763
0.28260073 0.40710846 0.53371763
0.2747576 0.39926532 0.5258745
0.2747576 0.39926532 0.5258745
0.25907132 0.38357905 0.5101882
0.25987905 0.36084068 0.48755297
0.28267872 0.33229837 0.4371216
0.3431177 0.35104343 0.4228784
0.38706276 0.3754909 0.42253336
0.39098433 0.37941247 0.42645493
0.34465516 0.3830759 0.46030593
0.26222414 0.3728339 0.488447
0.27944776 0.4205527 0.54156077
0.35945556 0.49226198 0.61607057
0.43162036 0.556128 0.68273723
0.47398886 0.5818995 0.7141098
0.50067115 0.5933343 0.7228471
0.503824 0.58258915 0.7011059
0.47010633 0.54057294 0.6618902
0.4504985 0.5209651 0.64228237
0.43008292 0.5227461 0.6522589
0.43396538 0.5640727 0.70447844
0.44176954 0.6093208 0.76061964
0.4833303 0.6591802 0.80767846
0.50293815 0.68013763 0.82033724
0.495095 0.6722945 0.8124941
0.4480362 0.62793475 0.75153726
0.38136953 0.5639672 0.6709725
0.37744796 0.5600456 0.66705096
0.38136953 0.5639672 0.6709725
0.4276597 0.5936602 0.70626664
0.4606087 0.61831063 0.7337176
0.4606087 0.61831063 0.7337176
0.45511067 0.62111115 0.7337176
0.4574558 0.6317548 0.74156076
0.44176954 0.61606854 0.7258745
0.43158126 0.59758174 0.7101882
0.41981655 0.58581704 0.6984235
0.421393 0.57909495 0.69450194
0.42608327 0.5990327 0.71713734
0.38763624 0.5744838 0.70358425
0.37587154 0.5627191 0.69181955
0.44415367 0.5866082 0.6993177
0.38152567 0.41299745 0.48472944
0.34703928 0.35766408 0.41290194
0.29209834 0.33746806 0.42019606
0.18460049 0.27031466 0.39432937
0.17202806 0.27993876 0.412149
0.18063995 0.3037981 0.43870592
0.18925169 0.32630798 0.47221166
0.21354985 0.36450404 0.52140397
0.24961266 0.41716397 0.5684628
0.2817539 0.46455273 0.6185491
0.3052833 0.48808214 0.6420785
0.30370685 0.49480426 0.6460001
0.29586372 0.48696113 0.63815695
0.30762842 0.49872583 0.64992166
0.32096958 0.50376844 0.6577648
0.28725186 0.46040267 0.62549806
0.17748699 0.3104946 0.4812942
0.14772995 0.24039307 0.3699059
0.14303963 0.22450396 0.3264235
0.16187878 0.23079465 0.31341958
0.15718853 0.21490547 0.26993722
0.17052971 0.21859848 0.28472945
0.13131402 0.1793828 0.24551377
0.107784614 0.15585339 0.22198436
0.110129714 0.16514754 0.2367765
0.12423958 0.18485683 0.27028233
0.10463174 0.16659853 0.24372546
0.0967886 0.15740585 0.24283135
0.09990238 0.18136671 0.28328624
0.25749478 0.39165074 0.5071608
0.78140855 0.9279117 1.0
0.75395757 0.9004607 0.98827446
0.5947497 0.7343039 0.8166196
0.36499262 0.46285275 0.51218045
0.37991023 0.4638723 0.5022039
0.41993362 0.48304874 0.5048863
0.5446941 0.5591664 0.54251766
0.68906254 0.6562413 0.5928078
0.6859487 0.6309309 0.55930203
0.6914468 0.6281303 0.55930203
0.69536835 0.63340145 0.55627453
0.7110546 0.6490877 0.5719608
0.68360364 0.62163675 0.5445099
0.67341536 0.6044995 0.5218745
0.6969448 0.6280289 0.5454039
0.67733693 0.6084211 0.52579606
0.6812585 0.61369216 0.5227686
0.7165526 0.6489863 0.55806273
0.71812904 0.64361376 0.5471922
0.70636433 0.63319856 0.5284785
0.68833286 0.6068686 0.5049491
0.668725 0.58861035 0.4783922
0.668725 0.58861035 0.4783922
0.67656815 0.5964535 0.48623535
0.6804897 0.60037506 0.49015692
0.6938309 0.60676724 0.49105096
0.6938309 0.60676724 0.49105096
0.67814463 0.59243053 0.46841568
0.67422307 0.58850896 0.4644941
0.6640348 0.5700221 0.44880784
0.6640348 0.5713717 0.4418589
0.66795635 0.5752932 0.44578046
0.66795635 0.5752932 0.44578046
0.6601132 0.56745005 0.43793732
0.66795635 0.5752932 0.44578046
0.65619165 0.56352854 0.43401575
0.6585368 0.5728227 0.44880784
0.6585368 0.5728227 0.44880784
0.6859878 0.60027367 0.4762588
0.67972106 0.5857084 0.4644941
0.6640348 0.5713717 0.4418589
0.6405054 0.54784226 0.41832948
0.6483485 0.5556854 0.4261726
0.65619165 0.56217897 0.4409647
0.6640348 0.5713717 0.4418589
0.6601132 0.56745005 0.43793732
0.6522701 0.5596069 0.43009418
0.66795635 0.5752932 0.44578046
0.6640348 0.5713717 0.4418589
0.6522701 0.5596069 0.43009418
0.6365838 0.54392064 0.4144079
0.64442694 0.5504143 0.4292
0.6663799 0.57931626 0.46359998
0.6585368 0.5714731 0.45575684
0.6538075 0.5848917 0.50226665
0.68514097 0.65097016 0.5958353
0.6365057 0.6052353 0.5804941
0.49690565 0.45868626 0.42844704
0.4514233 0.40355572 0.38441566
0.44750172 0.39828458 0.38744318
0.47103113 0.421814 0.4109726
0.47887427 0.42965713 0.41881573
0.4867174 0.43750027 0.42665887
0.47026247 0.40579778 0.3922588
0.45615265 0.38473895 0.36570194
0.4538075 0.3740953 0.3578588
0.4483095 0.37689582 0.3578588
0.44438794 0.37162468 0.36088625
0.4483095 0.37554625 0.3648078
0.46791735 0.3951541 0.38441566
0.4365448 0.36378154 0.3530431
0.4365448 0.36378154 0.3530431
0.44438794 0.37162468 0.36088625
0.44046637 0.3677031 0.35696468
0.4608429 0.40467674 0.38833722
0.48045075 0.42563415 0.40099606
0.47418404 0.41106892 0.38923135
0.44596437 0.36760166 0.3430667
0.46165064 0.38328794 0.35875297
0.45772907 0.37936637 0.3548314
0.26222414 0.37148437 0.4953961
0.26222414 0.37148437 0.4953961
0.25830257 0.3675628 0.49147454
0.26222414 0.37148437 0.4953961
0.26380062 0.3661118 0.48452544
0.25987905 0.36219022 0.48060387
0.25987905 0.36219022 0.48060387
0.2677222 0.37003335 0.488447
0.2661457 0.37675548 0.49236858
0.27006727 0.38067704 0.49629015
0.27398884 0.3845986 0.5002117
0.27006727 0.38067704 0.49629015
0.2669534 0.35401717 0.4697333
0.28817677 0.33084738 0.4301726
0.35253724 0.35351402 0.41985095
0.39256072 0.37403995 0.4155843
0.39256072 0.37403995 0.4155843
0.3383884 0.3698602 0.4415922
0.26145545 0.35546812 0.4766823
0.27083603 0.39534375 0.5219529
0.34142426 0.46593198 0.59254116
0.41751048 0.5350692 0.65618044
0.4638006 0.5647623 0.69147456
0.4865613 0.57227546 0.6962902
0.47794947 0.5484161 0.66973335
0.4504985 0.52231467 0.6353333
0.43323573 0.512001 0.63051766
0.4190869 0.5269976 0.6592078
0.4284674 0.56552374 0.7114274
0.44961268 0.61716396 0.7684628
0.4833303 0.6591802 0.80767846
0.50293815 0.68013763 0.82033724
0.48725188 0.66445136 0.80465096
0.42842835 0.6096764 0.7249805
0.37744796 0.5600456 0.66705096
0.38136953 0.5639672 0.6709725
0.3970558 0.57965344 0.6866588
0.42608327 0.60038227 0.7101882
0.4723734 0.6314249 0.7385334
0.47079694 0.6367974 0.7494039
0.45903224 0.6263823 0.73069024
0.45903224 0.6250327 0.7376392
0.45511067 0.62111115 0.7337176
0.4394244 0.6054249 0.71803135
0.42531458 0.5830165 0.6984235
0.42531458 0.5830165 0.6984235
0.43000484 0.60295427 0.72105885
0.38763624 0.5744838 0.70358425
0.38371468 0.57056224 0.6996627
0.4519968 0.5944513 0.70716083
0.38544723 0.4182686 0.48170194
0.34703928 0.35766408 0.41290194
0.3015179 0.3385891 0.42411762
0.18302408 0.2770368 0.39825094
0.17202806 0.2785892 0.41909808
0.18063995 0.30244857 0.44565487
0.19709483 0.33415112 0.4800548
0.21354985 0.36450404 0.52140397
0.25195774 0.4264581 0.583255
0.27783233 0.46063116 0.61462754
0.30920488 0.4920037 0.6460001
0.30370685 0.49480426 0.6460001
0.30762842 0.49872583 0.64992166
0.317048 0.49984685 0.6538432
0.3327343 0.51553315 0.6695295
0.27940872 0.45255953 0.6176549
0.18533012 0.31833774 0.48913735
0.14772995 0.24039307 0.3699059
0.15245923 0.2269745 0.32339612
0.20505507 0.2405755 0.28741175
0.55019224 0.55366665 0.5564157
0.38544723 0.42096767 0.4678039
0.107784614 0.15585339 0.22198436
0.103863046 0.15193182 0.21806279
0.11170618 0.15842542 0.23285493
0.110129714 0.163798 0.24372546
0.085023895 0.14699069 0.22411762
0.09286703 0.15348428 0.23890978
0.10697682 0.17454313 0.2654667
0.10067113 0.19603336 0.308949
0.68886733 0.8257224 0.9246353
0.78690654 0.9251112 1.0
0.750036 0.89653915 0.98435295
0.5414243 0.6726797 0.75779605
0.41205144 0.50991154 0.55923927
0.41678074 0.49379387 0.5266274
0.4270081 0.47622523 0.48706663
0.6012116 0.57398975 0.524353
0.6624193 0.6074015 0.5357726
0.6757605 0.61244404 0.54361576
0.6639958 0.6020289 0.524902
0.6796821 0.6177152 0.54058826
0.69536835 0.63340145 0.55627453
0.68360364 0.62163675 0.5445099
0.70086634 0.6319505 0.54932547
0.7165526 0.6476368 0.56501174
0.71263105 0.6450647 0.55414116
0.69067806 0.6161628 0.51974124
0.6804897 0.5990255 0.49710596
0.6703015 0.58188826 0.47447065
0.67814463 0.5897314 0.48231378
0.6859878 0.59757453 0.49015692
0.6938309 0.60541767 0.49800006
0.6820662 0.59500253 0.47928625
0.67814463 0.59108096 0.47536469
0.67422307 0.5871594 0.47144312
0.6663799 0.57931626 0.46359998
0.65069366 0.56363 0.4479137
0.6585368 0.5728227 0.44880784
0.66795635 0.57394373 0.4527294
0.6601132 0.56745005 0.43793732
0.6483485 0.5556854 0.4261726
0.6467721 0.5624075 0.43009418
0.6467721 0.5624075 0.43009418
0.6428505 0.5584859 0.4261726
0.6585368 0.5728227 0.44880784
0.6663799 0.5806658 0.45665097
0.66245836 0.57674426 0.4527294
0.66245836 0.57674426 0.4527294
0.6703015 0.5845874 0.46057254
0.6601132 0.56745005 0.43793732
0.6601132 0.56745005 0.43793732
0.66245836 0.57809377 0.44578046
0.6601132 0.56745005 0.43793732
0.65619165 0.56352854 0.43401575
0.6483485 0.5556854 0.4261726
0.6381602 0.53719854 0.41048634
0.6381602 0.53719854 0.41048634
0.6640348 0.5713717 0.4418589
0.6718779 0.5792148 0.44970202
0.6718779 0.5792148 0.44970202
0.6640348 0.5713717 0.4418589
0.66795635 0.57394373 0.4527294
0.6875642 0.5935515 0.47233725
0.66795635 0.57394373 0.4527294
0.6546152 0.5689011 0.44488627
0.63735247 0.5572378 0.44701967
0.66007423 0.5994569 0.51403135
0.6827959 0.6403265 0.5879922
0.5894469 0.55817646 0.5334353
0.4992508 0.4666308 0.45018828
0.46395668 0.43133667 0.41489416
0.48906252 0.448144 0.434502
0.46476448 0.4085983 0.3922588
0.4538075 0.3740953 0.3578588
0.43812123 0.35840902 0.34217253
0.44046637 0.36905268 0.35001567
0.4483095 0.37689582 0.3578588
0.47183892 0.40042523 0.38138822
0.4663409 0.4018762 0.38833722
0.44673306 0.38226837 0.36872938
0.43888992 0.37442523 0.36088625
0.4483095 0.37554625 0.3648078
0.43104678 0.36793166 0.3460941
0.48045075 0.42563415 0.40099606
0.4726076 0.417791 0.39315292
0.47026247 0.40714735 0.3853098
0.4302781 0.3519154 0.32738042
0.45772907 0.37936637 0.3548314
0.4538075 0.3740953 0.3578588
0.26849085 0.38470006 0.5141098
0.2629929 0.3875006 0.5141098
0.26691446 0.39142218 0.51803136
0.27241242 0.38862163 0.51803136
0.27241242 0.3899712 0.5110824
0.27398884 0.38324907 0.5071608
0.27398884 0.38324907 0.5071608
0.27241242 0.3899712 0.5110824
0.2747576 0.39926532 0.5258745
0.28260073 0.40710846 0.53371763
0.2865223 0.41103002 0.5376392
0.29202026 0.40957904 0.5306902
0.27556533 0.3778765 0.49629015
0.2960199 0.34004006 0.43106663
0.36195692 0.35733405 0.40987456
0.39805877 0.3712394 0.4155843
0.39256072 0.37403995 0.4155843
0.33604333 0.35921648 0.43374905
0.23323572 0.31200096 0.4305176
0.23085159 0.34011182 0.46402356
0.30378497 0.42134374 0.54245496
0.37202805 0.48128828 0.60520005
0.43008292 0.5240956 0.6453098
0.46618477 0.53800094 0.6510196
0.4504985 0.52231467 0.6353333
0.44031015 0.5038278 0.619647
0.4143966 0.50840926 0.6296235
0.40809095 0.5312491 0.6661569
0.43081257 0.5761674 0.7192705
0.46137738 0.62892866 0.7802275
0.48725188 0.6631018 0.8116
0.4935186 0.6790166 0.81641567
0.4660676 0.6529152 0.7820156
0.4088205 0.5900686 0.7053726
0.3735264 0.5561241 0.6631294
0.37587154 0.56676775 0.6709725
0.3915578 0.58245397 0.6866588
0.43784797 0.61349654 0.71500397
0.47629496 0.6353465 0.74245495
0.48256165 0.6499117 0.75421965
0.47079694 0.6367974 0.7494039
0.4629538 0.6289543 0.74156076
0.45511067 0.62111115 0.7337176
0.43550283 0.6015033 0.7141098
0.42923614 0.5869381 0.7023451
0.421393 0.57909495 0.69450194
0.43000484 0.60295427 0.72105885
0.39547938 0.58232695 0.7114274
0.39547938 0.58232695 0.7114274
0.4574948 0.5916508 0.70716083
0.3776041 0.41042545 0.4738588
0.35096085 0.36158565 0.4168235
0.29994148 0.3453112 0.4280392
0.18694565 0.28095835 0.4021725
0.17045164 0.28531128 0.42301965
0.18456152 0.30637014 0.44957644
0.2010164 0.3380727 0.48397636
0.22531456 0.37626874 0.5331687
0.25980088 0.43430123 0.5910981
0.2817539 0.46455273 0.6185491
0.3052833 0.48808214 0.6420785
0.29586372 0.48696113 0.63815695
0.30762842 0.49872583 0.64992166
0.317048 0.49984685 0.6538432
0.33665586 0.5194547 0.67345107
0.295095 0.46959534 0.62639225
0.2010164 0.33537358 0.49787456
0.19559652 0.26876223 0.37348235
0.44746268 0.43838874 0.42184317
0.6482704 0.61969906 0.57836086
0.60590196 0.5898789 0.56783533
0.1250473 0.16751668 0.21985096
0.14307873 0.18979797 0.26422748
0.11562775 0.16234699 0.2367765
0.107784614 0.15450385 0.22893336
0.106208146 0.15987644 0.2398039
0.10463174 0.16524899 0.2506745
0.0967886 0.15740585 0.24283135
0.099133685 0.16669999 0.25762355
0.10932199 0.18383725 0.28025886
0.0779104 0.18852021 0.3041333
0.7845615 0.9144674 1.0
0.77514184 0.91469604 0.9970117
0.7516124 0.88981706 0.9804313
0.3979026 0.5235587 0.59487844
0.39402002 0.4849312 0.52876073
0.3971729 0.47553557 0.50007063
0.47487462 0.5032448 0.49759212
0.6569214 0.6088525 0.54272157
0.68202716 0.62700933 0.55538046
0.68202716 0.62700933 0.55538046
0.70713305 0.6438166 0.5749883
0.7228193 0.66085243 0.5837256
0.7110546 0.6490877 0.5719608
0.6969448 0.6280289 0.5454039
0.69067806 0.6148132 0.5266902
0.6828349 0.60831964 0.5118981
0.6922544 0.6107902 0.50887066
0.6922544 0.6107902 0.50887066
0.68990934 0.6014961 0.4940785
0.67814463 0.5897314 0.48231378
0.67814463 0.5897314 0.48231378
0.6663799 0.5779667 0.47054908
0.6585368 0.57012355 0.46270594
0.66245836 0.5753947 0.4596784
0.67422307 0.5871594 0.47144312
0.6703015 0.5832378 0.46752155
0.6546152 0.5689011 0.44488627
0.6467721 0.561058 0.43704313
0.6467721 0.561058 0.43704313
0.6428505 0.5584859 0.4261726
0.6467721 0.5624075 0.43009418
0.66245836 0.57674426 0.4527294
0.6663799 0.5806658 0.45665097
0.6585368 0.5728227 0.44880784
0.67814463 0.59243053 0.46841568
0.67422307 0.58850896 0.4644941
0.6585368 0.5728227 0.44880784
0.65069366 0.56497955 0.4409647
0.6601132 0.56745005 0.43793732
0.6640348 0.5713717 0.4418589
0.6601132 0.56745005 0.43793732
0.65619165 0.56352854 0.43401575
0.6365838 0.54392064 0.4144079
0.6601132 0.56745005 0.43793732
0.6718779 0.5792148 0.44970202
0.67345434 0.57249266 0.44578046
0.65619165 0.5648781 0.42706674
0.6405054 0.54919183 0.41138047
0.6601132 0.56745005 0.43793732
0.66795635 0.5752932 0.44578046
0.67972106 0.58705795 0.45754516
0.6483485 0.55433583 0.43312156
0.6601132 0.5661006 0.44488627
0.6640348 0.5700221 0.44880784
0.6757995 0.5831363 0.4536236
0.69148576 0.59747314 0.4762588
0.6836426 0.58963 0.46841568
0.6820662 0.5963521 0.47233725
0.67656815 0.5937544 0.5001334
0.674184 0.6178167 0.5544863
0.6482704 0.617 0.5922588
0.55807436 0.52545434 0.5090118
0.45768997 0.41677144 0.40312946
0.43104678 0.36793166 0.3460941
0.43262324 0.36120954 0.34217253
0.4365448 0.3651311 0.3460941
0.4483095 0.37689582 0.3578588
0.46007422 0.38866052 0.3696235
0.43888992 0.37442523 0.36088625
0.4428115 0.3783468 0.3648078
0.47418404 0.40971935 0.39618036
0.4428115 0.3783468 0.3648078
0.4428115 0.3783468 0.3648078
0.46868604 0.41251987 0.39618036
0.45849776 0.39538264 0.37354508
0.46399578 0.3925821 0.37354508
0.42870167 0.35863748 0.331302
0.45223108 0.38081738 0.36178038
0.44046637 0.36905268 0.35001567
0.25122818 0.37438634 0.50929415
0.25907132 0.38222948 0.5171373
0.25749478 0.38895163 0.52105886
0.2653379 0.39814433 0.5219529
0.27318105 0.4046379 0.53674513
0.27318105 0.40598747 0.52979606
0.27867916 0.4031869 0.52979606
0.27318105 0.40598747 0.52979606
0.2747576 0.39926532 0.5258745
0.26925948 0.4020659 0.5258745
0.2629929 0.3875006 0.5141098
0.25280458 0.37036335 0.49147454
0.24576917 0.34113142 0.45404702
0.27641207 0.32043222 0.4114588
0.35961178 0.34803993 0.39508238
0.39805877 0.37393847 0.4016863
0.39805877 0.37258896 0.40863526
0.32427862 0.34880134 0.41503528
0.20736122 0.28052694 0.38524705
0.19871035 0.29272303 0.4139372
0.24969074 0.34370342 0.4649176
0.3179338 0.40499756 0.5207137
0.3838318 0.45564795 0.56866664
0.41678074 0.48164794 0.5891686
0.4207023 0.4855695 0.5930902
0.4097063 0.48982108 0.6000392
0.39947903 0.5087393 0.632651
0.40259284 0.5327002 0.6731059
0.42923614 0.5815399 0.73014116
0.45195776 0.6278077 0.7763059
0.47391075 0.6580592 0.8037569
0.47783232 0.6633303 0.8007294
0.43861663 0.6268137 0.7476157
0.38921267 0.5718103 0.67881566
0.3680284 0.5602741 0.65618044
0.3797931 0.5720388 0.66794515
0.39547938 0.58637553 0.69058037
0.44176954 0.6174181 0.71892554
0.47864008 0.64599013 0.7502981
0.47864008 0.64464056 0.75724703
0.47079694 0.638147 0.74245495
0.4574558 0.6317548 0.74156076
0.45353425 0.62783325 0.7376392
0.43550283 0.6015033 0.7141098
0.42923614 0.5869381 0.7023451
0.4331577 0.59085965 0.70626664
0.43784797 0.6107974 0.728902
0.40332252 0.5901701 0.7192705
0.40332252 0.5901701 0.7192705
0.45357323 0.5877292 0.70323926
0.37918058 0.4037033 0.46993724
0.34938443 0.3669582 0.42769408
0.29444343 0.34676218 0.4349882
0.18536924 0.28633088 0.41304317
0.18221635 0.297076 0.43478435
0.19240466 0.31421328 0.45741957
0.20885953 0.34591582 0.4918195
0.23158123 0.39218357 0.53798425
0.2692205 0.4367718 0.58807063
0.28567547 0.46982387 0.6155216
0.3052833 0.48808214 0.6420785
0.30136174 0.48416057 0.63815695
0.3052833 0.48808214 0.6420785
0.32096958 0.50376844 0.6577648
0.3460754 0.52192533 0.67042357
0.31393415 0.47318697 0.6272863
0.32896888 0.37143826 0.4237725
0.6286626 0.6000912 0.558753
0.64750177 0.6050324 0.5526981
0.63808215 0.60391134 0.5487765
0.5360824 0.5312583 0.53680784
0.1485767 0.18969654 0.25032938
0.12189442 0.17691225 0.2485412
0.14150226 0.19517055 0.27509803
0.106208146 0.15987644 0.2398039
0.10228658 0.15595487 0.23588233
0.11247487 0.17309213 0.25851762
0.11639644 0.1770137 0.2624392
0.11481996 0.18238626 0.27330983
0.11481996 0.18238626 0.27330983
0.10932199 0.18383725 0.28025886
0.6449615 0.7652193 0.86973333
0.7845615 0.91581696 1.0
0.7672987 0.9068529 0.9891686
0.73592615 0.87548035 0.95779604
0.37594962 0.49465668 0.5604784
0.39402002 0.4849312 0.52876073
0.4356199 0.498735 0.5205726
0.6074783 0.58720547 0.54306674
0.69379187 0.63877404 0.56714517
0.7110546 0.6490877 0.5719608
0.69536835 0.63340145 0.55627453
0.6914468 0.6294799 0.552353
0.6930232 0.6227578 0.5484314
0.68518007 0.61761373 0.5266902
0.69067806 0.6148132 0.5266902
0.6804897 0.597676 0.50405496
0.67656815 0.5951039 0.4931844
0.668725 0.5872608 0.48534125
0.67814463 0.5897314 0.48231378
0.68990934 0.6014961 0.4940785
0.68990934 0.6014961 0.4940785
0.67814463 0.5897314 0.48231378
0.6703015 0.5832378 0.46752155
0.66245836 0.5753947 0.4596784
0.66245836 0.5753947 0.4596784
0.6703015 0.5832378 0.46752155
0.67814463 0.59108096 0.47536469
0.6820662 0.5963521 0.47233725
0.67422307 0.58850896 0.4644941
0.6585368 0.5728227 0.44880784
0.6640348 0.5700221 0.44880784
0.66245836 0.57674426 0.4527294
0.6663799 0.5806658 0.45665097
0.67422307 0.58850896 0.4644941
0.6585368 0.5728227 0.44880784
0.6546152 0.5689011 0.44488627
0.6601132 0.5661006 0.44488627
0.6703015 0.5845874 0.46057254
0.66795635 0.5752932 0.44578046
0.6640348 0.5713717 0.4418589
0.6836426 0.59097946 0.46146673
0.6993289 0.60666573 0.477153
0.6757995 0.5831363 0.4536236
0.6483485 0.5556854 0.4261726
0.6522701 0.5596069 0.43009418
0.6522701 0.5609565 0.42314517
0.65619165 0.5648781 0.42706674
0.64442694 0.55311334 0.41530204
0.6405054 0.54784226 0.41832948
0.6718779 0.5792148 0.44970202
0.69148576 0.59747314 0.4762588
0.6993289 0.6053163 0.48410195
0.6875642 0.5935515 0.47233725
0.69540733 0.60139465 0.48018038
0.69148576 0.59747314 0.4762588
0.67972106 0.58705795 0.45754516
0.66168964 0.56072795 0.43401575
0.65934455 0.5500843 0.4261726
0.64992493 0.54896325 0.42225105
0.6538465 0.5528848 0.4261726
0.65619165 0.56217897 0.4409647
0.6593055 0.5847902 0.4883687
0.6459253 0.6104049 0.5635687
0.5894469 0.55952597 0.5264863
0.4757214 0.44445094 0.41970977
0.44750172 0.39963415 0.3804941
0.45223108 0.38081738 0.36178038
0.43104678 0.36793166 0.3460941
0.44673306 0.38226837 0.36872938
0.4608429 0.40467674 0.38833722
0.4749527 0.42573556 0.41489416
0.45299977 0.3968336 0.3804941
0.44515663 0.38899046 0.37265095
0.4608429 0.40467674 0.38833722
0.44673306 0.38361794 0.36178038
0.43496835 0.37185323 0.35001567
0.42320365 0.36008853 0.33825096
0.4428115 0.37969637 0.3578588
0.4428115 0.37969637 0.3578588
0.20809093 0.33259866 0.45920783
0.20259282 0.33539924 0.45920783
0.21043596 0.3418928 0.47400004
0.2182791 0.34973595 0.48184317
0.24338505 0.36789277 0.49450195
0.23788694 0.37069336 0.49450195
0.23554191 0.36004964 0.4866588
0.2237772 0.34693536 0.48184317
0.21593407 0.3404418 0.46705097
0.22143203 0.33764124 0.46705097
0.20966733 0.3272261 0.4483373
0.20340061 0.31401038 0.42962348
0.2097063 0.2898211 0.4000392
0.2505375 0.28895825 0.3661883
0.3556902 0.34411836 0.39116082
0.3996352 0.36721638 0.39776474
0.39805877 0.37258896 0.40863526
0.331353 0.3419778 0.39721566
0.18540819 0.25162494 0.3508471
0.17991021 0.25307596 0.35779604
0.21520436 0.28837007 0.3930902
0.259918 0.3247852 0.43230587
0.31639645 0.37296504 0.48328626
0.36737683 0.42394543 0.53426665
0.3854082 0.4502754 0.55779606
0.3806789 0.46774265 0.5834588
0.37045163 0.4880104 0.60912156
0.37748697 0.5158928 0.653498
0.40805185 0.5686542 0.7144549
0.43234992 0.60819983 0.7566981
0.4598009 0.6370004 0.7772
0.4480362 0.6252357 0.7654353
0.4088205 0.5900686 0.7053726
0.37744796 0.56139517 0.660102
0.3680284 0.5602741 0.65618044
0.37587154 0.56811726 0.6640236
0.39940095 0.5902971 0.69450194
0.4362715 0.6188691 0.7258745
0.4731421 0.6474411 0.75724703
0.4747185 0.64206856 0.7463765
0.47079694 0.638147 0.74245495
0.46137738 0.6356764 0.7454823
0.45353425 0.62783325 0.7376392
0.44334596 0.60934645 0.7219529
0.43707928 0.5947812 0.7101882
0.42531458 0.5830165 0.6984235
0.4339264 0.60687584 0.7249805
0.39940095 0.5862485 0.71534896
0.4088205 0.58736956 0.7192705
0.4512282 0.578435 0.68844706
0.38702372 0.41154644 0.47778037
0.34938443 0.3669582 0.42769408
0.30228657 0.35325578 0.44978043
0.18536924 0.28633088 0.41304317
0.18221635 0.297076 0.43478435
0.19240466 0.31421328 0.45741957
0.20728314 0.35263792 0.49574107
0.23707926 0.38938302 0.53798425
0.2692205 0.4367718 0.58807063
0.29901657 0.47486648 0.62336475
0.31312644 0.49727485 0.6429726
0.30136174 0.48551014 0.6312079
0.31470284 0.49055275 0.639051
0.33588716 0.504788 0.64778817
0.37748697 0.5172424 0.64654905
0.5596118 0.55613726 0.55338824
0.62631744 0.59079707 0.5439608
0.64750177 0.6050324 0.5526981
0.6592665 0.6167971 0.5644628
0.65769 0.6221696 0.57533336
0.33604333 0.36461467 0.405953
0.14307873 0.1911475 0.25727847
0.13365912 0.18732741 0.2672549
0.12031801 0.1822848 0.25941175
0.13992585 0.2005431 0.2859686
0.0967886 0.15875539 0.23588233
0.0967886 0.15875539 0.23588233
0.10463174 0.16524899 0.2506745
0.11089839 0.17981426 0.2624392
0.11639644 0.1770137 0.2624392
0.11247487 0.17174256 0.2654667
0.09125158 0.19491231 0.30502743
0.78613794 0.90909487 0.9970117
0.7845615 0.91581696 1.0
0.7727968 0.90405226 0.9891686
0.6927889 0.8323431 0.9146588
0.3908672 0.49567628 0.550502
0.40501603 0.48202917 0.5148627
0.47802743 0.49249968 0.47585094
0.63496834 0.5799505 0.50832164
0.6679174 0.6059505 0.5288236
0.6875252 0.6255583 0.5484314
0.6914468 0.6294799 0.552353
0.69536835 0.63340145 0.55627453
0.6930232 0.62410736 0.5414823
0.6969448 0.62937844 0.5384549
0.6945996 0.62008435 0.5236628
0.6922544 0.6094407 0.51581967
0.68833286 0.6068686 0.5049491
0.67422307 0.5858098 0.4783922
0.67814463 0.5897314 0.48231378
0.67422307 0.5858098 0.4783922
0.6703015 0.5832378 0.46752155
0.67422307 0.5871594 0.47144312
0.67814463 0.59108096 0.47536469
0.6663799 0.57931626 0.46359998
0.66245836 0.5753947 0.4596784
0.66245836 0.57674426 0.4527294
0.6585368 0.5728227 0.44880784
0.6663799 0.5806658 0.45665097
0.6467721 0.561058 0.43704313
0.6350074 0.5492933 0.42527843
0.66245836 0.57674426 0.4527294
0.67422307 0.5871594 0.47144312
0.67814463 0.59108096 0.47536469
0.6585368 0.5728227 0.44880784
0.6859878 0.60027367 0.4762588
0.67814463 0.59243053 0.46841568
0.69148576 0.5988226 0.46930987
0.6875642 0.5949011 0.4653883
0.67972106 0.5884075 0.45059615
0.6601132 0.5687996 0.4309883
0.64992493 0.5503128 0.41530204
0.6656112 0.5659991 0.4309883
0.66795635 0.57664275 0.43883145
0.6601132 0.56745005 0.43793732
0.6405054 0.54784226 0.41832948
0.63266224 0.5413487 0.40353733
0.6718779 0.5805644 0.44275302
0.6757995 0.5831363 0.4536236
0.66795635 0.5752932 0.44578046
0.6757995 0.5831363 0.4536236
0.6718779 0.5792148 0.44970202
0.66168964 0.56072795 0.43401575
0.66168964 0.56072795 0.43401575
0.66795635 0.5752932 0.44578046
0.6656112 0.5646495 0.43793732
0.66168964 0.56072795 0.43401575
0.6538465 0.5542344 0.4192236
0.655423 0.5475123 0.41530204
0.6436583 0.5357476 0.40353733
0.63423866 0.53462654 0.39961576
0.63423866 0.53462654 0.39961576
0.6522701 0.55825746 0.43704313
0.6749918 0.601826 0.49710596
0.6710312 0.62991136 0.5692784
0.63258415 0.6013137 0.57657254
0.5133607 0.49038872 0.46284702
0.4239723 0.37610474 0.35696468
0.43965858 0.39044145 0.37960005
0.45768997 0.41677144 0.40312946
0.47887427 0.42965713 0.41881573
0.463188 0.41532043 0.39618036
0.46476448 0.4085983 0.3922588
0.45299977 0.3968336 0.3804941
0.4428115 0.3783468 0.3648078
0.41928208 0.3548174 0.3412784
0.42947036 0.3733042 0.35696468
0.44123507 0.3850689 0.36872938
0.43496835 0.37050366 0.35696468
0.18536924 0.28903 0.39914507
0.18379277 0.29440257 0.41001564
0.1798712 0.290481 0.40609407
0.1892908 0.29160202 0.41001564
0.17594963 0.28790897 0.3952235
0.17594963 0.28790897 0.3952235
0.17202806 0.2839874 0.39130193
0.1681065 0.28006583 0.38738036
0.1681065 0.28006583 0.38738036
0.17594963 0.28790897 0.3952235
0.19555748 0.30616724 0.42178035
0.19947904 0.31143838 0.4187529
0.20420833 0.2926216 0.4000392
0.24661593 0.28638622 0.35531768
0.34784707 0.3376248 0.3763686
0.39571363 0.3632948 0.39384317
0.3941372 0.3700169 0.39776474
0.32350987 0.33413467 0.38937253
0.1830631 0.24368036 0.32910585
0.16580035 0.23201711 0.33123925
0.18932976 0.2555465 0.35476866
0.23169835 0.28131798 0.3861412
0.27091402 0.32053366 0.4253569
0.3101297 0.35974935 0.46457258
0.31558865 0.39705297 0.49897254
0.32654572 0.43020645 0.5403215
0.3218164 0.44632414 0.5729333
0.33434972 0.47275555 0.61036074
0.3704126 0.52271634 0.6713176
0.38921267 0.5664121 0.70661175
0.40097737 0.57817686 0.71837646
0.39471072 0.56631064 0.69271374
0.3578401 0.54178727 0.6404941
0.34999695 0.53394413 0.632651
0.3625304 0.5630747 0.65618044
0.37037355 0.5695683 0.6709725
0.3899814 0.58917606 0.69058037
0.44019306 0.6227907 0.72979605
0.47864008 0.64464056 0.75724703
0.47079694 0.638147 0.74245495
0.47629496 0.6353465 0.74245495
0.4747185 0.640719 0.75332546
0.46137738 0.6356764 0.7454823
0.44176954 0.61606854 0.7258745
0.4331577 0.59085965 0.70626664
0.42531458 0.5830165 0.6984235
0.42608327 0.5976832 0.7240863
0.40332252 0.5901701 0.7192705
0.4088205 0.58736956 0.7192705
0.4645693 0.5834776 0.6962902
0.38310215 0.40762487 0.4738588
0.35488242 0.36415768 0.42769408
0.29052186 0.3428406 0.43106663
0.18536924 0.28633088 0.41304317
0.17829478 0.29315442 0.43086278
0.18690655 0.31701386 0.45741957
0.21120471 0.3565595 0.49966264
0.24100083 0.3933046 0.5419059
0.27314207 0.44204292 0.5850431
0.30293813 0.4801376 0.62033725
0.3186244 0.49582386 0.6360235
0.31627932 0.48518017 0.6281804
0.32962042 0.4929219 0.62212545
0.43089062 0.51080406 0.5740314
0.63335294 0.61867946 0.58833724
0.6655331 0.63001275 0.5831765
0.6671096 0.6246402 0.5723059
0.6592665 0.6167971 0.5644628
0.6435802 0.6011108 0.5487765
0.60905474 0.5804834 0.5391452
0.16191782 0.19743825 0.24427448
0.12973756 0.18475538 0.25638434
0.13992585 0.20189264 0.2790196
0.11247487 0.17309213 0.25851762
0.122663096 0.1902294 0.28115296
0.1344278 0.2019941 0.29291767
0.10463174 0.16659853 0.24372546
0.10071017 0.16132742 0.24675292
0.108553305 0.16917056 0.25459605
0.11639644 0.1770137 0.2624392
0.10071017 0.16267696 0.2398039
0.10932199 0.18383725 0.28025886
0.69359666 0.80690557 0.9059216
0.7939811 0.916938 1.0
0.78063995 0.9118954 0.9970117
0.7727968 0.90405226 0.9891686
0.54692227 0.6712287 0.7508471
0.3838318 0.46779388 0.50612545
0.42308652 0.47230366 0.48314506
0.60278803 0.5686172 0.5134824
0.6875252 0.6255583 0.5484314
0.6914468 0.6294799 0.552353
0.6992899 0.637323 0.56019616
0.68910164 0.6188362 0.5445099
0.68518007 0.6162642 0.5336392
0.69067806 0.6134637 0.5336392
0.6726466 0.5884833 0.5031608
0.6726466 0.58983284 0.49621183
0.68833286 0.6068686 0.5049491
0.6844113 0.6042966 0.4940785
0.6726466 0.5925319 0.48231378
0.6726466 0.5925319 0.48231378
0.6703015 0.5832378 0.46752155
0.6585368 0.5714731 0.45575684
0.66245836 0.5753947 0.4596784
0.6585368 0.5714731 0.45575684
0.65069366 0.56363 0.4479137
0.63892895 0.5518653 0.436149
0.65069366 0.56497955 0.4409647
0.6585368 0.5728227 0.44880784
0.6820662 0.5963521 0.47233725
0.6859878 0.60027367 0.4762588
0.68990934 0.60419524 0.48018038
0.6820662 0.59500253 0.47928625
0.68990934 0.60419524 0.48018038
0.6977525 0.6120384 0.48802352
0.67814463 0.59243053 0.46841568
0.6836426 0.59097946 0.46146673
0.6640348 0.57272124 0.43490988
0.6381602 0.5385481 0.40353733
0.63423866 0.53462654 0.39961576
0.6420818 0.5424697 0.4074589
0.6381602 0.5385481 0.40353733
0.63423866 0.53462654 0.39961576
0.6522701 0.5609565 0.42314517
0.6757995 0.5844859 0.4466746
0.6875642 0.5949011 0.4653883
0.67345434 0.5738422 0.43883145
0.64992493 0.5503128 0.41530204
0.65619165 0.56352854 0.43401575
0.6695328 0.5685711 0.4418589
0.6538465 0.5542344 0.4192236
0.6577681 0.55815595 0.42314517
0.6656112 0.5659991 0.4309883
0.6577681 0.55815595 0.42314517
0.64600337 0.54639125 0.41138047
0.655423 0.5475123 0.41530204
0.64992493 0.5503128 0.41530204
0.6381602 0.5385481 0.40353733
0.64992493 0.5503128 0.41530204
0.6773759 0.5777638 0.44275302
0.6812975 0.58168536 0.4466746
0.6656112 0.5659991 0.4309883
0.6577681 0.55815595 0.42314517
0.6538465 0.5542344 0.4192236
0.6577681 0.5568064 0.43009418
0.6569603 0.57684565 0.4666275
0.66084296 0.6141236 0.5396942
0.6411961 0.6265226 0.5961804
0.53373724 0.52466327 0.5081177
0.4553058 0.44623187 0.4296863
0.46472543 0.4473529 0.43360788
0.45219198 0.41957197 0.40312946
0.4514233 0.40220615 0.39136475
0.42947036 0.37195462 0.36391377
0.43339193 0.3758762 0.36783534
0.42162722 0.36411148 0.35607064
0.44515663 0.3876409 0.37960005
0.44123507 0.3850689 0.36872938
0.43496835 0.37050366 0.35696468
0.23250607 0.2626283 0.34265888
0.22543168 0.27080137 0.3535294
0.21993364 0.27360195 0.3535294
0.2105141 0.27113137 0.35655683
0.20109448 0.27001035 0.35263526
0.17441218 0.2585756 0.34389806
0.17441218 0.2585756 0.34389806
0.16499263 0.256105 0.34692553
0.15949465 0.25890553 0.34692553
0.16733779 0.26539913 0.3617176
0.17910251 0.27716386 0.37348235
0.19086722 0.287579 0.39219606
0.20343965 0.27795488 0.3743765
0.24427077 0.27709213 0.34052548
0.34784707 0.3376248 0.3763686
0.39571363 0.3632948 0.39384317
0.38629407 0.36217377 0.3899216
0.3195883 0.3302131 0.38545096
0.1712984 0.23191565 0.31734115
0.16737683 0.22664452 0.32036865
0.17521997 0.23448765 0.32821178
0.20032579 0.25129497 0.34781963
0.22777678 0.27874598 0.37527063
0.25130618 0.3022754 0.39880005
0.24892199 0.32903677 0.43925488
0.2536123 0.34897456 0.46189016
0.25280458 0.37036335 0.49147454
0.2653379 0.39679477 0.528902
0.2974792 0.44418353 0.5789882
0.32177728 0.48507875 0.6142823
0.34138513 0.5060361 0.6269412
0.31627932 0.49192792 0.5934353
0.31235775 0.4893559 0.58256465
0.33823225 0.523529 0.6139372
0.3562637 0.5485094 0.64441574
0.35860884 0.5578036 0.6592078
0.38213825 0.5813329 0.68273723
0.43234992 0.61494756 0.7219529
0.47079694 0.638147 0.74245495
0.46453026 0.62358177 0.73069024
0.47629496 0.6353465 0.74245495
0.47079694 0.6367974 0.7494039
0.46137738 0.6356764 0.7454823
0.44961268 0.6239117 0.7337176
0.44100085 0.5987028 0.7141098
0.42531458 0.5830165 0.6984235
0.4339264 0.6055263 0.7319294
0.39390296 0.5890491 0.71534896
0.41274208 0.5912911 0.7231921
0.4583026 0.5689124 0.6845255
0.38075697 0.39833075 0.45906663
0.35096085 0.36158565 0.4168235
0.28267872 0.33499748 0.4232235
0.18536924 0.28633088 0.41304317
0.18221635 0.297076 0.43478435
0.19082811 0.32093543 0.46134114
0.21512628 0.36048105 0.5035842
0.2449224 0.39722615 0.5458274
0.26529893 0.43419978 0.57719994
0.30059305 0.4694939 0.6124941
0.31627932 0.48652974 0.62123126
0.3366949 0.48474875 0.61125493
0.49998048 0.51735306 0.5310981
0.65611356 0.6275422 0.586204
0.6537684 0.61824805 0.57141185
0.64750177 0.6050324 0.5526981
0.64750177 0.6050324 0.5526981
0.6553449 0.6128755 0.5605412
0.66318804 0.6220682 0.5614353
0.62708616 0.60411423 0.57657254
0.16426298 0.20538281 0.26601565
0.1493454 0.20436323 0.27599218
0.12189442 0.17556271 0.25549018
0.13208272 0.1940495 0.27117646
0.10147885 0.17734365 0.2654667
0.22931415 0.31077847 0.41269803
0.093635716 0.16950051 0.25762355
0.0967886 0.15740585 0.24283135
0.11247487 0.17309213 0.25851762
0.11639644 0.17836323 0.25549018
0.110129714 0.163798 0.24372546
0.108553305 0.1705201 0.24764703
0.106937855 0.21194814 0.3137647
0.799479 0.9141375 1.0
0.7939811 0.916938 1.0
0.7767184 0.9079738 0.99309015
0.7610321 0.89228755 0.9774039
0.34615356 0.456562 0.5251843
0.39090624 0.4609703 0.48830593
0.47176084 0.4792839 0.4571373
0.6404664 0.5784995 0.5013726
0.65615267 0.59418577 0.51705885
0.6757605 0.6137936 0.53666675
0.6796821 0.6177152 0.54058826
0.68518007 0.6162642 0.5336392
0.6812585 0.61234266 0.5297176
0.69067806 0.6148132 0.5266902
0.67891335 0.6043981 0.50797653
0.6726466 0.59118235 0.48926282
0.668725 0.58861035 0.4783922
0.668725 0.58861035 0.4783922
0.65303874 0.5729241 0.46270594
0.66245836 0.5753947 0.4596784
0.6703015 0.5832378 0.46752155
0.67814463 0.59108096 0.47536469
0.6804897 0.6017246 0.48320782
0.67656815 0.59780306 0.47928625
0.6820662 0.59500253 0.47928625
0.6859878 0.5989241 0.48320782
0.67814463 0.59108096 0.47536469
0.6467721 0.561058 0.43704313
0.66245836 0.57674426 0.4527294
0.6585368 0.5728227 0.44880784
0.67422307 0.58850896 0.4644941
0.6820662 0.59500253 0.47928625
0.67422307 0.58850896 0.4644941
0.66245836 0.57674426 0.4527294
0.6522701 0.5596069 0.43009418
0.6365838 0.5452702 0.4074589
0.6420818 0.5424697 0.4074589
0.6656112 0.5659991 0.4309883
0.6757995 0.5844859 0.4466746
0.6836426 0.592329 0.45451772
0.6695328 0.56992066 0.43490988
0.66168964 0.5620775 0.42706674
0.66168964 0.5620775 0.42706674
0.6577681 0.5568064 0.43009418
0.64992493 0.54896325 0.42225105
0.6420818 0.5411201 0.4144079
0.66168964 0.5620775 0.42706674
0.66168964 0.5620775 0.42706674
0.64600337 0.54639125 0.41138047
0.6515014 0.5435907 0.41138047
0.64757985 0.54101866 0.40050986
0.6397367 0.531826 0.39961576
0.6420818 0.5424697 0.4074589
0.6538465 0.5542344 0.4192236
0.6812975 0.58168536 0.4466746
0.6695328 0.56992066 0.43490988
0.6577681 0.55815595 0.42314517
0.66168964 0.5620775 0.42706674
0.6773759 0.5791133 0.43580398
0.6812975 0.58168536 0.4466746
0.67345434 0.5738422 0.43883145
0.6695328 0.56992066 0.43490988
0.6773759 0.5791133 0.43580398
0.67345434 0.5738422 0.43883145
0.67345434 0.5738422 0.43883145
0.6640348 0.5700221 0.44880784
0.65849775 0.6034799 0.53185105
0.635698 0.6279736 0.60312945
0.55726665 0.5481927 0.5316471
0.45922738 0.4488039 0.44055682
0.44042727 0.40645772 0.39831376
0.41612917 0.36691204 0.35607064
0.42162722 0.36411148 0.35607064
0.4255488 0.36803305 0.3599922
0.44358015 0.39436302 0.38352162
0.435737 0.38651988 0.37567848
0.41928208 0.3548174 0.3412784
0.257651 0.24203055 0.3139686
0.2639177 0.25659576 0.3257333
0.25449803 0.2554748 0.32181174
0.25449803 0.2554748 0.32181174
0.2584196 0.25939637 0.3257333
0.2450785 0.25435376 0.31789017
0.23958053 0.25580475 0.3248392
0.22466293 0.25748426 0.32091764
0.2285845 0.2600563 0.33178827
0.21758854 0.26430777 0.3387373
0.21601208 0.26968038 0.34960783
0.21601208 0.2683308 0.35655683
0.21601208 0.26968038 0.34960783
0.24976882 0.27429155 0.34052548
0.31881967 0.31554633 0.35978827
0.36510974 0.34658897 0.38813332
0.3690313 0.35051054 0.3920549
0.3078236 0.31709886 0.38063526
0.17287481 0.22519356 0.31341958
0.15561213 0.21622938 0.30165488
0.1595337 0.21880138 0.3125255
0.17287481 0.22519356 0.31341958
0.18463951 0.23695827 0.3251843
0.19640422 0.2473734 0.34389806
0.19167495 0.26484066 0.36956078
0.18460049 0.27301377 0.38043135
0.18536924 0.28768045 0.40609407
0.20732218 0.3165824 0.44049415
0.2253536 0.3415628 0.47097254
0.2418085 0.37461492 0.49842352
0.24257725 0.39333022 0.5032393
0.2504204 0.4025229 0.5041333
0.2590322 0.4290814 0.5167921
0.295095 0.48039174 0.57079995
0.32489115 0.5171369 0.6130432
0.3507657 0.54996043 0.6513647
0.3797931 0.5706893 0.6748941
0.42608327 0.60173184 0.70323926
0.45668712 0.61573863 0.7228471
0.45276555 0.61181706 0.71892554
0.4723734 0.6314249 0.7385334
0.46687537 0.63287586 0.7454823
0.4629538 0.6289543 0.74156076
0.4511891 0.6171896 0.72979605
0.44100085 0.60005236 0.70716083
0.41747144 0.5751734 0.69058037
0.4394244 0.6040753 0.7249805
0.39390296 0.5890491 0.71534896
0.4088205 0.58736956 0.7192705
0.46222416 0.57418346 0.68149805
0.37291384 0.39183715 0.4442745
0.3564588 0.36013466 0.40987456
0.28267872 0.33364794 0.4301726
0.18536924 0.28633088 0.41304317
0.18379277 0.2903539 0.43086278
0.19082811 0.32093543 0.46134114
0.21904784 0.36440262 0.5075058
0.2331577 0.38681102 0.5271136
0.26687533 0.42882726 0.5663293
0.30374593 0.45874876 0.5907529
0.33592615 0.4700821 0.58559215
0.5439255 0.54180056 0.53075296
0.6286626 0.6000912 0.558753
0.64984685 0.6143265 0.5674902
0.6537684 0.6195976 0.5644628
0.6553449 0.6128755 0.5605412
0.6592665 0.6167971 0.5644628
0.64750177 0.6050324 0.5526981
0.6553449 0.6128755 0.5605412
0.6098235 0.5924509 0.5787059
0.16660814 0.21467692 0.28080788
0.14150226 0.19652009 0.26814905
0.12189442 0.17691225 0.2485412
0.108553305 0.1705201 0.24764703
0.13834937 0.20591567 0.29683924
0.09598081 0.17609558 0.2863137
0.20497708 0.30863783 0.4187529
0.09521212 0.16277842 0.25370198
0.10463174 0.16524899 0.2506745
0.11247487 0.17444167 0.25156862
0.10228658 0.1573044 0.22893336
0.106208146 0.16122597 0.23285493
0.09832597 0.1880888 0.2872078
0.75634176 0.86965066 0.9686667
0.79555744 0.9102159 1.0
0.78613794 0.9104444 0.9900628
0.78221637 0.9051733 0.99309015
0.7022086 0.833464 0.91858035
0.36422396 0.44548696 0.50041574
0.41132182 0.4591894 0.4783294
0.6161292 0.5750094 0.51437646
0.67183894 0.60987204 0.5327451
0.68518007 0.61491466 0.54058826
0.70086634 0.6306009 0.55627453
0.68910164 0.6201858 0.53756076
0.6930232 0.62410736 0.5414823
0.6749918 0.59912694 0.5110039
0.6608819 0.57806814 0.48444712
0.66480345 0.5833392 0.48141968
0.66480345 0.5833392 0.48141968
0.6726466 0.5925319 0.48231378
0.6859878 0.59757453 0.49015692
0.6844113 0.6056462 0.4871294
0.6938309 0.60676724 0.49105096
0.6663799 0.57931626 0.46359998
0.6663799 0.57931626 0.46359998
0.6703015 0.5832378 0.46752155
0.6663799 0.57931626 0.46359998
0.66245836 0.5753947 0.4596784
0.6703015 0.5832378 0.46752155
0.6859878 0.5989241 0.48320782
0.6703015 0.5832378 0.46752155
0.6585368 0.5728227 0.44880784
0.65069366 0.56497955 0.4409647
0.6585368 0.5728227 0.44880784
0.67814463 0.59243053 0.46841568
0.6663799 0.5806658 0.45665097
0.67972106 0.58705795 0.45754516
0.6718779 0.5792148 0.44970202
0.65619165 0.5648781 0.42706674
0.6577681 0.55815595 0.42314517
0.6656112 0.5659991 0.4309883
0.6577681 0.55815595 0.42314517
0.6656112 0.5659991 0.4309883
0.6538465 0.5542344 0.4192236
0.66168964 0.5620775 0.42706674
0.67345434 0.5738422 0.43883145
0.6656112 0.5659991 0.4309883
0.6420818 0.5424697 0.4074589
0.64992493 0.5503128 0.41530204
0.6420818 0.5424697 0.4074589
0.64600337 0.54639125 0.41138047
0.66168964 0.5620775 0.42706674
0.67345434 0.57519174 0.4318824
0.67345434 0.57519174 0.4318824
0.64992493 0.5516623 0.408353
0.6420818 0.5438192 0.40050986
0.6695328 0.56992066 0.43490988
0.67345434 0.5738422 0.43883145
0.67345434 0.5738422 0.43883145
0.6891406 0.5895285 0.45451772
0.6891406 0.5895285 0.45451772
0.6891406 0.5895285 0.45451772
0.6812975 0.58168536 0.4466746
0.6671877 0.5606265 0.4201177
0.64757985 0.54101866 0.40050986
0.6436583 0.5370971 0.3965883
0.6515014 0.54494023 0.40443143
0.63581514 0.52925396 0.38874516
0.6381602 0.5385481 0.40353733
0.63266224 0.5399991 0.41048634
0.64438796 0.58242106 0.5052942
0.635698 0.62662405 0.61007845
0.56353337 0.5614084 0.5503608
0.44196472 0.43849018 0.43574116
0.42550975 0.40678766 0.40134114
0.41612917 0.3655625 0.36301965
0.43965858 0.39044145 0.37960005
0.435737 0.38651988 0.37567848
0.3980978 0.34193164 0.32559213
0.2592274 0.23935708 0.28920004
0.25372943 0.24080805 0.29614908
0.25372943 0.24080805 0.29614908
0.257651 0.24472962 0.30007064
0.25999615 0.25537327 0.30791378
0.25999615 0.25537327 0.30791378
0.25607458 0.25010216 0.31094116
0.25449803 0.25682434 0.31486273
0.25449803 0.2554748 0.32181174
0.26076478 0.27004004 0.33357644
0.25918835 0.2754126 0.34444705
0.27487463 0.29109886 0.36013332
0.2670315 0.28325573 0.35229018
0.2686079 0.27788317 0.34141958
0.28587058 0.2881969 0.34623528
0.3031334 0.29716098 0.35799998
0.3148981 0.3089257 0.3697647
0.2842942 0.29356945 0.35710585
0.2285845 0.2600563 0.33178827
0.1995571 0.23797782 0.31520787
0.19013755 0.23550725 0.31823528
0.19013755 0.23415771 0.3251843
0.18856108 0.24087983 0.32910585
0.17679638 0.22911513 0.31734115
0.17521997 0.23448765 0.32821178
0.17364348 0.23986025 0.3390824
0.17206708 0.2452328 0.3499529
0.17441218 0.25452694 0.36474508
0.17910251 0.2758143 0.38043135
0.18144767 0.28510842 0.3952235
0.18613791 0.30774534 0.40396076
0.19632623 0.32758167 0.41269803
0.21512628 0.36992788 0.45494115
0.25353423 0.43188193 0.5167921
0.29117343 0.47647017 0.5668784
0.32254598 0.5078427 0.5982509
0.355495 0.5311436 0.632651
0.40413028 0.57148033 0.6757883
0.43081257 0.58156556 0.69147456
0.44649884 0.59725183 0.70716083
0.45826355 0.60901654 0.71892554
0.4394244 0.6054249 0.71803135
0.42373812 0.5897386 0.7023451
0.44492242 0.6039739 0.7110824
0.43473414 0.5854871 0.6953961
0.4151263 0.5658793 0.6757883
0.43158126 0.5962322 0.71713734
0.38605982 0.58120596 0.7075058
0.4088205 0.58871907 0.7123216
0.45438102 0.5676899 0.66670585
0.3705687 0.38254303 0.4294824
0.3446941 0.34836996 0.39810985
0.27875715 0.32972637 0.42625102
0.1775261 0.27848774 0.40520003
0.1798712 0.2877819 0.41999215
0.19240466 0.3155628 0.45047063
0.2127811 0.35118693 0.48879212
0.23473412 0.38143843 0.5162431
0.26610667 0.41416052 0.5406667
0.3288908 0.44354922 0.53426665
0.58471763 0.5769932 0.55214906
0.6459253 0.6104049 0.5635687
0.64984685 0.6143265 0.5674902
0.64984685 0.61567605 0.5605412
0.6459253 0.6117545 0.55661964
0.65769 0.6235192 0.56838435
0.67337626 0.63920546 0.5840706
0.6694547 0.6352839 0.58014905
0.6553449 0.6128755 0.5605412
0.59256077 0.5834868 0.56694126
0.16660814 0.21602648 0.2738588
0.13365912 0.18867695 0.2603059
0.13365912 0.18867695 0.2603059
0.12031801 0.1822848 0.25941175
0.10540042 0.17991568 0.2763373
0.21597303 0.30303678 0.4187529
0.26929858 0.36331126 0.48452544
0.104592696 0.19995493 0.31287056
0.097557284 0.17207254 0.26849416
0.10463174 0.16524899 0.2506745
0.10228658 0.1573044 0.22893336
0.10228658 0.1573044 0.22893336
0.108553305 0.16917056 0.25459605
0.4426163 0.5559252 0.6549412
0.7916359 0.90629435 0.9970117
0.79555744 0.9115654 0.99398434
0.78613794 0.9104444 0.9900628
0.7782948 0.90260124 0.98221964
0.4700673 0.5874248 0.66154516
0.3830631 0.45177764 0.48741174
0.50236464 0.4959898 0.46284702
0.65615267 0.5928362 0.5240079
0.6679174 0.6059505 0.5288236
0.6796821 0.6177152 0.54058826
0.67341536 0.60314995 0.5288236
0.6812585 0.61234266 0.5297176
0.6867565 0.61089164 0.5227686
0.6828349 0.60831964 0.5118981
0.6922544 0.6107902 0.50887066
0.68833286 0.6068686 0.5049491
0.68990934 0.6014961 0.4940785
0.6844113 0.6056462 0.4871294
0.6820662 0.59500253 0.47928625
0.6428505 0.55578685 0.44007057
0.6703015 0.5832378 0.46752155
0.66245836 0.5753947 0.4596784
0.65303874 0.57427365 0.45575684
0.6451956 0.56508094 0.4548628
0.6467721 0.5597084 0.44399214
0.6663799 0.57931626 0.46359998
0.6859878 0.5989241 0.48320782
0.6859878 0.60027367 0.4762588
0.6859878 0.60027367 0.4762588
0.6859878 0.60027367 0.4762588
0.6859878 0.60027367 0.4762588
0.6703015 0.5845874 0.46057254
0.67972106 0.58705795 0.45754516
0.6757995 0.5831363 0.4536236
0.6718779 0.5792148 0.44970202
0.6640348 0.57272124 0.43490988
0.65619165 0.5648781 0.42706674
0.6695328 0.56992066 0.43490988
0.6718779 0.5805644 0.44275302
0.6695328 0.56992066 0.43490988
0.64992493 0.5503128 0.41530204
0.64992493 0.5503128 0.41530204
0.64600337 0.54639125 0.41138047
0.63423866 0.53462654 0.39961576
0.6381602 0.5385481 0.40353733
0.6538465 0.5542344 0.4192236
0.6773759 0.5777638 0.44275302
0.67972106 0.5884075 0.45059615
0.66795635 0.57664275 0.43883145
0.6695328 0.56992066 0.43490988
0.6695328 0.56992066 0.43490988
0.67345434 0.5738422 0.43883145
0.6773759 0.5777638 0.44275302
0.6812975 0.58168536 0.4466746
0.68521905 0.58560693 0.45059615
0.67345434 0.5738422 0.43883145
0.6577681 0.55815595 0.42314517
0.66168964 0.5620775 0.42706674
0.6695328 0.57127017 0.42796084
0.6656112 0.5673486 0.42403927
0.655423 0.5488618 0.408353
0.6318936 0.5253324 0.3848236
0.6515014 0.54494023 0.40443143
0.6632661 0.55670494 0.41619614
0.64757985 0.54101866 0.40050986
0.64600337 0.54639125 0.41138047
0.64992493 0.5503128 0.41530204
0.64442694 0.5517638 0.42225105
0.6451956 0.56508094 0.4548628
0.6569214 0.610202 0.5357726
0.6458863 0.64511085 0.6257647
0.56195694 0.5667809 0.5612314
0.44430986 0.44913384 0.4435843
0.42158818 0.4028661 0.39741957
0.430239 0.38932046 0.37567848
0.3863331 0.32881737 0.32077652
0.24196471 0.22904333 0.28438434
0.24980785 0.23688647 0.29222748
0.25372943 0.24080805 0.29614908
0.257651 0.24472962 0.30007064
0.252153 0.24753015 0.30007064
0.252153 0.24618061 0.3070196
0.25999615 0.25402373 0.31486273
0.25057647 0.25290278 0.31094116
0.26626274 0.2672395 0.33357644
0.26468635 0.2739616 0.337498
0.2686079 0.27788317 0.34141958
0.26626274 0.2672395 0.33357644
0.26234117 0.26331794 0.32965487
0.26783928 0.26051733 0.32965487
0.27568242 0.26971 0.330549
0.27568242 0.26971 0.330549
0.28352556 0.27755314 0.33839214
0.27410588 0.27508265 0.34141958
0.26468635 0.27261207 0.34444705
0.26310992 0.2779846 0.35531768
0.26153353 0.28470668 0.35923925
0.26937667 0.29254982 0.3670824
0.24819234 0.2783146 0.35834515
0.23485123 0.27327198 0.350502
0.21916495 0.25758567 0.33481574
0.21366698 0.25903666 0.3417647
0.20032579 0.25264454 0.34087056
0.1987494 0.25936666 0.34479213
0.19325134 0.26081765 0.35174122
0.19167495 0.26619017 0.3626118
0.18460049 0.27571285 0.36653337
0.19086722 0.29162765 0.37134907
0.20340061 0.31940857 0.40182748
0.23396537 0.3735195 0.45583528
0.25826353 0.41306514 0.4980784
0.28963608 0.44308814 0.53639996
0.31708705 0.46918955 0.57079995
0.36964384 0.5134479 0.61785877
0.37983215 0.5319347 0.63354504
0.40728316 0.55803615 0.66794515
0.4033616 0.5541146 0.6640236
0.38375375 0.53450674 0.64441574
0.3484596 0.49921256 0.60912156
0.38140854 0.523863 0.6365726
0.39551845 0.54762095 0.6492314
0.4010164 0.5434709 0.65618044
0.42531458 0.5830165 0.6984235
0.37587154 0.5627191 0.69181955
0.40489894 0.5847975 0.7084
0.44969076 0.54775214 0.64407057
0.36822352 0.37189937 0.42163926
0.34077254 0.3444484 0.39418828
0.26699245 0.3193112 0.40753722
0.18302408 0.2770368 0.39825094
0.1798712 0.2877819 0.41999215
0.19790262 0.31276226 0.45047063
0.20651439 0.33797124 0.47007847
0.23788694 0.37069336 0.49450195
0.31166708 0.39718005 0.47420388
0.6098235 0.59515005 0.56480783
0.6404273 0.61320543 0.5635687
0.630239 0.5960682 0.5409334
0.64984685 0.61567605 0.5605412
0.6655331 0.6313623 0.5762275
0.6592665 0.6167971 0.5644628
0.66318804 0.6220682 0.5614353
0.6592665 0.61814666 0.5575137
0.65769 0.6235192 0.56838435
0.6655331 0.6313623 0.5762275
0.5949059 0.5914314 0.58868235
0.16426298 0.20538281 0.26601565
0.15092187 0.19899064 0.2651216
0.110129714 0.16514754 0.2367765
0.12031801 0.1822848 0.25941175
0.13285139 0.20601712 0.31073722
0.20028676 0.28735048 0.40306664
0.10301629 0.20532748 0.32374114
0.119471245 0.23568045 0.36509016
0.14772995 0.24444173 0.3490588
0.099133685 0.1693991 0.24372546
0.10228658 0.1573044 0.22893336
0.107784614 0.15450385 0.22893336
0.110129714 0.16514754 0.2367765
0.08890642 0.1856182 0.29023528
0.7759496 0.8906081 0.98132545
0.80497706 0.91268647 0.9979059
0.79555744 0.9115654 0.99398434
0.78613794 0.9104444 0.9900628
0.7524202 0.8684282 0.9508471
0.35480434 0.44436595 0.49649414
0.41055313 0.44587222 0.4457177
0.6412351 0.59451574 0.52008635
0.6969448 0.62667936 0.552353
0.7032115 0.6412446 0.56411767
0.7087095 0.63844407 0.56411767
0.6969448 0.6280289 0.5454039
0.67891335 0.6043981 0.50797653
0.67656815 0.5937544 0.5001334
0.6491172 0.56765294 0.4657334
0.6467721 0.55835885 0.45094123
0.66245836 0.5753947 0.4596784
0.66245836 0.5753947 0.4596784
0.6546152 0.56755155 0.45183527
0.6428505 0.55578685 0.44007057
0.6451956 0.5664305 0.4479137
0.6726466 0.5938815 0.47536469
0.696176 0.6174109 0.4988941
0.71186227 0.6317476 0.52152944
0.6922544 0.61348933 0.49497253
0.67422307 0.5871594 0.47144312
0.66245836 0.57674426 0.4527294
0.65069366 0.56497955 0.4409647
0.6718779 0.57786524 0.45665097
0.6585368 0.5728227 0.44880784
0.6663799 0.58201534 0.44970202
0.66795635 0.5752932 0.44578046
0.6601132 0.56745005 0.43793732
0.6640348 0.5713717 0.4418589
0.6601132 0.56745005 0.43793732
0.6718779 0.5805644 0.44275302
0.66168964 0.5620775 0.42706674
0.64600337 0.54639125 0.41138047
0.64992493 0.5503128 0.41530204
0.6263955 0.5267834 0.39177263
0.63423866 0.53462654 0.39961576
0.6303171 0.530705 0.3956942
0.6656112 0.5659991 0.4309883
0.6891406 0.5895285 0.45451772
0.6718779 0.5792148 0.44970202
0.6601132 0.5687996 0.4309883
0.65619165 0.5648781 0.42706674
0.6757995 0.5831363 0.4536236
0.6836426 0.59097946 0.46146673
0.69148576 0.5988226 0.46930987
0.69698375 0.59737164 0.46236086
0.6891406 0.5895285 0.45451772
0.67345434 0.5738422 0.43883145
0.6695328 0.56992066 0.43490988
0.6695328 0.56992066 0.43490988
0.6577681 0.5568064 0.43009418
0.66168964 0.5620775 0.42706674
0.6577681 0.55815595 0.42314517
0.6420818 0.5424697 0.4074589
0.6381602 0.5385481 0.40353733
0.6381602 0.5385481 0.40353733
0.64600337 0.54639125 0.41138047
0.6397367 0.5331755 0.39266673
0.6436583 0.5370971 0.3965883
0.6263955 0.5281329 0.3848236
0.64992493 0.5516623 0.408353
0.6538465 0.5542344 0.4192236
0.6420818 0.5424697 0.4074589
0.63266224 0.5399991 0.41048634
0.63266224 0.53864956 0.4174353
0.6177446 0.53762996 0.42741182
0.6223959 0.5868755 0.5400393
0.63881177 0.65193444 0.6435843
0.5470393 0.56711096 0.5642588
0.45607457 0.46089855 0.455349
0.38002735 0.3543563 0.3434118
0.17291385 0.19048761 0.2512235
0.17683542 0.19440918 0.25514507
0.18467855 0.20225231 0.2629882
0.18860012 0.20617388 0.26690978
0.20036483 0.21793859 0.27867448
0.2160511 0.23362486 0.29436076
0.21212953 0.22970329 0.2904392
0.21997267 0.23619688 0.30523133
0.22623941 0.25076213 0.31699607
0.24192569 0.2664484 0.33268234
0.25292164 0.2621969 0.3257333
0.2450785 0.25435376 0.31789017
0.26234117 0.26331794 0.32965487
0.27568242 0.26971 0.330549
0.27568242 0.27105954 0.32360005
0.27568242 0.26971 0.330549
0.27176085 0.26578844 0.32662743
0.27568242 0.26971 0.330549
0.26626274 0.2672395 0.33357644
0.2686079 0.27653363 0.34836861
0.2686079 0.27653363 0.34836861
0.2552668 0.27014145 0.34747455
0.2536904 0.2782131 0.34444705
0.24976882 0.27294198 0.34747455
0.2536904 0.275514 0.35834515
0.26153353 0.28335714 0.3661883
0.2536904 0.27686355 0.3513961
0.2403492 0.271821 0.34355298
0.24427077 0.27574256 0.34747455
0.24819234 0.2783146 0.35834515
0.24269436 0.2811151 0.35834515
0.24661593 0.28638622 0.35531768
0.25522774 0.3102456 0.38187456
0.2614945 0.3234613 0.4005882
0.26776114 0.33667699 0.41930193
0.2724514 0.35661483 0.4419373
0.28498486 0.38304618 0.4793647
0.32420054 0.42226186 0.5185804
0.33831042 0.4433207 0.5451372
0.34457707 0.45788595 0.55690193
0.33281237 0.44612125 0.5451372
0.29751825 0.4094776 0.5167921
0.25045943 0.36241877 0.4697333
0.25987905 0.36488932 0.46670586
0.28733003 0.3923403 0.49415684
0.3171261 0.43043497 0.52945095
0.35787913 0.5016832 0.60609406
0.35314983 0.5191504 0.63175684
0.41747144 0.5751734 0.69058037
0.45284358 0.537007 0.6223295
0.36038038 0.36405623 0.41379613
0.34627065 0.34164777 0.39418828
0.26307088 0.31538963 0.40361565
0.17910251 0.27446473 0.38738036
0.18144767 0.2824093 0.4091216
0.19555748 0.30346817 0.43567842
0.21124375 0.32050398 0.44441572
0.2716827 0.34329766 0.40932554
0.56826264 0.5466402 0.5108
0.6404273 0.61320543 0.5635687
0.66161156 0.62744075 0.5723059
0.6459253 0.6117545 0.55661964
0.6420037 0.6078329 0.5526981
0.6420037 0.6091825 0.545749
0.6553449 0.6142251 0.55359215
0.6710312 0.62991136 0.5692784
0.6671096 0.62733936 0.55840784
0.64750177 0.60638195 0.545749
0.6592665 0.6194962 0.5505647
0.52823925 0.5247647 0.5220157
0.16426298 0.20538281 0.26601565
0.15092187 0.19899064 0.2651216
0.12581599 0.18083382 0.25246277
0.10463174 0.16659853 0.24372546
0.13285139 0.20736666 0.30378827
0.13596524 0.23132747 0.3442431
0.23238894 0.3721443 0.501451
0.09125158 0.19356278 0.31197643
0.09674956 0.19211179 0.30502743
0.11793381 0.2063471 0.3137647
0.110129714 0.16514754 0.2367765
0.11170618 0.15842542 0.23285493
0.11170618 0.15842542 0.23285493
0.10540042 0.17991568 0.2763373
0.74223197 0.8472423 0.9490588
0.8010555 0.9087649 0.99398434
0.8010555 0.9087649 0.99398434
0.7916359 0.90764385 0.9900628
0.7877143 0.9037223 0.9861412
0.53281236 0.64882034 0.73123926
0.3948278 0.46489188 0.4922275
0.5831802 0.55035895 0.48692548
0.6655722 0.5953068 0.5209805
0.66165066 0.59138525 0.51705885
0.64988595 0.5809701 0.4983451
0.6538075 0.5848917 0.50226665
0.66714865 0.59263337 0.49621183
0.6804897 0.597676 0.50405496
0.6804897 0.60037506 0.49015692
0.6585368 0.57012355 0.46270594
0.65069366 0.56363 0.4479137
0.6569603 0.5781952 0.4596784
0.6922544 0.61348933 0.49497253
0.7040191 0.62390447 0.5136863
0.68833286 0.60956776 0.49105096
0.6804897 0.6017246 0.48320782
0.6569603 0.5781952 0.4596784
0.66245836 0.5753947 0.4596784
0.6546152 0.56755155 0.45183527
0.6585368 0.5714731 0.45575684
0.66245836 0.57674426 0.4527294
0.6640348 0.5713717 0.4418589
0.65619165 0.56352854 0.43401575
0.6522701 0.5596069 0.43009418
0.6522701 0.5596069 0.43009418
0.63266224 0.5399991 0.41048634
0.6248191 0.532156 0.4026432
0.6248191 0.532156 0.4026432
0.6248191 0.532156 0.4026432
0.61697596 0.52431285 0.39480007
0.6248191 0.53350556 0.3956942
0.62874067 0.53742707 0.39961576
0.6483485 0.55703497 0.4192236
0.69540733 0.6027442 0.47323143
0.69540733 0.6027442 0.47323143
0.6757995 0.5831363 0.4536236
0.6640348 0.5713717 0.4418589
0.6757995 0.5831363 0.4536236
0.6836426 0.59097946 0.46146673
0.69148576 0.5988226 0.46930987
0.69148576 0.5988226 0.46930987
0.6836426 0.59097946 0.46146673
0.66795635 0.5752932 0.44578046
0.6601132 0.56745005 0.43793732
0.6656112 0.5646495 0.43793732
0.64442694 0.55311334 0.41530204
0.64442694 0.55311334 0.41530204
0.6640348 0.5713717 0.4418589
0.6718779 0.5792148 0.44970202
0.67814463 0.59378004 0.46146673
0.6836426 0.59097946 0.46146673
0.6875642 0.5949011 0.4653883
0.6836426 0.59097946 0.46146673
0.6757995 0.5831363 0.4536236
0.67345434 0.5738422 0.43883145
0.6656112 0.5659991 0.4309883
0.6577681 0.55950546 0.41619614
0.6577681 0.55815595 0.42314517
0.6577681 0.55950546 0.41619614
0.6538465 0.5555839 0.41227457
0.6577681 0.55815595 0.42314517
0.6656112 0.5659991 0.4309883
0.6601132 0.5687996 0.4309883
0.6601132 0.56745005 0.43793732
0.6522701 0.5609565 0.42314517
0.6522701 0.5596069 0.43009418
0.6295093 0.55074424 0.43222743
0.6341606 0.5999898 0.54485494
0.62154907 0.6402712 0.6457177
0.5180119 0.5450325 0.5476785
0.17683542 0.19575873 0.24819605
0.17291385 0.19183716 0.24427448
0.1634943 0.18936658 0.24730194
0.15407468 0.18824556 0.24338037
0.16191782 0.1960887 0.2512235
0.16583939 0.19866072 0.26209408
0.16583939 0.19866072 0.26209408
0.16976096 0.20258228 0.26601565
0.16191782 0.19473915 0.2581725
0.1776041 0.21177498 0.26690978
0.18310215 0.20897442 0.26690978
0.19094528 0.21681756 0.27475291
0.21212953 0.23105285 0.28349018
0.23723537 0.24786016 0.30309802
0.25607458 0.2514517 0.3039922
0.2811804 0.26825902 0.32360005
0.2694157 0.2564943 0.31183535
0.26234117 0.26466748 0.32270586
0.2552668 0.27149102 0.34052548
0.24192569 0.26509884 0.3396314
0.24584725 0.27036998 0.3366039
0.25134522 0.26621988 0.34355298
0.2552668 0.27014145 0.34747455
0.24742366 0.26229832 0.3396314
0.24584725 0.26767087 0.350502
0.2536904 0.275514 0.35834515
0.24427077 0.27439302 0.35442358
0.2521139 0.2835857 0.35531768
0.24976882 0.27294198 0.34747455
0.25761196 0.2807851 0.35531768
0.2552668 0.27149102 0.34052548
0.2552668 0.27149102 0.34052548
0.2552668 0.27149102 0.34052548
0.2536904 0.2782131 0.34444705
0.24584725 0.27036998 0.3366039
0.2654551 0.28862825 0.36316082
0.27172175 0.301844 0.38187456
0.27406693 0.31113812 0.39666665
0.2842552 0.32962492 0.41235292
0.2866003 0.33891904 0.42714506
0.29209834 0.33746806 0.42019606
0.2724905 0.31786022 0.4005882
0.24503952 0.29040924 0.37313724
0.23485123 0.27327198 0.350502
0.23719639 0.2825661 0.3652941
0.24031016 0.30787647 0.39880005
0.27479655 0.36590892 0.45672944
0.30378497 0.42404282 0.5285568
0.38771433 0.50102323 0.6000392
0.41835722 0.48032403 0.55745095
0.36038038 0.36405623 0.41379613
0.3446941 0.34836996 0.39810985
0.25522774 0.3075465 0.39577252
0.17675735 0.26382107 0.37953722
0.18694565 0.28095835 0.4021725
0.19871035 0.29272303 0.4139372
0.26464736 0.31406572 0.37189803
0.61532146 0.59369904 0.5578588
0.6184743 0.5843035 0.52916867
0.6341606 0.5999898 0.54485494
0.6420037 0.6078329 0.5526981
0.6420037 0.6078329 0.5526981
0.6592665 0.61814666 0.5575137
0.66318804 0.6220682 0.5614353
0.6553449 0.61557466 0.54664314
0.6592665 0.6194962 0.5505647
0.6529998 0.60628045 0.53185105
0.6451567 0.5970878 0.53095686
0.63731354 0.58924466 0.5231137
0.5007882 0.4973137 0.49456468
0.16818455 0.21065393 0.2629882
0.1352356 0.18330437 0.24943534
0.13365912 0.18867695 0.2603059
0.108553305 0.1705201 0.24764703
0.093635716 0.16815098 0.2645726
0.21439663 0.30975887 0.42267448
0.08890642 0.18291911 0.3041333
0.07948688 0.1804485 0.3071608
0.20885953 0.34726536 0.48487055
0.24103987 0.35724908 0.4866588
0.099133685 0.16804956 0.2506745
0.09836501 0.15338284 0.2250118
0.107784614 0.15450385 0.22893336
0.11247487 0.17309213 0.25851762
0.47948688 0.5844972 0.68631375
0.7971339 0.90484333 0.9900628
0.8065535 0.9059644 0.99398434
0.7971339 0.90484333 0.9900628
0.7877143 0.9037223 0.9861412
0.7406555 0.85666347 0.9390824
0.35011408 0.42577767 0.46690977
0.46314895 0.45812368 0.41668233
0.6404664 0.57984906 0.49442354
0.67733693 0.6084211 0.52579606
0.7047879 0.63587207 0.55324703
0.69067806 0.6148132 0.5266902
0.67891335 0.6030485 0.5149255
0.6569603 0.5754961 0.47357655
0.6467721 0.55835885 0.45094123
0.67814463 0.5897314 0.48231378
0.7055956 0.6171824 0.5097648
0.696176 0.6174109 0.4988941
0.6804897 0.60037506 0.49015692
0.6726466 0.5938815 0.47536469
0.66245836 0.5753947 0.4596784
0.6546152 0.56755155 0.45183527
0.6585368 0.5714731 0.45575684
0.6703015 0.5832378 0.46752155
0.6703015 0.5832378 0.46752155
0.67422307 0.58850896 0.4644941
0.6718779 0.57786524 0.45665097
0.6405054 0.54784226 0.41832948
0.6248191 0.532156 0.4026432
0.61697596 0.52431285 0.39480007
0.62874067 0.5360775 0.40656477
0.6405054 0.54784226 0.41832948
0.67972106 0.58705795 0.45754516
0.6993289 0.60666573 0.477153
0.70167404 0.61595994 0.4919451
0.7055956 0.6198815 0.49586666
0.68990934 0.60554475 0.47323143
0.6820662 0.5977016 0.4653883
0.6875642 0.5949011 0.4653883
0.6757995 0.5831363 0.4536236
0.6875642 0.5949011 0.4653883
0.6993289 0.60666573 0.477153
0.69148576 0.5988226 0.46930987
0.6640348 0.57272124 0.43490988
0.6640348 0.57272124 0.43490988
0.6522701 0.5596069 0.43009418
0.6522701 0.5596069 0.43009418
0.6522701 0.5596069 0.43009418
0.6483485 0.5556854 0.4261726
0.6601132 0.56745005 0.43793732
0.6640348 0.5713717 0.4418589
0.6640348 0.5713717 0.4418589
0.6718779 0.5792148 0.44970202
0.6757995 0.5831363 0.4536236
0.67814463 0.59378004 0.46146673
0.69148576 0.5988226 0.46930987
0.6718779 0.5792148 0.44970202
0.65619165 0.56352854 0.43401575
0.6640348 0.5713717 0.4418589
0.66795635 0.5752932 0.44578046
0.66795635 0.57664275 0.43883145
0.66795635 0.57664275 0.43883145
0.6718779 0.5805644 0.44275302
0.66795635 0.5779923 0.4318824
0.6656112 0.5659991 0.4309883
0.6577681 0.55950546 0.41619614
0.6577681 0.55950546 0.41619614
0.64992493 0.5516623 0.408353
0.6303171 0.5320545 0.38874516
0.62405044 0.51748925 0.37698045
0.61070925 0.51244664 0.36913732
0.6146308 0.5163682 0.3730589
0.6067877 0.50717556 0.3721648
0.5973681 0.50470495 0.37519222
0.5863721 0.5062574 0.39603928
0.62708616 0.60546374 0.56962353
0.18860012 0.20887296 0.2530118
0.18860012 0.20752344 0.25996077
0.18310215 0.21032396 0.25996077
0.18310215 0.20897442 0.26690978
0.17368253 0.2078534 0.2629882
0.16976096 0.20393184 0.25906664
0.17368253 0.20650385 0.26993722
0.1776041 0.21042542 0.2738588
0.17368253 0.2078534 0.2629882
0.16976096 0.20393184 0.25906664
0.18310215 0.21032396 0.25996077
0.2042864 0.22320971 0.27564704
0.21997267 0.23889598 0.29133332
0.21370594 0.22568028 0.27261963
0.26707053 0.24854976 0.2900941
0.33454493 0.2951772 0.3202275
0.33062336 0.29125562 0.31630594
0.30078825 0.29056597 0.3293098
0.23016098 0.25333413 0.3278667
0.18621598 0.23158568 0.3143137
0.17445128 0.22117051 0.29560003
0.18621598 0.23293522 0.30736473
0.18621598 0.23293522 0.30736473
0.20740023 0.24447142 0.32999998
0.21916495 0.25623614 0.3417647
0.22308652 0.26150724 0.3387373
0.22700809 0.2654288 0.34265888
0.22700809 0.2654288 0.34265888
0.23408255 0.2572557 0.33178827
0.23800412 0.26117727 0.33570984
0.23800412 0.26252684 0.32876077
0.24742366 0.26364788 0.33268234
0.2552668 0.27149102 0.34052548
0.27095306 0.28852683 0.3492627
0.26310992 0.2806837 0.34141958
0.25918835 0.27676213 0.337498
0.26310992 0.27933416 0.34836861
0.2552668 0.27149102 0.34052548
0.2552668 0.27149102 0.34052548
0.25918835 0.27676213 0.337498
0.2552668 0.27284056 0.33357644
0.2670315 0.28460526 0.34534115
0.2686079 0.27788317 0.34141958
0.2686079 0.27788317 0.34141958
0.26076478 0.27004004 0.33357644
0.25918835 0.27676213 0.337498
0.26937667 0.2938994 0.36013332
0.28506294 0.3082361 0.38276866
0.30859235 0.3317655 0.40629807
0.29840404 0.3159778 0.3767137
0.30547842 0.30915427 0.35889417
0.30155686 0.30388317 0.36192155
0.25445908 0.29287982 0.37010986
0.20659253 0.26586023 0.35958436
0.20501605 0.27258235 0.36350593
0.24269436 0.28516376 0.337498
0.5996352 0.57801276 0.54217255
0.6341606 0.5986402 0.55180395
0.6223959 0.58822507 0.53309023
0.6537684 0.6209472 0.5575137
0.65142334 0.6103035 0.5496706
0.63965863 0.5985388 0.5379059
0.6318155 0.5906957 0.53006274
0.6451567 0.5970878 0.53095686
0.6451567 0.5970878 0.53095686
0.6412351 0.59451574 0.52008635
0.6412351 0.59451574 0.52008635
0.63731354 0.5905942 0.5161648
0.633392 0.5853231 0.51919216
0.457651 0.45282692 0.45837644
0.16426298 0.20673236 0.25906664
0.15092187 0.19899064 0.2651216
0.110129714 0.16514754 0.2367765
0.11247487 0.17444167 0.25156862
0.12500826 0.19952352 0.29594514
0.1163574 0.21171963 0.32463527
0.08025556 0.19646476 0.32587448
0.08575354 0.19501378 0.3189255
0.3853301 0.52373594 0.66134113
0.14538479 0.23379807 0.34121567
0.10305525 0.17062156 0.26154512
0.11405128 0.16906911 0.24069807
0.107784614 0.15585339 0.22198436
0.11797285 0.17164114 0.25156862
0.104592696 0.20130448 0.30592155
0.8026319 0.90204275 0.9900628
0.8065535 0.9059644 0.99398434
0.8010555 0.9087649 0.99398434
0.79321235 0.90092176 0.9861412
0.78144765 0.88915706 0.9743765
0.42381614 0.51897717 0.5849019
0.43881175 0.453284 0.43663526
0.64438796 0.58377063 0.4983451
0.6577291 0.59016275 0.4992392
0.6538075 0.5862412 0.49531764
0.66165066 0.5940843 0.5031608
0.6969448 0.62937844 0.5384549
0.7102859 0.6357706 0.5393491
0.68833286 0.6082182 0.49800006
0.6844113 0.6042966 0.4940785
0.6844113 0.6042966 0.4940785
0.67814463 0.5897314 0.48231378
0.67422307 0.5871594 0.47144312
0.6703015 0.5832378 0.46752155
0.67422307 0.5871594 0.47144312
0.67422307 0.5871594 0.47144312
0.67814463 0.59108096 0.47536469
0.6585368 0.5714731 0.45575684
0.62716424 0.5401006 0.4243843
0.61539954 0.52968544 0.40567058
0.63266224 0.53864956 0.4174353
0.6483485 0.55433583 0.43312156
0.6875642 0.5949011 0.4653883
0.69540733 0.6027442 0.47323143
0.69540733 0.6027442 0.47323143
0.6663799 0.58201534 0.44970202
0.6757995 0.5831363 0.4536236
0.67814463 0.59378004 0.46146673
0.6820662 0.5977016 0.4653883
0.6859878 0.6016232 0.46930987
0.6938309 0.6094663 0.477153
0.69540733 0.6027442 0.47323143
0.70717204 0.61450887 0.48499614
0.69540733 0.6040938 0.46628243
0.6695328 0.56992066 0.43490988
0.64600337 0.54639125 0.41138047
0.64600337 0.54639125 0.41138047
0.63266224 0.5413487 0.40353733
0.65619165 0.56352854 0.43401575
0.6640348 0.5713717 0.4418589
0.6522701 0.5596069 0.43009418
0.66795635 0.5752932 0.44578046
0.6757995 0.5831363 0.4536236
0.6757995 0.5831363 0.4536236
0.67972106 0.58705795 0.45754516
0.67972106 0.58705795 0.45754516
0.67972106 0.58705795 0.45754516
0.67422307 0.5898585 0.45754516
0.6663799 0.58201534 0.44970202
0.6546152 0.57025063 0.43793732
0.6522701 0.5596069 0.43009418
0.6601132 0.56745005 0.43793732
0.6640348 0.5713717 0.4418589
0.66795635 0.57664275 0.43883145
0.6656112 0.5659991 0.4309883
0.65619165 0.5648781 0.42706674
0.6656112 0.5673486 0.42403927
0.6538465 0.5542344 0.4192236
0.6420818 0.5438192 0.40050986
0.62247396 0.52421135 0.38090202
0.6067877 0.5085251 0.36521575
0.6146308 0.5163682 0.3730589
0.600521 0.49395984 0.35345104
0.6044426 0.4978814 0.3573726
0.5911014 0.49283883 0.34952947
0.6146308 0.5163682 0.3730589
0.6012897 0.50997615 0.3721648
0.6130544 0.5217408 0.3839295
0.6075564 0.5231918 0.3908785
0.60205835 0.52329326 0.40477645
0.20820796 0.2284808 0.27261963
0.20663156 0.23520291 0.2765412
0.20270999 0.2299318 0.2795686
0.20663156 0.23385337 0.28349018
0.2011335 0.23530439 0.2904392
0.19721194 0.23138282 0.28651762
0.19329037 0.22746125 0.28259605
0.1893688 0.22353968 0.27867448
0.1893688 0.22353968 0.27867448
0.19721194 0.23273237 0.2795686
0.22231783 0.25088918 0.29222748
0.24742366 0.2676965 0.31183535
0.2568432 0.27016708 0.30880788
0.25999615 0.25807238 0.29401568
0.30551755 0.2744483 0.2966981
0.37299192 0.31972617 0.33378038
0.36907035 0.3158046 0.3298588
0.34630963 0.3069419 0.3319922
0.23173739 0.2479616 0.31699607
0.15326697 0.20693526 0.28686273
0.13208272 0.1940495 0.27117646
0.13600428 0.19797108 0.27509803
0.14384742 0.20581421 0.28294116
0.13992585 0.20189264 0.2790196
0.13992585 0.20189264 0.2790196
0.1493454 0.20301369 0.28294116
0.14542383 0.19909212 0.2790196
0.15326697 0.20693526 0.28686273
0.16503167 0.21869996 0.29862744
0.17052971 0.21724895 0.29167846
0.18229441 0.23036319 0.29649416
0.19563553 0.2354058 0.3043373
0.1995571 0.24067692 0.30130976
0.21289821 0.24571954 0.3091529
0.23016098 0.25603324 0.3139686
0.23958053 0.2571543 0.31789017
0.24742366 0.26499742 0.3257333
0.24742366 0.26499742 0.3257333
0.2435021 0.26107585 0.32181174
0.2435021 0.26107585 0.32181174
0.2450785 0.2557033 0.31094116
0.2450785 0.2557033 0.31094116
0.26626274 0.26858905 0.32662743
0.2568432 0.267468 0.32270586
0.25292164 0.26354644 0.3187843
0.25449803 0.25682434 0.31486273
0.2584196 0.25939637 0.3257333
0.26234117 0.26466748 0.32270586
0.26626274 0.26858905 0.32662743
0.2701843 0.27251062 0.330549
0.26626274 0.2699386 0.3196785
0.2584196 0.2607459 0.3187843
0.2568432 0.267468 0.32270586
0.2435021 0.2624254 0.31486273
0.26468635 0.27801022 0.31665102
0.5957136 0.5740912 0.538251
0.630239 0.5960682 0.5409334
0.6278939 0.58542454 0.53309023
0.62397236 0.581503 0.52916867
0.6318155 0.5906957 0.53006274
0.633392 0.5839735 0.52614117
0.6177057 0.56828725 0.5104549
0.64907825 0.5996598 0.54182744
0.63731354 0.58924466 0.5231137
0.6294704 0.5814015 0.5152706
0.6294704 0.58275104 0.50832164
0.63731354 0.5905942 0.5161648
0.674184 0.6191662 0.5475373
0.64673305 0.5917152 0.52008635
0.45607457 0.459549 0.462298
0.16426298 0.20673236 0.25906664
0.1470003 0.19506907 0.26120004
0.13131402 0.1793828 0.24551377
0.12189442 0.17691225 0.2485412
0.121086694 0.1969515 0.28507453
0.22850649 0.33081767 0.44923133
0.066106655 0.212811 0.34761566
0.23869473 0.34795496 0.4718667
0.0944044 0.18281768 0.29023528
0.09990238 0.18136671 0.28328624
0.11481996 0.18238626 0.27330983
0.17287481 0.2265431 0.30647057
0.09994148 0.14801025 0.21414122
0.107784614 0.15585339 0.22198436
0.10774551 0.19055939 0.28418043
0.78852206 0.8796344 0.97045493
0.8120515 0.90451336 0.98703533
0.79871035 0.8994708 0.9791922
0.79871035 0.8994708 0.9791922
0.7853692 0.8944282 0.97134906
0.6418476 0.74395764 0.8153804
0.36034143 0.40955856 0.42039996
0.6271252 0.57345694 0.49352947
0.67341536 0.605849 0.5149255
0.69536835 0.63610053 0.54237646
0.71263105 0.6450647 0.55414116
0.7087095 0.64114314 0.5502196
0.70086634 0.6346496 0.5354275
0.6922544 0.6107902 0.50887066
0.67422307 0.5858098 0.4783922
0.67422307 0.5858098 0.4783922
0.67814463 0.59108096 0.47536469
0.67422307 0.5871594 0.47144312
0.67422307 0.5871594 0.47144312
0.6546152 0.56755155 0.45183527
0.62716424 0.5401006 0.4243843
0.6350074 0.5479437 0.43222743
0.6569603 0.5781952 0.4596784
0.696176 0.6174109 0.4988941
0.6977525 0.6120384 0.48802352
0.6703015 0.5845874 0.46057254
0.65069366 0.56497955 0.4409647
0.6467721 0.561058 0.43704313
0.65619165 0.56217897 0.4409647
0.6640348 0.5713717 0.4418589
0.6601132 0.56745005 0.43793732
0.6757995 0.5831363 0.4536236
0.69540733 0.6027442 0.47323143
0.69148576 0.5988226 0.46930987
0.6757995 0.5844859 0.4466746
0.6601132 0.5687996 0.4309883
0.64992493 0.5503128 0.41530204
0.63423866 0.53462654 0.39961576
0.63423866 0.53462654 0.39961576
0.64600337 0.54639125 0.41138047
0.65619165 0.5648781 0.42706674
0.6522701 0.5596069 0.43009418
0.6522701 0.5596069 0.43009418
0.6601132 0.56745005 0.43793732
0.6757995 0.5831363 0.4536236
0.6757995 0.5831363 0.4536236
0.6836426 0.59097946 0.46146673
0.67972106 0.5884075 0.45059615
0.6718779 0.5805644 0.44275302
0.66795635 0.57664275 0.43883145
0.6757995 0.5844859 0.4466746
0.66795635 0.57664275 0.43883145
0.6640348 0.57272124 0.43490988
0.6718779 0.5792148 0.44970202
0.6757995 0.5844859 0.4466746
0.6601132 0.5687996 0.4309883
0.64992493 0.5503128 0.41530204
0.6420818 0.5424697 0.4074589
0.6263955 0.5267834 0.39177263
0.6303171 0.530705 0.3956942
0.6146308 0.5163682 0.3730589
0.6263955 0.5281329 0.3848236
0.6381602 0.5385481 0.40353733
0.64600337 0.54639125 0.41138047
0.64992493 0.5503128 0.41530204
0.64600337 0.54774076 0.40443143
0.64600337 0.54774076 0.40443143
0.64600337 0.54774076 0.40443143
0.6420818 0.5438192 0.40050986
0.6420818 0.5438192 0.40050986
0.6483485 0.55703497 0.4192236
0.6522701 0.5609565 0.42314517
0.6483485 0.55703497 0.4192236
0.6428505 0.5598355 0.4192236
0.63892895 0.5559139 0.41530204
0.21839626 0.24696761 0.2883059
0.21839626 0.24561808 0.2952549
0.21839626 0.24561808 0.2952549
0.22231783 0.24953964 0.29917645
0.20505507 0.2405755 0.28741175
0.1893688 0.22353968 0.27867448
0.19721194 0.23138282 0.28651762
0.2011335 0.23530439 0.2904392
0.20897664 0.24314752 0.29828233
0.22074136 0.2562618 0.30309802
0.25761196 0.28483376 0.33447057
0.29448247 0.31610486 0.35194513
0.30390203 0.3172259 0.3558667
0.29529026 0.2933665 0.3293098
0.34004292 0.29372624 0.3132784
0.3769135 0.32364774 0.33770195
0.37299192 0.31972617 0.33378038
0.3557292 0.3094125 0.32896468
0.23016098 0.25603324 0.3139686
0.16737683 0.22934362 0.30647057
0.14384742 0.20446467 0.28989017
0.12816115 0.19012794 0.2672549
0.13992585 0.20189264 0.2790196
0.13208272 0.1940495 0.27117646
0.13208272 0.1940495 0.27117646
0.13600428 0.19797108 0.27509803
0.14384742 0.20581421 0.28294116
0.13992585 0.20189264 0.2790196
0.14384742 0.20716375 0.27599218
0.1493454 0.20436323 0.27599218
0.15326697 0.2082848 0.27991375
0.16503167 0.2200495 0.29167846
0.1611101 0.21747749 0.28080788
0.16660814 0.21467692 0.28080788
0.17602769 0.21714751 0.27778035
0.2011335 0.23395483 0.2973882
0.19171396 0.23283379 0.29346663
0.20505507 0.2378764 0.30130976
0.2011335 0.23530439 0.2904392
0.2144747 0.24034697 0.29828233
0.21055312 0.2364254 0.29436076
0.23565896 0.25323272 0.3139686
0.24900007 0.25962487 0.31486273
0.2435021 0.2624254 0.31486273
0.2450785 0.2557033 0.31094116
0.24900007 0.25962487 0.31486273
0.2450785 0.25435376 0.31789017
0.24900007 0.25962487 0.31486273
0.2584196 0.2607459 0.3187843
0.2584196 0.26209545 0.31183535
0.26783928 0.2632164 0.31575692
0.25607458 0.2514517 0.3039922
0.25999615 0.25537327 0.30791378
0.2811804 0.2736572 0.29580396
0.54630965 0.5163887 0.48334903
0.61455274 0.57903236 0.53219616
0.6318155 0.5893461 0.5370118
0.62397236 0.581503 0.52916867
0.63573706 0.59461725 0.5339843
0.63573706 0.59461725 0.5339843
0.6412351 0.59181666 0.5339843
0.6529998 0.60358137 0.545749
0.63731354 0.5878951 0.53006274
0.6177057 0.5696368 0.5035059
0.6412351 0.59316623 0.5270353
0.67026246 0.6152446 0.54361576
0.6506546 0.5956368 0.5240079
0.6428115 0.58779365 0.5161648
0.6271252 0.5721074 0.5004785
0.4639177 0.4687417 0.46319214
0.16818455 0.21065393 0.2629882
0.1485767 0.18969654 0.25032938
0.15484343 0.20426178 0.26209408
0.103863046 0.15328139 0.21111369
0.10228658 0.1573044 0.22893336
0.22147101 0.30293533 0.4048549
0.08656126 0.1763241 0.2754431
0.14930636 0.23771964 0.34513724
0.15557308 0.25093532 0.36385095
0.09598081 0.17744514 0.27936468
0.16972192 0.23728822 0.32821178
0.15718853 0.21220636 0.28383532
0.09994148 0.14801025 0.21414122
0.101517886 0.14263771 0.20327055
0.11247487 0.17309213 0.25851762
0.7218554 0.8129677 0.90378827
0.80970633 0.8938697 0.9791922
0.80420834 0.8966702 0.9791922
0.7947888 0.8955492 0.9752706
0.7908672 0.89162767 0.97134906
0.73596525 0.8380753 0.90949804
0.3736435 0.45065662 0.48349017
0.6200508 0.58163005 0.5044001
0.7087095 0.64114314 0.5502196
0.70713305 0.64786524 0.55414116
0.7087095 0.64114314 0.5502196
0.68910164 0.6215353 0.53061175
0.6828349 0.60831964 0.5118981
0.68833286 0.6068686 0.5049491
0.6859878 0.59757453 0.49015692
0.6663799 0.57931626 0.46359998
0.6350074 0.5479437 0.43222743
0.62716424 0.5401006 0.4243843
0.6467721 0.5597084 0.44399214
0.6663799 0.57931626 0.46359998
0.6859878 0.5989241 0.48320782
0.668725 0.5899599 0.47144312
0.668725 0.5899599 0.47144312
0.668725 0.5899599 0.47144312
0.6977525 0.6120384 0.48802352
0.70167404 0.61595994 0.4919451
0.70167404 0.61595994 0.4919451
0.7055956 0.6198815 0.49586666
0.6859878 0.60027367 0.4762588
0.66795635 0.5752932 0.44578046
0.6522701 0.5596069 0.43009418
0.6405054 0.54784226 0.41832948
0.63266224 0.5399991 0.41048634
0.6365838 0.5452702 0.4074589
0.6522701 0.5609565 0.42314517
0.66168964 0.5620775 0.42706674
0.64600337 0.54639125 0.41138047
0.64600337 0.54639125 0.41138047
0.65619165 0.5648781 0.42706674
0.66795635 0.57664275 0.43883145
0.66795635 0.5752932 0.44578046
0.67972106 0.5884075 0.45059615
0.6836426 0.592329 0.45451772
0.6836426 0.592329 0.45451772
0.6757995 0.5844859 0.4466746
0.68521905 0.58695644 0.44364712
0.6656112 0.5673486 0.42403927
0.6656112 0.5673486 0.42403927
0.6515014 0.54494023 0.40443143
0.63423866 0.53597605 0.39266673
0.6303171 0.5320545 0.38874516
0.62247396 0.52421135 0.38090202
0.61697596 0.5256624 0.38785106
0.62874067 0.53742707 0.39961576
0.6248191 0.53350556 0.3956942
0.6420818 0.5424697 0.4074589
0.6405054 0.54919183 0.41138047
0.6405054 0.54919183 0.41138047
0.65619165 0.5648781 0.42706674
0.65619165 0.5648781 0.42706674
0.64992493 0.5503128 0.41530204
0.6577681 0.55950546 0.41619614
0.66168964 0.5620775 0.42706674
0.67345434 0.5738422 0.43883145
0.6773759 0.5777638 0.44275302
0.6538465 0.5542344 0.4192236
0.64600337 0.54639125 0.41138047
0.64992493 0.5503128 0.41530204
0.6420818 0.5438192 0.40050986
0.6381602 0.5398976 0.3965883
0.62874067 0.53742707 0.39961576
0.6130544 0.5217408 0.3839295
0.6012897 0.50997615 0.3721648
0.59971327 0.51669824 0.37608635
0.611478 0.52846295 0.38785106
0.24192569 0.2691475 0.3187843
0.23800412 0.26522592 0.31486273
0.23800412 0.26522592 0.31486273
0.23642763 0.27194807 0.3187843
0.22074136 0.2562618 0.30309802
0.19721194 0.23138282 0.28651762
0.19329037 0.22746125 0.28259605
0.20347866 0.2445985 0.30523133
0.22543168 0.27350047 0.3396314
0.2607258 0.3087946 0.37492552
0.29994148 0.34935984 0.40719214
0.35015312 0.38567355 0.43250978
0.3517296 0.38030094 0.42163926
0.3329294 0.3379548 0.3793961
0.35649794 0.3254287 0.34767848
0.39259976 0.339334 0.35338822
0.37299192 0.31972617 0.33378038
0.3502312 0.31086347 0.33591378
0.22231783 0.2481901 0.30612546
0.1375807 0.18989944 0.27812546
0.13208272 0.19269997 0.27812546
0.12423958 0.18485683 0.27028233
0.13208272 0.1940495 0.27117646
0.13600428 0.19797108 0.27509803
0.13208272 0.1940495 0.27117646
0.13208272 0.1940495 0.27117646
0.13992585 0.20189264 0.2790196
0.13600428 0.19797108 0.27509803
0.14384742 0.20716375 0.27599218
0.1493454 0.20436323 0.27599218
0.15326697 0.2082848 0.27991375
0.15718853 0.21220636 0.28383532
0.1611101 0.21747749 0.28080788
0.158765 0.20683378 0.27296475
0.17445128 0.22252005 0.28865102
0.18779239 0.22756267 0.29649416
0.18779239 0.22891222 0.28954506
0.19563553 0.23675536 0.2973882
0.19329037 0.2261117 0.28954506
0.19721194 0.23138282 0.28651762
0.20663156 0.23250383 0.2904392
0.20663156 0.23250383 0.2904392
0.20663156 0.23250383 0.2904392
0.21055312 0.23777494 0.28741175
0.21055312 0.23777494 0.28741175
0.20663156 0.23385337 0.28349018
0.21055312 0.23777494 0.28741175
0.2042864 0.22186016 0.28259605
0.21370594 0.22433075 0.2795686
0.2403883 0.23711498 0.2813569
0.26549414 0.25662142 0.28706664
0.26157257 0.25269985 0.28314507
0.25372943 0.24485672 0.27530193
0.5031724 0.47190192 0.44716075
0.6278939 0.58542454 0.53309023
0.6318155 0.5893461 0.5370118
0.6278939 0.58542454 0.53309023
0.6216273 0.5722088 0.51437646
0.62554884 0.5761304 0.51829803
0.633392 0.5839735 0.52614117
0.6412351 0.59316623 0.5270353
0.6177057 0.5696368 0.5035059
0.61928207 0.5629147 0.49958432
0.62554884 0.57747996 0.511349
0.64673305 0.5917152 0.52008635
0.63496834 0.5799505 0.50832164
0.64673305 0.5917152 0.52008635
0.65849775 0.6034799 0.53185105
0.6545762 0.59955835 0.5279295
0.512553 0.50907844 0.5063294
0.1776041 0.21177498 0.26690978
0.13446684 0.16863772 0.22377253
0.13054527 0.16471615 0.21985096
0.114859 0.14902988 0.20416468
0.103863046 0.15328139 0.21111369
0.09836501 0.15338284 0.2250118
0.10228658 0.15595487 0.23588233
0.09521212 0.16412799 0.24675292
0.14538479 0.23244852 0.34816468
0.11089839 0.17711516 0.2763373
0.18856108 0.24222937 0.32215685
0.09994148 0.14666072 0.22109023
0.10936102 0.15048085 0.21111369
0.11328259 0.15440242 0.21503526
0.11562775 0.16369653 0.2298275
0.5610711 0.6521834 0.74300396
0.8018632 0.8873761 0.9644
0.8057847 0.8912977 0.96832156
0.7963652 0.89017665 0.9644
0.79244363 0.8862551 0.9604784
0.76499265 0.8588041 0.93302745
0.39325133 0.4675654 0.516996
0.5690704 0.5279506 0.46731764
0.6655722 0.5980059 0.50708234
0.68518007 0.61761373 0.5266902
0.70086634 0.6333 0.54237646
0.7102859 0.6357706 0.5393491
0.6710702 0.59790444 0.4931844
0.6491172 0.5690025 0.45878437
0.6428505 0.55578685 0.44007057
0.6820662 0.59500253 0.47928625
0.6820662 0.59500253 0.47928625
0.6703015 0.5832378 0.46752155
0.66245836 0.5753947 0.4596784
0.67814463 0.59243053 0.46841568
0.70167404 0.61595994 0.4919451
0.70167404 0.61595994 0.4919451
0.6859878 0.60027367 0.4762588
0.66245836 0.57674426 0.4527294
0.63892895 0.55321485 0.4292
0.6310858 0.5453717 0.42135686
0.6310858 0.5453717 0.42135686
0.63266224 0.53864956 0.4174353
0.64442694 0.5517638 0.42225105
0.6601132 0.5661006 0.44488627
0.6601132 0.5661006 0.44488627
0.64442694 0.5517638 0.42225105
0.6405054 0.54784226 0.41832948
0.64442694 0.5517638 0.42225105
0.66795635 0.5752932 0.44578046
0.67972106 0.5884075 0.45059615
0.6836426 0.592329 0.45451772
0.6836426 0.592329 0.45451772
0.6718779 0.5805644 0.44275302
0.6718779 0.5805644 0.44275302
0.6875642 0.5949011 0.4653883
0.6875642 0.59625065 0.4584393
0.6875642 0.59625065 0.4584393
0.6812975 0.58168536 0.4466746
0.6538465 0.5555839 0.41227457
0.6303171 0.5320545 0.38874516
0.6146308 0.5163682 0.3730589
0.60836416 0.501803 0.36129418
0.6185524 0.5202898 0.37698045
0.6185524 0.5202898 0.37698045
0.63423866 0.53597605 0.39266673
0.6538465 0.5555839 0.41227457
0.6522701 0.5609565 0.42314517
0.6640348 0.57272124 0.43490988
0.6601132 0.5687996 0.4309883
0.65619165 0.5648781 0.42706674
0.6640348 0.57272124 0.43490988
0.65619165 0.5648781 0.42706674
0.67972106 0.5884075 0.45059615
0.6601132 0.5687996 0.4309883
0.6656112 0.5659991 0.4309883
0.6656112 0.5673486 0.42403927
0.6577681 0.55950546 0.41619614
0.64600337 0.54774076 0.40443143
0.63423866 0.53597605 0.39266673
0.62247396 0.52286184 0.38785106
0.6185524 0.51894027 0.3839295
0.6146308 0.5150187 0.38000792
0.6146308 0.5150187 0.38000792
0.62089753 0.52958393 0.39177263
0.62089753 0.52958393 0.39177263
0.62089753 0.52958393 0.39177263
0.6248191 0.53350556 0.3956942
0.6193211 0.5349565 0.4026432
0.61539954 0.53103495 0.39872164
0.2536904 0.2809122 0.330549
0.24819234 0.28236324 0.337498
0.25995705 0.29547748 0.3423137
0.2638786 0.29939905 0.34623528
0.24819234 0.28236324 0.337498
0.21289821 0.24706909 0.3022039
0.2113218 0.25244164 0.31307447
0.24346305 0.2984809 0.37010986
0.26541606 0.32738286 0.40450978
0.2850239 0.3469907 0.42411762
0.3360043 0.39932063 0.46814907
0.39013755 0.4395559 0.4973882
0.3995571 0.4420265 0.49436074
0.3823334 0.3929582 0.44819605
0.39021564 0.36474583 0.40079212
0.39652133 0.34325558 0.3573098
0.4122076 0.3575923 0.37994507
0.38394892 0.3515301 0.38207847
0.2521139 0.28493527 0.34836861
0.16737683 0.22799408 0.31341958
0.1461925 0.21510838 0.2977333
0.13834937 0.20726524 0.28989017
0.122663096 0.19157897 0.2742039
0.12816115 0.19012794 0.2672549
0.13208272 0.1940495 0.27117646
0.12816115 0.19012794 0.2672549
0.13208272 0.1940495 0.27117646
0.13600428 0.19797108 0.27509803
0.14776899 0.21108532 0.27991375
0.1493454 0.20436323 0.27599218
0.1493454 0.20436323 0.27599218
0.1493454 0.20436323 0.27599218
0.1611101 0.21747749 0.28080788
0.16660814 0.21467692 0.28080788
0.17052971 0.21859848 0.28472945
0.17837285 0.22644162 0.2925726
0.18387082 0.2236411 0.2925726
0.18387082 0.22499065 0.2856235
0.18544723 0.21826856 0.28170192
0.19721194 0.23138282 0.28651762
0.21055312 0.2364254 0.29436076
0.20663156 0.23250383 0.2904392
0.20270999 0.22858226 0.28651762
0.2144747 0.2416965 0.29133332
0.21055312 0.23777494 0.28741175
0.21055312 0.23777494 0.28741175
0.20270999 0.2299318 0.2795686
0.20820796 0.22713128 0.2795686
0.2058628 0.21648762 0.27172548
0.2592274 0.24205619 0.27530193
0.34788606 0.3029189 0.31417254
0.33454493 0.2978763 0.3063294
0.40905473 0.37778428 0.3530431
0.5925998 0.5501304 0.49779615
0.605941 0.55652255 0.4986902
0.61378413 0.5643657 0.5065333
0.6216273 0.5722088 0.51437646
0.6177057 0.56828725 0.5104549
0.6177057 0.56828725 0.5104549
0.6153605 0.55899316 0.49566275
0.60986257 0.5617937 0.49566275
0.6310468 0.57467943 0.511349
0.6271252 0.57075787 0.50742745
0.6294704 0.5814015 0.5152706
0.6624193 0.6074015 0.5357726
0.6506546 0.5956368 0.5240079
0.6545762 0.59955835 0.5279295
0.67026246 0.6152446 0.54361576
0.6781056 0.62308776 0.5514589
0.53373724 0.52466327 0.5081177
0.17133744 0.20125833 0.23429808
0.12427862 0.15284997 0.19418827
0.11093743 0.14645787 0.1932941
0.11954932 0.1676181 0.23374906
0.12189442 0.17691225 0.2485412
0.11797285 0.17299068 0.24461964
0.10228658 0.15595487 0.23588233
0.10228658 0.15595487 0.23588233
0.10071017 0.16267696 0.2398039
0.11405128 0.16771957 0.24764703
0.09601991 0.14408869 0.21021965
0.11562775 0.16369653 0.2298275
0.12112573 0.160896 0.2298275
0.15407468 0.18824556 0.24338037
0.10936102 0.15048085 0.21111369
0.33127493 0.41543835 0.5007608
0.8018632 0.8873761 0.9644
0.80970633 0.8965688 0.9652941
0.79794157 0.88480407 0.95352936
0.79402006 0.8808825 0.94960785
0.77441216 0.86127466 0.92999995
0.46933764 0.53535306 0.5875843
0.54004294 0.50587213 0.45073733
0.6694938 0.60192746 0.5110039
0.6577291 0.5915123 0.49229026
0.67733693 0.61112016 0.5118981
0.70244277 0.6279275 0.53150594
0.70636433 0.63319856 0.5284785
0.6844113 0.6042966 0.4940785
0.6569603 0.5781952 0.4596784
0.68990934 0.60284567 0.4871294
0.6938309 0.60676724 0.49105096
0.6859878 0.60027367 0.4762588
0.6663799 0.5806658 0.45665097
0.65069366 0.56497955 0.4409647
0.6428505 0.5571364 0.43312156
0.6467721 0.561058 0.43704313
0.65069366 0.56497955 0.4409647
0.6467721 0.561058 0.43704313
0.65069366 0.56497955 0.4409647
0.63892895 0.55321485 0.4292
0.64442694 0.5504143 0.4292
0.62874067 0.53472805 0.41351372
0.6365838 0.5425712 0.42135686
0.6467721 0.561058 0.43704313
0.67814463 0.59243053 0.46841568
0.6859878 0.60027367 0.4762588
0.6993289 0.60666573 0.477153
0.69540733 0.6027442 0.47323143
0.6875642 0.5949011 0.4653883
0.67972106 0.58705795 0.45754516
0.6836426 0.592329 0.45451772
0.66795635 0.57664275 0.43883145
0.6757995 0.5844859 0.4466746
0.66795635 0.57664275 0.43883145
0.6577681 0.55815595 0.42314517
0.64600337 0.54639125 0.41138047
0.6381602 0.5385481 0.40353733
0.6381602 0.5398976 0.3965883
0.64600337 0.54774076 0.40443143
0.6538465 0.5555839 0.41227457
0.6577681 0.55950546 0.41619614
0.6695328 0.57127017 0.42796084
0.6695328 0.57127017 0.42796084
0.6577681 0.55950546 0.41619614
0.6656112 0.5673486 0.42403927
0.6656112 0.5673486 0.42403927
0.65619165 0.5648781 0.42706674
0.65619165 0.5648781 0.42706674
0.66795635 0.57664275 0.43883145
0.66795635 0.57664275 0.43883145
0.66795635 0.57664275 0.43883145
0.6483485 0.55703497 0.4192236
0.65619165 0.5648781 0.42706674
0.6405054 0.54919183 0.41138047
0.63423866 0.53462654 0.39961576
0.63423866 0.53462654 0.39961576
0.63423866 0.53462654 0.39961576
0.6303171 0.5320545 0.38874516
0.6263955 0.5281329 0.3848236
0.6303171 0.5320545 0.38874516
0.64992493 0.5516623 0.408353
0.64600337 0.54639125 0.41138047
0.64992493 0.5503128 0.41530204
0.6365838 0.5452702 0.4074589
0.62874067 0.53742707 0.39961576
0.62089753 0.52958393 0.39177263
0.60521126 0.51389766 0.37608635
0.61697596 0.5256624 0.38785106
0.611478 0.52846295 0.38785106
0.25603548 0.29020637 0.34534115
0.25603548 0.29020637 0.34534115
0.25995705 0.29412794 0.3492627
0.2662238 0.30869317 0.36102742
0.26230222 0.3047716 0.35710585
0.24269436 0.28381422 0.34444705
0.24503952 0.2931083 0.35923925
0.27091402 0.32458234 0.40450978
0.27718076 0.33914757 0.4162745
0.2967886 0.3587554 0.43588233
0.3595337 0.42285004 0.49167848
0.4081689 0.4645363 0.5278667
0.4270081 0.46812794 0.52876073
0.40036482 0.41928813 0.47172546
0.39021564 0.36474583 0.40079212
0.4122076 0.35894185 0.37299606
0.40436447 0.35109872 0.36515293
0.3761058 0.34503654 0.36728632
0.2403492 0.27317056 0.3366039
0.16345526 0.22407252 0.309498
0.15011407 0.21902995 0.30165488
0.15795721 0.22687308 0.309498
0.15795721 0.22687308 0.309498
0.15795721 0.22822262 0.302549
0.15169056 0.21365735 0.2907843
0.14384742 0.20581421 0.28294116
0.13992585 0.20189264 0.2790196
0.14384742 0.20581421 0.28294116
0.1595337 0.22285002 0.29167846
0.14384742 0.20716375 0.27599218
0.15326697 0.2082848 0.27991375
0.16503167 0.2200495 0.29167846
0.1611101 0.21612793 0.2877569
0.17287481 0.22789264 0.2995216
0.17287481 0.22924219 0.2925726
0.17287481 0.22924219 0.2925726
0.18621598 0.23428476 0.30041572
0.18387082 0.22499065 0.2856235
0.18779239 0.22891222 0.28954506
0.20505507 0.23922595 0.29436076
0.2011335 0.23530439 0.2904392
0.20897664 0.24314752 0.29828233
0.20897664 0.24314752 0.29828233
0.21289821 0.24706909 0.3022039
0.20897664 0.24449708 0.29133332
0.21055312 0.23777494 0.28741175
0.20663156 0.23385337 0.28349018
0.19878842 0.22601023 0.27564704
0.21762751 0.22960185 0.2765412
0.27649015 0.25371942 0.27316868
0.37299192 0.32242525 0.3198824
0.39259976 0.3447322 0.32559213
0.5808351 0.53701615 0.49298045
0.5941763 0.54475784 0.48692548
0.5941763 0.54475784 0.48692548
0.5941763 0.54475784 0.48692548
0.60986257 0.5617937 0.49566275
0.61928207 0.5629147 0.49958432
0.62320364 0.5668363 0.5035059
0.6216273 0.5735584 0.50742745
0.6310468 0.57467943 0.511349
0.6388899 0.5838721 0.5122432
0.6310468 0.57602894 0.5044001
0.6428115 0.58779365 0.5161648
0.6506546 0.5956368 0.5240079
0.64673305 0.5917152 0.52008635
0.6506546 0.59698635 0.51705885
0.63496834 0.5813001 0.5013726
0.6271252 0.5721074 0.5004785
0.5157059 0.49968287 0.4776393
0.1415413 0.16451325 0.19205487
0.12193346 0.14355585 0.17939612
0.12896886 0.17143825 0.22377253
0.13131402 0.1793828 0.24551377
0.11405128 0.16906911 0.24069807
0.11797285 0.17299068 0.24461964
0.12973756 0.18340585 0.26333332
0.106208146 0.16122597 0.23285493
0.103863046 0.15058228 0.2250118
0.105439454 0.14520973 0.21414122
0.1352356 0.18330437 0.24943534
0.105439454 0.14520973 0.21414122
0.136812 0.17793183 0.23856467
0.14623155 0.18040243 0.23553723
0.114859 0.14902988 0.20416468
0.10540042 0.18126522 0.26938826
0.79794157 0.88345456 0.9604784
0.81128275 0.89119625 0.95442355
0.7955965 0.87551 0.9387373
0.7916749 0.8715884 0.9348157
0.77756506 0.84918004 0.91520786
0.52189445 0.5809609 0.62769413
0.52278024 0.49690798 0.4389726
0.71263105 0.6464143 0.5471922
0.7087095 0.6424927 0.54327065
0.6867565 0.6122412 0.51581967
0.6828349 0.60966915 0.5049491
0.70244277 0.629277 0.52455693
0.68833286 0.60956776 0.49105096
0.67422307 0.5871594 0.47144312
0.66245836 0.5753947 0.4596784
0.6585368 0.5728227 0.44880784
0.6663799 0.5806658 0.45665097
0.6757995 0.5817869 0.46057254
0.65619165 0.56217897 0.4409647
0.6546152 0.5689011 0.44488627
0.6546152 0.5689011 0.44488627
0.6663799 0.5806658 0.45665097
0.67814463 0.59108096 0.47536469
0.6859878 0.5989241 0.48320782
0.6859878 0.5989241 0.48320782
0.6820662 0.5963521 0.47233725
0.66245836 0.57674426 0.4527294
0.66245836 0.57674426 0.4527294
0.6703015 0.5845874 0.46057254
0.67422307 0.58850896 0.4644941
0.6836426 0.58963 0.46841568
0.69148576 0.5988226 0.46930987
0.6757995 0.5831363 0.4536236
0.66795635 0.5752932 0.44578046
0.6483485 0.55703497 0.4192236
0.6420818 0.5424697 0.4074589
0.64442694 0.55311334 0.41530204
0.6538465 0.5542344 0.4192236
0.6577681 0.55815595 0.42314517
0.6718779 0.5805644 0.44275302
0.68521905 0.58560693 0.45059615
0.6773759 0.5777638 0.44275302
0.6812975 0.58168536 0.4466746
0.6773759 0.5777638 0.44275302
0.6577681 0.55950546 0.41619614
0.66168964 0.5620775 0.42706674
0.6695328 0.56992066 0.43490988
0.6695328 0.56992066 0.43490988
0.66168964 0.5620775 0.42706674
0.66168964 0.56342703 0.4201177
0.6577681 0.55950546 0.41619614
0.6538465 0.5555839 0.41227457
0.64992493 0.5516623 0.408353
0.64600337 0.54639125 0.41138047
0.6640348 0.57272124 0.43490988
0.66795635 0.57664275 0.43883145
0.6640348 0.57272124 0.43490988
0.66795635 0.57664275 0.43883145
0.6522701 0.5609565 0.42314517
0.64600337 0.54639125 0.41138047
0.6381602 0.5385481 0.40353733
0.6381602 0.5385481 0.40353733
0.63423866 0.53462654 0.39961576
0.64600337 0.54639125 0.41138047
0.6303171 0.5320545 0.38874516
0.6303171 0.5320545 0.38874516
0.6263955 0.5281329 0.3848236
0.6303171 0.5320545 0.38874516
0.6365838 0.5452702 0.4074589
0.62874067 0.53742707 0.39961576
0.63266224 0.5413487 0.40353733
0.6405054 0.54784226 0.41832948
0.62874067 0.5360775 0.40656477
0.61539954 0.53103495 0.39872164
0.22700809 0.2654288 0.34265888
0.2285845 0.2600563 0.33178827
0.24427077 0.27574256 0.34747455
0.2521139 0.2835857 0.35531768
0.2505375 0.2903078 0.35923925
0.23719639 0.28526518 0.3513961
0.24111795 0.28918675 0.35531768
0.2591493 0.31281763 0.39274508
0.26541606 0.3260333 0.4114588
0.28110233 0.34306914 0.42019606
0.34150225 0.3965201 0.46814907
0.40032578 0.45669317 0.5200236
0.41916496 0.45893523 0.5278667
0.40428638 0.4232097 0.47564703
0.39805877 0.37258896 0.40863526
0.40751737 0.3376545 0.3573098
0.39575267 0.32858887 0.3316471
0.3769135 0.32364774 0.33770195
0.23173739 0.2506607 0.30309802
0.1493454 0.20436323 0.27599218
0.13992585 0.20189264 0.2790196
0.14384742 0.20581421 0.28294116
0.14384742 0.20581421 0.28294116
0.14776899 0.20838624 0.29381174
0.14776899 0.20973578 0.28686273
0.15561213 0.21757892 0.29470587
0.15561213 0.21757892 0.29470587
0.14776899 0.20973578 0.28686273
0.15561213 0.21892846 0.2877569
0.16345526 0.2267716 0.29560003
0.1611101 0.21612793 0.2877569
0.15326697 0.2082848 0.27991375
0.16503167 0.2200495 0.29167846
0.17679638 0.2318142 0.30344316
0.18071795 0.23573577 0.30736473
0.17679638 0.2318142 0.30344316
0.17679638 0.2318142 0.30344316
0.17837285 0.22644162 0.2925726
0.19171396 0.23283379 0.29346663
0.1995571 0.24067692 0.30130976
0.20740023 0.24986961 0.3022039
0.22074136 0.25491226 0.31004703
0.22466293 0.25883383 0.3139686
0.22466293 0.25883383 0.3139686
0.21289821 0.24706909 0.3022039
0.20663156 0.23250383 0.2904392
0.19644326 0.21536657 0.2678039
0.18467855 0.20495139 0.24909022
0.21293733 0.21101356 0.24695683
0.30943912 0.28106898 0.28672156
0.40436447 0.35784647 0.33040783
0.5965214 0.5527024 0.50866675
0.60044295 0.55797356 0.50563926
0.605941 0.55652255 0.4986902
0.605941 0.55652255 0.4986902
0.6020194 0.55395055 0.4878196
0.6177057 0.5696368 0.5035059
0.6271252 0.57075787 0.50742745
0.62320364 0.5668363 0.5035059
0.61928207 0.5629147 0.49958432
0.6310468 0.57467943 0.511349
0.63496834 0.5799505 0.50832164
0.6310468 0.57602894 0.5044001
0.6388899 0.5838721 0.5122432
0.63496834 0.5799505 0.50832164
0.6428115 0.58779365 0.5161648
0.6663409 0.6126726 0.5327451
0.6545762 0.6009079 0.5209805
0.63496834 0.5799505 0.50832164
0.48825485 0.47223184 0.45018828
0.13685098 0.14457548 0.16941959
0.11566673 0.13034019 0.16068232
0.1023256 0.12394801 0.15978827
0.11801189 0.13828473 0.18242356
0.08663933 0.10691218 0.15105101
0.107784614 0.15585339 0.22198436
0.12189442 0.17691225 0.2485412
0.11170618 0.15842542 0.23285493
0.10936102 0.1491313 0.21806279
0.09759632 0.13871615 0.19934899
0.136812 0.17793183 0.23856467
0.114859 0.14902988 0.20416468
0.13054527 0.16471615 0.21985096
0.103094295 0.13861473 0.18545096
0.11643548 0.1436573 0.1932941
0.08736898 0.15628485 0.23890978
0.7955965 0.8741604 0.9456862
0.81678075 0.8883957 0.95442355
0.79325134 0.8662158 0.9239451
0.7854082 0.8583727 0.916102
0.7767964 0.83316374 0.89649415
0.5485767 0.59239566 0.63643134
0.52278024 0.49690798 0.4389726
0.6812585 0.61504173 0.51581967
0.7142075 0.6410417 0.53632164
0.70244277 0.629277 0.52455693
0.67656815 0.5964535 0.48623535
0.67656815 0.5964535 0.48623535
0.6663799 0.57931626 0.46359998
0.67814463 0.59108096 0.47536469
0.6820662 0.59500253 0.47928625
0.6663799 0.5806658 0.45665097
0.67972106 0.5857084 0.4644941
0.6757995 0.5817869 0.46057254
0.6663799 0.5806658 0.45665097
0.6820662 0.5963521 0.47233725
0.67814463 0.59243053 0.46841568
0.6703015 0.5845874 0.46057254
0.6703015 0.5832378 0.46752155
0.68990934 0.60284567 0.4871294
0.68990934 0.60284567 0.4871294
0.68990934 0.60419524 0.48018038
0.6977525 0.6120384 0.48802352
0.6993289 0.6053163 0.48410195
0.6757995 0.5831363 0.4536236
0.6640348 0.5713717 0.4418589
0.6483485 0.5556854 0.4261726
0.6538465 0.5528848 0.4261726
0.6656112 0.5646495 0.43793732
0.67345434 0.5738422 0.43883145
0.6695328 0.56992066 0.43490988
0.6718779 0.5805644 0.44275302
0.6836426 0.592329 0.45451772
0.67972106 0.5884075 0.45059615
0.6757995 0.5844859 0.4466746
0.6812975 0.58168536 0.4466746
0.6656112 0.5659991 0.4309883
0.67345434 0.5738422 0.43883145
0.6656112 0.5659991 0.4309883
0.66168964 0.5620775 0.42706674
0.6577681 0.55815595 0.42314517
0.6640348 0.57272124 0.43490988
0.6812975 0.58168536 0.4466746
0.6773759 0.5777638 0.44275302
0.6812975 0.58168536 0.4466746
0.6538465 0.5555839 0.41227457
0.64600337 0.54774076 0.40443143
0.64600337 0.54774076 0.40443143
0.6381602 0.5398976 0.3965883
0.6381602 0.5385481 0.40353733
0.64600337 0.54639125 0.41138047
0.64600337 0.54639125 0.41138047
0.6381602 0.5385481 0.40353733
0.6303171 0.5320545 0.38874516
0.64992493 0.5516623 0.408353
0.6577681 0.55815595 0.42314517
0.66168964 0.5620775 0.42706674
0.6577681 0.55815595 0.42314517
0.6381602 0.5385481 0.40353733
0.64757985 0.54101866 0.40050986
0.64757985 0.54101866 0.40050986
0.63581514 0.52925396 0.38874516
0.6162073 0.5096461 0.36913732
0.6185524 0.5202898 0.37698045
0.6248191 0.53350556 0.3956942
0.61697596 0.5256624 0.38785106
0.6091328 0.5178193 0.38000792
0.6012897 0.50997615 0.3721648
0.60521126 0.51389766 0.37608635
0.5957917 0.5114271 0.3791138
0.21839626 0.23482168 0.3508471
0.2144747 0.23224965 0.3399765
0.22231783 0.24144235 0.34087056
0.2285845 0.25600764 0.35263526
0.22700809 0.26272973 0.35655683
0.22308652 0.25880817 0.35263526
0.22700809 0.26272973 0.35655683
0.22151011 0.2641807 0.36350593
0.23561992 0.28658912 0.38311377
0.24738462 0.29835382 0.39487848
0.2960199 0.34004006 0.43106663
0.3470003 0.39237002 0.475098
0.364263 0.40403327 0.47296473
0.36114913 0.38007244 0.43250978
0.38394892 0.3515301 0.38207847
0.39967424 0.3311609 0.3425176
0.39340755 0.31794518 0.32380396
0.36514878 0.31188303 0.32593724
0.2278158 0.24538957 0.30612546
0.1493454 0.20436323 0.27599218
0.1375807 0.19259852 0.26422748
0.13992585 0.20189264 0.2790196
0.15169056 0.21365735 0.2907843
0.14384742 0.20581421 0.28294116
0.14776899 0.20973578 0.28686273
0.14776899 0.20838624 0.29381174
0.14776899 0.20973578 0.28686273
0.15169056 0.21365735 0.2907843
0.15169056 0.21365735 0.2907843
0.1595337 0.22285002 0.29167846
0.1611101 0.21612793 0.2877569
0.1611101 0.21612793 0.2877569
0.16895324 0.22262153 0.302549
0.1712984 0.23326519 0.31039214
0.18071795 0.23573577 0.30736473
0.17287481 0.22789264 0.2995216
0.17679638 0.23046467 0.31039214
0.18463951 0.23965734 0.3112863
0.20190226 0.24997103 0.316102
0.21366698 0.26173577 0.3278667
0.22543168 0.27350047 0.3396314
0.22935325 0.27742204 0.34355298
0.22700809 0.26812792 0.32876077
0.21524338 0.2563632 0.31699607
0.21289821 0.24706909 0.3022039
0.19094528 0.2181671 0.2678039
0.18467855 0.20360187 0.2560392
0.18625496 0.1982293 0.24516866
0.2184353 0.20956258 0.24000782
0.30551755 0.27849695 0.27585095
0.56122726 0.5174083 0.4733726
0.6177057 0.56828725 0.5104549
0.6177057 0.56828725 0.5104549
0.6177057 0.5696368 0.5035059
0.60986257 0.5617937 0.49566275
0.6216273 0.5735584 0.50742745
0.60986257 0.5617937 0.49566275
0.6035958 0.54722846 0.48389804
0.60986257 0.5617937 0.49566275
0.6177057 0.5696368 0.5035059
0.6177057 0.5696368 0.5035059
0.63496834 0.5799505 0.50832164
0.6428115 0.58779365 0.5161648
0.64673305 0.5917152 0.52008635
0.6428115 0.58779365 0.5161648
0.6545762 0.6009079 0.5209805
0.65849775 0.6048295 0.524902
0.64673305 0.5930648 0.51313734
0.6294704 0.5814015 0.5152706
0.30628622 0.29586273 0.28761566
0.097635284 0.106709324 0.12325493
0.08821574 0.102889195 0.13323134
0.09998044 0.1146539 0.14499605
0.08821574 0.10423874 0.12628232
0.07410587 0.081830375 0.10667448
0.09994148 0.14801025 0.21414122
0.11954932 0.1676181 0.23374906
0.09994148 0.14801025 0.21414122
0.105439454 0.14655928 0.20719212
0.101517886 0.14263771 0.20327055
0.11720416 0.15832399 0.21895683
0.114859 0.14902988 0.20416468
0.103094295 0.13861473 0.18545096
0.12270214 0.15822257 0.2050588
0.11643548 0.1436573 0.1932941
0.10228658 0.15595487 0.23588233
0.7838318 0.8637453 0.92697257
0.8183572 0.8830231 0.943553
0.7854082 0.8583727 0.916102
0.7869847 0.8530001 0.90523136
0.7744513 0.8238696 0.88170195
0.44427076 0.48114073 0.5196785
0.5141684 0.4743981 0.40546665
0.66714865 0.5939829 0.48926282
0.6844113 0.6042966 0.4940785
0.696176 0.61606133 0.50584316
0.68833286 0.6082182 0.49800006
0.6844113 0.6056462 0.4871294
0.67814463 0.59108096 0.47536469
0.6859878 0.5989241 0.48320782
0.6938309 0.6081168 0.48410195
0.67422307 0.58850896 0.4644941
0.6585368 0.5728227 0.44880784
0.6601132 0.5661006 0.44488627
0.6703015 0.5845874 0.46057254
0.6820662 0.5963521 0.47233725
0.6859878 0.60027367 0.4762588
0.68990934 0.60419524 0.48018038
0.6977525 0.6120384 0.48802352
0.68990934 0.60419524 0.48018038
0.6718779 0.5792148 0.44970202
0.6601132 0.56745005 0.43793732
0.6483485 0.5556854 0.4261726
0.6483485 0.5556854 0.4261726
0.65619165 0.56352854 0.43401575
0.66795635 0.5752932 0.44578046
0.6656112 0.5646495 0.43793732
0.67345434 0.57249266 0.44578046
0.67345434 0.57249266 0.44578046
0.6695328 0.56992066 0.43490988
0.6656112 0.5659991 0.4309883
0.66795635 0.57664275 0.43883145
0.6718779 0.5805644 0.44275302
0.6757995 0.5844859 0.4466746
0.6812975 0.58168536 0.4466746
0.6773759 0.5777638 0.44275302
0.68521905 0.58560693 0.45059615
0.68521905 0.58560693 0.45059615
0.6695328 0.57127017 0.42796084
0.66168964 0.56342703 0.4201177
0.6538465 0.5555839 0.41227457
0.64757985 0.54236823 0.39356077
0.6397367 0.5331755 0.39266673
0.6436583 0.5370971 0.3965883
0.6538465 0.5555839 0.41227457
0.6577681 0.55950546 0.41619614
0.66168964 0.56342703 0.4201177
0.6695328 0.57127017 0.42796084
0.6577681 0.55950546 0.41619614
0.66168964 0.56342703 0.4201177
0.6515014 0.54494023 0.40443143
0.6397367 0.5331755 0.39266673
0.6436583 0.5370971 0.3965883
0.62405044 0.51748925 0.37698045
0.62012887 0.5135677 0.3730589
0.62247396 0.52421135 0.38090202
0.63423866 0.53597605 0.39266673
0.6381602 0.5385481 0.40353733
0.6263955 0.5281329 0.3848236
0.62405044 0.51748925 0.37698045
0.62405044 0.51748925 0.37698045
0.6318936 0.5253324 0.3848236
0.62012887 0.5135677 0.3730589
0.61070925 0.51244664 0.36913732
0.6130544 0.5217408 0.3839295
0.62874067 0.53742707 0.39961576
0.6365838 0.5452702 0.4074589
0.61697596 0.5256624 0.38785106
0.6091328 0.5178193 0.38000792
0.60521126 0.5125481 0.38303536
0.23331378 0.22774401 0.38256466
0.22547065 0.22125041 0.36777252
0.23723537 0.23301513 0.37953722
0.24115694 0.2369367 0.3834588
0.23958053 0.2436588 0.38738036
0.23016098 0.24253777 0.3834588
0.2285845 0.24925989 0.38738036
0.22466293 0.24533832 0.3834588
0.22466293 0.24398878 0.3904078
0.23642763 0.25710303 0.3952235
0.24819234 0.2702173 0.4000392
0.28506294 0.29878926 0.43141174
0.29290608 0.30933148 0.4253569
0.3148981 0.3062266 0.38366273
0.3557292 0.30671337 0.34286278
0.39340755 0.31794518 0.32380396
0.38948599 0.3140236 0.3198824
0.3612272 0.309311 0.31506664
0.23173739 0.2506607 0.30309802
0.15092187 0.1976411 0.27207062
0.1375807 0.19124898 0.27117646
0.13992585 0.20189264 0.2790196
0.14384742 0.20581421 0.28294116
0.14227094 0.21118681 0.29381174
0.1461925 0.21510838 0.2977333
0.15403564 0.22295152 0.30557644
0.15795721 0.22687308 0.309498
0.15403564 0.22295152 0.30557644
0.15795721 0.22687308 0.309498
0.16187878 0.23079465 0.31341958
0.16580035 0.23471622 0.31734115
0.16737683 0.22934362 0.30647057
0.17364348 0.24255936 0.3251843
0.18148662 0.24905293 0.3399765
0.18540819 0.25432405 0.336949
0.18540819 0.25432405 0.336949
0.19325134 0.26216722 0.34479213
0.20267096 0.26328823 0.3487137
0.21443567 0.27640247 0.3535294
0.23954149 0.2932098 0.37313724
0.23954149 0.29455933 0.3661883
0.22777678 0.28279462 0.35442358
0.22151011 0.2695789 0.33570984
0.20347866 0.2445985 0.30523133
0.1893688 0.22353968 0.27867448
0.17525901 0.20113128 0.25906664
0.18075699 0.20102982 0.24516866
0.19017653 0.20350042 0.24214122
0.22785485 0.21203315 0.23698042
0.43181545 0.38664696 0.35090983
0.6020194 0.552601 0.49476862
0.5941763 0.54475784 0.48692548
0.605941 0.5578721 0.49174118
0.6035958 0.54722846 0.48389804
0.59809786 0.550029 0.48389804
0.605941 0.5578721 0.49174118
0.6177057 0.5696368 0.5035059
0.60986257 0.5617937 0.49566275
0.61928207 0.5629147 0.49958432
0.62320364 0.5668363 0.5035059
0.6177057 0.5696368 0.5035059
0.63496834 0.5799505 0.50832164
0.6781056 0.62308776 0.5514589
0.6663409 0.61132306 0.5396942
0.67026246 0.6152446 0.54361576
0.6663409 0.6126726 0.5327451
0.6663409 0.6126726 0.5327451
0.65849775 0.6034799 0.53185105
0.4992508 0.47067943 0.4293412
0.10470981 0.09988573 0.10543527
0.08587058 0.09359508 0.11843918
0.110168755 0.13179114 0.16763142
0.111745164 0.12641862 0.15676075
0.0803726 0.096395604 0.11843918
0.08114135 0.10971271 0.15105101
0.1352356 0.18330437 0.24943534
0.11954932 0.1676181 0.23374906
0.09759632 0.13871615 0.19934899
0.09759632 0.13871615 0.19934899
0.101517886 0.14263771 0.20327055
0.099172726 0.1333436 0.18847841
0.099172726 0.1333436 0.18847841
0.13838841 0.17390884 0.22074507
0.12270214 0.15822257 0.2050588
0.11643548 0.1436573 0.1932941
0.09444344 0.14946127 0.22109023
0.7697219 0.8413369 0.9073647
0.8105141 0.8765295 0.92876077
0.78463954 0.84235644 0.8973882
0.7767964 0.8345133 0.8895451
0.7721061 0.8145755 0.8669098
0.4944825 0.5174545 0.5449961
0.5431959 0.49512702 0.4289961
0.69067806 0.6175123 0.5127922
0.68833286 0.6082182 0.49800006
0.68833286 0.6082182 0.49800006
0.696176 0.61606133 0.50584316
0.696176 0.6174109 0.4988941
0.68990934 0.60284567 0.4871294
0.6820662 0.5963521 0.47233725
0.6977525 0.6133879 0.48107457
0.70325047 0.61058736 0.48107457
0.69148576 0.5988226 0.46930987
0.6836426 0.59097946 0.46146673
0.6718779 0.5792148 0.44970202
0.64442694 0.5517638 0.42225105
0.64600337 0.54639125 0.41138047
0.6577681 0.55815595 0.42314517
0.6577681 0.55815595 0.42314517
0.64992493 0.5503128 0.41530204
0.66168964 0.56072795 0.43401575
0.6577681 0.55815595 0.42314517
0.66168964 0.5620775 0.42706674
0.6538465 0.5542344 0.4192236
0.6577681 0.5568064 0.43009418
0.6601132 0.56745005 0.43793732
0.6640348 0.5713717 0.4418589
0.6577681 0.55815595 0.42314517
0.6656112 0.5659991 0.4309883
0.67345434 0.5738422 0.43883145
0.6538465 0.5542344 0.4192236
0.64992493 0.5516623 0.408353
0.64600337 0.54774076 0.40443143
0.6577681 0.55950546 0.41619614
0.6436583 0.5370971 0.3965883
0.63581514 0.52925396 0.38874516
0.6420818 0.5438192 0.40050986
0.6420818 0.5438192 0.40050986
0.64992493 0.5516623 0.408353
0.6515014 0.5462898 0.39748234
0.63581514 0.5306035 0.38179606
0.6452347 0.5317245 0.38571763
0.6452347 0.5317245 0.38571763
0.63739157 0.5238814 0.3778745
0.6413132 0.52780294 0.38179606
0.6397367 0.5345251 0.38571763
0.62405044 0.51748925 0.37698045
0.63581514 0.52925396 0.38874516
0.6397367 0.5331755 0.39266673
0.65934455 0.55278337 0.41227457
0.64757985 0.54101866 0.40050986
0.6397367 0.5331755 0.39266673
0.64757985 0.54236823 0.39356077
0.63581514 0.5306035 0.38179606
0.62405044 0.51748925 0.37698045
0.62405044 0.51748925 0.37698045
0.6303171 0.5320545 0.38874516
0.6263955 0.5281329 0.3848236
0.627972 0.5214108 0.38090202
0.6318936 0.5253324 0.3848236
0.62405044 0.51748925 0.37698045
0.62012887 0.5135677 0.3730589
0.6146308 0.5150187 0.38000792
0.6146308 0.5150187 0.38000792
0.6146308 0.5150187 0.38000792
0.6146308 0.5150187 0.38000792
0.6130544 0.5217408 0.3839295
0.6091328 0.5178193 0.38000792
0.59344655 0.502133 0.36432165
0.59344655 0.50078344 0.37127066
0.2639177 0.23905164 0.41607058
0.25607458 0.23255804 0.40127847
0.26783928 0.24432275 0.41304317
0.27176085 0.24824432 0.41696474
0.26626274 0.2510449 0.41696474
0.25918835 0.259218 0.4278353
0.25134522 0.25137487 0.41999215
0.24742366 0.24745329 0.41607058
0.2435021 0.24218217 0.41909808
0.24900007 0.23938164 0.41909808
0.25292164 0.24465276 0.41607058
0.26076478 0.2524959 0.42391372
0.26076478 0.25519502 0.41001564
0.2811804 0.2588122 0.3722431
0.3376978 0.2776843 0.33323136
0.38556442 0.31010205 0.31596082
0.38714084 0.3047295 0.30509025
0.35730565 0.3040399 0.3180941
0.22389424 0.241468 0.3022039
0.14542383 0.19909212 0.2790196
0.15169056 0.21230781 0.2977333
0.1461925 0.21510838 0.2977333
0.1563808 0.23224561 0.32036865
0.1587259 0.24153978 0.33516082
0.16264747 0.24546134 0.3390824
0.17049061 0.25330448 0.34692553
0.18775338 0.2622686 0.35869023
0.18775338 0.2622686 0.35869023
0.1861769 0.26899076 0.3626118
0.19402003 0.2768339 0.37045494
0.19009846 0.27291232 0.36653337
0.20343965 0.27795488 0.3743765
0.20578474 0.2885986 0.38221964
0.2097063 0.29252017 0.3861412
0.21912593 0.29364115 0.39006278
0.22147101 0.30428487 0.39790592
0.22539258 0.30820644 0.40182748
0.23089063 0.30675542 0.39487848
0.24031016 0.30787647 0.39880005
0.24580821 0.30777502 0.38490194
0.23404351 0.29601032 0.37313724
0.22385521 0.27887306 0.350502
0.19798069 0.24604946 0.31218043
0.17602769 0.21714751 0.27778035
0.17133744 0.19720972 0.25514507
0.17133744 0.19855925 0.24819605
0.18860012 0.20887296 0.2530118
0.20194124 0.21526513 0.25390592
0.26238027 0.23670922 0.22576474
0.5824116 0.53299314 0.47516078
0.5879095 0.5315422 0.46821177
0.5996742 0.5433069 0.47997648
0.61143893 0.5550716 0.49174118
0.6177057 0.5696368 0.5035059
0.6153605 0.55899316 0.49566275
0.6271252 0.57075787 0.50742745
0.6216273 0.5735584 0.50742745
0.6177057 0.5696368 0.5035059
0.6216273 0.5735584 0.50742745
0.6216273 0.5749079 0.5004785
0.6310468 0.57602894 0.5044001
0.65849775 0.6034799 0.53185105
0.67026246 0.6152446 0.54361576
0.65849775 0.6048295 0.524902
0.6483095 0.58634263 0.5092157
0.6404664 0.5784995 0.5013726
0.64438796 0.58242106 0.5052942
0.65849775 0.6034799 0.53185105
0.26472545 0.24600336 0.24055685
0.093713716 0.102787755 0.119333364
0.06468633 0.079359785 0.10970193
0.13369817 0.15532055 0.19116083
0.09448247 0.117454425 0.14499605
0.099172726 0.13469316 0.18152939
0.11639644 0.17836323 0.25549018
0.1375807 0.19259852 0.26422748
0.11170618 0.15842542 0.23285493
0.09601991 0.14543825 0.20327055
0.09759632 0.13871615 0.19934899
0.099172726 0.1333436 0.18847841
0.099172726 0.1333436 0.18847841
0.11878057 0.15295145 0.20808625
0.14623155 0.18175198 0.22858821
0.12035705 0.14757887 0.19721566
0.12427862 0.15284997 0.19418827
0.09601991 0.14408869 0.21021965
0.7634553 0.8281211 0.888651
0.8120905 0.8698074 0.9248392
0.786216 0.8356343 0.89346665
0.7744513 0.8238696 0.88170195
0.7619178 0.79743826 0.8442745
0.5266628 0.5287877 0.53983533
0.5777213 0.5157544 0.4386275
0.68833286 0.6082182 0.49800006
0.6938309 0.60676724 0.49105096
0.6938309 0.60676724 0.49105096
0.6977525 0.6106888 0.49497253
0.6820662 0.59500253 0.47928625
0.6718779 0.57786524 0.45665097
0.6601132 0.5661006 0.44488627
0.6483485 0.55703497 0.4192236
0.6405054 0.54919183 0.41138047
0.6365838 0.5452702 0.4074589
0.6405054 0.54919183 0.41138047
0.6522701 0.5596069 0.43009418
0.6483485 0.55703497 0.4192236
0.64442694 0.55311334 0.41530204
0.6303171 0.530705 0.3956942
0.62247396 0.52286184 0.38785106
0.63423866 0.53462654 0.39961576
0.64600337 0.54639125 0.41138047
0.6577681 0.55815595 0.42314517
0.66168964 0.5620775 0.42706674
0.6381602 0.5385481 0.40353733
0.63423866 0.533277 0.40656477
0.64992493 0.54896325 0.42225105
0.6538465 0.5528848 0.4261726
0.6420818 0.5424697 0.4074589
0.64600337 0.54639125 0.41138047
0.67345434 0.5738422 0.43883145
0.67345434 0.57519174 0.4318824
0.6695328 0.57127017 0.42796084
0.64992493 0.5516623 0.408353
0.65934455 0.55278337 0.41227457
0.64757985 0.54236823 0.39356077
0.63581514 0.52925396 0.38874516
0.6397367 0.5331755 0.39266673
0.6515014 0.54494023 0.40443143
0.67110926 0.5645481 0.42403927
0.65934455 0.55413294 0.40532547
0.64915633 0.5356461 0.3896392
0.64915633 0.5356461 0.3896392
0.64915633 0.5356461 0.3896392
0.63347006 0.5199598 0.37395293
0.62954843 0.51603824 0.37003136
0.6256269 0.5121167 0.3661098
0.60836416 0.501803 0.36129418
0.59659946 0.49003828 0.34952947
0.60836416 0.501803 0.36129418
0.6044426 0.4978814 0.3573726
0.6162073 0.5096461 0.36913732
0.6185524 0.5202898 0.37698045
0.6146308 0.5163682 0.3730589
0.62012887 0.51491725 0.3661098
0.6162073 0.5096461 0.36913732
0.61228573 0.50572455 0.36521575
0.61228573 0.50572455 0.36521575
0.6162073 0.5096461 0.36913732
0.6318936 0.5253324 0.3848236
0.62405044 0.51748925 0.37698045
0.61228573 0.50572455 0.36521575
0.61228573 0.50572455 0.36521575
0.6263955 0.5267834 0.39177263
0.6263955 0.5267834 0.39177263
0.6263955 0.5267834 0.39177263
0.6263955 0.5267834 0.39177263
0.6263955 0.5267834 0.39177263
0.62247396 0.52286184 0.38785106
0.6130544 0.5217408 0.3839295
0.59344655 0.502133 0.36432165
0.27725884 0.24409425 0.42391372
0.2694157 0.23625112 0.41607058
0.2811804 0.24936537 0.4208863
0.28352556 0.26000902 0.42872944
0.28744712 0.2639306 0.432651
0.28271776 0.28409696 0.44441572
0.27095306 0.2709827 0.4396
0.2670315 0.26706114 0.43567842
0.26468635 0.2550679 0.43478435
0.2701843 0.25091785 0.4417333
0.27410588 0.25483942 0.44565487
0.2701843 0.25091785 0.4417333
0.2701843 0.25361693 0.4278353
0.28667837 0.25196302 0.3930902
0.34004292 0.28697845 0.34802356
0.38948599 0.3140236 0.3198824
0.39890555 0.31514466 0.32380396
0.3612272 0.30796146 0.32201567
0.23408255 0.2599548 0.31789017
0.1595337 0.22150049 0.29862744
0.16422394 0.24008875 0.32821178
0.1587259 0.24153978 0.33516082
0.17675735 0.26652017 0.3656392
0.18694565 0.28365743 0.3882745
0.19871035 0.29542214 0.4000392
0.21439663 0.3111084 0.41572547
0.21439663 0.3111084 0.41572547
0.2183182 0.31502998 0.41964704
0.22223976 0.31895155 0.4235686
0.2300829 0.32679468 0.43141174
0.2300829 0.32679468 0.43141174
0.24342401 0.33318684 0.43230587
0.23950244 0.32791573 0.4353333
0.23400447 0.33071625 0.4353333
0.23792604 0.33463782 0.43925488
0.22616133 0.32287312 0.42749017
0.22616133 0.32287312 0.42749017
0.23165931 0.32142213 0.42054117
0.23323572 0.31604958 0.40967062
0.23089063 0.30675542 0.39487848
0.21835724 0.28032404 0.35745096
0.18856108 0.24222937 0.32215685
0.17445128 0.22252005 0.28865102
0.16426298 0.20538281 0.26601565
0.17133744 0.19720972 0.25514507
0.18467855 0.20360187 0.2560392
0.19252169 0.21279453 0.25693336
0.2286236 0.22939892 0.24874513
0.5471175 0.49634945 0.44681576
0.5996742 0.5433069 0.47997648
0.60751736 0.55115 0.4878196
0.6153605 0.55899316 0.49566275
0.61143893 0.5564211 0.48479223
0.61143893 0.5564211 0.48479223
0.61928207 0.5629147 0.49958432
0.63496834 0.578601 0.5152706
0.63496834 0.578601 0.5152706
0.6310468 0.57602894 0.5044001
0.62320364 0.5681858 0.49655694
0.62320364 0.5681858 0.49655694
0.62320364 0.5681858 0.49655694
0.6271252 0.57345694 0.49352947
0.6388899 0.58522165 0.5052942
0.6404664 0.5784995 0.5013726
0.65615267 0.59418577 0.51705885
0.66007423 0.5994569 0.51403135
0.6483095 0.5876922 0.50226665
0.64673305 0.5930648 0.51313734
0.14158034 0.13115686 0.122909784
0.10782358 0.12249704 0.15283918
0.059188355 0.080810755 0.11665101
0.10624719 0.12652004 0.17065886
0.08898449 0.11755585 0.15889415
0.110129714 0.16514754 0.2367765
0.3587259 0.44019023 0.5421098
0.21754944 0.29901376 0.40093333
0.11562775 0.16234699 0.2367765
0.09759632 0.13871615 0.19934899
0.09367475 0.13479458 0.19542742
0.14465514 0.18577497 0.2464078
0.09525116 0.12942204 0.18455684
0.14623155 0.18040243 0.23553723
0.12427862 0.15150043 0.20113723
0.112513915 0.14108527 0.18242356
0.110168755 0.1304416 0.17458043
0.101517886 0.14128816 0.21021965
0.76895326 0.8253206 0.888651
0.813667 0.86308527 0.92091763
0.7783729 0.82779115 0.8856235
0.764263 0.80673236 0.85906667
0.75330603 0.77492845 0.81076866
0.46080387 0.44073224 0.4435843
0.5965604 0.52069557 0.43257254
0.67422307 0.5871594 0.47144312
0.6703015 0.5832378 0.46752155
0.67814463 0.59108096 0.47536469
0.6703015 0.5832378 0.46752155
0.6546152 0.5689011 0.44488627
0.66795635 0.57394373 0.4527294
0.66795635 0.5752932 0.44578046
0.6640348 0.57272124 0.43490988
0.6405054 0.54919183 0.41138047
0.65619165 0.5648781 0.42706674
0.6483485 0.5556854 0.4261726
0.6522701 0.5596069 0.43009418
0.65619165 0.56352854 0.43401575
0.67345434 0.57249266 0.44578046
0.6656112 0.5659991 0.4309883
0.6656112 0.5659991 0.4309883
0.63423866 0.53462654 0.39961576
0.62247396 0.52151227 0.39480007
0.6601132 0.5687996 0.4309883
0.6656112 0.5659991 0.4309883
0.6695328 0.56992066 0.43490988
0.67345434 0.57249266 0.44578046
0.6773759 0.5764142 0.44970202
0.6695328 0.56992066 0.43490988
0.6695328 0.56992066 0.43490988
0.6538465 0.5555839 0.41227457
0.66168964 0.56342703 0.4201177
0.64600337 0.5490903 0.39748234
0.655423 0.55021137 0.4014039
0.6632661 0.5580545 0.40924704
0.64757985 0.54101866 0.40050986
0.63581514 0.5306035 0.38179606
0.62012887 0.5135677 0.3730589
0.61228573 0.50572455 0.36521575
0.62405044 0.51748925 0.37698045
0.59659946 0.49003828 0.34952947
0.6044426 0.4978814 0.3573726
0.59659946 0.49138784 0.34258038
0.6162073 0.5096461 0.36913732
0.62012887 0.5135677 0.3730589
0.627972 0.5214108 0.38090202
0.64757985 0.54101866 0.40050986
0.64757985 0.54101866 0.40050986
0.655423 0.5488618 0.408353
0.6671877 0.5606265 0.4201177
0.6671877 0.5606265 0.4201177
0.6671877 0.5606265 0.4201177
0.6695328 0.57127017 0.42796084
0.6695328 0.57127017 0.42796084
0.6538465 0.5555839 0.41227457
0.64600337 0.54774076 0.40443143
0.63423866 0.53597605 0.39266673
0.63581514 0.52925396 0.38874516
0.62405044 0.51748925 0.37698045
0.62405044 0.51748925 0.37698045
0.60836416 0.501803 0.36129418
0.600521 0.49395984 0.35345104
0.59659946 0.49003828 0.34952947
0.6028661 0.5046035 0.36129418
0.59894454 0.49933246 0.36432165
0.59894454 0.49933246 0.36432165
0.59894454 0.49933246 0.36432165
0.6067877 0.50717556 0.3721648
0.595023 0.4954109 0.36040008
0.595023 0.4954109 0.36040008
0.59344655 0.502133 0.36432165
0.5973681 0.50470495 0.37519222
0.27333727 0.24152222 0.41304317
0.27333727 0.24152222 0.41304317
0.2811804 0.24936537 0.4208863
0.28902355 0.2572085 0.42872944
0.2913687 0.26785216 0.43657258
0.27487463 0.27760336 0.42962348
0.2670315 0.26976022 0.42178035
0.25134522 0.25407398 0.40609407
0.26076478 0.25114635 0.43086278
0.2701843 0.25091785 0.4417333
0.2701843 0.25091785 0.4417333
0.2701843 0.25091785 0.4417333
0.27568242 0.24946679 0.43478435
0.29059994 0.2558846 0.39701176
0.34554094 0.28282833 0.3549726
0.4012507 0.32443878 0.33859605
0.39890555 0.31514466 0.32380396
0.37299192 0.31972617 0.33378038
0.24661593 0.2877358 0.34836861
0.18383178 0.2596966 0.34781963
0.18460049 0.27571285 0.36653337
0.19478878 0.2928501 0.38916862
0.19947904 0.31278792 0.4118039
0.21751046 0.33776832 0.44228232
0.23319674 0.3534546 0.4579686
0.24888301 0.36914086 0.47365487
0.24888301 0.36914086 0.47365487
0.24496144 0.3652193 0.4697333
0.24888301 0.36914086 0.47365487
0.24888301 0.36914086 0.47365487
0.24103987 0.36129773 0.46581173
0.24496144 0.3652193 0.4697333
0.25045943 0.36241877 0.4697333
0.23869473 0.35065407 0.4579686
0.23477316 0.3467325 0.45404702
0.22693002 0.33888936 0.4462039
0.22693002 0.33888936 0.4462039
0.20889865 0.31390893 0.41572547
0.20655349 0.3046148 0.40093333
0.19402003 0.2768339 0.37045494
0.17049061 0.25465402 0.3399765
0.16972192 0.23863779 0.32126272
0.17679638 0.2318142 0.30344316
0.17445128 0.22252005 0.28865102
0.17994925 0.22106908 0.28170192
0.18702371 0.21289599 0.27083135
0.2058628 0.2191867 0.2578275
0.35807434 0.3268039 0.30206272
0.5824116 0.53299314 0.47516078
0.5918311 0.53546375 0.47213334
0.5996742 0.5433069 0.47997648
0.61143893 0.5564211 0.48479223
0.6271252 0.5721074 0.5004785
0.61928207 0.56426424 0.49263537
0.59575266 0.5407348 0.46910596
0.5996742 0.5446564 0.47302753
0.61928207 0.56426424 0.49263537
0.62320364 0.5681858 0.49655694
0.61143893 0.5564211 0.48479223
0.61928207 0.56426424 0.49263537
0.6271252 0.5721074 0.5004785
0.6388899 0.58522165 0.5052942
0.6522311 0.5902642 0.51313734
0.6522311 0.5902642 0.51313734
0.65615267 0.59553534 0.5101098
0.6639958 0.6033785 0.5179529
0.6522311 0.59161377 0.5061882
0.64438796 0.58242106 0.5052942
0.14707838 0.13105538 0.1090118
0.10624719 0.12921914 0.15676075
0.112513915 0.1424348 0.17547455
0.12035705 0.1489284 0.1902667
0.11093743 0.14510831 0.20024312
0.103094295 0.13726518 0.19239998
0.08344741 0.15101372 0.24193728
0.2669534 0.3553667 0.4627843
0.110129714 0.163798 0.24372546
0.08817677 0.13624555 0.20237651
0.09759632 0.13871615 0.19934899
0.16818455 0.20930438 0.26993722
0.103094295 0.13726518 0.19239998
0.16191782 0.19743825 0.24427448
0.096827626 0.125399 0.16673729
0.10074921 0.12932056 0.17065886
0.110168755 0.1304416 0.17458043
0.101517886 0.14263771 0.20327055
0.77287483 0.82924217 0.8925726
0.80974543 0.86051327 0.91004705
0.7721061 0.8145755 0.8669098
0.7658394 0.80135983 0.848196
0.7431177 0.7577912 0.7881333
0.38552532 0.3529053 0.3364628
0.6099015 0.52843726 0.42651772
0.6820662 0.59500253 0.47928625
0.6859878 0.5989241 0.48320782
0.696176 0.6174109 0.4988941
0.67422307 0.5871594 0.47144312
0.66245836 0.57674426 0.4527294
0.6718779 0.57786524 0.45665097
0.6757995 0.5831363 0.4536236
0.6836426 0.59097946 0.46146673
0.65619165 0.56352854 0.43401575
0.6405054 0.54784226 0.41832948
0.64442694 0.5517638 0.42225105
0.6483485 0.5556854 0.4261726
0.64442694 0.5517638 0.42225105
0.6365838 0.54392064 0.4144079
0.6773759 0.5777638 0.44275302
0.6773759 0.5777638 0.44275302
0.66168964 0.5620775 0.42706674
0.6773759 0.5764142 0.44970202
0.68521905 0.58425736 0.45754516
0.6930622 0.59345007 0.4584393
0.6773759 0.5777638 0.44275302
0.6577681 0.55815595 0.42314517
0.6420818 0.5424697 0.4074589
0.6263955 0.5267834 0.39177263
0.6303171 0.530705 0.3956942
0.6146308 0.5163682 0.3730589
0.6146308 0.5163682 0.3730589
0.6146308 0.5163682 0.3730589
0.62012887 0.5135677 0.3730589
0.62247396 0.52421135 0.38090202
0.6538465 0.5555839 0.41227457
0.6538465 0.5555839 0.41227457
0.6632661 0.55670494 0.41619614
0.6773759 0.5777638 0.44275302
0.6891406 0.590878 0.44756868
0.6812975 0.5830349 0.43972555
0.68521905 0.58695644 0.44364712
0.68679553 0.58023435 0.43972555
0.6750308 0.56846964 0.42796084
0.67110926 0.5645481 0.42403927
0.65934455 0.55278337 0.41227457
0.6318936 0.5253324 0.3848236
0.627972 0.5214108 0.38090202
0.6318936 0.5253324 0.3848236
0.62405044 0.51748925 0.37698045
0.6162073 0.5096461 0.36913732
0.6044426 0.4978814 0.3573726
0.62012887 0.5135677 0.3730589
0.6067877 0.5085251 0.36521575
0.61070925 0.51244664 0.36913732
0.6185524 0.51894027 0.3839295
0.6146308 0.5163682 0.3730589
0.61070925 0.51244664 0.36913732
0.60836416 0.501803 0.36129418
0.61228573 0.50437504 0.3721648
0.61228573 0.50572455 0.36521575
0.61070925 0.51244664 0.36913732
0.6185524 0.5202898 0.37698045
0.6146308 0.5150187 0.38000792
0.62247396 0.52286184 0.38785106
0.62247396 0.52286184 0.38785106
0.62247396 0.52286184 0.38785106
0.6146308 0.5150187 0.38000792
0.6146308 0.5150187 0.38000792
0.6185524 0.51894027 0.3839295
0.6130544 0.5217408 0.3839295
0.61697596 0.52431285 0.39480007
0.2694157 0.23760065 0.4091216
0.26549414 0.23367909 0.40520003
0.2811804 0.24936537 0.4208863
0.29294512 0.26113006 0.432651
0.28744712 0.26528013 0.42570192
0.25918835 0.26326665 0.4069882
0.24742366 0.25150195 0.3952235
0.23408255 0.2451098 0.39432937
0.25292164 0.24465276 0.41607058
0.2568432 0.24587524 0.43389016
0.2701843 0.25091785 0.4417333
0.28352556 0.25596038 0.44957644
0.279604 0.25338835 0.43870592
0.28667837 0.25196302 0.3930902
0.3376978 0.2749852 0.34712946
0.39340755 0.31659564 0.3307529
0.38948599 0.3140236 0.3198824
0.36907035 0.3158046 0.3298588
0.24896109 0.29702988 0.36316082
0.20028676 0.29139912 0.38221964
0.21282022 0.31918004 0.41269803
0.2371183 0.35872573 0.45494115
0.26691446 0.39547083 0.49718428
0.28886732 0.4257224 0.52463526
0.30847517 0.44533023 0.5442431
0.32023987 0.45709494 0.5560078
0.32023987 0.45709494 0.5560078
0.30847517 0.44533023 0.5442431
0.30063203 0.43613753 0.54334897
0.29671046 0.43221596 0.5394274
0.28494576 0.42045125 0.5276627
0.27318105 0.40868655 0.515898
0.2653379 0.40219298 0.50110584
0.2535732 0.3890787 0.49629015
0.23788694 0.37339243 0.48060387
0.23162034 0.3601767 0.46189016
0.21593407 0.34449044 0.4462039
0.20966733 0.32992518 0.43443918
0.19790262 0.31816047 0.42267448
0.19947904 0.31278792 0.4118039
0.19321238 0.2995722 0.3930902
0.18694565 0.2863565 0.3743765
0.1861769 0.2703403 0.3556628
0.19559652 0.27281088 0.35263526
0.19482781 0.25814414 0.32697257
0.20740023 0.24852006 0.3091529
0.24430987 0.24643475 0.25748238
0.5808351 0.5383657 0.48603144
0.6020194 0.552601 0.49476862
0.6035958 0.54722846 0.48389804
0.61143893 0.5550716 0.49174118
0.6035958 0.54857796 0.4769491
0.61143893 0.5564211 0.48479223
0.61928207 0.56426424 0.49263537
0.6153605 0.56034267 0.4887138
0.61928207 0.56426424 0.49263537
0.62320364 0.5681858 0.49655694
0.63496834 0.5799505 0.50832164
0.6388899 0.5838721 0.5122432
0.64673305 0.5917152 0.52008635
0.63496834 0.5813001 0.5013726
0.6545762 0.6009079 0.5209805
0.6757605 0.6137936 0.53666675
0.6679174 0.60730004 0.5218745
0.65615267 0.59553534 0.5101098
0.66007423 0.5994569 0.51403135
0.6522311 0.59161377 0.5061882
0.6483095 0.5876922 0.50226665
0.56514883 0.524029 0.46339607
0.095290266 0.097415134 0.10846277
0.111745164 0.12776816 0.14981174
0.1195883 0.1356113 0.15765488
0.09998044 0.1146539 0.14499605
0.07879619 0.099069044 0.14320788
0.09129055 0.15885685 0.24978042
0.2669534 0.3553667 0.4627843
0.110129714 0.163798 0.24372546
0.11562775 0.16234699 0.2367765
0.09601991 0.14408869 0.21021965
0.16034141 0.20146124 0.26209408
0.099172726 0.13469316 0.18152939
0.14388646 0.17110828 0.22074507
0.096827626 0.125399 0.16673729
0.10074921 0.12932056 0.17065886
0.13369817 0.153971 0.19810984
0.09759632 0.1373666 0.20629808
0.7650317 0.82139903 0.88472944
0.8019023 0.85267013 0.9022039
0.7658394 0.80135983 0.848196
0.7556512 0.78422254 0.8255608
0.7384275 0.73920286 0.7585491
0.28437233 0.23225477 0.19101964
0.65303874 0.5729241 0.46270594
0.68990934 0.60284567 0.4871294
0.6922544 0.61348933 0.49497253
0.68833286 0.60956776 0.49105096
0.6820662 0.59500253 0.47928625
0.6663799 0.57931626 0.46359998
0.65619165 0.56217897 0.4409647
0.65619165 0.56217897 0.4409647
0.66245836 0.57674426 0.4527294
0.6757995 0.5831363 0.4536236
0.67972106 0.58705795 0.45754516
0.6757995 0.5831363 0.4536236
0.6718779 0.5792148 0.44970202
0.6640348 0.5713717 0.4418589
0.67345434 0.5738422 0.43883145
0.6773759 0.5777638 0.44275302
0.64992493 0.5503128 0.41530204
0.6381602 0.5385481 0.40353733
0.6381602 0.5385481 0.40353733
0.63423866 0.533277 0.40656477
0.6146308 0.5150187 0.38000792
0.6420818 0.5424697 0.4074589
0.64600337 0.54639125 0.41138047
0.6656112 0.5659991 0.4309883
0.6695328 0.56992066 0.43490988
0.6812975 0.58168536 0.4466746
0.6812975 0.58168536 0.4466746
0.68521905 0.58560693 0.45059615
0.67345434 0.5738422 0.43883145
0.66168964 0.56342703 0.4201177
0.6695328 0.56992066 0.43490988
0.6577681 0.55815595 0.42314517
0.64992493 0.5503128 0.41530204
0.6303171 0.530705 0.3956942
0.6397367 0.531826 0.39961576
0.6303171 0.5320545 0.38874516
0.62247396 0.52421135 0.38090202
0.6185524 0.5202898 0.37698045
0.6185524 0.5202898 0.37698045
0.6263955 0.5281329 0.3848236
0.6185524 0.5202898 0.37698045
0.627972 0.5214108 0.38090202
0.63581514 0.52925396 0.38874516
0.63581514 0.52925396 0.38874516
0.6538465 0.5555839 0.41227457
0.6420818 0.5438192 0.40050986
0.6381602 0.5398976 0.3965883
0.6577681 0.55950546 0.41619614
0.66168964 0.56342703 0.4201177
0.6538465 0.5555839 0.41227457
0.6577681 0.55950546 0.41619614
0.6522701 0.5609565 0.42314517
0.6538465 0.5555839 0.41227457
0.6538465 0.5542344 0.4192236
0.6420818 0.5424697 0.4074589
0.62874067 0.53742707 0.39961576
0.62874067 0.53742707 0.39961576
0.6185524 0.51894027 0.3839295
0.6263955 0.5267834 0.39177263
0.61070925 0.51109713 0.37608635
0.6012897 0.50997615 0.3721648
0.6248191 0.532156 0.4026432
0.62874067 0.5360775 0.40656477
0.61697596 0.52431285 0.39480007
0.62089753 0.52823436 0.39872164
0.6248191 0.532156 0.4026432
0.6130544 0.5203912 0.3908785
0.6075564 0.5231918 0.3908785
0.26549414 0.23367909 0.40520003
0.26549414 0.23502865 0.39825094
0.2811804 0.2507149 0.4139372
0.28510198 0.25463647 0.41785878
0.27568242 0.25351542 0.4139372
0.26468635 0.26046613 0.4069882
0.25918835 0.26326665 0.4069882
0.24742366 0.2501524 0.4021725
0.26468635 0.25641748 0.4278353
0.26076478 0.25114635 0.43086278
0.26626274 0.24699628 0.43781173
0.27568242 0.24811725 0.4417333
0.279604 0.2547379 0.43175685
0.2827568 0.24939099 0.38221964
0.3376978 0.2749852 0.34712946
0.38556442 0.3087525 0.32290977
0.38556442 0.31010205 0.31596082
0.36357233 0.31725565 0.33680782
0.26307088 0.31808874 0.3897177
0.22458492 0.3322943 0.41751376
0.24496144 0.36656886 0.4627843
0.28494576 0.42315036 0.5137647
0.3108203 0.4559739 0.55208623
0.34219286 0.48734644 0.5834588
0.35395756 0.49911115 0.5952235
0.3618007 0.5069543 0.6030666
0.3618007 0.5069543 0.6030666
0.35395756 0.49911115 0.5952235
0.34611443 0.491268 0.58738035
0.33277333 0.4862254 0.5795372
0.3249302 0.47838226 0.5716941
0.3249302 0.4770327 0.5786431
0.3131655 0.465268 0.5668784
0.30532235 0.45877442 0.55208623
0.2974792 0.45093128 0.5442431
0.29121247 0.43636605 0.5324784
0.28336933 0.4285229 0.52463526
0.27160463 0.4167582 0.51287055
0.27318105 0.40868655 0.515898
0.2653379 0.40219298 0.50110584
0.25749478 0.39434984 0.4932627
0.24965164 0.3865067 0.48541957
0.25280458 0.374412 0.47062743
0.24653786 0.36119628 0.4519137
0.24576917 0.34518003 0.43320003
0.26699245 0.32335985 0.38669023
0.48983127 0.46820888 0.4323686
0.5941763 0.54475784 0.48692548
0.59575266 0.5393853 0.4760549
0.60751736 0.55115 0.4878196
0.61928207 0.56426424 0.49263537
0.60751736 0.55249953 0.48087066
0.61143893 0.55777067 0.4778432
0.62085855 0.55889165 0.48176476
0.60909384 0.54712695 0.47000006
0.60751736 0.5538491 0.47392163
0.6271252 0.5721074 0.5004785
0.6310468 0.57602894 0.5044001
0.6388899 0.5838721 0.5122432
0.6506546 0.59698635 0.51705885
0.6624193 0.60875106 0.5288236
0.65849775 0.60617906 0.5179529
0.6639958 0.6033785 0.5179529
0.67183894 0.6112216 0.52579606
0.6679174 0.60730004 0.5218745
0.6639958 0.6033785 0.5179529
0.6522311 0.59161377 0.5061882
0.6679174 0.60730004 0.5218745
0.6545762 0.6009079 0.5209805
0.26707053 0.25664705 0.24839999
0.0913687 0.093493566 0.104541205
0.06783929 0.069964156 0.081011795
0.08587058 0.09494462 0.11149023
0.099172726 0.1333436 0.18847841
0.12658466 0.19415097 0.28507453
0.23165931 0.3200726 0.42749017
0.11405128 0.16771957 0.24764703
0.106208146 0.16122597 0.23285493
0.11954932 0.1676181 0.23374906
0.12270214 0.15687302 0.21200782
0.096827626 0.12404945 0.17368624
0.10074921 0.12932056 0.17065886
0.112513915 0.14108527 0.18242356
0.11643548 0.14500684 0.18634513
0.14938444 0.16965728 0.21379611
0.08817677 0.13624555 0.20237651
0.7611101 0.81747746 0.8808079
0.7956355 0.8381049 0.8904392
0.75957274 0.7881441 0.8294824
0.75330603 0.77492845 0.81076866
0.7203961 0.71422243 0.7280706
0.2420428 0.17177738 0.09745102
0.6451956 0.56508094 0.4548628
0.6726466 0.5925319 0.48231378
0.7079407 0.62782604 0.5176079
0.71578383 0.6356692 0.52545106
0.696176 0.6174109 0.4988941
0.6820662 0.59500253 0.47928625
0.68990934 0.60284567 0.4871294
0.6820662 0.5963521 0.47233725
0.6859878 0.60027367 0.4762588
0.6703015 0.5859369 0.4536236
0.6757995 0.5831363 0.4536236
0.66795635 0.5752932 0.44578046
0.65619165 0.5648781 0.42706674
0.62874067 0.53742707 0.39961576
0.6303171 0.530705 0.3956942
0.6538465 0.5542344 0.4192236
0.6538465 0.5542344 0.4192236
0.6538465 0.5542344 0.4192236
0.6656112 0.5659991 0.4309883
0.6812975 0.5803358 0.4536236
0.6656112 0.5659991 0.4309883
0.64600337 0.54639125 0.41138047
0.6381602 0.5385481 0.40353733
0.63423866 0.53462654 0.39961576
0.6185524 0.51894027 0.3839295
0.62247396 0.52151227 0.39480007
0.63423866 0.533277 0.40656477
0.64992493 0.5503128 0.41530204
0.6538465 0.5542344 0.4192236
0.66168964 0.5620775 0.42706674
0.6538465 0.5542344 0.4192236
0.67345434 0.5738422 0.43883145
0.6695328 0.56992066 0.43490988
0.66168964 0.5620775 0.42706674
0.6577681 0.55815595 0.42314517
0.67345434 0.5738422 0.43883145
0.6656112 0.5659991 0.4309883
0.66168964 0.5620775 0.42706674
0.6577681 0.55815595 0.42314517
0.6538465 0.5542344 0.4192236
0.64600337 0.54774076 0.40443143
0.6436583 0.5370971 0.3965883
0.6263955 0.5281329 0.3848236
0.6303171 0.530705 0.3956942
0.63423866 0.53462654 0.39961576
0.64600337 0.54639125 0.41138047
0.64600337 0.54639125 0.41138047
0.6420818 0.5424697 0.4074589
0.64992493 0.5503128 0.41530204
0.6365838 0.5452702 0.4074589
0.64442694 0.55311334 0.41530204
0.6483485 0.55703497 0.4192236
0.6522701 0.5609565 0.42314517
0.6601132 0.5687996 0.4309883
0.6640348 0.57272124 0.43490988
0.66795635 0.57664275 0.43883145
0.6757995 0.5831363 0.4536236
0.6601132 0.56745005 0.43793732
0.6483485 0.5556854 0.4261726
0.6483485 0.5556854 0.4261726
0.6522701 0.5596069 0.43009418
0.6640348 0.5713717 0.4418589
0.6365838 0.54392064 0.4144079
0.63266224 0.5399991 0.41048634
0.63266224 0.5399991 0.41048634
0.6365838 0.54392064 0.4144079
0.62716424 0.54279965 0.41048634
0.6232427 0.5388781 0.40656477
0.25372943 0.22461349 0.37953722
0.24980785 0.2206919 0.37561566
0.26549414 0.2363782 0.39130193
0.26783928 0.24567232 0.40609407
0.27176085 0.25094342 0.40306664
0.26234117 0.24982245 0.39914507
0.2552668 0.25799555 0.41001564
0.25134522 0.25407398 0.40609407
0.26468635 0.25641748 0.4278353
0.2568432 0.24722478 0.42694122
0.2701843 0.2522674 0.43478435
0.2701843 0.2522674 0.43478435
0.27568242 0.25216588 0.4208863
0.28825486 0.24794 0.37527063
0.3376978 0.2776843 0.33323136
0.38556442 0.3087525 0.32290977
0.38164285 0.30618048 0.31203926
0.35965076 0.31333408 0.33288625
0.26933762 0.33130443 0.40843135
0.2426163 0.3572747 0.44799215
0.28494576 0.42315036 0.5137647
0.32258502 0.4677386 0.56385094
0.35787913 0.50303274 0.59914505
0.3892517 0.5344053 0.63051766
0.4010164 0.54617 0.64228237
0.40885955 0.55401313 0.6501255
0.40885955 0.55401313 0.6501255
0.40728316 0.5607352 0.6540471
0.40728316 0.5607352 0.6540471
0.4033616 0.55681366 0.6501255
0.39551845 0.5489705 0.64228237
0.39002046 0.55177104 0.64228237
0.38217732 0.5439279 0.63443923
0.37433416 0.5360848 0.62659603
0.371989 0.5254411 0.6187529
0.371989 0.5254411 0.6187529
0.371989 0.5254411 0.6187529
0.35864788 0.5203985 0.61090976
0.3429616 0.5047122 0.5952235
0.3311969 0.49294752 0.5834588
0.32885176 0.48230383 0.57561564
0.32100862 0.4744607 0.5677725
0.31708705 0.47053912 0.56385094
0.31474188 0.461245 0.5490588
0.31554967 0.4385066 0.5264235
0.39644325 0.42211428 0.43305886
0.5910233 0.5568525 0.5017177
0.59809786 0.5486794 0.49084705
0.59575266 0.5393853 0.4760549
0.5996742 0.5446564 0.47302753
0.60751736 0.55249953 0.48087066
0.6035958 0.54857796 0.4769491
0.6247801 0.5628132 0.48568633
0.616937 0.5549701 0.4778432
0.6130154 0.5510485 0.47392163
0.61928207 0.5656138 0.48568633
0.6310468 0.5773785 0.49745104
0.6310468 0.5773785 0.49745104
0.6388899 0.58522165 0.5052942
0.64673305 0.5930648 0.51313734
0.6428115 0.5891432 0.5092157
0.6404664 0.57984906 0.49442354
0.6404664 0.57984906 0.49442354
0.6365448 0.5759275 0.49050197
0.6404664 0.57984906 0.49442354
0.6639958 0.6033785 0.5179529
0.6529998 0.60493094 0.5388
0.66084296 0.6127741 0.54664314
0.65142334 0.60895395 0.55661964
0.27333727 0.26986274 0.26711372
0.062341172 0.07141521 0.08796082
0.045078486 0.06110149 0.08314507
0.077219784 0.104441606 0.1540784
0.13131402 0.17803326 0.25246277
0.12658466 0.19415097 0.28507453
0.2842161 0.36568043 0.4676
0.11405128 0.16906911 0.24069807
0.110129714 0.16514754 0.2367765
0.12347089 0.17153966 0.23767063
0.10074921 0.12797102 0.17760782
0.096827626 0.12404945 0.17368624
0.12035705 0.1489284 0.1902667
0.112513915 0.14108527 0.18242356
0.12035705 0.1489284 0.1902667
0.13761973 0.15924212 0.1950824
0.0842552 0.13232398 0.19845495
0.7415023 0.7978696 0.86120003
0.78544724 0.8196181 0.87475294
0.7517296 0.780301 0.82163924
0.7454629 0.7670853 0.8029255
0.6906 0.67747736 0.68582743
0.35499954 0.27218574 0.17856476
0.6922544 0.61213976 0.50192165
0.7040191 0.62390447 0.5136863
0.7079407 0.62782604 0.5176079
0.70009756 0.62133247 0.50281566
0.6663799 0.57931626 0.46359998
0.6546152 0.56755155 0.45183527
0.6232427 0.5375286 0.41351372
0.61539954 0.52968544 0.40567058
0.61539954 0.52968544 0.40567058
0.6467721 0.561058 0.43704313
0.6601132 0.56745005 0.43793732
0.67972106 0.58705795 0.45754516
0.6875642 0.5949011 0.4653883
0.6757995 0.5831363 0.4536236
0.6695328 0.56992066 0.43490988
0.6577681 0.55815595 0.42314517
0.6381602 0.5385481 0.40353733
0.6381602 0.5385481 0.40353733
0.6656112 0.5659991 0.4309883
0.66795635 0.57664275 0.43883145
0.6695328 0.56992066 0.43490988
0.6812975 0.58168536 0.4466746
0.68521905 0.58560693 0.45059615
0.6773759 0.5777638 0.44275302
0.6812975 0.58168536 0.4466746
0.6757995 0.5831363 0.4536236
0.6601132 0.56745005 0.43793732
0.6601132 0.56745005 0.43793732
0.6640348 0.5713717 0.4418589
0.65619165 0.56352854 0.43401575
0.6522701 0.5596069 0.43009418
0.65619165 0.56352854 0.43401575
0.6640348 0.5713717 0.4418589
0.6522701 0.5596069 0.43009418
0.66795635 0.5752932 0.44578046
0.6718779 0.5792148 0.44970202
0.6757995 0.5844859 0.4466746
0.6718779 0.5805644 0.44275302
0.6836426 0.592329 0.45451772
0.6836426 0.592329 0.45451772
0.67345434 0.5738422 0.43883145
0.6656112 0.5673486 0.42403927
0.6695328 0.56992066 0.43490988
0.67345434 0.5738422 0.43883145
0.6640348 0.57272124 0.43490988
0.65619165 0.5648781 0.42706674
0.6640348 0.5713717 0.4418589
0.66795635 0.57664275 0.43883145
0.6601132 0.5687996 0.4309883
0.6718779 0.5805644 0.44275302
0.6695328 0.56992066 0.43490988
0.6640348 0.57272124 0.43490988
0.64442694 0.55311334 0.41530204
0.66795635 0.57664275 0.43883145
0.6640348 0.57272124 0.43490988
0.6640348 0.5713717 0.4418589
0.6718779 0.5792148 0.44970202
0.66795635 0.5752932 0.44578046
0.6522701 0.5596069 0.43009418
0.6483485 0.5556854 0.4261726
0.6405054 0.54784226 0.41832948
0.62874067 0.5360775 0.40656477
0.6263955 0.5267834 0.39177263
0.6146308 0.51366913 0.38695693
0.6130544 0.5203912 0.3908785
0.5973681 0.50470495 0.37519222
0.6012897 0.5086266 0.3791138
0.611478 0.5271134 0.39480007
0.21136078 0.20154116 0.33426663
0.21136078 0.20154116 0.33426663
0.22704706 0.21722743 0.3499529
0.22939222 0.22787109 0.35779604
0.23723537 0.23436469 0.37258822
0.24115694 0.2369367 0.3834588
0.23565896 0.23838769 0.3904078
0.23565896 0.23838769 0.3904078
0.23565896 0.23838769 0.3904078
0.2278158 0.22919497 0.38951373
0.23331378 0.2250449 0.3964627
0.2450785 0.23680963 0.40822744
0.25057647 0.23670821 0.39432937
0.26707053 0.23640385 0.35263526
0.33377624 0.27376273 0.3293098
0.38164285 0.30483094 0.3189882
0.38948599 0.3140236 0.3198824
0.36357233 0.31725565 0.33680782
0.2716827 0.34194812 0.4162745
0.26222414 0.37688255 0.4676
0.2927889 0.42964396 0.5285568
0.3382713 0.48342487 0.5795372
0.38140854 0.52656215 0.62267447
0.40493798 0.55009156 0.64620394
0.42454582 0.5696994 0.6658118
0.4402321 0.5853857 0.68149805
0.44807523 0.5932288 0.6893412
0.4519968 0.5971504 0.69326276
0.44649884 0.5999509 0.69326276
0.44257727 0.59602934 0.6893412
0.4331577 0.5949083 0.6854196
0.44257727 0.59602934 0.6893412
0.42923614 0.5909867 0.68149805
0.42531458 0.58706516 0.6775765
0.42923614 0.5909867 0.68149805
0.43081257 0.58426464 0.6775765
0.426891 0.58034307 0.6736549
0.41747144 0.579222 0.66973335
0.4096283 0.5713789 0.6618902
0.40178517 0.56353575 0.6540471
0.38217732 0.54257834 0.64138824
0.3704126 0.53081363 0.6296235
0.36649102 0.52824163 0.6187529
0.37591058 0.5307122 0.61572546
0.39398104 0.5196371 0.59095687
0.56826264 0.5466402 0.5108
0.6082861 0.5658167 0.5134824
0.605941 0.55652255 0.4986902
0.5996742 0.5446564 0.47302753
0.60751736 0.55249953 0.48087066
0.62320364 0.5681858 0.49655694
0.62320364 0.5681858 0.49655694
0.61928207 0.5656138 0.48568633
0.6247801 0.5628132 0.48568633
0.6130154 0.5510485 0.47392163
0.6130154 0.5510485 0.47392163
0.6153605 0.56169224 0.48176476
0.6153605 0.56169224 0.48176476
0.62320364 0.5695354 0.4896079
0.63496834 0.5813001 0.5013726
0.6388899 0.58522165 0.5052942
0.6404664 0.5784995 0.5013726
0.64438796 0.58377063 0.4983451
0.6404664 0.57984906 0.49442354
0.6404664 0.57984906 0.49442354
0.6483095 0.58634263 0.5092157
0.49532923 0.46540835 0.4323686
0.15019223 0.15096755 0.17031376
0.1603804 0.16945443 0.18600003
0.14311771 0.1591407 0.18118429
0.12193346 0.14355585 0.17939612
0.10859235 0.1371637 0.178502
0.08740802 0.12292844 0.16976467
0.11954932 0.1676181 0.23374906
0.11874153 0.18630783 0.2772314
0.2348122 0.30932742 0.40574905
0.09994148 0.14801025 0.21414122
0.09994148 0.14801025 0.21414122
0.12896886 0.1700887 0.23072153
0.10467078 0.13189259 0.18152939
0.09290606 0.12147742 0.16281572
0.1517296 0.18030095 0.22163925
0.10624719 0.12652004 0.17065886
0.12585503 0.14747742 0.18331769
0.11409032 0.13571271 0.17155299
0.07875717 0.133775 0.20540395
0.7140513 0.77041864 0.83374906
0.77368253 0.80920297 0.85603917
0.7517296 0.780301 0.82163924
0.73761976 0.7592422 0.7950824
0.6474627 0.6356897 0.6357412
0.4208975 0.32688484 0.20567058
0.6232427 0.536179 0.42046273
0.6428505 0.55578685 0.44007057
0.6703015 0.5832378 0.46752155
0.6703015 0.5832378 0.46752155
0.6820662 0.59500253 0.47928625
0.6977525 0.6106888 0.49497253
0.70167404 0.61595994 0.4919451
0.6977525 0.6120384 0.48802352
0.67814463 0.59243053 0.46841568
0.6640348 0.5713717 0.4418589
0.6522701 0.5596069 0.43009418
0.64442694 0.5517638 0.42225105
0.6522701 0.5609565 0.42314517
0.6640348 0.57272124 0.43490988
0.6812975 0.58168536 0.4466746
0.67345434 0.5738422 0.43883145
0.6695328 0.56992066 0.43490988
0.6695328 0.56992066 0.43490988
0.6773759 0.5777638 0.44275302
0.66795635 0.5752932 0.44578046
0.6757995 0.5844859 0.4466746
0.6836426 0.592329 0.45451772
0.6757995 0.5844859 0.4466746
0.6812975 0.58168536 0.4466746
0.6875642 0.5949011 0.4653883
0.6836426 0.59097946 0.46146673
0.6993289 0.60666573 0.477153
0.6993289 0.6053163 0.48410195
0.69148576 0.59747314 0.4762588
0.6718779 0.5792148 0.44970202
0.6718779 0.5792148 0.44970202
0.6757995 0.5831363 0.4536236
0.67972106 0.58705795 0.45754516
0.6718779 0.5792148 0.44970202
0.6718779 0.5792148 0.44970202
0.6718779 0.5792148 0.44970202
0.6757995 0.5844859 0.4466746
0.6757995 0.5844859 0.4466746
0.69148576 0.60017216 0.46236086
0.67972106 0.5884075 0.45059615
0.68521905 0.58560693 0.45059615
0.67345434 0.5738422 0.43883145
0.6656112 0.5659991 0.4309883
0.67345434 0.5738422 0.43883145
0.67972106 0.5884075 0.45059615
0.6875642 0.59625065 0.4584393
0.6836426 0.592329 0.45451772
0.6812975 0.58168536 0.4466746
0.6640348 0.57272124 0.43490988
0.6538465 0.5542344 0.4192236
0.64992493 0.5503128 0.41530204
0.64600337 0.54639125 0.41138047
0.6303171 0.530705 0.3956942
0.62247396 0.52286184 0.38785106
0.6248191 0.53350556 0.3956942
0.6130544 0.5203912 0.3908785
0.6248191 0.532156 0.4026432
0.6365838 0.54392064 0.4144079
0.63266224 0.5399991 0.41048634
0.6248191 0.53350556 0.3956942
0.62247396 0.52286184 0.38785106
0.61070925 0.51109713 0.37608635
0.6185524 0.51894027 0.3839295
0.6067877 0.50717556 0.3721648
0.59894454 0.49933246 0.36432165
0.595023 0.4954109 0.36040008
0.5856034 0.49428985 0.3564785
0.589525 0.4982114 0.36040008
0.16583939 0.19326253 0.28989017
0.16583939 0.19326253 0.28989017
0.18152566 0.2089488 0.30557644
0.18152566 0.2089488 0.30557644
0.18544723 0.2115208 0.31644708
0.19329037 0.2180144 0.33123925
0.19171396 0.2247365 0.33516082
0.18229441 0.22361547 0.33123925
0.19013755 0.23010907 0.34603134
0.18387082 0.21419427 0.34121567
0.18779239 0.21811584 0.34513724
0.19721194 0.21923688 0.3490588
0.21055312 0.22697854 0.34300396
0.2403883 0.22901769 0.323051
0.3141684 0.25550446 0.3027529
0.37772128 0.30090937 0.31506664
0.38948599 0.3140236 0.3198824
0.3619959 0.32262817 0.34767848
0.2834474 0.35371283 0.4280392
0.27006727 0.3847257 0.47544312
0.3045536 0.4427582 0.5333725
0.34611443 0.491268 0.58738035
0.3853301 0.5304837 0.62659603
0.41278112 0.5579347 0.6540471
0.43631053 0.5814641 0.6775765
0.44415367 0.58930725 0.6854196
0.45983994 0.6049935 0.7011059
0.45983994 0.6049935 0.7011059
0.45826355 0.6117156 0.70502746
0.45434198 0.60779405 0.7011059
0.45434198 0.60779405 0.7011059
0.45826355 0.6117156 0.70502746
0.45276555 0.61451614 0.70502746
0.45276555 0.61451614 0.70502746
0.44492242 0.606673 0.6971843
0.44100085 0.60275143 0.69326276
0.44492242 0.606673 0.6971843
0.44100085 0.60275143 0.69326276
0.4331577 0.5949083 0.6854196
0.421393 0.5817941 0.6806039
0.40178517 0.5621862 0.6609961
0.38217732 0.54257834 0.64138824
0.38217732 0.5439279 0.63443923
0.41278112 0.55928427 0.64709806
0.51251394 0.5464835 0.55462754
0.5949449 0.5607741 0.50563926
0.60044295 0.55932313 0.4986902
0.6020194 0.55395055 0.4878196
0.59575266 0.5393853 0.4760549
0.61143893 0.5564211 0.48479223
0.61143893 0.5564211 0.48479223
0.6271252 0.5721074 0.5004785
0.6153605 0.56169224 0.48176476
0.6287017 0.5667348 0.4896079
0.6404664 0.5784995 0.5013726
0.64438796 0.58242106 0.5052942
0.6428115 0.58779365 0.5161648
0.6428115 0.58779365 0.5161648
0.6506546 0.5956368 0.5240079
0.64673305 0.5930648 0.51313734
0.6624193 0.60875106 0.5288236
0.6663409 0.6126726 0.5327451
0.6624193 0.60875106 0.5288236
0.65615267 0.59418577 0.51705885
0.65615267 0.59418577 0.51705885
0.6522311 0.5902642 0.51313734
0.5588822 0.5108133 0.44468236
0.15334505 0.14157203 0.14162351
0.12666282 0.1287877 0.13983533
0.13292941 0.14065391 0.16549802
0.12743144 0.14345443 0.16549802
0.1195883 0.13426174 0.16460389
0.08271776 0.104340166 0.14018042
0.09759632 0.13871615 0.19934899
0.11639644 0.1770137 0.2624392
0.26618475 0.34069997 0.4371216
0.09759632 0.1373666 0.20629808
0.09525116 0.12942204 0.18455684
0.09525116 0.12942204 0.18455684
0.12270214 0.15822257 0.2050588
0.10074921 0.12932056 0.17065886
0.15565117 0.18422252 0.22556081
0.1023256 0.12394801 0.15978827
0.1023256 0.12394801 0.15978827
0.098404035 0.12002644 0.1558667
0.10071017 0.16267696 0.2398039
0.7022866 0.75730443 0.82893336
0.7619178 0.79743826 0.8442745
0.7517296 0.780301 0.82163924
0.73527455 0.7499481 0.7802902
0.5102468 0.46237925 0.44323918
0.5503093 0.4562966 0.33508235
0.6820662 0.5963521 0.47233725
0.70167404 0.6146104 0.4988941
0.70009756 0.62133247 0.50281566
0.6859878 0.5989241 0.48320782
0.6585368 0.5714731 0.45575684
0.6546152 0.56755155 0.45183527
0.6546152 0.5689011 0.44488627
0.6585368 0.5728227 0.44880784
0.67422307 0.58850896 0.4644941
0.66245836 0.57809377 0.44578046
0.66795635 0.5752932 0.44578046
0.6718779 0.5792148 0.44970202
0.66795635 0.5752932 0.44578046
0.65619165 0.5648781 0.42706674
0.67345434 0.5738422 0.43883145
0.6695328 0.56992066 0.43490988
0.67345434 0.5738422 0.43883145
0.6656112 0.5673486 0.42403927
0.66168964 0.56342703 0.4201177
0.6695328 0.56992066 0.43490988
0.6718779 0.5805644 0.44275302
0.6757995 0.5844859 0.4466746
0.6577681 0.55815595 0.42314517
0.66168964 0.5620775 0.42706674
0.65619165 0.56352854 0.43401575
0.64442694 0.5517638 0.42225105
0.6718779 0.5792148 0.44970202
0.69148576 0.5988226 0.46930987
0.69540733 0.6027442 0.47323143
0.69148576 0.5988226 0.46930987
0.69148576 0.5988226 0.46930987
0.69148576 0.60017216 0.46236086
0.67972106 0.5884075 0.45059615
0.6773759 0.5777638 0.44275302
0.6695328 0.56992066 0.43490988
0.6601132 0.5687996 0.4309883
0.64992493 0.5503128 0.41530204
0.6420818 0.5424697 0.4074589
0.64992493 0.5503128 0.41530204
0.6538465 0.5542344 0.4192236
0.64992493 0.5516623 0.408353
0.63423866 0.53597605 0.39266673
0.6420818 0.5438192 0.40050986
0.64600337 0.54774076 0.40443143
0.64600337 0.54639125 0.41138047
0.6522701 0.5609565 0.42314517
0.6577681 0.55815595 0.42314517
0.64992493 0.5516623 0.408353
0.6420818 0.5424697 0.4074589
0.64992493 0.5503128 0.41530204
0.66168964 0.5620775 0.42706674
0.6695328 0.56992066 0.43490988
0.66168964 0.5620775 0.42706674
0.6420818 0.5424697 0.4074589
0.62874067 0.5360775 0.40656477
0.62874067 0.5360775 0.40656477
0.61697596 0.52431285 0.39480007
0.60521126 0.5125481 0.38303536
0.6012897 0.5086266 0.3791138
0.5856034 0.49428985 0.3564785
0.595023 0.4954109 0.36040008
0.5754151 0.475803 0.34079218
0.5832582 0.48364612 0.34863532
0.5714935 0.47188142 0.3368706
0.5832582 0.48364612 0.34863532
0.58717984 0.48756775 0.35255694
0.589525 0.4982114 0.36040008
0.589525 0.4982114 0.36040008
0.14307873 0.18979797 0.26422748
0.14307873 0.18979797 0.26422748
0.15484343 0.20156267 0.27599218
0.158765 0.20548424 0.27991375
0.158765 0.20548424 0.27991375
0.15718853 0.21085683 0.2907843
0.1611101 0.21342885 0.30165488
0.15169056 0.21230781 0.2977333
0.15169056 0.21230781 0.2977333
0.14776899 0.20703667 0.3007608
0.13992585 0.19919354 0.29291767
0.15326697 0.20423615 0.3007608
0.17052971 0.2132003 0.3125255
0.2058628 0.21378851 0.2856235
0.29690567 0.24788983 0.28403926
0.36987814 0.29441577 0.30027455
0.38556442 0.31010205 0.31596082
0.36591747 0.32654974 0.35160005
0.27952585 0.34979126 0.42411762
0.2606477 0.38360465 0.47152156
0.3045536 0.4427582 0.5333725
0.350036 0.49518958 0.5913019
0.37983215 0.53328425 0.62659603
0.41278112 0.5579347 0.6540471
0.43081257 0.58426464 0.6775765
0.44257727 0.59602934 0.6893412
0.45434198 0.60779405 0.7011059
0.45826355 0.6117156 0.70502746
0.45826355 0.6117156 0.70502746
0.4621851 0.6156372 0.708949
0.45668712 0.6184377 0.708949
0.45276555 0.61451614 0.70502746
0.45668712 0.6184377 0.708949
0.45668712 0.6170882 0.71589804
0.44726753 0.61596715 0.71197647
0.44726753 0.61731666 0.70502746
0.448844 0.60924506 0.7080549
0.448844 0.60924506 0.7080549
0.4331577 0.5935588 0.6923686
0.415895 0.5845946 0.6806039
0.4002087 0.56890833 0.66491765
0.38217732 0.54257834 0.64138824
0.37591058 0.5293627 0.62267447
0.4159341 0.5498886 0.6184079
0.5721842 0.55191135 0.5077726
0.58867824 0.54620886 0.49387458
0.6020194 0.552601 0.49476862
0.61143893 0.5550716 0.49174118
0.6035958 0.54857796 0.4769491
0.6153605 0.56034267 0.4887138
0.61928207 0.56426424 0.49263537
0.616937 0.5549701 0.4778432
0.616937 0.5549701 0.4778432
0.60909384 0.54712695 0.47000006
0.62085855 0.55889165 0.48176476
0.6287017 0.5667348 0.4896079
0.6287017 0.5653852 0.49655694
0.62320364 0.5681858 0.49655694
0.6271252 0.57345694 0.49352947
0.6428115 0.5891432 0.5092157
0.6506546 0.59698635 0.51705885
0.6506546 0.59698635 0.51705885
0.6522311 0.5902642 0.51313734
0.6404664 0.5784995 0.5013726
0.6404664 0.5784995 0.5013726
0.6404664 0.5784995 0.5013726
0.6388899 0.5825226 0.51919216
0.51651347 0.4796436 0.4411059
0.19963518 0.17666323 0.14912155
0.21293733 0.2150622 0.22610983
0.06783929 0.06861461 0.08796082
0.0913687 0.093493566 0.104541205
0.07879619 0.1004186 0.13625886
0.1250473 0.16751668 0.21985096
0.12347089 0.17019013 0.24461964
0.18856108 0.24357891 0.31520787
0.09367475 0.13479458 0.19542742
0.099172726 0.13469316 0.18152939
0.096827626 0.12404945 0.17368624
0.12427862 0.15150043 0.20113723
0.10074921 0.12932056 0.17065886
0.1415413 0.16316369 0.19900396
0.10390201 0.11722591 0.1558667
0.09998044 0.11330434 0.15194513
0.110168755 0.13179114 0.16763142
0.1461925 0.21510838 0.2977333
0.67952585 0.74979126 0.82411766
0.74307877 0.7938466 0.8433804
0.74231 0.7778304 0.8246666
0.731353 0.7460265 0.7763686
0.30321148 0.23719595 0.18496469
0.56207395 0.4680613 0.34684706
0.6663799 0.57931626 0.46359998
0.6922544 0.61348933 0.49497253
0.70009756 0.62133247 0.50281566
0.70009756 0.62133247 0.50281566
0.6844113 0.6056462 0.4871294
0.6844113 0.6056462 0.4871294
0.6726466 0.5938815 0.47536469
0.6859878 0.60027367 0.4762588
0.67422307 0.58850896 0.4644941
0.6820662 0.5963521 0.47233725
0.67814463 0.59378004 0.46146673
0.67972106 0.58705795 0.45754516
0.6757995 0.5831363 0.4536236
0.6718779 0.5805644 0.44275302
0.66795635 0.57664275 0.43883145
0.6695328 0.57127017 0.42796084
0.68521905 0.58695644 0.44364712
0.66168964 0.56342703 0.4201177
0.6577681 0.55950546 0.41619614
0.68521905 0.58695644 0.44364712
0.6875642 0.59625065 0.4584393
0.6812975 0.58168536 0.4466746
0.6695328 0.56992066 0.43490988
0.68521905 0.58560693 0.45059615
0.6757995 0.5844859 0.4466746
0.6718779 0.5792148 0.44970202
0.6718779 0.5792148 0.44970202
0.65619165 0.5648781 0.42706674
0.66168964 0.5620775 0.42706674
0.6577681 0.55815595 0.42314517
0.6538465 0.5542344 0.4192236
0.6577681 0.55815595 0.42314517
0.67345434 0.5738422 0.43883145
0.6695328 0.56992066 0.43490988
0.6695328 0.56992066 0.43490988
0.66168964 0.5620775 0.42706674
0.6656112 0.5659991 0.4309883
0.64992493 0.5516623 0.408353
0.64600337 0.54774076 0.40443143
0.6538465 0.5555839 0.41227457
0.64600337 0.54774076 0.40443143
0.6420818 0.5438192 0.40050986
0.6381602 0.5398976 0.3965883
0.6420818 0.5424697 0.4074589
0.64992493 0.5503128 0.41530204
0.6381602 0.5385481 0.40353733
0.64992493 0.5503128 0.41530204
0.6381602 0.5398976 0.3965883
0.64992493 0.5516623 0.408353
0.6538465 0.5542344 0.4192236
0.6538465 0.5542344 0.4192236
0.64600337 0.54639125 0.41138047
0.6381602 0.5385481 0.40353733
0.64600337 0.54639125 0.41138047
0.65619165 0.56352854 0.43401575
0.6757995 0.5831363 0.4536236
0.6757995 0.5817869 0.46057254
0.6836426 0.59097946 0.46146673
0.6718779 0.5792148 0.44970202
0.65619165 0.56352854 0.43401575
0.64442694 0.5517638 0.42225105
0.6538465 0.5528848 0.4261726
0.6483485 0.55703497 0.4192236
0.6577681 0.55815595 0.42314517
0.6405054 0.54919183 0.41138047
0.6365838 0.5466198 0.40050986
0.6405054 0.54919183 0.41138047
0.64442694 0.55311334 0.41530204
0.1375807 0.19394808 0.25727847
0.12973756 0.18610494 0.24943534
0.15092187 0.19899064 0.2651216
0.15484343 0.20291221 0.26904318
0.1493454 0.20571278 0.26904318
0.15326697 0.2082848 0.27991375
0.15169056 0.21365735 0.2907843
0.1461925 0.21645792 0.2907843
0.13834937 0.20861478 0.28294116
0.1344278 0.20334367 0.2859686
0.13050623 0.1994221 0.28204703
0.14384742 0.20446467 0.28989017
0.15718853 0.21085683 0.2907843
0.2042864 0.2205106 0.28954506
0.3047488 0.25573298 0.2918824
0.36987814 0.29441577 0.30027455
0.38164285 0.30618048 0.31203926
0.35807434 0.3187066 0.3437569
0.2716827 0.34194812 0.4162745
0.25672615 0.37833357 0.474549
0.3045536 0.44140866 0.5403215
0.3366949 0.4887974 0.5904078
0.371989 0.52409154 0.6257019
0.39944002 0.5515425 0.65315294
0.41354987 0.57395095 0.6727608
0.42531458 0.58571565 0.6845255
0.44100085 0.6014019 0.70021176
0.448844 0.60924506 0.7080549
0.448844 0.60924506 0.7080549
0.44334596 0.6120456 0.7080549
0.44334596 0.6120456 0.7080549
0.44726753 0.61596715 0.71197647
0.44726753 0.61596715 0.71197647
0.44334596 0.6120456 0.7080549
0.4394244 0.608124 0.70413333
0.44334596 0.6120456 0.7080549
0.43550283 0.60420245 0.70021176
0.43550283 0.60420245 0.70021176
0.43158126 0.6002809 0.6962902
0.415895 0.58324504 0.687553
0.39628714 0.56498677 0.6609961
0.39002046 0.5504215 0.6492314
0.39317328 0.5396764 0.62749016
0.5070159 0.5479345 0.5615765
0.5949449 0.5607741 0.50563926
0.605941 0.55652255 0.4986902
0.605941 0.5578721 0.49174118
0.60751736 0.55115 0.4878196
0.5996742 0.5446564 0.47302753
0.6012507 0.5392838 0.46215692
0.6051723 0.5432054 0.4660785
0.616937 0.5549701 0.4778432
0.6012507 0.5392838 0.46215692
0.616937 0.5549701 0.4778432
0.6287017 0.5667348 0.4896079
0.6365448 0.5745779 0.49745104
0.64673305 0.5930648 0.51313734
0.6428115 0.5891432 0.5092157
0.6545762 0.59955835 0.5279295
0.6624193 0.60875106 0.5288236
0.6663409 0.6126726 0.5327451
0.65849775 0.6048295 0.524902
0.6624193 0.60875106 0.5288236
0.67026246 0.6165942 0.53666675
0.6506546 0.59698635 0.51705885
0.3941372 0.37676466 0.36301965
0.40040386 0.38998038 0.3817333
0.45922738 0.4488039 0.44055682
0.102364644 0.09194117 0.08369409
0.26234117 0.2714152 0.28796083
0.050576463 0.059650496 0.076196104
0.08587058 0.09494462 0.11149023
0.11093743 0.14645787 0.1932941
0.13289043 0.17535982 0.2276941
0.11720416 0.15967354 0.21200782
0.101517886 0.14263771 0.20327055
0.18387082 0.2236411 0.2925726
0.096827626 0.12404945 0.17368624
0.09290606 0.12147742 0.16281572
0.10859235 0.1371637 0.178502
0.098404035 0.12002644 0.1558667
0.098404035 0.12002644 0.1558667
0.09448247 0.11610487 0.15194513
0.11566673 0.13034019 0.16068232
0.131353 0.1446769 0.18331769
0.21520436 0.28971958 0.3861412
0.6528436 0.73700696 0.82232946
0.7375807 0.7952976 0.8503294
0.74623156 0.781752 0.82858825
0.7156667 0.73034024 0.76068234
0.23735246 0.1545387 0.06091769
0.65619165 0.56217897 0.4409647
0.69067806 0.61886185 0.50584316
0.7102859 0.6384697 0.52545106
0.70244277 0.63062656 0.5176079
0.696176 0.61606133 0.50584316
0.6844113 0.6056462 0.4871294
0.668725 0.5899599 0.47144312
0.6608819 0.5821168 0.46359998
0.6703015 0.5845874 0.46057254
0.6663799 0.5806658 0.45665097
0.66245836 0.57674426 0.4527294
0.66245836 0.57809377 0.44578046
0.67972106 0.58705795 0.45754516
0.66795635 0.5752932 0.44578046
0.66795635 0.57664275 0.43883145
0.66168964 0.56342703 0.4201177
0.6656112 0.5673486 0.42403927
0.6656112 0.5673486 0.42403927
0.6695328 0.57127017 0.42796084
0.6656112 0.5673486 0.42403927
0.6695328 0.57127017 0.42796084
0.6773759 0.5777638 0.44275302
0.68521905 0.58560693 0.45059615
0.6718779 0.5805644 0.44275302
0.6695328 0.56992066 0.43490988
0.6577681 0.55815595 0.42314517
0.67345434 0.5738422 0.43883145
0.6695328 0.56992066 0.43490988
0.6773759 0.5777638 0.44275302
0.6695328 0.56992066 0.43490988
0.64992493 0.5516623 0.408353
0.64992493 0.5516623 0.408353
0.64600337 0.54774076 0.40443143
0.6577681 0.55950546 0.41619614
0.6577681 0.55815595 0.42314517
0.6695328 0.56992066 0.43490988
0.6577681 0.55950546 0.41619614
0.6656112 0.5659991 0.4309883
0.6656112 0.5673486 0.42403927
0.67345434 0.57519174 0.4318824
0.6891406 0.590878 0.44756868
0.7009053 0.6026427 0.4593334
0.6930622 0.5947996 0.45149025
0.6773759 0.5791133 0.43580398
0.6656112 0.5673486 0.42403927
0.67345434 0.57519174 0.4318824
0.6656112 0.5673486 0.42403927
0.67110926 0.5645481 0.42403927
0.6656112 0.5673486 0.42403927
0.6656112 0.5673486 0.42403927
0.6695328 0.56992066 0.43490988
0.64992493 0.5503128 0.41530204
0.64600337 0.54639125 0.41138047
0.6381602 0.5385481 0.40353733
0.6365838 0.5452702 0.4074589
0.6365838 0.54392064 0.4144079
0.6483485 0.5556854 0.4261726
0.65619165 0.56352854 0.43401575
0.62089753 0.52823436 0.39872164
0.61697596 0.52431285 0.39480007
0.62089753 0.52823436 0.39872164
0.62089753 0.52958393 0.39177263
0.61697596 0.5256624 0.38785106
0.6185524 0.51894027 0.3839295
0.6185524 0.51894027 0.3839295
0.61070925 0.51244664 0.36913732
0.6067877 0.5085251 0.36521575
0.6091328 0.51916873 0.3730589
0.6130544 0.5217408 0.3839295
0.13365912 0.1900265 0.2533569
0.14150226 0.19786964 0.26120004
0.15326697 0.20963435 0.27296475
0.158765 0.20683378 0.27296475
0.1493454 0.20571278 0.26904318
0.14776899 0.21243487 0.27296475
0.15169056 0.21500689 0.28383532
0.1461925 0.21645792 0.2907843
0.14227094 0.21253635 0.28686273
0.1344278 0.20334367 0.2859686
0.13050623 0.1994221 0.28204703
0.14227094 0.21118681 0.29381174
0.15169056 0.21365735 0.2907843
0.2042864 0.22186016 0.28259605
0.29140767 0.25203994 0.27709025
0.37145457 0.28769368 0.29635298
0.3737997 0.29833734 0.30419612
0.3502312 0.31086347 0.33591378
0.2716827 0.34194812 0.4162745
0.25280458 0.374412 0.47062743
0.29671046 0.43356553 0.5324784
0.3366949 0.4887974 0.5904078
0.36414587 0.51489884 0.62480783
0.3860989 0.5451504 0.6522589
0.4096283 0.5686798 0.6757883
0.421393 0.5804445 0.687553
0.4276597 0.59500974 0.6993177
0.43158126 0.5989313 0.70323926
0.42608327 0.60173184 0.70323926
0.43000484 0.6056534 0.70716083
0.43000484 0.60430384 0.7141098
0.42608327 0.60038227 0.7101882
0.42608327 0.60038227 0.7101882
0.4221617 0.5964607 0.70626664
0.4221617 0.5964607 0.70626664
0.41431856 0.58861756 0.6984235
0.410397 0.584696 0.69450194
0.40647542 0.5807744 0.69058037
0.40097737 0.583575 0.69058037
0.38921267 0.5718103 0.67881566
0.382946 0.5585946 0.660102
0.38060087 0.5479509 0.6522589
0.4065144 0.54606855 0.6283843
0.56434107 0.54271865 0.50687844
0.5808351 0.5383657 0.48603144
0.58633316 0.5369147 0.47908235
0.5996742 0.5433069 0.47997648
0.61143893 0.5550716 0.49174118
0.6153605 0.56034267 0.4887138
0.616937 0.5549701 0.4778432
0.62085855 0.55889165 0.48176476
0.62085855 0.55889165 0.48176476
0.62085855 0.5602412 0.4748157
0.62085855 0.55889165 0.48176476
0.62085855 0.5602412 0.4748157
0.6287017 0.56808436 0.48265883
0.6404664 0.5784995 0.5013726
0.6404664 0.5784995 0.5013726
0.6428115 0.5891432 0.5092157
0.63496834 0.5813001 0.5013726
0.6483095 0.58634263 0.5092157
0.6522311 0.5902642 0.51313734
0.6522311 0.5902642 0.51313734
0.6522311 0.59161377 0.5061882
0.6428115 0.5891432 0.5092157
0.21059217 0.20711765 0.2043686
0.1423491 0.14312442 0.16247062
0.14469412 0.15376815 0.17031376
0.11489811 0.11567343 0.13501963
0.093713716 0.102787755 0.119333364
0.08271776 0.10568972 0.13323134
0.10467078 0.13189259 0.18152939
0.12270214 0.15822257 0.2050588
0.12112573 0.16359511 0.21592939
0.114859 0.14902988 0.20416468
0.08583161 0.12695144 0.18758428
0.20582382 0.25254306 0.32697257
0.09132959 0.12550047 0.18063526
0.096827626 0.125399 0.16673729
0.09448247 0.11610487 0.15194513
0.0905609 0.1121833 0.14802356
0.0905609 0.113532856 0.14107448
0.098404035 0.12002644 0.1558667
0.12743144 0.14210488 0.17244703
0.11409032 0.13571271 0.17155299
0.2669534 0.35671625 0.45583528
0.63792604 0.7359874 0.83230585
0.73992586 0.8032422 0.8720706
0.7485767 0.7910461 0.8433804
0.679604 0.67902976 0.7066745
0.30167404 0.21326074 0.10584317
0.66480345 0.5846888 0.47447065
0.6710702 0.59790444 0.4931844
0.69067806 0.6175123 0.5127922
0.6945996 0.6227834 0.5097648
0.70009756 0.6199829 0.5097648
0.6844113 0.6056462 0.4871294
0.67814463 0.59243053 0.46841568
0.67814463 0.59243053 0.46841568
0.6585368 0.5728227 0.44880784
0.6757995 0.5817869 0.46057254
0.66795635 0.5752932 0.44578046
0.66795635 0.5752932 0.44578046
0.6522701 0.5596069 0.43009418
0.6640348 0.57272124 0.43490988
0.6656112 0.5659991 0.4309883
0.64992493 0.5516623 0.408353
0.6420818 0.5438192 0.40050986
0.63581514 0.5306035 0.38179606
0.62405044 0.51748925 0.37698045
0.63581514 0.52925396 0.38874516
0.63423866 0.53597605 0.39266673
0.6303171 0.5320545 0.38874516
0.64992493 0.5503128 0.41530204
0.6695328 0.56992066 0.43490988
0.6522701 0.5609565 0.42314517
0.6601132 0.5687996 0.4309883
0.6640348 0.57272124 0.43490988
0.6577681 0.55815595 0.42314517
0.6577681 0.55950546 0.41619614
0.6773759 0.5791133 0.43580398
0.68521905 0.58695644 0.44364712
0.6695328 0.57127017 0.42796084
0.6656112 0.5673486 0.42403927
0.6632661 0.55670494 0.41619614
0.6515014 0.54494023 0.40443143
0.63581514 0.52925396 0.38874516
0.6263955 0.5281329 0.3848236
0.6146308 0.5163682 0.3730589
0.6185524 0.5202898 0.37698045
0.6067877 0.5085251 0.36521575
0.6028661 0.5046035 0.36129418
0.6067877 0.5085251 0.36521575
0.60836416 0.501803 0.36129418
0.60836416 0.501803 0.36129418
0.6028661 0.5046035 0.36129418
0.6146308 0.5163682 0.3730589
0.6185524 0.5202898 0.37698045
0.6185524 0.5202898 0.37698045
0.6381602 0.5398976 0.3965883
0.64992493 0.5516623 0.408353
0.6381602 0.5385481 0.40353733
0.63423866 0.53462654 0.39961576
0.66168964 0.5620775 0.42706674
0.6577681 0.55815595 0.42314517
0.65619165 0.56352854 0.43401575
0.6640348 0.5713717 0.4418589
0.66795635 0.5752932 0.44578046
0.66245836 0.57809377 0.44578046
0.6640348 0.5713717 0.4418589
0.6522701 0.5596069 0.43009418
0.64442694 0.55311334 0.41530204
0.62874067 0.53742707 0.39961576
0.62247396 0.52286184 0.38785106
0.6263955 0.5267834 0.39177263
0.62247396 0.52286184 0.38785106
0.6146308 0.5163682 0.3730589
0.6028661 0.5059531 0.35434508
0.6028661 0.5059531 0.35434508
0.6146308 0.5177178 0.3661098
0.14542383 0.20314077 0.2581725
0.14542383 0.20314077 0.2581725
0.15718853 0.21355592 0.2768863
0.15718853 0.21355592 0.2768863
0.15718853 0.21355592 0.2768863
0.1611101 0.21747749 0.28080788
0.1595337 0.22285002 0.29167846
0.15403564 0.22430106 0.29862744
0.15011407 0.22037949 0.29470587
0.14227094 0.21118681 0.29381174
0.14069453 0.2179089 0.2977333
0.1446161 0.22183047 0.30165488
0.1595337 0.22150049 0.29862744
0.20270999 0.22858226 0.28651762
0.29140767 0.25203994 0.27709025
0.36987814 0.29441577 0.30027455
0.36987814 0.2957653 0.29332554
0.34630963 0.3069419 0.3319922
0.25599644 0.32626185 0.4005882
0.24653786 0.35984674 0.45886272
0.2865223 0.41507867 0.5167921
0.32258502 0.46638903 0.57079995
0.34453803 0.495291 0.60520005
0.36806744 0.5188204 0.62872946
0.3860989 0.5451504 0.6522589
0.40570673 0.56475824 0.6718667
0.40413028 0.57013077 0.68273723
0.415895 0.5818955 0.69450194
0.410397 0.584696 0.69450194
0.41431856 0.58861756 0.6984235
0.41431856 0.587268 0.7053726
0.4221617 0.59511113 0.7132157
0.41666365 0.5979117 0.7132157
0.41274208 0.59399015 0.7092942
0.40489894 0.586147 0.70145106
0.3970558 0.5783039 0.6936079
0.39313424 0.5743823 0.6896863
0.3797931 0.56933975 0.68184316
0.3797931 0.56933975 0.68184316
0.37194997 0.5614966 0.674
0.36960483 0.5508529 0.6661569
0.3711813 0.5454804 0.65528625
0.47406694 0.52058494 0.5480236
0.5965214 0.554052 0.5017177
0.61378413 0.5643657 0.5065333
0.605941 0.5578721 0.49174118
0.61143893 0.5550716 0.49174118
0.61143893 0.5550716 0.49174118
0.60909384 0.5457774 0.4769491
0.60909384 0.54712695 0.47000006
0.60909384 0.54712695 0.47000006
0.60909384 0.54712695 0.47000006
0.6051723 0.54455495 0.45912942
0.6287017 0.56808436 0.48265883
0.6365448 0.5759275 0.49050197
0.6404664 0.57984906 0.49442354
0.64438796 0.58377063 0.4983451
0.64673305 0.5930648 0.51313734
0.64673305 0.5930648 0.51313734
0.6506546 0.59698635 0.51705885
0.65615267 0.59418577 0.51705885
0.66007423 0.5994569 0.51403135
0.6522311 0.59161377 0.5061882
0.6483095 0.5876922 0.50226665
0.64438796 0.58377063 0.4983451
0.589486 0.5288687 0.44344315
0.39652133 0.35540152 0.2947686
0.109439105 0.08646716 0.058925465
0.11412935 0.10235632 0.10240781
0.111745164 0.12776816 0.14981174
0.12585503 0.14747742 0.18331769
0.10467078 0.13324213 0.17458043
0.08740802 0.12292844 0.16976467
0.11878057 0.154301 0.20113723
0.103094295 0.13861473 0.18545096
0.09525116 0.12807249 0.19150585
0.0842552 0.13097444 0.20540395
0.15092187 0.1976411 0.27207062
0.08506292 0.11363428 0.15497258
0.098404035 0.12002644 0.1558667
0.0905609 0.1121833 0.14802356
0.11801189 0.13963428 0.17547455
0.10782358 0.12249704 0.15283918
0.1195883 0.13426174 0.16460389
0.098404035 0.12002644 0.1558667
0.33438885 0.43804958 0.54816467
0.62693 0.7402389 0.83925486
0.73677295 0.8153369 0.88686275
0.74465513 0.78577495 0.84640783
0.5329685 0.5045984 0.510251
0.3471564 0.2643426 0.17072162
0.5769526 0.5024373 0.40601575
0.6083251 0.53380984 0.4373883
0.67891335 0.6057476 0.5010275
0.6726466 0.5925319 0.48231378
0.6608819 0.5821168 0.46359998
0.6546152 0.56755155 0.45183527
0.6428505 0.5571364 0.43312156
0.6310858 0.5453717 0.42135686
0.6405054 0.5464927 0.42527843
0.64442694 0.5517638 0.42225105
0.6405054 0.54784226 0.41832948
0.6522701 0.5596069 0.43009418
0.6640348 0.5713717 0.4418589
0.6718779 0.5792148 0.44970202
0.65619165 0.5648781 0.42706674
0.66168964 0.56342703 0.4201177
0.64600337 0.54774076 0.40443143
0.6656112 0.5673486 0.42403927
0.6812975 0.58168536 0.4466746
0.68521905 0.58695644 0.44364712
0.68521905 0.58560693 0.45059615
0.6891406 0.5895285 0.45451772
0.68521905 0.58560693 0.45059615
0.6812975 0.58168536 0.4466746
0.6773759 0.5777638 0.44275302
0.6695328 0.56992066 0.43490988
0.66168964 0.5620775 0.42706674
0.6538465 0.5542344 0.4192236
0.6420818 0.5424697 0.4074589
0.6263955 0.5267834 0.39177263
0.6303171 0.5320545 0.38874516
0.62247396 0.52286184 0.38785106
0.6381602 0.5398976 0.3965883
0.6420818 0.5438192 0.40050986
0.64757985 0.54101866 0.40050986
0.6656112 0.5673486 0.42403927
0.6773759 0.5791133 0.43580398
0.6656112 0.5673486 0.42403927
0.6773759 0.5791133 0.43580398
0.6812975 0.5830349 0.43972555
0.6695328 0.57127017 0.42796084
0.6695328 0.57127017 0.42796084
0.64992493 0.5516623 0.408353
0.6381602 0.5398976 0.3965883
0.6577681 0.55950546 0.41619614
0.6656112 0.5659991 0.4309883
0.6656112 0.5673486 0.42403927
0.6773759 0.5777638 0.44275302
0.67345434 0.5738422 0.43883145
0.6773759 0.5777638 0.44275302
0.67345434 0.5738422 0.43883145
0.6773759 0.5777638 0.44275302
0.6695328 0.56992066 0.43490988
0.6640348 0.57272124 0.43490988
0.65619165 0.5648781 0.42706674
0.6601132 0.56745005 0.43793732
0.6601132 0.56745005 0.43793732
0.6718779 0.5792148 0.44970202
0.66795635 0.5752932 0.44578046
0.65619165 0.5648781 0.42706674
0.64600337 0.54639125 0.41138047
0.64992493 0.5516623 0.408353
0.63423866 0.53462654 0.39961576
0.6263955 0.5281329 0.3848236
0.6263955 0.5281329 0.3848236
0.63423866 0.53597605 0.39266673
0.6185524 0.52163935 0.37003136
0.6185524 0.52163935 0.37003136
0.6263955 0.5294825 0.3778745
0.18229441 0.23171276 0.28954506
0.18229441 0.23171276 0.28954506
0.18856108 0.24627802 0.30130976
0.19640422 0.25412115 0.3091529
0.19248265 0.24885003 0.31218043
0.18463951 0.2410069 0.3043373
0.19090624 0.25422257 0.323051
0.18698467 0.250301 0.31912944
0.16972192 0.23998733 0.3143137
0.17206708 0.24928145 0.32910585
0.18775338 0.26496774 0.34479213
0.20343965 0.280654 0.3604784
0.21678075 0.2856966 0.36832154
0.23642763 0.27059853 0.3257333
0.30709395 0.2677262 0.29277653
0.36595657 0.2904942 0.29635298
0.36987814 0.29441577 0.30027455
0.35180762 0.30549094 0.3250431
0.2591493 0.31416717 0.38579613
0.23400447 0.3320658 0.4283843
0.27006727 0.38337615 0.48239213
0.30613014 0.4346865 0.53639996
0.32416144 0.45966694 0.5668784
0.34769085 0.48319635 0.5904078
0.3618007 0.5042552 0.6169647
0.37591058 0.52531403 0.64352155
0.38217732 0.53987926 0.65528625
0.39236557 0.5583661 0.6709725
0.40413028 0.57013077 0.68273723
0.39471072 0.5676602 0.6857648
0.410397 0.5833464 0.70145106
0.410397 0.5833464 0.70145106
0.41274208 0.59399015 0.7092942
0.41274208 0.59399015 0.7092942
0.40097737 0.58087593 0.70447844
0.3970558 0.57695436 0.7005569
0.38921267 0.5691112 0.69271374
0.38136953 0.5612681 0.6848706
0.3852911 0.56518966 0.68879217
0.37744796 0.5573465 0.68094903
0.36960483 0.5508529 0.6661569
0.39002046 0.5477224 0.6631294
0.5604195 0.5387971 0.50295687
0.58633316 0.5369147 0.47908235
0.58398795 0.5276206 0.4642902
0.5918311 0.53546375 0.47213334
0.5918311 0.53681326 0.4651844
0.59575266 0.5407348 0.46910596
0.60751736 0.55249953 0.48087066
0.60751736 0.5538491 0.47392163
0.6247801 0.5628132 0.48568633
0.62085855 0.5602412 0.4748157
0.616937 0.55631965 0.47089413
0.6247801 0.5641628 0.47873726
0.6302781 0.56136227 0.47873726
0.6287017 0.56808436 0.48265883
0.6365448 0.5759275 0.49050197
0.6404664 0.57984906 0.49442354
0.63262326 0.5720059 0.4865804
0.6404664 0.57984906 0.49442354
0.6483095 0.5876922 0.50226665
0.6538075 0.5848917 0.50226665
0.6577291 0.58881325 0.5061882
0.6459644 0.57839805 0.4874745
0.6577291 0.58881325 0.5061882
0.64438796 0.58512014 0.49139607
0.63812125 0.5705549 0.47963136
0.6287017 0.56808436 0.48265883
0.5808351 0.5383657 0.48603144
0.11489811 0.11567343 0.13501963
0.09998044 0.1146539 0.14499605
0.08429417 0.09896763 0.12930977
0.10467078 0.13324213 0.17458043
0.11093743 0.14645787 0.1932941
0.09525116 0.12942204 0.18455684
0.099172726 0.1333436 0.18847841
0.08583161 0.12695144 0.18758428
0.2120905 0.2657588 0.34568626
0.09290606 0.12012788 0.16976467
0.09998044 0.11330434 0.15194513
0.09448247 0.11610487 0.15194513
0.13761973 0.15924212 0.1950824
0.09448247 0.117454425 0.14499605
0.10390201 0.11857547 0.14891762
0.08898449 0.11755585 0.15889415
0.3672987 0.50145465 0.6169647
0.6065144 0.74201995 0.84923136
0.6944044 0.78551674 0.8763373
0.6803337 0.72975194 0.7875843
0.34711742 0.29230082 0.26766273
0.44442692 0.3490647 0.236149
0.64127403 0.5611594 0.45094123
0.65538394 0.58356774 0.47054908
0.696176 0.61606133 0.50584316
0.6804897 0.60037506 0.49015692
0.6608819 0.5821168 0.46359998
0.66245836 0.5753947 0.4596784
0.6428505 0.5571364 0.43312156
0.6546152 0.5689011 0.44488627
0.66795635 0.57394373 0.4527294
0.6522701 0.5596069 0.43009418
0.64442694 0.5517638 0.42225105
0.65619165 0.56352854 0.43401575
0.66795635 0.5752932 0.44578046
0.6483485 0.55703497 0.4192236
0.6695328 0.56992066 0.43490988
0.6538465 0.5555839 0.41227457
0.6381602 0.5398976 0.3965883
0.64600337 0.54639125 0.41138047
0.64600337 0.54639125 0.41138047
0.6381602 0.5385481 0.40353733
0.6381602 0.5385481 0.40353733
0.6381602 0.5385481 0.40353733
0.62247396 0.52286184 0.38785106
0.6420818 0.5424697 0.4074589
0.6420818 0.5411201 0.4144079
0.6405054 0.54784226 0.41832948
0.6640348 0.5713717 0.4418589
0.6757995 0.5831363 0.4536236
0.6601132 0.5687996 0.4309883
0.6695328 0.56992066 0.43490988
0.6812975 0.58168536 0.4466746
0.68521905 0.58560693 0.45059615
0.68521905 0.58560693 0.45059615
0.6812975 0.58168536 0.4466746
0.6773759 0.5791133 0.43580398
0.6773759 0.5791133 0.43580398
0.68287396 0.5763128 0.43580398
0.6773759 0.5791133 0.43580398
0.67345434 0.57519174 0.4318824
0.6773759 0.5791133 0.43580398
0.6773759 0.5791133 0.43580398
0.6695328 0.57127017 0.42796084
0.6773759 0.5791133 0.43580398
0.6656112 0.5673486 0.42403927
0.67345434 0.57519174 0.4318824
0.6695328 0.57127017 0.42796084
0.6656112 0.5673486 0.42403927
0.67345434 0.57519174 0.4318824
0.6750308 0.56846964 0.42796084
0.6789524 0.5723912 0.4318824
0.65934455 0.55278337 0.41227457
0.67110926 0.5645481 0.42403927
0.6671877 0.5606265 0.4201177
0.6577681 0.55815595 0.42314517
0.655423 0.5488618 0.408353
0.6420818 0.5438192 0.40050986
0.6381602 0.5398976 0.3965883
0.6397367 0.5331755 0.39266673
0.6318936 0.5253324 0.3848236
0.62405044 0.5188388 0.37003136
0.62405044 0.5188388 0.37003136
0.61228573 0.5070741 0.35826665
0.61228573 0.5070741 0.35826665
0.61228573 0.5070741 0.35826665
0.60836416 0.50315255 0.35434508
0.600521 0.4953094 0.34650195
0.6044426 0.50058055 0.3434745
0.61228573 0.5084237 0.35131764
0.6162073 0.5109957 0.36218822
0.23719639 0.28796428 0.337498
0.23327482 0.28404272 0.33357644
0.24503952 0.29580742 0.34534115
0.24346305 0.30118 0.35621175
0.24346305 0.29983044 0.36316082
0.23561992 0.2919873 0.35531768
0.24738462 0.303752 0.3670824
0.24580821 0.30912456 0.377953
0.22854546 0.29881087 0.37313724
0.2363886 0.306654 0.38098037
0.27402788 0.3525918 0.42411762
0.32892984 0.40749377 0.47901958
0.35011408 0.42172903 0.4877569
0.33289045 0.37535983 0.42769408
0.34158033 0.32440913 0.35765487
0.37222326 0.30505946 0.3081177
0.3737997 0.29833734 0.30419612
0.34788606 0.30156937 0.32112154
0.24503952 0.2931083 0.35923925
0.22147101 0.30563444 0.3909569
0.24576917 0.3438305 0.440149
0.2677222 0.37273246 0.474549
0.28575355 0.3977129 0.5050274
0.3116281 0.43188596 0.53639996
0.3163183 0.4518238 0.55903524
0.33042815 0.47288263 0.58559215
0.34453803 0.495291 0.60520005
0.36256945 0.5202714 0.6356784
0.37433416 0.5320361 0.6474431
0.38060087 0.54525185 0.6661569
0.382946 0.5558955 0.674
0.39471072 0.5676602 0.6857648
0.40647542 0.57942486 0.69752944
0.40647542 0.57942486 0.69752944
0.410397 0.5819969 0.7084
0.40489894 0.5847975 0.7084
0.3970558 0.57695436 0.7005569
0.39313424 0.5730328 0.6966353
0.38763624 0.5758333 0.6966353
0.3915578 0.5797549 0.7005569
0.3970558 0.57695436 0.7005569
0.476373 0.56458503 0.6250118
0.5949449 0.558075 0.5195373
0.5941763 0.54475784 0.48692548
0.59809786 0.550029 0.48389804
0.6035958 0.54722846 0.48389804
0.5918311 0.53681326 0.4651844
0.5996742 0.5446564 0.47302753
0.60751736 0.55249953 0.48087066
0.6247801 0.5628132 0.48568633
0.6287017 0.5667348 0.4896079
0.6365448 0.5759275 0.49050197
0.6365448 0.5759275 0.49050197
0.6420428 0.573127 0.49050197
0.6365448 0.5759275 0.49050197
0.6404664 0.57984906 0.49442354
0.6483095 0.5876922 0.50226665
0.6483095 0.5876922 0.50226665
0.6365448 0.5759275 0.49050197
0.6287017 0.56808436 0.48265883
0.6247801 0.5641628 0.47873726
0.6483095 0.5876922 0.50226665
0.6420428 0.573127 0.49050197
0.6538075 0.5862412 0.49531764
0.6655722 0.5980059 0.50708234
0.6694938 0.60192746 0.5110039
0.66165066 0.5940843 0.5031608
0.6506546 0.5956368 0.5240079
0.56745493 0.5639804 0.5612314
0.08271776 0.10568972 0.13323134
0.098404035 0.12137599 0.14891762
0.11801189 0.14098383 0.16852546
0.12035705 0.15027794 0.18331769
0.09132959 0.12685001 0.17368624
0.08975318 0.13222256 0.18455684
0.09525116 0.12942204 0.18455684
0.08583161 0.12695144 0.18758428
0.18071795 0.23438624 0.3143137
0.08348645 0.117657326 0.17279212
0.0905609 0.1121833 0.14802356
0.0905609 0.1121833 0.14802356
0.13761973 0.15924212 0.1950824
0.0905609 0.1121833 0.14802356
0.096058875 0.10938277 0.14802356
0.09290606 0.11877833 0.17671369
0.4010164 0.54212135 0.6631294
0.6025928 0.7380984 0.8453098
0.7038239 0.78798735 0.87330985
0.6921373 0.70681083 0.73715293
0.24596436 0.17299986 0.11527056
0.5542308 0.45886862 0.34595293
0.66480345 0.5846888 0.47447065
0.6844113 0.6042966 0.4940785
0.67656815 0.5964535 0.48623535
0.67656815 0.5964535 0.48623535
0.66480345 0.5846888 0.47447065
0.66480345 0.5846888 0.47447065
0.6663799 0.57931626 0.46359998
0.6663799 0.5806658 0.45665097
0.66795635 0.57394373 0.4527294
0.6522701 0.5596069 0.43009418
0.64992493 0.54896325 0.42225105
0.6538465 0.5542344 0.4192236
0.66168964 0.5620775 0.42706674
0.6695328 0.56992066 0.43490988
0.6695328 0.57127017 0.42796084
0.6656112 0.5659991 0.4309883
0.67345434 0.57519174 0.4318824
0.6577681 0.55815595 0.42314517
0.68521905 0.58560693 0.45059615
0.68521905 0.58560693 0.45059615
0.7048269 0.6052148 0.470204
0.69698375 0.59737164 0.46236086
0.67972106 0.58705795 0.45754516
0.6875642 0.5949011 0.4653883
0.69540733 0.6027442 0.47323143
0.69148576 0.5988226 0.46930987
0.69148576 0.5988226 0.46930987
0.7048269 0.6038652 0.477153
0.70874846 0.60913634 0.47412556
0.7048269 0.6052148 0.470204
0.6930622 0.5947996 0.45149025
0.6812975 0.5830349 0.43972555
0.6695328 0.57127017 0.42796084
0.67110926 0.5645481 0.42403927
0.6632661 0.55670494 0.41619614
0.6632661 0.55670494 0.41619614
0.6436583 0.5370971 0.3965883
0.64757985 0.54101866 0.40050986
0.6397367 0.5345251 0.38571763
0.63581514 0.52925396 0.38874516
0.627972 0.5227604 0.37395293
0.6318936 0.52668196 0.3778745
0.6515014 0.5462898 0.39748234
0.6436583 0.53844666 0.3896392
0.6318936 0.52668196 0.3778745
0.627972 0.5227604 0.37395293
0.63581514 0.52925396 0.38874516
0.6413132 0.52780294 0.38179606
0.6256269 0.5121167 0.3661098
0.6217053 0.5081951 0.36218822
0.62405044 0.51748925 0.37698045
0.627972 0.5214108 0.38090202
0.62405044 0.51748925 0.37698045
0.62405044 0.51748925 0.37698045
0.627972 0.5214108 0.38090202
0.627972 0.5227604 0.37395293
0.6318936 0.52668196 0.3778745
0.6318936 0.52668196 0.3778745
0.62954843 0.51603824 0.37003136
0.63347006 0.5213094 0.36700392
0.6217053 0.5095447 0.3552392
0.6162073 0.51234525 0.3552392
0.61228573 0.5070741 0.35826665
0.60836416 0.5045021 0.34739608
0.60836416 0.5045021 0.34739608
0.60836416 0.5045021 0.34739608
0.6044426 0.50193006 0.33652556
0.600521 0.4980085 0.332604
0.600521 0.49665898 0.33955294
0.27564332 0.31116375 0.35799998
0.27172175 0.30724218 0.3540784
0.2779885 0.3218074 0.36584312
0.28817677 0.33894467 0.3884784
0.2842552 0.3350231 0.38455683
0.2724905 0.32190886 0.37974116
0.27875715 0.33647412 0.39150587
0.28894547 0.35361135 0.4141412
0.26776114 0.3393761 0.40540397
0.27560428 0.34721923 0.4132471
0.3344278 0.40604275 0.47207063
0.41443565 0.47910154 0.5396314
0.43012193 0.4947878 0.5553177
0.4128982 0.4470691 0.5022039
0.37687445 0.35970324 0.392949
0.38398796 0.31547463 0.32683134
0.37772128 0.30090937 0.31506664
0.34788606 0.30156937 0.32112154
0.23250607 0.26667696 0.32181174
0.18932976 0.25824562 0.34087056
0.20343965 0.27930444 0.3674275
0.22539258 0.30820644 0.40182748
0.23558088 0.3253437 0.42446274
0.2536123 0.3503241 0.45494115
0.2606477 0.38090557 0.48541957
0.27867916 0.40723553 0.508949
0.29671046 0.43221596 0.5394274
0.3131655 0.46391845 0.5738275
0.33277333 0.48217675 0.6003843
0.3429616 0.5006636 0.61607057
0.35080475 0.5085067 0.6239137
0.36491454 0.5309151 0.64352155
0.37825575 0.5359577 0.6513647
0.39002046 0.54637283 0.6700785
0.388444 0.553095 0.674
0.388444 0.553095 0.674
0.388444 0.553095 0.674
0.38686758 0.5598171 0.67792165
0.38686758 0.5584675 0.6848706
0.40255386 0.5741538 0.7005569
0.421393 0.57909495 0.69450194
0.5745294 0.5571568 0.54341185
0.5965214 0.554052 0.5017177
0.60986257 0.5604441 0.50261176
0.6035958 0.54722846 0.48389804
0.61143893 0.5550716 0.49174118
0.61143893 0.5564211 0.48479223
0.6051723 0.5432054 0.4660785
0.6130154 0.5510485 0.47392163
0.6130154 0.5510485 0.47392163
0.6247801 0.5628132 0.48568633
0.6247801 0.5641628 0.47873726
0.60909384 0.5484765 0.463051
0.622435 0.5535191 0.47089413
0.62635654 0.5587902 0.46786666
0.6247801 0.5641628 0.47873726
0.6287017 0.56808436 0.48265883
0.6404664 0.57984906 0.49442354
0.65615267 0.59553534 0.5101098
0.65615267 0.59553534 0.5101098
0.64438796 0.58377063 0.4983451
0.64988595 0.5809701 0.4983451
0.6577291 0.59016275 0.4992392
0.6538075 0.5862412 0.49531764
0.64988595 0.5823196 0.49139607
0.64988595 0.5823196 0.49139607
0.6459644 0.57839805 0.4874745
0.38863915 0.37686613 0.37691763
0.42223978 0.5216507 0.60967064
0.37360454 0.47996435 0.57348233
0.11720416 0.15832399 0.21895683
0.11093743 0.14645787 0.1932941
0.099172726 0.13469316 0.18152939
0.09759632 0.1400657 0.19239998
0.09759632 0.13871615 0.19934899
0.09367475 0.13479458 0.19542742
0.081910044 0.12302987 0.18366271
0.07875717 0.13242546 0.21235292
0.14073357 0.1818534 0.24248624
0.09448247 0.11610487 0.15194513
0.0905609 0.1121833 0.14802356
0.098404035 0.12002644 0.1558667
0.0905609 0.1121833 0.14802356
0.09213731 0.1054612 0.14410199
0.08975318 0.13087301 0.19150585
0.44257727 0.5906311 0.71713734
0.61435753 0.7498631 0.8570745
0.7461925 0.8164579 0.89078426
0.62943137 0.6080101 0.6191608
0.22401136 0.14544745 0.073921606
0.5973681 0.5033555 0.38214117
0.67422307 0.5871594 0.47144312
0.668725 0.58861035 0.4783922
0.6922544 0.61213976 0.50192165
0.6844113 0.6042966 0.4940785
0.66480345 0.5846888 0.47447065
0.6608819 0.5807672 0.47054908
0.66480345 0.58603835 0.46752155
0.66245836 0.57674426 0.4527294
0.65619165 0.56352854 0.43401575
0.6483485 0.5556854 0.4261726
0.64992493 0.54896325 0.42225105
0.64600337 0.54639125 0.41138047
0.6381602 0.5398976 0.3965883
0.6397367 0.5331755 0.39266673
0.6436583 0.5370971 0.3965883
0.6436583 0.5370971 0.3965883
0.6436583 0.53844666 0.3896392
0.64757985 0.54236823 0.39356077
0.65934455 0.55278337 0.41227457
0.65934455 0.55278337 0.41227457
0.6773759 0.5777638 0.44275302
0.6891406 0.5895285 0.45451772
0.6695328 0.56992066 0.43490988
0.6656112 0.5659991 0.4309883
0.6656112 0.5659991 0.4309883
0.6577681 0.55815595 0.42314517
0.6577681 0.55950546 0.41619614
0.6515014 0.54494023 0.40443143
0.64757985 0.54101866 0.40050986
0.64757985 0.54101866 0.40050986
0.6436583 0.5370971 0.3965883
0.6452347 0.5317245 0.38571763
0.64757985 0.54236823 0.39356077
0.6515014 0.5462898 0.39748234
0.64757985 0.54236823 0.39356077
0.660921 0.5474108 0.4014039
0.67268574 0.5591755 0.4131686
0.6671877 0.5619761 0.4131686
0.6671877 0.5619761 0.4131686
0.6750308 0.5698192 0.42101175
0.68287396 0.5763128 0.43580398
0.6789524 0.5723912 0.4318824
0.67110926 0.56589764 0.41709018
0.68287396 0.57766235 0.42885488
0.6750308 0.56846964 0.42796084
0.6671877 0.5606265 0.4201177
0.67110926 0.5645481 0.42403927
0.67110926 0.56589764 0.41709018
0.6687641 0.5552539 0.40924704
0.6687641 0.5552539 0.40924704
0.67110926 0.5645481 0.42403927
0.6789524 0.5723912 0.4318824
0.6671877 0.5606265 0.4201177
0.6397367 0.5331755 0.39266673
0.63581514 0.52925396 0.38874516
0.63581514 0.5306035 0.38179606
0.6397367 0.5345251 0.38571763
0.63581514 0.5306035 0.38179606
0.63347006 0.5199598 0.37395293
0.63347006 0.5213094 0.36700392
0.63347006 0.5213094 0.36700392
0.63581514 0.5319531 0.37484705
0.6318936 0.52668196 0.3778745
0.62405044 0.5188388 0.37003136
0.62012887 0.5162668 0.35916078
0.6397367 0.53587466 0.37876862
0.6318936 0.52938104 0.36397654
0.62405044 0.5215379 0.3561334
0.61228573 0.5097732 0.3443687
0.2889845 0.31890538 0.35194513
0.27564332 0.3125133 0.35105103
0.2795649 0.31643486 0.3549726
0.29917273 0.33469316 0.3815294
0.29367477 0.3374937 0.3815294
0.2779885 0.32045788 0.37279212
0.28033364 0.33110154 0.38063526
0.2866003 0.34431726 0.399349
0.2732592 0.33792508 0.39845493
0.2850239 0.34968978 0.41021964
0.35326695 0.41098392 0.46601567
0.42777675 0.48549372 0.54052544
0.45288265 0.502301 0.5601333
0.43016097 0.45738277 0.5070196
0.39805877 0.37258896 0.40863526
0.38398796 0.31547463 0.32683134
0.38714084 0.30337995 0.31203926
0.34711742 0.28555307 0.30240783
0.21055312 0.2364254 0.29436076
0.16268657 0.20940581 0.28383532
0.16345526 0.2267716 0.29560003
0.17756505 0.24783047 0.32215685
0.19951808 0.27673244 0.35655683
0.2097063 0.29386973 0.3791922
0.23792604 0.33598736 0.43230587
0.26380062 0.3688109 0.47062743
0.26849085 0.3887487 0.4932627
0.2747576 0.4019644 0.5119764
0.27710262 0.41125858 0.5267687
0.28336933 0.4258238 0.53853333
0.29121247 0.43366694 0.54637647
0.30689874 0.44935322 0.56206274
0.31474188 0.45719635 0.5699059
0.32258502 0.4650395 0.577749
0.32650658 0.46896106 0.58167064
0.33434972 0.4768042 0.5895138
0.33434972 0.4768042 0.5895138
0.34061646 0.49136943 0.6012784
0.3429616 0.5006636 0.61607057
0.36256945 0.5216209 0.62872946
0.42223978 0.52300024 0.60272163
0.58710176 0.5515814 0.5047451
0.5941763 0.54475784 0.48692548
0.59809786 0.5486794 0.49084705
0.6153605 0.55899316 0.49566275
0.61143893 0.5550716 0.49174118
0.6035958 0.54857796 0.4769491
0.6051723 0.5432054 0.4660785
0.59732914 0.53536224 0.45823535
0.6051723 0.5432054 0.4660785
0.62085855 0.55889165 0.48176476
0.62085855 0.5602412 0.4748157
0.616937 0.55631965 0.47089413
0.6287017 0.56808436 0.48265883
0.63262326 0.5720059 0.4865804
0.6404664 0.57984906 0.49442354
0.6483095 0.5876922 0.50226665
0.6522311 0.59161377 0.5061882
0.66007423 0.59810734 0.5209805
0.6522311 0.5902642 0.51313734
0.6483095 0.5876922 0.50226665
0.6420428 0.5744765 0.48355293
0.6459644 0.57839805 0.4874745
0.6420428 0.5744765 0.48355293
0.63812125 0.5719045 0.47268242
0.6341997 0.56663334 0.4757098
0.63812125 0.5705549 0.47963136
0.3211647 0.32888922 0.3537333
0.6175105 0.7377683 0.84228235
0.38063994 0.50514764 0.63175684
0.119471245 0.23568045 0.36509016
0.121816404 0.2463241 0.3729333
0.14303963 0.22450396 0.3264235
0.11797285 0.17299068 0.24461964
0.09759632 0.13871615 0.19934899
0.08975318 0.13087301 0.19150585
0.09132959 0.12415091 0.18758428
0.07641207 0.12313129 0.19756082
0.16268657 0.20940581 0.28383532
0.077219784 0.104441606 0.1540784
0.07879619 0.1004186 0.13625886
0.08271776 0.104340166 0.14018042
0.09213731 0.1054612 0.14410199
0.08663933 0.108261734 0.14410199
0.09759632 0.13601704 0.21324709
0.48021653 0.6365689 0.7602745
0.62612224 0.7616278 0.8688392
0.7438474 0.8071638 0.8759922
0.53454494 0.50057536 0.49243143
0.25303873 0.16752589 0.09050194
0.62874067 0.53472805 0.41351372
0.67814463 0.59108096 0.47536469
0.67656815 0.5964535 0.48623535
0.6922544 0.6107902 0.50887066
0.6844113 0.60294706 0.5010275
0.6726466 0.59118235 0.48926282
0.67814463 0.5897314 0.48231378
0.67422307 0.5871594 0.47144312
0.6718779 0.57786524 0.45665097
0.6640348 0.5700221 0.44880784
0.65619165 0.56352854 0.43401575
0.66168964 0.56072795 0.43401575
0.6695328 0.56992066 0.43490988
0.64992493 0.5503128 0.41530204
0.64600337 0.54774076 0.40443143
0.65934455 0.55278337 0.41227457
0.64757985 0.54101866 0.40050986
0.63581514 0.5306035 0.38179606
0.63581514 0.5306035 0.38179606
0.6436583 0.53844666 0.3896392
0.6318936 0.5253324 0.3848236
0.627972 0.5214108 0.38090202
0.6397367 0.5331755 0.39266673
0.65934455 0.55278337 0.41227457
0.6750308 0.56846964 0.42796084
0.6789524 0.5723912 0.4318824
0.68287396 0.5763128 0.43580398
0.6632661 0.55670494 0.41619614
0.6632661 0.55670494 0.41619614
0.6671877 0.5606265 0.4201177
0.67110926 0.5645481 0.42403927
0.6632661 0.5580545 0.40924704
0.64757985 0.54236823 0.39356077
0.63739157 0.5238814 0.3778745
0.63347006 0.5199598 0.37395293
0.6217053 0.5081951 0.36218822
0.63347006 0.5199598 0.37395293
0.6256269 0.5121167 0.3661098
0.6217053 0.5081951 0.36218822
0.61228573 0.5070741 0.35826665
0.6162073 0.5109957 0.36218822
0.60836416 0.50315255 0.35434508
0.600521 0.4953094 0.34650195
0.61228573 0.5070741 0.35826665
0.627972 0.5214108 0.38090202
0.61070925 0.51244664 0.36913732
0.6263955 0.5281329 0.3848236
0.63581514 0.52925396 0.38874516
0.63581514 0.52925396 0.38874516
0.63347006 0.5199598 0.37395293
0.61228573 0.5070741 0.35826665
0.62012887 0.5135677 0.3730589
0.62405044 0.51748925 0.37698045
0.62405044 0.51748925 0.37698045
0.6162073 0.5096461 0.36913732
0.62012887 0.5135677 0.3730589
0.627972 0.5214108 0.38090202
0.62405044 0.5188388 0.37003136
0.60836416 0.50315255 0.35434508
0.6020975 0.48993683 0.33563137
0.5942543 0.48209363 0.32778823
0.5981759 0.48601526 0.3317098
0.606019 0.4938584 0.33955294
0.6044426 0.49923098 0.3504235
0.59659946 0.4927374 0.33563137
0.5942543 0.48209363 0.32778823
0.5942543 0.4834432 0.32083926
0.5926779 0.49016535 0.32476085
0.6044426 0.50193006 0.33652556
0.600521 0.4980085 0.332604
0.28506294 0.31498381 0.34802356
0.29682764 0.32674852 0.35978827
0.2795649 0.31643486 0.3549726
0.29917273 0.33469316 0.3815294
0.28740802 0.32292846 0.3697647
0.2505375 0.29435644 0.33839214
0.24819234 0.28236324 0.337498
0.27406693 0.3165363 0.36887056
0.27091402 0.32863098 0.38366273
0.2866003 0.34431726 0.399349
0.3493454 0.40706235 0.4620941
0.4332748 0.48269317 0.54052544
0.4505375 0.49300689 0.54534113
0.43173736 0.4520102 0.49614906
0.4012116 0.36184385 0.38689417
0.3910624 0.30730152 0.31596082
0.37145457 0.28904322 0.28940398
0.34711742 0.28555307 0.30240783
0.19094528 0.2181671 0.2678039
0.14307873 0.19249707 0.25032938
0.1470003 0.19506907 0.26120004
0.15326697 0.20963435 0.27296475
0.16345526 0.2267716 0.29560003
0.17991021 0.2584741 0.32999998
0.21597303 0.3070854 0.39790592
0.23400447 0.3320658 0.4283843
0.23792604 0.33463782 0.43925488
0.22458492 0.3295952 0.43141174
0.22693002 0.3402389 0.43925488
0.2426163 0.35457563 0.46189016
0.25280458 0.37171286 0.48452544
0.25122818 0.378435 0.488447
0.24338505 0.37059185 0.48060387
0.24103987 0.35994816 0.47276074
0.23869473 0.35065407 0.4579686
0.2371183 0.3560266 0.46883917
0.24888301 0.3677913 0.48060387
0.2606477 0.38090557 0.48541957
0.2629929 0.39154926 0.4932627
0.29202026 0.41362768 0.5098431
0.45372942 0.4502549 0.44750586
0.5965214 0.554052 0.5017177
0.60986257 0.5604441 0.50261176
0.61378413 0.5643657 0.5065333
0.62320364 0.5668363 0.5035059
0.6271252 0.5721074 0.5004785
0.6271252 0.5721074 0.5004785
0.63262326 0.57065636 0.49352947
0.63262326 0.57065636 0.49352947
0.6287017 0.5667348 0.4896079
0.63262326 0.57065636 0.49352947
0.6271252 0.57345694 0.49352947
0.6365448 0.5759275 0.49050197
0.6404664 0.57984906 0.49442354
0.6404664 0.57984906 0.49442354
0.6483095 0.5876922 0.50226665
0.64438796 0.58377063 0.4983451
0.6483095 0.5876922 0.50226665
0.6365448 0.5745779 0.49745104
0.6365448 0.5745779 0.49745104
0.6365448 0.5745779 0.49745104
0.6247801 0.5628132 0.48568633
0.6247801 0.5641628 0.47873726
0.6341997 0.56663334 0.4757098
0.63812125 0.5705549 0.47963136
0.63812125 0.5705549 0.47963136
0.64438796 0.58242106 0.5052942
0.4450785 0.4611015 0.48314506
0.59867126 0.7314777 0.85528624
0.19082811 0.32093543 0.46134114
0.17906341 0.30917072 0.44957644
0.1672987 0.29740602 0.43781173
0.15007511 0.2523863 0.37079996
0.1344278 0.2019941 0.29291767
0.08817677 0.13489601 0.20932552
0.0842552 0.13232398 0.19845495
0.0724905 0.11920972 0.19363925
0.046576887 0.12109214 0.21751375
0.16422394 0.2387392 0.33516082
0.18148662 0.24905293 0.3399765
0.1023256 0.122598454 0.16673729
0.096058875 0.11073233 0.14107448
0.09213731 0.1054612 0.14410199
0.09448247 0.11610487 0.15194513
0.09444344 0.14676219 0.23498821
0.5100126 0.67331403 0.80251765
0.6284674 0.77227145 0.87668234
0.7273925 0.7754612 0.8415922
0.50709397 0.47312438 0.46498042
0.268725 0.18456171 0.09923919
0.6365838 0.5412216 0.42830586
0.67656815 0.5964535 0.48623535
0.6804897 0.60037506 0.49015692
0.6593055 0.58613974 0.48141968
0.6514624 0.5782966 0.47357655
0.6569603 0.5754961 0.47357655
0.6451956 0.56508094 0.4548628
0.6193211 0.53225744 0.41654116
0.6248191 0.5308064 0.40959215
0.62089753 0.52823436 0.39872164
0.6091328 0.5164697 0.38695693
0.61070925 0.50974756 0.38303536
0.62247396 0.52151227 0.39480007
0.62247396 0.52151227 0.39480007
0.6303171 0.5293554 0.4026432
0.63423866 0.53462654 0.39961576
0.62405044 0.51748925 0.37698045
0.62405044 0.5188388 0.37003136
0.62012887 0.51491725 0.3661098
0.60836416 0.50315255 0.35434508
0.62405044 0.51748925 0.37698045
0.6436583 0.5370971 0.3965883
0.63581514 0.52925396 0.38874516
0.62405044 0.51748925 0.37698045
0.62405044 0.51748925 0.37698045
0.62012887 0.5135677 0.3730589
0.61228573 0.50572455 0.36521575
0.62405044 0.51748925 0.37698045
0.62405044 0.51748925 0.37698045
0.62247396 0.52421135 0.38090202
0.62247396 0.52421135 0.38090202
0.6420818 0.5424697 0.4074589
0.6538465 0.5555839 0.41227457
0.66168964 0.5620775 0.42706674
0.6695328 0.56992066 0.43490988
0.6773759 0.5791133 0.43580398
0.70874846 0.60913634 0.47412556
0.71267 0.6144074 0.4710981
0.70874846 0.61048585 0.46717653
0.7142465 0.6076853 0.46717653
0.71032494 0.60376376 0.46325496
0.71032494 0.60376376 0.46325496
0.7181681 0.6116069 0.4710981
0.7260112 0.61945003 0.47894123
0.72051316 0.62225056 0.47894123
0.7165916 0.6169795 0.4819687
0.72443473 0.6248226 0.48981184
0.7165916 0.6169795 0.4819687
0.72208965 0.61552846 0.47501966
0.7064034 0.5998422 0.4593334
0.6907171 0.5841559 0.44364712
0.68679553 0.58023435 0.43972555
0.68679553 0.58023435 0.43972555
0.6812975 0.5830349 0.43972555
0.68679553 0.58023435 0.43972555
0.6789524 0.5723912 0.4318824
0.6671877 0.5606265 0.4201177
0.67110926 0.5645481 0.42403927
0.6750308 0.56846964 0.42796084
0.67110926 0.56589764 0.41709018
0.65934455 0.55413294 0.40532547
0.6397367 0.5345251 0.38571763
0.6436583 0.53844666 0.3896392
0.64757985 0.54236823 0.39356077
0.62405044 0.5201884 0.36308235
0.62012887 0.5162668 0.35916078
0.62405044 0.5201884 0.36308235
0.62405044 0.5215379 0.3561334
0.627972 0.52545947 0.36005497
0.62012887 0.51761633 0.35221183
0.2905609 0.3121833 0.34802356
0.30859235 0.33851323 0.37155297
0.30467078 0.33324212 0.37458044
0.29682764 0.32539898 0.3667373
0.2772198 0.30579114 0.34712946
0.24976882 0.27699062 0.32662743
0.2403492 0.27586964 0.32270586
0.26230222 0.3047716 0.35710585
0.26856893 0.31933683 0.36887056
0.2842552 0.33367357 0.39150587
0.35092187 0.40034023 0.45817253
0.42543167 0.47619957 0.5257333
0.4505375 0.49300689 0.54534113
0.4333138 0.44528812 0.4922275
0.38944688 0.35007915 0.37512946
0.38321927 0.30080792 0.30116868
0.367533 0.28647122 0.2785333
0.33377624 0.2805105 0.2945647
0.20194124 0.21256605 0.2678039
0.14073357 0.1818534 0.24248624
0.1352356 0.18465394 0.24248624
0.14150226 0.19786964 0.26120004
0.15169056 0.21500689 0.28383532
0.17756505 0.24783047 0.32215685
0.2097063 0.29386973 0.3791922
0.2198946 0.31100696 0.40182748
0.21205147 0.3018143 0.40093333
0.2081299 0.29789272 0.39701176
0.23950244 0.32791573 0.4353333
0.26145545 0.35951677 0.45583528
0.26380062 0.3688109 0.47062743
0.2677222 0.37138292 0.481498
0.23242806 0.3360888 0.4462039
0.19478878 0.290151 0.40306664
0.17675735 0.26517063 0.37258822
0.17675735 0.26652017 0.3656392
0.18225533 0.26371965 0.3656392
0.19402003 0.2768339 0.37045494
0.19402003 0.2768339 0.37045494
0.22462389 0.29623884 0.36226672
0.5714155 0.5358951 0.48905888
0.605941 0.55652255 0.4986902
0.61378413 0.56571525 0.49958432
0.6216273 0.5735584 0.50742745
0.62320364 0.5681858 0.49655694
0.60751736 0.55249953 0.48087066
0.60909384 0.5457774 0.4769491
0.60909384 0.54712695 0.47000006
0.6130154 0.5510485 0.47392163
0.6247801 0.5628132 0.48568633
0.62320364 0.5695354 0.4896079
0.63496834 0.5813001 0.5013726
0.6428115 0.5904928 0.50226665
0.6404664 0.57984906 0.49442354
0.6365448 0.5759275 0.49050197
0.6365448 0.5759275 0.49050197
0.64438796 0.58377063 0.4983451
0.65615267 0.59418577 0.51705885
0.674184 0.62051576 0.54058826
0.674184 0.6191662 0.5475373
0.6223959 0.58822507 0.53309023
0.4929451 0.4908201 0.4797725
0.28902355 0.285549 0.2828
0.5965214 0.55540156 0.49476862
0.68829393 0.64157456 0.56714517
0.7039802 0.65726084 0.58283144
0.4059019 0.3898789 0.36783534
0.13527457 0.15129757 0.17334116
0.13054527 0.16606571 0.21290193
0.103094295 0.13861473 0.18545096
0.0842552 0.13232398 0.19845495
0.14772995 0.24309218 0.3560078
0.14146322 0.2298765 0.3372941
0.10147885 0.17599411 0.27241573
0.070106305 0.14462155 0.24104318
0.10774551 0.19055939 0.28418043
0.17441218 0.2558765 0.35779604
0.18383178 0.25834703 0.35476866
0.16187878 0.22944508 0.32036865
0.09759632 0.13871615 0.19934899
0.09448247 0.11610487 0.15194513
0.096058875 0.10938277 0.14802356
0.09213731 0.10681076 0.13715291
0.09448247 0.11475532 0.15889415
0.09129055 0.15885685 0.24978042
0.5241225 0.6957224 0.8221255
0.6347341 0.7868367 0.88844705
0.6646474 0.7140657 0.77189803
0.4976744 0.46930426 0.47495684
0.2891016 0.22018576 0.13756076
0.63735247 0.5572378 0.44701967
0.6569603 0.57684565 0.4666275
0.6632271 0.5914109 0.4783922
0.6749918 0.601826 0.49710596
0.6710702 0.59790444 0.4931844
0.6632271 0.5900613 0.48534125
0.66480345 0.5846888 0.47447065
0.6820662 0.59500253 0.47928625
0.67422307 0.58850896 0.4644941
0.67422307 0.58850896 0.4644941
0.6820662 0.5963521 0.47233725
0.6938309 0.6081168 0.48410195
0.6938309 0.6081168 0.48410195
0.68990934 0.60419524 0.48018038
0.6938309 0.6094663 0.477153
0.7150152 0.622352 0.49283928
0.70717204 0.61585844 0.47804713
0.7009053 0.6026427 0.4593334
0.6891406 0.590878 0.44756868
0.68521905 0.58695644 0.44364712
0.71267 0.6130579 0.47804713
0.7165916 0.6169795 0.4819687
0.72443473 0.6261721 0.4828628
0.72051316 0.62225056 0.47894123
0.71267 0.6144074 0.4710981
0.7283563 0.6300937 0.48678437
0.72051316 0.62090105 0.48589027
0.7283563 0.6287442 0.4937334
0.72443473 0.6261721 0.4828628
0.71267 0.6130579 0.47804713
0.70874846 0.60913634 0.47412556
0.71267 0.6130579 0.47804713
0.72051316 0.62090105 0.48589027
0.72051316 0.62090105 0.48589027
0.72443473 0.6261721 0.4828628
0.71267 0.6144074 0.4710981
0.71267 0.6144074 0.4710981
0.7064034 0.5998422 0.4593334
0.6907171 0.5841559 0.44364712
0.68679553 0.5815839 0.43277645
0.6750308 0.5698192 0.42101175
0.6671877 0.5619761 0.4131686
0.6671877 0.5606265 0.4201177
0.65934455 0.55278337 0.41227457
0.655423 0.5488618 0.408353
0.6515014 0.54494023 0.40443143
0.6632661 0.55670494 0.41619614
0.655423 0.5488618 0.408353
0.6436583 0.5370971 0.3965883
0.65934455 0.55278337 0.41227457
0.655423 0.5488618 0.408353
0.655423 0.55021137 0.4014039
0.6671877 0.5619761 0.4131686
0.64757985 0.54236823 0.39356077
0.63581514 0.52925396 0.38874516
0.6397367 0.5345251 0.38571763
0.62012887 0.51491725 0.3661098
0.6162073 0.5109957 0.36218822
0.62405044 0.51748925 0.37698045
0.61228573 0.50572455 0.36521575
0.61228573 0.5070741 0.35826665
0.60836416 0.50315255 0.35434508
0.60836416 0.50315255 0.35434508
0.61228573 0.5070741 0.35826665
0.61228573 0.5084237 0.35131764
0.61228573 0.5070741 0.35826665
0.6162073 0.51234525 0.3552392
0.60836416 0.5045021 0.34739608
0.60836416 0.5045021 0.34739608
0.61386216 0.50305104 0.34044713
0.29213732 0.3054612 0.344102
0.31801188 0.33828473 0.38242358
0.32427862 0.35150042 0.40113723
0.29682764 0.32404944 0.37368625
0.28506294 0.31228474 0.36192155
0.28506294 0.31228474 0.36192155
0.26780018 0.30332062 0.35015684
0.2779885 0.3218074 0.36584312
0.27406693 0.3165363 0.36887056
0.28033364 0.329752 0.3875843
0.34857672 0.3910461 0.44338036
0.41916496 0.46163434 0.5139686
0.44427076 0.4797912 0.5266274
0.4176275 0.4309514 0.46959218
0.38552532 0.34750715 0.3642588
0.37537614 0.2929648 0.29332554
0.3691094 0.2797491 0.27461174
0.3392743 0.27905947 0.28761566
0.1940981 0.20607243 0.2530118
0.1352356 0.18465394 0.24248624
0.1352356 0.18465394 0.24248624
0.1375807 0.19394808 0.25727847
0.1595337 0.22285002 0.29167846
0.18148662 0.25175202 0.32607841
0.2097063 0.29386973 0.3791922
0.21597303 0.3070854 0.39790592
0.19636519 0.286128 0.38524705
0.20420833 0.2926216 0.4000392
0.23950244 0.32791573 0.4353333
0.27714172 0.3738535 0.47847056
0.31870258 0.4223633 0.5324784
0.3288908 0.44085014 0.54816467
0.26222414 0.37418348 0.481498
0.18144767 0.28510842 0.3952235
0.15557308 0.25228488 0.35690194
0.1587259 0.24019024 0.34210977
0.15322793 0.24299076 0.34210977
0.16972192 0.23728822 0.32821178
0.17679638 0.23046467 0.31039214
0.24665491 0.25572893 0.27227455
0.60044295 0.55932313 0.4986902
0.605941 0.5578721 0.49174118
0.6153605 0.56034267 0.4887138
0.61928207 0.56426424 0.49263537
0.6035958 0.54857796 0.4769491
0.59732914 0.53536224 0.45823535
0.60909384 0.54712695 0.47000006
0.6012507 0.5392838 0.46215692
0.62085855 0.5602412 0.4748157
0.6365448 0.5759275 0.49050197
0.6404664 0.57984906 0.49442354
0.6483095 0.5876922 0.50226665
0.66007423 0.5994569 0.51403135
0.66007423 0.5994569 0.51403135
0.6639958 0.6033785 0.5179529
0.6639958 0.6033785 0.5179529
0.6624193 0.6101006 0.5218745
0.6663409 0.6140222 0.52579606
0.6624193 0.60875106 0.5288236
0.65849775 0.6034799 0.53185105
0.46472543 0.4473529 0.43360788
0.14077255 0.14984658 0.16639219
0.13842753 0.13920285 0.15854906
0.10705497 0.10917984 0.12022748
0.3823725 0.3663495 0.34430593
0.5188587 0.49163684 0.44200003
0.2968667 0.2920426 0.29759213
0.17841183 0.19443482 0.2164784
0.1415413 0.16451325 0.19205487
0.09448247 0.11475532 0.15889415
0.08114135 0.108363174 0.15799996
0.12112573 0.16224556 0.2228784
0.11720416 0.15832399 0.21895683
0.107784614 0.15450385 0.22893336
0.1595337 0.22150049 0.29862744
0.101517886 0.14128816 0.21021965
0.08740802 0.121578895 0.17671369
0.075643316 0.10981419 0.16494898
0.08348645 0.117657326 0.17279212
0.14623155 0.18040243 0.23553723
0.096058875 0.10938277 0.14802356
0.0905609 0.1121833 0.14802356
0.098404035 0.12002644 0.1558667
0.098404035 0.11732735 0.16976467
0.0842161 0.16568044 0.26759997
0.5460754 0.72597396 0.8495765
0.6370793 0.7961308 0.90323925
0.63327485 0.68134356 0.74747455
0.50470984 0.49718663 0.51933336
0.31808996 0.27562058 0.22328632
0.6969448 0.630728 0.53150594
0.70244277 0.629277 0.52455693
0.7102859 0.6371201 0.5324001
0.71263105 0.6477638 0.5402432
0.7220506 0.64888483 0.5441648
0.70244277 0.629277 0.52455693
0.7040191 0.62390447 0.5136863
0.70167404 0.6146104 0.4988941
0.6859878 0.5989241 0.48320782
0.6820662 0.59500253 0.47928625
0.6977525 0.6106888 0.49497253
0.6938309 0.6081168 0.48410195
0.6663799 0.5806658 0.45665097
0.6585368 0.5728227 0.44880784
0.67422307 0.5898585 0.45754516
0.65619165 0.5648781 0.42706674
0.66795635 0.57664275 0.43883145
0.64600337 0.54774076 0.40443143
0.6420818 0.5438192 0.40050986
0.63423866 0.53462654 0.39961576
0.6381602 0.5385481 0.40353733
0.64992493 0.5503128 0.41530204
0.63423866 0.53462654 0.39961576
0.64600337 0.54774076 0.40443143
0.6381602 0.5398976 0.3965883
0.6381602 0.5398976 0.3965883
0.64600337 0.54639125 0.41138047
0.6420818 0.5424697 0.4074589
0.63423866 0.53597605 0.39266673
0.63423866 0.53462654 0.39961576
0.6303171 0.5320545 0.38874516
0.6185524 0.5202898 0.37698045
0.62405044 0.51748925 0.37698045
0.6436583 0.5357476 0.40353733
0.627972 0.5214108 0.38090202
0.6397367 0.5331755 0.39266673
0.6436583 0.5370971 0.3965883
0.6397367 0.5331755 0.39266673
0.62012887 0.5135677 0.3730589
0.63581514 0.52925396 0.38874516
0.63581514 0.52925396 0.38874516
0.6318936 0.5253324 0.3848236
0.627972 0.5214108 0.38090202
0.627972 0.5214108 0.38090202
0.627972 0.5214108 0.38090202
0.6318936 0.5253324 0.3848236
0.64757985 0.54101866 0.40050986
0.6750308 0.56846964 0.42796084
0.68287396 0.5763128 0.43580398
0.6907171 0.5841559 0.44364712
0.6750308 0.5698192 0.42101175
0.6687641 0.5552539 0.40924704
0.67268574 0.5591755 0.4131686
0.65699947 0.5434892 0.39748234
0.65934455 0.55413294 0.40532547
0.6671877 0.5619761 0.4131686
0.6436583 0.53844666 0.3896392
0.6436583 0.5370971 0.3965883
0.6671877 0.5606265 0.4201177
0.655423 0.5488618 0.408353
0.655423 0.5488618 0.408353
0.6397367 0.5345251 0.38571763
0.6436583 0.53844666 0.3896392
0.6515014 0.5462898 0.39748234
0.655423 0.55021137 0.4014039
0.65934455 0.55413294 0.40532547
0.6436583 0.53844666 0.3896392
0.6318936 0.5280315 0.3709255
0.62012887 0.51491725 0.3661098
0.600521 0.49665898 0.33955294
0.2842942 0.29761806 0.33625886
0.3078236 0.32114747 0.35978827
0.31801188 0.3369352 0.38937253
0.32585502 0.34477833 0.39721566
0.28271776 0.30164108 0.3540784
0.29290608 0.31877834 0.3767137
0.28740802 0.32157892 0.3767137
0.27172175 0.30589265 0.36102742
0.27172175 0.30589265 0.36102742
0.27564332 0.3098142 0.364949
0.3266237 0.36214414 0.40898037
0.40663156 0.43385336 0.48349017
0.42231783 0.44953963 0.49917644
0.39959607 0.40462145 0.44606277
0.3792586 0.33294192 0.3524941
0.367533 0.28647122 0.2785333
0.37303096 0.28367066 0.2785333
0.32750958 0.26729476 0.27585095
0.18467855 0.20495139 0.24909022
0.13131402 0.18073237 0.23856467
0.13131402 0.18073237 0.23856467
0.14150226 0.19786964 0.26120004
0.1595337 0.22285002 0.29167846
0.17991021 0.2571246 0.336949
0.21597303 0.3070854 0.39790592
0.23558088 0.3253437 0.42446274
0.22223976 0.317602 0.4305176
0.22066335 0.3243241 0.43443918
0.25045943 0.3610692 0.4766823
0.2998634 0.41877168 0.53158426
0.3492674 0.4764742 0.5864862
0.34534582 0.47255263 0.58256465
0.27398884 0.3845986 0.5002117
0.19555748 0.30616724 0.42178035
0.1916359 0.30224568 0.41785878
0.1892908 0.29160202 0.41001564
0.18460049 0.27301377 0.38043135
0.19482781 0.2540955 0.34781963
0.21997267 0.23484732 0.31218043
0.44592527 0.40905538 0.37051767
0.5941763 0.5461074 0.47997648
0.61143893 0.5550716 0.49174118
0.60751736 0.55115 0.4878196
0.5879095 0.5328917 0.46126282
0.59575266 0.5407348 0.46910596
0.60909384 0.54712695 0.47000006
0.6051723 0.5432054 0.4660785
0.6247801 0.5641628 0.47873726
0.6365448 0.5759275 0.49050197
0.6522311 0.59161377 0.5061882
0.6522311 0.59161377 0.5061882
0.6522311 0.59161377 0.5061882
0.6522311 0.59161377 0.5061882
0.6483095 0.5876922 0.50226665
0.63262326 0.5720059 0.4865804
0.6287017 0.56808436 0.48265883
0.616937 0.55631965 0.47089413
0.6287017 0.56808436 0.48265883
0.63262326 0.57065636 0.49352947
0.6388899 0.5838721 0.5122432
0.40355676 0.3805848 0.3530431
0.13450596 0.13663083 0.14767846
0.11097654 0.11310141 0.12414905
0.08352556 0.08565043 0.09669807
0.07960399 0.08172886 0.0927765
0.08194901 0.09102305 0.10756866
0.096058875 0.11073233 0.14107448
0.26310992 0.28608188 0.31362352
0.1297766 0.15139899 0.18723926
0.11409032 0.13436317 0.178502
0.112513915 0.14108527 0.18242356
0.099172726 0.13469316 0.18152939
0.081910044 0.12302987 0.18366271
0.075604275 0.14452013 0.22714508
0.13050623 0.19807254 0.2889961
0.08975318 0.12952346 0.19845495
0.14230998 0.17648086 0.23161566
0.16976096 0.20393184 0.25906664
0.15015312 0.18297444 0.2464078
0.10467078 0.13189259 0.18152939
0.09448247 0.11610487 0.15194513
0.09448247 0.11610487 0.15194513
0.098404035 0.12002644 0.1558667
0.08898449 0.11620631 0.1658431
0.07556531 0.1778765 0.29629016
0.5680284 0.75622547 0.87702745
0.64334595 0.810696 0.91500396
0.61128277 0.6871476 0.77527064
0.5399649 0.5671868 0.61682355
0.3251254 0.30215344 0.27461174
0.6812585 0.61369216 0.5227686
0.7087095 0.6438422 0.53632164
0.70086634 0.6359991 0.5284785
0.6969448 0.630728 0.53150594
0.6969448 0.630728 0.53150594
0.6867565 0.6135907 0.50887066
0.6749918 0.6031756 0.49015692
0.668725 0.58861035 0.4783922
0.6703015 0.5832378 0.46752155
0.6703015 0.5832378 0.46752155
0.6703015 0.5832378 0.46752155
0.65069366 0.56497955 0.4409647
0.6467721 0.561058 0.43704313
0.6663799 0.58201534 0.44970202
0.66795635 0.5752932 0.44578046
0.6522701 0.5609565 0.42314517
0.6695328 0.56992066 0.43490988
0.6695328 0.56992066 0.43490988
0.6538465 0.5542344 0.4192236
0.6656112 0.5659991 0.4309883
0.66168964 0.5620775 0.42706674
0.6812975 0.58168536 0.4466746
0.6773759 0.5777638 0.44275302
0.67345434 0.5738422 0.43883145
0.6695328 0.57127017 0.42796084
0.67345434 0.57519174 0.4318824
0.67345434 0.5738422 0.43883145
0.68521905 0.58560693 0.45059615
0.6812975 0.5830349 0.43972555
0.6812975 0.58168536 0.4466746
0.6773759 0.5791133 0.43580398
0.6891406 0.5895285 0.45451772
0.6812975 0.58168536 0.4466746
0.68287396 0.5763128 0.43580398
0.6436583 0.5370971 0.3965883
0.6671877 0.5606265 0.4201177
0.6773759 0.5791133 0.43580398
0.6930622 0.59345007 0.4584393
0.6773759 0.5791133 0.43580398
0.6907171 0.5841559 0.44364712
0.69463867 0.5880775 0.44756868
0.6907171 0.5841559 0.44364712
0.6789524 0.5723912 0.4318824
0.6750308 0.56846964 0.42796084
0.6671877 0.5606265 0.4201177
0.6671877 0.5606265 0.4201177
0.6671877 0.5606265 0.4201177
0.6671877 0.5606265 0.4201177
0.6671877 0.5606265 0.4201177
0.65934455 0.55413294 0.40532547
0.6318936 0.52668196 0.3778745
0.62954843 0.51603824 0.37003136
0.63347006 0.5199598 0.37395293
0.6217053 0.5081951 0.36218822
0.61386216 0.50170153 0.34739608
0.6256269 0.51346624 0.35916078
0.61386216 0.50035197 0.35434508
0.627972 0.5227604 0.37395293
0.64757985 0.54101866 0.40050986
0.6436583 0.5370971 0.3965883
0.6397367 0.5345251 0.38571763
0.6318936 0.52668196 0.3778745
0.627972 0.5227604 0.37395293
0.627972 0.5227604 0.37395293
0.61228573 0.5070741 0.35826665
0.6162073 0.5109957 0.36218822
0.6162073 0.51234525 0.3552392
0.60836416 0.50315255 0.35434508
0.62012887 0.51491725 0.3661098
0.6162073 0.5109957 0.36218822
0.26157257 0.25135028 0.2900941
0.27176085 0.26713797 0.3196785
0.29213732 0.30006304 0.37189803
0.29998046 0.30790618 0.37974116
0.28587058 0.2854978 0.36013332
0.28821576 0.2947919 0.37492552
0.28663933 0.301514 0.3788471
0.26076478 0.2686905 0.34052548
0.26234117 0.2619684 0.3366039
0.26234117 0.2619684 0.3366039
0.29371372 0.29334095 0.36797646
0.32900783 0.3299846 0.39632154
0.34077254 0.34309885 0.40113723
0.33765876 0.319138 0.36068234
0.34161937 0.28835362 0.30240783
0.3691094 0.2797491 0.27461174
0.36518782 0.27582753 0.27069017
0.3259331 0.27266735 0.28672156
0.19017653 0.20215087 0.24909022
0.13131402 0.18073237 0.23856467
0.1352356 0.18465394 0.24248624
0.1493454 0.20571278 0.26904318
0.16187878 0.23214419 0.30647057
0.1861769 0.2703403 0.3556628
0.22850649 0.33351678 0.4353333
0.26222414 0.37418348 0.481498
0.27241242 0.3899712 0.5110824
0.29044387 0.4149516 0.54156077
0.30063203 0.43343845 0.55724704
0.3382713 0.47937623 0.6003843
0.3735654 0.5146704 0.6356784
0.34376928 0.47792524 0.5934353
0.25280458 0.37171286 0.48452544
0.24888301 0.3677913 0.48060387
0.2747576 0.40061486 0.51892555
0.29044387 0.41630113 0.5346118
0.2661457 0.37540594 0.49931768
0.27091402 0.32053366 0.4253569
0.30470982 0.29178843 0.34712946
0.56514883 0.5213299 0.47729418
0.5902547 0.54218584 0.4760549
0.6153605 0.55899316 0.49566275
0.62320364 0.5668363 0.5035059
0.62320364 0.5668363 0.5035059
0.61143893 0.5564211 0.48479223
0.5918311 0.5381628 0.45823535
0.6051723 0.5432054 0.4660785
0.6130154 0.5523981 0.46697256
0.62085855 0.5602412 0.4748157
0.62085855 0.5602412 0.4748157
0.6247801 0.5655123 0.47178823
0.6404664 0.5811986 0.4874745
0.62635654 0.5587902 0.46786666
0.616937 0.55766916 0.4639451
0.63262326 0.5720059 0.4865804
0.6365448 0.5759275 0.49050197
0.6365448 0.5759275 0.49050197
0.64438796 0.58242106 0.5052942
0.6404664 0.5784995 0.5013726
0.6310468 0.5773785 0.49745104
0.53454494 0.5059736 0.46463537
0.12823923 0.12341515 0.12896468
0.120396085 0.115572006 0.12112154
0.08902354 0.0828499 0.09669807
0.1031334 0.10525827 0.11630591
0.111745164 0.12776816 0.14981174
0.12350987 0.13818331 0.16852546
0.11724313 0.124967635 0.14981174
0.11332156 0.1223956 0.1389412
0.111745164 0.12641862 0.15676075
0.11878057 0.15295145 0.20808625
0.12189442 0.17691225 0.2485412
0.09048283 0.17889611 0.2863137
0.25830257 0.3675628 0.49147454
0.28890643 0.38426867 0.49718428
0.11170618 0.15977496 0.22590593
0.09525116 0.12942204 0.18455684
0.09290606 0.12012788 0.16976467
0.09290606 0.12147742 0.16281572
0.09448247 0.11475532 0.15889415
0.09448247 0.11610487 0.15194513
0.098404035 0.12002644 0.1558667
0.09448247 0.11610487 0.15194513
0.09525116 0.13077159 0.17760782
0.05514974 0.18100698 0.29931766
0.5899814 0.7851275 0.9114274
0.65511066 0.8224607 0.92676866
0.6112437 0.72455263 0.8235686
0.6089376 0.6778535 0.76047844
0.29921183 0.3040358 0.29848626
0.6365448 0.5759275 0.49050197
0.6945996 0.62008435 0.5236628
0.6985212 0.6240059 0.5275844
0.70086634 0.6346496 0.5354275
0.6945996 0.62008435 0.5236628
0.70636433 0.63184905 0.5354275
0.69067806 0.6175123 0.5127922
0.70009756 0.6199829 0.5097648
0.70009756 0.62133247 0.50281566
0.7095172 0.6224535 0.50673723
0.7095172 0.6224535 0.50673723
0.70167404 0.61595994 0.4919451
0.6977525 0.6133879 0.48107457
0.70325047 0.61058736 0.48107457
0.6993289 0.6080153 0.470204
0.69698375 0.59737164 0.46236086
0.69698375 0.59737164 0.46236086
0.7048269 0.6052148 0.470204
0.70717204 0.61585844 0.47804713
0.70325047 0.6119369 0.47412556
0.7150152 0.6237016 0.48589027
0.7165916 0.6169795 0.4819687
0.70874846 0.60913634 0.47412556
0.71267 0.6130579 0.47804713
0.70874846 0.61048585 0.46717653
0.70874846 0.61048585 0.46717653
0.7048269 0.6065643 0.46325496
0.70874846 0.60913634 0.47412556
0.70874846 0.60913634 0.47412556
0.71267 0.6144074 0.4710981
0.71267 0.6130579 0.47804713
0.6930622 0.59345007 0.4584393
0.69698375 0.59872115 0.45541182
0.6930622 0.5947996 0.45149025
0.67345434 0.57519174 0.4318824
0.6891406 0.5895285 0.45451772
0.6656112 0.5659991 0.4309883
0.6812975 0.58168536 0.4466746
0.6695328 0.56992066 0.43490988
0.64992493 0.5516623 0.408353
0.6515014 0.54494023 0.40443143
0.6436583 0.5370971 0.3965883
0.64757985 0.54101866 0.40050986
0.64757985 0.54101866 0.40050986
0.64992493 0.5503128 0.41530204
0.64992493 0.5516623 0.408353
0.655423 0.5488618 0.408353
0.655423 0.5488618 0.408353
0.6515014 0.54494023 0.40443143
0.6632661 0.55670494 0.41619614
0.64757985 0.54236823 0.39356077
0.63347006 0.5199598 0.37395293
0.6413132 0.52780294 0.38179606
0.6256269 0.5121167 0.3661098
0.63347006 0.5199598 0.37395293
0.6413132 0.52780294 0.38179606
0.6318936 0.52668196 0.3778745
0.627972 0.5227604 0.37395293
0.627972 0.5214108 0.38090202
0.61228573 0.5070741 0.35826665
0.61228573 0.5084237 0.35131764
0.63739157 0.5238814 0.3778745
0.627972 0.5227604 0.37395293
0.600521 0.4953094 0.34650195
0.59659946 0.49138784 0.34258038
0.6044426 0.49923098 0.3504235
0.6044426 0.49923098 0.3504235
0.6044426 0.49923098 0.3504235
0.600521 0.4953094 0.34650195
0.6028661 0.5046035 0.36129418
0.24277243 0.20495544 0.26869807
0.2568823 0.22601429 0.2952549
0.252153 0.24213196 0.3278667
0.279604 0.2682334 0.36226672
0.28902355 0.26935443 0.3661883
0.28352556 0.27215496 0.3661883
0.28352556 0.27080542 0.37313724
0.257651 0.23798189 0.33481574
0.24588628 0.22621717 0.323051
0.24746269 0.21949506 0.31912944
0.24980785 0.23013873 0.32697257
0.24980785 0.23013873 0.32697257
0.25138426 0.2247662 0.316102
0.26238027 0.2272624 0.2744078
0.31339973 0.24353686 0.26319215
0.36126626 0.27190596 0.2667686
0.3691094 0.2797491 0.27461174
0.32750958 0.26729476 0.27585095
0.17683542 0.19710825 0.24124709
0.13131402 0.18073237 0.23856467
0.14307873 0.1911475 0.25727847
0.14384742 0.20716375 0.27599218
0.16972192 0.23998733 0.3143137
0.20578474 0.2885986 0.38221964
0.25045943 0.3637683 0.4627843
0.32731438 0.44622266 0.55903524
0.34769085 0.48049727 0.60430586
0.3735654 0.5146704 0.6356784
0.37983215 0.52788603 0.6543922
0.39944002 0.5474939 0.674
0.38767532 0.53572917 0.6622354
0.32573798 0.45159525 0.5699059
0.298287 0.42414427 0.54245496
0.3610321 0.48688936 0.60520005
0.40809095 0.5339482 0.6522589
0.43396538 0.5681214 0.6836314
0.40809095 0.5339482 0.6522589
0.36499262 0.45340592 0.5608235
0.38079602 0.36497432 0.3899216
0.5925998 0.5501304 0.49779615
0.60986257 0.5617937 0.49566275
0.62554884 0.57747996 0.511349
0.633392 0.5853231 0.51919216
0.6310468 0.57467943 0.511349
0.6310468 0.57602894 0.5044001
0.6271252 0.5721074 0.5004785
0.61143893 0.55777067 0.4778432
0.6051723 0.5432054 0.4660785
0.62085855 0.5602412 0.4748157
0.62085855 0.5602412 0.4748157
0.6130154 0.5523981 0.46697256
0.6130154 0.5537476 0.46002352
0.61067027 0.54310393 0.4521804
0.60909384 0.5484765 0.463051
0.6247801 0.5641628 0.47873726
0.6287017 0.56808436 0.48265883
0.6247801 0.5628132 0.48568633
0.64438796 0.58242106 0.5052942
0.63496834 0.5813001 0.5013726
0.62554884 0.57882947 0.5044001
0.2827568 0.2709838 0.27103528
0.11255295 0.109078415 0.10632938
0.10628621 0.094513185 0.09456468
0.09059994 0.07882691 0.0788784
0.09294511 0.08947057 0.08672154
0.10782358 0.12249704 0.15283918
0.10071017 0.1640265 0.23285493
0.11255295 0.10637931 0.12022748
0.10863138 0.1038073 0.109356835
0.099211834 0.10268626 0.10543527
0.08587058 0.09494462 0.11149023
0.06780018 0.10197105 0.15710585
0.08890642 0.18426865 0.2971843
0.23242806 0.3333897 0.460102
0.1563808 0.22954653 0.33426663
0.08348645 0.117657326 0.17279212
0.08114135 0.10971271 0.15105101
0.09448247 0.11475532 0.15889415
0.09448247 0.11610487 0.15194513
0.0905609 0.1121833 0.14802356
0.09448247 0.11610487 0.15194513
0.098404035 0.12002644 0.1558667
0.1023256 0.12394801 0.15978827
0.09132959 0.12550047 0.18063526
0.033965357 0.16677178 0.29058036
0.5962481 0.79969275 0.9231921
0.6747185 0.84206855 0.9463765
0.63162035 0.76017666 0.8618902
0.64969075 0.7477521 0.84407055
0.29917273 0.33739224 0.3676314
0.6216273 0.5735584 0.50742745
0.6969448 0.62937844 0.5384549
0.68910164 0.6215353 0.53061175
0.71263105 0.6450647 0.55414116
0.68910164 0.6215353 0.53061175
0.6930232 0.62545687 0.5345333
0.6985212 0.6253554 0.52063537
0.65303874 0.5729241 0.46270594
0.6703015 0.5832378 0.46752155
0.6585368 0.5714731 0.45575684
0.6585368 0.5728227 0.44880784
0.6365838 0.54392064 0.4144079
0.63266224 0.5399991 0.41048634
0.6483485 0.5556854 0.4261726
0.65619165 0.5648781 0.42706674
0.64600337 0.54774076 0.40443143
0.6538465 0.5555839 0.41227457
0.66168964 0.5620775 0.42706674
0.6577681 0.55815595 0.42314517
0.6420818 0.5438192 0.40050986
0.66168964 0.56342703 0.4201177
0.6656112 0.5673486 0.42403927
0.6538465 0.5555839 0.41227457
0.6632661 0.55670494 0.41619614
0.6671877 0.5619761 0.4131686
0.6750308 0.56846964 0.42796084
0.6656112 0.5673486 0.42403927
0.68521905 0.58695644 0.44364712
0.70874846 0.61048585 0.46717653
0.7048269 0.6065643 0.46325496
0.69856024 0.5933486 0.44454116
0.6907171 0.5855055 0.43669802
0.6907171 0.5855055 0.43669802
0.7024818 0.5972702 0.44846272
0.7048269 0.6065643 0.46325496
0.7048269 0.6065643 0.46325496
0.7048269 0.6052148 0.470204
0.7165916 0.6169795 0.4819687
0.72443473 0.6248226 0.48981184
0.72208965 0.61552846 0.47501966
0.71032494 0.6051133 0.45630586
0.72208965 0.61552846 0.47501966
0.7165916 0.618329 0.47501966
0.7165916 0.6169795 0.4819687
0.72051316 0.62090105 0.48589027
0.7283563 0.6287442 0.4937334
0.7283563 0.6287442 0.4937334
0.7048269 0.6065643 0.46325496
0.69698375 0.59737164 0.46236086
0.69698375 0.59872115 0.45541182
0.6812975 0.5830349 0.43972555
0.655423 0.5488618 0.408353
0.6671877 0.5606265 0.4201177
0.65934455 0.55278337 0.41227457
0.6397367 0.5331755 0.39266673
0.6318936 0.52668196 0.3778745
0.627972 0.5227604 0.37395293
0.6397367 0.5331755 0.39266673
0.6397367 0.5331755 0.39266673
0.62405044 0.5188388 0.37003136
0.62405044 0.5188388 0.37003136
0.62012887 0.51491725 0.3661098
0.62012887 0.51491725 0.3661098
0.6162073 0.5109957 0.36218822
0.627972 0.5227604 0.37395293
0.6303171 0.53340405 0.38179606
0.6303171 0.5320545 0.38874516
0.64992493 0.5516623 0.408353
0.66168964 0.56342703 0.4201177
0.6656112 0.5659991 0.4309883
0.252192 0.19932875 0.30736473
0.2757214 0.22150862 0.33784312
0.27649015 0.23887439 0.34960783
0.2827568 0.2520901 0.36832154
0.30236465 0.27169794 0.38792938
0.29921183 0.2837926 0.4027216
0.29529026 0.27852145 0.40574905
0.28902355 0.2653058 0.38703534
0.2592274 0.22721115 0.35174122
0.24746269 0.21544641 0.3399765
0.25138426 0.21801844 0.3508471
0.24746269 0.21679598 0.33302742
0.24511759 0.20885137 0.3112863
0.25611356 0.21134761 0.2695922
0.31339973 0.24353686 0.26319215
0.36126626 0.27190596 0.2667686
0.36126626 0.27190596 0.2667686
0.31808996 0.26617375 0.27192938
0.17918058 0.20640239 0.2560392
0.14307873 0.19249707 0.25032938
0.13365912 0.1900265 0.2533569
0.14776899 0.21108532 0.27991375
0.17206708 0.24928145 0.32910585
0.21047506 0.30988592 0.39790592
0.28967512 0.40163445 0.508949
0.36495367 0.49081093 0.60912156
0.4182791 0.55108553 0.6748941
0.4519968 0.59310174 0.7141098
0.45983994 0.5995953 0.728902
0.47394982 0.6220037 0.7485099
0.39317328 0.53292865 0.6622354
0.30770653 0.4252653 0.54637647
0.36495367 0.49081093 0.60912156
0.44730663 0.57316387 0.69147456
0.50063205 0.63478804 0.7502981
0.5320046 0.6661606 0.78167063
0.51239675 0.64655274 0.7620628
0.4692986 0.5673599 0.6636784
0.52904695 0.5033759 0.49243143
0.61378413 0.5630161 0.5134824
0.60986257 0.5604441 0.50261176
0.6310468 0.57467943 0.511349
0.62320364 0.5668363 0.5035059
0.61928207 0.5629147 0.49958432
0.60751736 0.55115 0.4878196
0.60751736 0.55249953 0.48087066
0.60751736 0.5538491 0.47392163
0.616937 0.55631965 0.47089413
0.63262326 0.5720059 0.4865804
0.6522311 0.59161377 0.5061882
0.6522311 0.59161377 0.5061882
0.6483095 0.5876922 0.50226665
0.6365448 0.5759275 0.49050197
0.64438796 0.58377063 0.4983451
0.6365448 0.5759275 0.49050197
0.6522311 0.5902642 0.51313734
0.6428115 0.5891432 0.5092157
0.6506546 0.59698635 0.51705885
0.6451567 0.5984373 0.5240079
0.5604195 0.5374476 0.5099059
0.17295289 0.16117987 0.16123135
0.11412935 0.10235632 0.10240781
0.10394113 0.08521904 0.079772525
0.3674939 0.33197358 0.2851373
0.2874861 0.25891474 0.21757652
0.34857672 0.39239565 0.43643135
0.52965957 0.6568664 0.7668784
0.47491366 0.4658397 0.44929415
0.13531367 0.11794112 0.10419611
0.10863138 0.10515685 0.10240781
0.0913687 0.093493566 0.104541205
0.06310992 0.084732324 0.12057258
0.09832597 0.1853897 0.30110586
0.23634963 0.3386608 0.45707446
0.1461925 0.21375881 0.30468237
0.08506292 0.1109352 0.16887055
0.08506292 0.11363428 0.15497258
0.0905609 0.1121833 0.14802356
0.09448247 0.11610487 0.15194513
0.0905609 0.1121833 0.14802356
0.0905609 0.1121833 0.14802356
0.0905609 0.1121833 0.14802356
0.098404035 0.118676886 0.16281572
0.09525116 0.12942204 0.18455684
0.040232085 0.17998746 0.30929416
0.6095892 0.8047353 0.9310352
0.7076675 0.866719 0.9738275
0.64415365 0.7879577 0.8923686
0.6473066 0.77586293 0.8775765
0.40659252 0.4712584 0.5317883
0.523549 0.51022506 0.47158432
0.6679174 0.6059505 0.5288236
0.68360364 0.6229863 0.53756076
0.6875252 0.6269079 0.5414823
0.68518007 0.61761373 0.5266902
0.67891335 0.6030485 0.5149255
0.66714865 0.59263337 0.49621183
0.67656815 0.5951039 0.4931844
0.6859878 0.5989241 0.48320782
0.67814463 0.59243053 0.46841568
0.6875642 0.5935515 0.47233725
0.66795635 0.5752932 0.44578046
0.6836426 0.59097946 0.46146673
0.69148576 0.5988226 0.46930987
0.6891406 0.5895285 0.45451772
0.6773759 0.5791133 0.43580398
0.68521905 0.58695644 0.44364712
0.6907171 0.5841559 0.44364712
0.69463867 0.5880775 0.44756868
0.68287396 0.5763128 0.43580398
0.6789524 0.5723912 0.4318824
0.6907171 0.5841559 0.44364712
0.7024818 0.5959206 0.45541182
0.6907171 0.5855055 0.43669802
0.67110926 0.56589764 0.41709018
0.6750308 0.5698192 0.42101175
0.69856024 0.59199905 0.45149025
0.6789524 0.5723912 0.4318824
0.67110926 0.56589764 0.41709018
0.6671877 0.5619761 0.4131686
0.6648426 0.55133235 0.40532547
0.6256269 0.5121167 0.3661098
0.63347006 0.5199598 0.37395293
0.63347006 0.5199598 0.37395293
0.64757985 0.54101866 0.40050986
0.6671877 0.5606265 0.4201177
0.6515014 0.54494023 0.40443143
0.655423 0.5488618 0.408353
0.6632661 0.55670494 0.41619614
0.6632661 0.55670494 0.41619614
0.64757985 0.54236823 0.39356077
0.65699947 0.5434892 0.39748234
0.64757985 0.54101866 0.40050986
0.67345434 0.57519174 0.4318824
0.67110926 0.5645481 0.42403927
0.65934455 0.55278337 0.41227457
0.6750308 0.56846964 0.42796084
0.6773759 0.5791133 0.43580398
0.6930622 0.5947996 0.45149025
0.6773759 0.5791133 0.43580398
0.7142465 0.6076853 0.46717653
0.7181681 0.6116069 0.4710981
0.69856024 0.59199905 0.45149025
0.7048269 0.6065643 0.46325496
0.7181681 0.6116069 0.4710981
0.6930622 0.5947996 0.45149025
0.7009053 0.6026427 0.4593334
0.7009053 0.6026427 0.4593334
0.7009053 0.6026427 0.4593334
0.6812975 0.5830349 0.43972555
0.6773759 0.5791133 0.43580398
0.67345434 0.57519174 0.4318824
0.66168964 0.56342703 0.4201177
0.66168964 0.56342703 0.4201177
0.6577681 0.55950546 0.41619614
0.6812975 0.5830349 0.43972555
0.67345434 0.5738422 0.43883145
0.6420818 0.5424697 0.4074589
0.6381602 0.5385481 0.40353733
0.6420818 0.5438192 0.40050986
0.26003513 0.20447281 0.32910585
0.2992508 0.2436885 0.36832154
0.30001956 0.26105425 0.38008624
0.30001956 0.2597047 0.38703534
0.30078825 0.2770705 0.39880005
0.2976353 0.29051477 0.40664318
0.29921183 0.2837926 0.4027216
0.29921183 0.28244302 0.40967062
0.27491367 0.24154785 0.3743765
0.2592274 0.22451207 0.3656392
0.26314896 0.22978315 0.3626118
0.26080388 0.21913946 0.35476866
0.2584587 0.21254444 0.32607841
0.26945466 0.21504065 0.28438434
0.31889775 0.24073629 0.26319215
0.3589211 0.2612623 0.25892547
0.3573447 0.2679844 0.26284704
0.31808996 0.26617375 0.27192938
0.18075699 0.20102982 0.24516866
0.1352356 0.18465394 0.24248624
0.1375807 0.19394808 0.25727847
0.15403564 0.2256506 0.29167846
0.17833374 0.26249716 0.34781963
0.2300829 0.32814422 0.42446274
0.3116281 0.4305364 0.54334897
0.3947497 0.5289057 0.64441574
0.46141636 0.5942228 0.71803135
0.49513406 0.636239 0.75724703
0.52258503 0.66369 0.784698
0.50532234 0.6533762 0.77988243
0.33592615 0.46873257 0.59254116
0.30770653 0.4252653 0.54637647
0.41201252 0.53786975 0.65618044
0.48886734 0.62302333 0.7385334
0.53592616 0.67008215 0.7855922
0.555534 0.68969 0.80520004
0.53984773 0.6740037 0.78951377
0.5140123 0.6051246 0.69594514
0.58710176 0.5488823 0.51864314
0.59809786 0.54732984 0.49779615
0.6020194 0.552601 0.49476862
0.6153605 0.55899316 0.49566275
0.6153605 0.55899316 0.49566275
0.6153605 0.56034267 0.4887138
0.60751736 0.55249953 0.48087066
0.60909384 0.54712695 0.47000006
0.6287017 0.5667348 0.4896079
0.6404664 0.5784995 0.5013726
0.64438796 0.58377063 0.4983451
0.6404664 0.57984906 0.49442354
0.6404664 0.57984906 0.49442354
0.6365448 0.5759275 0.49050197
0.6287017 0.56808436 0.48265883
0.6365448 0.5759275 0.49050197
0.6404664 0.57984906 0.49442354
0.6522311 0.5902642 0.51313734
0.6545762 0.6009079 0.5209805
0.6663409 0.6126726 0.5327451
0.6647645 0.61669564 0.5505647
0.36118817 0.3507647 0.3425176
0.14942348 0.13765046 0.13770194
0.27964297 0.2497221 0.21668234
0.10551754 0.07984647 0.06890199
0.16826263 0.14529069 0.117749
0.66161156 0.6260912 0.579255
0.4458082 0.5091246 0.577953
0.54534584 0.67255265 0.7825647
0.58237255 0.5663495 0.5443059
0.24434884 0.21577749 0.17443925
0.13923524 0.121862695 0.108117685
0.10078824 0.09731371 0.09456468
0.07802744 0.08575194 0.110596046
0.108553305 0.1705201 0.24764703
0.22931415 0.31077847 0.41269803
0.14307873 0.18979797 0.26422748
0.08898449 0.11620631 0.1658431
0.09290606 0.12147742 0.16281572
0.098404035 0.12002644 0.1558667
0.098404035 0.12002644 0.1558667
0.0905609 0.1121833 0.14802356
0.09448247 0.11610487 0.15194513
0.09448247 0.11610487 0.15194513
0.098404035 0.118676886 0.16281572
0.10074921 0.12662148 0.18455684
0.02846738 0.16822276 0.29752946
0.61743236 0.81257844 0.93887836
0.72885174 0.8809543 0.9825647
0.6598399 0.803644 0.9080549
0.65591836 0.79972243 0.9041333
0.56341624 0.6641767 0.7438981
0.48821577 0.50693786 0.51238436
0.68437237 0.6363035 0.57017255
0.7032115 0.6412446 0.56411767
0.7032115 0.6412446 0.56411767
0.7087095 0.63979363 0.5571686
0.68910164 0.6215353 0.53061175
0.6985212 0.6240059 0.5275844
0.696176 0.61471176 0.5127922
0.67656815 0.59780306 0.47928625
0.6703015 0.5832378 0.46752155
0.6663799 0.5806658 0.45665097
0.66795635 0.5752932 0.44578046
0.65619165 0.56352854 0.43401575
0.6757995 0.5831363 0.4536236
0.6365838 0.5452702 0.4074589
0.63423866 0.53597605 0.39266673
0.6318936 0.5253324 0.3848236
0.6318936 0.5253324 0.3848236
0.63581514 0.52925396 0.38874516
0.62405044 0.51748925 0.37698045
0.62012887 0.5135677 0.3730589
0.6318936 0.5253324 0.3848236
0.60836416 0.50315255 0.35434508
0.6044426 0.49923098 0.3504235
0.6177838 0.50427353 0.35826665
0.63739157 0.5238814 0.3778745
0.65307784 0.53956765 0.39356077
0.660921 0.5474108 0.4014039
0.67660725 0.56309706 0.41709018
0.6687641 0.5552539 0.40924704
0.67034054 0.5498814 0.39837646
0.66641897 0.54595983 0.3944549
0.6687641 0.5552539 0.40924704
0.688372 0.57486176 0.42885488
0.69856024 0.59199905 0.45149025
0.7142465 0.6076853 0.46717653
0.7064034 0.5998422 0.4593334
0.69463867 0.5880775 0.44756868
0.69463867 0.5880775 0.44756868
0.6907171 0.5855055 0.43669802
0.6922935 0.57878333 0.43277645
0.688372 0.57486176 0.42885488
0.688372 0.57486176 0.42885488
0.6907171 0.5855055 0.43669802
0.6789524 0.5723912 0.4318824
0.6789524 0.5723912 0.4318824
0.65934455 0.55278337 0.41227457
0.655423 0.5488618 0.408353
0.6671877 0.5619761 0.4131686
0.65307784 0.53956765 0.39356077
0.6397367 0.5345251 0.38571763
0.67110926 0.56589764 0.41709018
0.67110926 0.56589764 0.41709018
0.65934455 0.55413294 0.40532547
0.65934455 0.55413294 0.40532547
0.6538465 0.55693346 0.40532547
0.6538465 0.55693346 0.40532547
0.6577681 0.55950546 0.41619614
0.6538465 0.5555839 0.41227457
0.6577681 0.55950546 0.41619614
0.64600337 0.54774076 0.40443143
0.65934455 0.55278337 0.41227457
0.66168964 0.56342703 0.4201177
0.6656112 0.5673486 0.42403927
0.66168964 0.56342703 0.4201177
0.6577681 0.55950546 0.41619614
0.6656112 0.5673486 0.42403927
0.6773759 0.5791133 0.43580398
0.6695328 0.57127017 0.42796084
0.66168964 0.56342703 0.4201177
0.26787826 0.21096638 0.34389806
0.30943912 0.26082575 0.3909569
0.31178427 0.2714694 0.39880005
0.30236465 0.2703484 0.39487848
0.3086314 0.28491363 0.40664318
0.29371372 0.2865932 0.4027216
0.28587058 0.2774005 0.40182748
0.28587058 0.2774005 0.40182748
0.29294512 0.2678778 0.39790592
0.26707053 0.2323552 0.37348235
0.26707053 0.23370472 0.36653337
0.26080388 0.21913946 0.35476866
0.25296074 0.21534497 0.32607841
0.2655331 0.21111909 0.28046277
0.32439575 0.23793577 0.26319215
0.36284268 0.26518387 0.26284704
0.36126626 0.27190596 0.2667686
0.31808996 0.2648242 0.27887842
0.17918058 0.20775193 0.24909022
0.1352356 0.18465394 0.24248624
0.14542383 0.20179121 0.2651216
0.16187878 0.23214419 0.30647057
0.19559652 0.2714613 0.35958436
0.24969074 0.34640253 0.4510196
0.33358112 0.46078792 0.57079995
0.42220068 0.55635667 0.6718667
0.48886734 0.62302333 0.7385334
0.5265066 0.6689611 0.78167063
0.550036 0.69114095 0.812149
0.44807523 0.5891802 0.7101882
0.2606477 0.3782065 0.49931768
0.3351575 0.4527163 0.5738275
0.4394635 0.56532073 0.6836314
0.5045536 0.6387096 0.75421965
0.53984773 0.6740037 0.78951377
0.55787915 0.70033365 0.8130432
0.5437693 0.6779253 0.79343534
0.54542387 0.6017912 0.6651216
0.59886646 0.5619966 0.5234589
0.605941 0.55652255 0.4986902
0.60986257 0.5617937 0.49566275
0.60751736 0.55249953 0.48087066
0.60751736 0.55249953 0.48087066
0.6130154 0.5510485 0.47392163
0.616937 0.5549701 0.4778432
0.6130154 0.5523981 0.46697256
0.616937 0.55631965 0.47089413
0.63262326 0.5720059 0.4865804
0.6365448 0.5759275 0.49050197
0.64438796 0.58377063 0.4983451
0.64438796 0.58377063 0.4983451
0.6483095 0.5876922 0.50226665
0.64438796 0.58377063 0.4983451
0.6404664 0.57984906 0.49442354
0.64438796 0.58377063 0.4983451
0.66007423 0.5994569 0.51403135
0.6679174 0.6059505 0.5288236
0.6624193 0.60875106 0.5288236
0.61063117 0.5751108 0.52827454
0.17295289 0.16117987 0.16123135
0.17768218 0.14911082 0.10777259
0.633392 0.5866726 0.5122432
0.4184743 0.3843035 0.32916868
0.11412935 0.10235632 0.10240781
0.10939999 0.11712449 0.1419686
0.30305526 0.37332067 0.44764704
0.5916749 0.6675398 0.7556628
0.3094 0.31847402 0.33501965
0.53454494 0.5059736 0.46463537
0.21297629 0.1830554 0.15001565
0.16276465 0.14674166 0.12469807
0.12589405 0.11547058 0.1072235
0.110168755 0.13449025 0.15373331
0.2113218 0.25379118 0.30612546
0.13604333 0.16461468 0.20595297
0.08506292 0.11363428 0.15497258
0.09290606 0.12147742 0.16281572
0.096827626 0.12674853 0.15978827
0.09448247 0.11610487 0.15194513
0.09448247 0.117454425 0.14499605
0.09448247 0.11610487 0.15194513
0.098404035 0.12002644 0.1558667
0.09448247 0.11475532 0.15889415
0.096827626 0.1226999 0.18063526
0.037886925 0.16934378 0.30145103
0.63469505 0.8228921 0.9436941
0.744538 0.8966406 0.99825096
0.6755262 0.8193303 0.92374116
0.6582635 0.8103661 0.91197646
0.6590713 0.7889772 0.88239217
0.4387728 0.4852908 0.51272947
0.6553449 0.6142251 0.55359215
0.701635 0.64796674 0.5680393
0.701635 0.64796674 0.5680393
0.6914468 0.6294799 0.552353
0.7032115 0.64259416 0.5571686
0.6930232 0.62545687 0.5345333
0.6867565 0.6122412 0.51581967
0.70009756 0.6199829 0.5097648
0.68990934 0.60284567 0.4871294
0.67814463 0.59243053 0.46841568
0.66245836 0.57674426 0.4527294
0.6522701 0.5596069 0.43009418
0.66795635 0.5752932 0.44578046
0.6640348 0.5713717 0.4418589
0.66168964 0.5620775 0.42706674
0.6656112 0.5673486 0.42403927
0.6577681 0.55950546 0.41619614
0.6812975 0.5830349 0.43972555
0.69463867 0.5880775 0.44756868
0.68679553 0.58023435 0.43972555
0.69856024 0.59199905 0.45149025
0.69463867 0.5880775 0.44756868
0.7064034 0.60119176 0.4523843
0.7142465 0.6090349 0.46022743
0.7024818 0.5972702 0.44846272
0.69621515 0.5827049 0.43669802
0.64915633 0.5356461 0.3896392
0.67268574 0.5591755 0.4131686
0.6922935 0.57878333 0.43277645
0.65699947 0.5434892 0.39748234
0.6742621 0.5524534 0.40924704
0.67268574 0.5591755 0.4131686
0.67660725 0.56309706 0.41709018
0.6671877 0.5606265 0.4201177
0.655423 0.5488618 0.408353
0.64757985 0.54101866 0.40050986
0.64757985 0.54101866 0.40050986
0.63739157 0.5238814 0.3778745
0.63739157 0.5238814 0.3778745
0.6452347 0.5317245 0.38571763
0.62954843 0.51603824 0.37003136
0.63347006 0.5199598 0.37395293
0.6413132 0.52780294 0.38179606
0.6397367 0.5331755 0.39266673
0.64757985 0.54101866 0.40050986
0.65934455 0.55278337 0.41227457
0.6632661 0.55670494 0.41619614
0.6671877 0.5619761 0.4131686
0.6648426 0.55133235 0.40532547
0.6687641 0.5552539 0.40924704
0.67268574 0.5591755 0.4131686
0.67660725 0.56309706 0.41709018
0.6805289 0.5670186 0.42101175
0.67110926 0.56589764 0.41709018
0.6907171 0.5855055 0.43669802
0.6812975 0.58438444 0.43277645
0.68521905 0.58695644 0.44364712
0.6773759 0.5791133 0.43580398
0.6656112 0.5673486 0.42403927
0.6515014 0.5462898 0.39748234
0.6436583 0.53844666 0.3896392
0.63581514 0.52925396 0.38874516
0.6381602 0.5398976 0.3965883
0.63423866 0.53597605 0.39266673
0.6318936 0.5253324 0.3848236
0.62405044 0.5188388 0.37003136
0.62012887 0.51491725 0.3661098
0.62012887 0.51491725 0.3661098
0.62405044 0.5188388 0.37003136
0.28198814 0.2320252 0.37045494
0.28041172 0.24009685 0.3674275
0.28825486 0.24659044 0.38221964
0.30470982 0.28099206 0.4027216
0.3148981 0.29947886 0.4184079
0.27410588 0.26698536 0.38311377
0.27802745 0.27090693 0.38703534
0.281949 0.27347893 0.39790592
0.2811804 0.25611308 0.3861412
0.27333727 0.24692044 0.38524705
0.26549414 0.24042682 0.37045494
0.26314896 0.22978315 0.3626118
0.2568823 0.21926653 0.32999998
0.2655331 0.21111909 0.28046277
0.32439575 0.2392853 0.2562431
0.3589211 0.2612623 0.25892547
0.3573447 0.2679844 0.26284704
0.31259194 0.2676248 0.27887842
0.17525901 0.20248082 0.25211763
0.13915716 0.18722594 0.2533569
0.13992585 0.20324218 0.27207062
0.16580035 0.23606576 0.31039214
0.19402003 0.27818343 0.36350593
0.25595748 0.36096776 0.4627843
0.35711053 0.48431733 0.59432936
0.43788695 0.57204294 0.687553
0.5045536 0.6387096 0.75421965
0.550036 0.6924905 0.80520004
0.5539576 0.6950625 0.81607056
0.3508438 0.46840256 0.5895138
0.24653786 0.35714763 0.47276074
0.35476536 0.47232413 0.5934353
0.45907134 0.5849286 0.70323926
0.5084752 0.6426312 0.7581412
0.5437693 0.6779253 0.79343534
0.56337714 0.69753313 0.8130432
0.5492674 0.6764742 0.78648627
0.58548635 0.5876112 0.59865886
0.59886646 0.5633461 0.5165099
0.605941 0.55652255 0.4986902
0.61928207 0.5629147 0.49958432
0.61143893 0.5564211 0.48479223
0.62320364 0.5695354 0.4896079
0.63262326 0.57065636 0.49352947
0.616937 0.5549701 0.4778432
0.60909384 0.5484765 0.463051
0.6130154 0.5523981 0.46697256
0.6247801 0.5641628 0.47873726
0.6287017 0.56808436 0.48265883
0.6365448 0.5759275 0.49050197
0.63262326 0.5720059 0.4865804
0.63262326 0.5720059 0.4865804
0.63262326 0.5720059 0.4865804
0.6365448 0.5759275 0.49050197
0.6522311 0.59161377 0.5061882
0.66007423 0.5994569 0.51403135
0.6639958 0.6033785 0.5179529
0.64673305 0.5917152 0.52008635
0.38079602 0.37037253 0.36212546
0.16510975 0.15333673 0.15338822
0.43104678 0.37737846 0.29745102
0.6639958 0.6033785 0.5179529
0.67183894 0.6112216 0.52579606
0.5879095 0.5315422 0.46821177
0.24903916 0.23301616 0.21097258
0.43642762 0.47194806 0.5187843
0.59405917 0.6421279 0.70825887
0.20190226 0.24997103 0.316102
0.41924304 0.39762065 0.36178038
0.5031724 0.474601 0.43326277
0.1839489 0.16097696 0.13343528
0.18629406 0.17027107 0.14822748
0.14942348 0.14034954 0.12380396
0.17921962 0.17709464 0.16604704
0.11724313 0.12766671 0.13591376
0.096058875 0.11208188 0.13412546
0.098404035 0.12002644 0.1558667
0.1023256 0.12394801 0.15978827
0.09448247 0.11610487 0.15194513
0.0905609 0.113532856 0.14107448
0.09448247 0.11610487 0.15194513
0.09448247 0.11610487 0.15194513
0.1023256 0.122598454 0.16673729
0.12035705 0.14622933 0.20416468
0.07556531 0.1805756 0.28239214
0.65353423 0.82783324 0.9376392
0.750036 0.8938401 0.99825096
0.69513404 0.8389381 0.943349
0.6582635 0.8103661 0.91197646
0.6637615 0.8089151 0.90502745
0.46460828 0.5528203 0.6132471
0.61766666 0.60569227 0.558753
0.72358805 0.6768687 0.6024393
0.7431959 0.6964765 0.6220471
0.7369291 0.68326086 0.60333335
0.7133997 0.661081 0.5728549
0.71889776 0.65828043 0.5728549
0.7047879 0.6372216 0.546298
0.6945996 0.62143385 0.5167138
0.68833286 0.6082182 0.49800006
0.6726466 0.5938815 0.47536469
0.67656815 0.59780306 0.47928625
0.67422307 0.58850896 0.4644941
0.6757995 0.5831363 0.4536236
0.67972106 0.58705795 0.45754516
0.6773759 0.5777638 0.44275302
0.6812975 0.58168536 0.4466746
0.6812975 0.5830349 0.43972555
0.67345434 0.57519174 0.4318824
0.66168964 0.56342703 0.4201177
0.6750308 0.56846964 0.42796084
0.6671877 0.5606265 0.4201177
0.65934455 0.55278337 0.41227457
0.65934455 0.55278337 0.41227457
0.6515014 0.5462898 0.39748234
0.64915633 0.5356461 0.3896392
0.64915633 0.5356461 0.3896392
0.65307784 0.53956765 0.39356077
0.65307784 0.53956765 0.39356077
0.65699947 0.5434892 0.39748234
0.64915633 0.5356461 0.3896392
0.64915633 0.5356461 0.3896392
0.65699947 0.5434892 0.39748234
0.6648426 0.55133235 0.40532547
0.67660725 0.56309706 0.41709018
0.67268574 0.5591755 0.4131686
0.6844504 0.5695906 0.4318824
0.68287396 0.57766235 0.42885488
0.688372 0.57486176 0.42885488
0.6805289 0.5670186 0.42101175
0.6844504 0.5709402 0.4249333
0.688372 0.57486176 0.42885488
0.6907171 0.5841559 0.44364712
0.69463867 0.5880775 0.44756868
0.6789524 0.5723912 0.4318824
0.7024818 0.5959206 0.45541182
0.69463867 0.586728 0.45451772
0.6750308 0.56846964 0.42796084
0.65934455 0.55278337 0.41227457
0.6452347 0.5317245 0.38571763
0.6413132 0.52780294 0.38179606
0.62954843 0.51603824 0.37003136
0.6413132 0.52780294 0.38179606
0.62954843 0.51603824 0.37003136
0.6217053 0.5081951 0.36218822
0.6413132 0.52780294 0.38179606
0.63739157 0.52523094 0.3709255
0.6397367 0.5345251 0.38571763
0.6632661 0.5580545 0.40924704
0.6671877 0.5619761 0.4131686
0.6515014 0.5462898 0.39748234
0.655423 0.55021137 0.4014039
0.65934455 0.55413294 0.40532547
0.67110926 0.56589764 0.41709018
0.67110926 0.5645481 0.42403927
0.67110926 0.56589764 0.41709018
0.6632661 0.5580545 0.40924704
0.6515014 0.5462898 0.39748234
0.6436583 0.53844666 0.3896392
0.6436583 0.53844666 0.3896392
0.296098 0.25578314 0.38311377
0.32354897 0.28323412 0.41056475
0.3086314 0.28491363 0.40664318
0.33450595 0.3190867 0.43801573
0.3446941 0.33892313 0.4467529
0.31724313 0.31147215 0.41930193
0.31724313 0.31147215 0.41930193
0.33685097 0.33108 0.43890977
0.31724313 0.3101226 0.42625102
0.3094 0.303629 0.4114588
0.2842942 0.2868217 0.39185095
0.25999615 0.24727601 0.34960783
0.24746269 0.22084463 0.31218043
0.25611356 0.21134761 0.2695922
0.32439575 0.2392853 0.2562431
0.3589211 0.2612623 0.25892547
0.34792516 0.26686338 0.25892547
0.3047488 0.25843212 0.2779843
0.17133744 0.19855925 0.24819605
0.14307873 0.1911475 0.25727847
0.15326697 0.2082848 0.27991375
0.16972192 0.23998733 0.3143137
0.20578474 0.2885986 0.38221964
0.27006727 0.3820266 0.48934114
0.37671837 0.50257564 0.6208863
0.46691447 0.5927717 0.7110824
0.51866347 0.661118 0.7738275
0.55787915 0.70033365 0.8130432
0.51239675 0.64655274 0.7620628
0.25203592 0.35434708 0.47276074
0.25830257 0.36891234 0.48452544
0.37045163 0.48935992 0.6021725
0.4629929 0.58885014 0.70716083
0.52181643 0.64767367 0.76598436
0.54769087 0.68184686 0.7973569
0.555534 0.68969 0.80520004
0.54692227 0.66583055 0.77864313
0.5957136 0.5713921 0.55214906
0.6043645 0.56189513 0.5095608
0.6177057 0.5696368 0.5035059
0.6177057 0.5696368 0.5035059
0.6153605 0.56034267 0.4887138
0.61143893 0.55777067 0.4778432
0.62085855 0.55889165 0.48176476
0.60909384 0.54712695 0.47000006
0.6130154 0.5523981 0.46697256
0.6247801 0.5641628 0.47873726
0.616937 0.55631965 0.47089413
0.6287017 0.56808436 0.48265883
0.6365448 0.5759275 0.49050197
0.63262326 0.5720059 0.4865804
0.6247801 0.5641628 0.47873726
0.63262326 0.5720059 0.4865804
0.6404664 0.57984906 0.49442354
0.6404664 0.57984906 0.49442354
0.6522311 0.59161377 0.5061882
0.6522311 0.5902642 0.51313734
0.62554884 0.5761304 0.51829803
0.19805877 0.17933668 0.17389017
0.16591747 0.13464701 0.10990586
0.6051723 0.54455495 0.45912942
0.66007423 0.6008064 0.50708234
0.6639958 0.604728 0.5110039
0.6679174 0.60864955 0.5149255
0.6624193 0.6074015 0.5357726
0.5658785 0.5693529 0.57210195
0.59878844 0.6273598 0.6686981
0.24972978 0.31034702 0.39577252
0.1830631 0.24233079 0.33605492
0.48198813 0.45901617 0.43147448
0.49375284 0.4694313 0.45018828
0.16903132 0.15995738 0.1434118
0.19021563 0.17284308 0.15909807
0.20040387 0.19132993 0.17478435
0.12274125 0.12621568 0.12896468
0.08587058 0.09494462 0.11149023
0.08821574 0.102889195 0.13323134
0.09448247 0.11610487 0.15194513
0.1023256 0.12394801 0.15978827
0.09448247 0.117454425 0.14499605
0.0905609 0.1121833 0.14802356
0.098404035 0.12002644 0.1558667
0.098404035 0.118676886 0.16281572
0.13212176 0.15934357 0.20898037
0.10932199 0.18383725 0.28025886
0.6872909 0.831095 0.93550587
0.74611443 0.891268 0.9873804
0.7265066 0.87031066 0.97472155
0.6621851 0.81428766 0.915898
0.66610664 0.81820923 0.9198196
0.6112437 0.7272517 0.8096706
0.48587057 0.49899328 0.4906431
0.6827959 0.64302564 0.5740941
0.7157449 0.66902554 0.59459615
0.7196665 0.6742967 0.5915687
0.7251644 0.6728457 0.5846196
0.7228193 0.662202 0.57677644
0.7149762 0.6557084 0.5619843
0.7142075 0.6396922 0.54327065
0.70244277 0.63062656 0.5176079
0.6985212 0.626705 0.5136863
0.71578383 0.63701874 0.51850194
0.6922544 0.61348933 0.49497253
0.68990934 0.60419524 0.48018038
0.6993289 0.60666573 0.477153
0.6757995 0.5844859 0.4466746
0.6773759 0.5791133 0.43580398
0.6773759 0.5791133 0.43580398
0.66168964 0.56342703 0.4201177
0.6671877 0.5606265 0.4201177
0.6671877 0.5606265 0.4201177
0.68679553 0.58023435 0.43972555
0.6789524 0.5723912 0.4318824
0.6789524 0.5737408 0.4249333
0.69463867 0.58942705 0.4406196
0.69463867 0.58942705 0.4406196
0.69856024 0.5933486 0.44454116
0.7024818 0.5972702 0.44846272
0.69856024 0.5933486 0.44454116
0.7079798 0.5944696 0.44846272
0.7040583 0.59054804 0.44454116
0.7119014 0.5983912 0.4523843
0.6844504 0.5709402 0.4249333
0.67660725 0.56309706 0.41709018
0.6922935 0.57878333 0.43277645
0.6789524 0.5723912 0.4318824
0.67110926 0.5645481 0.42403927
0.6632661 0.55670494 0.41619614
0.6750308 0.56846964 0.42796084
0.68679553 0.58023435 0.43972555
0.67268574 0.5591755 0.4131686
0.6750308 0.56846964 0.42796084
0.6632661 0.55670494 0.41619614
0.655423 0.5488618 0.408353
0.6436583 0.5370971 0.3965883
0.67110926 0.5645481 0.42403927
0.6907171 0.5828064 0.45059615
0.68679553 0.58023435 0.43972555
0.6789524 0.5723912 0.4318824
0.6687641 0.5552539 0.40924704
0.6687641 0.5552539 0.40924704
0.67268574 0.5591755 0.4131686
0.6805289 0.5670186 0.42101175
0.6805289 0.5670186 0.42101175
0.67268574 0.5591755 0.4131686
0.65307784 0.53956765 0.39356077
0.6648426 0.55133235 0.40532547
0.6648426 0.55133235 0.40532547
0.6515014 0.5462898 0.39748234
0.65934455 0.55413294 0.40532547
0.65934455 0.55413294 0.40532547
0.65934455 0.55413294 0.40532547
0.63581514 0.5306035 0.38179606
0.63347006 0.5199598 0.37395293
0.6256269 0.5121167 0.3661098
0.6217053 0.5081951 0.36218822
0.606019 0.49250883 0.34650195
0.6177838 0.5056231 0.35131764
0.61386216 0.50170153 0.34739608
0.6044426 0.50058055 0.3434745
0.35176864 0.33209953 0.42893338
0.3776432 0.3662726 0.46030593
0.358804 0.3640306 0.4524628
0.39801967 0.40324628 0.49167848
0.4278158 0.44269046 0.5200236
0.41997266 0.43484733 0.51218045
0.41997266 0.4361969 0.5052313
0.43016097 0.4546837 0.5209176
0.4395805 0.45715427 0.51789016
0.4395805 0.45715427 0.51789016
0.38075697 0.3969812 0.46601567
0.28821576 0.29614148 0.36797646
0.23020001 0.2159291 0.2795686
0.24277243 0.20765455 0.25479996
0.3149762 0.2395138 0.2453726
0.35499954 0.25734073 0.2550039
0.3573447 0.2679844 0.26284704
0.3047488 0.25978166 0.27103528
0.17133744 0.19855925 0.24819605
0.1375807 0.19394808 0.25727847
0.15326697 0.2082848 0.27991375
0.16972192 0.23863779 0.32126272
0.2198946 0.31100696 0.40182748
0.29751825 0.4094776 0.5167921
0.4002478 0.52610505 0.64441574
0.47710264 0.6112586 0.7267687
0.53592616 0.67008215 0.7855922
0.55787915 0.70033365 0.8130432
0.41985565 0.5457129 0.6640236
0.21282022 0.31648096 0.42659605
0.27556533 0.37922606 0.48934114
0.3798712 0.49048096 0.60609406
0.47083604 0.5966933 0.71500397
0.52416146 0.65831745 0.7738275
0.5437693 0.6779253 0.79343534
0.55161244 0.6857684 0.8012785
0.5594947 0.6589055 0.74692553
0.5831802 0.5463103 0.5077726
0.6020194 0.552601 0.49476862
0.60986257 0.5617937 0.49566275
0.6153605 0.55899316 0.49566275
0.6153605 0.56034267 0.4887138
0.6271252 0.5721074 0.5004785
0.6271252 0.5721074 0.5004785
0.6153605 0.56169224 0.48176476
0.6130154 0.5510485 0.47392163
0.62085855 0.5602412 0.4748157
0.616937 0.55631965 0.47089413
0.62085855 0.5602412 0.4748157
0.63262326 0.57065636 0.49352947
0.63262326 0.5720059 0.4865804
0.6247801 0.5641628 0.47873726
0.64438796 0.58377063 0.4983451
0.64438796 0.58377063 0.4983451
0.6483095 0.5876922 0.50226665
0.65615267 0.59553534 0.5101098
0.6522311 0.5902642 0.51313734
0.5847567 0.54363686 0.4830039
0.18710172 0.15023185 0.11169416
0.45849776 0.40482944 0.324902
0.6522311 0.5929633 0.4992392
0.66007423 0.6008064 0.50708234
0.66007423 0.6008064 0.50708234
0.6639958 0.604728 0.5110039
0.67026246 0.6165942 0.53666675
0.6051332 0.57521224 0.54217255
0.5815648 0.5850392 0.5877882
0.3877924 0.42891225 0.48954508
0.21835724 0.27762493 0.37134907
0.112513915 0.13973573 0.18937252
0.5274706 0.51144755 0.489404
0.5415804 0.5311569 0.5229098
0.19098432 0.18616025 0.19170977
0.19098432 0.18885934 0.17781174
0.13450596 0.13663083 0.14767846
0.097635284 0.106709324 0.12325493
0.08821574 0.10423874 0.12628232
0.08821574 0.102889195 0.13323134
0.08663933 0.10961129 0.13715291
0.0905609 0.113532856 0.14107448
0.09448247 0.117454425 0.14499605
0.098404035 0.12002644 0.1558667
0.10074921 0.12932056 0.17065886
0.13604333 0.16326514 0.21290193
0.1344278 0.20334367 0.2859686
0.69671047 0.83356553 0.9324784
0.7516124 0.8884675 0.9873804
0.7382713 0.8834249 0.97953725
0.66610664 0.81820923 0.9198196
0.67787135 0.82997394 0.9315843
0.6771026 0.8139577 0.9128706
0.4215101 0.47497708 0.50791377
0.66161156 0.62744075 0.5723059
0.7314312 0.6847118 0.6102824
0.7196665 0.6729471 0.5985177
0.7133997 0.65973145 0.57980394
0.70947814 0.6558099 0.57588243
0.70713305 0.6465157 0.5610902
0.7047879 0.63857114 0.5393491
0.6945996 0.62143385 0.5167138
0.6985212 0.626705 0.5136863
0.6922544 0.61213976 0.50192165
0.68833286 0.60956776 0.49105096
0.6938309 0.6081168 0.48410195
0.6993289 0.6080153 0.470204
0.69698375 0.59737164 0.46236086
0.69698375 0.59872115 0.45541182
0.6930622 0.5947996 0.45149025
0.69698375 0.59872115 0.45541182
0.6891406 0.590878 0.44756868
0.6789524 0.5723912 0.4318824
0.6907171 0.5841559 0.44364712
0.69463867 0.58942705 0.4406196
0.6789524 0.5737408 0.4249333
0.68679553 0.5815839 0.43277645
0.69463867 0.58942705 0.4406196
0.6907171 0.5855055 0.43669802
0.6907171 0.5855055 0.43669802
0.6922935 0.57878333 0.43277645
0.6844504 0.5709402 0.4249333
0.67660725 0.56309706 0.41709018
0.6671877 0.5619761 0.4131686
0.67110926 0.56589764 0.41709018
0.655423 0.55021137 0.4014039
0.655423 0.55021137 0.4014039
0.6671877 0.5606265 0.4201177
0.69463867 0.5880775 0.44756868
0.6750308 0.56846964 0.42796084
0.6750308 0.56846964 0.42796084
0.68679553 0.58023435 0.43972555
0.6632661 0.55670494 0.41619614
0.6671877 0.5606265 0.4201177
0.69463867 0.5880775 0.44756868
0.6789524 0.5723912 0.4318824
0.6907171 0.5841559 0.44364712
0.68679553 0.58023435 0.43972555
0.68679553 0.58023435 0.43972555
0.7064034 0.5998422 0.4593334
0.72208965 0.61552846 0.47501966
0.6907171 0.5855055 0.43669802
0.6844504 0.5709402 0.4249333
0.6687641 0.5552539 0.40924704
0.6789524 0.5737408 0.4249333
0.6687641 0.5552539 0.40924704
0.63739157 0.5238814 0.3778745
0.6256269 0.5121167 0.3661098
0.6397367 0.5345251 0.38571763
0.63581514 0.5306035 0.38179606
0.62405044 0.5188388 0.37003136
0.62405044 0.51748925 0.37698045
0.63581514 0.52925396 0.38874516
0.6318936 0.5253324 0.3848236
0.63739157 0.5238814 0.3778745
0.63739157 0.5238814 0.3778745
0.63347006 0.5213094 0.36700392
0.6256269 0.51346624 0.35916078
0.63347006 0.5213094 0.36700392
0.63739157 0.52523094 0.3709255
0.6413132 0.5291525 0.37484705
0.63347006 0.5213094 0.36700392
0.42704704 0.42937335 0.48741174
0.4450785 0.4557033 0.51094115
0.4631099 0.48203322 0.53447056
0.47879618 0.4977195 0.55015683
0.5062472 0.52517056 0.57760787
0.49682766 0.525399 0.5667373
0.50859237 0.53716373 0.578502
0.5219335 0.5435559 0.5793961
0.5101688 0.5331408 0.56068236
0.49840406 0.5213761 0.54891765
0.44900006 0.46232393 0.50096476
0.32350987 0.33683375 0.37547454
0.22078046 0.21750714 0.26174906
0.23100773 0.19858894 0.22913729
0.31889775 0.2447849 0.24234514
0.3589211 0.26261187 0.25197646
0.3573447 0.2679844 0.26284704
0.30082723 0.25451055 0.27406272
0.17525901 0.20113128 0.25906664
0.13915716 0.18722594 0.2533569
0.14776899 0.21108532 0.27991375
0.17598864 0.25320303 0.33302742
0.22223976 0.3203011 0.4166196
0.31947124 0.4397291 0.5442431
0.4182791 0.5524351 0.66794515
0.4927889 0.6269449 0.74245495
0.5421929 0.6846474 0.7973569
0.53592616 0.67008215 0.7855922
0.29359668 0.40420645 0.51981956
0.21047506 0.30718684 0.4118039
0.28733003 0.39099076 0.50110584
0.3916359 0.50224566 0.61785877
0.48417714 0.60308546 0.71589804
0.52181643 0.64767367 0.76598436
0.53984773 0.6740037 0.78951377
0.5492674 0.6764742 0.78648627
0.58229446 0.6330623 0.6825961
0.5714155 0.5345456 0.49600792
0.5902547 0.5408363 0.4830039
0.5824116 0.5343427 0.46821177
0.5879095 0.5328917 0.46126282
0.5879095 0.5328917 0.46126282
0.6035958 0.54857796 0.4769491
0.6153605 0.56034267 0.4887138
0.6153605 0.56169224 0.48176476
0.6247801 0.5628132 0.48568633
0.63262326 0.5720059 0.4865804
0.6247801 0.5641628 0.47873726
0.6287017 0.5667348 0.4896079
0.63262326 0.57065636 0.49352947
0.6287017 0.56808436 0.48265883
0.6287017 0.56808436 0.48265883
0.6287017 0.56808436 0.48265883
0.6287017 0.56808436 0.48265883
0.63262326 0.5720059 0.4865804
0.6404664 0.57984906 0.49442354
0.6388899 0.5838721 0.5122432
0.3980978 0.35002893 0.28389803
0.4898703 0.436202 0.35627455
0.6483095 0.5876922 0.50226665
0.66007423 0.5994569 0.51403135
0.65615267 0.59688485 0.5031608
0.6639958 0.604728 0.5110039
0.6483095 0.5890417 0.49531764
0.65615267 0.59553534 0.5101098
0.6177057 0.5696368 0.5035059
0.5957136 0.5740912 0.538251
0.47176084 0.47253615 0.49188238
0.28110233 0.34171957 0.42714506
0.2120905 0.26440924 0.35263526
0.11881968 0.119595 0.1389412
0.56903136 0.5586079 0.5503608
0.57683545 0.59980744 0.627349
0.12585503 0.14882697 0.1763686
0.1211647 0.1315883 0.13983533
0.10155685 0.11063089 0.1271765
0.097635284 0.105359785 0.13020389
0.08821574 0.102889195 0.13323134
0.08821574 0.102889195 0.13323134
0.09213731 0.10681076 0.13715291
0.0905609 0.113532856 0.14107448
0.098404035 0.12002644 0.1558667
0.13212176 0.15934357 0.20898037
0.13212176 0.15934357 0.20898037
0.1375807 0.19259852 0.26422748
0.6473066 0.77586293 0.8775765
0.7437693 0.88062435 0.97953725
0.75945556 0.8963106 0.9952235
0.6606087 0.82100976 0.9198196
0.676295 0.836696 0.93550587
0.67787135 0.82997394 0.9315843
0.498326 0.59348696 0.6594118
0.523549 0.51022506 0.47158432
0.701635 0.6466172 0.5749883
0.7251644 0.67149615 0.5915687
0.7369291 0.68326086 0.60333335
0.7408507 0.6871824 0.607255
0.7228193 0.662202 0.57677644
0.7142075 0.6396922 0.54327065
0.70244277 0.6279275 0.53150594
0.6867565 0.6135907 0.50887066
0.6844113 0.6042966 0.4940785
0.6820662 0.59500253 0.47928625
0.69540733 0.6027442 0.47323143
0.6891406 0.58817893 0.46146673
0.67345434 0.5738422 0.43883145
0.67110926 0.5645481 0.42403927
0.6632661 0.55670494 0.41619614
0.67110926 0.5645481 0.42403927
0.6789524 0.5737408 0.4249333
0.68679553 0.5815839 0.43277645
0.6907171 0.5855055 0.43669802
0.70013666 0.58662647 0.4406196
0.7024818 0.5972702 0.44846272
0.7024818 0.5972702 0.44846272
0.7024818 0.5972702 0.44846272
0.72208965 0.61687803 0.46807057
0.7181681 0.61295646 0.464149
0.7064034 0.60119176 0.4523843
0.7024818 0.5972702 0.44846272
0.71032494 0.6051133 0.45630586
0.7064034 0.60119176 0.4523843
0.7064034 0.5998422 0.4593334
0.7064034 0.60119176 0.4523843
0.7024818 0.5959206 0.45541182
0.7024818 0.5959206 0.45541182
0.71032494 0.60376376 0.46325496
0.71032494 0.60376376 0.46325496
0.7024818 0.5959206 0.45541182
0.69856024 0.59199905 0.45149025
0.71032494 0.60376376 0.46325496
0.6907171 0.5841559 0.44364712
0.68679553 0.58023435 0.43972555
0.69856024 0.59199905 0.45149025
0.68679553 0.58023435 0.43972555
0.69463867 0.5880775 0.44756868
0.67110926 0.5645481 0.42403927
0.6844504 0.5709402 0.4249333
0.6789524 0.5737408 0.4249333
0.7119014 0.5983912 0.4523843
0.64915633 0.5356461 0.3896392
0.65699947 0.5434892 0.39748234
0.6515014 0.54494023 0.40443143
0.6805289 0.56566906 0.42796084
0.67660725 0.56309706 0.41709018
0.65699947 0.5434892 0.39748234
0.6671877 0.5619761 0.4131686
0.6789524 0.5723912 0.4318824
0.6750308 0.56846964 0.42796084
0.6789524 0.5723912 0.4318824
0.69463867 0.5880775 0.44756868
0.68287396 0.5763128 0.43580398
0.6671877 0.5619761 0.4131686
0.6648426 0.55133235 0.40532547
0.65699947 0.5434892 0.39748234
0.62954843 0.5173878 0.36308235
0.61386216 0.50170153 0.34739608
0.61386216 0.50170153 0.34739608
0.60994065 0.49777997 0.3434745
0.61386216 0.50170153 0.34739608
0.45449802 0.46087298 0.49401566
0.46626273 0.47263768 0.50578034
0.47252947 0.4872029 0.51754504
0.4960589 0.5107324 0.5410745
0.503902 0.51857555 0.54891765
0.503902 0.51857555 0.54891765
0.51174515 0.5264187 0.5567608
0.50547844 0.5118534 0.5449961
0.481949 0.48967353 0.5145176
0.45449802 0.46087298 0.49401566
0.3839098 0.39028475 0.42342743
0.29371372 0.30008867 0.33323136
0.2168589 0.21493512 0.2508784
0.23100773 0.19993849 0.22218826
0.31105462 0.23694177 0.234502
0.36284268 0.26653343 0.25589803
0.35342312 0.26406282 0.25892547
0.30317238 0.2651542 0.28190586
0.17525901 0.20113128 0.25906664
0.14150226 0.19786964 0.26120004
0.15561213 0.21892846 0.2877569
0.18775338 0.26361817 0.35174122
0.24576917 0.3438305 0.440149
0.3524202 0.46437955 0.5716941
0.45514977 0.5823566 0.6923686
0.5163183 0.6504743 0.76598436
0.55161244 0.6857684 0.8012785
0.47083604 0.5966933 0.71500397
0.21439663 0.30975887 0.42267448
0.20655349 0.30326527 0.40788233
0.29909474 0.40275547 0.51287055
0.3979026 0.5168109 0.6296235
0.48417714 0.60308546 0.71589804
0.52181643 0.64767367 0.76598436
0.5414243 0.6672815 0.7855922
0.54534584 0.67255265 0.7825647
0.59725106 0.5993759 0.61042356
0.58867824 0.5448593 0.5008236
0.59809786 0.5486794 0.49084705
0.5902547 0.54218584 0.4760549
0.5761448 0.521127 0.44949812
0.5918311 0.53681326 0.4651844
0.59575266 0.5407348 0.46910596
0.5996742 0.5446564 0.47302753
0.589486 0.5275191 0.45039222
0.589486 0.5275191 0.45039222
0.60909384 0.54712695 0.47000006
0.6130154 0.5510485 0.47392163
0.62085855 0.55889165 0.48176476
0.6287017 0.5667348 0.4896079
0.63496834 0.5813001 0.5013726
0.6483095 0.58634263 0.5092157
0.6404664 0.57984906 0.49442354
0.63262326 0.5720059 0.4865804
0.64438796 0.58377063 0.4983451
0.64673305 0.5930648 0.51313734
0.60986257 0.5631432 0.4887138
0.25299978 0.20628043 0.13185102
0.63262326 0.57065636 0.49352947
0.6522311 0.59161377 0.5061882
0.65615267 0.59553534 0.5101098
0.66007423 0.6008064 0.50708234
0.6639958 0.604728 0.5110039
0.6679174 0.60730004 0.5218745
0.6679174 0.60730004 0.5218745
0.65849775 0.6048295 0.524902
0.61063117 0.57646036 0.5213255
0.5298157 0.5207417 0.50419617
0.38310215 0.41032395 0.45996076
0.2960199 0.34138963 0.42411762
0.20036483 0.21928814 0.27172548
0.17529805 0.17182353 0.16907449
0.60901576 0.6111406 0.62218827
0.564263 0.60673237 0.6590667
0.11566673 0.13034019 0.16068232
0.11332156 0.1223956 0.1389412
0.10547842 0.11455246 0.13109806
0.09998044 0.11600345 0.13804702
0.09213731 0.10681076 0.13715291
0.08821574 0.102889195 0.13323134
0.08821574 0.102889195 0.13323134
0.098404035 0.118676886 0.16281572
0.14780803 0.17637938 0.21771768
0.12427862 0.15284997 0.19418827
0.136812 0.17793183 0.23856467
0.5194713 0.6397291 0.74424314
0.7492674 0.8778237 0.97953725
0.76337713 0.9002322 0.9991451
0.67787135 0.82997394 0.9315843
0.676295 0.836696 0.93550587
0.68021655 0.8406176 0.93942744
0.6457301 0.7839347 0.87454903
0.40271 0.4366795 0.44482356
0.6451567 0.5984373 0.5240079
0.69379187 0.6401236 0.56019616
0.69379187 0.6401236 0.56019616
0.69771343 0.6440452 0.56411767
0.7149762 0.65435886 0.5689333
0.71812904 0.64361376 0.5471922
0.70636433 0.63184905 0.5354275
0.69067806 0.6175123 0.5127922
0.696176 0.61606133 0.50584316
0.70167404 0.61595994 0.4919451
0.70325047 0.6092378 0.48802352
0.7048269 0.6052148 0.470204
0.6891406 0.5895285 0.45451772
0.68287396 0.5763128 0.43580398
0.67110926 0.56589764 0.41709018
0.68287396 0.57766235 0.42885488
0.6750308 0.5698192 0.42101175
0.6671877 0.5619761 0.4131686
0.6805289 0.5670186 0.42101175
0.67268574 0.56052506 0.4062196
0.67268574 0.56052506 0.4062196
0.6805289 0.5683682 0.41406274
0.69621515 0.58405447 0.429749
0.6687641 0.5566035 0.40229803
0.6452347 0.5330741 0.37876862
0.67268574 0.56052506 0.4062196
0.6687641 0.5566035 0.40229803
0.6844504 0.57228976 0.4179843
0.688372 0.57621133 0.42190588
0.6922935 0.57878333 0.43277645
0.688372 0.57621133 0.42190588
0.688372 0.57486176 0.42885488
0.69621515 0.5827049 0.43669802
0.69856024 0.59199905 0.45149025
0.69463867 0.5880775 0.44756868
0.68679553 0.5815839 0.43277645
0.6922935 0.57878333 0.43277645
0.688372 0.57486176 0.42885488
0.688372 0.57486176 0.42885488
0.688372 0.57486176 0.42885488
0.7064034 0.60119176 0.4523843
0.7142465 0.6090349 0.46022743
0.7064034 0.60119176 0.4523843
0.69621515 0.5827049 0.43669802
0.6922935 0.5801329 0.42582744
0.688372 0.57621133 0.42190588
0.7064034 0.60119176 0.4523843
0.7064034 0.60119176 0.4523843
0.6907171 0.5855055 0.43669802
0.68679553 0.58023435 0.43972555
0.7024818 0.5959206 0.45541182
0.7142465 0.6090349 0.46022743
0.688372 0.57486176 0.42885488
0.6922935 0.57878333 0.43277645
0.6844504 0.5709402 0.4249333
0.6789524 0.5737408 0.4249333
0.68287396 0.5763128 0.43580398
0.6789524 0.5723912 0.4318824
0.67110926 0.5645481 0.42403927
0.65934455 0.55413294 0.40532547
0.6413132 0.52780294 0.38179606
0.6452347 0.5317245 0.38571763
0.6217053 0.5095447 0.3552392
0.6020975 0.48993683 0.33563137
0.6217053 0.5095447 0.3552392
0.6256269 0.51346624 0.35916078
0.63347006 0.5213094 0.36700392
0.40901574 0.40844154 0.43608624
0.4129373 0.4123631 0.4400078
0.4129373 0.4123631 0.4400078
0.41059217 0.40171945 0.43216467
0.41059217 0.40171945 0.43216467
0.39882746 0.38995475 0.42039996
0.41059217 0.40171945 0.43216467
0.4066706 0.39779788 0.4282431
0.36745492 0.3585822 0.38902742
0.3556902 0.34546793 0.38421175
0.32274124 0.32081747 0.35676077
0.2701843 0.27655926 0.30970195
0.23254517 0.2306214 0.26656467
0.23885086 0.20778163 0.2300314
0.30713305 0.23167066 0.23752946
0.3589211 0.26261187 0.25197646
0.34950155 0.26014125 0.2550039
0.29690567 0.25058898 0.27014115
0.17525901 0.20113128 0.25906664
0.14542383 0.20179121 0.2651216
0.16345526 0.2267716 0.29560003
0.19402003 0.2768339 0.37045494
0.26380062 0.3688109 0.47062743
0.38221633 0.5011246 0.6139372
0.47867918 0.605886 0.71589804
0.5320046 0.6661606 0.78167063
0.5437693 0.6779253 0.79343534
0.37202805 0.4839874 0.5913019
0.18460049 0.2743633 0.37348235
0.2198946 0.3083079 0.41572547
0.30143982 0.41339916 0.5207137
0.40182418 0.52073246 0.63354504
0.47867918 0.605886 0.71589804
0.51789486 0.6437521 0.7620628
0.5375027 0.66335994 0.78167063
0.54849863 0.66045797 0.76777256
0.5761058 0.5517843 0.5325412
0.5847567 0.5422873 0.489953
0.5941763 0.54475784 0.48692548
0.58633316 0.5382643 0.47213334
0.5879095 0.5315422 0.46821177
0.5879095 0.5328917 0.46126282
0.59575266 0.5407348 0.46910596
0.59575266 0.5407348 0.46910596
0.5934076 0.5300911 0.46126282
0.60909384 0.54712695 0.47000006
0.6051723 0.5432054 0.4660785
0.59732914 0.53536224 0.45823535
0.6012507 0.5392838 0.46215692
0.6012507 0.5392838 0.46215692
0.59732914 0.5367118 0.4512863
0.6130154 0.5523981 0.46697256
0.62085855 0.5602412 0.4748157
0.6428115 0.5891432 0.5092157
0.6506546 0.59698635 0.51705885
0.64673305 0.5917152 0.52008635
0.4490782 0.40235886 0.32792944
0.53300756 0.47798973 0.4063608
0.6506546 0.59698635 0.51705885
0.65615267 0.59418577 0.51705885
0.65615267 0.59553534 0.5101098
0.66007423 0.5994569 0.51403135
0.66007423 0.5994569 0.51403135
0.66007423 0.6008064 0.50708234
0.66007423 0.6008064 0.50708234
0.6506546 0.5983359 0.5101098
0.6082861 0.56716627 0.5065333
0.5604195 0.5387971 0.50295687
0.46234116 0.4714152 0.48796082
0.3658394 0.4000103 0.45514506
0.2552668 0.27553964 0.3196785
0.21059217 0.20441854 0.2182667
0.2184353 0.21361123 0.21916075
0.6584196 0.66749364 0.68403924
0.41916496 0.46298388 0.5070196
0.12350987 0.13953286 0.16157645
0.10939999 0.11712449 0.1419686
0.10390201 0.119925015 0.1419686
0.096058875 0.11073233 0.14107448
0.09213731 0.10681076 0.13715291
0.096058875 0.10938277 0.14802356
0.098404035 0.12002644 0.1558667
0.153306 0.17357884 0.21771768
0.12585503 0.14747742 0.18331769
0.13604333 0.16326514 0.21290193
0.33673394 0.44869328 0.5560078
0.75318897 0.8817453 0.9834588
0.7727968 0.9027027 0.9961176
0.7029772 0.84813076 0.94424313
0.676295 0.836696 0.93550587
0.6880597 0.84846073 0.9472706
0.6817929 0.835245 0.92855686
0.36656904 0.45478112 0.5152079
0.5761058 0.5558329 0.5116942
0.7133997 0.65973145 0.57980394
0.7369291 0.68326086 0.60333335
0.7251644 0.6728457 0.5846196
0.73066247 0.67004514 0.5846196
0.71263105 0.6464143 0.5471922
0.6985212 0.6240059 0.5275844
0.70244277 0.629277 0.52455693
0.6859878 0.5989241 0.48320782
0.67422307 0.58850896 0.4644941
0.6993289 0.60666573 0.477153
0.6891406 0.5895285 0.45451772
0.67345434 0.57519174 0.4318824
0.6907171 0.5841559 0.44364712
0.6750308 0.5698192 0.42101175
0.68287396 0.57766235 0.42885488
0.70013666 0.58662647 0.4406196
0.7024818 0.5972702 0.44846272
0.69856024 0.5933486 0.44454116
0.7079798 0.5944696 0.44846272
0.6805289 0.5683682 0.41406274
0.6648426 0.5526819 0.39837646
0.660921 0.54876035 0.3944549
0.6687641 0.5566035 0.40229803
0.65307784 0.5409172 0.38661176
0.660921 0.54876035 0.3944549
0.67660725 0.5644466 0.41014117
0.6844504 0.57228976 0.4179843
0.6805289 0.5683682 0.41406274
0.6844504 0.5709402 0.4249333
0.69621515 0.5827049 0.43669802
0.67660725 0.5644466 0.41014117
0.65307784 0.5409172 0.38661176
0.6648426 0.55133235 0.40532547
0.6515014 0.5462898 0.39748234
0.65307784 0.53956765 0.39356077
0.6452347 0.5317245 0.38571763
0.6452347 0.5330741 0.37876862
0.63739157 0.52523094 0.3709255
0.62954843 0.51603824 0.37003136
0.63347006 0.5213094 0.36700392
0.6413132 0.52780294 0.38179606
0.6468111 0.526352 0.37484705
0.6452347 0.5330741 0.37876862
0.6413132 0.5291525 0.37484705
0.6648426 0.5526819 0.39837646
0.660921 0.54876035 0.3944549
0.6648426 0.5526819 0.39837646
0.6844504 0.5709402 0.4249333
0.6922935 0.57878333 0.43277645
0.67268574 0.5591755 0.4131686
0.67268574 0.56052506 0.4062196
0.6922935 0.5801329 0.42582744
0.6844504 0.57228976 0.4179843
0.67268574 0.56052506 0.4062196
0.6687641 0.5552539 0.40924704
0.6844504 0.5709402 0.4249333
0.67660725 0.56309706 0.41709018
0.6671877 0.5619761 0.4131686
0.6922935 0.57878333 0.43277645
0.6648426 0.55133235 0.40532547
0.65699947 0.5448388 0.39053333
0.64915633 0.53699565 0.3826902
0.64915633 0.53699565 0.3826902
0.6452347 0.5344236 0.37181967
0.6413132 0.530502 0.3678981
0.63739157 0.52523094 0.3709255
0.32274124 0.32216704 0.34981173
0.31647453 0.3076018 0.33804703
0.3148981 0.3143239 0.3419686
0.32823923 0.3193665 0.34981173
0.32823923 0.3193665 0.34981173
0.3321608 0.32328808 0.3537333
0.3556902 0.3468175 0.3772627
0.35961178 0.35073906 0.38118428
0.33608237 0.32720965 0.35765487
0.3321608 0.3219385 0.36068234
0.31097654 0.30905277 0.34499606
0.27176085 0.26983708 0.30578038
0.2403883 0.23846453 0.2744078
0.25061557 0.21954633 0.2417961
0.32281932 0.24735694 0.25321573
0.3589211 0.26261187 0.25197646
0.34557998 0.25621969 0.25108233
0.3047488 0.25843212 0.2779843
0.17133744 0.19720972 0.25514507
0.14542383 0.20044166 0.27207062
0.17521997 0.23718676 0.3143137
0.2081299 0.29789272 0.39701176
0.28183198 0.39379132 0.50110584
0.40966734 0.52857566 0.64138824
0.5022086 0.6294154 0.73942745
0.54769087 0.68184686 0.7973569
0.49671048 0.63086647 0.7463765
0.2418476 0.3385594 0.44317645
0.18225533 0.2650692 0.35869023
0.23165931 0.32142213 0.42054117
0.31870258 0.42371285 0.5255294
0.40966734 0.5299252 0.63443923
0.4880987 0.607007 0.7198196
0.51789486 0.64510167 0.7551137
0.53358114 0.66078794 0.7708
0.55165154 0.65106237 0.7390824
0.5619959 0.532075 0.4990353
0.57849 0.527722 0.4781883
0.58633316 0.5369147 0.47908235
0.5824116 0.5343427 0.46821177
0.5800664 0.52369905 0.46036863
0.5761448 0.521127 0.44949812
0.589486 0.52616954 0.45734125
0.589486 0.52616954 0.45734125
0.589486 0.52616954 0.45734125
0.589486 0.5275191 0.45039222
0.6012507 0.5392838 0.46215692
0.6012507 0.5406334 0.45520785
0.6012507 0.5406334 0.45520785
0.6051723 0.54455495 0.45912942
0.616937 0.55631965 0.47089413
0.6130154 0.5523981 0.46697256
0.6130154 0.5523981 0.46697256
0.616937 0.5549701 0.4778432
0.6153605 0.56169224 0.48176476
0.5996742 0.5446564 0.47302753
0.2898703 0.23485246 0.16322356
0.63496834 0.5813001 0.5013726
0.6506546 0.59698635 0.51705885
0.6639958 0.6020289 0.524902
0.6757605 0.6151432 0.5297176
0.67183894 0.6112216 0.52579606
0.6757605 0.6151432 0.5297176
0.67183894 0.6125711 0.51884705
0.6757605 0.6151432 0.5297176
0.674184 0.62186533 0.5336392
0.56122726 0.52010745 0.4594745
0.5957136 0.5740912 0.538251
0.5266628 0.5287877 0.53983533
0.4160511 0.43767348 0.47351375
0.27095306 0.2912259 0.33536476
0.2184353 0.21226168 0.22610983
0.16353334 0.15735972 0.17120788
0.43412158 0.4292975 0.43484703
0.6521139 0.68898386 0.7275216
0.15015312 0.18702307 0.22556081
0.11724313 0.124967635 0.14981174
0.10939999 0.11712449 0.1419686
0.10390201 0.119925015 0.1419686
0.09998044 0.1146539 0.14499605
0.096058875 0.10938277 0.14802356
0.11409032 0.13571271 0.17155299
0.1297766 0.15139899 0.18723926
0.12585503 0.14747742 0.18331769
0.13212176 0.15934357 0.20898037
0.17910251 0.2758143 0.38043135
0.7665301 0.88813746 0.98435295
0.7782948 0.89990216 0.9961176
0.7265066 0.8716602 0.96777254
0.67787135 0.82997394 0.9315843
0.6974792 0.8495818 0.95119214
0.6974792 0.8495818 0.95119214
0.58613795 0.7104444 0.7900628
0.4513452 0.47971538 0.4740627
0.6922155 0.6468457 0.56411767
0.73300755 0.68068886 0.5924627
0.73300755 0.68068886 0.5924627
0.73066247 0.67004514 0.5846196
0.7204742 0.6542574 0.55503535
0.70244277 0.6279275 0.53150594
0.7102859 0.6371201 0.5324001
0.696176 0.61606133 0.50584316
0.6820662 0.5963521 0.47233725
0.69148576 0.5988226 0.46930987
0.69540733 0.6040938 0.46628243
0.6891406 0.590878 0.44756868
0.69856024 0.59199905 0.45149025
0.69463867 0.58942705 0.4406196
0.6805289 0.5670186 0.42101175
0.6844504 0.5709402 0.4249333
0.688372 0.57621133 0.42190588
0.6805289 0.5670186 0.42101175
0.68679553 0.5815839 0.43277645
0.68679553 0.5815839 0.43277645
0.688372 0.57621133 0.42190588
0.69621515 0.58405447 0.429749
0.70013666 0.58797604 0.43367058
0.7119014 0.59974074 0.4454353
0.6922935 0.5801329 0.42582744
0.69621515 0.58405447 0.429749
0.688372 0.57486176 0.42885488
0.6907171 0.5855055 0.43669802
0.69463867 0.58942705 0.4406196
0.6750308 0.5698192 0.42101175
0.6805289 0.5670186 0.42101175
0.6805289 0.5670186 0.42101175
0.6750308 0.5698192 0.42101175
0.69856024 0.59199905 0.45149025
0.69856024 0.59199905 0.45149025
0.6789524 0.5737408 0.4249333
0.6844504 0.5709402 0.4249333
0.688372 0.57486176 0.42885488
0.6907171 0.5855055 0.43669802
0.7024818 0.5972702 0.44846272
0.7079798 0.5944696 0.44846272
0.6922935 0.57878333 0.43277645
0.6922935 0.5801329 0.42582744
0.70013666 0.58797604 0.43367058
0.6844504 0.57228976 0.4179843
0.6922935 0.5801329 0.42582744
0.6844504 0.5709402 0.4249333
0.6805289 0.5670186 0.42101175
0.6648426 0.55133235 0.40532547
0.6452347 0.5330741 0.37876862
0.62954843 0.5173878 0.36308235
0.63739157 0.52523094 0.3709255
0.63739157 0.52523094 0.3709255
0.6217053 0.5095447 0.3552392
0.63739157 0.52523094 0.3709255
0.62954843 0.5173878 0.36308235
0.6256269 0.51346624 0.35916078
0.65307784 0.5409172 0.38661176
0.6687641 0.5552539 0.40924704
0.660921 0.54876035 0.3944549
0.6452347 0.5330741 0.37876862
0.6648426 0.5526819 0.39837646
0.64915633 0.53834516 0.37574124
0.64915633 0.53834516 0.37574124
0.6413132 0.530502 0.3678981
0.6397367 0.5372242 0.37181967
0.3219725 0.3061508 0.33109808
0.3219725 0.30750036 0.32414907
0.3203961 0.3128729 0.33501965
0.32431766 0.31679446 0.33894122
0.3321608 0.3246376 0.34678435
0.32823923 0.3193665 0.34981173
0.34784707 0.33897436 0.36941957
0.35176864 0.34289593 0.37334114
0.34000394 0.33113122 0.36157644
0.3266628 0.3260886 0.3537333
0.33058438 0.33001018 0.35765487
0.3203961 0.31152338 0.3419686
0.29921183 0.29863763 0.32628232
0.30317238 0.2651542 0.28190586
0.34792516 0.2655138 0.26587456
0.35499954 0.2586903 0.24805489
0.34950155 0.26014125 0.2550039
0.29690567 0.25058898 0.27014115
0.17368253 0.2078534 0.2629882
0.15326697 0.2082848 0.27991375
0.17756505 0.24648093 0.32910585
0.21439663 0.31245795 0.40877646
0.32496923 0.43692857 0.5442431
0.4410399 0.5599482 0.6727608
0.5139733 0.6411801 0.75119215
0.54534584 0.6712031 0.78951377
0.4159341 0.5431409 0.65315294
0.1861769 0.26899076 0.3626118
0.1861769 0.26899076 0.3626118
0.23558088 0.3253437 0.42446274
0.32262415 0.42763442 0.52945095
0.41516533 0.5271247 0.63443923
0.4880987 0.607007 0.7198196
0.5139733 0.6398305 0.7581412
0.5390791 0.6579874 0.7708
0.56737685 0.6320427 0.6925726
0.5659175 0.53599656 0.50295687
0.57299197 0.5305226 0.4781883
0.57299197 0.53187215 0.4712392
0.57456845 0.52649957 0.46036863
0.5800664 0.52369905 0.46036863
0.57222325 0.5172054 0.44557655
0.5761448 0.521127 0.44949812
0.5777213 0.51440483 0.44557655
0.58164287 0.5183264 0.44949812
0.58556443 0.52359754 0.44647065
0.58556443 0.5249471 0.43952158
0.59732914 0.5367118 0.4512863
0.6012507 0.5406334 0.45520785
0.59732914 0.5367118 0.4512863
0.60282713 0.5339113 0.4512863
0.6051723 0.54455495 0.45912942
0.6012507 0.5406334 0.45520785
0.60909384 0.5484765 0.463051
0.616937 0.55631965 0.47089413
0.4875252 0.4255583 0.3484314
0.53458405 0.47261712 0.39549023
0.64438796 0.58242106 0.5052942
0.6404664 0.5784995 0.5013726
0.6365448 0.5745779 0.49745104
0.63262326 0.57065636 0.49352947
0.6404664 0.57984906 0.49442354
0.65615267 0.59553534 0.5101098
0.65615267 0.59688485 0.5031608
0.65615267 0.59553534 0.5101098
0.6679174 0.60730004 0.5218745
0.53769785 0.496578 0.4359451
0.63100773 0.6080358 0.5804941
0.5752981 0.57182354 0.5690745
0.4686079 0.48193178 0.5205726
0.29371372 0.2987391 0.34018043
0.2184353 0.21226168 0.22610983
0.15961178 0.15343815 0.1672863
0.18863916 0.17551658 0.18386663
0.6050942 0.60721904 0.6182667
0.569761 0.6052814 0.6521176
0.11801189 0.14098383 0.16852546
0.11332156 0.12104606 0.14589016
0.10390201 0.119925015 0.1419686
0.10390201 0.119925015 0.1419686
0.09998044 0.1146539 0.14499605
0.12193346 0.14355585 0.17939612
0.12193346 0.14355585 0.17939612
0.12193346 0.14355585 0.17939612
0.1399649 0.1671867 0.2168235
0.11793381 0.20769665 0.30681565
0.7759496 0.8906081 0.98132545
0.77437323 0.89733016 0.985247
0.7516124 0.8884675 0.9873804
0.6739498 0.82605237 0.92766273
0.6935576 0.8470097 0.94032156
0.70140076 0.85485286 0.9481647
0.68886733 0.8257224 0.9246353
0.37914154 0.44785607 0.48349017
0.6278939 0.5881237 0.51919216
0.7149762 0.6557084 0.5619843
0.73458403 0.6753162 0.58159214
0.7424272 0.68315935 0.5894353
0.7385056 0.6792378 0.5855137
0.7204742 0.6542574 0.55503535
0.7259722 0.6514569 0.55503535
0.71578383 0.6356692 0.52545106
0.71186227 0.6330972 0.51458037
0.7228583 0.63019514 0.5006824
0.7150152 0.622352 0.49283928
0.7009053 0.6012932 0.46628243
0.68287396 0.5763128 0.43580398
0.6750308 0.5698192 0.42101175
0.68287396 0.57766235 0.42885488
0.688372 0.57486176 0.42885488
0.7064034 0.60119176 0.4523843
0.68287396 0.5790119 0.42190588
0.68287396 0.57766235 0.42885488
0.71032494 0.6051133 0.45630586
0.70013666 0.58662647 0.4406196
0.688372 0.57621133 0.42190588
0.6922935 0.5801329 0.42582744
0.70013666 0.58797604 0.43367058
0.70013666 0.58662647 0.4406196
0.7040583 0.59054804 0.44454116
0.7064034 0.60119176 0.4523843
0.7260112 0.6207996 0.47199214
0.69856024 0.5933486 0.44454116
0.69463867 0.58942705 0.4406196
0.69856024 0.5933486 0.44454116
0.7064034 0.60119176 0.4523843
0.7064034 0.5998422 0.4593334
0.7024818 0.5959206 0.45541182
0.7064034 0.5998422 0.4593334
0.7181681 0.61295646 0.464149
0.69463867 0.58942705 0.4406196
0.69856024 0.5933486 0.44454116
0.7024818 0.5972702 0.44846272
0.69463867 0.5880775 0.44756868
0.6930622 0.5947996 0.45149025
0.6773759 0.5791133 0.43580398
0.67110926 0.56589764 0.41709018
0.68287396 0.57766235 0.42885488
0.68679553 0.5815839 0.43277645
0.68287396 0.57766235 0.42885488
0.68287396 0.57766235 0.42885488
0.6922935 0.57878333 0.43277645
0.6922935 0.57878333 0.43277645
0.7040583 0.59054804 0.44454116
0.6922935 0.5801329 0.42582744
0.6922935 0.5801329 0.42582744
0.6922935 0.5801329 0.42582744
0.6805289 0.5683682 0.41406274
0.688372 0.57621133 0.42190588
0.6805289 0.5683682 0.41406274
0.65699947 0.5448388 0.39053333
0.64915633 0.53699565 0.3826902
0.6413132 0.5291525 0.37484705
0.63347006 0.5213094 0.36700392
0.6177838 0.5056231 0.35131764
0.61386216 0.50305104 0.34044713
0.61386216 0.50305104 0.34044713
0.60994065 0.49912947 0.33652556
0.6020975 0.49128634 0.32868242
0.60994065 0.49912947 0.33652556
0.3761058 0.3463861 0.36033723
0.36118817 0.34671605 0.36336476
0.36353335 0.35601014 0.3781569
0.36745492 0.3599317 0.38207847
0.36745492 0.3599317 0.38207847
0.3658785 0.3666538 0.38600004
0.3776432 0.3784185 0.39776474
0.39332947 0.39275527 0.42039996
0.39332947 0.39275527 0.42039996
0.37998822 0.38771275 0.41255683
0.3839098 0.39163432 0.4164784
0.3894079 0.3888337 0.4164784
0.36195692 0.36138272 0.38902742
0.35415277 0.3161346 0.33288625
0.35811344 0.2840006 0.28156084
0.3589211 0.26261187 0.25197646
0.34557998 0.25621969 0.25108233
0.2929841 0.2466674 0.2662196
0.16976096 0.20393184 0.25906664
0.15718853 0.21220636 0.28383532
0.18540819 0.25297448 0.34389806
0.2418476 0.3385594 0.44317645
0.36183983 0.46550056 0.57561564
0.4645693 0.5834776 0.6962902
0.52181643 0.64767367 0.76598436
0.5100517 0.63590896 0.75421965
0.30067113 0.39873245 0.49505097
0.17206708 0.24793188 0.33605492
0.19167495 0.26753974 0.3556628
0.24342401 0.33318684 0.43230587
0.33046728 0.43547755 0.5372941
0.4190869 0.5310463 0.6383608
0.49202028 0.6109286 0.7237412
0.5139733 0.6411801 0.75119215
0.53515756 0.65406585 0.7668784
0.5784118 0.59443486 0.61647844
0.5674939 0.53062403 0.49208635
0.57456845 0.52515 0.46731764
0.57456845 0.52515 0.46731764
0.57849 0.52907157 0.4712392
0.5761448 0.5197775 0.45644706
0.5683017 0.51328385 0.44165498
0.57222325 0.5172054 0.44557655
0.5800664 0.52504855 0.4534197
0.5777213 0.51440483 0.44557655
0.58164287 0.51967597 0.44254908
0.58164287 0.52102554 0.4356
0.58556443 0.5249471 0.43952158
0.5910624 0.5221466 0.43952158
0.5934076 0.53279024 0.44736472
0.58556443 0.5262966 0.43257254
0.59890556 0.5299897 0.44736472
0.59732914 0.5367118 0.4512863
0.61067027 0.5417544 0.45912942
0.60909384 0.5484765 0.463051
0.60909384 0.5484765 0.463051
0.6051723 0.54455495 0.45912942
0.6130154 0.5523981 0.46697256
0.622435 0.5535191 0.47089413
0.62635654 0.5574407 0.4748157
0.64988595 0.5809701 0.4983451
0.6577291 0.58881325 0.5061882
0.6538075 0.5848917 0.50226665
0.64438796 0.58512014 0.49139607
0.6404664 0.57984906 0.49442354
0.6365448 0.5759275 0.49050197
0.5706469 0.522578 0.45644706
0.6051332 0.57521224 0.54217255
0.6019804 0.5846078 0.57086277
0.48587057 0.4935951 0.5184392
0.29998046 0.31330433 0.35194513
0.22078046 0.22020625 0.24785095
0.16353334 0.15735972 0.17120788
0.20274903 0.19792496 0.20347448
0.36353335 0.35870928 0.3642588
0.65995705 0.696827 0.73536474
0.2662238 0.30869317 0.36102742
0.1195883 0.1356113 0.15765488
0.111745164 0.12776816 0.14981174
0.10390201 0.11857547 0.14891762
0.09998044 0.1146539 0.14499605
0.12743144 0.14210488 0.17244703
0.1195883 0.13426174 0.16460389
0.153306 0.1749284 0.21076867
0.1517296 0.17895141 0.22858821
0.117165126 0.19302993 0.28115296
0.7853692 0.8917291 0.985247
0.7759496 0.8906081 0.98132545
0.77045166 0.892059 0.98827446
0.68494576 0.8218008 0.9207137
0.69513404 0.8402876 0.9364
0.70689875 0.85205233 0.9481647
0.7029772 0.84813076 0.94424313
0.42773777 0.5228988 0.58882356
0.52197254 0.5169472 0.4755059
0.7133997 0.6624305 0.56590587
0.73458403 0.6753162 0.58159214
0.7267409 0.6674731 0.573749
0.71263105 0.6450647 0.55414116
0.6969448 0.62937844 0.5384549
0.7102859 0.6371201 0.5324001
0.71186227 0.63039804 0.5284785
0.7173603 0.63029665 0.51458037
0.71343875 0.62772465 0.5037098
0.7110936 0.6184305 0.4889177
0.7048269 0.6038652 0.477153
0.6930622 0.59345007 0.4584393
0.68521905 0.58560693 0.45059615
0.69463867 0.5880775 0.44756868
0.7024818 0.5959206 0.45541182
0.69856024 0.5933486 0.44454116
0.7064034 0.60119176 0.4523843
0.68679553 0.5815839 0.43277645
0.688372 0.57486176 0.42885488
0.688372 0.57486176 0.42885488
0.7119014 0.59974074 0.4454353
0.69621515 0.58405447 0.429749
0.69621515 0.5827049 0.43669802
0.70013666 0.58662647 0.4406196
0.6844504 0.5709402 0.4249333
0.6687641 0.5552539 0.40924704
0.67268574 0.5591755 0.4131686
0.69856024 0.5933486 0.44454116
0.7064034 0.60119176 0.4523843
0.69856024 0.5933486 0.44454116
0.7064034 0.60119176 0.4523843
0.7024818 0.5972702 0.44846272
0.69856024 0.5933486 0.44454116
0.6922935 0.57878333 0.43277645
0.688372 0.57486176 0.42885488
0.6844504 0.5709402 0.4249333
0.68679553 0.5815839 0.43277645
0.69856024 0.5933486 0.44454116
0.7142465 0.6076853 0.46717653
0.7165916 0.618329 0.47501966
0.72443473 0.6261721 0.4828628
0.72208965 0.61552846 0.47501966
0.71032494 0.60376376 0.46325496
0.7181681 0.6116069 0.4710981
0.7142465 0.6076853 0.46717653
0.7260112 0.6207996 0.47199214
0.71032494 0.6051133 0.45630586
0.68287396 0.57766235 0.42885488
0.688372 0.57486176 0.42885488
0.6907171 0.5855055 0.43669802
0.68679553 0.5815839 0.43277645
0.6805289 0.5683682 0.41406274
0.67268574 0.56052506 0.4062196
0.67268574 0.56052506 0.4062196
0.6805289 0.5670186 0.42101175
0.67660725 0.5644466 0.41014117
0.67660725 0.5644466 0.41014117
0.67660725 0.5644466 0.41014117
0.67110926 0.5672472 0.41014117
0.660921 0.54876035 0.3944549
0.6687641 0.5566035 0.40229803
0.6648426 0.5526819 0.39837646
0.64915633 0.53834516 0.37574124
0.6177838 0.5069726 0.3443687
0.6256269 0.51481575 0.35221183
0.408247 0.39377487 0.41042358
0.39882746 0.39265382 0.406502
0.39332947 0.39410478 0.41345102
0.39175293 0.40082696 0.41737258
0.3956745 0.40339902 0.4282431
0.39017653 0.40619954 0.4282431
0.40194124 0.41796425 0.4400078
0.41370595 0.42972896 0.4517725
0.4058628 0.42188582 0.44392937
0.39252168 0.41549364 0.44303527
0.40036482 0.42333677 0.4508784
0.39252168 0.41549364 0.44303527
0.3721451 0.37852004 0.41166273
0.35492152 0.3321508 0.35160005
0.367533 0.28512165 0.2854824
0.35499954 0.2586903 0.24805489
0.34557998 0.25621969 0.25108233
0.29140767 0.2533895 0.27014115
0.16583939 0.20001027 0.25514507
0.15718853 0.21085683 0.2907843
0.19559652 0.2714613 0.35958436
0.26929858 0.36601037 0.47062743
0.3916359 0.50359523 0.61090976
0.48260075 0.608458 0.7267687
0.525738 0.65159523 0.7699059
0.4512282 0.578435 0.68844706
0.20343965 0.27930444 0.3674275
0.16422394 0.24008875 0.32821178
0.19559652 0.2714613 0.35958436
0.24576917 0.3438305 0.440149
0.33046728 0.43547755 0.5372941
0.4190869 0.5310463 0.6383608
0.49594185 0.61485016 0.72766274
0.5155497 0.634458 0.7472706
0.5367339 0.64869326 0.75600785
0.5666863 0.54931366 0.5355687
0.56514883 0.5213299 0.47729418
0.5588822 0.50811416 0.45858046
0.5706469 0.52122843 0.46339607
0.5706469 0.52122843 0.46339607
0.5683017 0.51193434 0.44860393
0.5643801 0.5080128 0.44468236
0.5683017 0.51328385 0.44165498
0.57222325 0.5172054 0.44557655
0.58164287 0.5183264 0.44949812
0.589486 0.52616954 0.45734125
0.58556443 0.52224797 0.4534197
0.5777213 0.5157544 0.4386275
0.589486 0.5288687 0.44344315
0.58556443 0.5249471 0.43952158
0.5910624 0.5234961 0.43257254
0.594984 0.52606815 0.44344315
0.594984 0.52606815 0.44344315
0.59890556 0.5299897 0.44736472
0.6012507 0.5406334 0.45520785
0.61459184 0.545676 0.463051
0.61067027 0.5417544 0.45912942
0.61459184 0.545676 0.463051
0.622435 0.5535191 0.47089413
0.62635654 0.5574407 0.4748157
0.62635654 0.5574407 0.4748157
0.622435 0.5535191 0.47089413
0.6302781 0.56136227 0.47873726
0.6302781 0.56136227 0.47873726
0.6459644 0.57839805 0.4874745
0.67341536 0.605849 0.5149255
0.6624193 0.60875106 0.5288236
0.46787825 0.43795738 0.40491763
0.62943137 0.61205876 0.5983138
0.5094 0.5171245 0.54196864
0.36114913 0.38142198 0.42556083
0.21528235 0.22165729 0.25479996
0.17529805 0.16912442 0.18297258
0.2066706 0.20049697 0.21434513
0.22235687 0.21618325 0.2300314
0.6183963 0.64561814 0.6952549
0.53523564 0.58330435 0.64943534
0.131353 0.14602645 0.1763686
0.111745164 0.12776816 0.14981174
0.10390201 0.119925015 0.1419686
0.09998044 0.1146539 0.14499605
0.131353 0.14602645 0.1763686
0.11566673 0.13168973 0.15373331
0.1195883 0.13426174 0.16460389
0.13212176 0.15934357 0.20898037
0.12423958 0.18485683 0.27028233
0.7806789 0.8731408 0.9556628
0.7830241 0.88378453 0.9635059
0.78144765 0.88915706 0.9743765
0.698287 0.8281929 0.92160785
0.6927889 0.83099353 0.92160785
0.7108203 0.85732347 0.94513726
0.70689875 0.85205233 0.9481647
0.6112437 0.7272517 0.8096706
0.4144747 0.44844422 0.45658827
0.67026246 0.6192933 0.5227686
0.7267409 0.6674731 0.573749
0.7424272 0.68315935 0.5894353
0.73616046 0.6685941 0.5776706
0.7322389 0.66467255 0.573749
0.71812904 0.64361376 0.5471922
0.7142075 0.6410417 0.53632164
0.7055956 0.61853194 0.50281566
0.70167404 0.61595994 0.4919451
0.6938309 0.6081168 0.48410195
0.67972106 0.58705795 0.45754516
0.69698375 0.59737164 0.46236086
0.72051316 0.62090105 0.48589027
0.7165916 0.618329 0.47501966
0.72443473 0.6261721 0.4828628
0.7064034 0.60119176 0.4523843
0.6789524 0.5737408 0.4249333
0.68679553 0.5815839 0.43277645
0.6907171 0.5855055 0.43669802
0.70013666 0.58662647 0.4406196
0.70013666 0.58797604 0.43367058
0.7079798 0.5958192 0.44151372
0.6922935 0.57878333 0.43277645
0.69621515 0.5827049 0.43669802
0.7079798 0.5958192 0.44151372
0.7079798 0.5944696 0.44846272
0.6844504 0.5709402 0.4249333
0.69463867 0.58942705 0.4406196
0.7181681 0.61295646 0.464149
0.7142465 0.6090349 0.46022743
0.7024818 0.5972702 0.44846272
0.69463867 0.58942705 0.4406196
0.6907171 0.5855055 0.43669802
0.6844504 0.57228976 0.4179843
0.6844504 0.57228976 0.4179843
0.67660725 0.5644466 0.41014117
0.6687641 0.5552539 0.40924704
0.69463867 0.58942705 0.4406196
0.71032494 0.6051133 0.45630586
0.71032494 0.60376376 0.46325496
0.7181681 0.6116069 0.4710981
0.7142465 0.6076853 0.46717653
0.71032494 0.60376376 0.46325496
0.7064034 0.5998422 0.4593334
0.7024818 0.5959206 0.45541182
0.7024818 0.5972702 0.44846272
0.6907171 0.5855055 0.43669802
0.68287396 0.57766235 0.42885488
0.688372 0.57486176 0.42885488
0.68679553 0.5815839 0.43277645
0.69463867 0.58942705 0.4406196
0.7064034 0.60119176 0.4523843
0.7024818 0.5972702 0.44846272
0.69463867 0.58942705 0.4406196
0.7064034 0.60119176 0.4523843
0.7024818 0.5972702 0.44846272
0.6907171 0.5855055 0.43669802
0.68679553 0.5815839 0.43277645
0.68679553 0.5815839 0.43277645
0.6515014 0.54763937 0.39053333
0.65699947 0.5448388 0.39053333
0.6648426 0.5526819 0.39837646
0.6256269 0.51481575 0.35221183
0.6452347 0.5344236 0.37181967
0.64915633 0.53834516 0.37574124
0.38783136 0.39555588 0.42039996
0.37998822 0.38906226 0.40560788
0.3839098 0.39163432 0.4164784
0.38625497 0.40227798 0.42432153
0.38625497 0.40227798 0.42432153
0.3823334 0.3983564 0.42039996
0.40036482 0.42468634 0.44392937
0.39252168 0.41549364 0.44303527
0.38075697 0.40372893 0.43127057
0.38075697 0.40372893 0.43127057
0.38075697 0.40372893 0.43127057
0.36114913 0.3841211 0.41166273
0.3446941 0.35241863 0.3772627
0.3313921 0.30862138 0.32807064
0.35419187 0.28007904 0.27763927
0.35265446 0.2480466 0.24021176
0.34557998 0.25621969 0.25108233
0.2874861 0.24946794 0.2662196
0.16583939 0.19866072 0.26209408
0.16895324 0.22262153 0.302549
0.21128279 0.285798 0.38221964
0.3030163 0.40802658 0.5098431
0.42143205 0.54034036 0.65315294
0.5077066 0.62661487 0.73942745
0.5100517 0.63590896 0.75421965
0.35634178 0.46830112 0.57561564
0.17364348 0.24120979 0.33213335
0.16814551 0.24401031 0.33213335
0.20736122 0.283226 0.37134907
0.2536123 0.35167363 0.44799215
0.342232 0.44589272 0.5560078
0.42300847 0.5336183 0.6492314
0.4880987 0.607007 0.7198196
0.51162815 0.63053644 0.743349
0.5383104 0.64332074 0.7451372
0.55807436 0.5268039 0.50206274
0.5573057 0.5148363 0.46250203
0.5667253 0.5159573 0.4664236
0.56280375 0.5133853 0.45555294
0.5667253 0.51730686 0.4594745
0.5683017 0.51193434 0.44860393
0.56045854 0.5040912 0.4407608
0.5683017 0.51193434 0.44860393
0.5800664 0.52369905 0.46036863
0.58398795 0.52627105 0.4712392
0.5619959 0.532075 0.4990353
0.5556902 0.5508661 0.5564157
0.58633316 0.5369147 0.47908235
0.589486 0.5275191 0.45039222
0.589486 0.5288687 0.44344315
0.58714086 0.5195745 0.42865098
0.594984 0.52606815 0.44344315
0.59890556 0.5299897 0.44736472
0.5934076 0.53279024 0.44736472
0.59890556 0.5313392 0.44041568
0.6067487 0.53783286 0.45520785
0.61067027 0.5417544 0.45912942
0.61459184 0.545676 0.463051
0.61459184 0.545676 0.463051
0.6185134 0.54959756 0.46697256
0.622435 0.5535191 0.47089413
0.622435 0.5535191 0.47089413
0.6341997 0.56528383 0.48265883
0.6420428 0.5744765 0.48355293
0.64988595 0.5823196 0.49139607
0.6459644 0.57839805 0.4874745
0.6287017 0.5667348 0.4896079
0.4420037 0.4051338 0.3665961
0.63885087 0.6145294 0.5952863
0.54627067 0.5483955 0.5594432
0.36114913 0.38277152 0.4186118
0.2058628 0.2191867 0.2578275
0.17372164 0.17449696 0.19384317
0.19098432 0.1848107 0.19865885
0.22078046 0.22155578 0.24090199
0.54700035 0.5964186 0.654251
0.6481533 0.7170692 0.7996941
0.13212176 0.16069311 0.2020314
0.11332156 0.12104606 0.14589016
0.10547842 0.11320292 0.13804702
0.10547842 0.11320292 0.13804702
0.12900785 0.13673234 0.16157645
0.11724313 0.124967635 0.14981174
0.16272555 0.177399 0.20774114
0.17291385 0.19318669 0.23732552
0.12581599 0.17948428 0.25941175
0.7900984 0.8756114 0.9526353
0.7846005 0.87841195 0.9526353
0.7908672 0.89162767 0.97134906
0.72104764 0.8357061 0.9264235
0.703785 0.82539237 0.92160785
0.71789485 0.84780073 0.94121563
0.7163183 0.85452294 0.94513726
0.69986343 0.82282037 0.9107372
0.37521997 0.44258496 0.4865176
0.63573706 0.5959668 0.5270353
0.7204742 0.6542574 0.55503535
0.73616046 0.6699437 0.5707216
0.7440036 0.6777868 0.57856476
0.7283173 0.66210055 0.5628785
0.7220506 0.6475353 0.5511138
0.72989374 0.65672797 0.5520079
0.723627 0.6448619 0.5263451
0.71343875 0.62772465 0.5037098
0.7408897 0.6551756 0.5311608
0.70717204 0.61450887 0.48499614
0.7009053 0.6012932 0.46628243
0.7165916 0.6169795 0.4819687
0.69698375 0.59737164 0.46236086
0.6773759 0.5791133 0.43580398
0.68287396 0.57766235 0.42885488
0.68679553 0.5815839 0.43277645
0.7079798 0.5944696 0.44846272
0.7236661 0.61150545 0.4572
0.71582294 0.6036623 0.44935685
0.6805289 0.5683682 0.41406274
0.6805289 0.5683682 0.41406274
0.688372 0.57621133 0.42190588
0.6805289 0.5683682 0.41406274
0.6922935 0.5801329 0.42582744
0.688372 0.57621133 0.42190588
0.69621515 0.5827049 0.43669802
0.6922935 0.57878333 0.43277645
0.68679553 0.5815839 0.43277645
0.688372 0.57486176 0.42885488
0.6789524 0.5737408 0.4249333
0.68287396 0.57766235 0.42885488
0.6789524 0.5737408 0.4249333
0.6922935 0.5801329 0.42582744
0.69621515 0.58405447 0.429749
0.70013666 0.58797604 0.43367058
0.69621515 0.5827049 0.43669802
0.70013666 0.58662647 0.4406196
0.7024818 0.5972702 0.44846272
0.69856024 0.5933486 0.44454116
0.6907171 0.5841559 0.44364712
0.68287396 0.5763128 0.43580398
0.6789524 0.5723912 0.4318824
0.68287396 0.5763128 0.43580398
0.69463867 0.5880775 0.44756868
0.68679553 0.5815839 0.43277645
0.6907171 0.5855055 0.43669802
0.68679553 0.5815839 0.43277645
0.7024818 0.5972702 0.44846272
0.7040583 0.59054804 0.44454116
0.69463867 0.58942705 0.4406196
0.69463867 0.58942705 0.4406196
0.69463867 0.58942705 0.4406196
0.6907171 0.5855055 0.43669802
0.67660725 0.56309706 0.41709018
0.67660725 0.56309706 0.41709018
0.68287396 0.57766235 0.42885488
0.6789524 0.5737408 0.4249333
0.67110926 0.5672472 0.41014117
0.6671877 0.56332564 0.4062196
0.6632661 0.5594041 0.40229803
0.67110926 0.5672472 0.41014117
0.67268574 0.56052506 0.4062196
0.65307784 0.5422667 0.3796628
0.660921 0.55010986 0.38750595
0.36038038 0.37080398 0.37905103
0.34861568 0.35903928 0.36728632
0.33919615 0.35791823 0.36336476
0.34703928 0.36576137 0.3712079
0.3431177 0.3618398 0.36728632
0.35488242 0.3736045 0.37905103
0.358804 0.37752607 0.3829726
0.33919615 0.35791823 0.36336476
0.32743144 0.34615353 0.35160005
0.32193345 0.34895405 0.35160005
0.3140903 0.34111091 0.3437569
0.31724313 0.32766673 0.33591378
0.29529026 0.2987647 0.3015137
0.2992508 0.26258218 0.27103528
0.34557998 0.25756925 0.24413332
0.35265446 0.24939612 0.23326279
0.34323484 0.24557604 0.2432392
0.28356454 0.24554637 0.26229802
0.16976096 0.20258228 0.26601565
0.16737683 0.22934362 0.30647057
0.22539258 0.30820644 0.40182748
0.33831042 0.44197115 0.55208623
0.44496146 0.5638698 0.67668235
0.5155497 0.634458 0.7472706
0.47241244 0.59132075 0.70413333
0.23715729 0.31997114 0.4135922
0.16187878 0.23079465 0.31341958
0.17206708 0.24928145 0.32910585
0.2097063 0.29386973 0.3791922
0.26145545 0.35951677 0.45583528
0.3406555 0.45261484 0.5599294
0.42300847 0.53496784 0.64228237
0.48025557 0.5991639 0.71197647
0.503785 0.6226933 0.7355059
0.55245924 0.62967366 0.70949805
0.5478861 0.5096666 0.47942746
0.5549606 0.502843 0.4616079
0.5549606 0.5041926 0.4546589
0.5549606 0.50554216 0.4477098
0.56280375 0.5133853 0.45555294
0.5706469 0.51987886 0.47034517
0.56514883 0.5213299 0.47729418
0.56357235 0.5253529 0.49511373
0.5305844 0.53135973 0.5507059
0.5603414 0.60146123 0.6620941
0.73992586 0.8032422 0.8720706
0.7650317 0.82139903 0.88472944
0.6349293 0.6119574 0.5844157
0.5934076 0.5314407 0.45431378
0.594984 0.52606815 0.44344315
0.5910624 0.5221466 0.43952158
0.58714086 0.518225 0.4356
0.60282713 0.5339113 0.4512863
0.60282713 0.5339113 0.4512863
0.6067487 0.53783286 0.45520785
0.61067027 0.5417544 0.45912942
0.6067487 0.53783286 0.45520785
0.60282713 0.5352608 0.44433725
0.60282713 0.5339113 0.4512863
0.59890556 0.5313392 0.44041568
0.61459184 0.545676 0.463051
0.61459184 0.545676 0.463051
0.6185134 0.55094707 0.46002352
0.6302781 0.5627118 0.47178823
0.6302781 0.5627118 0.47178823
0.6302781 0.5627118 0.47178823
0.6302781 0.56136227 0.47873726
0.5102468 0.469127 0.40849409
0.63258415 0.6026632 0.56962353
0.55176866 0.5482941 0.5455451
0.34938443 0.36965728 0.41379613
0.24742366 0.2676965 0.31183535
0.17056869 0.18389258 0.22253338
0.1839098 0.1916343 0.2164784
0.19644326 0.21806565 0.25390592
0.5226631 0.5929285 0.6672549
0.6716827 0.7405986 0.82322353
0.1399649 0.16853625 0.20987454
0.1211647 0.1288892 0.15373331
0.10547842 0.11455246 0.13109806
0.10939999 0.11712449 0.1419686
0.12666282 0.12743814 0.14678435
0.1211647 0.13023874 0.14678435
0.12900785 0.13673234 0.16157645
0.131353 0.1446769 0.18331769
0.12581599 0.18083382 0.25246277
0.7799102 0.85847414 0.92999995
0.79951805 0.878082 0.94960785
0.7963652 0.89017665 0.9644
0.7226241 0.83033353 0.915553
0.70928293 0.8239414 0.9146588
0.7194713 0.8424282 0.93034506
0.7273144 0.85027134 0.9381882
0.7171261 0.83178455 0.9225019
0.44500044 0.531863 0.6005882
0.5274706 0.5154962 0.46855694
0.7047879 0.63857114 0.5393491
0.7283173 0.66210055 0.5628785
0.7440036 0.6777868 0.57856476
0.73616046 0.6699437 0.5707216
0.7322389 0.66737163 0.55985105
0.74165845 0.6684927 0.5637726
0.723627 0.6448619 0.5263451
0.71343875 0.62772465 0.5037098
0.7095172 0.6238031 0.49978822
0.70325047 0.61058736 0.48107457
0.7009053 0.6012932 0.46628243
0.69698375 0.59872115 0.45541182
0.6930622 0.5947996 0.45149025
0.70874846 0.61048585 0.46717653
0.71267 0.6144074 0.4710981
0.7024818 0.5972702 0.44846272
0.7079798 0.5944696 0.44846272
0.70013666 0.58662647 0.4406196
0.6844504 0.57228976 0.4179843
0.67268574 0.56052506 0.4062196
0.67660725 0.5644466 0.41014117
0.69621515 0.58405447 0.429749
0.7040583 0.5918976 0.43759215
0.7079798 0.5958192 0.44151372
0.7119014 0.5983912 0.4523843
0.69856024 0.5933486 0.44454116
0.7040583 0.59054804 0.44454116
0.6805289 0.5670186 0.42101175
0.688372 0.57486176 0.42885488
0.688372 0.57486176 0.42885488
0.69856024 0.5933486 0.44454116
0.7024818 0.5972702 0.44846272
0.7024818 0.5972702 0.44846272
0.7040583 0.59054804 0.44454116
0.6922935 0.57878333 0.43277645
0.6922935 0.57878333 0.43277645
0.6805289 0.5670186 0.42101175
0.6805289 0.5670186 0.42101175
0.69463867 0.58942705 0.4406196
0.69463867 0.58942705 0.4406196
0.69463867 0.5880775 0.44756868
0.69856024 0.59199905 0.45149025
0.7064034 0.5998422 0.4593334
0.69463867 0.5880775 0.44756868
0.7024818 0.5972702 0.44846272
0.69856024 0.5933486 0.44454116
0.69463867 0.5907766 0.43367058
0.69856024 0.5946982 0.43759215
0.688372 0.57486176 0.42885488
0.67660725 0.5644466 0.41014117
0.6805289 0.5683682 0.41406274
0.6922935 0.57878333 0.43277645
0.688372 0.57486176 0.42885488
0.6922935 0.57878333 0.43277645
0.688372 0.57486176 0.42885488
0.6805289 0.5670186 0.42101175
0.6844504 0.57228976 0.4179843
0.6805289 0.5683682 0.41406274
0.67660725 0.5644466 0.41014117
0.67268574 0.56052506 0.4062196
0.660921 0.54876035 0.3944549
0.67660725 0.5644466 0.41014117
0.64915633 0.53834516 0.37574124
0.62954843 0.5187373 0.3561334
0.2913687 0.29889175 0.27674514
0.28352556 0.29104862 0.268902
0.26626274 0.28208452 0.2571373
0.27176085 0.2792839 0.2571373
0.27568242 0.28185594 0.2680078
0.2913687 0.29889175 0.27674514
0.28744712 0.29362065 0.27977252
0.25449803 0.27031982 0.2453726
0.252153 0.25967607 0.23752946
0.257651 0.25822508 0.23058043
0.25372943 0.25295398 0.23360789
0.25530583 0.24623188 0.2296863
0.26238027 0.23670922 0.22576474
0.28045076 0.22428457 0.20794508
0.3353917 0.24043198 0.22149809
0.35423085 0.24402359 0.2223922
0.33773685 0.24972613 0.23629019
0.28198814 0.25226846 0.2662196
0.17210612 0.21322595 0.2738588
0.18698467 0.24760193 0.33302742
0.25676513 0.339579 0.43320003
0.36810648 0.48006582 0.58738035
0.4645693 0.5834776 0.6962902
0.503785 0.6226933 0.7355059
0.39005947 0.50896776 0.62178034
0.16814551 0.24401031 0.33213335
0.15245923 0.22967361 0.309498
0.17991021 0.25577503 0.34389806
0.21205147 0.3045134 0.38703534
0.26929858 0.3673599 0.46367842
0.35007513 0.4550854 0.55690193
0.4190869 0.5310463 0.6383608
0.481832 0.5937913 0.7011059
0.49751827 0.6094776 0.71679217
0.55641985 0.6002388 0.6442745
0.5416194 0.49645093 0.4607138
0.55103904 0.49892145 0.45768633
0.55103904 0.500271 0.45073733
0.5471175 0.49634945 0.44681576
0.54946256 0.5029445 0.4755059
0.5415804 0.5298073 0.5298588
0.5266237 0.56214416 0.6089804
0.69286704 0.7548338 0.8319608
0.76580036 0.83606577 0.91039217
0.74853766 0.8257521 0.90557647
0.7563808 0.8335952 0.9134196
0.7579572 0.82822263 0.902549
0.69452155 0.6827485 0.6828
0.5777213 0.5157544 0.4386275
0.5910624 0.5221466 0.43952158
0.58714086 0.518225 0.4356
0.594984 0.52741766 0.4364941
0.59890556 0.5299897 0.44736472
0.60282713 0.5339113 0.4512863
0.61067027 0.5417544 0.45912942
0.6067487 0.53783286 0.45520785
0.61067027 0.5417544 0.45912942
0.61067027 0.54310393 0.4521804
0.6067487 0.53918236 0.44825882
0.6067487 0.53918236 0.44825882
0.61067027 0.54310393 0.4521804
0.61459184 0.5470255 0.45610195
0.622435 0.55486864 0.4639451
0.6302781 0.5627118 0.47178823
0.6420428 0.5744765 0.48355293
0.63812125 0.5705549 0.47963136
0.6302781 0.5627118 0.47178823
0.58398795 0.5289701 0.45734125
0.6341606 0.5986402 0.55180395
0.5651098 0.5560358 0.5394902
0.3956745 0.40339902 0.4282431
0.2160511 0.23632394 0.28046277
0.17994925 0.22106908 0.28170192
0.19094528 0.21681756 0.27475291
0.17994925 0.21971953 0.28865102
0.5900985 0.67426187 0.75958437
0.6638396 0.7327555 0.8153804
0.14938444 0.17100683 0.2068471
0.11332156 0.12104606 0.14589016
0.10939999 0.11847403 0.13501963
0.13058439 0.13135971 0.15070592
0.12274125 0.12486612 0.13591376
0.13058439 0.13135971 0.15070592
0.14077255 0.14849705 0.17334116
0.16664712 0.18132056 0.21166271
0.11954932 0.16626856 0.24069807
0.7971729 0.8674383 0.9417647
0.8010945 0.8713599 0.9456862
0.79794157 0.88480407 0.95352936
0.73596525 0.8367257 0.9164471
0.714781 0.8224904 0.90770984
0.7265457 0.8342551 0.91947454
0.7249692 0.8409772 0.9233961
0.72104764 0.8357061 0.9264235
0.5846005 0.67841196 0.7526353
0.45449802 0.46897027 0.45232153
0.7283173 0.66210055 0.5628785
0.7573447 0.68417895 0.5794589
0.75184673 0.6869795 0.5794589
0.74792516 0.6830579 0.5755373
0.73616046 0.6712932 0.5637726
0.7377369 0.6659207 0.552902
0.7314701 0.65135545 0.54113734
0.723627 0.6448619 0.5263451
0.71343875 0.62772465 0.5037098
0.71893674 0.62627363 0.49676085
0.72443473 0.6248226 0.48981184
0.7009053 0.6026427 0.4593334
0.7009053 0.6026427 0.4593334
0.6891406 0.590878 0.44756868
0.7064034 0.5998422 0.4593334
0.69856024 0.5933486 0.44454116
0.7024818 0.5972702 0.44846272
0.71032494 0.6051133 0.45630586
0.69463867 0.58942705 0.4406196
0.6907171 0.5855055 0.43669802
0.69856024 0.5933486 0.44454116
0.6922935 0.57878333 0.43277645
0.7079798 0.5944696 0.44846272
0.69463867 0.58942705 0.4406196
0.688372 0.57486176 0.42885488
0.6805289 0.5670186 0.42101175
0.69621515 0.58405447 0.429749
0.70013666 0.58662647 0.4406196
0.7024818 0.5972702 0.44846272
0.7064034 0.60119176 0.4523843
0.7142465 0.6090349 0.46022743
0.72208965 0.61552846 0.47501966
0.7142465 0.6090349 0.46022743
0.68679553 0.5815839 0.43277645
0.68287396 0.57766235 0.42885488
0.69463867 0.58942705 0.4406196
0.6907171 0.5855055 0.43669802
0.6907171 0.5855055 0.43669802
0.69463867 0.58942705 0.4406196
0.7024818 0.5972702 0.44846272
0.7064034 0.60119176 0.4523843
0.7024818 0.5959206 0.45541182
0.7064034 0.5998422 0.4593334
0.72208965 0.61552846 0.47501966
0.7260112 0.6207996 0.47199214
0.6907171 0.5855055 0.43669802
0.6844504 0.57228976 0.4179843
0.688372 0.57621133 0.42190588
0.69621515 0.5827049 0.43669802
0.7119014 0.5983912 0.4523843
0.70013666 0.58797604 0.43367058
0.688372 0.57621133 0.42190588
0.688372 0.57486176 0.42885488
0.6922935 0.57878333 0.43277645
0.688372 0.57486176 0.42885488
0.6922935 0.5801329 0.42582744
0.67660725 0.5644466 0.41014117
0.65699947 0.5448388 0.39053333
0.660921 0.54876035 0.3944549
0.64915633 0.53699565 0.3826902
0.65699947 0.5448388 0.39053333
0.64915633 0.53834516 0.37574124
0.63739157 0.52658045 0.36397654
0.64915633 0.53699565 0.3826902
0.246694 0.22642115 0.18228239
0.23885086 0.21992755 0.16749023
0.24277243 0.22384912 0.1714118
0.246694 0.22777069 0.17533337
0.26787826 0.24065644 0.19101964
0.29063898 0.24816962 0.19583534
0.2812194 0.2470486 0.19191377
0.2867174 0.24424805 0.19191377
0.2867174 0.24424805 0.19191377
0.29221547 0.24279705 0.18496469
0.30713305 0.24246706 0.18193725
0.318129 0.23956509 0.16803926
0.32597214 0.24470915 0.18978038
0.32754856 0.23663752 0.19280782
0.35030928 0.24145156 0.21152161
0.362074 0.25186673 0.23023534
0.33381528 0.24580456 0.23236862
0.274145 0.24307576 0.26532555
0.17602769 0.21579796 0.28472945
0.19717291 0.26473922 0.3556628
0.27714172 0.37520304 0.47152156
0.39555746 0.5075168 0.6148313
0.48025557 0.5991639 0.71197647
0.47241244 0.59132075 0.70413333
0.2669534 0.35806578 0.4488863
0.15795721 0.22687308 0.309498
0.16030237 0.23751675 0.31734115
0.1861769 0.2703403 0.3556628
0.2198946 0.31100696 0.40182748
0.27714172 0.37520304 0.47152156
0.342232 0.44724226 0.5490588
0.4167418 0.52040255 0.63051766
0.45438102 0.5663403 0.6736549
0.47164375 0.5753045 0.6854196
0.5580354 0.5588107 0.57815695
0.56357235 0.5240034 0.50206274
0.5557292 0.51616025 0.4942196
0.55257636 0.5269053 0.5159608
0.51409036 0.5357128 0.571553
0.6262004 0.68816715 0.7652941
0.74853766 0.8257521 0.90557647
0.7446161 0.82048094 0.90860397
0.73677295 0.8126378 0.9007608
0.7563808 0.8335952 0.9134196
0.74853766 0.8257521 0.90557647
0.76030236 0.8375168 0.9173412
0.7618788 0.8321442 0.90647054
0.731353 0.7460265 0.7763686
0.589486 0.52616954 0.45734125
0.5832193 0.5129539 0.4386275
0.5832193 0.51430345 0.43167844
0.58714086 0.518225 0.4356
0.59890556 0.5299897 0.44736472
0.61067027 0.5417544 0.45912942
0.59890556 0.5299897 0.44736472
0.60282713 0.5339113 0.4512863
0.6012507 0.5406334 0.45520785
0.6012507 0.5406334 0.45520785
0.6067487 0.53783286 0.45520785
0.6185134 0.54959756 0.46697256
0.6185134 0.54959756 0.46697256
0.60909384 0.5484765 0.463051
0.622435 0.5535191 0.47089413
0.62085855 0.5602412 0.4748157
0.63812125 0.5692054 0.4865804
0.6365448 0.5759275 0.49050197
0.63812125 0.5705549 0.47963136
0.61143893 0.55777067 0.4778432
0.6184743 0.5843035 0.52916867
0.54707843 0.5310554 0.5090118
0.3776432 0.3784185 0.39776474
0.2042864 0.22320971 0.27564704
0.19405912 0.23942882 0.32215685
0.1830631 0.24368036 0.32910585
0.23950244 0.32926527 0.4283843
0.6528436 0.7356574 0.82927847
0.6003258 0.6539941 0.7339215
0.131353 0.14602645 0.1763686
0.10939999 0.11847403 0.13501963
0.11489811 0.11567343 0.13501963
0.14784707 0.14167345 0.1555216
0.12274125 0.12486612 0.13591376
0.1423491 0.14447397 0.1555216
0.14627066 0.14704598 0.16639219
0.14077255 0.14849705 0.17334116
0.12347089 0.17153966 0.23767063
0.80267096 0.8659873 0.9348157
0.81443566 0.877752 0.9465804
0.80501604 0.876631 0.94265884
0.74696124 0.8324742 0.90949804
0.7218554 0.8143173 0.89683926
0.7281221 0.8288826 0.90860397
0.7320437 0.8314545 0.91947454
0.7281221 0.827533 0.915553
0.6567651 0.7422781 0.81930196
0.38467854 0.41034958 0.42129415
0.6726466 0.5925319 0.48231378
0.70167404 0.6146104 0.4988941
0.7173603 0.63029665 0.51458037
0.723627 0.6448619 0.5263451
0.7432348 0.66312015 0.552902
0.7432348 0.6644697 0.5459529
0.74873286 0.66301876 0.5390039
0.7408897 0.6551756 0.5311608
0.73070145 0.6380383 0.50852555
0.7150152 0.622352 0.49283928
0.7048269 0.6052148 0.470204
0.7048269 0.6065643 0.46325496
0.72051316 0.62225056 0.47894123
0.70874846 0.61048585 0.46717653
0.7048269 0.6065643 0.46325496
0.7064034 0.60119176 0.4523843
0.69856024 0.5933486 0.44454116
0.69856024 0.5933486 0.44454116
0.69856024 0.5933486 0.44454116
0.7024818 0.5959206 0.45541182
0.7024818 0.5959206 0.45541182
0.7142465 0.6076853 0.46717653
0.69856024 0.5933486 0.44454116
0.6907171 0.5855055 0.43669802
0.69463867 0.58942705 0.4406196
0.68679553 0.5815839 0.43277645
0.6922935 0.57878333 0.43277645
0.688372 0.57621133 0.42190588
0.688372 0.57486176 0.42885488
0.68679553 0.5815839 0.43277645
0.69463867 0.5880775 0.44756868
0.7024818 0.5959206 0.45541182
0.69463867 0.5880775 0.44756868
0.69856024 0.59199905 0.45149025
0.69856024 0.59199905 0.45149025
0.7064034 0.5998422 0.4593334
0.7260112 0.61945003 0.47894123
0.72208965 0.61552846 0.47501966
0.7142465 0.6076853 0.46717653
0.7064034 0.5998422 0.4593334
0.6907171 0.5855055 0.43669802
0.7024818 0.5972702 0.44846272
0.6907171 0.5855055 0.43669802
0.69463867 0.58942705 0.4406196
0.71032494 0.6051133 0.45630586
0.70013666 0.58797604 0.43367058
0.70013666 0.58797604 0.43367058
0.70013666 0.58797604 0.43367058
0.7079798 0.5944696 0.44846272
0.69856024 0.5933486 0.44454116
0.7040583 0.59054804 0.44454116
0.688372 0.57486176 0.42885488
0.6844504 0.5709402 0.4249333
0.6805289 0.5670186 0.42101175
0.6805289 0.5683682 0.41406274
0.67660725 0.5644466 0.41014117
0.688372 0.57621133 0.42190588
0.67660725 0.5644466 0.41014117
0.67660725 0.5644466 0.41014117
0.6844504 0.57228976 0.4179843
0.6805289 0.5683682 0.41406274
0.6648426 0.55403143 0.39142752
0.6413132 0.530502 0.3678981
0.62954843 0.5187373 0.3561334
0.30478787 0.23317294 0.16714513
0.31186226 0.22634943 0.14932546
0.323627 0.23946367 0.15414116
0.35423085 0.25616953 0.15985103
0.39267784 0.27936897 0.18035299
0.40209746 0.28183952 0.17732547
0.41151702 0.28565964 0.16734907
0.42328173 0.29742435 0.17911378
0.4405444 0.30908763 0.17698044
0.46722668 0.32052237 0.18571763
0.4789914 0.33363664 0.19053333
0.49390894 0.33330667 0.18750593
0.5017521 0.33845073 0.20924704
0.46172872 0.3152256 0.2274118
0.3981759 0.26982063 0.21509808
0.36365038 0.24649417 0.21936475
0.34557998 0.25621969 0.25108233
0.26864702 0.24587628 0.26532555
0.18229441 0.23036319 0.29649416
0.20578474 0.2885986 0.38221964
0.32262415 0.42763442 0.52945095
0.41751048 0.5364188 0.6492314
0.48417714 0.60308546 0.71589804
0.4034006 0.51535994 0.62267447
0.17598864 0.25320303 0.33302742
0.15795721 0.22687308 0.309498
0.16656904 0.25073245 0.33605492
0.1979416 0.28075546 0.3743765
0.22773774 0.3188501 0.40967062
0.265377 0.36343834 0.45975685
0.32420054 0.42091233 0.5255294
0.36968297 0.47469324 0.5765098
0.39555746 0.5075168 0.6148313
0.39555746 0.50616723 0.62178034
0.5078236 0.52114755 0.5597883
0.53527457 0.5485985 0.58723927
0.553267 0.60828483 0.67991376
0.7210867 0.7983011 0.8781255
0.7351965 0.8193599 0.9046824
0.73127496 0.81543833 0.9007608
0.72735333 0.81151676 0.89683926
0.7351965 0.8193599 0.9046824
0.7351965 0.8193599 0.9046824
0.74696124 0.8324742 0.90949804
0.74853766 0.8257521 0.90557647
0.7524592 0.82967365 0.90949804
0.7579572 0.8268731 0.90949804
0.7517296 0.77895147 0.82858825
0.58164287 0.5169769 0.45644706
0.58714086 0.51687545 0.44254908
0.594984 0.52606815 0.44344315
0.59890556 0.5313392 0.44041568
0.60282713 0.5339113 0.4512863
0.59890556 0.5299897 0.44736472
0.60282713 0.5339113 0.4512863
0.59890556 0.5299897 0.44736472
0.59732914 0.5367118 0.4512863
0.6012507 0.5392838 0.46215692
0.60282713 0.5339113 0.4512863
0.61067027 0.5417544 0.45912942
0.622435 0.5535191 0.47089413
0.6130154 0.5523981 0.46697256
0.6130154 0.5523981 0.46697256
0.6185134 0.54959756 0.46697256
0.6302781 0.56136227 0.47873726
0.6365448 0.5759275 0.49050197
0.6365448 0.5759275 0.49050197
0.62554884 0.57747996 0.511349
0.6098235 0.59515005 0.56480783
0.54627067 0.5483955 0.5594432
0.3956745 0.40339902 0.4282431
0.21370594 0.22568028 0.27261963
0.17602769 0.2144484 0.29167846
0.16499263 0.2534059 0.3608235
0.5367339 0.64869326 0.75600785
0.66068673 0.74350053 0.8371216
0.32896888 0.37008873 0.43072155
0.12508628 0.13281077 0.15765488
0.11489811 0.11567343 0.13501963
0.12666282 0.12743814 0.14678435
0.13608237 0.12990874 0.1437569
0.12823923 0.12341515 0.12896468
0.1321608 0.12598717 0.13983533
0.1658785 0.16800338 0.17905101
0.16822353 0.17594802 0.20079213
0.13289043 0.17266071 0.2415922
0.8160121 0.8723794 0.93570983
0.8160121 0.8723794 0.93570983
0.8065925 0.8712584 0.93178827
0.7579572 0.82822263 0.902549
0.72735333 0.81286633 0.8898902
0.7391181 0.82328147 0.90860397
0.7375417 0.83000356 0.91252553
0.7336201 0.826082 0.90860397
0.7054004 0.78396434 0.8554902
0.34780803 0.37907848 0.4038196
0.6396977 0.5665319 0.46181184
0.6820662 0.59500253 0.47928625
0.7095172 0.6224535 0.50673723
0.7212819 0.6342182 0.51850194
0.729125 0.64206135 0.5263451
0.7173603 0.63029665 0.51458037
0.70325047 0.6092378 0.48802352
0.6891406 0.58817893 0.46146673
0.70874846 0.60913634 0.47412556
0.72208965 0.61552846 0.47501966
0.7260112 0.61945003 0.47894123
0.7260112 0.61945003 0.47894123
0.71032494 0.60376376 0.46325496
0.7142465 0.6076853 0.46717653
0.7009053 0.6026427 0.4593334
0.7260112 0.61945003 0.47894123
0.7024818 0.5959206 0.45541182
0.6907171 0.5841559 0.44364712
0.7024818 0.5959206 0.45541182
0.7064034 0.5998422 0.4593334
0.72208965 0.61552846 0.47501966
0.7064034 0.5998422 0.4593334
0.69856024 0.59199905 0.45149025
0.68679553 0.5815839 0.43277645
0.68679553 0.5815839 0.43277645
0.6907171 0.5855055 0.43669802
0.71974456 0.6062343 0.46022743
0.688372 0.57621133 0.42190588
0.70013666 0.58662647 0.4406196
0.68287396 0.57766235 0.42885488
0.72208965 0.61552846 0.47501966
0.7024818 0.5959206 0.45541182
0.69463867 0.5880775 0.44756868
0.7024818 0.5959206 0.45541182
0.6907171 0.5841559 0.44364712
0.71032494 0.60376376 0.46325496
0.72208965 0.61552846 0.47501966
0.7064034 0.5998422 0.4593334
0.69856024 0.59199905 0.45149025
0.71032494 0.60376376 0.46325496
0.7024818 0.5972702 0.44846272
0.7142465 0.6090349 0.46022743
0.7142465 0.6090349 0.46022743
0.7181681 0.61295646 0.464149
0.72208965 0.61687803 0.46807057
0.7064034 0.6025413 0.4454353
0.69463867 0.5907766 0.43367058
0.6844504 0.57228976 0.4179843
0.68287396 0.57766235 0.42885488
0.68679553 0.5815839 0.43277645
0.6907171 0.5855055 0.43669802
0.69463867 0.58942705 0.4406196
0.69621515 0.5827049 0.43669802
0.70013666 0.58662647 0.4406196
0.6805289 0.5683682 0.41406274
0.67268574 0.56052506 0.4062196
0.67660725 0.5644466 0.41014117
0.67660725 0.5644466 0.41014117
0.6844504 0.57228976 0.4179843
0.67660725 0.5644466 0.41014117
0.67268574 0.56187457 0.39927065
0.65307784 0.5422667 0.3796628
0.660921 0.55010986 0.38750595
0.6648426 0.55403143 0.39142752
0.47195598 0.30440468 0.15310593
0.4931403 0.31863996 0.16184312
0.5009835 0.32783264 0.16273724
0.5300108 0.34991106 0.1793177
0.5590383 0.37198943 0.19589809
0.5590383 0.373339 0.18894906
0.57472456 0.38902527 0.20463534
0.5998304 0.40718216 0.2172941
0.5998304 0.40853173 0.21034509
0.61317146 0.41492385 0.21123926
0.6210146 0.42141742 0.22603136
0.6210146 0.42141742 0.22603136
0.6115951 0.41624773 0.2429569
0.54646575 0.37486583 0.24846272
0.42328173 0.28797752 0.22775686
0.35815242 0.25064427 0.21241567
0.32439575 0.24333395 0.23539606
0.26707053 0.24989933 0.28314507
0.18463951 0.2383078 0.31823528
0.23558088 0.3253437 0.42446274
0.35634178 0.46830112 0.57561564
0.4410399 0.5599482 0.6727608
0.46614572 0.5767555 0.6923686
0.2551887 0.34495154 0.44407058
0.16345526 0.22542205 0.302549
0.16580035 0.23471622 0.31734115
0.18225533 0.26641873 0.35174122
0.2081299 0.29924226 0.39006278
0.23165931 0.32277167 0.4135922
0.2606867 0.34350055 0.4371216
0.28029454 0.3631084 0.45672944
0.2959808 0.37744513 0.4793647
0.30224752 0.38931128 0.5050274
0.43631053 0.5747164 0.7123216
0.55157346 0.7231734 0.8495765
0.6590322 0.8250327 0.9376392
0.7249692 0.8382781 0.9372941
0.72420055 0.8236114 0.9116314
0.7218554 0.8129677 0.90378827
0.725777 0.8168893 0.90770984
0.7391181 0.82328147 0.90860397
0.73127496 0.81543833 0.9007608
0.73127496 0.81543833 0.9007608
0.7430396 0.82720304 0.91252553
0.7446161 0.8218305 0.9016549
0.7563808 0.8335952 0.9134196
0.7579572 0.8268731 0.90949804
0.7603414 0.80011165 0.8690432
0.5737997 0.50913376 0.44860393
0.567533 0.4986172 0.41599217
0.5714546 0.50253874 0.41991374
0.5792977 0.5117314 0.42080784
0.5832193 0.51565295 0.4247294
0.58714086 0.5195745 0.42865098
0.60282713 0.5339113 0.4512863
0.6051723 0.5432054 0.4660785
0.6130154 0.5523981 0.46697256
0.6130154 0.5510485 0.47392163
0.6012507 0.5406334 0.45520785
0.6051723 0.54455495 0.45912942
0.6012507 0.5406334 0.45520785
0.60909384 0.5484765 0.463051
0.60909384 0.5484765 0.463051
0.61067027 0.5417544 0.45912942
0.6185134 0.54959756 0.46697256
0.616937 0.55631965 0.47089413
0.616937 0.55631965 0.47089413
0.6043645 0.56189513 0.5095608
0.5760277 0.61984664 0.6638824
0.48421612 0.56702995 0.660651
0.32423958 0.3821577 0.48418042
0.1776041 0.20772631 0.2877569
0.1493454 0.20166415 0.28989017
0.3524202 0.46302998 0.5786431
0.6481143 0.75312465 0.8549411
0.6144357 0.67640245 0.7535294
0.1415413 0.16316369 0.19900396
0.12508628 0.13416031 0.15070592
0.11881968 0.119595 0.1389412
0.15176864 0.14559501 0.15944317
0.1321608 0.12733673 0.13288625
0.1321608 0.12733673 0.13288625
0.16353334 0.15870927 0.1642588
0.1541138 0.15623868 0.1672863
0.14627066 0.14569645 0.17334116
0.17994925 0.22106908 0.28170192
0.82151014 0.8709284 0.92876077
0.8254317 0.87485 0.93268234
0.8160121 0.8723794 0.93570983
0.75561213 0.8189285 0.8877569
0.7344278 0.8046932 0.8790196
0.73677295 0.8153369 0.88686275
0.7406945 0.81790894 0.89773333
0.7446161 0.8218305 0.9016549
0.720318 0.7822848 0.8594117
0.35722756 0.38019952 0.40774116
0.63185453 0.55868876 0.4539687
0.70325047 0.6092378 0.48802352
0.70167404 0.61595994 0.4919451
0.7212819 0.6342182 0.51850194
0.72520345 0.63948935 0.5154745
0.7212819 0.6355678 0.51155293
0.7110936 0.6170809 0.49586666
0.6930622 0.5921005 0.4653883
0.69463867 0.586728 0.45451772
0.6789524 0.5723912 0.4318824
0.6750308 0.56846964 0.42796084
0.6805289 0.5670186 0.42101175
0.6844504 0.5709402 0.4249333
0.70013666 0.58662647 0.4406196
0.70013666 0.58662647 0.4406196
0.71032494 0.6051133 0.45630586
0.7299328 0.6233716 0.4828628
0.72208965 0.61552846 0.47501966
0.71032494 0.60376376 0.46325496
0.69856024 0.59199905 0.45149025
0.69856024 0.59199905 0.45149025
0.69698375 0.59872115 0.45541182
0.7142465 0.6076853 0.46717653
0.72208965 0.61687803 0.46807057
0.7024818 0.5972702 0.44846272
0.69856024 0.5933486 0.44454116
0.7024818 0.5972702 0.44846272
0.69621515 0.5827049 0.43669802
0.68287396 0.57766235 0.42885488
0.69463867 0.58942705 0.4406196
0.69463867 0.5880775 0.44756868
0.71032494 0.60376376 0.46325496
0.7142465 0.6076853 0.46717653
0.7024818 0.5959206 0.45541182
0.68679553 0.58023435 0.43972555
0.7064034 0.5984927 0.46628243
0.7009053 0.6012932 0.46628243
0.7064034 0.5998422 0.4593334
0.7181681 0.6116069 0.4710981
0.69463867 0.5880775 0.44756868
0.69856024 0.59199905 0.45149025
0.6907171 0.5841559 0.44364712
0.68679553 0.58023435 0.43972555
0.67110926 0.56589764 0.41709018
0.69463867 0.58942705 0.4406196
0.7064034 0.60119176 0.4523843
0.7064034 0.60119176 0.4523843
0.71032494 0.6051133 0.45630586
0.7181681 0.61295646 0.464149
0.71032494 0.6051133 0.45630586
0.72208965 0.61552846 0.47501966
0.72208965 0.61552846 0.47501966
0.69856024 0.59199905 0.45149025
0.68679553 0.5815839 0.43277645
0.6805289 0.5670186 0.42101175
0.67660725 0.5644466 0.41014117
0.6648426 0.5526819 0.39837646
0.67268574 0.56187457 0.39927065
0.6687641 0.5566035 0.40229803
0.67660725 0.5644466 0.41014117
0.67268574 0.56187457 0.39927065
0.67268574 0.56187457 0.39927065
0.67268574 0.56187457 0.39927065
0.67268574 0.56052506 0.4062196
0.60455966 0.38971493 0.19163142
0.60455966 0.38971493 0.19163142
0.6124028 0.3989076 0.19252554
0.6280891 0.41459385 0.20821181
0.6280891 0.41459385 0.20821181
0.6241675 0.4106723 0.20429024
0.63201064 0.4185154 0.21213338
0.6398538 0.42635855 0.21997651
0.6398538 0.42635855 0.21997651
0.6343557 0.4291591 0.21997651
0.6382773 0.43173116 0.2308471
0.6382773 0.4303816 0.23779607
0.6249362 0.42398947 0.23690194
0.55588543 0.37868595 0.23848632
0.42328173 0.28797752 0.22775686
0.35030928 0.24145156 0.21152161
0.32439575 0.24333395 0.23539606
0.26707053 0.24854976 0.2900941
0.18932976 0.25689605 0.34781963
0.25595748 0.35961822 0.4697333
0.3743732 0.49328148 0.60609406
0.44888303 0.56779134 0.6806039
0.3775261 0.48253638 0.5843529
0.17521997 0.23718676 0.3143137
0.1611101 0.21612793 0.2877569
0.17521997 0.23718676 0.3143137
0.19717291 0.26743832 0.3417647
0.21128279 0.28849715 0.36832154
0.2348122 0.31202656 0.39185095
0.24580821 0.30642545 0.39185095
0.24111795 0.28648767 0.36921567
0.22935325 0.27472296 0.35745096
0.22385521 0.27617395 0.36439997
0.43165934 0.5187231 0.63443923
0.5374636 0.700765 0.82996863
0.59940094 0.7862485 0.91534895
0.6692205 0.84216994 0.9602746
0.73281235 0.84612125 0.94513726
0.72420055 0.8236114 0.9116314
0.71793383 0.80904615 0.8998667
0.725777 0.8168893 0.90770984
0.7234318 0.8075952 0.8929177
0.6920593 0.77622265 0.86154515
0.6999024 0.7840658 0.8693883
0.7406945 0.81790894 0.89773333
0.7524592 0.82967365 0.90949804
0.7579572 0.8268731 0.90949804
0.7626866 0.8094058 0.8838353
0.5659566 0.5012906 0.4407608
0.5714546 0.50253874 0.41991374
0.5792977 0.5103819 0.42775688
0.5792977 0.5117314 0.42080784
0.58714086 0.5195745 0.42865098
0.57537615 0.5078098 0.41688627
0.5832193 0.51430345 0.43167844
0.58714086 0.518225 0.4356
0.5934076 0.53279024 0.44736472
0.6012507 0.5392838 0.46215692
0.60909384 0.5484765 0.463051
0.616937 0.55631965 0.47089413
0.6247801 0.5641628 0.47873726
0.6287017 0.5667348 0.4896079
0.6287017 0.5667348 0.4896079
0.6247801 0.5628132 0.48568633
0.6247801 0.5628132 0.48568633
0.6130154 0.5510485 0.47392163
0.61143893 0.5564211 0.48479223
0.56430197 0.573376 0.5899216
0.56337714 0.69618356 0.8199921
0.45038134 0.6331802 0.7871766
0.27940872 0.45255953 0.6176549
0.17283577 0.25854996 0.38256466
0.18771434 0.2983241 0.4139372
0.6151653 0.72712463 0.8344392
0.65599644 0.72491235 0.80753726
0.24427077 0.2797912 0.32662743
0.13292941 0.14065391 0.16549802
0.11881968 0.120944545 0.13199219
0.11489811 0.11702298 0.12807062
0.15569021 0.15086614 0.15641566
0.13765877 0.12588575 0.12593724
0.14158034 0.12980732 0.1298588
0.14784707 0.14437255 0.14162351
0.15569021 0.15086614 0.15641566
0.15803537 0.15746115 0.18510586
0.3030943 0.3372652 0.39239997
0.81916493 0.8616343 0.9139686
0.8293533 0.8801211 0.9296549
0.80974543 0.8591637 0.91699606
0.75718856 0.8135559 0.8768863
0.74542385 0.8004417 0.8720706
0.7438474 0.8058142 0.8829411
0.747769 0.8097358 0.88686275
0.74227095 0.81253636 0.88686275
0.7234709 0.7715396 0.8376706
0.33527458 0.3512976 0.37334114
0.5589211 0.47880638 0.36858827
0.6522701 0.5596069 0.43009418
0.6875642 0.5949011 0.4653883
0.7267799 0.6327672 0.51155293
0.7503093 0.6562966 0.53508234
0.74246615 0.6484535 0.5272392
0.73070145 0.6366888 0.5154745
0.7283563 0.6273946 0.5006824
0.7009053 0.6012932 0.46628243
0.68679553 0.57888484 0.4466746
0.688372 0.5735122 0.43580398
0.688372 0.5735122 0.43580398
0.6805289 0.5670186 0.42101175
0.67660725 0.56309706 0.41709018
0.688372 0.57486176 0.42885488
0.688372 0.57486176 0.42885488
0.688372 0.57486176 0.42885488
0.67660725 0.56309706 0.41709018
0.69621515 0.5827049 0.43669802
0.7181681 0.61295646 0.464149
0.7142465 0.6090349 0.46022743
0.72208965 0.61687803 0.46807057
0.71032494 0.6051133 0.45630586
0.7064034 0.60119176 0.4523843
0.7142465 0.6090349 0.46022743
0.69463867 0.58942705 0.4406196
0.7064034 0.60119176 0.4523843
0.7064034 0.60119176 0.4523843
0.7064034 0.60119176 0.4523843
0.7181681 0.6116069 0.4710981
0.71032494 0.60376376 0.46325496
0.69856024 0.59199905 0.45149025
0.71032494 0.60376376 0.46325496
0.72208965 0.61417896 0.4819687
0.7048269 0.6065643 0.46325496
0.7165916 0.6169795 0.4819687
0.7181681 0.6102574 0.47804713
0.6907171 0.5828064 0.45059615
0.69856024 0.59064955 0.4584393
0.7142465 0.6076853 0.46717653
0.7024818 0.5959206 0.45541182
0.7064034 0.5998422 0.4593334
0.7283563 0.6300937 0.48678437
0.72208965 0.61552846 0.47501966
0.71032494 0.60376376 0.46325496
0.7024818 0.5959206 0.45541182
0.69463867 0.5880775 0.44756868
0.68679553 0.5815839 0.43277645
0.688372 0.57486176 0.42885488
0.67660725 0.56309706 0.41709018
0.6789524 0.5723912 0.4318824
0.7024818 0.5959206 0.45541182
0.7064034 0.5998422 0.4593334
0.7064034 0.60119176 0.4523843
0.7079798 0.5944696 0.44846272
0.69621515 0.58405447 0.429749
0.7040583 0.5918976 0.43759215
0.6844504 0.57228976 0.4179843
0.6844504 0.57228976 0.4179843
0.6844504 0.57228976 0.4179843
0.6687641 0.5566035 0.40229803
0.6687641 0.5566035 0.40229803
0.6648426 0.5526819 0.39837646
0.64757985 0.54236823 0.39356077
0.62182236 0.40002865 0.1964471
0.6179008 0.39610708 0.19252554
0.61632437 0.40282917 0.1964471
0.6280891 0.41459385 0.20821181
0.62024593 0.40675074 0.20036867
0.6147479 0.40820175 0.2073177
0.6265126 0.4186169 0.22603136
0.6170931 0.41749585 0.2221098
0.6210146 0.42141742 0.22603136
0.6210146 0.4200679 0.23298037
0.6115951 0.41624773 0.2429569
0.6060971 0.41769874 0.24990593
0.5809912 0.3995419 0.23724703
0.50644237 0.35433987 0.25272942
0.40052098 0.27776527 0.2368392
0.35423085 0.24402359 0.2223922
0.32439575 0.24333395 0.23539606
0.26549414 0.25527185 0.29401568
0.21678075 0.28434706 0.37527063
0.29594183 0.41485012 0.5276627
0.3979026 0.5168109 0.6296235
0.39947903 0.51143837 0.6187529
0.23954149 0.2932098 0.37313724
0.15799625 0.19081758 0.25425094
0.17525901 0.20113128 0.25906664
0.18544723 0.21961811 0.27475291
0.1995571 0.24067692 0.30130976
0.21916495 0.26028478 0.32091764
0.2403492 0.27317056 0.3366039
0.24584725 0.27036998 0.3366039
0.23173739 0.24931115 0.31004703
0.2278158 0.24538957 0.30612546
0.23408255 0.2572557 0.33178827
0.48502392 0.54294205 0.64496475
0.44730663 0.5718143 0.6984235
0.5374636 0.700765 0.82996863
0.61274207 0.7926406 0.91624314
0.67706364 0.85136265 0.9611686
0.7367339 0.8500428 0.9490588
0.698326 0.7894383 0.88025886
0.6865613 0.7776736 0.86849415
0.7100907 0.801203 0.89202356
0.72735333 0.81151676 0.89683926
0.7328514 0.80871624 0.89683926
0.7524592 0.82967365 0.90949804
0.7524592 0.82967365 0.90949804
0.7618788 0.8307947 0.9134196
0.7650317 0.8200495 0.89167845
0.556537 0.50016963 0.43683922
0.567533 0.4986172 0.41599217
0.5714546 0.50388825 0.4129647
0.5792977 0.5117314 0.42080784
0.594984 0.52741766 0.4364941
0.594984 0.52741766 0.4364941
0.6012507 0.5406334 0.45520785
0.6051723 0.54455495 0.45912942
0.60909384 0.5484765 0.463051
0.61459184 0.545676 0.463051
0.60282713 0.5339113 0.4512863
0.60282713 0.5339113 0.4512863
0.61067027 0.5417544 0.45912942
0.6130154 0.5523981 0.46697256
0.62085855 0.55889165 0.48176476
0.6247801 0.5628132 0.48568633
0.63262326 0.57065636 0.49352947
0.6310468 0.57602894 0.5044001
0.6074783 0.5831568 0.56391376
0.5790634 0.7132194 0.82872945
0.5154716 0.70656896 0.85776484
0.4127031 0.6232979 0.79928625
0.29663244 0.49892873 0.6777176
0.21747142 0.36977518 0.51837647
0.5900595 0.7089678 0.8217804
0.6567651 0.73957896 0.83320004
0.42308652 0.46420637 0.52483916
0.13919614 0.15521914 0.17726272
0.12666282 0.12743814 0.14678435
0.11489811 0.11702298 0.12807062
0.1439255 0.13910143 0.14465095
0.14158034 0.12980732 0.1298588
0.13765877 0.12588575 0.12593724
0.14158034 0.12980732 0.1298588
0.18863916 0.17686614 0.17691763
0.15176864 0.14829412 0.14554508
0.15019223 0.14961801 0.17726272
0.5203571 0.54622936 0.6041647
0.82074136 0.8562618 0.903098
0.8348512 0.8773206 0.9296549
0.8074002 0.8498696 0.9022039
0.75641984 0.79753965 0.85817254
0.74307877 0.7911475 0.85727847
0.7415023 0.7965201 0.86814904
0.7493454 0.80436325 0.8759922
0.74542385 0.8004417 0.8720706
0.72270215 0.756873 0.81200784
0.33058438 0.33270925 0.3437569
0.60205835 0.5219437 0.41172555
0.6993289 0.60666573 0.477153
0.7228583 0.63019514 0.5006824
0.7267799 0.63411677 0.504604
0.7267799 0.63411677 0.504604
0.69540733 0.6027442 0.47323143
0.6875642 0.5949011 0.4653883
0.7009053 0.59994364 0.47323143
0.72051316 0.62090105 0.48589027
0.7299328 0.6220221 0.48981184
0.73385435 0.62729317 0.48678437
0.71974456 0.60488474 0.46717653
0.69621515 0.5827049 0.43669802
0.6844504 0.5709402 0.4249333
0.6922935 0.57878333 0.43277645
0.7119014 0.5970416 0.4593334
0.70013666 0.58662647 0.4406196
0.67660725 0.56309706 0.41709018
0.67660725 0.56309706 0.41709018
0.67268574 0.5591755 0.4131686
0.69621515 0.5827049 0.43669802
0.6805289 0.5670186 0.42101175
0.6805289 0.5670186 0.42101175
0.70013666 0.58662647 0.4406196
0.7064034 0.60119176 0.4523843
0.7142465 0.6090349 0.46022743
0.7260112 0.6207996 0.47199214
0.7142465 0.6090349 0.46022743
0.71032494 0.6051133 0.45630586
0.7064034 0.5998422 0.4593334
0.69856024 0.59199905 0.45149025
0.7142465 0.6076853 0.46717653
0.71032494 0.60376376 0.46325496
0.7142465 0.6076853 0.46717653
0.7165916 0.6169795 0.4819687
0.71267 0.6130579 0.47804713
0.7165916 0.6169795 0.4819687
0.71032494 0.60241425 0.470204
0.7181681 0.6102574 0.47804713
0.7142465 0.6063358 0.47412556
0.71032494 0.60241425 0.470204
0.7024818 0.5945711 0.46236086
0.6907171 0.5828064 0.45059615
0.7064034 0.5984927 0.46628243
0.72208965 0.61417896 0.4819687
0.69856024 0.59199905 0.45149025
0.69856024 0.59199905 0.45149025
0.7064034 0.5998422 0.4593334
0.7040583 0.59054804 0.44454116
0.69621515 0.58135533 0.44364712
0.7040583 0.58919847 0.45149025
0.7079798 0.59312004 0.45541182
0.7119014 0.5970416 0.4593334
0.69621515 0.5827049 0.43669802
0.67268574 0.56052506 0.4062196
0.6648426 0.5526819 0.39837646
0.65699947 0.5448388 0.39053333
0.66641897 0.54595983 0.3944549
0.6648426 0.5526819 0.39837646
0.6687641 0.5566035 0.40229803
0.67660725 0.5644466 0.41014117
0.6844504 0.57228976 0.4179843
0.6922935 0.57878333 0.43277645
0.688372 0.57486176 0.42885488
0.5990616 0.38981637 0.20552939
0.59514004 0.3858948 0.20160782
0.5912185 0.3806237 0.20463534
0.5841441 0.38879675 0.21550593
0.5692265 0.3877772 0.22548233
0.56530493 0.3825061 0.22850978
0.55980694 0.38260752 0.24240789
0.5472345 0.39088207 0.2671765
0.5433129 0.3869605 0.26325494
0.5244738 0.37932026 0.28320783
0.5119014 0.38624522 0.31492546
0.49306214 0.38265368 0.31403136
0.46245837 0.36459824 0.31527057
0.41382307 0.32156244 0.28603142
0.3589211 0.26396137 0.2450275
0.34481132 0.24155298 0.22541966
0.32439575 0.24198438 0.24234514
0.27333727 0.263115 0.3018588
0.23404351 0.2933112 0.38703534
0.32654572 0.43020645 0.5403215
0.37360454 0.4786148 0.58043134
0.26699245 0.32066077 0.4005882
0.17449026 0.1864646 0.23340395
0.17606667 0.18109205 0.22253338
0.1839098 0.19028474 0.22342741
0.20509419 0.20182087 0.24606279
0.2168589 0.21358557 0.2578275
0.23646674 0.23319341 0.27743533
0.24823146 0.24495813 0.28920004
0.252153 0.2488797 0.2931216
0.25607458 0.2514517 0.3039922
0.252153 0.24753015 0.30007064
0.24742366 0.26364788 0.33268234
0.48502392 0.54159254 0.6519137
0.44653788 0.5557981 0.67970985
0.44965166 0.5811085 0.7132157
0.5413852 0.7046866 0.8338902
0.6072441 0.79544115 0.91624314
0.6511891 0.81584 0.93674517
0.73046726 0.83682716 0.93034506
0.72969854 0.82081085 0.9116314
0.7391181 0.82328147 0.90860397
0.7351965 0.8193599 0.9046824
0.73677295 0.8126378 0.9007608
0.74853766 0.8257521 0.90557647
0.74853766 0.8257521 0.90557647
0.75403565 0.82295156 0.90557647
0.7595337 0.8215005 0.8986274
0.5706469 0.51987886 0.47034517
0.57537615 0.50511074 0.43078437
0.57537615 0.5064603 0.4238353
0.5832193 0.51565295 0.4247294
0.5792977 0.5117314 0.42080784
0.58714086 0.5195745 0.42865098
0.5832193 0.51430345 0.43167844
0.58556443 0.5249471 0.43952158
0.6067487 0.53783286 0.45520785
0.62635654 0.5574407 0.4748157
0.62635654 0.5574407 0.4748157
0.6051723 0.54455495 0.45912942
0.60909384 0.54712695 0.47000006
0.61459184 0.5443264 0.47000006
0.59732914 0.53536224 0.45823535
0.6051723 0.5432054 0.4660785
0.6130154 0.54969895 0.48087066
0.60044295 0.55797356 0.50563926
0.5657614 0.6707717 0.77258825
0.5594166 0.729667 0.86436856
0.46918148 0.6741769 0.8363686
0.36956584 0.5801607 0.756149
0.32489115 0.50634044 0.6686353
0.57514185 0.70929784 0.8248079
0.6567651 0.73957896 0.83320004
0.48191008 0.5216803 0.5906118
0.14703928 0.16171272 0.19205487
0.13058439 0.13135971 0.15070592
0.11881968 0.120944545 0.13199219
0.120396085 0.115572006 0.12112154
0.17845093 0.16107838 0.14733337
0.34238806 0.31111762 0.28637645
0.15884309 0.140121 0.13467449
0.14550191 0.13507843 0.12683135
0.14942348 0.139 0.13075292
0.16118819 0.14941517 0.14946665
0.15803537 0.15746115 0.18510586
0.6693767 0.69659853 0.74623525
0.81055313 0.8391245 0.88046277
0.830161 0.85738283 0.9070196
0.8144747 0.84169656 0.89133334
0.7501531 0.784324 0.8394588
0.7501531 0.7829744 0.84640783
0.7485767 0.7896965 0.8503294
0.7548435 0.8029122 0.8690432
0.7485767 0.7896965 0.8503294
0.71724313 0.7236181 0.7567608
0.2874861 0.2548661 0.23842357
0.611478 0.5244143 0.40869802
0.6891406 0.590878 0.44756868
0.71267 0.6144074 0.4710981
0.7283563 0.6287442 0.4937334
0.7228583 0.6315447 0.4937334
0.7267799 0.63411677 0.504604
0.72051316 0.62090105 0.48589027
0.71267 0.6130579 0.47804713
0.7142465 0.6063358 0.47412556
0.69463867 0.5880775 0.44756868
0.67660725 0.5617475 0.42403927
0.6687641 0.5552539 0.40924704
0.6844504 0.5709402 0.4249333
0.70013666 0.5852769 0.44756868
0.71582294 0.6009632 0.46325496
0.7119014 0.5970416 0.4593334
0.7079798 0.59312004 0.45541182
0.70013666 0.58662647 0.4406196
0.6805289 0.5670186 0.42101175
0.6899484 0.5681397 0.4249333
0.688372 0.57486176 0.42885488
0.6805289 0.5670186 0.42101175
0.67268574 0.5591755 0.4131686
0.6805289 0.5670186 0.42101175
0.688372 0.57621133 0.42190588
0.70013666 0.58662647 0.4406196
0.6805289 0.5670186 0.42101175
0.70013666 0.58662647 0.4406196
0.7119014 0.5983912 0.4523843
0.7119014 0.5983912 0.4523843
0.7275877 0.61407745 0.46807057
0.7260112 0.61945003 0.47894123
0.73385435 0.62729317 0.48678437
0.7236661 0.6088063 0.4710981
0.7299328 0.6220221 0.48981184
0.7260112 0.6181005 0.48589027
0.7142465 0.6063358 0.47412556
0.69463867 0.586728 0.45451772
0.69856024 0.59064955 0.4584393
0.7048269 0.6052148 0.470204
0.7142465 0.6063358 0.47412556
0.69856024 0.59199905 0.45149025
0.7024818 0.5945711 0.46236086
0.69856024 0.59064955 0.4584393
0.72051316 0.62090105 0.48589027
0.70874846 0.60913634 0.47412556
0.7064034 0.5984927 0.46628243
0.7181681 0.6102574 0.47804713
0.69856024 0.59199905 0.45149025
0.688372 0.5735122 0.43580398
0.67268574 0.5578259 0.4201177
0.688372 0.5735122 0.43580398
0.69621515 0.58135533 0.44364712
0.70013666 0.58662647 0.4406196
0.688372 0.57486176 0.42885488
0.688372 0.57621133 0.42190588
0.7040583 0.5918976 0.43759215
0.69621515 0.58405447 0.429749
0.6922935 0.5801329 0.42582744
0.6805289 0.5670186 0.42101175
0.67268574 0.5591755 0.4131686
0.67268574 0.5591755 0.4131686
0.67268574 0.5591755 0.4131686
0.6648426 0.55133235 0.40532547
0.5040972 0.34639525 0.23098828
0.49859923 0.34649673 0.24488626
0.48525813 0.34010458 0.24399213
0.4781837 0.34692812 0.2618118
0.46876413 0.3444575 0.26483926
0.4616896 0.35263067 0.27570978
0.45461524 0.35945418 0.29352945
0.4585368 0.3620262 0.30440003
0.45303875 0.36347723 0.311349
0.44596437 0.37165034 0.32221958
0.44438794 0.37567332 0.34003925
0.44046637 0.37175176 0.33611768
0.42320365 0.36143804 0.331302
0.38556442 0.31415072 0.2951137
0.33616045 0.25644824 0.24021176
0.32047418 0.24076195 0.22452548
0.3055566 0.2383928 0.24145103
0.26864702 0.24452671 0.27227455
0.23642763 0.26789942 0.3396314
0.30543947 0.3438602 0.42109025
0.2787962 0.29636997 0.35710585
0.21059217 0.2003699 0.23911369
0.21059217 0.2003699 0.23911369
0.22393328 0.20676205 0.24000782
0.22785485 0.20933408 0.2508784
0.23569798 0.21717721 0.25872153
0.23569798 0.21717721 0.25872153
0.24354112 0.22502035 0.26656467
0.24354112 0.22367078 0.27351376
0.23020001 0.21862818 0.26567063
0.2286236 0.22400072 0.2765412
0.23646674 0.23184386 0.28438434
0.23173739 0.24661204 0.32394513
0.46933764 0.52590626 0.6362274
0.51085943 0.6118211 0.7385334
0.44888303 0.5650922 0.69450194
0.45357323 0.58637965 0.7101882
0.5374636 0.700765 0.82996863
0.61274207 0.7926406 0.91624314
0.6731421 0.8474411 0.957247
0.7383104 0.8446703 0.9381882
0.7336201 0.8247324 0.915553
0.7391181 0.82328147 0.90860397
0.73677295 0.8126378 0.9007608
0.7446161 0.8218305 0.9016549
0.7501141 0.81903 0.9016549
0.7579572 0.8268731 0.90949804
0.75561213 0.8175789 0.8947059
0.54946256 0.5042941 0.46855694
0.56987816 0.50791126 0.43078437
0.5596899 0.49077407 0.40814903
0.58714086 0.518225 0.4356
0.5832193 0.51565295 0.4247294
0.58714086 0.5195745 0.42865098
0.5910624 0.5221466 0.43952158
0.59732914 0.5367118 0.4512863
0.5934076 0.53279024 0.44736472
0.60282713 0.5339113 0.4512863
0.60282713 0.5339113 0.4512863
0.59890556 0.5299897 0.44736472
0.6067487 0.5364833 0.46215692
0.6185134 0.548248 0.47392163
0.6130154 0.5510485 0.47392163
0.62085855 0.55889165 0.48176476
0.6153605 0.55899316 0.49566275
0.5603414 0.60416037 0.6481961
0.6120125 0.73786974 0.8561804
0.5358872 0.704788 0.8477882
0.4354638 0.63216066 0.79715294
0.37587154 0.5586704 0.71266675
0.5845615 0.7117683 0.8217804
0.6591103 0.7502226 0.8410432
0.5156278 0.562347 0.6367765
0.15096085 0.16428474 0.20292553
0.13450596 0.13663083 0.14767846
0.12666282 0.13013725 0.13288625
0.11881968 0.122294106 0.12504311
0.1337372 0.12196418 0.12201566
0.19729002 0.16736913 0.13432938
0.44434884 0.41442797 0.38138822
0.15099995 0.13227786 0.12683135
0.15099995 0.13227786 0.12683135
0.17687446 0.16645098 0.1582039
0.16118819 0.14941517 0.14946665
0.15645882 0.16283377 0.19597644
0.7964433 0.81671613 0.8608549
0.81212956 0.8324024 0.8765412
0.82781583 0.8480887 0.8922275
0.8199727 0.84024554 0.88438433
0.75330603 0.7722294 0.8246666
0.74780804 0.7736803 0.8316157
0.74623156 0.7804024 0.83553725
0.7501531 0.784324 0.8394588
0.74938446 0.7683078 0.8207451
0.6255098 0.60408854 0.6152392
0.2490782 0.19831021 0.1487765
0.63266224 0.5399991 0.41048634
0.6750308 0.5698192 0.42101175
0.6891406 0.590878 0.44756868
0.71267 0.6144074 0.4710981
0.72051316 0.62090105 0.48589027
0.73619944 0.6365873 0.50157654
0.73227787 0.63266575 0.49765497
0.72443473 0.6248226 0.48981184
0.7142465 0.6076853 0.46717653
0.68679553 0.58023435 0.43972555
0.688372 0.5735122 0.43580398
0.6805289 0.5670186 0.42101175
0.6844504 0.5709402 0.4249333
0.69621515 0.5827049 0.43669802
0.6844504 0.5695906 0.4318824
0.69621515 0.58135533 0.44364712
0.7040583 0.58919847 0.45149025
0.70013666 0.58662647 0.4406196
0.7079798 0.5944696 0.44846272
0.6922935 0.57878333 0.43277645
0.67660725 0.56309706 0.41709018
0.6844504 0.5709402 0.4249333
0.688372 0.57486176 0.42885488
0.6844504 0.5709402 0.4249333
0.67268574 0.56052506 0.4062196
0.67660725 0.56309706 0.41709018
0.69386995 0.5734108 0.42190588
0.6742621 0.55380297 0.40229803
0.6860268 0.5655677 0.41406274
0.68210524 0.5616461 0.41014117
0.6742621 0.55380297 0.40229803
0.6860268 0.5642181 0.42101175
0.6860268 0.5655677 0.41406274
0.68210524 0.5616461 0.41014117
0.7095562 0.5890971 0.43759215
0.7119014 0.5983912 0.4523843
0.7260112 0.61945003 0.47894123
0.7416975 0.6351363 0.4946275
0.73385435 0.62729317 0.48678437
0.7260112 0.61945003 0.47894123
0.72208965 0.61417896 0.4819687
0.7142465 0.6063358 0.47412556
0.69463867 0.586728 0.45451772
0.68287396 0.5749633 0.44275302
0.7064034 0.5984927 0.46628243
0.71032494 0.60241425 0.470204
0.72208965 0.61417896 0.4819687
0.7064034 0.5984927 0.46628243
0.69856024 0.59064955 0.4584393
0.69463867 0.5880775 0.44756868
0.69856024 0.59199905 0.45149025
0.69856024 0.59199905 0.45149025
0.69856024 0.59199905 0.45149025
0.69621515 0.5827049 0.43669802
0.70013666 0.58662647 0.4406196
0.6844504 0.5709402 0.4249333
0.6648426 0.5526819 0.39837646
0.65699947 0.5434892 0.39748234
0.6687641 0.5552539 0.40924704
0.6687641 0.5552539 0.40924704
0.67660725 0.56309706 0.41709018
0.6805289 0.5670186 0.42101175
0.6805289 0.5670186 0.42101175
0.67660725 0.56309706 0.41709018
0.44442692 0.33961785 0.28479218
0.43108582 0.3332257 0.28389803
0.43892896 0.34106883 0.29174116
0.4334309 0.34251985 0.29869017
0.4318545 0.34924197 0.30261174
0.42793292 0.34397084 0.30563927
0.42635652 0.35069293 0.30956084
0.4185134 0.34150025 0.3086667
0.39340755 0.32469293 0.28905886
0.37222326 0.30910814 0.28727058
0.3628037 0.30663753 0.290298
0.34869385 0.28422916 0.27069017
0.33300757 0.2685429 0.2550039
0.3055566 0.2383928 0.24145103
0.29379186 0.2266281 0.2296863
0.28045076 0.22023593 0.22879213
0.2749527 0.22168696 0.23574115
0.25061557 0.21819678 0.24874513
0.24119602 0.2157262 0.25177252
0.23177642 0.21325564 0.25479996
0.21609014 0.19891891 0.23216468
0.21609014 0.19891891 0.23216468
0.22001171 0.20284048 0.23608625
0.22001171 0.20149094 0.24303526
0.2184353 0.20821303 0.24695683
0.22627844 0.21605617 0.25479996
0.22627844 0.21470661 0.26174906
0.23020001 0.21862818 0.26567063
0.22470203 0.22007915 0.27261963
0.22470203 0.22007915 0.27261963
0.21762751 0.22690277 0.2904392
0.21997267 0.23754643 0.29828233
0.2113218 0.24704345 0.34087056
0.44815332 0.51032144 0.63443923
0.24892199 0.3236386 0.46705097
0.48733002 0.58694214 0.7219529
0.4528046 0.57036334 0.69147456
0.46691447 0.59142214 0.71803135
0.55472636 0.7110787 0.8347844
0.6088205 0.78736955 0.9192705
0.6731421 0.8460915 0.9641961
0.74615353 0.85251343 0.94603133
0.74146324 0.8339251 0.9164471
0.7406945 0.8165594 0.9046824
0.7406945 0.81790894 0.89773333
0.7446161 0.8218305 0.9016549
0.75403565 0.82295156 0.90557647
0.75169057 0.81365734 0.89078426
0.59413725 0.57541513 0.56996864
0.58633316 0.53556514 0.48603144
0.5643801 0.5080128 0.44468236
0.5502703 0.48560432 0.4250745
0.5659566 0.5026401 0.43381184
0.56361145 0.49334607 0.41901967
0.57537615 0.5064603 0.4238353
0.5792977 0.5090323 0.43470594
0.58714086 0.51687545 0.44254908
0.594984 0.52606815 0.44344315
0.59890556 0.5299897 0.44736472
0.60282713 0.5325617 0.45823535
0.594984 0.5247186 0.45039222
0.59890556 0.52864015 0.45431378
0.5934076 0.5314407 0.45431378
0.6130154 0.5510485 0.47392163
0.61378413 0.5630161 0.5134824
0.63012195 0.6947878 0.7553177
0.6237772 0.750984 0.86099607
0.55707145 0.71902335 0.8565254
0.45353425 0.6224351 0.7654353
0.59555745 0.7075168 0.8148314
0.6661847 0.7420496 0.8301726
0.5767964 0.63181424 0.70344317
0.15096085 0.16563429 0.19597644
0.1423491 0.14312442 0.16247062
0.13450596 0.13663083 0.14767846
0.1321608 0.12733673 0.13288625
0.11647452 0.11165044 0.11719997
0.1721842 0.1478627 0.12861964
0.36357233 0.32535294 0.2951137
0.27806658 0.25509462 0.22755292
0.14707838 0.1283563 0.122909784
0.15099995 0.13227786 0.12683135
0.14158034 0.12980732 0.1298588
0.14784707 0.143023 0.14857252
0.14311771 0.1564416 0.1950824
0.8254706 0.8387946 0.8774353
0.8160511 0.83767354 0.87351376
0.82389426 0.8455167 0.8813569
0.80978435 0.8231083 0.86174905
0.74703926 0.7603632 0.79900396
0.7454629 0.76573575 0.80987453
0.75330603 0.7735789 0.8177177
0.75330603 0.7735789 0.8177177
0.74627066 0.7456964 0.7733412
0.48279583 0.43492827 0.4157882
0.32520348 0.23544064 0.13632162
0.6656112 0.5673486 0.42403927
0.68679553 0.5815839 0.43277645
0.69463867 0.5880775 0.44756868
0.7024818 0.5959206 0.45541182
0.71267 0.6144074 0.4710981
0.73227787 0.63401526 0.49070594
0.71267 0.6144074 0.4710981
0.7024818 0.5959206 0.45541182
0.7064034 0.5998422 0.4593334
0.7142465 0.6076853 0.46717653
0.7142465 0.6076853 0.46717653
0.7040583 0.59054804 0.44454116
0.6844504 0.5709402 0.4249333
0.69621515 0.5827049 0.43669802
0.6805289 0.5670186 0.42101175
0.67660725 0.5617475 0.42403927
0.688372 0.5735122 0.43580398
0.69621515 0.5827049 0.43669802
0.65465426 0.53284556 0.3896392
0.65465426 0.53284556 0.3896392
0.67268574 0.5591755 0.4131686
0.70013666 0.5852769 0.44756868
0.71582294 0.60231274 0.45630586
0.7079798 0.5944696 0.44846272
0.69621515 0.5827049 0.43669802
0.688372 0.57486176 0.42885488
0.6899484 0.5681397 0.4249333
0.68210524 0.5616461 0.41014117
0.6781837 0.55772454 0.4062196
0.66641897 0.54595983 0.3944549
0.66641897 0.54595983 0.3944549
0.6624974 0.54203826 0.39053333
0.67034054 0.5498814 0.39837646
0.6781837 0.55772454 0.4062196
0.6742621 0.55380297 0.40229803
0.6781837 0.55637497 0.4131686
0.69621515 0.5827049 0.43669802
0.6844504 0.5709402 0.4249333
0.6687641 0.5552539 0.40924704
0.6922935 0.57878333 0.43277645
0.7040583 0.58919847 0.45149025
0.7064034 0.5998422 0.4593334
0.7142465 0.6063358 0.47412556
0.7181681 0.6102574 0.47804713
0.7181681 0.6102574 0.47804713
0.7260112 0.6181005 0.48589027
0.7142465 0.6063358 0.47412556
0.69698375 0.59737164 0.46236086
0.69463867 0.586728 0.45451772
0.7260112 0.6181005 0.48589027
0.71032494 0.60241425 0.470204
0.7024818 0.5945711 0.46236086
0.7040583 0.58919847 0.45149025
0.69621515 0.58135533 0.44364712
0.69621515 0.58135533 0.44364712
0.68287396 0.5763128 0.43580398
0.69856024 0.5933486 0.44454116
0.70013666 0.58662647 0.4406196
0.6844504 0.5695906 0.4318824
0.6844504 0.5695906 0.4318824
0.6648426 0.55133235 0.40532547
0.65699947 0.5434892 0.39748234
0.64915633 0.5356461 0.3896392
0.65307784 0.53956765 0.39356077
0.38245052 0.2901899 0.25465888
0.36676425 0.27450362 0.23897259
0.35342312 0.26811147 0.23807847
0.3416584 0.25634676 0.22631377
0.3283173 0.2499546 0.22541966
0.3165526 0.23818989 0.21365495
0.3165526 0.23818989 0.21365495
0.31105462 0.2396409 0.22060391
0.30321148 0.2304482 0.21970978
0.29771346 0.2318992 0.22665887
0.28045076 0.22158547 0.22184317
0.27260762 0.21374233 0.21400003
0.26084292 0.20197763 0.20223533
0.25299978 0.19278495 0.20134115
0.24200368 0.19703653 0.20829017
0.23258413 0.19456595 0.21131761
0.23258413 0.19321638 0.2182667
0.23258413 0.19186684 0.22521572
0.22708616 0.19466737 0.22521572
0.208247 0.19107577 0.22432154
0.208247 0.19107577 0.22432154
0.19882746 0.18860519 0.22734898
0.20901576 0.20574243 0.24998435
0.20901576 0.20439288 0.25693336
0.20194124 0.21256605 0.2678039
0.20036483 0.21793859 0.27867448
0.19486685 0.21938956 0.2856235
0.1893688 0.21949102 0.2995216
0.18621598 0.23293522 0.30736473
0.16972192 0.23728822 0.32821178
0.16814551 0.24266078 0.3390824
0.15949465 0.25620645 0.3608235
0.21754944 0.29766423 0.40788233
0.45442006 0.5221876 0.660102
0.17441218 0.24912876 0.39254114
0.31401223 0.39702734 0.5376392
0.45987904 0.5608407 0.687553
0.4755653 0.57787657 0.6962902
0.52965957 0.6555168 0.7738275
0.56568325 0.7442323 0.87613326
0.5962481 0.7983432 0.93014115
0.6809852 0.85393465 0.9720392
0.7406555 0.85531396 0.94603133
0.7430396 0.82720304 0.91252553
0.7406945 0.8165594 0.9046824
0.7501141 0.81903 0.9016549
0.7501141 0.81903 0.9016549
0.75561213 0.8175789 0.8947059
0.73523563 0.7846539 0.84248626
0.6536904 0.68226177 0.72360003
0.58625495 0.6009285 0.6312706
0.54077256 0.5498466 0.5663922
0.55019224 0.55366665 0.5564157
0.5862941 0.5689215 0.5551765
0.5619959 0.532075 0.4990353
0.5416194 0.49780044 0.45376477
0.5667253 0.5159573 0.4664236
0.57222325 0.51450634 0.4594745
0.5737997 0.50913376 0.44860393
0.5659566 0.5026401 0.43381184
0.5934076 0.5300911 0.46126282
0.6012507 0.53793424 0.46910596
0.6051723 0.5405063 0.47997648
0.59575266 0.5393853 0.4760549
0.58633316 0.53421557 0.49298045
0.66072583 0.70879453 0.77492553
0.6520359 0.75569665 0.86581177
0.58690655 0.72106254 0.8365726
0.5900595 0.7103173 0.8148314
0.66776115 0.73802656 0.8123529
0.6325061 0.66667694 0.7218118
0.19017653 0.20350042 0.24214122
0.14627066 0.14839554 0.15944317
0.14000393 0.13517986 0.14072938
0.14158034 0.12980732 0.1298588
0.12589405 0.11412103 0.11417252
0.13531367 0.11659159 0.11114507
0.19494486 0.15807499 0.119537294
0.42631742 0.38944754 0.35090983
0.15257636 0.1269053 0.11596082
0.14707838 0.1283563 0.122909784
0.14315681 0.124434724 0.118988216
0.14707838 0.12700675 0.1298588
0.15176864 0.14424546 0.16639219
0.4450785 0.45840237 0.49704316
0.82154906 0.834873 0.87351376
0.8293922 0.84271616 0.8813569
0.8348902 0.84126514 0.8744078
0.79725105 0.7966768 0.82432157
0.7501922 0.749618 0.77726275
0.7486157 0.75499064 0.7881333
0.76195693 0.7600332 0.79597646
0.7541138 0.75353956 0.7811843
0.72435665 0.6834381 0.6697961
0.30478787 0.23047383 0.18104312
0.43347 0.31861025 0.180902
0.6452347 0.5330741 0.37876862
0.6687641 0.5566035 0.40229803
0.69621515 0.5827049 0.43669802
0.71974456 0.6062343 0.46022743
0.7299328 0.6233716 0.4828628
0.72051316 0.62225056 0.47894123
0.7165916 0.618329 0.47501966
0.7064034 0.5998422 0.4593334
0.69856024 0.59199905 0.45149025
0.6907171 0.5841559 0.44364712
0.6907171 0.5841559 0.44364712
0.69463867 0.58942705 0.4406196
0.70013666 0.58662647 0.4406196
0.70013666 0.58662647 0.4406196
0.7040583 0.58919847 0.45149025
0.688372 0.5735122 0.43580398
0.688372 0.5735122 0.43580398
0.70013666 0.5852769 0.44756868
0.6922935 0.57878333 0.43277645
0.6844504 0.5709402 0.4249333
0.6922935 0.57878333 0.43277645
0.6844504 0.5709402 0.4249333
0.6624974 0.5406887 0.39748234
0.63347006 0.5199598 0.37395293
0.67660725 0.56309706 0.41709018
0.6922935 0.57878333 0.43277645
0.7119014 0.5983912 0.4523843
0.7213209 0.6008618 0.44935685
0.6977915 0.5773324 0.42582744
0.69386995 0.5734108 0.42190588
0.6977915 0.5773324 0.42582744
0.68210524 0.5616461 0.41014117
0.68210524 0.5616461 0.41014117
0.67034054 0.5498814 0.39837646
0.6899484 0.56948924 0.4179843
0.6860268 0.5642181 0.42101175
0.6687641 0.5552539 0.40924704
0.6687641 0.5566035 0.40229803
0.6648426 0.5526819 0.39837646
0.6844504 0.5709402 0.4249333
0.6805289 0.5670186 0.42101175
0.6805289 0.5670186 0.42101175
0.6805289 0.56566906 0.42796084
0.7079798 0.59312004 0.45541182
0.6844504 0.5682411 0.43883145
0.6922935 0.57743376 0.43972555
0.70013666 0.5852769 0.44756868
0.71974456 0.60488474 0.46717653
0.7142465 0.6076853 0.46717653
0.7299328 0.6220221 0.48981184
0.73385435 0.62594366 0.4937334
0.7260112 0.6181005 0.48589027
0.69856024 0.59199905 0.45149025
0.6805289 0.56566906 0.42796084
0.6844504 0.5695906 0.4318824
0.69463867 0.5880775 0.44756868
0.69856024 0.59199905 0.45149025
0.69463867 0.5880775 0.44756868
0.69463867 0.5880775 0.44756868
0.6907171 0.5841559 0.44364712
0.69856024 0.59199905 0.45149025
0.67268574 0.5591755 0.4131686
0.67268574 0.5591755 0.4131686
0.67660725 0.56309706 0.41709018
0.28441128 0.19215068 0.15661964
0.27499175 0.18968008 0.15964709
0.27107018 0.18575852 0.15572552
0.2655722 0.1872095 0.16267455
0.2522311 0.18081735 0.16178036
0.24830952 0.17689578 0.15785879
0.2522311 0.1794678 0.1687294
0.24673304 0.18091881 0.17567846
0.2506546 0.18484038 0.17960003
0.24123506 0.18236978 0.18262748
0.23023897 0.18662137 0.18957645
0.2263174 0.1826998 0.18565488
0.2263174 0.18135026 0.1926039
0.23023897 0.18527183 0.19652547
0.22866257 0.19064438 0.20739605
0.21766661 0.19354632 0.22129415
0.22158818 0.19611835 0.23216468
0.21216857 0.1936478 0.23519212
0.19725105 0.19397773 0.23821965
0.17841183 0.19038616 0.23732552
0.17683542 0.19575873 0.24819605
0.16034141 0.20011169 0.26904318
0.1611101 0.2147784 0.29470587
0.15245923 0.2269745 0.32339612
0.1383104 0.24467024 0.3381882
0.1524202 0.2657291 0.36474508
0.20340061 0.31535995 0.42267448
0.24338505 0.37059185 0.48060387
0.30532235 0.45472577 0.5729333
0.3618007 0.5042552 0.6169647
0.43396538 0.56947094 0.67668235
0.41985565 0.54706246 0.6570745
0.415973 0.50303674 0.6187529
0.5171651 0.58763176 0.708949
0.22696906 0.2920375 0.44654906
0.22539258 0.30010918 0.44352156
0.47871816 0.5644323 0.68844706
0.47714174 0.5711545 0.6923686
0.52262414 0.6235858 0.7502981
0.55707145 0.71902335 0.8565254
0.5578011 0.7737941 0.9165883
0.5875972 0.8132384 0.94493335
0.65664804 0.8517941 0.97809404
0.74615353 0.85251343 0.94603133
0.7351965 0.8193599 0.9046824
0.7461925 0.8151084 0.89773333
0.7501141 0.81903 0.9016549
0.7501141 0.8203795 0.8947059
0.7924827 0.84885 0.9121804
0.786216 0.8356343 0.89346665
0.786216 0.83698386 0.88651764
0.79171395 0.83418334 0.88651764
0.79171395 0.83418334 0.88651764
0.7877924 0.83161134 0.87564707
0.7956355 0.8394545 0.8834902
0.80897665 0.8444971 0.89133334
0.7877924 0.83161134 0.87564707
0.7540747 0.79094464 0.8294824
0.72035706 0.7489284 0.7902667
0.635659 0.6572814 0.6931216
0.56272554 0.5773991 0.6077412
0.5148981 0.51567346 0.53501964
0.5376588 0.52588576 0.52593726
0.57060784 0.55323523 0.5394902
0.58237255 0.5636504 0.55820394
0.62151015 0.672278 0.7218118
0.6520359 0.7583958 0.8519137
0.62066334 0.72702324 0.82054114
0.6638396 0.734105 0.8084314
0.6740669 0.7165363 0.7688706
0.36272556 0.37604943 0.41469023
0.1541138 0.15623868 0.1672863
0.14784707 0.143023 0.14857252
0.13765877 0.12588575 0.12593724
0.12981562 0.118042596 0.11809409
0.1313921 0.11267002 0.1072235
0.16434106 0.14001957 0.120776504
0.36357233 0.32670245 0.28816473
0.252192 0.22092152 0.19618037
0.13923524 0.120513156 0.11506665
0.14315681 0.124434724 0.118988216
0.13923524 0.120513156 0.11506665
0.14707838 0.1283563 0.122909784
0.15019223 0.15096755 0.17031376
0.7995961 0.805971 0.8391137
0.8113608 0.81908524 0.8439294
0.83881176 0.8451867 0.8783294
0.8286236 0.82804936 0.8556941
0.7729529 0.7584807 0.77512944
0.7494235 0.7363009 0.74465096
0.75176865 0.745595 0.75944316
0.7556902 0.74951655 0.76336473
0.75257635 0.7255558 0.7229098
0.6051723 0.53915673 0.48692548
0.24050535 0.14109448 0.053074554
0.56603456 0.439976 0.27467453
0.65699947 0.5448388 0.39053333
0.6648426 0.5526819 0.39837646
0.67660725 0.5644466 0.41014117
0.6805289 0.5683682 0.41406274
0.70013666 0.58662647 0.4406196
0.7142465 0.6090349 0.46022743
0.7142465 0.6090349 0.46022743
0.72208965 0.61552846 0.47501966
0.72208965 0.61552846 0.47501966
0.7064034 0.5998422 0.4593334
0.69856024 0.5933486 0.44454116
0.70013666 0.58662647 0.4406196
0.70013666 0.58662647 0.4406196
0.6922935 0.57743376 0.43972555
0.69856024 0.59199905 0.45149025
0.71582294 0.6009632 0.46325496
0.69463867 0.5880775 0.44756868
0.7040583 0.58919847 0.45149025
0.69621515 0.5827049 0.43669802
0.6805289 0.5670186 0.42101175
0.6844504 0.5709402 0.4249333
0.6922935 0.57878333 0.43277645
0.688372 0.57486176 0.42885488
0.6922935 0.57743376 0.43972555
0.7040583 0.58919847 0.45149025
0.69621515 0.5827049 0.43669802
0.66641897 0.54461026 0.4014039
0.64288956 0.5224304 0.3709255
0.66641897 0.54595983 0.3944549
0.68210524 0.5616461 0.41014117
0.70563465 0.5851755 0.43367058
0.7213209 0.6008618 0.44935685
0.7134778 0.59301865 0.44151372
0.69386995 0.5734108 0.42190588
0.69386995 0.5734108 0.42190588
0.6922935 0.57878333 0.43277645
0.70013666 0.58662647 0.4406196
0.6922935 0.57878333 0.43277645
0.6899484 0.5681397 0.4249333
0.6805289 0.5683682 0.41406274
0.6844504 0.5709402 0.4249333
0.69621515 0.58135533 0.44364712
0.6844504 0.5695906 0.4318824
0.6687641 0.55390435 0.41619614
0.7040583 0.58919847 0.45149025
0.6805289 0.56566906 0.42796084
0.6805289 0.5670186 0.42101175
0.65307784 0.53956765 0.39356077
0.63739157 0.5238814 0.3778745
0.660921 0.5460612 0.408353
0.6907171 0.5828064 0.45059615
0.7181681 0.6102574 0.47804713
0.7142465 0.6076853 0.46717653
0.7064034 0.5998422 0.4593334
0.7024818 0.5959206 0.45541182
0.7024818 0.5959206 0.45541182
0.71032494 0.60376376 0.46325496
0.6907171 0.5841559 0.44364712
0.6750308 0.56846964 0.42796084
0.6632661 0.55670494 0.41619614
0.6632661 0.55670494 0.41619614
0.67268574 0.5591755 0.4131686
0.6648426 0.55133235 0.40532547
0.6671877 0.5619761 0.4131686
0.23419966 0.15448742 0.13825095
0.23419966 0.15448742 0.13825095
0.22870168 0.15728794 0.13825095
0.21928206 0.15616694 0.13432938
0.22320363 0.1573894 0.15214905
0.22554879 0.16803306 0.15999219
0.23339193 0.17452665 0.17478435
0.2373135 0.17844822 0.17870592
0.23023897 0.18662137 0.18957645
0.20905472 0.17103654 0.1877882
0.20355675 0.17113796 0.20168631
0.19490589 0.18603317 0.2164784
0.19490589 0.18468362 0.22342741
0.19332948 0.19005616 0.23429808
0.1823334 0.19430773 0.24124709
0.17368253 0.2078534 0.2629882
0.1611101 0.21612793 0.2877569
0.16030237 0.23616718 0.32429022
0.1657614 0.27212125 0.3656392
0.20340061 0.3167095 0.41572547
0.2661457 0.37945458 0.47847056
0.34300065 0.46460807 0.5608235
0.40966734 0.5299252 0.63443923
0.4528046 0.5730624 0.6775765
0.42693004 0.5402389 0.6392549
0.38771433 0.50102323 0.6000392
0.37202805 0.48533693 0.5843529
0.36653006 0.48678792 0.5913019
0.45276555 0.6104675 0.7258745
0.47002825 0.62078124 0.73069024
0.37360454 0.4786148 0.58043134
0.3791025 0.47716382 0.57348233
0.40812987 0.4978927 0.59701174
0.5618788 0.62809557 0.7273177
0.6348122 0.70797795 0.812698
0.2230475 0.290815 0.42872944
0.38617688 0.46494213 0.5834588
0.5681455 0.6413113 0.74603134
0.5328514 0.6046676 0.7176863
0.5085143 0.60117745 0.73069024
0.43304062 0.7003757 0.8650588
0.5420758 0.7955129 0.94920003
0.5820992 0.81468934 0.9518825
0.6731421 0.8460915 0.9641961
0.7430396 0.82585347 0.91947454
0.74227095 0.81118685 0.89381176
0.7501141 0.81903 0.9016549
0.75561213 0.8175789 0.8947059
0.7885611 0.84357893 0.91520786
0.786216 0.8356343 0.89346665
0.786216 0.8356343 0.89346665
0.786216 0.8356343 0.89346665
0.7901376 0.83955586 0.8973882
0.78229445 0.8317127 0.8895451
0.78229445 0.8317127 0.8895451
0.7901376 0.8409054 0.8904392
0.79405916 0.844827 0.8943608
0.8019023 0.85267013 0.9022039
0.8019023 0.85267013 0.9022039
0.8019023 0.85267013 0.9022039
0.8019023 0.85267013 0.9022039
0.8019023 0.85267013 0.9022039
0.8019023 0.8540197 0.89525485
0.8113218 0.85514075 0.8991765
0.8230865 0.86690545 0.9109411
0.764263 0.80673236 0.85906667
0.68267876 0.7390461 0.8023765
0.67091405 0.7272814 0.7906118
0.67172176 0.7085917 0.74712944
0.65449804 0.6622225 0.6870667
0.3439255 0.33775187 0.35160005
0.15334505 0.14157203 0.14162351
0.1321608 0.12868628 0.12593724
0.12981562 0.118042596 0.11809409
0.13923524 0.120513156 0.11506665
0.15649793 0.13217643 0.11293337
0.23023897 0.19067001 0.1687294
0.37141547 0.3318465 0.30990586
0.15649793 0.13082688 0.11988239
0.15257636 0.1269053 0.11596082
0.13923524 0.121862695 0.108117685
0.15649793 0.13082688 0.11988239
0.15884309 0.140121 0.13467449
0.4200117 0.40688914 0.41523919
0.8184353 0.8136112 0.81916076
0.8223569 0.8161832 0.8300314
0.8302 0.82402635 0.83787453
0.81609017 0.80296755 0.8113176
0.7564979 0.72947735 0.7268314
0.7564979 0.72947735 0.7268314
0.751 0.73227787 0.7268314
0.7564979 0.73082685 0.71988237
0.7110546 0.6450391 0.5928078
0.35265446 0.25884297 0.1846196
0.41390115 0.26834512 0.078251034
0.6201679 0.4802113 0.3039137
0.6687641 0.5566035 0.40229803
0.67268574 0.56052506 0.4062196
0.6922935 0.57878333 0.43277645
0.6922935 0.5801329 0.42582744
0.70013666 0.58662647 0.4406196
0.6922935 0.57878333 0.43277645
0.6922935 0.57878333 0.43277645
0.6922935 0.57878333 0.43277645
0.6907171 0.5855055 0.43669802
0.7142465 0.6090349 0.46022743
0.7064034 0.60119176 0.4523843
0.7040583 0.59054804 0.44454116
0.69621515 0.5827049 0.43669802
0.6907171 0.5841559 0.44364712
0.67660725 0.5617475 0.42403927
0.6844504 0.5695906 0.4318824
0.69621515 0.58135533 0.44364712
0.7040583 0.58919847 0.45149025
0.70013666 0.58662647 0.4406196
0.69621515 0.5827049 0.43669802
0.6844504 0.5709402 0.4249333
0.6844504 0.5709402 0.4249333
0.6860268 0.5642181 0.42101175
0.6899484 0.5681397 0.4249333
0.67660725 0.56309706 0.41709018
0.688372 0.57486176 0.42885488
0.6805289 0.5670186 0.42101175
0.6899484 0.56948924 0.4179843
0.6860268 0.5655677 0.41406274
0.68210524 0.5616461 0.41014117
0.6742621 0.55380297 0.40229803
0.64288956 0.5237799 0.36397654
0.64288956 0.5237799 0.36397654
0.67034054 0.5512309 0.39142752
0.6781837 0.55772454 0.4062196
0.7040583 0.5918976 0.43759215
0.7079798 0.5944696 0.44846272
0.71974456 0.6062343 0.46022743
0.70013666 0.58662647 0.4406196
0.7079798 0.5944696 0.44846272
0.6922935 0.57743376 0.43972555
0.70013666 0.5852769 0.44756868
0.69463867 0.5880775 0.44756868
0.68679553 0.58023435 0.43972555
0.6805289 0.56566906 0.42796084
0.7079798 0.59312004 0.45541182
0.6687641 0.5552539 0.40924704
0.67268574 0.5591755 0.4131686
0.660921 0.5474108 0.4014039
0.688372 0.57486176 0.42885488
0.6844504 0.5695906 0.4318824
0.71032494 0.60376376 0.46325496
0.7024818 0.5959206 0.45541182
0.65699947 0.5434892 0.39748234
0.660921 0.5474108 0.4014039
0.67660725 0.56309706 0.41709018
0.69856024 0.59199905 0.45149025
0.7142465 0.6076853 0.46717653
0.7064034 0.5998422 0.4593334
0.69856024 0.59199905 0.45149025
0.69463867 0.5880775 0.44756868
0.6789524 0.5723912 0.4318824
0.65934455 0.55413294 0.40532547
0.655423 0.55021137 0.4014039
0.21770565 0.16018993 0.15214905
0.22947036 0.17195463 0.16391376
0.22005075 0.16948408 0.16694121
0.21063113 0.16836306 0.16301964
0.20905472 0.17373562 0.17389017
0.20747831 0.17775863 0.19170977
0.21924302 0.18817379 0.21042356
0.21216857 0.19634688 0.22129415
0.19017653 0.20350042 0.24214122
0.16976096 0.20393184 0.25906664
0.1712984 0.23461473 0.30344316
0.20501605 0.27528146 0.34960783
0.25442004 0.33028483 0.4184079
0.31558865 0.39975208 0.48507455
0.37675732 0.4678697 0.55869025
0.46695346 0.5580658 0.6488863
0.4747966 0.5659089 0.65672946
0.41989458 0.51100695 0.6018275
0.38852203 0.4796344 0.57045496
0.35714948 0.44826186 0.5390824
0.34538478 0.43649715 0.5273177
0.3532279 0.44568986 0.5282118
0.36656904 0.45073247 0.5360549
0.36264747 0.4468109 0.53213334
0.38225532 0.46641874 0.5517412
0.3955965 0.4714613 0.5595843
0.39167494 0.4688893 0.5487137
0.37518093 0.47324225 0.56956077
0.5625695 0.7202714 0.8356784
0.53119695 0.68889886 0.80430585
0.093635716 0.16950051 0.25762355
0.058341593 0.13285685 0.22927846
0.22539258 0.3068569 0.40877646
0.59325135 0.6594681 0.75869024
0.6363886 0.70260537 0.8018275
0.61128277 0.683099 0.79611766
0.42304748 0.49351412 0.6148313
0.5383494 0.60321665 0.7107372
0.5313141 0.5739846 0.67330986
0.6012116 0.55104744 0.6424863
0.50697684 0.5664459 0.70716083
0.40558964 0.67427427 0.8306588
0.5820992 0.8133398 0.9588314
0.6339264 0.8055263 0.9319294
0.75088274 0.8350462 0.9203687
0.7344278 0.8033437 0.8859686
0.747769 0.80838627 0.89381176
0.75169057 0.81365734 0.89078426
0.78071797 0.8357358 0.9073647
0.78229445 0.8317127 0.8895451
0.786216 0.8356343 0.89346665
0.786216 0.8356343 0.89346665
0.786216 0.8356343 0.89346665
0.786216 0.8356343 0.89346665
0.79405916 0.8434774 0.9013098
0.7901376 0.8409054 0.8904392
0.79405916 0.844827 0.8943608
0.7979807 0.84874856 0.89828235
0.7979807 0.84874856 0.89828235
0.8019023 0.85267013 0.9022039
0.8019023 0.85267013 0.9022039
0.8019023 0.85267013 0.9022039
0.8019023 0.85267013 0.9022039
0.80582386 0.8565917 0.9061255
0.8113218 0.8537912 0.9061255
0.80347866 0.84594804 0.89828235
0.6536904 0.68226177 0.72360003
0.6568432 0.6728662 0.6949098
0.65372944 0.6502549 0.6475059
0.619243 0.5949215 0.57567847
0.5212038 0.49688235 0.4776393
0.15884309 0.140121 0.13467449
0.14550191 0.13507843 0.12683135
0.15099995 0.13227786 0.12683135
0.15649793 0.13082688 0.11988239
0.17925858 0.14103918 0.110799976
0.35965076 0.32143137 0.29119214
0.16983904 0.13721904 0.120776504
0.14473322 0.11906217 0.108117685
0.14473322 0.11906217 0.108117685
0.15257636 0.1269053 0.11596082
0.16983904 0.13721904 0.120776504
0.18552531 0.15425485 0.12951371
0.7996352 0.7753137 0.7560706
0.8019804 0.7819087 0.7847608
0.8278549 0.81473225 0.8230823
0.8255098 0.8054381 0.8082902
0.79336846 0.76074845 0.7443059
0.7557292 0.71616024 0.6942196
0.75965077 0.71873224 0.7050902
0.75965077 0.7200818 0.69814116
0.75653696 0.6974705 0.6507373
0.55815244 0.45874152 0.3707216
0.32370505 0.17410041 0.008901939
0.5676501 0.40394613 0.18076083
0.63977575 0.50116867 0.3165726
0.6805289 0.5683682 0.41406274
0.6922935 0.5801329 0.42582744
0.7079798 0.5944696 0.44846272
0.7040583 0.59054804 0.44454116
0.69621515 0.5827049 0.43669802
0.6844504 0.5709402 0.4249333
0.69621515 0.5827049 0.43669802
0.6922935 0.57743376 0.43972555
0.70013666 0.58662647 0.4406196
0.6922935 0.57878333 0.43277645
0.67660725 0.5644466 0.41014117
0.6922935 0.5801329 0.42582744
0.7040583 0.59054804 0.44454116
0.7119014 0.5983912 0.4523843
0.7079798 0.59312004 0.45541182
0.7119014 0.5970416 0.4593334
0.70013666 0.5852769 0.44756868
0.6844504 0.5709402 0.4249333
0.70013666 0.58662647 0.4406196
0.7079798 0.5944696 0.44846272
0.6922935 0.57878333 0.43277645
0.69621515 0.5827049 0.43669802
0.7040583 0.59054804 0.44454116
0.6844504 0.5709402 0.4249333
0.6805289 0.5670186 0.42101175
0.6844504 0.5709402 0.4249333
0.67660725 0.56309706 0.41709018
0.68210524 0.56029654 0.41709018
0.68210524 0.56029654 0.41709018
0.6742621 0.55380297 0.40229803
0.68210524 0.5629956 0.40319222
0.6860268 0.5669172 0.4071138
0.6781837 0.55907404 0.39927065
0.6860268 0.5669172 0.4071138
0.68210524 0.5616461 0.41014117
0.688372 0.57621133 0.42190588
0.67660725 0.56309706 0.41709018
0.65465426 0.5341951 0.3826902
0.6468111 0.526352 0.37484705
0.6742621 0.55380297 0.40229803
0.67660725 0.56309706 0.41709018
0.69621515 0.58135533 0.44364712
0.71974456 0.60488474 0.46717653
0.71974456 0.60353523 0.47412556
0.7275877 0.6127279 0.47501966
0.7040583 0.58919847 0.45149025
0.69621515 0.58135533 0.44364712
0.6742621 0.5524534 0.40924704
0.6742621 0.5524534 0.40924704
0.67660725 0.56309706 0.41709018
0.6844504 0.5695906 0.4318824
0.6687641 0.55390435 0.41619614
0.65307784 0.5382181 0.40050986
0.65307784 0.53956765 0.39356077
0.6648426 0.55133235 0.40532547
0.6805289 0.5670186 0.42101175
0.660921 0.5474108 0.4014039
0.6789524 0.5737408 0.4249333
0.69856024 0.59199905 0.45149025
0.68287396 0.5763128 0.43580398
0.67110926 0.5645481 0.42403927
0.67110926 0.56589764 0.41709018
0.6687641 0.5552539 0.40924704
0.67110926 0.56589764 0.41709018
0.17764321 0.17841853 0.19776474
0.18783137 0.19420631 0.22734898
0.18860012 0.21022251 0.24606279
0.1893688 0.22488923 0.27172548
0.23250607 0.26667696 0.32181174
0.25680423 0.3062226 0.3640549
0.3117062 0.35977498 0.4259059
0.38071793 0.43708533 0.50041574
0.44346303 0.4984809 0.57010984
0.4340435 0.49735984 0.5661883
0.40424734 0.4592652 0.53089416
0.3595337 0.4215005 0.49862742
0.3493454 0.40436324 0.4759922
0.34384742 0.40581423 0.48294115
0.34227094 0.41118678 0.49381173
0.35403565 0.42430106 0.49862742
0.36187878 0.4321442 0.50647056
0.3712984 0.4332652 0.5103921
0.37521997 0.43853632 0.50736475
0.37837285 0.42644164 0.49257258
0.35484344 0.40291223 0.46904317
0.364263 0.40403327 0.47296473
0.2387728 0.27989265 0.34052548
0.103863046 0.15193182 0.21806279
0.06072579 0.10879456 0.17492552
0.06856893 0.1166377 0.18276866
0.070914015 0.12458232 0.20450976
0.07402787 0.14854312 0.24496475
0.5625695 0.7202714 0.8356784
0.5766793 0.7413302 0.8622353
0.1390791 0.25798738 0.37079996
0.292828 0.38819024 0.50110584
0.42616135 0.52287316 0.62749016
0.57598865 0.65050393 0.74692553
0.60501605 0.6712328 0.77045494
0.6716827 0.7378995 0.8371216
0.55795723 0.6228245 0.7303451
0.52031803 0.57823616 0.68025887
0.52112573 0.5554978 0.6576236
0.58633316 0.51127326 0.6111137
0.64996403 0.47781947 0.5476785
0.5603804 0.5505608 0.68328625
0.4865613 0.56822675 0.71713734
0.6144357 0.6710043 0.78132546
0.7634553 0.822723 0.9164471
0.73992586 0.8005431 0.8859686
0.7438474 0.8044647 0.8898902
0.747769 0.8097358 0.88686275
0.7650317 0.8200495 0.89167845
0.78229445 0.8317127 0.8895451
0.786216 0.8356343 0.89346665
0.78229445 0.8317127 0.8895451
0.786216 0.8356343 0.89346665
0.78229445 0.8317127 0.8895451
0.7901376 0.83955586 0.8973882
0.7901376 0.83955586 0.8973882
0.7979807 0.84874856 0.89828235
0.7979807 0.84874856 0.89828235
0.8019023 0.85267013 0.9022039
0.8019023 0.85267013 0.9022039
0.8019023 0.85267013 0.9022039
0.8019023 0.85267013 0.9022039
0.8019023 0.85267013 0.9022039
0.80582386 0.8565917 0.9061255
0.8113218 0.8537912 0.9061255
0.8113218 0.8537912 0.9061255
0.7674159 0.79463774 0.8442745
0.5713765 0.5665524 0.57210195
0.58552533 0.5556044 0.5225647
0.5831802 0.5463103 0.5077726
0.54946256 0.5056436 0.4616079
0.26080388 0.24208178 0.23663527
0.15334505 0.14292157 0.13467449
0.17060779 0.15323524 0.13949023
0.19494486 0.1553759 0.13343528
0.33377624 0.28725824 0.2598196
0.2145527 0.1763333 0.14609408
0.16983904 0.13856858 0.11382743
0.16591747 0.13464701 0.10990586
0.17376061 0.14249015 0.117749
0.18710172 0.14888231 0.11864311
0.20986252 0.1604441 0.10261174
0.701635 0.64526767 0.58193725
0.79886645 0.760647 0.73040783
0.82708615 0.8000656 0.7974196
0.8215882 0.8028661 0.7974196
0.82081944 0.7881994 0.7717569
0.76122725 0.7160588 0.68032163
0.76280373 0.71068615 0.669451
0.7667253 0.7146077 0.6733726
0.762035 0.69736904 0.6368392
0.65934455 0.5473852 0.44007057
0.36292073 0.21466567 0.0411686
0.5731481 0.40249515 0.17381182
0.5911795 0.42882508 0.19734123
0.62801105 0.489404 0.3048079
0.6687641 0.5566035 0.40229803
0.6805289 0.5670186 0.42101175
0.70013666 0.58662647 0.4406196
0.7040583 0.59054804 0.44454116
0.7040583 0.59054804 0.44454116
0.7040583 0.59054804 0.44454116
0.7119014 0.5983912 0.4523843
0.70013666 0.58662647 0.4406196
0.69621515 0.5827049 0.43669802
0.6844504 0.5709402 0.4249333
0.67660725 0.5644466 0.41014117
0.67268574 0.56052506 0.4062196
0.6687641 0.5566035 0.40229803
0.67660725 0.5644466 0.41014117
0.67268574 0.5591755 0.4131686
0.6922935 0.57878333 0.43277645
0.7040583 0.59054804 0.44454116
0.6922935 0.57878333 0.43277645
0.69621515 0.5827049 0.43669802
0.69621515 0.5827049 0.43669802
0.7040583 0.59054804 0.44454116
0.69621515 0.5827049 0.43669802
0.70013666 0.58662647 0.4406196
0.7040583 0.58919847 0.45149025
0.7040583 0.59054804 0.44454116
0.69621515 0.5827049 0.43669802
0.69621515 0.5827049 0.43669802
0.69621515 0.5827049 0.43669802
0.6844504 0.57228976 0.4179843
0.68210524 0.5616461 0.41014117
0.6781837 0.55772454 0.4062196
0.6860268 0.5669172 0.4071138
0.6860268 0.5669172 0.4071138
0.68210524 0.5629956 0.40319222
0.6781837 0.55772454 0.4062196
0.6805289 0.5683682 0.41406274
0.70563465 0.5851755 0.43367058
0.69386995 0.57206124 0.42885488
0.6781837 0.55772454 0.4062196
0.6781837 0.55772454 0.4062196
0.7095562 0.5877475 0.44454116
0.6781837 0.55637497 0.4131686
0.64915633 0.5342965 0.3965883
0.67660725 0.5617475 0.42403927
0.660921 0.5460612 0.408353
0.7040583 0.58919847 0.45149025
0.7079798 0.5944696 0.44846272
0.7119014 0.5983912 0.4523843
0.7079798 0.5944696 0.44846272
0.70013666 0.58662647 0.4406196
0.70013666 0.5852769 0.44756868
0.69621515 0.58135533 0.44364712
0.6844504 0.5709402 0.4249333
0.67268574 0.5591755 0.4131686
0.67034054 0.5498814 0.39837646
0.66641897 0.54595983 0.3944549
0.65699947 0.5434892 0.39748234
0.65699947 0.5434892 0.39748234
0.660921 0.5474108 0.4014039
0.6648426 0.55133235 0.40532547
0.67268574 0.5591755 0.4131686
0.6648426 0.5526819 0.39837646
0.63739157 0.52523094 0.3709255
0.61386216 0.50170153 0.34739608
0.40428638 0.42590877 0.46174905
0.44192567 0.47184655 0.5048863
0.4144747 0.44304603 0.48438436
0.37918058 0.40775192 0.44909024
0.3634943 0.39206564 0.43340397
0.3634943 0.3907161 0.44035292
0.35799626 0.3935167 0.44035292
0.35799626 0.39216715 0.44730192
0.3540747 0.38824558 0.44338036
0.36191782 0.39743826 0.4442745
0.3658394 0.40135983 0.44819605
0.3634943 0.3907161 0.44035292
0.34780803 0.37637937 0.4177177
0.3721451 0.37717047 0.4186118
0.37218422 0.3397654 0.37031376
0.3133607 0.28229144 0.30454123
0.19805877 0.17393848 0.20168631
0.10782358 0.11979793 0.16673729
0.05603547 0.09020635 0.14534114
0.05603547 0.09020635 0.14534114
0.0623022 0.10207246 0.17100395
0.048153292 0.11841871 0.19274506
0.04892198 0.13308538 0.21840787
0.09048283 0.18024567 0.27936468
0.19871035 0.29677168 0.3930902
0.35791826 0.46292853 0.56474507
0.43242806 0.5374384 0.6392549
0.3892908 0.49430108 0.5961176
0.51866347 0.661118 0.7738275
0.60413027 0.7687812 0.88968635
0.3524202 0.46437955 0.5716941
0.3532279 0.4416412 0.5490588
0.4355809 0.5253437 0.6244627
0.59951806 0.67403334 0.77045494
0.6716827 0.73924905 0.8301726
0.6716827 0.7378995 0.8371216
0.5854082 0.651625 0.7508471
0.51639646 0.5743146 0.6763373
0.5266237 0.5526973 0.6576236
0.57849 0.50208056 0.61021966
0.6452737 0.4551826 0.53894126
0.69390893 0.49686885 0.57512945
0.7150542 0.5485092 0.6321647
0.6529608 0.618044 0.71218044
0.7721061 0.8091773 0.8947059
0.7360043 0.79662156 0.88204706
0.73992586 0.8005431 0.8859686
0.747769 0.8097358 0.88686275
0.75718856 0.8122064 0.8838353
0.78229445 0.8317127 0.8895451
0.78229445 0.8317127 0.8895451
0.786216 0.8356343 0.89346665
0.786216 0.8356343 0.89346665
0.78229445 0.8317127 0.8895451
0.7901376 0.83955586 0.8973882
0.79405916 0.8434774 0.9013098
0.79405916 0.8434774 0.9013098
0.7979807 0.847399 0.90523136
0.8019023 0.85267013 0.9022039
0.8019023 0.85132056 0.9091529
0.8019023 0.85267013 0.9022039
0.80582386 0.8565917 0.9061255
0.80582386 0.8565917 0.9061255
0.8019023 0.85267013 0.9022039
0.80582386 0.8565917 0.9061255
0.8019023 0.85267013 0.9022039
0.8074002 0.8498696 0.9022039
0.7791806 0.80640244 0.85603917
0.44588628 0.4410622 0.44661173
0.4059019 0.3898789 0.36783534
0.40355676 0.37923524 0.3599922
0.20901576 0.20979108 0.22913729
0.24665491 0.25437942 0.2792235
0.35019222 0.35366666 0.35641566
0.54081166 0.51649016 0.49724713
0.5321998 0.49667946 0.4498432
0.51966643 0.47159755 0.40546665
0.501635 0.44661716 0.37498826
0.5173213 0.46230343 0.39067453
0.46399578 0.4020289 0.324902
0.47341534 0.4044995 0.3218745
0.767533 0.69996667 0.6090431
0.789486 0.7261695 0.65734124
0.81063116 0.7724117 0.74217254
0.819243 0.7949215 0.77567846
0.82081944 0.789549 0.7648078
0.79809785 0.74732983 0.6977961
0.7659566 0.7012906 0.6407608
0.76987815 0.7052122 0.64468235
0.76518786 0.6879735 0.608149
0.68679553 0.57888484 0.4466746
0.49156383 0.33345938 0.124070585
0.6045206 0.43656677 0.19128633
0.59825397 0.42200154 0.17952162
0.5951011 0.43409622 0.1943137
0.64604247 0.5143843 0.33528626
0.6687641 0.5552539 0.40924704
0.688372 0.57486176 0.42885488
0.70013666 0.58662647 0.4406196
0.688372 0.57621133 0.42190588
0.69621515 0.58405447 0.429749
0.7079798 0.5944696 0.44846272
0.71974456 0.6062343 0.46022743
0.7079798 0.5944696 0.44846272
0.7181681 0.61295646 0.464149
0.71582294 0.60231274 0.45630586
0.70013666 0.58662647 0.4406196
0.6805289 0.5683682 0.41406274
0.67660725 0.5644466 0.41014117
0.67660725 0.5644466 0.41014117
0.68210524 0.56029654 0.41709018
0.6860268 0.5655677 0.41406274
0.6860268 0.5655677 0.41406274
0.67034054 0.5498814 0.39837646
0.6860268 0.5655677 0.41406274
0.69386995 0.57206124 0.42885488
0.7040583 0.59054804 0.44454116
0.688372 0.57486176 0.42885488
0.69621515 0.58135533 0.44364712
0.6844504 0.5695906 0.4318824
0.70013666 0.5852769 0.44756868
0.7040583 0.59054804 0.44454116
0.69621515 0.5827049 0.43669802
0.70013666 0.58662647 0.4406196
0.70013666 0.58662647 0.4406196
0.70013666 0.58797604 0.43367058
0.69621515 0.58405447 0.429749
0.6844504 0.5736393 0.41103536
0.6805289 0.5697177 0.4071138
0.67268574 0.56187457 0.39927065
0.6781837 0.55772454 0.4062196
0.688372 0.57621133 0.42190588
0.6805289 0.5683682 0.41406274
0.6805289 0.5683682 0.41406274
0.6899484 0.56948924 0.4179843
0.66641897 0.54595983 0.3944549
0.65857583 0.5381167 0.38661176
0.6624974 0.54203826 0.39053333
0.6742621 0.5524534 0.40924704
0.7017131 0.5799044 0.43669802
0.7095562 0.5877475 0.44454116
0.6860268 0.5642181 0.42101175
0.6624974 0.54203826 0.39053333
0.638968 0.51850885 0.36700392
0.65465426 0.5341951 0.3826902
0.6687641 0.5566035 0.40229803
0.6844504 0.5709402 0.4249333
0.7119014 0.5970416 0.4593334
0.71582294 0.6009632 0.46325496
0.69621515 0.5827049 0.43669802
0.67660725 0.56309706 0.41709018
0.6687641 0.5566035 0.40229803
0.6648426 0.5526819 0.39837646
0.65699947 0.5434892 0.39748234
0.660921 0.5474108 0.4014039
0.65307784 0.5409172 0.38661176
0.638968 0.51850885 0.36700392
0.63739157 0.52523094 0.3709255
0.638968 0.51850885 0.36700392
0.638968 0.5171593 0.37395293
0.35803536 0.36016023 0.3712079
0.35803536 0.35881066 0.3781569
0.3564588 0.36553285 0.38207847
0.36195692 0.36273223 0.38207847
0.36353335 0.3573597 0.3712079
0.3690313 0.35590875 0.3642588
0.3690313 0.35455918 0.3712079
0.35176864 0.345595 0.3594432
0.2968667 0.28934348 0.31149024
0.15645882 0.16418332 0.18902743
0.06626274 0.07263769 0.10578036
0.08979215 0.0961671 0.12930977
0.08979215 0.0961671 0.12930977
0.1031334 0.10120964 0.13715291
0.10155685 0.1052327 0.15497258
0.08506292 0.1109352 0.16887055
0.09836501 0.1520333 0.23196076
0.15245923 0.22832404 0.31644708
0.26460826 0.34742212 0.44104317
0.39402002 0.47683388 0.57045496
0.39636517 0.48747754 0.5782981
0.37283576 0.46394813 0.5547687
0.36107105 0.45218343 0.543004
0.35714948 0.44826186 0.5390824
0.36107105 0.45218343 0.543004
0.3689142 0.46002656 0.5508471
0.3689142 0.46002656 0.5508471
0.36264747 0.4468109 0.53213334
0.4308516 0.542811 0.6501255
0.59394205 0.75164396 0.86705095
0.3555731 0.4536344 0.5499529
0.24423173 0.31314757 0.39577252
0.4387338 0.5145986 0.60272163
0.61678076 0.6843471 0.77527064
0.659918 0.72748435 0.8184079
0.6481533 0.71571964 0.8066432
0.5461925 0.6110598 0.71858037
0.4638396 0.5287068 0.6362274
0.5187806 0.5435046 0.65672946
0.5588822 0.47977364 0.60450983
0.578607 0.38311774 0.50007063
0.6350854 0.43399674 0.53715295
0.65934455 0.51499605 0.6068471
0.60355675 0.5616911 0.6503294
0.764263 0.80133414 0.88686275
0.7375807 0.78989947 0.8781255
0.7360043 0.79797107 0.875098
0.747769 0.8097358 0.88686275
0.753267 0.8082848 0.87991375
0.78229445 0.83036315 0.89649415
0.7783729 0.82779115 0.8856235
0.78229445 0.8317127 0.8895451
0.7901376 0.83955586 0.8973882
0.7901376 0.83955586 0.8973882
0.7901376 0.83955586 0.8973882
0.7901376 0.83955586 0.8973882
0.79405916 0.8434774 0.9013098
0.8019023 0.85132056 0.9091529
0.8019023 0.85132056 0.9091529
0.80582386 0.85524213 0.9130745
0.8019023 0.85267013 0.9022039
0.8019023 0.85267013 0.9022039
0.8019023 0.85267013 0.9022039
0.80582386 0.8565917 0.9061255
0.80582386 0.8565917 0.9061255
0.7979807 0.84874856 0.89828235
0.40347868 0.44459853 0.5052313
0.18310215 0.21032396 0.25996077
0.19094528 0.2181671 0.2678039
0.17291385 0.19318669 0.23732552
0.1634943 0.19206566 0.23340395
0.70859236 0.7371637 0.778502
0.808208 0.8298304 0.8656706
0.8074392 0.81651324 0.83305883
0.8121686 0.8030946 0.7865491
0.81063116 0.77646035 0.7213255
0.8035958 0.7526266 0.65610194
0.78871727 0.7155515 0.61083144
0.71812904 0.64361376 0.5471922
0.76518786 0.689323 0.6012
0.77695256 0.7010877 0.6129647
0.78871727 0.7128524 0.6247294
0.8012507 0.7392838 0.66215694
0.81220764 0.7683887 0.72435296
0.82239586 0.7841764 0.75393724
0.8177057 0.7669377 0.71740395
0.76361144 0.693346 0.6190196
0.773031 0.69581664 0.6159921
0.7722623 0.68249947 0.58338046
0.677415 0.5430578 0.38055694
0.60059905 0.42994612 0.2012628
0.6100187 0.4337662 0.19128633
0.6100187 0.4337662 0.19128633
0.6100187 0.43511575 0.18433729
0.5974462 0.44339034 0.20910594
0.65465426 0.5382438 0.36184314
0.688372 0.57486176 0.42885488
0.6805289 0.5670186 0.42101175
0.6805289 0.5670186 0.42101175
0.67660725 0.5644466 0.41014117
0.6860268 0.5655677 0.41406274
0.6922935 0.5801329 0.42582744
0.6922935 0.5801329 0.42582744
0.70013666 0.58797604 0.43367058
0.7064034 0.60119176 0.4523843
0.71032494 0.6051133 0.45630586
0.69856024 0.5933486 0.44454116
0.69463867 0.58942705 0.4406196
0.68679553 0.5815839 0.43277645
0.69621515 0.5827049 0.43669802
0.6922935 0.57878333 0.43277645
0.6922935 0.57878333 0.43277645
0.6781837 0.55772454 0.4062196
0.66641897 0.54595983 0.3944549
0.66641897 0.54595983 0.3944549
0.6781837 0.55772454 0.4062196
0.6742621 0.5524534 0.40924704
0.69386995 0.57206124 0.42885488
0.7040583 0.58919847 0.45149025
0.69621515 0.5827049 0.43669802
0.70013666 0.5852769 0.44756868
0.70013666 0.58662647 0.4406196
0.70013666 0.58662647 0.4406196
0.688372 0.57486176 0.42885488
0.6922935 0.5801329 0.42582744
0.69621515 0.58405447 0.429749
0.7040583 0.5918976 0.43759215
0.7064034 0.6025413 0.4454353
0.69463867 0.5907766 0.43367058
0.6844504 0.57228976 0.4179843
0.6805289 0.5683682 0.41406274
0.67268574 0.56052506 0.4062196
0.67660725 0.5644466 0.41014117
0.6805289 0.5683682 0.41406274
0.6860268 0.5655677 0.41406274
0.69386995 0.5734108 0.42190588
0.6899484 0.56948924 0.4179843
0.69386995 0.5734108 0.42190588
0.6899484 0.5681397 0.4249333
0.6899484 0.5681397 0.4249333
0.69386995 0.5734108 0.42190588
0.6624974 0.54203826 0.39053333
0.67583853 0.5470809 0.39837646
0.68368167 0.5562735 0.39927065
0.6915248 0.56411666 0.4071138
0.70563465 0.5851755 0.43367058
0.688372 0.57486176 0.42885488
0.660921 0.5474108 0.4014039
0.6805289 0.5670186 0.42101175
0.6687641 0.5552539 0.40924704
0.6648426 0.55133235 0.40532547
0.66641897 0.54595983 0.3944549
0.67660725 0.5644466 0.41014117
0.6844504 0.5709402 0.4249333
0.6805289 0.5670186 0.42101175
0.6687641 0.5552539 0.40924704
0.65307784 0.53956765 0.39356077
0.65307784 0.53956765 0.39356077
0.65699947 0.5434892 0.39748234
0.63739157 0.5238814 0.3778745
0.33219978 0.29128125 0.27763927
0.28906253 0.24949355 0.22755292
0.24750173 0.20098372 0.17354506
0.22005075 0.17353274 0.14609408
0.21612918 0.16961117 0.14217252
0.19729002 0.16467002 0.14822748
0.14942348 0.13765046 0.13770194
0.08587058 0.09359508 0.11843918
0.10074921 0.12932056 0.17065886
0.11720416 0.15967354 0.21200782
0.09994148 0.14935982 0.20719212
0.18071795 0.23708533 0.30041572
0.30620813 0.361226 0.43285495
0.40424734 0.45791566 0.5378431
0.37521997 0.43718678 0.5143137
0.35561213 0.41757894 0.49470586
0.3595337 0.4215005 0.49862742
0.3461925 0.41645792 0.4907843
0.35561213 0.41757894 0.49470586
0.35561213 0.41757894 0.49470586
0.35561213 0.41757894 0.49470586
0.3611101 0.4174775 0.48080787
0.36268657 0.41075537 0.4768863
0.3705297 0.41994807 0.47778037
0.35015312 0.384324 0.4394588
0.23250607 0.2680265 0.31486273
0.14388646 0.17245781 0.21379611
0.1517296 0.17895141 0.22858821
0.19951808 0.27673244 0.35655683
0.58217734 0.73987925 0.85528624
0.34615356 0.45251337 0.54603136
0.16972192 0.23863779 0.32126272
0.4606867 0.54350054 0.6371216
0.64423174 0.7117981 0.8027216
0.6575729 0.7168406 0.81056476
0.6363886 0.70395494 0.7948785
0.29129055 0.3548082 0.47062743
0.40109447 0.46461213 0.58043134
0.536851 0.52703136 0.65975684
0.57849 0.4966824 0.63801575
0.5707249 0.4126796 0.54052544
0.6068267 0.42658493 0.54623526
0.6193211 0.49716917 0.59721565
0.64196473 0.6236451 0.71218044
0.7603414 0.7974126 0.8829411
0.7375807 0.78989947 0.8781255
0.7415023 0.79517055 0.875098
0.7493454 0.8030137 0.8829411
0.753267 0.80693525 0.88686275
0.7783729 0.8264416 0.8925726
0.7783729 0.82779115 0.8856235
0.7783729 0.82779115 0.8856235
0.78229445 0.8317127 0.8895451
0.786216 0.8356343 0.89346665
0.7901376 0.83955586 0.8973882
0.7901376 0.83955586 0.8973882
0.79405916 0.8434774 0.9013098
0.80582386 0.85524213 0.9130745
0.80582386 0.85524213 0.9130745
0.80582386 0.85524213 0.9130745
0.80582386 0.8565917 0.9061255
0.80582386 0.8565917 0.9061255
0.80582386 0.8565917 0.9061255
0.80582386 0.8565917 0.9061255
0.80582386 0.8565917 0.9061255
0.8019023 0.85132056 0.9091529
0.4270081 0.46812794 0.52876073
0.4270081 0.46812794 0.52876073
0.47014537 0.5126147 0.56494904
0.6387728 0.68124217 0.7335765
0.79721195 0.8327324 0.8795686
0.8050551 0.8405755 0.8874117
0.8042864 0.8272584 0.8548
0.80901575 0.8111406 0.82218826
0.808247 0.79917306 0.78262746
0.81063116 0.77646035 0.7213255
0.7996742 0.748705 0.6521804
0.8059799 0.7285644 0.601749
0.5236661 0.41150543 0.2572
0.7573447 0.68282944 0.5864079
0.7691094 0.6932446 0.60512155
0.78871727 0.714202 0.61778045
0.794984 0.72606814 0.6434431
0.80909383 0.74577737 0.6769491
0.80909383 0.74442786 0.68389803
0.78087413 0.7036598 0.62383527
0.7722623 0.68249947 0.58338046
0.7518857 0.6495745 0.5311608
0.64292854 0.48772448 0.30872947
0.5692265 0.39857358 0.16989025
0.56845784 0.3839069 0.1442275
0.5998304 0.41527945 0.17560005
0.61943823 0.4362368 0.18825886
0.6162853 0.44833148 0.20305103
0.62724227 0.47743636 0.26524705
0.68210524 0.5629956 0.40319222
0.69621515 0.5827049 0.43669802
0.67268574 0.5591755 0.4131686
0.67268574 0.56052506 0.4062196
0.6899484 0.56948924 0.4179843
0.688372 0.57621133 0.42190588
0.6844504 0.57228976 0.4179843
0.67660725 0.5644466 0.41014117
0.70013666 0.58797604 0.43367058
0.7119014 0.59974074 0.4454353
0.70013666 0.58662647 0.4406196
0.7024818 0.5972702 0.44846272
0.7119014 0.5983912 0.4523843
0.71032494 0.6051133 0.45630586
0.7024818 0.5972702 0.44846272
0.7040583 0.59054804 0.44454116
0.69621515 0.5827049 0.43669802
0.6922935 0.5801329 0.42582744
0.6805289 0.5683682 0.41406274
0.6781837 0.55772454 0.4062196
0.6742621 0.55380297 0.40229803
0.65857583 0.5381167 0.38661176
0.6624974 0.54203826 0.39053333
0.67034054 0.5498814 0.39837646
0.68368167 0.554924 0.4062196
0.69386995 0.57206124 0.42885488
0.6977915 0.5759828 0.43277645
0.6922935 0.57878333 0.43277645
0.688372 0.57621133 0.42190588
0.6922935 0.5801329 0.42582744
0.6922935 0.5801329 0.42582744
0.6844504 0.57228976 0.4179843
0.69463867 0.58942705 0.4406196
0.7040583 0.5918976 0.43759215
0.6922935 0.5801329 0.42582744
0.6844504 0.57228976 0.4179843
0.69621515 0.58405447 0.429749
0.6844504 0.57228976 0.4179843
0.688372 0.57621133 0.42190588
0.6805289 0.5683682 0.41406274
0.67660725 0.5644466 0.41014117
0.6899484 0.56948924 0.4179843
0.69386995 0.5734108 0.42190588
0.6899484 0.56948924 0.4179843
0.6977915 0.5759828 0.43277645
0.69386995 0.57206124 0.42885488
0.6781837 0.55772454 0.4062196
0.6679954 0.53923774 0.39053333
0.67583853 0.5484304 0.39142752
0.6562307 0.52882254 0.37181967
0.6350464 0.5159368 0.3561334
0.6468111 0.526352 0.37484705
0.6860268 0.5655677 0.41406274
0.6805289 0.5683682 0.41406274
0.7040583 0.59054804 0.44454116
0.69386995 0.57206124 0.42885488
0.6507327 0.53027356 0.37876862
0.63112485 0.5106657 0.35916078
0.63112485 0.5106657 0.35916078
0.63739157 0.5238814 0.3778745
0.6452347 0.5317245 0.38571763
0.660921 0.5474108 0.4014039
0.6687641 0.5552539 0.40924704
0.6805289 0.5670186 0.42101175
0.6687641 0.5552539 0.40924704
0.19729002 0.16332045 0.1551765
0.17295289 0.16117987 0.16123135
0.14469412 0.15376815 0.17031376
0.110168755 0.13314071 0.16068232
0.14388646 0.17380735 0.2068471
0.2285845 0.26410493 0.31094116
0.3407336 0.38320297 0.43553722
0.38387084 0.42499068 0.4856235
0.34857672 0.38969657 0.4503294
0.3407336 0.38185343 0.44248626
0.3407336 0.38320297 0.43553722
0.3407336 0.38185343 0.44248626
0.33681202 0.37793186 0.4385647
0.33289045 0.3740103 0.43464312
0.33681202 0.3765823 0.44551376
0.3540747 0.38554648 0.45727846
0.353306 0.3722293 0.42466664
0.34938443 0.36965728 0.41379613
0.31801188 0.33828473 0.38242358
0.18467855 0.20630094 0.24214122
0.111745164 0.12506905 0.16370985
0.1195883 0.13426174 0.16460389
0.131353 0.14602645 0.1763686
0.131353 0.14602645 0.1763686
0.13919614 0.15386958 0.18421173
0.15096085 0.16563429 0.19597644
0.15488242 0.1682063 0.2068471
0.16507071 0.1866931 0.22253338
0.18229441 0.22901365 0.30344316
0.5743342 0.7320361 0.8474431
0.5084752 0.64398074 0.75119215
0.18383178 0.2596966 0.34781963
0.48263973 0.57240254 0.67152154
0.6465769 0.72244173 0.81056476
0.6458082 0.7064255 0.791851
0.24503952 0.29040924 0.37313724
0.14150226 0.19247144 0.2889961
0.36187878 0.4240469 0.54816467
0.47172177 0.49374673 0.62356865
0.600482 0.48548025 0.63801575
0.5926779 0.4402321 0.58187455
0.58875626 0.43766004 0.571004
0.62635654 0.52640104 0.63464314
0.6701843 0.6671124 0.7583451
0.75249827 0.7882199 0.88204706
0.73365915 0.7859779 0.8742039
0.7375807 0.791249 0.8711765
0.7415023 0.79517055 0.875098
0.7493454 0.8030137 0.8829411
0.7783729 0.8264416 0.8925726
0.7744513 0.8238696 0.88170195
0.77994925 0.82106906 0.88170195
0.77994925 0.82106906 0.88170195
0.7877924 0.8289122 0.8895451
0.786216 0.8356343 0.89346665
0.7956355 0.83675534 0.8973882
0.7995571 0.8406769 0.9013098
0.7885611 0.846278 0.9013098
0.7987494 0.86341524 0.9239451
0.8160121 0.873729 0.92876077
0.8042474 0.8619643 0.91699606
0.80582386 0.8565917 0.9061255
0.80582386 0.8565917 0.9061255
0.8019023 0.85267013 0.9022039
0.8113218 0.8537912 0.9061255
0.8113218 0.8537912 0.9061255
0.8113218 0.8537912 0.9061255
0.8113218 0.8537912 0.9061255
0.8113218 0.8537912 0.9061255
0.8113218 0.85514075 0.8991765
0.8128982 0.84841865 0.89525485
0.81055313 0.8391245 0.88046277
0.80978435 0.8244579 0.8548
0.80901575 0.8111406 0.82218826
0.8098235 0.7938005 0.7717569
0.802788 0.7699668 0.7065333
0.7996742 0.748705 0.6521804
0.81382304 0.7364075 0.60959214
0.5707639 0.42655742 0.22816475
0.6185915 0.48558387 0.31478432
0.7589211 0.67745686 0.5755373
0.7706858 0.68787205 0.59425104
0.7824505 0.69963676 0.60601574
0.78871727 0.7128524 0.6247294
0.7706858 0.68787205 0.59425104
0.76991713 0.6732054 0.56858826
0.7017131 0.5799044 0.43669802
0.55273247 0.40157706 0.19768625
0.5904108 0.41145927 0.18557653
0.58022255 0.39432204 0.16294116
0.576301 0.39175004 0.15207064
0.60375196 0.41920102 0.17952162
0.5959088 0.41135788 0.17167848
0.5809912 0.4130374 0.16775692
0.61390114 0.47104424 0.26435292
0.6742621 0.5551525 0.3953491
0.67660725 0.56309706 0.41709018
0.70013666 0.58662647 0.4406196
0.7119014 0.5983912 0.4523843
0.6922935 0.5801329 0.42582744
0.6844504 0.57228976 0.4179843
0.67660725 0.56309706 0.41709018
0.7079798 0.5944696 0.44846272
0.69621515 0.58405447 0.429749
0.6922935 0.5801329 0.42582744
0.6844504 0.5709402 0.4249333
0.69621515 0.5827049 0.43669802
0.7040583 0.59054804 0.44454116
0.6922935 0.57878333 0.43277645
0.7064034 0.60119176 0.4523843
0.7024818 0.5972702 0.44846272
0.7040583 0.59054804 0.44454116
0.69621515 0.5827049 0.43669802
0.70013666 0.58662647 0.4406196
0.70013666 0.58662647 0.4406196
0.6899484 0.5681397 0.4249333
0.68210524 0.5616461 0.41014117
0.6742621 0.55380297 0.40229803
0.65857583 0.5367671 0.39356077
0.6679954 0.53923774 0.39053333
0.67191696 0.5431593 0.3944549
0.6797601 0.55100244 0.40229803
0.6781837 0.55772454 0.4062196
0.68210524 0.5616461 0.41014117
0.6742621 0.55380297 0.40229803
0.67268574 0.56052506 0.4062196
0.6844504 0.57228976 0.4179843
0.70013666 0.58797604 0.43367058
0.688372 0.57621133 0.42190588
0.69621515 0.58405447 0.429749
0.6922935 0.5801329 0.42582744
0.6922935 0.5801329 0.42582744
0.6844504 0.57228976 0.4179843
0.69621515 0.58405447 0.429749
0.69621515 0.58405447 0.429749
0.69621515 0.58405447 0.429749
0.69621515 0.58405447 0.429749
0.6899484 0.56948924 0.4179843
0.6844504 0.5709402 0.4249333
0.6860268 0.5642181 0.42101175
0.6781837 0.55637497 0.4131686
0.6742621 0.55380297 0.40229803
0.67034054 0.5498814 0.39837646
0.67034054 0.5498814 0.39837646
0.66641897 0.54595983 0.3944549
0.65465426 0.5341951 0.3826902
0.64838755 0.5196299 0.3709255
0.6507327 0.53027356 0.37876862
0.6468111 0.526352 0.37484705
0.6468111 0.526352 0.37484705
0.638968 0.51850885 0.36700392
0.638968 0.51850885 0.36700392
0.65857583 0.5381167 0.38661176
0.6624974 0.54203826 0.39053333
0.6687641 0.5552539 0.40924704
0.6687641 0.5552539 0.40924704
0.65307784 0.53956765 0.39356077
0.6413132 0.52780294 0.38179606
0.6256269 0.5121167 0.3661098
0.62954843 0.51603824 0.37003136
0.37841183 0.39308527 0.42342743
0.35488242 0.37090543 0.392949
0.3415413 0.36451325 0.3920549
0.33369815 0.3566701 0.38421175
0.3297766 0.35139897 0.38723925
0.32585502 0.3474774 0.38331768
0.32193345 0.3449054 0.37244704
0.33527458 0.34859845 0.38723925
0.33761972 0.3592421 0.39508238
0.33919615 0.3538696 0.38421175
0.35019222 0.34961802 0.3772627
0.3384275 0.3378533 0.365498
0.29294512 0.2840724 0.31451762
0.21532145 0.18560177 0.19955291
0.19967422 0.13385999 0.12861964
0.2012507 0.12713785 0.12469807
0.18241154 0.12354626 0.12380396
0.1337372 0.119265065 0.13591376
0.099211834 0.09863762 0.12628232
0.10705497 0.106480755 0.13412546
0.11332156 0.12104606 0.14589016
0.12666282 0.1260886 0.15373331
0.13292941 0.14065391 0.16549802
0.14861569 0.15499063 0.1881333
0.14703928 0.16171272 0.19205487
0.15488242 0.16955586 0.199898
0.16114914 0.18277153 0.2186118
0.17683542 0.1984578 0.23429808
0.18387082 0.22499065 0.2856235
0.57983214 0.73058516 0.84049416
0.59709483 0.73954934 0.85225886
0.20186317 0.2833275 0.38524705
0.4473456 0.5371084 0.6362274
0.66226315 0.73677844 0.83320004
0.63561994 0.6879387 0.7761647
0.20190226 0.24727196 0.32999998
0.2113218 0.24839298 0.33392155
0.35403565 0.41890284 0.5264235
0.40347868 0.43110302 0.5747215
0.52985466 0.45364657 0.60877645
0.5809131 0.42576826 0.5840078
0.6091328 0.47328416 0.6093255
0.6294704 0.55306095 0.66120005
0.71174514 0.7169718 0.80540395
0.71954936 0.7635695 0.8545961
0.6850239 0.7456412 0.83106667
0.7415023 0.79517055 0.875098
0.7415023 0.79517055 0.875098
0.74542385 0.7990921 0.8790196
0.7744513 0.82252 0.888651
0.7760277 0.8171475 0.8777804
0.77994925 0.82106906 0.88170195
0.77994925 0.82106906 0.88170195
0.77994925 0.82106906 0.88170195
0.7838708 0.82499063 0.8856235
0.79171395 0.83283377 0.89346665
0.7893688 0.8235397 0.8786745
0.7893688 0.8235397 0.8786745
0.7320827 0.7967486 0.85727847
0.7461925 0.819157 0.8768863
0.81993365 0.87765056 0.93268234
0.813667 0.86308527 0.92091763
0.80582386 0.8565917 0.9061255
0.8019023 0.85267013 0.9022039
0.8113218 0.8537912 0.9061255
0.8113218 0.8537912 0.9061255
0.8113218 0.8537912 0.9061255
0.8113218 0.8537912 0.9061255
0.8113218 0.8537912 0.9061255
0.8113218 0.85514075 0.8991765
0.8128982 0.84841865 0.89525485
0.81055313 0.8391245 0.88046277
0.8042864 0.8272584 0.8548
0.8129373 0.81506217 0.8261098
0.80590194 0.7898789 0.7678353
0.8082861 0.76716626 0.7065333
0.80517226 0.74590445 0.6521804
0.81382304 0.7364075 0.60959214
0.5488109 0.39900506 0.18681568
0.6013677 0.44596234 0.21997651
0.5958697 0.44741338 0.22692554
0.6068267 0.47651818 0.28912163
0.56288177 0.44667244 0.31726277
0.3965994 0.2846401 0.17732547
0.28994837 0.16544056 0.038831413
0.41939914 0.26419508 0.08520006
0.5927559 0.422103 0.19341967
0.59825397 0.4193024 0.19341967
0.5904108 0.41280884 0.17862743
0.59198725 0.4074363 0.16775692
0.60375196 0.42055053 0.17257258
0.5998304 0.41527945 0.17560005
0.5841441 0.39959317 0.15991378
0.60059905 0.42994612 0.2012628
0.63743055 0.49187458 0.30178046
0.6679954 0.54058725 0.38358438
0.6507327 0.528924 0.38571763
0.6742621 0.5524534 0.40924704
0.69621515 0.5827049 0.43669802
0.688372 0.57486176 0.42885488
0.6922935 0.57878333 0.43277645
0.71582294 0.60231274 0.45630586
0.71974456 0.6062343 0.46022743
0.69621515 0.5827049 0.43669802
0.6844504 0.5709402 0.4249333
0.6844504 0.5709402 0.4249333
0.69621515 0.5827049 0.43669802
0.6922935 0.57878333 0.43277645
0.688372 0.57486176 0.42885488
0.70013666 0.58662647 0.4406196
0.7040583 0.59054804 0.44454116
0.7040583 0.59054804 0.44454116
0.7079798 0.5944696 0.44846272
0.69621515 0.5827049 0.43669802
0.69621515 0.5827049 0.43669802
0.6922935 0.57878333 0.43277645
0.70013666 0.58662647 0.4406196
0.69621515 0.5827049 0.43669802
0.6899484 0.5681397 0.4249333
0.68760324 0.5588456 0.41014117
0.67191696 0.5431593 0.3944549
0.66015226 0.5313946 0.3826902
0.6640738 0.53531617 0.38661176
0.6679954 0.53923774 0.39053333
0.65857583 0.5381167 0.38661176
0.6624974 0.5433878 0.38358438
0.6781837 0.55907404 0.39927065
0.6844504 0.57228976 0.4179843
0.67660725 0.5644466 0.41014117
0.6844504 0.57228976 0.4179843
0.6844504 0.57228976 0.4179843
0.6844504 0.57228976 0.4179843
0.69621515 0.5827049 0.43669802
0.6922935 0.5801329 0.42582744
0.6922935 0.5801329 0.42582744
0.6844504 0.57228976 0.4179843
0.68210524 0.5616461 0.41014117
0.6899484 0.56948924 0.4179843
0.688372 0.57621133 0.42190588
0.6977915 0.5759828 0.43277645
0.6899484 0.5681397 0.4249333
0.6977915 0.5773324 0.42582744
0.69386995 0.5734108 0.42190588
0.6899484 0.56948924 0.4179843
0.68210524 0.5616461 0.41014117
0.6860268 0.5655677 0.41406274
0.6742621 0.55380297 0.40229803
0.6624974 0.54203826 0.39053333
0.67034054 0.5498814 0.39837646
0.6742621 0.55380297 0.40229803
0.66641897 0.54595983 0.3944549
0.65857583 0.5381167 0.38661176
0.65465426 0.5341951 0.3826902
0.6624974 0.54203826 0.39053333
0.6413132 0.52780294 0.38179606
0.64915633 0.5356461 0.3896392
0.6413132 0.52780294 0.38179606
0.65699947 0.5434892 0.39748234
0.6648426 0.55133235 0.40532547
0.63739157 0.5225318 0.3848236
0.3439255 0.33775187 0.35160005
0.3439255 0.33910143 0.34465095
0.34784707 0.343023 0.34857252
0.3439255 0.33910143 0.34465095
0.33765876 0.3245362 0.33288625
0.32354897 0.30347735 0.3063294
0.27649015 0.25641853 0.25927058
0.22708616 0.20006557 0.19741958
0.19571361 0.16734348 0.17299606
0.18160374 0.1449351 0.15338822
0.17376061 0.13709196 0.14554508
0.1619959 0.12532726 0.13378038
0.15415277 0.11883367 0.118988216
0.16907036 0.11850369 0.11596082
0.20674868 0.12568688 0.117749
0.20674868 0.12568688 0.117749
0.19732913 0.123216294 0.120776504
0.13689008 0.10851994 0.11417252
0.095290266 0.09471605 0.12236075
0.099211834 0.09998716 0.119333364
0.11097654 0.11040232 0.13804702
0.12666282 0.1260886 0.15373331
0.13685098 0.14457548 0.16941959
0.14861569 0.15634018 0.18118429
0.15096085 0.16563429 0.19597644
0.16272555 0.177399 0.20774114
0.16114914 0.18277153 0.2186118
0.17683542 0.19710825 0.24124709
0.1893688 0.22219013 0.2856235
0.54769087 0.68184686 0.7973569
0.6112047 0.76060814 0.87881565
0.19478878 0.29150057 0.39611763
0.43165934 0.52142215 0.62054116
0.67402786 0.74854314 0.84496474
0.6363886 0.70395494 0.7948785
0.5430788 0.5884484 0.67117643
0.2113218 0.24974252 0.32697257
0.16345526 0.22002387 0.33034506
0.3210867 0.3875047 0.53371763
0.4317764 0.3930124 0.55903524
0.53692913 0.44412392 0.6048549
0.56126624 0.44761407 0.59185094
0.61063117 0.5494694 0.6603059
0.7282002 0.7486743 0.83980393
0.7297376 0.78070676 0.8772314
0.720318 0.7809353 0.8663608
0.7375807 0.78989947 0.8781255
0.7375807 0.791249 0.8711765
0.74542385 0.7990921 0.8790196
0.7666082 0.8146769 0.8808079
0.7760277 0.8171475 0.8777804
0.7760277 0.8171475 0.8777804
0.77994925 0.82106906 0.88170195
0.77994925 0.82106906 0.88170195
0.7838708 0.82499063 0.8856235
0.7838708 0.82499063 0.8856235
0.7932904 0.8288108 0.87564707
0.79801965 0.8126932 0.8430353
0.77533704 0.7492635 0.64433724
0.80513316 0.7846591 0.6935295
0.7995961 0.8154178 0.7904706
0.7979807 0.85009813 0.89133334
0.81758857 0.869706 0.9109411
0.80582386 0.8565917 0.9061255
0.8074002 0.8498696 0.9022039
0.8113218 0.8537912 0.9061255
0.8113218 0.8537912 0.9061255
0.8113218 0.85514075 0.8991765
0.8113218 0.85514075 0.8991765
0.8113218 0.85514075 0.8991765
0.8168198 0.85368973 0.8922275
0.81055313 0.8391245 0.88046277
0.8058628 0.8205363 0.8508784
0.80901575 0.8111406 0.82218826
0.8098235 0.7938005 0.7717569
0.8082861 0.7685158 0.6995843
0.8012507 0.74333245 0.64130986
0.81382304 0.7364075 0.60959214
0.54488933 0.3950835 0.18289411
0.587258 0.42355397 0.20036867
0.57941484 0.41706038 0.18557653
0.5990226 0.43666822 0.20518437
0.6147089 0.4523545 0.22087064
0.60294425 0.4405898 0.20910594
0.5849128 0.41560942 0.17862743
0.58648926 0.40888727 0.17470586
0.5786461 0.4023937 0.15991378
0.58022255 0.3956716 0.15599221
0.5880657 0.40351474 0.16383535
0.59198725 0.4074363 0.16775692
0.5998304 0.41527945 0.17560005
0.60375196 0.41920102 0.17952162
0.60375196 0.41920102 0.17952162
0.6147089 0.45100492 0.22781965
0.6146699 0.4830118 0.3039137
0.6405444 0.51178676 0.36308235
0.66015226 0.5313946 0.3826902
0.6742621 0.55380297 0.40229803
0.67034054 0.5498814 0.39837646
0.65857583 0.5381167 0.38661176
0.6860268 0.5642181 0.42101175
0.7040583 0.59054804 0.44454116
0.71974456 0.6062343 0.46022743
0.70013666 0.58662647 0.4406196
0.6922935 0.57878333 0.43277645
0.70013666 0.58662647 0.4406196
0.7079798 0.5944696 0.44846272
0.688372 0.57486176 0.42885488
0.688372 0.57486176 0.42885488
0.6844504 0.5709402 0.4249333
0.6844504 0.57228976 0.4179843
0.6805289 0.5683682 0.41406274
0.69621515 0.58405447 0.429749
0.70013666 0.58797604 0.43367058
0.69621515 0.5827049 0.43669802
0.7040583 0.59054804 0.44454116
0.7040583 0.59054804 0.44454116
0.6922935 0.57878333 0.43277645
0.69621515 0.5827049 0.43669802
0.7095562 0.5877475 0.44454116
0.70563465 0.58382595 0.4406196
0.68210524 0.5616461 0.41014117
0.6797601 0.55100244 0.40229803
0.6679954 0.54058725 0.38358438
0.6523091 0.524901 0.3678981
0.64838755 0.5209794 0.36397654
0.6523091 0.52625054 0.3609491
0.66015226 0.5327441 0.37574124
0.66641897 0.54730934 0.38750595
0.6781837 0.55907404 0.39927065
0.6805289 0.5683682 0.41406274
0.67268574 0.56052506 0.4062196
0.6805289 0.5683682 0.41406274
0.6844504 0.5709402 0.4249333
0.70013666 0.58797604 0.43367058
0.6844504 0.5709402 0.4249333
0.6899484 0.56948924 0.4179843
0.6899484 0.56948924 0.4179843
0.6805289 0.5670186 0.42101175
0.68210524 0.56029654 0.41709018
0.69386995 0.57206124 0.42885488
0.6899484 0.5681397 0.4249333
0.6781837 0.55772454 0.4062196
0.67034054 0.5498814 0.39837646
0.6860268 0.5655677 0.41406274
0.6805289 0.5670186 0.42101175
0.69386995 0.57206124 0.42885488
0.6805289 0.5683682 0.41406274
0.67660725 0.5644466 0.41014117
0.6687641 0.5566035 0.40229803
0.660921 0.54876035 0.3944549
0.66641897 0.54595983 0.3944549
0.660921 0.54876035 0.3944549
0.64915633 0.53699565 0.3826902
0.6687641 0.5552539 0.40924704
0.67268574 0.5591755 0.4131686
0.67660725 0.56309706 0.41709018
0.660921 0.54876035 0.3944549
0.6687641 0.5552539 0.40924704
0.65307784 0.5382181 0.40050986
0.27179983 0.23917982 0.22273728
0.23258413 0.19996414 0.1835216
0.21847427 0.17890531 0.15696469
0.21847427 0.17755575 0.16391376
0.2145527 0.17363419 0.15999219
0.21063113 0.16971262 0.15607062
0.202788 0.16186948 0.14822748
0.20436448 0.1537978 0.15125494
0.19652134 0.14595467 0.1434118
0.18318015 0.14091209 0.13556866
0.17533702 0.13171941 0.13467449
0.16749388 0.12387627 0.12683135
0.15965074 0.11603314 0.118988216
0.1745684 0.11570312 0.11596082
0.21616822 0.12815748 0.114721544
0.21616822 0.12815748 0.114721544
0.2012507 0.12713785 0.12469807
0.14630963 0.10964098 0.11809409
0.095290266 0.09606559 0.115411796
0.099211834 0.09998716 0.119333364
0.11097654 0.11040232 0.13804702
0.13058439 0.13001017 0.15765488
0.14077255 0.14849705 0.17334116
0.14703928 0.16306227 0.18510586
0.16272555 0.177399 0.20774114
0.17056869 0.18389258 0.22253338
0.1823334 0.19565728 0.23429808
0.18467855 0.20495139 0.24909022
0.19486685 0.22073913 0.27867448
0.49202028 0.6122781 0.71679217
0.6017852 0.7594871 0.8748941
0.18536924 0.28903 0.39914507
0.43950248 0.5279157 0.6353333
0.6410788 0.7225432 0.8244627
0.5885221 0.6782849 0.7774039
0.30147886 0.37734365 0.4654667
0.34857672 0.38564792 0.47117645
0.13365912 0.18327877 0.288102
0.29832596 0.37729242 0.5427999
0.33834937 0.3924202 0.5663293
0.45061558 0.39525446 0.5668784
0.51651347 0.44860402 0.6009333
0.5541138 0.5400441 0.6506745
0.7328904 0.7686121 0.8624392
0.725816 0.7767852 0.87330985
0.7179729 0.7702916 0.85851765
0.7375807 0.78989947 0.8781255
0.7375807 0.791249 0.8711765
0.7415023 0.79517055 0.875098
0.7626866 0.8094058 0.8838353
0.7721061 0.8132259 0.8738588
0.7760277 0.8171475 0.8777804
0.7760277 0.8171475 0.8777804
0.77994925 0.82106906 0.88170195
0.77994925 0.82106906 0.88170195
0.77994925 0.82106906 0.88170195
0.7932904 0.8288108 0.87564707
0.79801965 0.8126932 0.8430353
0.72900784 0.74078095 0.7407294
0.75176865 0.7577409 0.69690204
0.729086 0.6916123 0.51210195
0.7267409 0.6823181 0.49730986
0.77533704 0.7519626 0.6304393
0.7877924 0.83296084 0.86869806
0.81916493 0.8616343 0.9139686
0.8113218 0.8537912 0.9061255
0.8113218 0.8537912 0.9061255
0.8113218 0.85514075 0.8991765
0.8113218 0.85514075 0.8991765
0.8113218 0.85514075 0.8991765
0.8128982 0.84976816 0.8883059
0.8144747 0.84304607 0.88438433
0.80351764 0.8112421 0.8360863
0.8105922 0.8057681 0.8113176
0.8113999 0.78842795 0.76088625
0.8043645 0.76459426 0.69566274
0.8012507 0.74333245 0.64130986
0.8099015 0.73248595 0.6056706
0.5370462 0.38589078 0.18199998
0.58333635 0.4196324 0.1964471
0.58333635 0.42098194 0.1894981
0.58883435 0.41818142 0.1894981
0.5927559 0.42345256 0.18647057
0.6045206 0.43521726 0.19823527
0.60059905 0.4312957 0.1943137
0.6296265 0.45337403 0.21089417
0.61394024 0.43768775 0.1952079
0.5904108 0.4141584 0.17167848
0.5959088 0.41135788 0.17167848
0.58022255 0.3956716 0.15599221
0.576301 0.39175004 0.15207064
0.5998304 0.41662896 0.16865101
0.61551666 0.43096566 0.19128633
0.617054 0.45894954 0.24956077
0.63662285 0.51056427 0.34526283
0.6624974 0.54203826 0.39053333
0.6742621 0.55380297 0.40229803
0.65465426 0.5341951 0.3826902
0.6679954 0.53923774 0.39053333
0.66641897 0.54595983 0.3944549
0.6781837 0.55772454 0.4062196
0.67034054 0.5498814 0.39837646
0.65699947 0.5448388 0.39053333
0.688372 0.57486176 0.42885488
0.7119014 0.5983912 0.4523843
0.7236661 0.6101559 0.464149
0.7079798 0.5944696 0.44846272
0.688372 0.57486176 0.42885488
0.6922935 0.57878333 0.43277645
0.6922935 0.5801329 0.42582744
0.6805289 0.5683682 0.41406274
0.69621515 0.58405447 0.429749
0.69386995 0.5734108 0.42190588
0.68210524 0.5616461 0.41014117
0.69386995 0.57206124 0.42885488
0.70013666 0.58662647 0.4406196
0.6805289 0.5670186 0.42101175
0.688372 0.57486176 0.42885488
0.6922935 0.57878333 0.43277645
0.6844504 0.5709402 0.4249333
0.6899484 0.5681397 0.4249333
0.70563465 0.58382595 0.4406196
0.7017131 0.58125395 0.429749
0.68210524 0.5616461 0.41014117
0.68210524 0.5629956 0.40319222
0.6679954 0.54058725 0.38358438
0.64838755 0.5209794 0.36397654
0.6562307 0.5301721 0.36487067
0.66015226 0.5340937 0.36879224
0.66015226 0.5327441 0.37574124
0.6624974 0.5433878 0.38358438
0.6624974 0.54203826 0.39053333
0.67660725 0.5644466 0.41014117
0.6687641 0.5566035 0.40229803
0.67660725 0.5644466 0.41014117
0.6860268 0.5655677 0.41406274
0.6860268 0.5655677 0.41406274
0.69386995 0.57206124 0.42885488
0.7095562 0.5877475 0.44454116
0.69621515 0.5827049 0.43669802
0.6899484 0.5681397 0.4249333
0.69386995 0.57206124 0.42885488
0.6860268 0.5642181 0.42101175
0.6899484 0.56948924 0.4179843
0.69386995 0.57206124 0.42885488
0.6781837 0.55637497 0.4131686
0.67034054 0.54853183 0.40532547
0.67268574 0.56052506 0.4062196
0.67268574 0.5591755 0.4131686
0.67660725 0.56309706 0.41709018
0.6805289 0.5670186 0.42101175
0.6922935 0.57878333 0.43277645
0.6844504 0.5709402 0.4249333
0.67268574 0.5591755 0.4131686
0.6687641 0.5552539 0.40924704
0.6452347 0.5317245 0.38571763
0.6468111 0.526352 0.37484705
0.638968 0.51850885 0.36700392
0.638968 0.51850885 0.36700392
0.64915633 0.5356461 0.3896392
0.22397232 0.17610475 0.15696469
0.2145527 0.17498374 0.15304312
0.21063113 0.17106217 0.14912155
0.22005075 0.17218319 0.15304312
0.21612918 0.16826162 0.14912155
0.21770565 0.16018993 0.15214905
0.20828605 0.15906893 0.14822748
0.20436448 0.1537978 0.15125494
0.19652134 0.14730422 0.13646278
0.18475664 0.13418996 0.1316471
0.17141545 0.12779784 0.13075292
0.16749388 0.12387627 0.12683135
0.1651488 0.11323258 0.118988216
0.18790951 0.12209529 0.116854936
0.22558776 0.12927853 0.11864311
0.2200898 0.13207905 0.11864311
0.20674868 0.12568688 0.117749
0.13689008 0.10851994 0.11417252
0.0913687 0.09214402 0.11149023
0.095290266 0.09606559 0.115411796
0.10155685 0.10928135 0.13412546
0.12900785 0.13673234 0.16157645
0.14861569 0.15499063 0.1881333
0.15488242 0.16955586 0.199898
0.17056869 0.18389258 0.22253338
0.17449026 0.18781415 0.22645494
0.18625496 0.19957885 0.23821965
0.19017653 0.20215087 0.24909022
0.19252169 0.2087459 0.27778035
0.34930634 0.43771964 0.5451372
0.59709483 0.7381998 0.8592078
0.27006727 0.38067704 0.49629015
0.43950248 0.5279157 0.6353333
0.4371573 0.51727206 0.62749016
0.27718076 0.3350989 0.4371216
0.15565117 0.17747477 0.2603059
0.19963518 0.15776956 0.2464078
0.1352356 0.17520711 0.29112938
0.16341622 0.24933162 0.4203372
0.265377 0.34724376 0.5431451
0.34384742 0.38827008 0.5732784
0.3995571 0.4258319 0.577749
0.49917275 0.52389675 0.6371216
0.7391572 0.78182775 0.881153
0.7297376 0.78070676 0.8772314
0.7297376 0.78205633 0.87028235
0.7375807 0.78989947 0.8781255
0.7375807 0.791249 0.8711765
0.7415023 0.79517055 0.875098
0.7493454 0.80436325 0.8759922
0.7721061 0.8132259 0.8738588
0.7721061 0.8132259 0.8738588
0.7760277 0.8171475 0.8777804
0.7760277 0.8171475 0.8777804
0.77994925 0.82106906 0.88170195
0.78544724 0.8196181 0.87475294
0.7987884 0.8260103 0.87564707
0.7870237 0.8155951 0.85693336
0.7517296 0.77895147 0.82858825
0.75876504 0.80683374 0.87296474
0.786216 0.8356343 0.89346665
0.7721451 0.7852678 0.77691764
0.73612136 0.7113974 0.5981726
0.723549 0.71562326 0.6437882
0.7776041 0.81177497 0.8669098
0.79171395 0.83418334 0.88651764
0.81916493 0.8616343 0.9139686
0.81524336 0.85771275 0.91004705
0.8113218 0.8537912 0.9061255
0.8113218 0.85514075 0.8991765
0.8168198 0.8523402 0.8991765
0.8160511 0.836324 0.88046277
0.80351764 0.8112421 0.8360863
0.7949059 0.79143137 0.78868234
0.80905473 0.7791338 0.7460941
0.805941 0.7592216 0.6847922
0.7973291 0.7380613 0.64433724
0.8099015 0.7311364 0.6126196
0.5197835 0.37422746 0.18413338
0.5927559 0.42075345 0.20036867
0.5809912 0.41033828 0.18165496
0.5731481 0.40249515 0.17381182
0.5904108 0.41145927 0.18557653
0.5966775 0.42737412 0.19039214
0.5943324 0.4167304 0.182549
0.59825397 0.42200154 0.17952162
0.5825677 0.40631527 0.16383535
0.5998304 0.41527945 0.17560005
0.61943823 0.43488723 0.1952079
0.5998304 0.41527945 0.17560005
0.59198725 0.4074363 0.16775692
0.5880657 0.40486425 0.15688631
0.5904108 0.41280884 0.17862743
0.61390114 0.4683451 0.27825102
0.66015226 0.5340937 0.36879224
0.6742621 0.55380297 0.40229803
0.66641897 0.54595983 0.3944549
0.67034054 0.5498814 0.39837646
0.6742621 0.55380297 0.40229803
0.6781837 0.55772454 0.4062196
0.6507327 0.53027356 0.37876862
0.6624974 0.54203826 0.39053333
0.6899484 0.56948924 0.4179843
0.6860268 0.5655677 0.41406274
0.6844504 0.5709402 0.4249333
0.6805289 0.5670186 0.42101175
0.6844504 0.5709402 0.4249333
0.688372 0.57486176 0.42885488
0.7079798 0.5944696 0.44846272
0.69621515 0.5827049 0.43669802
0.6805289 0.5683682 0.41406274
0.7017131 0.58125395 0.429749
0.7017131 0.58125395 0.429749
0.69386995 0.5734108 0.42190588
0.6860268 0.5655677 0.41406274
0.6860268 0.5655677 0.41406274
0.6977915 0.5773324 0.42582744
0.6977915 0.5759828 0.43277645
0.688372 0.57486176 0.42885488
0.6899484 0.5681397 0.4249333
0.7017131 0.5799044 0.43669802
0.69386995 0.57206124 0.42885488
0.6860268 0.5655677 0.41406274
0.69386995 0.57206124 0.42885488
0.6977915 0.5773324 0.42582744
0.69386995 0.5734108 0.42190588
0.6781837 0.55907404 0.39927065
0.6679954 0.5419368 0.37663537
0.6640738 0.5366657 0.3796628
0.66015226 0.5327441 0.37574124
0.65857583 0.5394662 0.3796628
0.65857583 0.5394662 0.3796628
0.65857583 0.5394662 0.3796628
0.67034054 0.5512309 0.39142752
0.66641897 0.54595983 0.3944549
0.6860268 0.5655677 0.41406274
0.68210524 0.56029654 0.41709018
0.68210524 0.56029654 0.41709018
0.67660725 0.5644466 0.41014117
0.69386995 0.57206124 0.42885488
0.6977915 0.5759828 0.43277645
0.6977915 0.5759828 0.43277645
0.69621515 0.5827049 0.43669802
0.6899484 0.5681397 0.4249333
0.6977915 0.5759828 0.43277645
0.6899484 0.5681397 0.4249333
0.6781837 0.55637497 0.4131686
0.67034054 0.5498814 0.39837646
0.67660725 0.56309706 0.41709018
0.67268574 0.5591755 0.4131686
0.6687641 0.5552539 0.40924704
0.6648426 0.5526819 0.39837646
0.65465426 0.53284556 0.3896392
0.6507327 0.53027356 0.37876862
0.65699947 0.5448388 0.39053333
0.6648426 0.5526819 0.39837646
0.6742621 0.55380297 0.40229803
0.6624974 0.5433878 0.38358438
0.6468111 0.5277015 0.3678981
0.64288956 0.5224304 0.3709255
0.2145527 0.17498374 0.15304312
0.21612918 0.16826162 0.14912155
0.21220762 0.16434005 0.14519998
0.21220762 0.16434005 0.14519998
0.21220762 0.16434005 0.14519998
0.21378408 0.15626836 0.14822748
0.20986252 0.15234679 0.14430591
0.20044291 0.15122579 0.14038435
0.19652134 0.14595467 0.1434118
0.18318015 0.14091209 0.13556866
0.17533702 0.13171941 0.13467449
0.16749388 0.12387627 0.12683135
0.16907036 0.11850369 0.11596082
0.19732913 0.12456585 0.11382743
0.22558776 0.13062806 0.11169416
0.23500738 0.1330986 0.1086667
0.21616822 0.12815748 0.114721544
0.14238806 0.10571941 0.11417252
0.09294511 0.08542192 0.10756866
0.08744713 0.08822245 0.10756866
0.1031334 0.10255919 0.13020389
0.11724313 0.124967635 0.14981174
0.14469412 0.15106906 0.18421173
0.15488242 0.16955586 0.199898
0.15880398 0.17212787 0.21076867
0.16664712 0.17862146 0.22556081
0.16664712 0.17727193 0.23250978
0.15722758 0.17480133 0.23553723
0.16114914 0.17737335 0.2464078
0.17287481 0.22519356 0.31341958
0.5320437 0.6274059 0.7403216
0.3328514 0.40736663 0.5037883
0.41835722 0.47762492 0.571349
0.11874153 0.17956011 0.31197643
0.13992585 0.19379535 0.3207137
0.17845093 0.14083517 0.25156862
0.35107797 0.23317595 0.35531768
0.1775261 0.27174002 0.43994507
0.12889078 0.23005374 0.4037569
0.14300066 0.24841347 0.44421172
0.29909474 0.38925996 0.5823608
0.34461612 0.40833497 0.57114506
0.4748356 0.5217562 0.64317644
0.725816 0.7767852 0.87330985
0.7297376 0.78070676 0.8772314
0.72189444 0.7742132 0.8624392
0.7179729 0.7702916 0.85851765
0.73365915 0.7859779 0.8742039
0.7415023 0.79517055 0.875098
0.74542385 0.8004417 0.8720706
0.7721061 0.8132259 0.8738588
0.7721061 0.8132259 0.8738588
0.7760277 0.8171475 0.8777804
0.77994925 0.82106906 0.88170195
0.7838708 0.8263402 0.8786745
0.7893688 0.8235397 0.8786745
0.7893688 0.8235397 0.8786745
0.7815257 0.81569654 0.8708314
0.7540747 0.78824556 0.8433804
0.74700034 0.79506904 0.86120003
0.7375807 0.79259855 0.8642275
0.71012974 0.76514757 0.8367765
0.7485767 0.7910461 0.8433804
0.76976097 0.80393183 0.85906667
0.71093744 0.7451083 0.80024314
0.6913296 0.72550046 0.7806353
0.7815257 0.81569654 0.8708314
0.77994925 0.82241863 0.87475294
0.8230865 0.8655559 0.9178902
0.8230865 0.86690545 0.9109411
0.8168198 0.8523402 0.8991765
0.81055313 0.8391245 0.88046277
0.80978435 0.8258074 0.847851
0.8004039 0.7872813 0.79563135
0.79729 0.7673691 0.7343294
0.79809785 0.7513785 0.6769491
0.7973291 0.7394109 0.6373883
0.8099015 0.7311364 0.6126196
0.5135168 0.35966223 0.17236868
0.58883435 0.41683188 0.1964471
0.5849128 0.4129103 0.19252554
0.5825677 0.40361613 0.17773339
0.58648926 0.4075377 0.18165496
0.5786461 0.39969456 0.17381182
0.5786461 0.40104413 0.16686273
0.5998304 0.41527945 0.17560005
0.6076735 0.42312253 0.18344319
0.5880657 0.40351474 0.16383535
0.5959088 0.41135788 0.17167848
0.5841441 0.40094268 0.15296474
0.5998304 0.41662896 0.16865101
0.6115951 0.42839366 0.18041572
0.61236376 0.44036126 0.21997651
0.6201679 0.4802113 0.3039137
0.64838755 0.5209794 0.36397654
0.66015226 0.5327441 0.37574124
0.6624974 0.54203826 0.39053333
0.6860268 0.5655677 0.41406274
0.6860268 0.5655677 0.41406274
0.68210524 0.5616461 0.41014117
0.6781837 0.55772454 0.4062196
0.6781837 0.55772454 0.4062196
0.67034054 0.5498814 0.39837646
0.65465426 0.5341951 0.3826902
0.66641897 0.54595983 0.3944549
0.6922935 0.57878333 0.43277645
0.7017131 0.5799044 0.43669802
0.6860268 0.5642181 0.42101175
0.67034054 0.54853183 0.40532547
0.67034054 0.5498814 0.39837646
0.6860268 0.5655677 0.41406274
0.6860268 0.5655677 0.41406274
0.6781837 0.55772454 0.4062196
0.6899484 0.56948924 0.4179843
0.6977915 0.5773324 0.42582744
0.6977915 0.5773324 0.42582744
0.6899484 0.56948924 0.4179843
0.6899484 0.5681397 0.4249333
0.69386995 0.57206124 0.42885488
0.6899484 0.5681397 0.4249333
0.7017131 0.5799044 0.43669802
0.6899484 0.5681397 0.4249333
0.6860268 0.5642181 0.42101175
0.70563465 0.58382595 0.4406196
0.6899484 0.5681397 0.4249333
0.6860268 0.5655677 0.41406274
0.688372 0.57621133 0.42190588
0.6805289 0.5683682 0.41406274
0.6899484 0.57083875 0.41103536
0.6624974 0.5433878 0.38358438
0.65465426 0.5341951 0.3826902
0.6624974 0.54203826 0.39053333
0.6624974 0.5433878 0.38358438
0.6624974 0.5433878 0.38358438
0.66641897 0.54595983 0.3944549
0.67034054 0.54853183 0.40532547
0.6742621 0.5524534 0.40924704
0.6781837 0.55637497 0.4131686
0.6860268 0.5642181 0.42101175
0.6899484 0.5681397 0.4249333
0.6899484 0.5681397 0.4249333
0.6899484 0.5667901 0.4318824
0.6899484 0.5681397 0.4249333
0.68210524 0.56029654 0.41709018
0.6860268 0.5642181 0.42101175
0.6899484 0.5681397 0.4249333
0.6860268 0.5642181 0.42101175
0.68210524 0.5616461 0.41014117
0.6805289 0.5670186 0.42101175
0.6687641 0.5552539 0.40924704
0.6687641 0.5552539 0.40924704
0.6781837 0.55772454 0.4062196
0.67034054 0.5498814 0.39837646
0.6624974 0.54203826 0.39053333
0.65307784 0.5409172 0.38661176
0.6452347 0.5330741 0.37876862
0.6507327 0.53162307 0.37181967
0.64288956 0.5237799 0.36397654
0.64288956 0.5237799 0.36397654
0.6468111 0.5277015 0.3678981
0.21220762 0.16434005 0.14519998
0.21220762 0.16434005 0.14519998
0.21770565 0.16153948 0.14519998
0.21770565 0.16153948 0.14519998
0.20986252 0.15369634 0.13735685
0.20986252 0.15234679 0.14430591
0.20986252 0.15234679 0.14430591
0.20986252 0.15234679 0.14430591
0.20044291 0.15122579 0.14038435
0.18710172 0.14483365 0.13949023
0.17925858 0.13699052 0.1316471
0.17533702 0.13306895 0.12772553
0.17141545 0.12914738 0.12380396
0.2012507 0.12848741 0.117749
0.22950932 0.13454963 0.115615726
0.23892894 0.13567063 0.119537294
0.21616822 0.12815748 0.114721544
0.14630963 0.10964098 0.11809409
0.09294511 0.08542192 0.10756866
0.0913687 0.09079448 0.11843918
0.095290266 0.09471605 0.12236075
0.10939999 0.115774944 0.14891762
0.12900785 0.13538279 0.16852546
0.13527457 0.14724891 0.19418827
0.13527457 0.14724891 0.19418827
0.12743144 0.13805625 0.1932941
0.12193346 0.13680811 0.21414122
0.12585503 0.13938013 0.2250118
0.13761973 0.15249439 0.2298275
0.1266237 0.16079459 0.21592939
0.15092187 0.1976411 0.27207062
0.19405912 0.24077836 0.31520787
0.2614945 0.3207622 0.41448632
0.11397327 0.23173322 0.39983532
0.13434973 0.26735735 0.43815696
0.23800412 0.2476818 0.40520003
0.36357233 0.2916142 0.46883917
0.15311085 0.34036082 0.5634432
0.16879712 0.3560471 0.57912946
0.16256946 0.3054264 0.51211756
0.20885953 0.3378185 0.5335138
0.3100517 0.42511258 0.6098118
0.40028673 0.48195228 0.6308628
0.70305526 0.7679225 0.8754431
0.67718077 0.73644847 0.8301726
0.66933763 0.72860533 0.82232946
0.69836503 0.7506838 0.8389098
0.7375807 0.791249 0.8711765
0.7375807 0.791249 0.8711765
0.74542385 0.8004417 0.8720706
0.7760277 0.8171475 0.8777804
0.7760277 0.8171475 0.8777804
0.7760277 0.8171475 0.8777804
0.77994925 0.82241863 0.87475294
0.7838708 0.8263402 0.8786745
0.7893688 0.8235397 0.8786745
0.7932904 0.82746124 0.8825961
0.7893688 0.8235397 0.8786745
0.77994925 0.82106906 0.88170195
0.75641984 0.79753965 0.85817254
0.75876504 0.80683374 0.87296474
0.7493454 0.80436325 0.8759922
0.7022866 0.75730443 0.82893336
0.6897532 0.73222256 0.78455687
0.74231 0.77648085 0.8316157
0.7776041 0.81177497 0.8669098
0.7070159 0.74118674 0.7963216
0.7070159 0.74118674 0.7963216
0.77368253 0.80920297 0.85603917
0.7815257 0.8170461 0.8638823
0.8168198 0.8523402 0.8991765
0.8262394 0.8548108 0.89614904
0.8137059 0.82837945 0.85872155
0.8066706 0.8018465 0.80739605
0.8067096 0.7698397 0.731302
0.7996742 0.7446564 0.6730275
0.8028271 0.73661035 0.6373883
0.8099015 0.73248595 0.6056706
0.53939134 0.3924858 0.21069025
0.57706964 0.40506718 0.1846824
0.56138337 0.3893809 0.16899613
0.5786461 0.39969456 0.17381182
0.5786461 0.39969456 0.17381182
0.58648926 0.4075377 0.18165496
0.5880657 0.40216517 0.1707843
0.59198725 0.4074363 0.16775692
0.5880657 0.40351474 0.16383535
0.58022255 0.3956716 0.15599221
0.5998304 0.41527945 0.17560005
0.5880657 0.40486425 0.15688631
0.5998304 0.41662896 0.16865101
0.6076735 0.42312253 0.18344319
0.5990226 0.43531865 0.21213338
0.6476189 0.5076623 0.3313647
0.68368167 0.5562735 0.39927065
0.6640738 0.53531617 0.38661176
0.64838755 0.5196299 0.3709255
0.6562307 0.52747303 0.37876862
0.66015226 0.5313946 0.3826902
0.67583853 0.5470809 0.39837646
0.6860268 0.5655677 0.41406274
0.6860268 0.5655677 0.41406274
0.69386995 0.5734108 0.42190588
0.6860268 0.5655677 0.41406274
0.6781837 0.55772454 0.4062196
0.6781837 0.55772454 0.4062196
0.66641897 0.54595983 0.3944549
0.67034054 0.5498814 0.39837646
0.6781837 0.55772454 0.4062196
0.6742621 0.55380297 0.40229803
0.66641897 0.54730934 0.38750595
0.65465426 0.53554463 0.37574124
0.67191696 0.5445088 0.38750595
0.68368167 0.5562735 0.39927065
0.68368167 0.554924 0.4062196
0.6899484 0.56948924 0.4179843
0.6860268 0.5655677 0.41406274
0.6977915 0.5773324 0.42582744
0.6977915 0.5759828 0.43277645
0.6922935 0.57878333 0.43277645
0.69386995 0.57206124 0.42885488
0.6860268 0.5642181 0.42101175
0.6844504 0.5709402 0.4249333
0.6922935 0.57878333 0.43277645
0.68210524 0.56029654 0.41709018
0.688372 0.57486176 0.42885488
0.67268574 0.5591755 0.4131686
0.6648426 0.5526819 0.39837646
0.67268574 0.56052506 0.4062196
0.6844504 0.57228976 0.4179843
0.6922935 0.5801329 0.42582744
0.6922935 0.5801329 0.42582744
0.6805289 0.5683682 0.41406274
0.6742621 0.55380297 0.40229803
0.65857583 0.5381167 0.38661176
0.6624974 0.54203826 0.39053333
0.66641897 0.54461026 0.4014039
0.66641897 0.54461026 0.4014039
0.64288956 0.52108085 0.3778745
0.66641897 0.54461026 0.4014039
0.6742621 0.5524534 0.40924704
0.6781837 0.55637497 0.4131686
0.6899484 0.5681397 0.4249333
0.6860268 0.5642181 0.42101175
0.6781837 0.55637497 0.4131686
0.6781837 0.55772454 0.4062196
0.6860268 0.5655677 0.41406274
0.68210524 0.5616461 0.41014117
0.6860268 0.5642181 0.42101175
0.67660725 0.56309706 0.41709018
0.6687641 0.5566035 0.40229803
0.6781837 0.55772454 0.4062196
0.6742621 0.55380297 0.40229803
0.6742621 0.55380297 0.40229803
0.6687641 0.5566035 0.40229803
0.660921 0.54876035 0.3944549
0.65699947 0.5461883 0.38358438
0.6507327 0.53162307 0.37181967
0.65465426 0.53554463 0.37574124
0.64288956 0.5237799 0.36397654
0.20436448 0.15649691 0.13735685
0.20044291 0.15257534 0.13343528
0.21378408 0.15761791 0.14127842
0.21770565 0.16153948 0.14519998
0.21770565 0.16153948 0.14519998
0.21770565 0.16153948 0.14519998
0.22162722 0.16546105 0.14912155
0.21770565 0.16153948 0.14519998
0.20828605 0.15906893 0.14822748
0.19102329 0.15010478 0.13646278
0.18710172 0.14483365 0.13949023
0.1886782 0.13946109 0.12861964
0.19259977 0.14338265 0.13254121
0.20517227 0.13375853 0.114721544
0.23892894 0.13567063 0.119537294
0.24442692 0.13421965 0.11258827
0.21616822 0.12815748 0.114721544
0.14238806 0.10571941 0.11417252
0.09294511 0.08542192 0.10756866
0.08744713 0.08822245 0.10756866
0.0913687 0.09079448 0.11843918
0.093713716 0.10008867 0.13323134
0.10547842 0.10915427 0.15889415
0.10390201 0.11452682 0.16976467
0.111745164 0.12102042 0.18455684
0.11409032 0.12626588 0.22019605
0.12035705 0.13678247 0.2528079
0.13761973 0.14709619 0.25762355
0.14469412 0.14567088 0.21200782
0.14703928 0.16036317 0.19900396
0.31251392 0.34108526 0.38242358
0.14465514 0.18442541 0.2533569
0.117126085 0.22368723 0.36419612
0.14999697 0.31909913 0.5090902
0.15549502 0.3176481 0.50214124
0.13115785 0.314158 0.51514506
0.18998137 0.37298152 0.5739686
0.4523091 0.27361816 0.43196076
0.30632526 0.23821448 0.34355298
0.1689142 0.2613761 0.34389806
0.20493796 0.33929515 0.5017961
0.22139299 0.36829853 0.55009407
0.18060084 0.335805 0.51479995
0.5736045 0.6745662 0.8012785
0.6638396 0.73005635 0.82927847
0.6850239 0.7442916 0.83801574
0.69836503 0.7506838 0.8389098
0.73365915 0.7859779 0.8742039
0.7375807 0.791249 0.8711765
0.7415023 0.79517055 0.875098
0.7760277 0.8171475 0.8777804
0.7721061 0.8132259 0.8738588
0.77994925 0.82106906 0.88170195
0.7838708 0.8263402 0.8786745
0.7893688 0.8235397 0.8786745
0.7932904 0.82746124 0.8825961
0.79721195 0.8313828 0.88651764
0.7893688 0.8235397 0.8786745
0.77994925 0.8197195 0.888651
0.7760277 0.8157979 0.88472944
0.764263 0.8040332 0.87296474
0.7666082 0.8146769 0.8808079
0.7767964 0.83316374 0.89649415
0.764263 0.80673236 0.85906667
0.67172176 0.7058926 0.76102746
0.68740803 0.7215789 0.7767137
0.73446685 0.7686377 0.82377255
0.7870237 0.8142456 0.8638823
0.68506294 0.7122848 0.7619215
0.7486157 0.7590392 0.7672863
0.79336846 0.76749617 0.7095608
0.7784118 0.79443485 0.81647843
0.7925217 0.8154937 0.8430353
0.82078046 0.8215558 0.840902
0.80355674 0.7805848 0.7530431
0.7941763 0.7474569 0.6730275
0.8028271 0.73661035 0.6373883
0.8059799 0.7272148 0.608698
0.5832973 0.4502897 0.27949017
0.5951011 0.43004757 0.21516083
0.58883435 0.41683188 0.1964471
0.57472456 0.39442348 0.17683926
0.570803 0.39185143 0.16596869
0.5943324 0.41538084 0.1894981
0.58022255 0.39432204 0.16294116
0.58022255 0.39432204 0.16294116
0.58022255 0.3956716 0.15599221
0.5778774 0.38502792 0.14814907
0.6014068 0.40990686 0.16472945
0.5974852 0.4059853 0.16080788
0.5998304 0.41662896 0.16865101
0.60217553 0.42592305 0.18344319
0.6131325 0.45367846 0.2525882
0.62251306 0.49085495 0.31175685
0.63662285 0.51056427 0.34526283
0.644466 0.51705784 0.36005497
0.6915248 0.56276715 0.41406274
0.6954464 0.5666887 0.4179843
0.67583853 0.5470809 0.39837646
0.6405444 0.51313627 0.3561334
0.65857583 0.5381167 0.38661176
0.6742621 0.55380297 0.40229803
0.6899484 0.56948924 0.4179843
0.69386995 0.5734108 0.42190588
0.69386995 0.57206124 0.42885488
0.68210524 0.56029654 0.41709018
0.67034054 0.54853183 0.40532547
0.67034054 0.5498814 0.39837646
0.68210524 0.5616461 0.41014117
0.6562307 0.52747303 0.37876862
0.6679954 0.54058725 0.38358438
0.68368167 0.5562735 0.39927065
0.68368167 0.5562735 0.39927065
0.6915248 0.56411666 0.4071138
0.6679954 0.54058725 0.38358438
0.67191696 0.5445088 0.38750595
0.68760324 0.5588456 0.41014117
0.6742621 0.55380297 0.40229803
0.6860268 0.5655677 0.41406274
0.69386995 0.5734108 0.42190588
0.69386995 0.57206124 0.42885488
0.69386995 0.57206124 0.42885488
0.69621515 0.5827049 0.43669802
0.68210524 0.56029654 0.41709018
0.6781837 0.55772454 0.4062196
0.67268574 0.56052506 0.4062196
0.67034054 0.5498814 0.39837646
0.67660725 0.56309706 0.41709018
0.688372 0.57486176 0.42885488
0.67660725 0.56309706 0.41709018
0.6648426 0.55133235 0.40532547
0.67660725 0.56309706 0.41709018
0.6844504 0.57228976 0.4179843
0.70013666 0.58797604 0.43367058
0.688372 0.57621133 0.42190588
0.6844504 0.5709402 0.4249333
0.6844504 0.5695906 0.4318824
0.6781837 0.5550254 0.4201177
0.66641897 0.54461026 0.4014039
0.6468111 0.5250024 0.38179606
0.64288956 0.52108085 0.3778745
0.6562307 0.52612346 0.38571763
0.6640738 0.53531617 0.38661176
0.67583853 0.5470809 0.39837646
0.6797601 0.55100244 0.40229803
0.68760324 0.5588456 0.41014117
0.6742621 0.55380297 0.40229803
0.67034054 0.5498814 0.39837646
0.68210524 0.56029654 0.41709018
0.67660725 0.5644466 0.41014117
0.6781837 0.55772454 0.4062196
0.6742621 0.55380297 0.40229803
0.66641897 0.54595983 0.3944549
0.6624974 0.54203826 0.39053333
0.66641897 0.54595983 0.3944549
0.6648426 0.5526819 0.39837646
0.660921 0.54876035 0.3944549
0.660921 0.54876035 0.3944549
0.6624974 0.5433878 0.38358438
0.6468111 0.5277015 0.3678981
0.20044291 0.15257534 0.13343528
0.20436448 0.15649691 0.13735685
0.21770565 0.16153948 0.14519998
0.22162722 0.1668106 0.14217252
0.22554879 0.17073217 0.14609408
0.22554879 0.17073217 0.14609408
0.22947036 0.17465374 0.15001565
0.22947036 0.17330419 0.15696469
0.22162722 0.1668106 0.14217252
0.20828605 0.16041848 0.14127842
0.20044291 0.15257534 0.13343528
0.19259977 0.1447322 0.12559214
0.1886782 0.13946109 0.12861964
0.20909384 0.1376801 0.11864311
0.23500738 0.13174906 0.115615726
0.24050535 0.13029808 0.1086667
0.2200898 0.13207905 0.11864311
0.14630963 0.11099053 0.11114507
0.098443076 0.082621396 0.10756866
0.096866675 0.08934349 0.11149023
0.095290266 0.09471605 0.12236075
0.093713716 0.09873911 0.14018042
0.10155685 0.1052327 0.15497258
0.10782358 0.117098846 0.18063526
0.11409032 0.12761542 0.21324709
0.12820019 0.14597514 0.25370198
0.1399649 0.15773985 0.2654667
0.15880398 0.1613315 0.26636076
0.20513315 0.16036722 0.2186118
0.12508628 0.13011166 0.17155299
0.16114914 0.18142198 0.22556081
0.14780803 0.17233074 0.23856467
0.18852206 0.27423623 0.39825094
0.16264747 0.2414127 0.35992938
0.17518094 0.26784408 0.3973569
0.18460049 0.27031466 0.39432937
0.18702371 0.21424553 0.26388234
0.5842222 0.2640534 0.3760235
0.5991397 0.2637235 0.37299606
0.62547064 0.6360955 0.6913333
0.2402712 0.34528148 0.44709802
0.23865569 0.38401046 0.5271136
0.22135392 0.40705314 0.5914431
0.42293036 0.60303015 0.7736235
0.6332357 0.71470004 0.8166196
0.6481533 0.7143701 0.8135922
0.6614945 0.7207622 0.8144863
0.7297376 0.78205633 0.87028235
0.73365915 0.7873274 0.86725485
0.7415023 0.79517055 0.875098
0.77994925 0.82106906 0.88170195
0.76818454 0.80930436 0.86993724
0.77994925 0.82106906 0.88170195
0.7838708 0.82499063 0.8856235
0.78229445 0.8317127 0.8895451
0.77994925 0.82106906 0.88170195
0.80347866 0.8445985 0.90523136
0.7893688 0.8221901 0.8856235
0.7760277 0.8157979 0.88472944
0.7760277 0.8157979 0.88472944
0.7760277 0.8157979 0.88472944
0.7721061 0.81187636 0.8808079
0.77052975 0.81859845 0.88472944
0.7305453 0.77011436 0.7920549
0.7799882 0.7944605 0.77781177
0.7634943 0.7920657 0.83340394
0.7007492 0.7279711 0.7776078
0.70859236 0.7358142 0.78545094
0.7517296 0.77895147 0.82858825
0.7940981 0.8101211 0.8321647
0.73931324 0.6713445 0.4864393
0.7377759 0.6474093 0.4073177
0.78714085 0.7290214 0.5800079
0.75726664 0.74684316 0.7385961
0.751 0.73497695 0.71293336
0.8177057 0.7709863 0.6965569
0.7973291 0.7380613 0.64433724
0.800482 0.72866577 0.6156471
0.6797601 0.55235195 0.3953491
0.57941484 0.4143613 0.19947456
0.58883435 0.41683188 0.1964471
0.5849128 0.41425985 0.18557653
0.6060971 0.42714554 0.2012628
0.58648926 0.4075377 0.18165496
0.58022255 0.39432204 0.16294116
0.576301 0.39040047 0.15901959
0.5880657 0.40351474 0.16383535
0.5817989 0.38894948 0.15207064
0.5935637 0.40206373 0.15688631
0.6014068 0.40990686 0.16472945
0.5880657 0.40486425 0.15688631
0.60686576 0.4431618 0.21997651
0.6413521 0.49579614 0.30570203
0.6813366 0.54832894 0.3775294
0.67191696 0.5458584 0.38055694
0.66015226 0.5327441 0.37574124
0.6679954 0.54058725 0.38358438
0.6640738 0.5366657 0.3796628
0.6679954 0.54058725 0.38358438
0.6797601 0.55235195 0.3953491
0.6781837 0.55907404 0.39927065
0.66641897 0.54595983 0.3944549
0.65857583 0.5381167 0.38661176
0.6742621 0.55380297 0.40229803
0.6860268 0.5642181 0.42101175
0.69386995 0.57206124 0.42885488
0.69386995 0.5734108 0.42190588
0.6977915 0.5773324 0.42582744
0.6781837 0.55772454 0.4062196
0.68210524 0.5616461 0.41014117
0.6797601 0.55235195 0.3953491
0.66015226 0.5327441 0.37574124
0.6562307 0.52882254 0.37181967
0.66015226 0.5327441 0.37574124
0.67191696 0.5445088 0.38750595
0.67583853 0.5484304 0.39142752
0.67191696 0.5445088 0.38750595
0.67191696 0.5431593 0.3944549
0.6781837 0.55772454 0.4062196
0.6977915 0.5759828 0.43277645
0.68210524 0.56029654 0.41709018
0.6860268 0.5655677 0.41406274
0.6899484 0.56948924 0.4179843
0.69386995 0.5734108 0.42190588
0.69386995 0.5734108 0.42190588
0.6781837 0.55772454 0.4062196
0.65465426 0.5341951 0.3826902
0.67268574 0.5591755 0.4131686
0.67268574 0.5591755 0.4131686
0.67268574 0.5591755 0.4131686
0.6922935 0.57878333 0.43277645
0.69621515 0.5827049 0.43669802
0.688372 0.57486176 0.42885488
0.6687641 0.5552539 0.40924704
0.6687641 0.5552539 0.40924704
0.6922935 0.57743376 0.43972555
0.7079798 0.59312004 0.45541182
0.7079798 0.59312004 0.45541182
0.6922935 0.57743376 0.43972555
0.69386995 0.5707117 0.43580398
0.6742621 0.5524534 0.40924704
0.6562307 0.52612346 0.38571763
0.6640738 0.53531617 0.38661176
0.6562307 0.52747303 0.37876862
0.63662285 0.5092147 0.35221183
0.6523091 0.524901 0.3678981
0.67191696 0.5431593 0.3944549
0.6781837 0.55772454 0.4062196
0.68210524 0.5616461 0.41014117
0.67034054 0.5498814 0.39837646
0.65857583 0.5381167 0.38661176
0.65465426 0.53554463 0.37574124
0.67034054 0.5498814 0.39837646
0.6742621 0.55380297 0.40229803
0.6742621 0.55380297 0.40229803
0.6742621 0.55380297 0.40229803
0.6742621 0.5551525 0.3953491
0.6687641 0.557953 0.3953491
0.66641897 0.54730934 0.38750595
0.6507327 0.53162307 0.37181967
0.20828605 0.16041848 0.14127842
0.21220762 0.1656896 0.13825095
0.22947036 0.17600328 0.1430667
0.23339193 0.17992485 0.14698827
0.23339193 0.17992485 0.14698827
0.23339193 0.17992485 0.14698827
0.2373135 0.18384641 0.15090984
0.23339193 0.17992485 0.14698827
0.22947036 0.17465374 0.15001565
0.21770565 0.16288903 0.13825095
0.20436448 0.15649691 0.13735685
0.19652134 0.14865378 0.12951371
0.18475664 0.13688907 0.117749
0.20517227 0.13375853 0.114721544
0.24285051 0.14094174 0.11650984
0.24834849 0.13814121 0.11650984
0.2200898 0.13207905 0.11864311
0.1518076 0.10819 0.11114507
0.09294511 0.08542192 0.10756866
0.096866675 0.08934349 0.11149023
0.0913687 0.09214402 0.11149023
0.1031334 0.10120964 0.13715291
0.10939999 0.11307584 0.16281572
0.110168755 0.12639296 0.19542742
0.12585503 0.13803059 0.23196076
0.13604333 0.15381828 0.26154512
0.1415413 0.15101776 0.26154512
0.15803537 0.1480143 0.23374906
0.21378408 0.14817107 0.1899216
0.19571361 0.16329482 0.19384317
0.16507071 0.18534355 0.22948238
0.15096085 0.16158566 0.2168235
0.17291385 0.19048761 0.2512235
0.15565117 0.18152344 0.2394588
0.16191782 0.19743825 0.24427448
0.4160511 0.4430717 0.4457177
0.61055315 0.64587224 0.6457177
0.61063117 0.5589163 0.61166275
0.5866064 0.23459294 0.34946665
0.53950846 0.22628874 0.3437569
0.20901576 0.19494607 0.30557644
0.24103987 0.35994816 0.47276074
0.24173048 0.44267726 0.6297646
0.34522867 0.5766705 0.7691529
0.5665301 0.68273926 0.812149
0.6975573 0.77207255 0.86849415
0.71639645 0.77566415 0.8693883
0.7297376 0.78205633 0.87028235
0.73365915 0.7873274 0.86725485
0.7391572 0.7845268 0.86725485
0.7760277 0.8157979 0.88472944
0.7721061 0.81187636 0.8808079
0.7838708 0.82499063 0.8856235
0.7650317 0.8200495 0.89167845
0.7210867 0.79695153 0.88507456
0.6936357 0.76950055 0.8576236
0.8113218 0.8524416 0.9130745
0.7877924 0.8289122 0.8895451
0.7760277 0.8157979 0.88472944
0.7760277 0.8157979 0.88472944
0.7721061 0.81187636 0.8808079
0.76818454 0.8079548 0.8768863
0.7626866 0.8107553 0.8768863
0.76895326 0.82667017 0.88170195
0.7336982 0.7634179 0.74946666
0.74634874 0.7005764 0.52386665
0.8019804 0.7913555 0.7361177
0.76507074 0.78669316 0.82253337
0.6670315 0.6873044 0.73144317
0.70232564 0.7225985 0.7667373
0.75253725 0.7602617 0.7851059
0.77845097 0.7637775 0.7334353
0.73619944 0.65143234 0.42513725
0.74092877 0.6393633 0.3716785
0.767533 0.7040153 0.58819616
0.7941763 0.7474569 0.6730275
0.8012507 0.7419829 0.6482588
0.800482 0.72866577 0.6156471
0.7511171 0.63760686 0.49159998
0.5951011 0.43004757 0.21516083
0.57706964 0.40506718 0.1846824
0.5731481 0.4011456 0.18076083
0.5927559 0.422103 0.19341967
0.58648926 0.4075377 0.18165496
0.5943324 0.4167304 0.182549
0.5841441 0.3982436 0.16686273
0.5723794 0.38782847 0.14814907
0.5739558 0.38110635 0.1442275
0.6053283 0.41382843 0.16865101
0.5974852 0.4059853 0.16080788
0.58648926 0.40888727 0.17470586
0.6209756 0.4628711 0.25348234
0.6319326 0.49332556 0.30872947
0.6538856 0.52222747 0.3431294
0.6578072 0.5247995 0.354
0.66015226 0.5340937 0.36879224
0.68368167 0.5576231 0.39232165
0.6679954 0.5419368 0.37663537
0.6640738 0.53801525 0.3727138
0.6640738 0.5366657 0.3796628
0.6562307 0.52882254 0.37181967
0.6640738 0.5366657 0.3796628
0.68760324 0.5601951 0.40319222
0.6624974 0.5433878 0.38358438
0.65857583 0.5381167 0.38661176
0.67191696 0.5431593 0.3944549
0.6640738 0.53531617 0.38661176
0.68368167 0.554924 0.4062196
0.6860268 0.5655677 0.41406274
0.68210524 0.5616461 0.41014117
0.68210524 0.5616461 0.41014117
0.67191696 0.5431593 0.3944549
0.67583853 0.5484304 0.39142752
0.68760324 0.5601951 0.40319222
0.67583853 0.5484304 0.39142752
0.66015226 0.5327441 0.37574124
0.67191696 0.5445088 0.38750595
0.68368167 0.5562735 0.39927065
0.6742621 0.55380297 0.40229803
0.67034054 0.5498814 0.39837646
0.6742621 0.55380297 0.40229803
0.6860268 0.5655677 0.41406274
0.68210524 0.5616461 0.41014117
0.6781837 0.55772454 0.4062196
0.6860268 0.5655677 0.41406274
0.6977915 0.5773324 0.42582744
0.6860268 0.5655677 0.41406274
0.6805289 0.5670186 0.42101175
0.67268574 0.5591755 0.4131686
0.6687641 0.5552539 0.40924704
0.6805289 0.5670186 0.42101175
0.67660725 0.56309706 0.41709018
0.6844504 0.5695906 0.4318824
0.688372 0.57486176 0.42885488
0.70013666 0.5852769 0.44756868
0.6844504 0.5695906 0.4318824
0.6648426 0.5499828 0.41227457
0.67660725 0.5617475 0.42403927
0.6844504 0.5695906 0.4318824
0.6922935 0.57743376 0.43972555
0.70013666 0.5852769 0.44756868
0.7095562 0.58639795 0.45149025
0.68210524 0.55894697 0.42403927
0.65465426 0.5341951 0.3826902
0.66172874 0.52602196 0.37181967
0.64838755 0.5209794 0.36397654
0.6562307 0.52747303 0.37876862
0.6640738 0.53531617 0.38661176
0.67583853 0.5470809 0.39837646
0.67191696 0.5431593 0.3944549
0.6523091 0.524901 0.3678981
0.6562307 0.52882254 0.37181967
0.67191696 0.5445088 0.38750595
0.67191696 0.5445088 0.38750595
0.66641897 0.54730934 0.38750595
0.67034054 0.5512309 0.39142752
0.6624974 0.54473734 0.37663537
0.65857583 0.5408158 0.3727138
0.6507327 0.53297263 0.36487067
0.63347006 0.5226589 0.36005497
0.23339193 0.18127438 0.14003925
0.24673304 0.18766655 0.14093336
0.24673304 0.186317 0.14788239
0.24673304 0.186317 0.14788239
0.24673304 0.186317 0.14788239
0.24673304 0.186317 0.14788239
0.24673304 0.186317 0.14788239
0.24281147 0.18104589 0.15090984
0.22554879 0.17208171 0.13914514
0.21220762 0.1656896 0.13825095
0.20044291 0.15257534 0.13343528
0.18318015 0.1436112 0.12167057
0.17533702 0.13576806 0.11382743
0.2012507 0.12983696 0.110799976
0.23500738 0.1330986 0.1086667
0.24050535 0.13029808 0.1086667
0.21616822 0.12815748 0.114721544
0.14788604 0.10426843 0.1072235
0.09294511 0.086771466 0.10061964
0.09294511 0.08542192 0.10756866
0.095290266 0.09606559 0.115411796
0.1031334 0.10255919 0.13020389
0.10155685 0.1052327 0.15497258
0.111745164 0.12236997 0.17760782
0.11801189 0.13288654 0.21021965
0.12585503 0.13938013 0.2250118
0.131353 0.13792916 0.21806279
0.17060779 0.13973978 0.20898037
0.24834849 0.1286944 0.16515292
0.28441128 0.18135431 0.21221174
0.17918058 0.20505285 0.2629882
0.17845093 0.150282 0.20292553
0.23023897 0.17852408 0.23127055
0.1847176 0.16754636 0.20079213
0.457651 0.455526 0.4444784
0.59801966 0.6167418 0.62218827
0.20663156 0.23250383 0.2904392
0.20432544 0.1763578 0.27599218
0.42728138 0.18469985 0.3018588
0.5983711 0.24635765 0.36123136
0.46099907 0.22536649 0.34802356
0.20582382 0.24714488 0.35476866
0.2723343 0.46073264 0.62852544
0.29424828 0.5256901 0.71817243
0.34603643 0.5552817 0.7395686
0.64342403 0.7318373 0.83925486
0.6952121 0.76277846 0.853702
0.71639645 0.7770137 0.8624392
0.73365915 0.7873274 0.86725485
0.73523563 0.78060526 0.86333334
0.7666082 0.8146769 0.8808079
0.7666082 0.8146769 0.8808079
0.69836503 0.75338286 0.8250118
0.6889455 0.74956274 0.83498824
0.67952585 0.7470922 0.83801574
0.6661847 0.7420496 0.8301726
0.7383494 0.8086148 0.8829411
0.7493454 0.80436325 0.8759922
0.77994925 0.8197195 0.888651
0.76818454 0.8079548 0.8768863
0.764263 0.8040332 0.87296474
0.7760277 0.8171475 0.8777804
0.7721061 0.81187636 0.8808079
0.7603414 0.80011165 0.8690432
0.7626866 0.8121049 0.86993724
0.7659566 0.72288334 0.52957654
0.7424272 0.69935393 0.5060471
0.7400429 0.7126199 0.6159921
0.7949059 0.79413044 0.7747843
0.7391961 0.75521916 0.77726275
0.7211647 0.72888917 0.75373334
0.68352556 0.6843009 0.70364714
0.7651098 0.7546863 0.7464392
0.7431959 0.6978261 0.6150981
0.70563465 0.59867096 0.36418045
0.7777213 0.71710396 0.6316784
0.80517226 0.74590445 0.6521804
0.800482 0.72866577 0.6156471
0.7887563 0.6835447 0.5347372
0.587258 0.42220443 0.2073177
0.5809912 0.40898874 0.18860397
0.5966775 0.42467502 0.20429024
0.58648926 0.4075377 0.18165496
0.5668814 0.38927943 0.15509802
0.5943324 0.4167304 0.182549
0.5904108 0.4141584 0.17167848
0.60375196 0.41920102 0.17952162
0.59198725 0.4074363 0.16775692
0.5880657 0.40351474 0.16383535
0.5959088 0.41135788 0.17167848
0.5927559 0.42075345 0.20036867
0.62566584 0.48145938 0.28306675
0.6476189 0.5090118 0.32441574
0.6421209 0.5104628 0.3313647
0.6421209 0.50911325 0.33831373
0.6381993 0.5051917 0.33439216
0.67349344 0.5404858 0.36968628
0.6695719 0.53656423 0.3657647
0.6640738 0.53801525 0.3727138
0.68368167 0.5576231 0.39232165
0.67583853 0.5484304 0.39142752
0.66015226 0.5327441 0.37574124
0.6640738 0.5366657 0.3796628
0.6640738 0.5366657 0.3796628
0.68760324 0.5601951 0.40319222
0.6915248 0.56411666 0.4071138
0.6562307 0.52882254 0.37181967
0.6562307 0.52747303 0.37876862
0.66015226 0.5327441 0.37574124
0.65465426 0.5341951 0.3826902
0.6781837 0.55772454 0.4062196
0.6915248 0.56411666 0.4071138
0.68368167 0.5562735 0.39927065
0.6797601 0.55235195 0.3953491
0.6640738 0.5366657 0.3796628
0.6679954 0.54058725 0.38358438
0.6797601 0.55235195 0.3953491
0.68760324 0.5601951 0.40319222
0.68760324 0.5588456 0.41014117
0.6899484 0.56948924 0.4179843
0.6860268 0.5655677 0.41406274
0.67034054 0.5498814 0.39837646
0.6523091 0.52355146 0.37484705
0.6640738 0.5366657 0.3796628
0.67191696 0.5445088 0.38750595
0.6679954 0.54058725 0.38358438
0.6742621 0.55380297 0.40229803
0.6899484 0.5681397 0.4249333
0.67660725 0.56309706 0.41709018
0.6805289 0.5670186 0.42101175
0.67268574 0.5591755 0.4131686
0.6648426 0.55133235 0.40532547
0.688372 0.57486176 0.42885488
0.69621515 0.5827049 0.43669802
0.6805289 0.56566906 0.42796084
0.6844504 0.5695906 0.4318824
0.6922935 0.57743376 0.43972555
0.7040583 0.58784896 0.4584393
0.70013666 0.5839274 0.45451772
0.67660725 0.5617475 0.42403927
0.67660725 0.5617475 0.42403927
0.6805289 0.56566906 0.42796084
0.6922935 0.57743376 0.43972555
0.70013666 0.5852769 0.44756868
0.68210524 0.5616461 0.41014117
0.6640738 0.53531617 0.38661176
0.67034054 0.5498814 0.39837646
0.67034054 0.54853183 0.40532547
0.6640738 0.53531617 0.38661176
0.6523091 0.524901 0.3678981
0.66015226 0.5327441 0.37574124
0.6562307 0.52882254 0.37181967
0.64838755 0.5209794 0.36397654
0.6523091 0.524901 0.3678981
0.6523091 0.52625054 0.3609491
0.6562307 0.5301721 0.36487067
0.6523091 0.52625054 0.3609491
0.66015226 0.53544325 0.36184314
0.6624974 0.5460869 0.36968628
0.6507327 0.5343222 0.35792157
0.2639958 0.19798025 0.145749
0.27341533 0.20045084 0.14272153
0.28125846 0.20694444 0.15751371
0.26007423 0.19270912 0.1487765
0.25615266 0.187438 0.15180396
0.2506546 0.19023857 0.15180396
0.24673304 0.186317 0.14788239
0.23339193 0.18127438 0.14003925
0.21063113 0.17241172 0.14217252
0.19886643 0.15929747 0.13735685
0.18552531 0.15425485 0.12951371
0.17925858 0.13834007 0.12469807
0.16749388 0.12657537 0.11293337
0.19575265 0.13128798 0.117749
0.23500738 0.1330986 0.1086667
0.24050535 0.13029808 0.1086667
0.21224666 0.12558545 0.10385102
0.14788604 0.10426843 0.1072235
0.096866675 0.090693034 0.104541205
0.0913687 0.09214402 0.11149023
0.095290266 0.09606559 0.115411796
0.1031334 0.10255919 0.13020389
0.10547842 0.111853376 0.14499605
0.10390201 0.11587636 0.16281572
0.1195883 0.13156265 0.178502
0.12350987 0.1354842 0.18242356
0.131353 0.14332734 0.1902667
0.18002734 0.14625901 0.18510586
0.31663066 0.15123388 0.17960003
0.32758766 0.18708646 0.20705101
0.20820796 0.22578172 0.28651762
0.18706276 0.17549093 0.22253338
0.32128188 0.20722719 0.25748238
0.35030928 0.2306552 0.26711372
0.57060784 0.5518857 0.54643923
0.19175294 0.19407925 0.25211763
0.2349293 0.19171412 0.28865102
0.30082723 0.2396655 0.350502
0.2772978 0.21478651 0.33392155
0.50106156 0.2044388 0.31630594
0.5850299 0.24131507 0.35338822
0.30244273 0.1928392 0.31218043
0.19951808 0.2699847 0.39130193
0.27464044 0.5060823 0.6985646
0.306013 0.53745484 0.72993714
0.45511067 0.615713 0.7615137
0.68971413 0.7642294 0.860651
0.7124749 0.77309215 0.85851765
0.725816 0.7794843 0.8594117
0.7391572 0.7845268 0.86725485
0.764263 0.8026837 0.87991375
0.7156278 0.762347 0.8367765
0.65365136 0.71561813 0.7927451
0.64188665 0.7025039 0.7879294
0.67718077 0.73779804 0.82322353
0.70305526 0.77197117 0.8545961
0.6661847 0.7407 0.8371216
0.7108984 0.7798143 0.8624392
0.74700034 0.79506904 0.86120003
0.76818454 0.8079548 0.8768863
0.76818454 0.8079548 0.8768863
0.76818454 0.8079548 0.8768863
0.7721061 0.8132259 0.8738588
0.764263 0.8053828 0.8660157
0.75641984 0.79753965 0.85817254
0.70155686 0.7187282 0.6854824
0.73535275 0.7007793 0.5516628
0.7431177 0.75914073 0.7811843
0.7658785 0.7707025 0.76515293
0.73139215 0.7180682 0.67942744
0.7902157 0.7755422 0.7452
0.72274125 0.72621566 0.7289647
0.7102078 0.69843477 0.69848627
0.6976744 0.6733529 0.65410984
0.7604585 0.7040912 0.6407608
0.76830167 0.7146334 0.6347059
0.80909383 0.7484765 0.66305095
0.800482 0.7273162 0.62259614
0.8146308 0.7150187 0.5800079
0.5637286 0.39867502 0.18378828
0.570803 0.39050192 0.1729177
0.5786461 0.39834505 0.18076083
0.5943324 0.41538084 0.1894981
0.59825397 0.42065197 0.18647057
0.59825397 0.42065197 0.18647057
0.58648926 0.41023684 0.16775692
0.5998304 0.41527945 0.17560005
0.60375196 0.41920102 0.17952162
0.6060971 0.42984462 0.18736476
0.6100187 0.43241668 0.19823527
0.5997913 0.44998538 0.23779607
0.63977575 0.50251824 0.3096236
0.64996403 0.51830596 0.33920783
0.6538856 0.52087796 0.35007843
0.6656503 0.53264266 0.36184314
0.6303562 0.49734858 0.32654902
0.6593836 0.51807743 0.35007843
0.64996403 0.5169564 0.34615687
0.66722673 0.52592057 0.35792157
0.6578072 0.5247995 0.354
0.66172874 0.5287211 0.35792157
0.677415 0.54440737 0.37360784
0.6891797 0.5548225 0.39232165
0.6695719 0.5338651 0.3796628
0.6679954 0.54058725 0.38358438
0.66015226 0.5327441 0.37574124
0.6797601 0.55235195 0.3953491
0.69936794 0.5719598 0.41495693
0.68760324 0.5601951 0.40319222
0.6640738 0.5366657 0.3796628
0.6679954 0.54058725 0.38358438
0.66015226 0.5327441 0.37574124
0.6679954 0.54058725 0.38358438
0.6915248 0.56411666 0.4071138
0.68760324 0.5601951 0.40319222
0.68368167 0.5562735 0.39927065
0.67191696 0.5445088 0.38750595
0.6562307 0.52882254 0.37181967
0.6640738 0.53531617 0.38661176
0.67583853 0.5470809 0.39837646
0.6781837 0.55772454 0.4062196
0.68368167 0.554924 0.4062196
0.67191696 0.5445088 0.38750595
0.66015226 0.5327441 0.37574124
0.6562307 0.52882254 0.37181967
0.6562307 0.52882254 0.37181967
0.6797601 0.55235195 0.3953491
0.6742621 0.55380297 0.40229803
0.6648426 0.55133235 0.40532547
0.6805289 0.5683682 0.41406274
0.6781837 0.55637497 0.4131686
0.6805289 0.5670186 0.42101175
0.6805289 0.5670186 0.42101175
0.65307784 0.53956765 0.39356077
0.6687641 0.55390435 0.41619614
0.688372 0.5735122 0.43580398
0.69463867 0.586728 0.45451772
0.69463867 0.586728 0.45451772
0.6907171 0.5828064 0.45059615
0.69463867 0.5853784 0.46146673
0.7064034 0.5984927 0.46628243
0.7024818 0.5945711 0.46236086
0.68679553 0.57888484 0.4466746
0.67660725 0.5617475 0.42403927
0.67034054 0.54853183 0.40532547
0.68210524 0.56029654 0.41709018
0.6899484 0.5681397 0.4249333
0.6860268 0.5642181 0.42101175
0.6624974 0.5406887 0.39748234
0.6679954 0.53923774 0.39053333
0.6523091 0.524901 0.3678981
0.6287797 0.50137156 0.3443687
0.6421209 0.5077637 0.34526283
0.644466 0.5184074 0.35310596
0.6578072 0.52344996 0.3609491
0.6405444 0.5158354 0.3422353
0.644466 0.519757 0.34615687
0.6327013 0.50799227 0.33439216
0.6405444 0.5158354 0.3422353
0.64288956 0.52647907 0.35007843
0.28125846 0.20829397 0.15056467
0.28518003 0.21356508 0.14753729
0.28518003 0.21221554 0.15448624
0.2639958 0.19798025 0.145749
0.25615266 0.18878755 0.14485493
0.24673304 0.186317 0.14788239
0.2373135 0.18519595 0.14396082
0.22005075 0.17353274 0.14609408
0.20121159 0.16994113 0.14519998
0.18944688 0.15682688 0.14038435
0.1721842 0.1478627 0.12861964
0.16983904 0.13721904 0.120776504
0.17141545 0.13049693 0.116854936
0.19967422 0.13520955 0.12167057
0.23500738 0.13174906 0.115615726
0.24050535 0.13029808 0.1086667
0.21067025 0.130958 0.114721544
0.13846649 0.103147395 0.103301935
0.09294511 0.086771466 0.10061964
0.095290266 0.09606559 0.115411796
0.095290266 0.09606559 0.115411796
0.1031334 0.10255919 0.13020389
0.10155685 0.10928135 0.13412546
0.10782358 0.12249704 0.15283918
0.1195883 0.13426174 0.16460389
0.12193346 0.1449054 0.17244703
0.1297766 0.15274854 0.18029016
0.16903132 0.15320963 0.1781569
0.2632661 0.12971395 0.1551765
0.33935237 0.19750163 0.22576474
0.24511759 0.21694866 0.2695922
0.17841183 0.18903664 0.24427448
0.17606667 0.1797425 0.22948238
0.24900007 0.2569258 0.32876077
0.15722758 0.17075267 0.25638434
0.2365057 0.18769112 0.27083135
0.3024037 0.23564248 0.33268234
0.23177642 0.20380878 0.30344316
0.22866257 0.17579934 0.28383532
0.32677984 0.19228072 0.32002357
0.56776714 0.23235093 0.3416235
0.5606928 0.24187355 0.34554508
0.21762751 0.22015503 0.3251843
0.19786358 0.35016733 0.4987686
0.32169926 0.5531411 0.74562347
0.36249137 0.5869842 0.7739686
0.6285065 0.73216724 0.84228235
0.70305526 0.7706216 0.86154515
0.725816 0.7794843 0.8594117
0.74073356 0.7791543 0.85638434
0.6403492 0.67182094 0.743553
0.68267876 0.736347 0.8162745
0.6889455 0.75091225 0.82803917
0.7007102 0.76267695 0.83980393
0.71012974 0.763798 0.84372544
0.7022866 0.75730443 0.82893336
0.67402786 0.7498927 0.83801574
0.7226631 0.79022944 0.881153
0.72189444 0.7755627 0.8554902
0.7415023 0.79517055 0.875098
0.76818454 0.8079548 0.8768863
0.764263 0.8040332 0.87296474
0.7815257 0.81434697 0.8777804
0.77368253 0.80650383 0.86993724
0.75799626 0.79081756 0.85425097
0.7485767 0.7910461 0.8433804
0.60428643 0.631307 0.633953
0.72270215 0.7582226 0.80505884
0.7007492 0.7279711 0.7776078
0.731353 0.7460265 0.7763686
0.74315685 0.7298329 0.69119215
0.7589211 0.69095236 0.5060471
0.78710175 0.7556301 0.68389803
0.7149371 0.68366665 0.6589255
0.7024037 0.6585848 0.61454904
0.7800664 0.72504854 0.6534197
0.80909383 0.74712694 0.6700001
0.8083251 0.73515934 0.6304393
0.8091328 0.71646965 0.5869569
0.5715717 0.40516862 0.19858038
0.5825677 0.40226662 0.1846824
0.570803 0.39050192 0.1729177
0.56295985 0.3840083 0.15812555
0.5841441 0.3982436 0.16686273
0.59825397 0.42065197 0.18647057
0.59825397 0.42200154 0.17952162
0.6060971 0.42984462 0.18736476
0.5904108 0.4141584 0.17167848
0.5943324 0.41807997 0.17560005
0.62255204 0.45884806 0.23566279
0.633509 0.48930252 0.2909099
0.6381993 0.5065412 0.32744312
0.6562307 0.52882254 0.37181967
0.67583853 0.5484304 0.39142752
0.6640738 0.53801525 0.3727138
0.6381993 0.5038421 0.34134126
0.66172874 0.5287211 0.35792157
0.6711483 0.52984214 0.36184314
0.65154046 0.5102343 0.3422353
0.655462 0.51415586 0.34615687
0.62801105 0.48670492 0.3187059
0.6358542 0.49454805 0.32654902
0.6538856 0.52087796 0.35007843
0.6711483 0.52849257 0.36879224
0.67349344 0.53913623 0.37663537
0.677415 0.54170823 0.38750595
0.6640738 0.53801525 0.3727138
0.64838755 0.522329 0.35702753
0.6640738 0.5366657 0.3796628
0.6954464 0.5680382 0.41103536
0.6954464 0.5680382 0.41103536
0.6578072 0.5221004 0.3678981
0.64604247 0.51168525 0.3491844
0.6578072 0.52344996 0.3609491
0.6656503 0.5312931 0.36879224
0.68525815 0.54955137 0.3953491
0.68368167 0.5576231 0.39232165
0.67583853 0.5484304 0.39142752
0.68760324 0.5601951 0.40319222
0.68368167 0.5562735 0.39927065
0.6679954 0.54058725 0.38358438
0.6679954 0.54058725 0.38358438
0.6640738 0.5366657 0.3796628
0.6640738 0.5366657 0.3796628
0.6679954 0.54058725 0.38358438
0.6797601 0.55235195 0.3953491
0.66015226 0.5327441 0.37574124
0.6405444 0.51313627 0.3561334
0.6624974 0.54203826 0.39053333
0.6860268 0.5655677 0.41406274
0.6781837 0.55637497 0.4131686
0.6742621 0.5524534 0.40924704
0.6781837 0.55637497 0.4131686
0.6781837 0.55637497 0.4131686
0.67268574 0.5591755 0.4131686
0.6648426 0.5499828 0.41227457
0.67110926 0.56319857 0.4309883
0.6891406 0.58817893 0.46146673
0.71893674 0.62492406 0.5037098
0.71893674 0.62627363 0.49676085
0.70717204 0.61450887 0.48499614
0.6930622 0.5921005 0.4653883
0.7064034 0.5984927 0.46628243
0.70013666 0.5852769 0.44756868
0.67660725 0.5617475 0.42403927
0.660921 0.5460612 0.408353
0.6648426 0.5499828 0.41227457
0.6781837 0.5550254 0.4201177
0.6781837 0.55637497 0.4131686
0.6781837 0.55637497 0.4131686
0.6742621 0.55380297 0.40229803
0.6640738 0.5366657 0.3796628
0.6562307 0.52882254 0.37181967
0.64838755 0.5209794 0.36397654
0.63662285 0.51056427 0.34526283
0.6264346 0.493427 0.32262745
0.62251306 0.48950544 0.3187059
0.6381993 0.5051917 0.33439216
0.6303562 0.49734858 0.32654902
0.6303562 0.49734858 0.32654902
0.2773369 0.2043724 0.1466431
0.28125846 0.20964351 0.14361572
0.28125846 0.20829397 0.15056467
0.26007423 0.19270912 0.1487765
0.24673304 0.186317 0.14788239
0.22789389 0.18272541 0.14698827
0.21063113 0.17241172 0.14217252
0.20670956 0.1671406 0.14519998
0.18787047 0.16354898 0.14430591
0.18002734 0.15435629 0.1434118
0.1721842 0.14651315 0.13556866
0.16983904 0.13721904 0.120776504
0.16591747 0.13329747 0.116854936
0.19575265 0.13128798 0.117749
0.23343089 0.1384712 0.119537294
0.23658378 0.12637651 0.104745135
0.21067025 0.12960845 0.12167057
0.14238806 0.10571941 0.11417252
0.096866675 0.08934349 0.11149023
0.0913687 0.09214402 0.11149023
0.093713716 0.10143822 0.12628232
0.10155685 0.10928135 0.13412546
0.10547842 0.11320292 0.13804702
0.111745164 0.12641862 0.15676075
0.10859235 0.1398628 0.16460389
0.12035705 0.15162751 0.1763686
0.12427862 0.15554908 0.18029016
0.14311771 0.15779115 0.1881333
0.21382305 0.10941653 0.14857252
0.3495406 0.21598847 0.24145103
0.2882939 0.22537997 0.2505333
0.21609014 0.19756937 0.23911369
0.45138425 0.43286347 0.47440782
0.55019224 0.54421985 0.6050588
0.48898453 0.5094586 0.6005882
0.24277243 0.20225637 0.28259605
0.22943132 0.19721375 0.27475291
0.25376838 0.1939562 0.29649416
0.30082723 0.2396655 0.350502
0.2286236 0.21590345 0.31823528
0.2757605 0.18545309 0.28259605
0.587375 0.2519588 0.36123136
0.49475574 0.2299777 0.33894122
0.1595337 0.2161023 0.3264235
0.25115007 0.44649732 0.6197883
0.29582468 0.52031755 0.7073019
0.3625304 0.5509287 0.71872157
0.6701063 0.74327207 0.8479921
0.72189444 0.7742132 0.8624392
0.7266237 0.75674593 0.8367765
0.60897666 0.6390989 0.71912944
0.6905219 0.7455397 0.81716865
0.8340435 0.8960103 0.97313726
0.5901376 0.6368568 0.7112863
0.6348512 0.67462146 0.743553
0.6387728 0.67854303 0.74747455
0.65599644 0.7235628 0.8144863
0.7265847 0.794151 0.88507456
0.7226631 0.79022944 0.881153
0.6175494 0.69901377 0.8009333
0.6936357 0.768151 0.8645726
0.71954936 0.76626855 0.84069806
0.7721061 0.8132259 0.8738588
0.7776041 0.8104254 0.8738588
0.76976097 0.80393183 0.85906667
0.7501531 0.784324 0.8394588
0.6991337 0.7693991 0.84372544
0.7085533 0.7705201 0.8476471
0.79721195 0.8327324 0.8795686
0.76507074 0.7853436 0.8294824
0.6976353 0.70535976 0.7302039
0.7667253 0.7240546 0.6247294
0.74800324 0.6433361 0.29826674
0.7762229 0.676007 0.40002358
0.7910624 0.72484565 0.6256236
0.78398794 0.7303197 0.6503922
0.8130154 0.7510485 0.6739216
0.8067487 0.7405319 0.64130986
0.81697595 0.7243128 0.59480006
0.5519638 0.38556078 0.17897254
0.56295985 0.38265878 0.16507456
0.58648926 0.4061882 0.18860397
0.576301 0.3890509 0.16596869
0.58022255 0.39297247 0.16989025
0.56845784 0.38120776 0.15812555
0.58022255 0.39297247 0.16989025
0.60375196 0.41920102 0.17952162
0.61394024 0.43768775 0.1952079
0.6202069 0.44955397 0.22087064
0.6233207 0.4735148 0.26132548
0.6201679 0.48156086 0.29696476
0.6562307 0.5301721 0.36487067
0.6797601 0.55235195 0.3953491
0.68368167 0.5562735 0.39927065
0.6954464 0.5680382 0.41103536
0.6679954 0.5419368 0.37663537
0.6679954 0.5419368 0.37663537
0.6538856 0.5195284 0.35702753
0.6593836 0.51807743 0.35007843
0.67506987 0.5337637 0.3657647
0.6436973 0.50239116 0.33439216
0.63977575 0.49846962 0.3304706
0.65154046 0.5102343 0.3422353
0.6476189 0.5063127 0.33831373
0.65154046 0.5088847 0.3491844
0.6656503 0.5312931 0.36879224
0.677415 0.5430578 0.38055694
0.677415 0.5430578 0.38055694
0.64838755 0.522329 0.35702753
0.6562307 0.52882254 0.37181967
0.6679954 0.54058725 0.38358438
0.6813366 0.5456298 0.39142752
0.6891797 0.5548225 0.39232165
0.6578072 0.52344996 0.3609491
0.64604247 0.51168525 0.3491844
0.6538856 0.5195284 0.35702753
0.64604247 0.51168525 0.3491844
0.644466 0.51705784 0.36005497
0.67583853 0.5484304 0.39142752
0.68760324 0.5601951 0.40319222
0.67583853 0.5484304 0.39142752
0.67583853 0.5484304 0.39142752
0.67191696 0.5445088 0.38750595
0.64838755 0.5209794 0.36397654
0.6562307 0.52882254 0.37181967
0.66015226 0.5327441 0.37574124
0.6523091 0.524901 0.3678981
0.6679954 0.54058725 0.38358438
0.6507327 0.53162307 0.37181967
0.65465426 0.5341951 0.3826902
0.65465426 0.53284556 0.3896392
0.68210524 0.56029654 0.41709018
0.6742621 0.5524534 0.40924704
0.67268574 0.5591755 0.4131686
0.6805289 0.56566906 0.42796084
0.6907171 0.5828064 0.45059615
0.70325047 0.61058736 0.48107457
0.7095172 0.6238031 0.49978822
0.7055956 0.6198815 0.49586666
0.70717204 0.6131594 0.4919451
0.70717204 0.6131594 0.4919451
0.7267799 0.63411677 0.504604
0.72051316 0.6195515 0.49283928
0.69463867 0.586728 0.45451772
0.67268574 0.5578259 0.4201177
0.6687641 0.55390435 0.41619614
0.67660725 0.5617475 0.42403927
0.67660725 0.5617475 0.42403927
0.66641897 0.5432607 0.408353
0.65857583 0.5367671 0.39356077
0.65857583 0.5381167 0.38661176
0.66015226 0.5327441 0.37574124
0.67191696 0.5445088 0.38750595
0.67583853 0.5484304 0.39142752
0.6640738 0.5366657 0.3796628
0.6405444 0.51448584 0.3491844
0.63662285 0.51056427 0.34526283
0.63662285 0.51056427 0.34526283
0.63427776 0.5012701 0.3304706
0.6264346 0.493427 0.32262745
0.2522311 0.18621555 0.1339843
0.26949376 0.19517973 0.145749
0.26791736 0.20190182 0.14967057
0.24673304 0.186317 0.14788239
0.2373135 0.18519595 0.14396082
0.21847427 0.1816044 0.1430667
0.20513315 0.1738627 0.14912155
0.19571361 0.17139211 0.15214905
0.19179204 0.16747054 0.14822748
0.17845093 0.16107838 0.14733337
0.17060779 0.15323524 0.13949023
0.16668622 0.14931367 0.13556866
0.17925858 0.13699052 0.1316471
0.19967422 0.13520955 0.12167057
0.23343089 0.1384712 0.119537294
0.24285051 0.14094174 0.11650984
0.21067025 0.12960845 0.12167057
0.13689008 0.10717039 0.12112154
0.10078824 0.09326506 0.115411796
0.095290266 0.09606559 0.115411796
0.10155685 0.10928135 0.13412546
0.10155685 0.10928135 0.13412546
0.10390201 0.11857547 0.14891762
0.110168755 0.13314071 0.16068232
0.10701586 0.14523537 0.17547455
0.114859 0.15307851 0.18331769
0.11720416 0.16372217 0.19116083
0.13054527 0.16741523 0.20595297
0.18863916 0.15797246 0.2742039
0.30394113 0.2622767 0.39790592
0.28360364 0.2067917 0.220949
0.24358016 0.18896486 0.21131761
0.50709397 0.46502712 0.50667447
0.48433328 0.4575139 0.5018588
0.61212957 0.6256547 0.7112863
0.19098432 0.17536387 0.24730194
0.22866257 0.18119755 0.2560392
0.2812194 0.2241063 0.31004703
0.20978437 0.21501097 0.30344316
0.17525901 0.19708261 0.27991375
0.17683542 0.19036052 0.27599218
0.40213645 0.20934625 0.30970195
0.581877 0.2547593 0.36123136
0.32205057 0.21649571 0.31094116
0.1508438 0.267053 0.3964627
0.28248358 0.51527494 0.6994588
0.30758938 0.5334318 0.71211755
0.5681065 0.67736673 0.8012785
0.7140513 0.76637006 0.8545961
0.57133746 0.5931611 0.6759922
0.6270081 0.6654288 0.74265885
0.6858316 0.72560185 0.7945334
0.6858316 0.72560185 0.7945334
0.6795649 0.7123862 0.7758196
0.58860016 0.60617393 0.6669098
0.60036486 0.61658907 0.6856235
0.61993366 0.6722524 0.76047844
0.73992586 0.8005431 0.8859686
0.7265847 0.794151 0.88507456
0.5571495 0.64826185 0.7390824
0.3296985 0.42081088 0.5116314
0.4520749 0.5223403 0.5966667
0.7956355 0.83675534 0.8973882
0.7893688 0.8235397 0.8786745
0.7776041 0.81177497 0.8669098
0.7619178 0.7960887 0.8512235
0.7297376 0.7847554 0.85638434
0.6810633 0.7791246 0.8754431
0.7767964 0.8318142 0.90344316
0.73761976 0.7565431 0.80898035
0.7329294 0.7406539 0.76549804
0.77456844 0.7332473 0.6256236
0.77468544 0.6588195 0.28615692
0.7503874 0.62062347 0.23696473
0.73862267 0.6061596 0.2390981
0.77537614 0.7064603 0.62383527
0.8130154 0.7510485 0.6739216
0.8122467 0.7390809 0.63436085
0.8208975 0.7282344 0.5987216
0.5974462 0.4379922 0.23690194
0.5786461 0.39969456 0.17381182
0.570803 0.39050192 0.1729177
0.5606147 0.37336463 0.15028241
0.576301 0.3890509 0.16596869
0.56845784 0.38120776 0.15812555
0.5723794 0.38512933 0.16204712
0.5723794 0.3864789 0.15509802
0.5904108 0.41280884 0.17862743
0.6186305 0.45357698 0.23869024
0.63116384 0.48000842 0.27611765
0.64604247 0.5143843 0.33528626
0.66015226 0.5340937 0.36879224
0.644466 0.5184074 0.35310596
0.6679954 0.5419368 0.37663537
0.67583853 0.54977995 0.3844785
0.6679954 0.5419368 0.37663537
0.69702286 0.56266564 0.40016478
0.6813366 0.54697937 0.3844785
0.6656503 0.5312931 0.36879224
0.6476189 0.5063127 0.33831373
0.6436973 0.50239116 0.33439216
0.66722673 0.52592057 0.35792157
0.66330516 0.521999 0.354
0.6358542 0.49454805 0.32654902
0.6593836 0.51807743 0.35007843
0.6436973 0.50239116 0.33439216
0.6358542 0.49319848 0.33349812
0.64604247 0.51168525 0.3491844
0.64996403 0.5169564 0.34615687
0.67349344 0.53913623 0.37663537
0.677415 0.5430578 0.38055694
0.66172874 0.5273715 0.36487067
0.6695719 0.53521466 0.3727138
0.6578072 0.52344996 0.3609491
0.677415 0.5430578 0.38055694
0.67191696 0.5445088 0.38750595
0.64838755 0.5209794 0.36397654
0.66172874 0.52602196 0.37181967
0.6405444 0.51313627 0.3561334
0.6381993 0.50249255 0.34829026
0.6640738 0.5366657 0.3796628
0.67583853 0.5484304 0.39142752
0.6915248 0.56411666 0.4071138
0.68368167 0.5562735 0.39927065
0.6679954 0.54058725 0.38358438
0.6640738 0.5366657 0.3796628
0.66015226 0.5327441 0.37574124
0.6640738 0.5366657 0.3796628
0.6562307 0.52882254 0.37181967
0.65857583 0.5381167 0.38661176
0.6624974 0.54203826 0.39053333
0.6468111 0.526352 0.37484705
0.6507327 0.53027356 0.37876862
0.6742621 0.5524534 0.40924704
0.6922935 0.57608426 0.4466746
0.70874846 0.6077868 0.48107457
0.7408897 0.6551756 0.5311608
0.7549995 0.6762344 0.5577176
0.7549995 0.6762344 0.5577176
0.75342315 0.6829565 0.5616392
0.7432348 0.6644697 0.5459529
0.72520345 0.63948935 0.5154745
0.70325047 0.6092378 0.48802352
0.7048269 0.6038652 0.477153
0.71032494 0.60376376 0.46325496
0.6844504 0.5695906 0.4318824
0.6648426 0.5499828 0.41227457
0.6687641 0.55390435 0.41619614
0.6844504 0.5695906 0.4318824
0.68210524 0.56029654 0.41709018
0.66641897 0.54595983 0.3944549
0.6468111 0.526352 0.37484705
0.6523091 0.52355146 0.37484705
0.65465426 0.5341951 0.3826902
0.65857583 0.5394662 0.3796628
0.6679954 0.54058725 0.38358438
0.67191696 0.5445088 0.38750595
0.6640738 0.53801525 0.3727138
0.63662285 0.51191384 0.33831373
0.6264346 0.493427 0.32262745
